B,Lp,Obj_mass,Obj_concentration,Obj_retentate_concentration
0.0,0.5,-1.071587727557579,-0.343257568815608,0.7425058470347563
0.0,0.6408163265306123,-1.1060686403296698,-0.288357666613118,0.7154616212719563
0.0,0.7816326530612245,-1.1418979716879272,-0.24948485037376802,0.6868492738635305
0.0,0.9224489795918367,-1.1791900019963613,-0.22124119413655902,0.6565085323682981
0.0,1.063265306122449,-1.218071667972672,-0.20022595188396233,0.6242563964237491
0.0,1.2040816326530612,-1.2586855314023573,-0.18424584668415572,0.5898817522671105
0.0,1.3448979591836734,-1.3011930699022105,-0.17185086908458344,0.553138772852119
0.0,1.4857142857142858,-1.3457785224982177,-0.1620600321623132,0.5137385595607599
0.0,1.626530612244898,-1.3926535342194655,-0.15419563746141152,0.47133829772952424
0.0,1.76734693877551,-1.4420628859134554,-0.147780547298878,0.4255268930088367
0.0,1.9081632653061225,-1.4942916693279213,-0.14247296404520451,0.37580556971395906
0.0,2.0489795918367344,-1.5496743755960185,-0.13802409943999855,0.32156109680945144
0.0,2.1897959183673468,-1.6086065205706426,-0.13425016241010265,0.2620279983062479
0.0,2.330612244897959,-1.6715596355753106,-0.1310134848331807,0.19623377920468066
0.0,2.4714285714285715,-1.7391007173694717,-0.12820959782345515,0.12291710804247681
0.0,2.6122448979591835,-1.8119175258675306,-0.1257582513400624,0.040401109865688824
0.0,2.753061224489796,-1.8908513447775204,-0.12359708469336317,-0.05361141110675076
0.0,2.8938775510204082,-1.9769386017907253,-0.12167710929916406,-0.16238682705098673
0.0,3.03469387755102,-2.0714609855674597,-0.11995944432472136,-0.29079542570296674
0.0,3.1755102040816325,-2.1759970679725527,-0.11841293075360389,-0.44656944268513676
0.0,3.316326530612245,-2.2924469612518172,-0.11701236842509576,-0.6431025595847808
0.0,3.457142857142857,-2.4229345484751232,-0.11573719960779202,-0.9068176540461225
0.0,3.5979591836734692,-2.56928449844786,-0.11457051655038407,-1.3026241252374824
0.0,3.7387755102040816,-2.7311480027333004,-0.11349830580197517,-2.089432669039775
0.0,3.8795918367346935,-2.9002655742229377,-0.11250886795211863,-2.654080703736253
0.0,4.020408163265306,-3.047142900344462,-0.11159236814423357,-1.4473843770951753
0.0,4.161224489795918,-3.112242862573125,-0.11074048496423022,-0.9485722223435006
0.0,4.302040816326531,-3.0547390868454465,-0.10994613411164562,-0.624816571654903
0.0,4.442857142857143,-2.912527165099594,-0.10920324928647034,-0.3824508650062938
0.0,4.5836734693877546,-2.745974081773451,-0.1085066071903698,-0.18725935174088554
0.0,4.724489795918367,-2.5859348910815294,-0.10785168682741768,-0.022852669456073473
0.0,4.865306122448979,-2.441280165078133,-0.10723455563110777,0.1199031525498094
0.0,5.006122448979592,-2.312549929308396,-0.10665177679086393,0.24662505704947654
0.0,5.146938775510204,-2.197962481105496,-0.10610033329514772,0.3610158994617346
0.0,5.2877551020408164,-2.0953924445866283,-0.10557756541818479,0.46564719884668515
0.0,5.428571428571429,-2.002927453258874,-0.10508111892951937,0.56237852822697
0.0,5.56938775510204,-1.918976106030323,-0.10460890200852038,0.6525989735254278
0.0,5.710204081632653,-1.8422459737470613,-0.10415904919748979,0.737374301566906
0.0,5.851020408163265,-1.7716923209011162,-0.10372989111875466,0.8175407089581886
0.0,5.9918367346938775,-1.706467688133464,-0.10331992891018348,0.893766859898028
0.0,6.13265306122449,-1.6458798632300216,-0.10292781256961414,0.9665964625107518
0.0,6.273469387755102,-1.5893587480114069,-0.10255232249655476,1.0364779745930706
0.0,6.414285714285714,-1.5364307632936332,-0.10219235373967493,1.103786081580893
0.0,6.555102040816326,-1.4866991749560288,-0.10184690247922552,1.1688374353755913
0.0,6.6959183673469385,-1.4398289386275054,-0.10151505438958124,1.2319024260355884
0.0,6.836734693877551,-1.3955349597848712,-0.10119597458074457,1.2932141698910666
0.0,6.977551020408163,-1.353572928422462,-0.1008888988827394,1.3529751643768184
0.0,7.118367346938776,-1.3137321172930045,-0.10059312626632079,1.4113630253890674
0.0,7.259183673469387,-1.2758296608550024,-0.10030801223527173,1.468534421817025
0.0,7.4,-1.2397059868545464,-0.10003296302421129,1.5246286483796596
0.04081632653061224,0.5,-1.0718463531826725,-0.670869981218155,0.7486315336565762
0.04081632653061224,0.6408163265306123,-1.106384003729432,-0.561257771394659,0.7219912851311521
0.04081632653061224,0.7816326530612245,-1.1422676094951068,-0.48329989174162213,0.69380703849311
0.04081632653061224,0.9224489795918367,-1.179613080684748,-0.42606142986880885,0.663926080645035
0.04081632653061224,1.063265306122449,-1.2185487106889195,-0.3827906995364593,0.6321731616428199
0.04081632653061224,1.2040816326530612,-1.2592182506156981,-0.34923917802401494,0.5983456352547785
0.04081632653061224,1.3448979591836734,-1.3017842829058752,-0.32264758201864974,0.5622073847397084
0.04081632653061224,1.4857142857142858,-1.3464321357309155,-0.3011674820328465,0.5234810579523477
0.04081632653061224,1.626530612244898,-1.3933745893337144,-0.28352570757455836,0.4818379639029738
0.04081632653061224,1.76734693877551,-1.4428576662377874,-0.26882351121473197,0.43688469064761876
0.04081632653061224,1.9081632653061225,-1.4951678705867442,-0.2564125054785981,0.38814507539328813
0.04081632653061224,2.0489795918367344,-1.550641351017781,-0.2458157590596182,0.3350354238263589
0.04081632653061224,2.1897959183673468,-1.6096756160232015,-0.23667628314642075,0.27682970682028574
0.04081632653061224,2.330612244897959,-1.6727446378314934,-0.22872261254734458,0.2126094142780853
0.04081632653061224,2.4714285714285715,-1.740418447192547,-0.22174532291740293,0.1411892047939944
0.04081632653061224,2.6122448979591835,-1.8133886149088108,-0.2155807113092146,0.06100276155927018
0.04081632653061224,2.753061224489796,-1.892501236171738,-0.21009925622418327,-0.0300797367381797
0.04081632653061224,2.8938775510204082,-1.9787987917267897,-0.2051973339995609,-0.1350584954076771
0.04081632653061224,3.03469387755102,-2.073570418882305,-0.20079118464508822,-0.25835329954285224
0.04081632653061224,3.1755102040816325,-2.178403264489012,-0.1968124588974592,-0.4068683521720627
0.04081632653061224,3.316326530612245,-2.2952053912275616,-0.19320489139461922,-0.5922912131019189
0.04081632653061224,3.457142857142857,-2.426101521977035,-0.18992178624444267,-0.8368759621758035
0.04081632653061224,3.5979591836734692,-2.5728889292147454,-0.18692409742722574,-1.1919368285381906
0.04081632653061224,3.7387755102040816,-2.7350987914978337,-0.1841789469637109,-1.8316167966037904
0.04081632653061224,3.8795918367346935,-2.9040919959370664,-0.181658470772187,-3.64512708714009
0.04081632653061224,4.020408163265306,-3.0495358528786425,-0.17933891268816604,-1.6138288227757314
0.04081632653061224,4.161224489795918,-3.1113936568563805,-0.17719990607300617,-1.0410270442388292
0.04081632653061224,4.302040816326531,-3.0506710955576195,-0.17522390017697792,-0.6892839362157068
0.04081632653061224,4.442857142857143,-2.9070807962738097,-0.17339570051798883,-0.43219835240169535
0.04081632653061224,4.5836734693877546,-2.740458570919439,-0.17170209259830416,-0.22792757033846428
0.04081632653061224,4.724489795918367,-2.580806357435002,-0.17013153969021744,-0.05736138650704784
0.04081632653061224,4.865306122448979,-2.4366157383404,-0.16867393233941586,0.08984763251859333
0.04081632653061224,5.006122448979592,-2.308310670050615,-0.16732038158770515,0.21993915116405147
0.04081632653061224,5.146938775510204,-2.1940852909112953,-0.16606304990856402,0.336968984095684
0.04081632653061224,5.2877551020408164,-2.091817188415232,-0.16489500672318952,0.4437232338782582
0.04081632653061224,5.428571428571429,-1.999603279701285,-0.16381011194439607,0.5421998094227445
0.04081632653061224,5.56938775510204,-1.9158615633461193,-0.16280291263204658,0.6338808021923238
0.04081632653061224,5.710204081632653,-1.8393075742168628,-0.16186855960079727,0.7198968342220594
0.04081632653061224,5.851020408163265,-1.7689029561076826,-0.1610027367144976,0.8011308617964695
0.04081632653061224,5.9918367346938775,-1.7038052606604601,-0.16020159774853535,0.8782860022898189
0.04081632653061224,6.13265306122449,-1.6433262025543527,-0.1594617168469911,0.9519319875462551
0.04081632653061224,6.273469387755102,-1.5868987703852082,-0.15878004213541996,1.0225372685067566
0.04081632653061224,6.414285714285714,-1.534051826353223,-0.158153858033832,1.0904921272554047
0.04081632653061224,6.555102040816326,-1.4843905886481852,-0.15758075435394786,1.1561257841870292
0.04081632653061224,6.6959183673469385,-1.4375815829306247,-0.15705859561910412,1.2197185956602636
0.04081632653061224,6.836734693877551,-1.39334098996417,-0.15658549874388256,1.281511844563775
0.04081632653061224,6.977551020408163,-1.3514255461097002,-0.15615981210138838,1.3417148351384809
0.04081632653061224,7.118367346938776,-1.311625388374543,-0.15578009837357426,1.4005108093599354
0.04081632653061224,7.259183673469387,-1.2737583694890304,-0.15544511863763658,1.4580611784687958
0.04081632653061224,7.4,-1.2376655223968822,-0.1551538219800512,1.5145094020300263
0.08163265306122448,0.5,-1.07208737164123,-1.11536059639204,0.7542213762107244
0.08163265306122448,0.6408163265306123,-1.1066794809753846,-0.9156698599700951,0.7280030036041706
0.08163265306122448,0.7816326530612245,-1.1426155978313612,-0.7748186708111703,0.7002581076357798
0.08163265306122448,0.9224489795918367,-1.1800130728568305,-0.6734782676638077,0.6708422585649971
0.08163265306122448,1.063265306122449,-1.2190014221868042,-0.5980572992853797,0.6395883841262857
0.08163265306122448,1.2040816326530612,-1.2597254900143529,-0.5401782818244354,0.6063024731835354
0.08163265306122448,1.3448979591836734,-1.302348892630781,-0.4945969909868401,0.570758038815256
0.08163265306122448,1.4857142857142858,-1.347057992987611,-0.4579130887098239,0.5326889380098735
0.08163265306122448,1.626530612244898,-1.3940666624898572,-0.42784352845720275,0.4917799691467072
0.08163265306122448,1.76734693877551,-1.4436221271063558,-0.4028071490108519,0.4476544055360741
0.08163265306122448,1.9081632653061225,-1.4960122677257048,-0.38167895183229905,0.39985722229891163
0.08163265306122448,2.0489795918367344,-1.5515748541771301,-0.3636395048222225,0.34783211144131343
0.08163265306122448,2.1897959183673468,-1.6107093480241919,-0.3480795548788787,0.29088934600492183
0.08163265306122448,2.330612244897959,-1.6738921176276915,-0.3345378246598617,0.22815975024535853
0.08163265306122448,2.4714285714285715,-1.7416961742340826,-0.32265938694138313,0.15852688984229418
0.08163265306122448,2.6122448979591835,-1.814816834653507,-0.3121671637165852,0.080523848220414
0.08163265306122448,2.753061224489796,-1.894104925063562,-0.3028420105546442,-0.007830227055905338
0.08163265306122448,2.8938775510204082,-1.9806088769508365,-0.2945085426965851,-0.10930158456370409
0.08163265306122448,3.03469387755102,-2.07562514595023,-0.2870248809399047,-0.22792023037289819
0.08163265306122448,3.1755102040816325,-2.180749283531357,-0.2802751185323446,-0.36988894576548237
0.08163265306122448,3.316326530612245,-2.297897069202625,-0.2741637143200185,-0.5454926976735447
0.08163265306122448,3.457142857142857,-2.42919372396839,-0.26861126285044606,-0.7737129080490871
0.08163265306122448,3.5979591836734692,-2.5764085326138235,-0.26355126870808526,-1.096040567004648
0.08163265306122448,3.7387755102040816,-2.738951538880812,-0.2589276588123316,-1.6372976207014915
0.08163265306122448,3.8795918367346935,-2.9078029416919993,-0.25469284563503164,-3.577914209424901
0.08163265306122448,4.020408163265306,-3.0518019387110016,-0.25080620408260845,-1.8146629923439415
0.08163265306122448,4.161224489795918,-3.110464290529474,-0.2472328634847321,-1.142079254853124
0.08163265306122448,4.302040816326531,-3.0466386894464743,-0.24394274631622315,-0.7573536454412537
0.08163265306122448,4.442857142857143,-2.901749923642891,-0.24090978565891719,-0.48381636872425315
0.08163265306122448,4.5836734693877546,-2.7350791828617167,-0.23811129839771547,-0.26968590228144673
0.08163265306122448,4.724489795918367,-2.575808143520152,-0.2355274692292168,-0.09255121169226499
0.08163265306122448,4.865306122448979,-2.432069037866822,-0.23314092970459993,0.05934738623363653
0.08163265306122448,5.006122448979592,-2.3041764675352163,-0.23093640899490228,0.19295528572585885
0.08163265306122448,5.146938775510204,-2.1903021158460594,-0.22890043916161434,0.3127195375588182
0.08163265306122448,5.2877551020408164,-2.088326738467067,-0.22702112704661706,0.4216617453906319
0.08163265306122448,5.428571428571429,-1.996356285432859,-0.22528793184124035,0.5219289080712176
0.08163265306122448,5.56938775510204,-1.9128178742223214,-0.22369150894062373,0.6151028659462519
0.08163265306122448,5.710204081632653,-1.8364347500274316,-0.22222356023292578,0.7023833662053464
0.08163265306122448,5.851020408163265,-1.7661747141608923,-0.22087670640132337,0.7847023732710796
0.08163265306122448,5.9918367346938775,-1.7012001859302708,-0.21964440206269442,0.8627996073948804
0.08163265306122448,6.13265306122449,-1.640826668118731,-0.21852082140889806,0.9372718093256811
0.08163265306122448,6.273469387755102,-1.584490132653361,-0.21750079559979477,1.0086082290178786
0.08163265306122448,6.414285714285714,-1.5317218154056655,-0.21657975236373167,1.0772155341669403
0.08163265306122448,6.555102040816326,-1.4821288186246586,-0.2157536479933562,1.143435653552238
0.08163265306122448,6.6959183673469385,-1.435379190723207,-0.21501892777149229,1.2075593533275157
0.08163265306122448,6.836734693877551,-1.3911903492198228,-0.21437248261038078,1.2698363076335137
0.08163265306122448,6.977551020408163,-1.3493200457174395,-0.21381161428190695,1.3304828455533415
0.08163265306122448,7.118367346938776,-1.3095592526468522,-0.21333400412568645,1.3896879331357637
0.08163265306122448,7.259183673469387,-1.2717265259401287,-0.2129376920399268,1.4476179840722847
0.08163265306122448,7.4,-1.2356634828883681,-0.21262105003724513,1.5044205068087928
0.12244897959183673,0.5,-1.0723123435164217,-1.627031489598109,0.7593359325878805
0.12244897959183673,0.6408163265306123,-1.1069567501535975,-1.4007628083850017,0.7335516873045437
0.12244897959183673,0.7816326530612245,-1.1429436733557974,-1.1622619634900144,0.7062531019858781
0.12244897959183673,0.9224489795918367,-1.1803917380573496,-0.9886264531274173,0.6773045102815879
0.12244897959183673,1.063265306122449,-1.2194315642344717,-0.8628683856910339,0.646547259374148
0.12244897959183673,1.2040816326530612,-1.2602090031060862,-0.768824512106603,0.6137960202994235
0.12244897959183673,1.3448979591836734,-1.3028886406428701,-0.6962480886486613,0.5788337853380863
0.12244897959183673,1.4857142857142858,-1.3476578246306892,-0.6387319957857933,0.5414052540142018
0.12244897959183673,1.626530612244898,-1.3947314766350063,-0.5921395197488794,0.501208098930419
0.12244897959183673,1.76734693877551,-1.4443579899511358,-0.5537007807294393,0.4578813494377934
0.12244897959183673,1.9081632653061225,-1.4968265877424511,-0.5214985743181763,0.41098976524289244
0.12244897959183673,2.0489795918367344,-1.5524766259346843,-0.4941670481765565,0.36000248712679694
0.12244897959183673,2.1897959183673468,-1.6117094809527044,-0.47070860503546713,0.30426329429128257
0.12244897959183673,2.330612244897959,-1.6750038731315404,-0.4503787142924279,0.24294822796760915
0.12244897959183673,2.4714285714285715,-1.7429357423389582,-0.4326111388740517,0.17500356786040638
0.12244897959183673,2.6122448979591835,-1.8162040878099253,-0.41696803520481635,0.09905212599511398
0.12244897959183673,2.753061224489796,-1.8956643878423394,-0.40310582094376474,0.01324625594959168
0.12244897959183673,2.8938775510204082,-1.9823709254706958,-0.39075131793579004,-0.08497350070009681
0.12244897959183673,3.03469387755102,-2.0776273479756364,-0.37968474768082255,-0.1992976410186462
0.12244897959183673,3.1755102040816325,-2.183037445546346,-0.3697274022900959,-0.3353297222495586
0.12244897959183673,3.316326530612245,-2.300524491387335,-0.3607325610443006,-0.5021883697050467
0.12244897959183673,3.457142857142857,-2.4322138765717045,-0.35257870453546775,-0.7162421091294189
0.12244897959183673,3.5979591836734692,-2.5798463417825306,-0.3451643778074237,-1.011668668642412
0.12244897959183673,3.7387755102040816,-2.7427097568977867,-0.3384042562574927,-1.4820147880635417
0.12244897959183673,3.8795918367346935,-2.911402805128308,-0.3322260998588745,-2.658703833526386
0.12244897959183673,4.020408163265306,-3.053947263759655,-0.3265683696441602,-2.0695477924517305
0.12244897959183673,4.161224489795918,-3.1094618625040606,-0.3213783462201116,-1.2537829001136367
0.12244897959183673,4.302040816326531,-3.0426446348129725,-0.316610640408764,-0.8295651883683671
0.12244897959183673,4.442857142857143,-2.896532031688585,-0.3122259756804751,-0.5375096306069367
0.12244897959183673,4.5836734693877546,-2.729831322542622,-0.3081902363839338,-0.31262972905458153
0.12244897959183673,4.724489795918367,-2.570935471924574,-0.30447365911814545,-0.12847274824092556
0.12244897959183673,4.865306122448979,-2.4276356987970034,-0.30105018667096867,0.028373050260790005
0.12244897959183673,5.006122448979592,-2.3001434671844976,-0.29789695302006447,0.16565488928095384
0.12244897959183673,5.146938775510204,-2.1866095914299066,-0.2949938131707144,0.28825581631127795
0.12244897959183673,5.2877551020408164,-2.084918111110245,-0.29232299305113923,0.399454457342411
0.12244897959183673,5.428571428571429,-1.9931838134394095,-0.2898687703957266,0.5015598702318284
0.12244897959183673,5.56938775510204,-1.9098426490164278,-0.2876172219644258,0.5962607788027351
0.12244897959183673,5.710204081632653,-1.8336253271310092,-0.2855559993409127,0.6848303144190679
0.12244897959183673,5.851020408163265,-1.7635056281134098,-0.2836741437823148,0.7682527861338356
0.12244897959183673,5.9918367346938775,-1.6986506456730803,-0.28196193055902696,0.8473056681599351
0.12244897959183673,6.13265306122449,-1.6383795687243325,-0.28041073294680563,0.9226142959535586
0.12244897959183673,6.273469387755102,-1.5821312643726477,-0.27901290502488774,0.9946896279730744
0.12244897959183673,6.414285714285714,-1.5294392541014212,-0.2777616865119985,1.0639551330349164
0.12244897959183673,6.555102040816326,-1.479912474185555,-0.2766511166716314,1.1307660947645155
0.12244897959183673,6.6959183673469385,-1.4332204476494703,-0.2756759616558037,1.1954239422919608
0.12244897959183673,6.836734693877551,-1.3890817909236075,-0.274831652421749,1.2581870073728991
0.12244897959183673,6.977551020408163,-1.347255238635958,-0.27411423184249406,1.3192787342696934
0.12244897959183673,7.118367346938776,-1.3075325777143505,-0.273520309031088,1.3788940546077488
0.12244897959183673,7.259183673469387,-1.269733039610616,-0.2730470208427822,1.437204354006157
0.12244897959183673,7.4,-1.2336988114465286,-0.2726919978280832,1.4943613948634036
0.16326530612244897,0.5,-1.0725226668105736,-1.422084109072347,0.7640276877851935
0.16326530612244897,0.6408163265306123,-1.1072173195666801,-1.7759898431672123,0.738685218882048
0.16326530612244897,0.7816326530612245,-1.143253403213906,-1.6764580599342476,0.7118364286460406
0.16326530612244897,0.9224489795918367,-1.1807506696090355,-1.415621546270558,0.6833546660656755
0.16326530612244897,1.063265306122449,-1.2198407378855631,-1.2080016948450059,0.6530898146652663
0.16326530612244897,1.2040816326530612,-1.2606703895681868,-1.0558941625804268,0.6208651908507214
0.16326530612244897,1.3448979591836734,-1.3034051215795077,-0.9419812683280449,0.5864730465278541
0.16326530612244897,1.4857142857142858,-1.348233220744024,-0.853996763465579,0.5496685432023274
0.16326530612244897,1.626530612244898,-1.3953706204317005,-0.78416453918827,0.5101616312270757
0.16326530612244897,1.76734693877551,-1.4450668470241645,-0.7274764511549354,0.46760622623228965
0.16326530612244897,1.9081632653061225,-1.4976124330657035,-0.6805951044671589,0.4215856381301025
0.16326530612244897,2.0489795918367344,-1.5533482864418147,-0.641219610168893,0.3715927024607064
0.16326530612244897,2.1897959183673468,-1.6126776611066684,-0.6077149717863007,0.3170021984304686
0.16326530612244897,2.330612244897959,-1.6760815866656587,-0.5788885118360162,0.25703173843246646
0.16326530612244897,2.4714285714285715,-1.744138880628743,-0.5538502745385332,0.1906848617117418
0.16326530612244897,2.6122448979591835,-1.817552162695122,-0.5319229994375613,0.11666568685616105
0.16326530612244897,2.753061224489796,-1.8971814863629888,-0.5125823530235726,0.03324619342826477
0.16326530612244897,2.8938775510204082,-1.9840868894372101,-0.49541620660101077,-0.061949365207674925
0.16326530612244897,3.03469387755102,-2.0795790873352384,-0.48009624915956567,-0.17231394836057334
0.16326530612244897,3.1755102040816325,-2.1852699490606597,-0.4663577918659756,-0.30293523332749306
0.16326530612244897,3.316326530612245,-2.3030900257581366,-0.45398513553286624,-0.46195204223679
0.16326530612244897,3.457142857142857,-2.4351645657552243,-0.4428007946614053,-0.6636158578630965
0.16326530612244897,3.5979591836734692,-2.583205241457662,-0.43265744354043956,-0.9365236439828611
0.16326530612244897,3.7387755102040816,-2.746376790236861,-0.4234318161585079,-1.3531665761084979
0.16326530612244897,3.8795918367346935,-2.9148957774021396,-0.41502002901416507,-2.2299905077774764
0.16326530612244897,4.020408163265306,-3.0559776263356704,-0.4073339518639888,-2.4219414206569008
0.16326530612244897,4.161224489795918,-3.1083929446680423,-0.40029836617641157,-1.3790174843008944
0.16326530612244897,4.302040816326531,-3.038691266423055,-0.39384874071723963,-0.9065846398939705
0.16326530612244897,4.442857142857143,-2.891424584998006,-0.3879294020178629,-0.5935150413202488
0.16326530612244897,4.5836734693877546,-2.7247105815811152,-0.3824921188274827,-0.3568648806395927
0.16326530612244897,4.724489795918367,-2.5661837948114945,-0.3774949388350374,-0.16518084131202676
0.16326530612244897,4.865306122448979,-2.423311598588745,-0.37290122193476033,-0.0031064401208380477
0.16326530612244897,5.006122448979592,-2.2962080321906404,-0.3686788693015971,0.13801902032562693
0.16326530612244897,5.146938775510204,-2.1830045021939877,-0.36479967460096596,0.2635649887955231
0.16326530612244897,5.2877551020408164,-2.081588467962028,-0.3612387899374168,0.3770925883025501
0.16326530612244897,5.428571428571429,-1.9900833308771249,-0.35797427887036504,0.481086401262341
0.16326530612244897,5.56938775510204,-1.906933608724937,-0.3549867413973405,0.5773498391011762
0.16326530612244897,5.710204081632653,-1.8308772385279557,-0.3522589968756826,0.6672341886273231
0.16326530612244897,5.851020408163265,-1.7608937810631984,-0.34977581917962924,0.751778955145617
0.16326530612244897,5.9918367346938775,-1.6961548732949792,-0.3475237102406733,0.8318016258022733
0.16326530612244897,6.13265306122449,-1.635983264386949,-0.3454907048226197,0.9079572680098399
0.16326530612244897,6.273469387755102,-1.5798206244441007,-0.34366620768551004,0.9807794874394308
0.16326530612244897,6.414285714285714,-1.5272026960493466,-0.3420408534491718,1.0507092488911924
0.16326530612244897,6.555102040816326,-1.4777401896006568,-0.34060638426997625,1.118115608861882
0.16326530612244897,6.6959183673469385,-1.4311040583739782,-0.3393555464780418,1.1833109985301244
0.16326530612244897,6.836734693877551,-1.3870140819140166,-0.3382820018809263,1.2465626621444612
0.16326530612244897,6.977551020408163,-1.3452299484711596,-0.33738025038784375,1.308101358668695
0.16326530612244897,7.118367346938776,-1.305544233844809,-0.33664556496160186,1.3681281002127543
0.16326530612244897,7.259183673469387,-1.2677768268006893,-0.3360739339771494,1.4268193673523881
0.16326530612244897,7.4,-1.2317704666242077,-0.33566201130828305,1.4843312479107413
0.2040816326530612,0.5,-1.072719596319889,-0.9746074739358158,0.7683422873634418
0.2040816326530612,0.6408163265306123,-1.1074625475057298,-1.3783643964243228,0.7434454972358688
0.2040816326530612,0.7816326530612245,-1.143546203012957,-1.7922748588954585,0.7170471505610613
0.2040816326530612,0.9224489795918367,-1.1810913128468312,-1.9069735086020467,0.6890297277937423
0.2040816326530612,1.063265306122449,-1.220230401719698,-1.677302077548355,0.6592516412140609
0.2040816326530612,1.2040816326530612,-1.2611111115270013,-1.4386891233934977,0.6275447084648279
0.2040816326530612,1.3448979591836734,-1.303899798033097,-1.2576252146781848,0.5937102167606503
0.2040816326530612,1.4857142857142858,-1.3487856447682962,-1.1216298914681813,0.5575133989473453
0.2040816326530612,1.626530612244898,-1.3959855609221543,-1.0167594720948332,0.5186759020513272
0.2040816326530612,1.76734693877551,-1.4457501733553322,-0.9336555042551525,0.4768657121309909
0.2040816326530612,1.9081632653061225,-1.498371292455019,-0.8662513697207966,0.4316835566826559
0.2040816326530612,2.0489795918367344,-1.554191345025423,-0.8105203741018694,0.3826443756191599
0.2040816326530612,2.1897959183673468,-1.6136154263764997,-0.7637021668108421,0.3291516978868351
0.2040816326530612,2.330612244897959,-1.677126833501331,-0.7238453000534302,0.27046145545642636
0.2040816326530612,2.4714285714285715,-1.745307211993764,-0.6895320220575873,0.20562963287001537
0.2040816326530612,2.6122448979591835,-1.8188627414441847,-0.659707590517931,0.13343427974217503
0.2040816326530612,2.753061224489796,-1.898657975519622,-0.6335710058727196,0.052255240586282725
0.2040816326530612,2.8938775510204082,-1.985758612531456,-0.610502962149565,-0.04011925437190083
0.2040816326530612,3.03469387755102,-2.081482315725046,-0.5900170471355674,-0.14681994118581956
0.2040816326530612,3.1755102040816325,-2.18744887757023,-0.5717258922903141,-0.2724872534493866
0.2040816326530612,3.316326530612245,-2.3055959197714846,-0.5553171856628641,-0.4244293396828428
0.2040816326530612,3.457142857142857,-2.4380482494017475,-0.5405363492394323,-0.6151601338255684
0.2040816326530612,3.5979591836734692,-2.5864879767627786,-0.5271738065855327,-0.8689282437159488
0.2040816326530612,3.7387755102040816,-2.7499558285613057,-0.5150554999160163,-1.2434013150840302
0.2040816326530612,3.8795918367346935,-2.918285857997965,-0.5040356955319527,-1.9497032960733187
0.2040816326530612,4.020408163265306,-3.0578985360593998,-0.49399148168820145,-3.0058161882677306
0.2040816326530612,4.161224489795918,-3.107263645136617,-0.48481853933026803,-1.5219941259680738
0.2040816326530612,4.302040816326531,-3.0347805689240803,-0.4764277506350085,-0.9892454639603631
0.2040816326530612,4.442857142857143,-2.886425002861829,-0.46874259015736325,-0.652110730770343
0.2040816326530612,4.5836734693877546,-2.71971271597339,-0.4616970314514011,-0.4025109951827563
0.2040816326530612,4.724489795918367,-2.561548787991588,-0.45523382750131003,-0.20273548974250125
0.2040816326530612,4.865306122448979,-2.4190927795337,-0.44930315330972326,-0.03512508767867723
0.2040816326530612,5.006122448979592,-2.292366668079275,-0.44386148645716145,0.11002687122459809
0.2040816326530612,5.146938775510204,-2.17948377379744,-0.4388706837790518,0.23863358978723404
0.2040816326530612,5.2877551020408164,-2.078335084899068,-0.4342972235588867,0.35456688755051835
0.2040816326530612,5.428571428571429,-1.987052401518398,-0.43011157653183835,0.46050180412907843
0.2040816326530612,5.56938775510204,-1.9040885542930897,-0.4262876760484402,0.5583649937806485
0.2040816326530612,5.710204081632653,-1.8281884821695435,-0.4228024738281658,0.649591041898452
0.2040816326530612,5.851020408163265,-1.7583373444229033,-0.41963557253159084,0.7352778373160368
0.2040816326530612,5.9918367346938775,-1.6937111784638248,-0.4167689068286702,0.8162849667709302
0.2040816326530612,6.13265306122449,-1.6336361836032152,-0.41418647271447145,0.8932986385549514
0.2040816326530612,6.273469387755102,-1.5775567464237854,-0.4118741038719164,0.9668760597465644
0.2040816326530612,6.414285714285714,-1.5250107624450322,-0.4098192737316155,1.0374763648325178
0.2040816326530612,6.555102040816326,-1.4756106627676957,-0.40801092706908243,1.1054828634137988
0.2040816326530612,6.6959183673469385,-1.4290287883536104,-0.406439337300127,1.1712193489010552
0.2040816326530612,6.836734693877551,-1.384986046874638,-0.40509598027272326,1.2349622256367823
0.2040816326530612,6.977551020408163,-1.3432430522711636,-0.4039734285259757,1.2969497730820618
0.2040816326530612,7.118367346938776,-1.3035931459889076,-0.40306525757782014,1.3573892190868015
0.2040816326530612,7.259183673469387,-1.26585685488045,-0.40236596353076365,1.4164622544161163
0.2040816326530612,7.4,-1.2298774544510684,-0.4018708912954217,1.4743293773537005
0.24489795918367346,0.5,-1.072904260026368,-0.6630992502374652,0.7723195517006088
0.24489795918367346,0.6408163265306123,-1.1076936592653273,-0.9738231683673764,0.7478693021200762
0.24489795918367346,0.7816326530612245,-1.1438233548911712,-1.329223236504316,0.7219197642248621
0.24489795918367346,0.9224489795918367,-1.1814149811808097,-1.728147499503929,0.6943625283730988
0.24489795918367346,1.063265306122449,-1.2206018853008618,-2.0245468178239454,0.6650644392682176
0.24489795918367346,1.2040816326530612,-1.261532507631716,-1.9344807128134476,0.6338656494207122
0.24489795918367346,1.3448979591836734,-1.3043740143196443,-1.6855667985727514,0.6005761981896831
0.24489795918367346,1.4857142857142858,-1.3493164462084133,-1.473961949856391,0.5649709799436304
0.24489795918367346,1.626530612244898,-1.3965776549673594,-1.3126796154536085,0.5267827922476943
0.24489795918367346,1.76734693877551,-1.4464093373146427,-1.1884865340192854,0.48569293792431084
0.24489795918367346,1.9081632653061225,-1.4991045510566838,-1.0904249807741928,0.44131852942214395
0.24489795918367346,2.0489795918367344,-1.5550072099211356,-1.0111420397221809,0.3931951456236751
0.24489795918367346,2.1897959183673468,-1.614524215244585,-0.945746249212212,0.3407530409219768
0.24489795918367346,2.330612244897959,-1.6781410908746215,-0.8909024335109625,0.2832835625086564
0.24489795918367346,2.4714285714285715,-1.7464422617500173,-0.8442685365138044,0.21989086443996522
0.24489795918367346,2.6122448979591835,-1.820137408405965,-0.8041535855624947,0.14942044281060704
0.24489795918367346,2.753061224489796,-1.9000955114250575,-0.7693062197648498,0.07034976541164091
0.24489795918367346,2.8938775510204082,-1.9873878375851495,-0.7387802194567373,-0.019385939473415104
0.24489795918367346,3.03469387755102,-2.083338881183757,-0.7118465215692223,-0.12268510164576354
0.24489795918367346,3.1755102040816325,-2.1895762074311547,-0.6879340665832412,-0.24379793051622214
0.24489795918367346,3.316326530612245,-2.3080443086266063,-0.6665890400891238,-0.3893224936953924
0.24489795918367346,3.457142857142857,-2.440867266275408,-0.6474461584134532,-0.5703301480320927
0.24489795918367346,3.5979591836734692,-2.589697163662784,-0.6302080371772898,-0.807620837000635
0.24489795918367346,3.7387755102040816,-2.7534499140144297,-0.6146300956204747,-1.1480540240109423
0.24489795918367346,3.8795918367346935,-2.921576864412023,-0.6005093391371278,-1.7423000801821416
0.24489795918367346,4.020408163265306,-3.059715229592932,-0.5876758915009452,-5.418506278238215
0.24489795918367346,4.161224489795918,-3.1060796175151926,-0.5759865727974858,-1.6892368734170526
0.24489795918367346,4.302040816326531,-3.030914169286618,-0.5653198251521325,-1.07861373795762
0.24489795918367346,4.442857142857143,-2.881530727339566,-0.55557187995567,-0.7136242614053503
0.24489795918367346,4.5836734693877546,-2.714833633237446,-0.5466536361167182,-0.44970330161558786
0.24489795918367346,4.724489795918367,-2.557026295460701,-0.5384882005243509,-0.24120308726518233
0.24489795918367346,4.865306122448979,-2.414975474824327,-0.5310089335135265,-0.06771937293880405
0.24489795918367346,5.006122448979592,-2.288616048914622,-0.5241578387393526,0.08165655096683842
0.24489795918367346,5.146938775510204,-2.1760444782893247,-0.5178842594989664,0.21344758728996835
0.24489795918367346,5.2877551020408164,-2.075155366850091,-0.5121438107108114,0.33186783532449404
0.24489795918367346,5.428571428571429,-1.9840887059203725,-0.5068974959999505,0.4397993215005554
0.24489795918367346,5.56938775510204,-1.9013053924046655,-0.5021109686817851,0.539301243895789
0.24489795918367346,5.710204081632653,-1.825557152324246,-0.4977539193249412,0.6318970408341914
0.24489795918367346,5.851020408163265,-1.7558345693035204,-0.49379956411563825,0.7187463986363498
0.24489795918367346,5.9918367346938775,-1.6913179447600746,-0.4902242060183691,0.8007532205856864
0.24489795918367346,6.13265306122449,-1.6313368227746141,-0.48700686567652773,0.8786363623004794
0.24489795918367346,6.273469387755102,-1.5753382234042914,-0.4841289722903451,0.9529776146254714
0.24489795918367346,6.414285714285714,-1.522862130212846,-0.4815740924792642,1.0242549907775593
0.24489795918367346,6.555102040816326,-1.4735226438605094,-0.47932770119847223,1.0928665619985711
0.24489795918367346,6.6959183673469385,-1.4269934517274636,-0.47737698526196,1.1591478440963823
0.24489795918367346,6.836734693877551,-1.3829965570479026,-0.4757106696364648,1.2233846836217492
0.24489795918367346,6.977551020408163,-1.3412934717678013,-0.47431886933550216,1.2858230682770653
0.24489795918367346,7.118367346938776,-1.3016782808992762,-0.4731929607269505,1.3466765951050272
0.24489795918367346,7.259183673469387,-1.2639721308139766,-0.4723254628043056,1.4061322773897713
0.24489795918367346,7.4,-1.2280188184272598,-0.4717099379931309,1.464355125633606
0.2857142857142857,0.5,-1.0730776735214145,-0.44072571494217105,0.775994322311042
0.2857142857142857,0.6408163265306123,-1.1079117620047583,-0.693509675348998,0.7519890171860099
0.2857142857142857,0.7816326530612245,-1.144086021590177,-0.9698172533901331,0.7264848143801037
0.2857142857142857,0.9224489795918367,-1.181722870349119,-1.2813869932196,0.6993822917577143
0.2857142857142857,1.063265306122449,-1.220956403932481,-1.6382479997189774,0.6705565639357429
0.2857142857142857,1.2040816326530612,-1.2619358052523302,-2.0012809416047617,0.639855898974156
0.2857142857142857,1.3448979591836734,-1.3048290068453434,-2.134601322291082,0.6070987913774344
0.2857142857142857,1.4857142857142858,-1.3498268708417984,-1.9464233450766393,0.5720694058627611
0.2857142857142857,1.626530612244898,-1.397148159942685,-1.711190812883838,0.5345111633717187
0.2857142857142857,1.76734693877551,-1.4470456109436003,-1.521213864340809,0.49411796387028095
0.2857142857142857,1.9081632653061225,-1.4998134996604868,-1.3741376431732706,0.4505223040955353
0.2857142857142857,2.0489795918367344,-1.555797195912489,-1.258470997252985,0.403279096332479
0.2857142857142857,2.1897959183673468,-1.615405374910747,-1.1654241999211625,0.35184360581254354
0.2857142857142857,2.330612244897959,-1.6791257451672565,-1.0890119183733515,0.2955398510562954
0.2857142857142857,2.4714285714285715,-1.7475454645661974,-1.0251550629635484,0.23351638741575861
0.2857142857142857,2.6122448979591835,-1.8213776568425264,-0.9710081295963823,0.16468043007932748
0.2857142857142857,2.753061224489796,-1.901495658000604,-0.9245324954153115,0.08759810952503488
0.2857142857142857,2.8938775510204082,-1.9889762137426508,-0.8842304710036056,0.0003369655492634744
0.2857142857142857,3.03469387755102,-2.0851505354572506,-0.8489767961044173,-0.09979464360561645
0.2857142857142857,3.1755102040816325,-2.191653814981263,-0.8179091720003866,-0.21670445033316416
0.2857142857142857,3.316326530612245,-2.310437223087764,-0.7903552719044412,-0.3563789628909273
0.2857142857142857,3.457142857142857,-2.443623841879688,-0.7657828569103655,-0.5286796315460418
0.2857142857142857,3.5979591836734692,-2.592835295986201,-0.7437648870951202,-0.7516285769542377
0.2857142857142857,3.7387755102040816,-2.756861950331054,-0.7239546312263632,-1.0639786387185246
0.2857142857142857,3.8795918367346935,-2.9247724437010905,-0.7060675626544813,-1.5783335582658884
0.2857142857142857,4.020408163265306,-3.0614326830195506,-0.6898679802330508,-3.1412991065014135
0.2857142857142857,4.161224489795918,-3.10484610001422,-0.675158968949929,-1.8916617073404105
0.2857142857142857,4.302040816326531,-3.027093430022676,-0.661774744814405,-1.1760799931600372
0.2857142857142857,4.442857142857143,-2.8767391994173117,-0.6495747548919821,-0.7784463586422933
0.2857142857142857,4.5836734693877546,-2.7100694002873493,-0.6384391145287169,-0.4985954328561624
0.2857142857142857,4.724489795918367,-2.5526123577973254,-0.6282649736218074,-0.28065669440675733
0.2857142857142857,4.865306122448979,-2.4109560935394545,-0.6189636552038736,-0.10092868059533543
0.2857142857142857,5.006122448979592,-2.2849530043422113,-0.6104583485996238,0.05288480724166765
0.2857142857142857,5.146938775510204,-2.1726838220700433,-0.6026822448466778,0.18799225937770536
0.2857142857142857,5.2877551020408164,-2.0720468363045508,-0.5955770259903409,0.30898555369294967
0.2857142857142857,5.428571428571429,-1.9811900265385576,-0.5890916186004441,0.4189719947640384
0.2857142857142857,5.56938775510204,-1.8985821206932885,-0.5831811657414171,0.520153487950153
0.2857142857142857,5.710204081632653,-1.8229814246268399,-0.5778061746891119,0.6141482979855968
0.2857142857142857,5.851020408163265,-1.7533837801815937,-0.5729318095462481,0.7021815857004228
0.2857142857142857,5.9918367346938775,-1.6889736229576522,-0.5685272875636697,0.7852039337635289
0.2857142857142857,6.13265306122449,-1.6290837396372888,-0.564565373050938,0.8639684028682744
0.2857142857142857,6.273469387755102,-1.5731637051467124,-0.5610219556579409,0.9390824315445052
0.2857142857142857,6.414285714285714,-1.5207555288857868,-0.5578756776082169,1.0110436502571745
0.2857142857142857,6.555102040816326,-1.4714749320213938,-0.5551076242184584,1.0802654218914132
0.2857142857142857,6.6959183673469385,-1.4249969088367083,-0.5527010519109874,1.147095359816981
0.2857142857142857,6.836734693877551,-1.38104452571601,-0.5506411510660502,1.2118290302968517
0.2857142857142857,6.977551020408163,-1.3393801679347164,-0.5489148435351358,1.2747203419544246
0.2857142857142857,7.118367346938776,-1.2997986422576322,-0.547510598886854,1.3359894162715351
0.2857142857142857,7.259183673469387,-1.2621216970221671,-0.5464182689818181,1.3958287100875448
0.2857142857142857,7.4,-1.2261936356071597,-0.5456289472220581,1.4544078363182271
0.32653061224489793,0.5,-1.0732407526547316,-0.27211354293800577,0.7793971701537767
0.32653061224489793,0.6408163265306123,-1.1081178577693305,-0.48851700117175245,0.7558332370816685
0.32653061224489793,0.7816326530612245,-1.1443352593814133,-0.7165576733672959,0.7307694258351448
0.32653061224489793,0.9224489795918367,-1.1820160707036103,-0.9627979931807914,0.7041151017655605
0.32653061224489793,1.063265306122449,-1.221295069893745,-1.2362741304058025,0.6757534340244753
0.32653061224489793,1.2040816326530612,-1.2623221319387417,-1.5477280610620103,0.645540556177346
0.32653061224489793,1.3448979591836734,-1.3052659155446975,-1.8964457661088827,0.6133031064640693
0.32653061224489793,1.4857142857142858,-1.350318070677994,-2.190879560272901,0.5788341312200992
0.32653061224489793,1.626530612244898,-1.397698241350651,-2.1892404727778993,0.5418871632752427
0.32653061224489793,1.76734693877551,-1.4476601768346193,-1.9720599926111542,0.5021680354865496
0.32653061224489793,1.9081632653061225,-1.5004993429662516,-1.754463772701368,0.4593237690502
0.32653061224489793,2.0489795918367344,-1.5565625366662073,-1.5801776410481467,0.4129274398405279
0.32653061224489793,2.1897959183673468,-1.6162601688920684,-1.44303559397558,0.3624573902062643
0.32653061224489793,2.330612244897959,-1.6800820978175366,-1.3333419383812046,0.3072681757584409
0.32653061224489793,2.4714285714285715,-1.7486181715152114,-1.2438134032927566,0.24654949640172352
0.32653061224489793,2.6122448979591835,-1.8225848960422655,-1.169398111134083,0.1792650078265368
0.32653061224489793,2.753061224489796,-1.9028598941660968,-1.106579727420168,0.1040616581377203
0.32653061224489793,2.8938775510204082,-1.9905253028655254,-1.0528584185290046,0.019126532332771246
0.32653061224489793,3.03469387755102,-2.08691894086303,-1.006413650440288,-0.07804709018985678
0.32653061224489793,3.1755102040816325,-2.193683483670075,-0.9658889414818795,-0.191064787178781
0.32653061224489793,3.316326530612245,-2.3127765936764546,-0.9302525048449248,-0.32538273338012697
0.32653061224489793,3.457142857142857,-2.4463200977134747,-0.8987050836940601,-0.4898382459951411
0.32653061224489793,3.5979591836734692,-2.5959047521954774,-0.8706174931802135,-0.700185630240189
0.32653061224489793,3.7387755102040816,-2.76019471061308,-0.8454873442311284,-0.9889528829360399
0.32653061224489793,3.8795918367346935,-2.927876079583112,-0.8229084237757993,-1.4432206548120976
0.32653061224489793,4.020408163265306,-3.063055626128229,-0.8025486113287696,-2.517800512845931
0.32653061224489793,4.161224489795918,-3.1035679605085345,-0.7841335688734741,-2.149692600962424
0.32653061224489793,4.302040816326531,-3.0233194292988426,-0.767434763123459,-1.2835096748237262
0.32653061224489793,4.442857142857143,-2.8720478725440826,-0.7522602169993649,-0.8470485949656684
0.32653061224489793,4.5836734693877546,-2.7054162375374884,-0.7384475023651803,-0.5493631014397822
0.32653061224489793,4.724489795918367,-2.5483031920367747,-0.7258583172464628,-0.3211772341767499
0.32653061224489793,4.865306122448979,-2.4070312099243854,-0.7143742005831244,-0.13479568592738508
0.32653061224489793,5.006122448979592,-2.281374509332421,-0.7038931504005437,0.02368685369015804
0.32653061224489793,5.146938775510204,-2.1693991381362605,-0.694326912892667,0.16225211140019002
0.32653061224489793,5.2877551020408164,-2.0690071254941063,-0.6855988079374457,0.2859097538095183
0.32653061224489793,5.428571428571429,-1.9783542431761734,-0.6776419546977072,0.39801264652331025
0.32653061224489793,5.56938775510204,-1.8959168224846277,-0.6703978150707406,0.5009165009052302
0.32653061224489793,5.710204081632653,-1.820459551558057,-0.6638150008430598,0.5963408620650861
0.32653061224489793,5.851020408163265,-1.7509833710953564,-0.6578482839658591,0.6855803112680665
0.32653061224489793,5.9918367346938775,-1.6866767257961386,-0.652457760308501,0.7696346217043688
0.32653061224489793,6.13265306122449,-1.6268755489575786,-0.6476081542572156,0.8492927149085526
0.32653061224489793,6.273469387755102,-1.5710318939732042,-0.6432682329346745,0.9251887902275914
0.32653061224489793,6.414285714285714,-1.5186897367612673,-0.6394102977658566,0.9978408741839948
0.32653061224489793,6.555102040816326,-1.4694663716492122,-0.6360097595651591,1.06767816624191
0.32653061224489793,6.6959183673469385,-1.4230380621843983,-0.6330447642829322,1.1350607751065744
0.32653061224489793,6.836734693877551,-1.3791289076899744,-0.630495866468481,1.2002942773252296
0.32653061224489793,6.977551020408163,-1.3375021413361508,-0.628345748476751,1.2636407140487629
0.32653061224489793,7.118367346938776,-1.2979532714126611,-0.6265789624449659,1.3253268935369127
0.32653061224489793,7.259183673469387,-1.2603046314263013,-0.625181697061896,1.3855508425354515
0.32653061224489793,7.4,-1.2244010167895787,-0.6241415736270521,1.4444868674002647
0.36734693877551017,0.5,-1.073394324537015,-0.13843639040272937,0.7825549903613077
0.36734693877551017,0.6408163265306123,-1.108312854904636,-0.3300846073137521,0.7594272798872955
0.36734693877551017,0.7816326530612245,-1.1445720294045745,-0.5270144541464193,0.7347977528662918
0.36734693877551017,0.9224489795918367,-1.1822955780964568,-0.7329823006887634,0.7085843023007183
0.36734693877551017,1.063265306122449,-1.2216189028122464,-0.9529907228331451,0.680677897890621
0.36734693877551017,1.2040816326530612,-1.2626925249662588,-1.1937820626123923,0.6509422652553334
0.36734693877551017,1.3448979591836734,-1.3056857926894498,-1.464123217899053,0.619211870495248
0.36734693877551017,1.4857142857142858,-1.3507911127096097,-1.7719751130409576,0.5852882562863168
0.36734693877551017,1.626530612244898,-1.3982289823690892,-2.1010376714834504,0.5489345810004633
0.36734693877551017,1.76734693877551,-1.4482541368355815,-2.3168933407883796,0.509867986911056
0.36734693877551017,1.9081632653061225,-1.5011632051240746,-2.2366621420431194,0.46774919184443425
0.36734693877551017,2.0489795918367344,-1.5573043816988155,-2.0178833655964152,0.42216830319109255
0.36734693877551017,2.1897959183673468,-1.6170897838335412,-1.8147824382883753,0.37262537923363376
0.36734693877551017,2.330612244897959,-1.681011381163898,-1.651220087689953,0.3185033534793728
0.36734693877551017,2.4714285714285715,-1.7496616579337851,-1.520661857320645,0.25902961463652535
0.36734693877551017,2.6122448979591835,-1.8237604565416332,-1.4148433171541253,0.19322011617402185
0.36734693877551017,2.753061224489796,-1.9041896187467744,-1.3275154735844976,0.11979571926338606
0.36734693877551017,2.8938775510204082,-1.9920365861909195,-1.2542601584543573,0.03705181483837891
0.36734693877551017,3.03469387755102,-2.0886456745064237,-1.1919461712909736,-0.05735239031530759
0.36734693877551017,3.1755102040816325,-2.1956669077149082,-1.138312607502539,-0.1667544270001453
0.36734693877551017,3.316326530612245,-2.3150642605588536,-1.0916911111378724,-0.2961477220213188
0.36734693877551017,3.457142857142857,-2.44895805684315,-1.0508244776552498,-0.4534954918830202
0.36734693877551017,3.5979591836734692,-2.598907804570635,-1.0147470418279467,-0.652678325382423
0.36734693877551017,3.7387755102040816,-2.763450843786591,-0.9827043533383604,-0.9213492386448121
0.36734693877551017,3.8795918367346935,-2.9308911009464147,-0.9540979354068894,-1.3286668407024893
0.36734693877551017,4.020408163265306,-3.0645885555387515,-0.9284467044712548,-2.164767719727112
0.36734693877551017,4.161224489795918,-3.102249696606974,-0.9053592104351592,-2.5090505613912404
0.36734693877551017,4.302040816326531,-3.019593033050538,-0.8845136745452485,-1.40348564046972
0.36734693877551017,4.442857142857143,-2.8674542348684517,-0.865642971612781,-0.9200066404884801
0.36734693877551017,4.5836734693877546,-2.7008705109619098,-0.8485234665091135,-0.6022086776195708
0.36734693877551017,4.724489795918367,-2.544095182160633,-0.8329665311203045,-0.36285472168167343
0.36734693877551017,4.865306122448979,-2.4031975528936216,-0.8188119562902331,-0.16936677346251394
0.36734693877551017,5.006122448979592,-2.277877675241532,-0.8059228230719669,-0.00596379325072685
0.36734693877551017,5.146938775510204,-2.1661878772061467,-0.794181453653336,0.13621079406250727
0.36734693877551017,5.2877551020408164,-2.0660339701112185,-0.7834862034149292,0.2626297019941552
0.36734693877551017,5.428571428571429,-1.9755793258758718,-0.7737488706670149,0.37691385400302485
0.36734693877551017,5.56938775510204,-1.8933076613604343,-0.7648925943669095,0.4815849153521512
0.36734693877551017,5.710204081632653,-1.8179898574048796,-0.7568501481227362,0.5784707018225498
0.36734693877551017,5.851020408163265,-1.748631801019211,-0.7495625327082568,0.6689394465503306
0.36734693877551017,5.9918367346938775,-1.6844258268890495,-0.7429778002627628,0.7540427895691755
0.36734693877551017,6.13265306122449,-1.6247109213690418,-0.7370500797851031,0.8346072556507712
0.36734693877551017,6.273469387755102,-1.568941543972249,-0.7317387591356719,0.9112949826937412
0.36734693877551017,6.414285714285714,-1.5166635801435373,-0.7270077798929452,0.9846452068830661
0.36734693877551017,6.555102040816326,-1.4674958520905592,-0.7228250468568399,1.0551035360943362
0.36734693877551017,6.6959183673469385,-1.4211158564310702,-0.7191619087710611,1.1230429865331768
0.36734693877551017,6.836734693877551,-1.3772486961985713,-0.7159927042531905,1.1887794461440953
0.36734693877551017,6.977551020408163,-1.33565842859696,-0.713294368127847,1.2525833109614728
0.36734693877551017,7.118367346938776,-1.296141243772077,-0.7110460669505827,1.3146882434804001
0.36734693877551017,7.259183673469387,-1.258520044231992,-0.7092288680043476,1.3752979684369346
0.36734693877551017,7.4,-1.2226401036278873,-0.707825440297114,1.434591581628231
0.4081632653061224,0.5,-1.073539137258117,-0.02900325760781864,0.7854915044820239
0.4081632653061224,0.6408163265306123,-1.1084975780952329,-0.2026446907872902,0.7627936210473517
0.4081632653061224,0.7816326530612245,-1.1447972075978017,-0.37794229502493837,0.7385913604351848
0.4081632653061224,0.9224489795918367,-1.182562303541978,-0.5572699728945745,0.7128108390783184
0.4081632653061224,1.063265306122449,-1.2219288388159812,-0.7435910577898205,0.6853505450064415
0.4081632653061224,1.2040816326530612,-1.2630479400525656,-0.940679157359712,0.6560815073336144
0.4081632653061224,1.3448979591836734,-1.3060896110444795,-1.1534796954366262,0.624845701234387
0.4081632653061224,1.4857142857142858,-1.351246986384022,-1.388525313356987,0.5914527895820327
0.4081632653061224,1.626530612244898,-1.3987413904511259,-1.653710481494473,0.5556750943841805
0.4081632653061224,1.76734693877551,-1.448828518972773,-1.9531750704285205,0.5172404808697881
0.4081632653061224,1.9081632653061225,-1.501806138187478,-2.2558625254535114,0.4758225992385404
0.4081632653061224,2.0489795918367344,-1.5580238122007288,-2.4103064107103944,0.4310275744767716
0.4081632653061224,2.1897959183673468,-1.6178953326972905,-2.296869492615811,0.38237578923942234
0.4081632653061224,2.330612244897959,-1.6819147435577815,-2.0850475068468564,0.32927659067183573
0.4081632653061224,2.4714285714285715,-1.7506771261080984,-1.8922777735113134,0.270992547477532
0.4081632653061224,2.6122448979591835,-1.8249056014228677,-1.735396655093254,0.20658767863346914
0.4081632653061224,2.753061224489796,-1.905486159903923,-1.6086477531536778,0.13485042515452156
0.4081632653061224,2.8938775510204082,-1.9935114668472078,-1.504863214064166,0.0541747801764116
0.4081632653061224,3.03469387755102,-2.0903322338104253,-1.4185001542801616,-0.03763031243093979
0.4081632653061224,3.1755102040816325,-2.1976057001232987,-1.3455610369373092,-0.1436635934313214
0.4081632653061224,3.316326530612245,-2.317301976060809,-1.2831676006952926,-0.2685124865948051
0.4081632653061224,3.457142857142857,-2.4515396489877403,-1.2292147900669703,-0.4193884607595734
0.4081632653061224,3.5979591836734692,-2.6018466205037956,-1.1821328896817003,-0.608607895426543
0.4081632653061224,3.7387755102040816,-2.766632884176626,-1.140728535384203,-0.8599396145499472
0.4081632653061224,3.8795918367346935,-2.9338206933453974,-1.1040781367227932,-1.2294987981135606
0.4081632653061224,4.020408163265306,-3.066035744539222,-1.0714553865418412,-1.9189801652836125
0.4081632653061224,4.161224489795918,-3.100895478580046,-1.0422806884636422,-3.1146766815621296
0.4081632653061224,4.302040816326531,-3.015914891929174,-1.0160857829147723,-1.5397330704570964
0.4081632653061224,4.442857142857143,-2.862955807133798,-0.9924878721189319,-0.998034181793226
0.4081632653061224,4.5836734693877546,-2.6964287276520427,-0.9711708224596587,-0.6573669249055657
0.4081632653061224,4.724489795918367,-2.5399848717720155,-0.9518712140735025,-0.4057897193816922
0.4081632653061224,4.865306122448979,-2.3994519996846035,-0.9343677241569747,-0.2046924917566523
0.4081632653061224,5.006122448979592,-2.2744597431669544,-0.9184730172377594,-0.036095493229262
0.4081632653061224,5.146938775510204,-2.163047603457783,-0.904027454798672,0.10985104516163982
0.4081632653061224,5.2877551020408164,-2.063125204531373,-0.8908941827796187,0.2391341875094411
0.4081632653061224,5.428571428571429,-1.9728633320666997,-0.878955222721021,0.3556679393326471
0.4081632653061224,5.56938775510204,-1.8907528788645085,-0.8681083462720026,0.4621532314465874
0.4081632653061224,5.710204081632653,-1.8155707365102223,-0.8582645605155057,0.5605337181970523
0.4081632653061224,5.851020408163265,-1.7463275923215302,-0.8493460565913131,0.6522558307232244
0.4081632653061224,5.9918367346938775,-1.6822195565080973,-0.8412845142525562,0.7384259233711348
0.4081632653061224,6.13265306122449,-1.622588579393001,-0.8340197059922023,0.8199099737408534
0.4081632653061224,6.273469387755102,-1.5668914570253092,-0.8274983310234817,0.8973992978605322
0.4081632653061224,6.414285714285714,-1.5146759296717325,-0.8216730186423168,0.9714551935184855
0.4081632653061224,6.555102040816326,-1.4655623040128718,-0.8165014930351285,1.0425402751603141
0.4081632653061224,6.6959183673469385,-1.4192292749468653,-0.8119458412679577,1.1110408952600228
0.4081632653061224,6.836734693877551,-1.3754029212754806,-0.8079718733285101,1.1772835664488084
0.4081632653061224,6.977551020408163,-1.3338481012585062,-0.8045485614883225,1.2415472697904684
0.4081632653061224,7.118367346938776,-1.2943616681017718,-0.8016475212754827,1.3040726947204608
0.4081632653061224,7.259183673469387,-1.2567670775194364,-0.7992425359173652,1.3650693956858713
0.4081632653061224,7.4,-1.2209100682558076,-0.7973091167076237,1.4247213563864083
0.44897959183673464,0.5,-1.0736758684056336,0.06273951813398909,0.7882276859998946
0.44897959183673464,0.6408163265306123,-1.1086727771888674,-0.0971178807782475,0.7659522624882833
0.44897959183673464,0.7816326530612245,-1.1450115934816218,-0.2564362471918428,0.742169549979211
0.44897959183673464,0.9224489795918367,-1.1828170816717325,-0.41686451646991407,0.7168135523043035
0.44897959183673464,1.063265306122449,-1.2222257387048319,-0.5803414252688892,0.6897899741032583
0.44897959183673464,1.2040816326530612,-1.2633892590323585,-0.7491705085616712,0.6609768504069854
0.44897959183673464,1.3448979591836734,-1.3064782711641687,-0.9261765017211601,0.6302233471117633
0.44897959183673464,1.4857142857142858,-1.351686610581422,-1.1149472252456778,0.5973468821628396
0.44897959183673464,1.626530612244898,-1.3992364039135388,-1.3201568089634035,0.5621285005860158
0.44897959183673464,1.76734693877551,-1.4493842832757111,-1.547828568087262,0.5243062417317834
0.44897959183673464,1.9081632653061225,-1.5024291271414085,-1.8046206333631192,0.48356597751246494
0.44897959183673464,2.0489795918367344,-1.5587218422339895,-2.091217677713817,0.4395289165646819
0.44897959183673464,2.1897959183673468,-1.6186778641001422,-2.3688837574030344,0.3917345044673187
0.44897959183673464,2.330612244897959,-1.6827932749301973,-2.492155241049595,0.33961675890670423
0.44897959183673464,2.4714285714285715,-1.7516657101241793,-2.375793729020105,0.28247091402012325
0.44897959183673464,2.6122448979591835,-1.826021517231353,-2.1738972041191293,0.219405488566363
0.44897959183673464,2.753061224489796,-1.90675077284328,-1.9879100979481632,0.1492710733137927
0.44897959183673464,2.8938775510204082,-1.9949512841229118,-1.8343829434643866,0.07055165396054053
0.44897959183673464,3.03469387755102,-2.0919800528193004,-1.7090108067740668,-0.018808593934830014
0.44897959183673464,3.1755102040816325,-2.199501399806071,-1.605535151781928,-0.12169483451922099
0.44897959183673464,3.316326530612245,-2.319491410324581,-1.5189037482991803,-0.24233610417521173
0.44897959183673464,3.457142857142857,-2.4540667149037088,-1.4453860820106632,-0.3872929177520702
0.44897959183673464,3.5979591836734692,-2.6047232723729667,-1.3822545627639953,-0.5675628960335477
0.44897959183673464,3.7387755102040816,-2.7697432541676084,-1.3274920942691764,-0.8037747622417125
0.44897959183673464,3.8795918367346935,-2.9366679034409517,-1.2795816307547523,-1.142273842471625
0.44897959183673464,4.020408163265306,-3.0674012570493305,-1.2373620357025163,-1.7311493110428768
0.44897959183673464,4.161224489795918,-3.0995091667921653,-1.1999294068089865,-6.9554425449185775
0.44897959183673464,4.302040816326531,-3.0122854793908114,-1.1665695120502906,-1.697911343950396
0.44897959183673464,4.442857142857143,-2.8585501500749726,-1.136710019371355,-1.082030957191473
0.44897959183673464,4.5836734693877546,-2.692087531075725,-1.1098865624838108,-0.7151124060235688
0.44897959183673464,4.724489795918367,-2.535968955025272,-1.0857182804707444,-0.4500951155331085
0.44897959183673464,4.865306122448979,-2.3957915658957165,-1.063889639275441,-0.2408281227599439
0.44897959183673464,5.006122448979592,-2.2711180765962427,-1.0441368808494975,-0.06673867734809982
0.44897959183673464,5.146938775510204,-2.159975987439988,-1.026237714560817,0.08315459797211491
0.44897959183673464,5.2877551020408164,-2.060278756034601,-1.0100034319047895,0.21541148210006084
0.44897959183673464,5.428571428571429,-1.9702044009531936,-0.9952727351464716,0.33426694700294424
0.44897959183673464,5.56938775510204,-1.888250789063907,-0.9819068848117377,0.4426157923073913
0.44897959183673464,5.710204081632653,-1.813200648296346,-0.9697858558801713,0.542525724155759
0.44897959183673464,5.851020408163265,-1.744069326238041,-0.9588052349014109,0.6355262535419706
0.44897959183673464,5.9918367346938775,-1.6800565989434593,-0.94887369355579,0.7227814857733538
0.44897959183673464,6.13265306122449,-1.620507295262527,-0.9399109266247706,0.8051988099285815
0.44897959183673464,6.273469387755102,-1.5648804809774435,-0.9318459429834749,0.883500025748918
0.44897959183673464,6.414285714285714,-1.5127256987900457,-0.9246156203059119,0.9582693868207828
0.44897959183673464,6.555102040816326,-1.4636646981347996,-0.918163493806181,1.0299871386703372
0.44897959183673464,6.6959183673469385,-1.4173773389311186,-0.9124387040256112,1.0990534169950987
0.44897959183673464,6.836734693877551,-1.3735906485878315,-0.9073950756475844,1.1658056831239885
0.44897959183673464,6.977551020408163,-1.3320702644782365,-0.9029903086640977,1.2305317413260495
0.44897959183673464,7.118367346938776,-1.2926136847310443,-0.899185228878788,1.2934794874927982
0.44897959183673464,7.259183673469387,-1.255044903254488,-0.8959430981769038,1.3548644391603821
0.44897959183673464,7.4,-1.2192101112945506,-0.8932289675175673,1.4148755758646092
0.4897959183673469,0.5,-1.073805132581748,0.1410697796143891,0.7907821222153641
0.4897959183673469,0.6408163265306123,-1.1088391350019913,-0.00781348135487096,0.7689210476572335
0.4897959183673469,0.7816326530612245,-1.1452159179107946,-0.15476782734949562,0.7455496384583685
0.4897959183673469,0.9224489795918367,-1.1830606783234454,-0.30103355412709387,0.7206094282431822
0.4897959183673469,1.063265306122449,-1.222510395166165,-0.4479980946605966,0.6940130240529037
0.4897959183673469,1.2040816326530612,-1.26371729676773,-0.5972103379923289,0.6656451652490102
0.4897959183673469,1.3448979591836734,-1.306852607856262,-0.7504428725010851,0.6353618931859569
0.4897959183673469,1.4857142857142858,-1.3521108396902959,-0.9097961829345961,0.6029880269769605
0.4897959183673469,1.626530612244898,-1.3997148977426295,-1.0778514900518241,0.5683129175592248
0.4897959183673469,1.76734693877551,-1.4499223273724433,-1.2578814042250832,0.5310842606668223
0.4897959183673469,1.9081632653061225,-1.5030330953260322,-1.4540999236285295,0.49099949123711706
0.4897959183673469,2.0489795918367344,-1.5593994247005565,-1.6717726936136543,0.4476940401382128
0.4897959183673469,2.1897959183673468,-1.619438365157943,-1.9162291513803995,0.4007252585216435
0.4897959183673469,2.330612244897959,-1.683648002298741,-2.18623264238787,0.3495502406914294
0.4897959183673469,2.4714285714285715,-1.7526284841813713,-2.444829953152941,0.29349467467419116
0.4897959183673469,2.6122448979591835,-1.8271093329269195,-2.5670094142868325,0.23170824529864842
0.4897959183673469,2.753061224489796,-1.907984648151391,-2.471876289087604,0.16309884706709207
0.4897959183673469,2.8938775510204082,-1.9963573004474975,-2.2840835318014445,0.08623282237332655
0.4897959183673469,3.03469387755102,-2.093590482122301,-2.102961619362777,-0.0008228933244674847
0.4897959183673469,3.1755102040816325,-2.2013554712549976,-1.9502209634013554,-0.10076157814425377
0.4897959183673469,3.316326530612245,-2.3216341678297296,-1.8240657629282908,-0.21749448773639288
0.4897959183673469,3.457142857142857,-2.456541021172222,-1.719225710120515,-0.35701518122827147
0.4897959183673469,3.5979591836734692,-2.607539744040401,-1.6310477899654359,-0.529200102630422
0.4897959183673469,3.7387755102040816,-2.7727842696402902,-1.5559711771543885,-0.7521059214775079
0.4897959183673469,3.8795918367346935,-2.939435645092335,-1.4913422642925453,-1.064583926243177
0.4897959183673469,4.020408163265306,-3.068688953071136,-1.4351761450857705,-1.5796739794306445
0.4897959183673469,4.161224489795918,-3.098094330404772,-1.3859679298483678,-3.1534470205926217
0.4897959183673469,4.302040816326531,-3.008705109692133,-1.342559211289129,-1.8872406697988298
0.4897959183673469,4.442857142857143,-2.8542348684179326,-1.3040443327187576,-1.173153903837446
0.4897959183673469,4.5836734693877546,-2.6878436949004127,-1.2697048168317209,-0.7757691467957293
0.4897959183673469,4.724489795918367,-2.532044268860718,-1.238963206683189,-0.4958982914517809
0.4897959183673469,4.865306122448979,-2.392213399240281,-1.211349693642778,-0.2778343082502983
0.4897959183673469,5.006122448979592,-2.267850154127017,-1.1864778812941552,-0.09792610190958136
0.4897959183673469,5.146938775510204,-2.1569708002938963,-1.164026789637333,0.05610208692081826
0.4897959183673469,5.2877551020408164,-2.057492640198814,-1.1437273799582366,0.19144930092641005
0.4897959183673469,5.428571428571429,-1.9676007494363776,-1.1253522570773604,0.3127026188355517
0.4897959183673469,5.56938775510204,-1.8857997753035551,-1.1087077259431064,0.42296677812006345
0.4897959183673469,5.710204081632653,-1.810878114415592,-1.0936276020744475,0.5244424432008941
0.4897959183673469,5.851020408163265,-1.7418556403823733,-1.0799683106174491,0.6187474570857378
0.4897959183673469,5.9918367346938775,-1.677935689936609,-1.0676049505967349,0.707106915295983
0.4897959183673469,6.13265306122449,-1.6184658884575063,-1.0564281255228563,0.7904716944141372
0.4897959183673469,6.273469387755102,-1.5629075074665617,-1.0463413464342481,0.8695954545238388
0.4897959183673469,6.414285714285714,-1.5108118416204295,-1.037258863781274,0.9450863417167062
0.4897959183673469,6.555102040816326,-1.4618020431376364,-1.029103859017593,1.0174428859657927
0.4897959183673469,6.6959183673469385,-1.4155591049378156,-1.0218068912575584,1.0870794716733627
0.4897959183673469,6.836734693877551,-1.3718109770866314,-1.0153045400113185,1.1543448449608007
0.4897959183673469,6.977551020408163,-1.3303240549236428,-1.00953821866059,1.2195358811106676
0.4897959183673469,7.118367346938776,-1.290896464083407,-1.0044530784719594,1.2829078674877359
0.4897959183673469,7.259183673469387,-1.2533527221542764,-0.9999970008260927,1.3446824234263637
0.4897959183673469,7.4,-1.2175394605983694,-0.9961196470980715,1.4050536304064953
0.5306122448979591,0.5,-1.0739274880274137,0.20892245620646943,0.7931713230226058
0.5306122448979591,0.6408163265306123,-1.1089972741997902,0.06904891683154973,0.7717159313263748
0.5306122448979591,0.7816326530612245,-1.1454108499494702,-0.06798825940950828,0.7487471982338753
0.5306122448979591,0.9224489795918367,-1.1832937972024593,-0.20318337557575428,0.7242138163333884
0.5306122448979591,1.063265306122449,-1.2227835391745703,-0.33760563542128086,0.6980349742709547
0.5306122448979591,1.2040816326530612,-1.2640328072283074,-0.47238839135780575,0.6701018134630269
0.5306122448979591,1.3448979591836734,-1.3072133960896555,-0.6087521374912057,0.6402769411589918
0.5306122448979591,1.4857142857142858,-1.352520469231842,-0.7480497503758546,0.6083922367568073
0.5306122448979591,1.626530612244898,-1.400177688875366,-0.8918330434678565,0.574244959441192
0.5306122448979591,1.76734693877551,-1.4504434915841014,-1.0419450969742958,0.5375919752755878
0.5306122448979591,1.9081632653061225,-1.5036189091758545,-1.2006452467043203,0.4981416710809708
0.5306122448979591,2.0489795918367344,-1.560057455776772,-1.3707691014793806,0.4555429010306951
0.5306122448979591,2.1897959183673468,-1.6201777662430077,-1.5558929233030487,0.409369861294315
0.5306122448979591,2.330612244897959,-1.6844798956160765,-1.760322223159487,0.3591012676830041
0.5306122448979591,2.4714285714285715,-1.75356646378306,-1.988091944017431,0.3040912231999161
0.5306122448979591,2.6122448979591835,-1.828170117798574,-2.2375992651408936,0.24352765370270735
0.5306122448979591,2.753061224489796,-1.90918891847749,-2.48062479275304,0.17637137396770053
0.5306122448979591,2.8938775510204082,-1.9977307215834055,-2.6224399556264113,0.10126425392798942
0.5306122448979591,3.03469387755102,-2.095164813922822,-2.573754755943493,0.01638504504526153
0.5306122448979591,3.1755102040816325,-2.2031693090369076,-2.41153050918346,-0.08078651872723555
0.5306122448979591,3.316326530612245,-2.3237317622080305,-2.2372934382786043,-0.19387875949063835
0.5306122448979591,3.457142857142857,-2.4589642450637803,-2.0843665042076425,-0.32838828135934717
0.5306122448979591,3.5979591836734692,-2.610297938935608,-1.9558625562777767,-0.49323063867945754
0.5306122448979591,3.7387755102040816,-2.7757581689722723,-1.848167285197152,-0.7043319300864946
0.5306122448979591,3.8795918367346935,-2.942126711175931,-1.757172752785545,-0.9946800191812314
0.5306122448979591,4.020408163265306,-3.069902506950271,-1.6794896134551007,-1.4531425789234842
0.5306122448979591,4.161224489795918,-3.0966542825875956,-1.6125054292334093,-2.554589769537036
0.5306122448979591,4.302040816326531,-3.0051739568929783,-1.554230918044164,-2.1243053005283996
0.5306122448979591,4.442857142857143,-2.8500076149246807,-1.503142151551786,-1.2729258197877213
0.5306122448979591,4.5836734693877546,-2.683694118560258,-1.458057821950866,-0.8397233560338871
0.5306122448979591,4.724489795918367,-2.528207786242732,-1.4180501529581762,-0.5433437456566842
0.5306122448979591,4.865306122448979,-2.3887147713301973,-1.3823805548144485,-0.3157778282114599
0.5306122448979591,5.006122448979592,-2.2646535640932766,-1.3504536394867033,-0.12969308682690053
0.5306122448979591,5.146938775510204,-2.154029908532835,-1.3217837377211654,0.028672939149679787
0.5306122448979591,5.2877551020408164,-2.0547649559583743,-1.2959703505360534,0.1672347471606271
0.5306122448979591,5.428571428571429,-1.9650506682698665,-1.2726798465943772,0.29096637970703043
0.5306122448979591,5.56938775510204,-1.8833982865927779,-1.25163164110282,0.4032001919506825
0.5306122448979591,5.710204081632653,-1.8086017155607006,-1.2325876421947335,0.5062795008573701
0.5306122448979591,5.851020408163265,-1.7396852259422178,-1.2153440672348617,0.6019161302751747
0.5306122448979591,5.9918367346938775,-1.6758556141643106,-1.1997249934944367,0.6913996235332853
0.5306122448979591,6.13265306122449,-1.6164632235216527,-1.1855772467198336,0.7757265465404782
0.5306122448979591,6.273469387755102,-1.560971469808974,-1.1727662785869,0.8556838707598698
0.5306122448979591,6.414285714285714,-1.5089333511108847,-1.161172779799211,0.9319046176663922
0.5306122448979591,6.555102040816326,-1.4599733840610487,-1.1506898863086472,1.0049062848255903
0.5306122448979591,6.6959183673469385,-1.4137736636422273,-1.141220809703184,1.0751179888340476
0.5306122448979591,6.836734693877551,-1.3700630379223306,-1.1326767944278453,1.1429001118603017
0.5306122448979591,6.977551020408163,-1.3286086397139272,-1.1249753387726318,1.2085588557407527
0.5306122448979591,7.118367346938776,-1.2892092053965931,-1.1180385807195823,1.2723570903263042
0.5306122448979591,7.259183673469387,-1.2516897622584109,-1.1117918235694766,1.3345226798946472
0.5306122448979591,7.4,-1.215897370336445,-1.1061621595598083,1.3952549174248556
0.5714285714285714,0.5,-1.0740434424863587,0.26839286808918505,0.7954099854425182
0.5714285714285714,0.6408163265306123,-1.1091477634049662,0.13609958207512204,0.7743512114478549
0.5714285714285714,0.7816326530612245,-1.1455970029702338,0.007246108051279335,0.7517762639323163
0.5714285714285714,0.9224489795918367,-1.1835170858340263,-0.11900481051575586,0.7276406171682731
0.5714285714285714,1.063265306122449,-1.223045845745776,-0.2435266261705268,0.7018697182258734
0.5714285714285714,1.2040816326530612,-1.2643364890130535,-0.3672079595419322,0.6743608111019455
0.5714285714285714,1.3448979591836734,-1.3075613561092911,-0.4909588360952437,0.6449827666011285
0.5714285714285714,1.4857142857142858,-1.3529162407867017,-0.6157312717264292,0.6135741964201471
0.5714285714285714,1.626530612244898,-1.4006255410000634,-0.7425500481850386,0.5799398903441894
0.5714285714285714,1.76734693877551,-1.4509485633895578,-0.8725537171457897,0.5438454284683385
0.5714285714285714,1.9081632653061225,-1.5041873826275132,-1.0070479566043722,0.5050095781729906
0.5714285714285714,2.0489795918367344,-1.5606967792178268,-1.1475746786839192,0.46309387904233645
0.5714285714285714,2.1897959183673468,-1.6208969450942474,-1.2959993579293532,0.4176883935703337
0.5714285714285714,2.330612244897959,-1.6852898717692353,-1.4546114984887581,0.3682921337683359
0.5714285714285714,2.4714285714285715,-1.7544806110305318,-1.626201311962806,0.31428575922213076
0.5714285714285714,2.6122448979591835,-1.8292048861760466,-1.813958904985372,0.25489278565792567
0.5714285714285714,2.753061224489796,-1.9103646591685384,-2.02062077878105,0.18912300784111993
0.5714285714285714,2.8938775510204082,-1.9990726951034363,-2.2448271398444684,0.11568776635585393
0.5714285714285714,3.03469387755102,-2.096704280741064,-2.468701397306207,0.03286791790894323
0.5714285714285714,3.1755102040816325,-2.2049442451779595,-2.6321694206876503,-0.061700282588635795
0.5714285714285714,3.316326530612245,-2.325785651463533,-2.6513248687957476,-0.17139201838105467
0.5714285714285714,3.457142857142857,-2.4613379964972384,-2.539436370215208,-0.3012661592650308
0.5714285714285714,3.5979591836734692,-2.6129996644211486,-2.3838231427249412,-0.459409119491217
0.5714285714285714,3.7387755102040816,-2.778667063006842,-2.2343763779201797,-0.6599636193272553
0.5714285714285714,3.8795918367346935,-2.944743783461776,-2.1040450338519285,-0.9312504386247404
0.5714285714285714,4.020408163265306,-3.0710454325619483,-1.992947982385976,-1.3447825880495374
0.5714285714285714,4.161224489795918,-3.0951920814051954,-1.8982861075698387,-2.209119037269113
0.5714285714285714,4.302040816326531,-3.0016920707699817,-1.8171134192588567,-2.4438585439245726
0.5714285714285714,4.442857142857143,-2.845866100401725,-1.7469503883242548,-1.383407990026142
0.5714285714285714,4.5836734693877546,-2.6796358230085944,-1.6858268061100188,-0.9074405358977092
0.5714285714285714,4.724489795918367,-2.52445660935633,-1.6321986636657166,-0.592596374541738
0.5714285714285714,4.865306122448979,-2.385293072487473,-1.5848520745797594,-0.35473245285630556
0.5714285714285714,5.006122448979592,-2.2615259986626493,-1.5428249977693134,-0.16207782463201498
0.5714285714285714,5.146938775510204,-2.1511512690561534,-1.5053467405649925,0.0008452603044284048
0.5714285714285714,5.2877551020408164,-2.0520938813563507,-1.4717929169750628,0.1427542626363865
0.5714285714285714,5.428571428571429,-1.9625525179231336,-1.4416519804660906,0.26904929937587535
0.5714285714285714,5.56938775510204,-1.88104483418923,-1.4145002317333957,0.3833098438660664
0.5714285714285714,5.710204081632653,-1.8063700884636245,-1.3899830099176764,0.4880324150019781
0.5714285714285714,5.851020408163265,-1.7375568249215974,-1.3678003734273991,0.5850289024346941
0.5714285714285714,5.9918367346938775,-1.6738152028788356,-1.3476960240645648,0.6756569912543305
0.5714285714285714,6.13265306122449,-1.6144982078316539,-1.329448677623954,0.760961270744142
0.5714285714285714,6.273469387755102,-1.5590713408571832,-1.312865233489965,0.8417635557426011
0.5714285714285714,6.414285714285714,-1.5070892570203853,-1.2977752632730541,0.9187227749396101
0.5714285714285714,6.555102040816326,-1.458177800365438,-1.2840265399305384,0.9923761070855267
0.5714285714285714,6.6959183673469385,-1.4120201384065287,-1.271481315406489,1.063167906529769
0.5714285714285714,6.836734693877551,-1.3683459931069455,-1.2600131694978838,1.1314705533673701
0.5714285714285714,6.977551020408163,-1.3269232152449337,-1.2495043131430452,1.1975998422720349
0.5714285714285714,7.118367346938776,-1.2875511355072444,-1.2398431990615424,1.2618264213109784
0.5714285714285714,7.259183673469387,-1.2500552780399619,-1.230922399605674,1.3243845510337398
0.5714285714285714,7.4,-1.2142831198715662,-1.2226366557135613,1.3854788463247574
0.6122448979591836,0.5,-1.074153458391963,0.32102598520351544,0.7975112203447772
0.6122448979591836,0.6408163265306123,-1.1092911226089401,0.19523784865025387,0.7768397289557365
0.6122448979591836,0.7816326530612245,-1.1457749400776585,0.07329341436474789,0.7546495113981555
0.6122448979591836,0.9224489795918367,-1.1837311409341498,-0.04553879635382528,0.73090244510857
0.6122448979591836,1.063265306122449,-1.2232979390682241,-0.16200477483223757,0.7055299147974954
0.6122448979591836,1.2040816326530612,-1.2646289902308072,-0.27683998828138673,0.6784349716316899
0.6122448979591836,1.3448979591836734,-1.3078971582174914,-0.3907683451803227,0.6494924564396949
0.6122448979591836,1.4857142857142858,-1.353298846447922,-0.5045120696504329,0.6185473984351868
0.6122448979591836,1.626530612244898,-1.4010591687469207,-0.6188074379142146,0.5854117595070455
0.6122448979591836,1.76734693877551,-1.4514382816232136,-0.7344248306629734,0.5498594048680753
0.6122448979591836,1.9081632653061225,-1.5047392810763767,-0.8521930317998212,0.5116189487418518
0.6122448979591836,2.0489795918367344,-1.5613181901878195,-0.9730285933739248,0.4703639323425375
0.6122448979591836,2.1897959183673468,-1.6215967306932255,-1.0979713249786898,0.4256993832411523
0.6122448979591836,2.330612244897959,-1.6860787982359149,-1.2282264981641668,0.37714339012070996
0.6122448979591836,2.4714285714285715,-1.7553718377521497,-1.3652117581605332,0.3241014786699002
0.6122448979591836,2.6122448979591835,-1.830214601340588,-1.5105979523512136,0.26583034414991435
0.6122448979591836,2.753061224489796,-1.9115128928814547,-1.6663067020256284,0.20138521641677748
0.6122448979591836,2.8938775510204082,-2.000384313266194,-1.8343489702213323,0.12954149069292772
0.6122448979591836,3.03469387755102,-2.0982100568406468,-2.0161557291786405,0.04867351453952863
0.6122448979591836,3.1755102040816325,-2.2066815528185346,-2.210396144804612,-0.04344036068463352
0.6122448979591836,3.316326530612245,-2.327797226133281,-2.406831759215083,-0.14994805631514607
0.6122448979591836,3.457142857142857,-2.4636638169546567,-2.573878996594675,-0.2755208078573896
0.6122448979591836,3.5979591836734692,-2.6156466625283437,-2.6557409649955965,-0.42752501176781504
0.6122448979591836,3.7387755102040816,-2.7815129956431237,-2.622734043934909,-0.6185968108138917
0.6122448979591836,3.8795918367346935,-2.9472894097469973,-2.514272663246999,-0.8732865022902478
0.6122448979591836,4.020408163265306,-3.0721210362071103,-2.383959927790222,-1.250249077961379
0.6122448979591836,4.161224489795918,-3.093710558026074,-2.25899460652246,-1.966764884031469
0.6122448979591836,4.302040816326531,-2.998259388288334,-2.147554309472727,-2.941739499688046
0.6122448979591836,4.442857142857143,-2.8418080488603827,-2.050364724157276,-1.5074926633061712
0.6122448979591836,4.5836734693877546,-2.6756659387902073,-1.9659450817898718,-0.9794891934923605
0.6122448979591836,4.724489795918367,-2.520787963760779,-1.8924196045239217,-0.6438455381148722
0.6122448979591836,4.865306122448979,-2.381945806474111,-1.828059771220783,-0.3947799723976429
0.6122448979591836,5.006122448979592,-2.258465248110292,-1.7714071703611873,-0.19512171790543048
0.6122448979591836,5.146938775510204,-2.1483329242949907,-1.7212662918788146,-0.027404300496837796
0.6122448979591836,5.2877551020408164,-2.049477669406984,-1.6766639485547696,0.11799357011877454
0.6122448979591836,5.428571428571429,-1.9601047252792634,-1.6368061525109896,0.24694207530185508
0.6122448979591836,5.56938775510204,-1.878737988681649,-1.6010407562008844,0.36328934372474875
0.6122448979591836,5.710204081632653,-1.8041819233617564,-1.5688273768227756,0.469696595885217
0.6122448979591836,5.851020408163265,-1.735469227908115,-1.5397137839019506,0.5680823435911536
0.6122448979591836,5.9918367346938775,-1.6718133314563035,-1.5133174531884814,0.6598763639976583
0.6122448979591836,6.13265306122449,-1.6125697893851776,-1.4893111719844951,0.7461737519564818
0.6122448979591836,6.273469387755102,-1.5572061311656489,-1.4674117194955139,0.8278327791802716
0.6122448979591836,6.414285714285714,-1.5052786242015939,-1.44737086141723,0.9055393678314668
0.6122448979591836,6.555102040816326,-1.45641440442218,-1.428968128267836,0.979851123699256
0.6122448979591836,6.6959183673469385,-1.4102976831048641,-1.4120049275334603,1.0512281624787143
0.6122448979591836,6.836734693877551,-1.3666590335373257,-1.3962996811731145,1.1200552417196858
0.6122448979591836,6.977551020408163,-1.3252670052626216,-1.3816837405560431,1.1866580210868032
0.6122448979591836,7.118367346938776,-1.2859215084195703,-1.367997930243408,1.2513151358802141
0.6122448979591836,7.259183673469387,-1.2484485498570366,-1.3550895574530748,1.3142673885584812
0.6122448979591836,7.4,-1.212696013344898,-1.342809834816878,1.3757248351108746
0.6530612244897959,0.5,-1.0742579574673483,0.3679916780354292,0.7994867482926692
0.6530612244897959,0.6408163265306123,-1.109427827957484,0.24787746113400846,0.7791930406343057
0.6530612244897959,0.7816326530612245,-1.1459451789052923,0.1318754344989825,0.7573784131005586
0.6530612244897959,0.9224489795918367,-1.183936513033953,0.01932898085644549,0.7340107710130812
0.6530612244897959,1.063265306122449,-1.22354039707751,-0.09042045928487742,0.7090271204616448
0.6530612244897959,1.2040816326530612,-1.2649109129171658,-0.19800713332364814,0.6823360312364968
0.6530612244897959,1.3448979591836734,-1.3082214269547054,-0.30403678444439575,0.6538180298309307
0.6530612244897959,1.4857142857142858,-1.3536689329110587,-0.40909170181341287,0.623324261650195
0.6530612244897959,1.626530612244898,-1.4014792416283746,-0.513739865849971,0.5906735204737955
0.6530612244897959,1.76734693877551,-1.4519133401245834,-0.6185461744614311,0.5556475520643185
0.6530612244897959,1.9081632653061225,-1.5052753249968032,-0.7240850130396721,0.5179843218100119
0.6530612244897959,2.0489795918367344,-1.5619224388027513,-0.8309540564591269,0.4773687345038551
0.6530612244897959,2.1897959183673468,-1.6222779064769859,-0.9397894134872198,0.4334199508099454
0.6530612244897959,2.330612244897959,-1.6868474964537714,-1.0512821003442507,0.38567401615312924
0.6530612244897959,2.4714285714285715,-1.756241008868912,-1.1661955051251935,0.3335597761666627
0.6530612244897959,2.6122448979591835,-1.8312001782101885,-1.2853819504689201,0.2763649146540823
0.6530612244897959,2.753061224489796,-1.9126345926966712,-1.4097933831295153,0.21318688887312956
0.6530612244897959,2.8938775510204082,-2.001666617081875,-1.5404733846307945,0.14286029743406153
0.6530612244897959,3.03469387755102,-2.0996832631885614,-1.6784987517889722,0.06384531174483922
0.6530612244897959,3.1755102040816325,-2.2083824472265183,-1.824794738816671,-0.025950337867679207
0.6530612244897959,3.316326530612245,-2.329767817530279,-1.97964451044725,-0.12946973188306413
0.6530612244897959,3.457142857142857,-2.465943181629836,-2.1414919121383678,-0.2510393390520172
0.6530612244897959,3.5979591836734692,-2.6182406021491222,-2.3043042359376606,-0.39739647230882863
0.6530612244897959,3.7387755102040816,-2.784297924565702,-2.4530123214665607,-0.579894143014052
0.6530612244897959,3.8795918367346935,-2.949766049680267,-2.5605260447243268,-0.8199967545880029
0.6530612244897959,4.020408163265306,-3.073132479613324,-2.5987994355629085,-1.1665840207422136
0.6530612244897959,4.161224489795918,-3.092212326613138,-2.564844895681858,-1.7807443535217318
0.6530612244897959,4.302040816326531,-2.9948757593544104,-2.484210594374041,-4.1792925091615745
0.6530612244897959,4.442857142857143,-2.8378312960190817,-2.38568790974767,-1.6494098054905448
0.6530612244897959,4.5836734693877546,-2.6717817142979228,-2.2865481546333966,-1.0565732279037499
0.6530612244897959,4.724489795918367,-2.5171991848967568,-2.194145056723333,-0.6973104463641048
0.6530612244897959,4.865306122448979,-2.378670575805872,-2.1106758184776573,-0.43601167249878253
0.6530612244897959,5.006122448979592,-2.255469196375533,-2.0361637110831254,-0.2288697572334373
0.6530612244897959,5.146938775510204,-2.145572998904913,-1.969849828652404,-0.056100676526090555
0.6530612244897959,5.2877551020408164,-2.0469146454561176,-1.9107727173021671,0.09293763529072643
0.6530612244897959,5.428571428571429,-1.9577057806271703,-1.8579911755603562,0.22463500669880862
0.6530612244897959,5.56938775510204,-1.8764763768749357,-1.8106591271088048,0.3431320773125376
0.6530612244897959,5.710204081632653,-1.8020359608227412,-1.7680411898138177,0.4512673196646522
0.6530612244897959,5.851020408163265,-1.7334212713568806,-1.7295060098578847,0.5510729500024094
0.6530612244897959,5.9918367346938775,-1.6698489179133262,-1.6945125289307696,0.6440550566026239
0.6530612244897959,6.13265306122449,-1.6106769554910243,-1.662595231967359,0.7313618652812193
0.6530612244897959,6.273469387755102,-1.5553748878513822,-1.6333506359833911,0.8138898154926096
0.6530612244897959,6.414285714285714,-1.503500551607951,-1.6064255786032366,0.8923529608419432
0.6530612244897959,6.555102040816326,-1.4546823403946534,-1.581507414215262,0.9673301150434729
0.6530612244897959,6.6959183673469385,-1.4086054823697973,-1.558315860726801,1.0392977069190446
0.6530612244897959,6.836734693877551,-1.3650013789696305,-1.536596234933561,1.1086532582736626
0.6530612244897959,6.977551020408163,-1.3236392610920766,-1.5161138713770101,1.1757325859378043
0.6530612244897959,7.118367346938776,-1.2843196025971473,-1.4966494954624612,1.2408225124475742
0.6530612244897959,7.259183673469387,-1.2468688813648285,-1.4779954279448795,1.3041705470817933
0.6530612244897959,7.4,-1.211135377142569,-1.4599524757852205,1.36599230457131
0.6938775510204082,0.5,-1.074357324834182,0.41019571750098816,0.8013470673009764
0.6938775510204082,0.6408163265306123,-1.109558316086379,0.29509752370108827,0.7814215679703269
0.6938775510204082,0.7816326530612245,-1.1461081960047665,0.1842856358138134,0.7599733724565568
0.6938775510204082,0.9224489795918367,-1.1841337107864198,0.07715892160952686,0.7369760457094022
0.6938775510204082,1.063265306122449,-1.2237737555621084,-0.026878236897060627,0.7123719050687595
0.6938775510204082,1.2040816326530612,-1.2651828170326624,-0.1283897619772377,0.6860747586692703
0.6938775510204082,1.3448979591836734,-1.3085347449223954,-0.22790236795083815,0.657970544627474
0.6938775510204082,1.4857142857142858,-1.3540271051377657,-0.325908379284146,0.6279162361797614
0.6938775510204082,1.626530612244898,-1.4018863875555438,-0.4228718542724769,0.5957371364235325
0.6938775510204082,1.76734693877551,-1.4523743911789386,-0.5192359428943478,0.5612224923550893
0.6938775510204082,1.9081632653061225,-1.5057961932023112,-0.6154305347687122,0.5241191522247839
0.6938775510204082,2.0489795918367344,-1.56251023326666,-0.7118798945624949,0.48412279551727716
0.6938775510204082,2.1897959183673468,-1.6229412136180816,-0.8090100887259671,0.4408659446770307
0.6938775510204082,2.330612244897959,-1.6875967448631974,-0.9072560433928112,0.3939015698338098
0.6938775510204082,2.4714285714285715,-1.7570889454453684,-1.0070679620253964,0.3426804209466363
0.6938775510204082,2.6122448979591835,-1.8321624868343256,-1.1089164077278473,0.2865191722182409
0.6938775510204082,2.753061224489796,-1.9137306853128635,-1.2132945733408087,0.22455460271210317
0.6938775510204082,2.8938775510204082,-2.002920599293819,-1.3207150333601372,0.15567614870985672
0.6938775510204082,3.03469387755102,-2.1011249699834416,-1.4316950993741857,0.078422961107092
0.6938775510204082,3.1755102040816325,-2.210048091810762,-1.5467198821081027,-0.009179072935511113
0.6938775510204082,3.316326530612245,-2.3316986998079297,-1.6661619826612373,-0.10988780917325626
0.6938775510204082,3.457142857142857,-2.4681775036334166,-1.7901172671267944,-0.22772174370244422
0.6938775510204082,3.5979591836734692,-2.6207830823700204,-1.918084896914187,-0.36886555222934553
0.6938775510204082,3.7387755102040816,-2.787023726349574,-2.0483759976915423,-0.5435711268225505
0.6938775510204082,3.8795918367346935,-2.9521760570690443,-2.1771247394333906,-0.7707481621029375
0.6938775510204082,4.020408163265306,-3.0740827733218894,-2.296980357595275,-1.0916838749497964
0.6938775510204082,4.161224489795918,-3.0906998045371745,-2.396376008141805,-1.6302797564878229
0.6938775510204082,4.302040816326531,-2.9915409457822553,-2.4616899588991257,-3.5355355506905712
0.6938775510204082,4.442857142857143,-2.833933695981147,-2.4838675780807935,-1.8157199462767928
0.6938775510204082,4.5836734693877546,-2.6679805024098835,-2.4648492955076233,-1.13957929666939
0.6938775510204082,4.724489795918367,-2.513687728017938,-2.4160918430921745,-0.7532463287571821
0.6938775510204082,4.865306122448979,-2.3754650903337833,-2.3511287127014464,-0.47852949747481954
0.6938775510204082,5.006122448979592,-2.2525358078301636,-2.2802618274203272,-0.2633711996986207
0.6938775510204082,5.146938775510204,-2.142869689359703,-2.209634715752412,-0.08527067500262471
0.6938775510204082,5.2877551020408164,-2.0444032002449757,-2.1423327007145994,0.06757052736796992
0.6938775510204082,5.428571428571429,-1.9553542339212366,-2.079630153845032,0.20211794440022288
0.6938775510204082,5.56938775510204,-1.8742586795855265,-2.0218432007293443,0.32283120431509976
0.6938775510204082,5.710204081632653,-1.7999309913979726,-1.9688195829155228,0.43273976889163207
0.6938775510204082,5.851020408163265,-1.731411836146094,-1.9201988446934992,0.533997154063611
0.6938775510204082,5.9918367346938775,-1.6679209198704652,-1.8755445076186958,0.6281903296419221
0.6938775510204082,6.13265306122449,-1.608818730536274,-1.8344081211004626,0.7165234548978661
0.6938775510204082,6.273469387755102,-1.5535766926761247,-1.796358491830911,0.7999329253331167
0.6938775510204082,6.414285714285714,-1.5017541706387103,-1.7609932138353082,0.879162114316117
0.6938775510204082,6.555102040816326,-1.452980783101803,-1.7279414769897166,0.9548118670048472
0.6938775510204082,6.6959183673469385,-1.4069427484646497,-1.6968627638434473,1.0273754946709461
0.6938775510204082,6.836734693877551,-1.3633722753966304,-1.6674438271149619,1.0972636927367967
0.6938775510204082,6.977551020408163,-1.3220392582792198,-1.6393951528010349,1.1648227271084755
0.6938775510204082,7.118367346938776,-1.2827447208979896,-1.6124475302098662,1.2303478372273298
0.6938775510204082,7.259183673469387,-1.2453155994950793,-1.5863489973771698,1.294093388960193
0.6938775510204082,7.4,-1.2096005599041357,-1.560862316614342,1.356280682613443
0.7346938775510203,0.5,-1.074451912617285,0.44835271564750045,0.803101600141442
0.7346938775510203,0.6408163265306123,-1.1096829878583279,0.3377392685960406,0.7835347283912495
0.7346938775510203,0.7816326530612245,-1.1462644305745535,0.23151903561760284,0.7624438428434201
0.7346938775510203,0.9224489795918367,-1.1843232047492673,0.12913381224460044,0.7398078086740072
0.7346938775510203,1.063265306122449,-1.2239985118684509,0.03003534946295385,0.7155739535270287
0.7346938775510203,1.2040816326530612,-1.2654452239674578,-0.06628909662077133,0.689661052395443
0.7346938775510203,1.3448979591836734,-1.3088376562179986,-0.16031079140464877,0.6619601913554284
0.7346938775510203,1.4857142857142858,-1.354373929611437,-0.2524612842359099,0.6323338962114382
0.7346938775510203,1.626530612244898,-1.4022811960183565,-0.3431370910586444,0.6006136735418166
0.7346938775510203,1.76734693877551,-1.452822048614552,-0.43270526905108203,0.5665959135887975
0.7346938775510203,1.9081632653061225,-1.5063025258721605,-0.521508931598549,0.5300359110122285
0.7346938775510203,2.0489795918367344,-1.5630822427897648,-0.6098723595488459,0.490639569404009
0.7346938775510203,2.1897959183673468,-1.6235873538101715,-0.6981054782857317,0.4480520584052608
0.7346938775510203,2.330612244897959,-1.6883272818495185,-0.7865075632409745,0.4018423217676543
0.7346938775510203,2.4714285714285715,-1.757916427516597,-0.8753699977185545,0.3514817119824004
0.7346938775510203,2.6122448979591835,-1.8331023550188674,-0.9649777344632448,0.29631406943574634
0.7346938775510203,2.753061224489796,-1.9148020537417128,-1.0556088736548712,0.23551285580481224
0.7346938775510203,2.8938775510204082,-2.0041472071131805,-1.1475315400723753,0.16801840453183475
0.7346938775510203,3.03469387755102,-2.102536199839481,-1.2409962702491597,0.09244271856698581
0.7346938775510203,3.1755102040816325,-2.211679598116494,-1.3362214144789526,0.006919876876399707
0.7346938775510203,3.316326530612245,-2.3335910931647685,-1.4333675151019551,-0.09113991984500892
0.7346938775510203,3.457142857142857,-2.470368138078784,-1.5324936672451208,-0.20547899979976925
0.7346938775510203,3.5979591836734692,-2.623275637739394,-1.633486125922303,-0.34179407868727735
0.7346938775510203,3.7387755102040816,-2.789692202955494,-1.7359447557270604,-0.5093856784145705
0.7346938775510203,3.8795918367346935,-2.95452168853957,-1.8390100131297038,-0.7250266188302111
0.7346938775510203,4.020408163265306,-3.074974782397551,-1.9411188296565682,-1.023999210170462
0.7346938775510203,4.161224489795918,-3.08917521935985,-2.0397060950518315,-1.5043070496414466
0.7346938775510203,4.302040816326531,-2.9882546368885907,-2.1309505452829867,-2.7574136801022924
0.7346938775510203,4.442857142857143,-2.830113165651667,-2.2098106417868824,-2.017411443859585
0.7346938775510203,4.5836734693877546,-2.6642597559596592,-2.2707189159001784,-1.2296462698645396
0.7346938775510203,4.724489795918367,-2.510251148176996,-2.3091076725078885,-0.8119534236318674
0.7346938775510203,4.865306122448979,-2.372327156738177,-2.3232026132100523,-0.5224479958250638
0.7346938775510203,5.006122448979592,-2.2496631450757585,-2.314843744625168,-0.29867953880768483
0.7346938775510203,5.146938775510204,-2.140221271852138,-2.2886390825433196,-0.11494292139409473
0.7346938775510203,5.2877551020408164,-2.0419417859073716,-2.2501664282865725,0.04187533584359813
0.7346938775510203,5.428571428571429,-1.9530486895778472,-2.204458830509015,0.17938023508705966
0.7346938775510203,5.56938775510204,-1.872083628314234,-2.155324332893008,0.30237962835808835
0.7346938775510203,5.710204081632653,-1.797865847825454,-2.1053180938302853,0.4141089063605117
0.7346938775510203,5.851020408163265,-1.7294398448063313,-2.0559988927386095,0.5168513072657203
0.7346938775510203,5.9918367346938775,-1.6660283345994935,-2.008227402539844,0.6122794253713292
0.7346938775510203,6.13265306122449,-1.6069941760521032,-1.962409689523171,0.7016563773284248
0.7346938775510203,6.273469387755102,-1.5518106597698713,-1.918669448925177,0.7859603522919574
0.7346938775510203,6.414285714285714,-1.5000386427312482,-1.876961675471362,0.8659653799693285
0.7346938775510203,6.555102040816326,-1.4513089354426754,-1.8371443169431667,0.9422951597838852
0.7346938775510203,6.6959183673469385,-1.4053087210270048,-1.799022650613861,1.0154604825582116
0.7346938775510203,6.836734693877551,-1.3617709947813068,-1.7623762019687557,1.0858856402621866
0.7346938775510203,6.977551020408163,-1.3204662977223138,-1.7269748586097309,1.1539276542400387
0.7346938775510203,7.118367346938776,-1.2811961895096027,-1.6925884670220082,1.21989040327244
0.7346938775510203,7.259183673469387,-1.243788053536513,-1.6589924501607378,1.2840352845903362
0.7346938775510203,7.4,-1.2080909316809207,-1.6259710903021587,1.3465894047179583
0.7755102040816326,0.5,-1.0745420431758559,0.48303564623417666,0.8047588200531397
0.7755102040816326,0.6408163265306123,-1.1098022118017679,0.3764703903860852,0.7855410476745738
0.7755102040816326,0.7816326530612245,-1.1464142879645889,0.2743565658683553,0.7647984295866557
0.7755102040816326,0.9224489795918367,-1.184505430769352,0.1761705015698336,0.7425147832505863
0.7755102040816326,1.063265306122449,-1.2242151281986244,0.08140108489045202,0.7186421553763751
0.7755102040816326,1.2040816326530612,-1.2656986198022224,-0.010425558873442917,0.6931040260260597
0.7755102040816326,1.3448979591836734,-1.3091306695369174,-0.0997400176560557,0.6657963764161348
0.7755102040816326,1.4857142857142858,-1.3547099373980018,-0.1869308544981241,0.6365870223476987
0.7755102040816326,1.626530612244898,-1.4026642209943014,-0.27234856795592643,0.6053133839679975
0.7755102040816326,1.76734693877551,-1.4532568905925758,-0.3563102983501634,0.5717786574204814
0.7755102040816326,1.9081632653061225,-1.5067949272768006,-0.4391043831848405,0.5357461746714621
0.7755102040816326,2.0489795918367344,-1.563639100336618,-0.5209944008462958,0.4969315498500089
0.7755102040816326,2.1897959183673468,-1.6242169919205307,-0.6022225306386447,0.4549919364459797
0.7755102040816326,2.330612244897959,-1.689039808194819,-0.6830121058631429,0.40951137214081285
0.7755102040816326,2.4714285714285715,-1.758724196668618,-0.7635692859217984,0.3599806152400956
0.7755102040816326,2.6122448979591835,-1.8340205710303088,-0.8440836820641355,0.30576900119307043
0.7755102040816326,2.753061224489796,-1.915849539984092,-0.924727660125289,0.24608427183061848
0.7755102040816326,2.8938775510204082,-2.0053473449586843,-1.005654105185622,0.1799140913653599
0.7755102040816326,3.03469387755102,-2.103917930416968,-1.0869919088191022,0.10593781301087962
0.7755102040816326,3.1755102040816325,-2.213278030622463,-1.168838509260302,0.02238883649978757
0.7755102040816326,3.316326530612245,-2.335446166811206,-1.2512485026112181,-0.07316969560870173
0.7755102040816326,3.457142857142857,-2.4725163847491003,-1.3342165307697003,-0.1842315435959918
0.7755102040816326,3.5979591836734692,-2.625719741135772,-1.4176527849628617,-0.31606054279086626
0.7755102040816326,3.7387755102040816,-2.792305084822974,-1.5013487900645193,-0.47712995000176744
0.7755102040816326,3.8795918367346935,-2.9568051090686187,-1.5849310191760866,-0.6824090291171577
0.7755102040816326,4.020408163265306,-3.075811231357454,-1.667801703823082,-0.9623556924126709
0.7755102040816326,4.161224489795918,-3.0876406591993373,-1.749068540500679,-1.3962322034028936
0.7755102040816326,4.302040816326531,-2.9850164731448294,-1.8274752368664784,-2.359576553244791
0.7755102040816326,4.442857142857143,-2.826367675856131,-1.9013527387928875,-2.2750822303083025
0.7755102040816326,4.5836734693877546,-2.660617025578201,-1.968636810628145,-1.3282711099182607
0.7755102040816326,4.724489795918367,-2.506887103384156,-2.027003040987946,-0.8737878205956104
0.7755102040816326,4.865306122448979,-2.3692546681178577,-2.07415887061644,-0.5678966922014127
0.7755102040816326,5.006122448979592,-2.246849340522409,-2.108270229884018,-0.3348537130009515
0.7755102040816326,5.146938775510204,-2.137626090773498,-2.1283959780706923,-0.14514823535969795
0.7755102040816326,5.2877551020408164,-2.0395289255506643,-2.134740839978429,0.01583433726393938
0.7755102040816326,5.428571428571429,-1.9507878092215347,-2.1285945966567468,0.15641076031132142
0.7755102040816326,5.56938775510204,-1.8699499996795306,-2.1119909439725473,0.28176992322101635
0.7755102040816326,5.710204081632653,-1.7958394106456492,-2.0872554697538837,0.39536963592329266
0.7755102040816326,5.851020408163265,-1.727504259552518,-2.0566198427260263,0.4996316710866806
0.7755102040816326,5.9918367346938775,-1.6641701949519225,-2.0219896527415586,0.5963195229450418
0.7755102040816326,6.13265306122449,-1.6052023804695323,-1.9848598120438574,0.6867583577481715
0.7755102040816326,6.273469387755102,-1.5500759342272172,-1.9463277578856493,0.771970326292528
0.7755102040816326,6.414285714285714,-1.4983531591801318,-1.907153881330736,0.852761309309678
0.7755102040816326,6.555102040816326,-1.4496660309023046,-1.8678343449720087,0.9297788113488423
0.7755102040816326,6.6959183673469385,-1.4037026662321688,-1.8286685760988086,1.0035516384959482
0.7755102040816326,6.836734693877551,-1.3601968340600639,-1.7898148154606817,1.0745182060454006
0.7755102040816326,6.977551020408163,-1.3189197033859301,-1.751332850590207,1.1430465773938172
0.7755102040816326,7.118367346938776,-1.2796733569556578,-1.713215769626594,1.2094495121505855
0.7755102040816326,7.259183673469387,-1.24228561398328,-1.6754129439449652,1.2739956106298342
0.7755102040816326,7.4,-1.206605882831476,-1.6378464120245615,1.3369179125401738
0.8163265306122448,0.5,-1.0746280120260894,0.5147103892837116,0.8063263611296589
0.8163265306122448,0.6408163265306123,-1.1099163271492554,0.4118291083580539,0.7874482591293168
0.8163265306122448,0.7816326530612245,-1.146558142756381,0.3134217271942263,0.7670449805978174
0.8163265306122448,0.9224489795918367,-1.1846807930452015,0.2189933295803344,0.7451049604037935
0.8163265306122448,1.063265306122449,-1.2244240346436965,0.12806301066937376,0.7215846836068477
0.8163265306122448,1.2040816326530612,-1.2659434581998628,0.040187596337271314,0.6964120841081403
0.8163265306122448,1.3448979591836734,-1.3094142610044839,-0.04503240886659387,0.6694877959224863
0.8163265306122448,1.4857142857142858,-1.355035626846862,-0.12795382933682944,0.6406846748039362
0.8163265306122448,1.626530612244898,-1.4030359836033552,-0.20889439312180394,0.6098457796671957
0.8163265306122448,1.76734693877551,-1.4536794621987796,-0.2881369910537092,0.5767807945336249
0.8163265306122448,1.9081632653061225,-1.5072739683030163,-0.365933763957689,0.541260704812769
0.8163265306122448,2.0489795918367344,-1.5641814050422127,-0.4425096879348413,0.5030103555458452
0.8163265306122448,2.1897959183673468,-1.6248307584445691,-0.5180655168300735,0.46169826720886825
0.8163265306122448,2.330612244897959,-1.6897349895547302,-0.5927799848091685,0.41692275688011304
0.8163265306122448,2.4714285714285715,-1.7595129584144626,-0.6668112661930257,0.36819288554160323
0.8163265306122448,2.6122448979591835,-1.8349178858583282,-0.7402976075914476,0.3149019504133719
0.8163265306122448,2.753061224489796,-1.9168739474104577,-0.8133570078346575,0.25628978121111856
0.8163265306122448,2.8938775510204082,-2.0065218769498405,-0.88608597160565,0.1913881374118499
0.8163265306122448,3.03469387755102,-2.1052710968884303,-0.9585569322674542,0.11893876690362956
0.8163265306122448,3.1755102040816325,-2.21484440873257,-1.0308142243255372,0.03726646796130126
0.8163265306122448,3.316326530612245,-2.3372650417380654,-1.1028683949411384,-0.05592603110068594
0.8163265306122448,3.457142857142857,-2.474623491001217,-1.1746882084194736,-0.16390798796470574
0.8163265306122448,3.5979591836734692,-2.6281168089833877,-1.24619022718492,-0.29155747189104664
0.8163265306122448,3.7387755102040816,-2.794864033970909,-1.317225342037066,-0.4466244835881653
0.8163265306122448,3.8795918367346935,-2.959028396636351,-1.3875625856244882,-0.6425430316417063
0.8163265306122448,4.020408163265306,-3.0765947131159987,-1.4568696794773044,-0.9058421172011859
0.8163265306122448,4.161224489795918,-3.08609799530539,-1.5246921886294174,-1.3018017386761416
0.8163265306122448,4.302040816326531,-2.981825999621578,-1.5904344970825104,-2.0919645325241176
0.8163265306122448,4.442857142857143,-2.82269525245154,-1.653345013514282,-2.6349710539873277
0.8163265306122448,4.5836734693877546,-2.6570499553048568,-1.7125161601110965,-1.4374770239378727
0.8163265306122448,4.724489795918367,-2.5035933434371445,-1.7669070568672298,-0.9391768442927143
0.8163265306122448,4.865306122448979,-2.36624560454117,-1.8153979495603332,-0.6150226837094774
0.8163265306122448,5.006122448979592,-2.2440926038203286,-1.8568829940251461,-0.37195854342633616
0.8163265306122448,5.146938775510204,-2.1350825547339194,-1.8903940126274659,-0.1759198754460486
0.8163265306122448,5.2877551020408164,-2.0371631930591967,-1.9152347320012746,-0.010571441731006064
0.8163265306122448,5.428571428571429,-1.9485703072669502,-1.9310908361906518,0.13319787984787684
0.8163265306122448,5.56938775510204,-1.867856622929193,-1.9380820381688608,0.260994481831435
0.8163265306122448,5.710204081632653,-1.7938505991566707,-1.9367380436290849,0.37651663276894903
0.8163265306122448,5.851020408163265,-1.7256040800458878,-1.927906814633893,0.48233441522045817
0.8163265306122448,5.9918367346938775,-1.6623455685317456,-1.9126256439207765,0.5803077483576062
0.8163265306122448,6.13265306122449,-1.6034424749739746,-1.8919906475109864,0.6718272524846344
0.8163265306122448,6.273469387755102,-1.548371693023049,-1.867051628315386,0.7579610890373253
0.8163265306122448,6.414285714285714,-1.496696938355279,-1.838744069619329,0.8395484372330201
0.8163265306122448,6.555102040816326,-1.4480513184070576,-1.8078562931366517,0.9172615005299973
0.8163265306122448,6.6959183673469385,-1.4021238729142789,-1.775023343206513,0.991647903313742
0.8163265306122448,6.836734693877551,-1.3586491123861348,-1.7407376315282053,1.063160481565814
0.8163265306122448,6.977551020408163,-1.317398822780006,-1.7053679035618603,1.132178727069038
0.8163265306122448,7.118367346938776,-1.278175594444187,-1.6691808828803445,1.1990244889012636
0.8163265306122448,7.259183673469387,-1.2408076724601145,-1.6323621148037597,1.2639737586051176
0.8163265306122448,7.4,-1.2051448238268918,-1.595034322396492,1.327265660761046
0.8571428571428571,0.5,-1.0747100903894482,0.5437603942503538,0.8078111142454447
0.8571428571428571,0.6408163265306123,-1.1100256465796878,0.4442551375691568,0.78926338970853
0.8571428571428571,0.7816326530612245,-1.1466963415097742,0.34921973117286903,0.7691906657325934
0.8571428571428571,0.9224489795918367,-1.1848496668639623,0.2581839477952124,0.7475856726747233
0.8571428571428571,1.063265306122449,-1.2246256318291238,0.17069225530662288,0.7244090648336019
0.8571428571428571,1.2040816326530612,-1.2661801630443363,0.08632658394110418,0.6995929893161479
0.8571428571428571,1.3448979591836734,-1.3096888767130335,0.004712126461736884,0.6730425013877002
0.8571428571428571,1.4857142857142858,-1.3553514660749284,-0.07448355034464567,0.6446352586409945
0.8571428571428571,1.626530612244898,-1.403396974503892,-0.15155385285947096,0.6142196983800026
0.8571428571428571,1.76734693877551,-1.4540902777763403,-0.22675714276269393,0.5816116925058343
0.8571428571428571,1.9081632653061225,-1.5077401887246267,-0.3003205857449335,0.5465895193535015
0.8571428571428571,2.0489795918367344,-1.5647097244769117,-0.3724435339063811,0.5088868064619789
0.8571428571428571,2.1897959183673468,-1.6254292517208466,-0.4433002926509425,0.4681828667603627
0.8571428571428571,2.330612244897959,-1.6904134587137856,-0.513042280020349,0.4240895413329146
0.8571428571428571,2.4714285714285715,-1.760283384428864,-0.5817995238875361,0.3761331751550693
0.8571428571428571,2.6122448979591835,-1.8357950156246114,-0.6496815134958864,0.3237296150046364
0.8571428571428571,2.753061224489796,-1.917876043030546,-0.7167773390626218,0.2661487809807958
0.8571428571428571,2.8938775510204082,-2.007671629141567,-0.7831552202835405,0.20246357815649427
0.8571428571428571,3.03469387755102,-2.1065965943758305,-0.8488612035275431,0.13147367565950768
0.8571428571428571,3.1755102040816325,-2.216379709300511,-0.9139170452469451,0.051588174631588574
0.8571428571428571,3.316326530612245,-2.3390487932232626,-0.9783173260963467,-0.03936245547518917
0.8571428571428571,3.457142857142857,-2.476690654373117,-1.0420254662058617,-0.14444405306758065
0.8571428571428571,3.5979591836734692,-2.6304681963990135,-1.104968859247897,-0.26818963320865
0.8571428571428571,3.7387755102040816,-2.7973706478607525,-1.167032886728293,-0.4177130970492539
0.8571428571428571,3.8795918367346935,-2.9611935445948885,-1.2280543836697404,-0.6051321295483891
0.8571428571428571,4.020408163265306,-3.077327695932561,-1.2878141242125554,-0.8537373050597354
0.8571428571428571,4.161224489795918,-3.0845489991191504,-1.3460295944284972,-1.218116908723031
0.8571428571428571,4.302040816326531,-2.978682747920508,-1.4023495296480897,-1.8909377597547532
0.8571428571428571,4.442857142857143,-2.8190939754519526,-1.4563494507929413,-3.244600808800631
0.8571428571428571,4.5836734693877546,-2.6535562783234248,-1.5075338934600495,-1.5600936284156597
0.8571428571428571,4.724489795918367,-2.500367709866618,-1.5553447108327376,-1.0086391155564907
0.8571428571428571,4.865306122448979,-2.3632980278660387,-1.5991789817121873,-0.6639940587446971
0.8571428571428571,5.006122448979592,-2.2413912164628296,-1.6384186491703263,-0.4100656321264018
0.8571428571428571,5.146938775510204,-2.1325891355634816,-1.6724706797748579,-0.20729376979009936
0.8571428571428571,5.2877551020408164,-2.03484321886105,-1.7008153205874696,-0.03736214999361201
0.8571428571428571,5.428571428571429,-1.9463949447810764,-1.7230554494113903,0.10972931476311515
0.8571428571428571,5.56938775510204,-1.865802368139971,-1.7389586658225573,0.24004532893724445
0.8571428571428571,5.710204081632653,-1.7918983756515368,-1.7484830076136424,0.3575444617335521
0.8571428571428571,5.851020408163265,-1.7237383434998574,-1.751780288064172,0.4649556244512719
0.8571428571428571,5.9918367346938775,-1.6605535567891756,-1.7491766027400963,0.5642411777465918
0.8571428571428571,6.13265306122449,-1.6017136142941397,-1.7411344920571148,0.6568607771790715
0.8571428571428571,6.273469387755102,-1.5466971401723049,-1.7282050137435514,0.743930842184641
0.8571428571428571,6.414285714285714,-1.495069227500469,-1.7109791930215035,0.8263253218157157
0.8571428571428571,6.555102040816326,-1.4464640885600044,-1.6900457480158566,0.9047421141835299
0.8571428571428571,6.6959183673469385,-1.4005716571453029,-1.6659591944478975,0.9797482663221232
0.8571428571428571,6.836734693877551,-1.3571271723184015,-1.6392194043200254,1.051811573311659
0.8571428571428571,6.977551020408163,-1.3159030198571946,-1.6102612634964681,1.1213232752566644
0.8571428571428571,7.118367346938776,-1.276702288171872,-1.5794523009588322,1.1886145933424113
0.8571428571428571,7.259183673469387,-1.2393536377501773,-1.5470956300213958,1.2539690968620492
0.8571428571428571,7.4,-1.2037071826599333,-1.513436010203253,1.3176320928449832
0.8979591836734693,0.5,-1.0747885275177766,0.5705046777325348,0.8092193103520224
0.8979591836734693,0.6408163265306123,-1.110130458603375,0.4741119726665653,0.7909928364092377
0.8979591836734693,0.7816326530612245,-1.146829205264157,0.3821652753939761,0.7712420462929492
0.8979591836734693,0.9224489795918367,-1.1850124011396173,0.29421609415548183,0.7499636591382116
0.8979591836734693,1.063265306122449,-1.2248202933673313,0.20983079965435686,0.7271222411819152
0.8979591836734693,1.2040816326530612,-1.2664091308056595,0.12861250491271534,0.7026539222924282
0.8979591836734693,1.3448979591836734,-1.3099549350503579,0.05020667655125407,0.6764679582253014
0.8979591836734693,1.4857142857142858,-1.3556578952415417,-0.025699675636492204,0.648446582038387
0.8979591836734693,1.626530612244898,-1.4037476561040585,-0.09938118055392796,0.6184433626029864
0.8979591836734693,1.76734693877551,-1.4544898231150327,-0.1710779079572786,0.5862800765686538
0.8979591836734693,1.9081632653061225,-1.5081940993841947,-0.24099906595986392,0.5517419564085585
0.8979591836734693,2.0489795918367344,-1.565224596737267,-0.3093262651460798,0.5145709921983115
0.8979591836734693,2.1897959183673468,-1.6260130399599408,-0.3762162322013092,0.47445675291935036
0.8979591836734693,2.330612244897959,-1.6910758175606022,-0.44180298783535205,0.43102390444951233
0.8979591836734693,2.4714285714285715,-1.7610361145831415,-0.5061994456036294,0.38381513081520324
0.8979591836734693,2.6122448979591835,-1.836652643253248,-0.5694984950131878,0.33226753360655026
0.8979591836734693,2.753061224489796,-1.9188565595070317,-0.6317735092264624,0.2756792765111067
0.8979591836734693,2.8938775510204082,-2.0087973916208055,-0.6930784482815736,0.213161738249824
0.8979591836734693,3.03469387755102,-2.1078952801578,-0.7534473615310755,0.14356845340303315
0.8979591836734693,3.1755102040816325,-2.217884868909077,-0.812893413977284,0.06538644877596815
0.8979591836734693,3.316326530612245,-2.3407984532255233,-0.8714075192549977,-0.02343660565433765
0.8979591836734693,3.457142857142857,-2.4787190252431315,-0.9289563616769324,-0.12578166289467188
0.8979591836734693,3.5979591836734692,-2.63277521174173,-0.9854801128245856,-0.24587186752775173
0.8979591836734693,3.7387755102040816,-2.7998264623982143,-1.0408896435442632,-0.3902590928559143
0.8979591836734693,3.8795918367346935,-2.9633024684008076,-1.0950638244760642,-0.5699244573489117
0.8979591836734693,4.020408163265306,-3.0780125296656253,-1.1478463955045881,-0.8054607378627966
0.8979591836734693,4.161224489795918,-3.0829952902792193,-1.1990434046581468,-1.143110463105284
0.8979591836734693,4.302040816326531,-2.97558622047656,-1.2484218992927707,-1.730445872069468
0.8979591836734693,4.442857142857143,-2.815561979260835,-1.2957090608360906,-10.512142877424768
0.8979591836734693,4.5836734693877546,-2.6501338132456307,-1.340594320730442,-1.7002524898635831
0.8979591836734693,4.724489795918367,-2.4972081301185787,-1.3827346290187283,-1.0828127945713941
0.8979591836734693,4.865306122448979,-2.3604100776780443,-1.4217627064125724,-0.7150041260299894
0.8979591836734693,5.006122448979592,-2.238743528252497,-1.4573002908418289,-0.4492543662830188
0.8979591836734693,5.146938775510204,-2.1301443649115295,-1.4889752019879652,-0.239308835932047
0.8979591836734693,5.2877551020408164,-2.032567686112214,-1.5164421107262198,-0.06455925885466927
0.8979591836734693,5.428571428571429,-1.9442605300773,-1.539404801921404,0.08599215236394835
0.8979591836734693,5.56938775510204,-1.863786147352148,-1.5576377622224287,0.21891416101006633
0.8979591836734693,5.710204081632653,-1.7899817387598955,-1.5710038989270732,0.33844747590366003
0.8979591836734693,5.851020408163265,-1.7219061220226954,-1.5794655202193222,0.44749128999674675
0.8979591836734693,5.9918367346938775,-1.6587932933807608,-1.5830870066227145,0.5481168385789216
0.8979591836734693,6.13265306122449,-1.6000149851404206,-1.5820285456483532,0.6418566498080188
0.8979591836734693,6.273469387755102,-1.5450515078664109,-1.5765319732506593,0.7298777796347392
0.8979591836734693,6.414285714285714,-1.4934692978613615,-1.5669014329038429,0.8130904881958939
0.8979591836734693,6.555102040816326,-1.444903645189654,-1.553481614184073,0.8922193989973655
0.8979591836734693,6.6959183673469385,-1.399045355589468,-1.536636372668589,0.9678516881920377
0.8979591836734693,6.836734693877551,-1.3556303791731161,-1.5167300714975853,1.04047060791546
0.8979591836734693,6.977551020408163,-1.3144316869286141,-1.4941127257464384,1.1104794974783492
0.8979591836734693,7.118367346938776,-1.2752528521453101,-1.469109601614566,1.1782191958049142
0.8979591836734693,7.259183673469387,-1.2379229395324733,-1.4420148434086721,1.2439810232450554
0.8979591836734693,7.4,-1.2022924043869743,-1.413088429031301,1.3080166504627129
0.9387755102040816,0.5,-1.074863552723276,0.5952111941375264,0.8105565943730656
0.9387755102040816,0.6408163265306123,-1.1102310297811322,0.5017032385261774,0.7926424324949803
0.9387755102040816,0.7816326530612245,-1.1469570317453608,0.4126026260166574,0.7732051370705233
0.9387755102040816,0.9224489795918367,-1.1851693205213858,0.3274803964777673,0.7522451236878893
0.9387755102040816,1.063265306122449,-1.2250083680686426,0.24592227747697892,0.7297306252740644
0.9387755102040816,1.2040816326530612,-1.266630732724808,0.16754972506051916,0.7056015348047024
0.9387755102040816,1.3448979591836734,-1.3102128288219255,0.09202535885704814,0.6797710981052002
0.9387755102040816,1.4857142857142858,-1.355955328581344,0.019052210873776135,0.6521259083244667
0.9387755102040816,1.626530612244898,-1.4040884645807223,-0.05162931709261387,0.6225244324662581
0.9387755102040816,1.76734693877551,-1.4548785573823595,-0.1202451192825701,0.5907940841702622
0.9387755102040816,1.9081632653061225,-1.5086361840353262,-0.1869909607662883,0.5567267314473492
0.9387755102040816,2.0489795918367344,-1.5657265323472598,-0.2520356604820895,0.5200723333601183
0.9387755102040816,2.1897959183673468,-1.6265826632039582,-0.31552378164345557,0.480530215464962
0.9387755102040816,2.330612244897959,-1.6917226390013955,-0.377577833324826,0.43773721323077697
0.9387755102040816,2.4714285714285715,-1.7617717588442918,-0.43829996914870245,0.39125147924149084
0.9387755102040816,2.6122448979591835,-1.8374914208952833,-0.49777324921125055,0.3405301710010485
0.9387755102040816,2.753061224489796,-1.9198161972058885,-0.5560624164631577,0.2848980074593785
0.9387755102040816,2.8938775510204082,-2.009899920573591,-0.6132143979552146,0.22350239220523993
0.9387755102040816,3.03469387755102,-2.1091679755117942,-0.6692583220408479,0.15524704623492086
0.9387755102040816,3.1755102040816325,-2.21936078592458,-0.7242052457967371,0.07869117741434783
0.9387755102040816,3.316326530612245,-2.3425150126475343,-0.7780476517047168,-0.008109758035509534
0.9387755102040816,3.457142857142857,-2.4807097091399286,-0.8307585590264689,-0.10786818337183277
0.9387755102040816,3.5979591836734692,-2.635039111206338,-0.8822905573157542,-0.22452798484252098
0.9387755102040816,3.7387755102040816,-2.80223295485066,-0.9325745475525361,-0.3641421639057587
0.9387755102040816,3.8795918367346935,-2.9653570072290267,-0.9815187654488285,-0.5367043073402147
0.9387755102040816,4.020408163265306,-3.0786514517589154,-1.0290074958934976,-0.7605382494555162
0.9387755102040816,4.161224489795918,-3.081438363904014,-1.0749003389551313,-1.0752571676876213
0.9387755102040816,4.302040816326531,-2.972535851252256,-1.119032400368996,-1.5972405157204164
0.9387755102040816,4.442857142857143,-2.8120974506619656,-1.1612144498543635,-3.260149949115556
0.9387755102040816,4.5836734693877546,-2.6467804591422412,-1.201234953808579,-1.8643338096868278
0.9387755102040816,4.724489795918367,-2.494112613586106,-1.238863654793457,-1.1624955144573867
0.9387755102040816,4.865306122448979,-2.3575799674030375,-1.2738564186743309,-0.7682767893376846
0.9387755102040816,5.006122448979592,-2.2361479535216717,-1.3059623921422392,-0.4896131225612833
0.9387755102040816,5.146938775510204,-2.1277468312450605,-1.3349328856474743,-0.27200733995829673
0.9387755102040816,5.2877551020408164,-2.030335328133577,-1.3605320314208327,-0.09218568927275309
0.9387755102040816,5.428571428571429,-1.942165916128063,-1.3825481957510357,0.06197278380567665
0.9387755102040816,5.56938775510204,-1.8618069126815349,-1.4008055839963525,0.19759231242458716
0.9387755102040816,5.710204081632653,-1.7880997235176326,-1.4151746831964214,0.3192198404210125
0.9387755102040816,5.851020408163265,-1.7201065204004908,-1.425580283695135,0.4299372869815178
0.9387755102040816,5.9918367346938775,-1.657063942388155,-1.4320063269874659,0.5319316947593591
0.9387755102040816,6.13265306122449,-1.5983458021022434,-1.434496801484267,0.6268125515844698
0.9387755102040816,6.273469387755102,-1.5434340547030427,-1.4331524639416677,0.7158000785688555
0.9387755102040816,6.414285714285714,-1.4918964462013398,-1.4281241268564018,0.7998424632282888
0.9387755102040816,6.555102040816326,-1.4433693181368115,-1.4196032585763687,0.8796921353922227
0.9387755102040816,6.6959183673469385,-1.3975443272169537,-1.4078110084696487,0.9559571370382745
0.9387755102040816,6.836734693877551,-1.3541581174909543,-1.3929869823010719,1.0291366934052677
0.9387755102040816,6.977551020408163,-1.3129842307988537,-1.375378567776595,1.0996466069605153
0.9387755102040816,7.118367346938776,-1.27382671372049,-1.3552318199262308,1.1678376006904663
0.9387755102040816,7.259183673469387,-1.2365150261583864,-1.3327841302987073,1.2340089515744888
0.9387755102040816,7.4,-1.2008999557716407,-1.3082587479512842,1.2984188292780916
0.9795918367346939,0.5,-1.0749353772433987,0.6181069307598647,0.8118280889013246
0.9795918367346939,0.6408163265306123,-1.11032760669162,0.5272849103401981,0.7942175064318273
0.9795918367346939,0.7816326530612245,-1.147080097411247,0.4408204674988399,0.7750854605191619
0.9795918367346939,0.9224489795918367,-1.1853207275064297,0.3583024962439264,0.7544357859947606
0.9795918367346939,1.063265306122449,-1.225190181937075,0.2793341486946278,0.7322401493135481
0.9795918367346939,1.2040816326530612,-1.266845316724788,0.20355312180163154,0.7084419973337549
0.9795918367346939,1.3448979591836734,-1.3104629271475357,0.13063692225985343,0.6829583656970274
0.9795918367346939,1.4857142857142858,-1.3562441563006826,0.0603021792261858,0.6556800032864162
0.9795918367346939,1.626530612244898,-1.4044198117190483,-0.007698278256930473,0.6264700532252347
0.9795918367346939,1.76734693877551,-1.455256914947447,-0.07357895173907335,0.595161313975746
0.9795918367346939,1.9081632653061225,-1.5090669012105313,-0.13752515276045593,0.561551988909941
0.9795918367346939,2.0489795918367344,-1.5662160160425165,-0.19969609584562592,0.5253996367746304
0.9795918367346939,2.1897959183673468,-1.6271386350273338,-0.2602275789903538,0.4864128720166081
0.9795918367346939,2.330612244897959,-1.6923544687383891,-0.3192341926083803,0.4442400915497233
0.9795918367346939,2.4714285714285715,-1.762490899030858,-0.37681108947783076,0.39845410603482456
0.9795918367346939,2.6122448979591835,-1.8383119713980742,-0.4330353724854946,0.34853102198254104
0.9795918367346939,2.753061224489796,-1.9207556259387182,-0.48796705631675014,0.2938205599531152
0.9795918367346939,2.8938775510204082,-2.010979940091872,-0.5416498341637792,0.23350390687695535
0.9795918367346939,3.03469387755102,-2.11041546786587,-0.5941114246830905,0.1665316227442432
0.9795918367346939,3.1755102040816325,-2.220808322371746,-0.6453637342097212,0.09152990605871435
0.9795918367346939,3.316326530612245,-2.3441994233201795,-0.6954028655705289,0.006653570104577798
0.9795918367346939,3.457142857142857,-2.482663768962389,-0.744208843906647,-0.09065577113948835
0.9795918367346939,3.5979591836734692,-2.6372611033666544,-0.791745365218415,-0.2040894914432781
0.9795918367346939,3.7387755102040816,-2.8045915466853897,-0.8379593224091914,-0.3392558887930699
0.9795918367346939,3.8795918367346935,-2.96735892817284,-0.8827806638321443,-0.5052855400928181
0.9795918367346939,4.020408163265306,-3.0792465953227666,-0.9261218908094363,-0.718578003557806
0.9795918367346939,4.161224489795918,-3.0798795948764837,-0.9678784153802954,-1.013399163886557
0.9795918367346939,4.302040816326531,-2.969531068048545,-1.0079286636699911,-1.4836586991784002
0.9795918367346939,4.442857142857143,-2.8086986269964545,-1.0461351888514956,-2.6654600405002657
0.9795918367346939,4.5836734693877546,-2.6434941979643347,-1.0823460567780385,-2.0629675042517803
0.9795918367346939,4.724489795918367,-2.4910792476152057,-1.1163977403255674,-1.2487025201065913
0.9795918367346939,4.865306122448979,-2.3548059807491817,-1.1481180162126159,-0.8240734152402063
0.9795918367346939,5.006122448979592,-2.2336029686940826,-1.177330590985365,-0.5312406952314344
0.9795918367346939,5.146938775510204,-2.1253951771390405,-1.203860286403242,-0.3054353122308896
0.9795918367346939,5.2877551020408164,-2.02814492599543,-1.2275392832561207,-0.12026595758202578
0.9795918367346939,5.428571428571429,-1.940109998468173,-1.2482136780102873,0.03765684616368263
0.9795918367346939,5.56938775510204,-1.859863654532013,-1.2657502814349326,0.17607073327264722
0.9795918367346939,5.710204081632653,-1.7862513994991678,-1.2800429884694864,0.2998555089522623
0.9795918367346939,5.851020408163265,-1.7183386751250396,-1.2910180717120314,0.41228937833509927
0.9795918367346939,5.9918367346938775,-1.6553646970836677,-1.2986381232974127,0.5156826470905486
0.9795918367346939,6.13265306122449,-1.596705306931297,-1.3029041125284184,0.6117261305706404
0.9795918367346939,6.273469387755102,-1.5418440642583582,-1.3038552419896847,0.7016958950939937
0.9795918367346939,6.414285714285714,-1.4903499926543058,-1.3015668507040137,0.7865797634042152
0.9795918367346939,6.555102040816326,-1.4418604596136102,-1.2961464814740378,0.8671591012079166
0.9795918367346939,6.6959183673469385,-1.3960679522696786,-1.2877285237759448,0.9440635837861658
0.9795918367346939,6.836734693877551,-1.3527097921645224,-1.2764680728103144,1.0178089469815568
0.9795918367346939,6.977551020408163,-1.3115600785176444,-1.2625343430604596,1.0888238374241743
0.9795918367346939,7.118367346938776,-1.2724233197726316,-1.246104419923321,1.1574691356145395
0.9795918367346939,7.259183673469387,-1.2351293616517378,-1.2273575453514673,1.2240522785245869
0.9795918367346939,7.4,-1.19952931625602,-1.2064701699770577,1.2888380845924685
1.0204081632653061,0.5,-1.075004195897357,0.6393856526972096,0.8130384506616749
1.0204081632653061,0.6408163265306123,-1.1104204176860792,0.5510745894455211,0.7957229333889582
1.0204081632653061,0.7816326530612245,-1.1471986591952483,0.4670630640402341,0.7768880949243219
1.0204081632653061,0.9224489795918367,-1.1854669042566963,0.38695649869801824,0.756540927261969
1.0204081632653061,1.063265306122449,-1.2253660399795634,0.3103739824986021,0.7346563088222422
1.0204081632653061,1.2040816326530612,-1.267053209256489,0.2369678510930265,0.7111810415979988
1.0204081632653061,1.3448979591836734,-1.3107055772337657,0.1664288115270666,0.6860357606544568
1.0204081632653061,1.4857142857142858,-1.356524746305368,0.09848532261182694,0.6591151763852339
1.0204081632653061,1.626530612244898,-1.4047420866066134,0.032900792823854656,0.6302868980083525
1.0204081632653061,1.76734693877551,-1.4556253070913856,-0.030529823518380718,0.5993888701438446
1.0204081632653061,1.9081632653061225,-1.5094866858160816,-0.09198339910491711,0.5662253486612254
1.0204081632653061,2.0489795918367344,-1.5666935083785407,-0.15161165733142662,0.5305611452731974
1.0204081632653061,2.1897959183673468,-1.627681444177376,-0.20954381106635664,0.4921137254635584
1.0204081632653061,2.330612244897959,-1.6929718268771576,-0.26588877498038377,0.4505424805372327
1.0204081632653061,2.4714285714285715,-1.7631940904742152,-0.32073697266328527,0.4054341250333363
1.0204081632653061,2.6122448979591835,-1.8391148900073444,-0.3741618076402134,0.3562826905638354
1.0204081632653061,2.753061224489796,-1.9216754866559111,-0.42622074130724896,0.3024614668341507
1.0204081632653061,2.8938775510204082,-2.0120381438861896,-0.47695623938189785,0.2431833681612513
1.0204081632653061,3.03469387755102,-2.1116385124357944,-0.5263963230171502,0.17744274102283397
1.0204081632653061,3.1755102040816325,-2.222228306059722,-0.5745550057359695,0.10392807363051557
1.0204081632653061,3.316326530612245,-2.345852600093536,-0.6214326115061188,0.020885965255703885
1.0204081632653061,3.457142857142857,-2.4845822270654496,-0.667015854444077,-0.07410081580881427
1.0204081632653061,3.5979591836734692,-2.639442351372859,-0.7112779950886621,-0.18449459999332496
1.0204081632653061,3.7387755102040816,-2.806903606213887,-0.7541787832924661,-0.31550568355786857
1.0204081632653061,3.8795918367346935,-2.969309929434104,-0.795664740759451,-0.47550643508515167
1.0204081632653061,4.020408163265306,-3.079799984720068,-0.8356690735047501,-0.6792509618224962
1.0204081632653061,4.161224489795918,-3.0783202496040047,-0.8741123425647999,-0.956636995860666
1.0204081632653061,4.302040816326531,-2.9665712689558186,-0.9109027994612434,-1.3848659061475068
1.0204081632653061,4.442857142857143,-2.8053638020494436,-0.9459375093465207,-2.320652478708792
1.0204081632653061,4.5836734693877546,-2.640273080676394,-0.9791035075420532,-2.3159211727595927
1.0204081632653061,4.724489795918367,-2.4881061938726203,-1.0102800713141438,-1.3427539717746473
1.0204081632653061,4.865306122448979,-2.3520864682890754,-1.039340683530297,-0.8827017443470377
1.0204081632653061,5.006122448979592,-2.2311071087601735,-1.0661562040261856,-0.5742480408686352
1.0204081632653061,5.146938775510204,-2.1230880967488077,-1.0905982107850247,-0.33964301330460145
1.0204081632653061,5.2877551020408164,-2.0259953063212013,-1.1125430138061867,-0.14882633874469003
1.0204081632653061,5.428571428571429,-1.938091713212831,-1.1318757653759166,0.013029157325485699
1.0204081632653061,5.56938775510204,-1.857955399818964,-1.1484947625018505,0.15433996009918213
1.0204081632653061,5.710204081632653,-1.7844358695026676,-1.1623155605027038,0.2803482169409297
1.0204081632653061,5.851020408163265,-1.7166017528706887,-1.1732745100621935,0.3945432016042369
1.0204081632653061,5.9918367346938775,-1.6536947785676306,-1.1813316587333027,0.4993665276621222
1.0204081632653061,6.13265306122449,-1.5950927673241748,-1.186472666250583,0.5965949971732403
1.0204081632653061,6.273469387755102,-1.5402808443186595,-1.188709474997735,0.6875633654636533
1.0204081632653061,6.414285714285714,-1.4888292799303384,-1.1880798784347804,0.7733008941954697
1.0204081632653061,6.555102040816326,-1.4403764429304011,-1.1846459041416628,0.8546190685220872
1.0204081632653061,6.6959183673469385,-1.394615631057431,-1.1784911854935016,0.932169998586909
1.0204081632653061,6.836734693877551,-1.351284827409131,-1.169717638421971,1.0064864901233597
1.0204081632653061,6.977551020408163,-1.3101586753604484,-1.1584415190834214,1.0780104264762622
1.0204081632653061,7.118367346938776,-1.2710421345057836,-1.1447894126611573,1.1471131322792383
1.0204081632653061,7.259183673469387,-1.2337654272495233,-1.1288942481238178,1.2141104127621027
1.0204081632653061,7.4,-1.198179982435015,-1.1108915196108609,1.2792738898896558
1.0612244897959182,0.5,-1.075070188585392,0.6592139024334458,0.8141919200534374
1.0612244897959182,0.6408163265306123,-1.110509674467279,0.5732586307503776,0.7971631810840454
1.0612244897959182,0.7816326530612245,-1.1473129562530042,0.4915387476858328,0.7786177175084379
1.0612244897959182,0.9224489795918367,-1.1856081141737491,0.4136751348456606,0.7585654308267692
1.0612244897959182,1.063265306122449,-1.2255362278171593,0.3393016330355828,0.7369842017095003
1.0612244897959182,1.2040816326530612,-1.2672547168911936,0.26808396668995105,0.7138239987218662
1.0612244897959182,1.3448979591836734,-1.3109411059682772,0.19972475779534285,0.689008875330102
1.0612244897959182,1.4857142857142858,-1.356797445767068,0.13396297563225862,0.6624373191421712
1.0612244897959182,1.626530612244898,-1.4050556571747832,0.07057126220178282,0.6339812063548653
1.0612244897959182,1.76734693877551,-1.455984123466949,0.00935265404080923,0.6034834020515008
1.0612244897959182,1.9081632653061225,-1.5098959506736456,-0.04986268487386513,0.5707539479385405
1.0612244897959182,2.0489795918367344,-1.5671594472636616,-0.10722040657552465,0.5355645826485296
1.0612244897959182,2.1897959183673468,-1.628211556101141,-0.16284457175036143,0.4976412123795891
1.0612244897959182,2.330612244897959,-1.6935752094290373,-0.21683984551892607,0.456653692881799
1.0612244897959182,2.4714285714285715,-1.763881863489207,-0.2692933163368264,0.41220194116323194
1.0612244897959182,2.6122448979591835,-1.839900745937576,-0.3202760171965052,0.36379696390123933
1.0612244897959182,2.753061224489796,-1.9225763929981734,-0.3698440721061182,0.31083429883276426
1.0612244897959182,2.8938775510204082,-2.0130751969021454,-0.41803975940585925,0.2525566939248891
1.0612244897959182,3.03469387755102,-2.1128378339407026,-0.46489218508064734,0.18799949715274905
1.0612244897959182,3.1755102040816325,-2.223621532250301,-0.5104178969407435,0.11590921729165761
1.0612244897959182,3.316326530612245,-2.347475422581907,-0.5546213887904153,0.03461741879366487
1.0612244897959182,3.457142857142857,-2.4864660672997423,-0.5974953866104966,-0.05816346054573983
1.0612244897959182,3.5979591836734692,-2.6415839752181025,-0.6390212398846395,-0.16568739117098
1.0612244897959182,3.7387755102040816,-2.8091704507812647,-0.6791690963344695,-0.29280713110674217
1.0612244897959182,3.8795918367346935,-2.9712116434712104,-0.7178983978846375,-0.4472256200447538
1.0612244897959182,4.020408163265306,-3.0803135552125913,-0.7551580032663153,-0.6422802834693633
1.0612244897959182,4.161224489795918,-3.07676149303807,-0.7908869785377393,-0.9042580220410636
1.0612244897959182,4.302040816326531,-2.9636558323365674,-0.8250150118821167,-1.2976156776188368
1.0612244897959182,4.442857142857143,-2.8020913143566673,-0.8574634664790638,-2.0781039645306723
1.0612244897959182,4.5836734693877546,-2.637115233192241,-0.8881463406910735,-2.6669657677621124
1.0612244897959182,4.724489795918367,-2.485191684827618,-0.9169721095233739,-1.4464109647406442
1.0612244897959182,4.865306122448979,-2.349419844274873,-0.943845116986301,-0.9445276176459705
1.0612244897959182,5.006122448979592,-2.2286589646727175,-0.9686678912690084,-0.6187603869553989
1.0612244897959182,5.146938775510204,-2.1208243333056145,-0.9913434370807831,-0.37468550122153627
1.0612244897959182,5.2877551020408164,-2.0238853391204112,-1.0117780050435712,-0.1778950510441521
1.0612244897959182,5.428571428571429,-1.9361100352006315,-1.0298838420440306,-0.01192635565556448
1.0612244897959182,5.56938775510204,-1.856081210341755,-1.045582093749186,0.13239008740237546
1.0612244897959182,5.710204081632653,-1.7826522679687304,-1.0588056039034452,0.26069146375425284
1.0612244897959182,5.851020408163265,-1.7148949492958803,-1.0695013600467203,0.3766942649035993
1.0612244897959182,5.9918367346938775,-1.652053434586097,-1.0776326153639268,0.48298009346789683
1.0612244897959182,6.13265306122449,-1.5935074756893164,-1.083180450079041,0.5814167200824333
1.0612244897959182,6.273469387755102,-1.5387437258053251,-1.0861445708110289,0.6734006040393633
1.0612244897959182,6.414285714285714,-1.4873336724343071,-1.0865434726518708,0.7600043499505192
1.0612244897959182,6.555102040816326,-1.438916661808289,-1.0844138236946552,0.8420708047626616
1.0612244897959182,6.6959183673469385,-1.3931867831485976,-1.0798091603414033,0.9202753503964345
1.0612244897959182,6.836734693877551,-1.3498826657169594,-1.0727980615551613,0.9951684455106354
1.0612244897959182,6.977551020408163,-1.3087794841958844,-1.0634617805039999,1.0672056160590315
1.0612244897959182,7.118367346938776,-1.2696826388731852,-1.0518916822727156,1.1367689266255545
1.0612244897959182,7.259183673469387,-1.232422720160533,-1.0381865544163098,1.2041827671959309
1.0612244897959182,7.4,-1.196851466242688,-1.0224498754700853,1.2697257228917593
1.1020408163265305,0.5,-1.0751335215866002,0.6777357306919293,0.815292364703586
1.1020408163265305,0.6408163265306123,-1.1105955735623274,0.5939977166008977,0.7985423503502568
1.1020408163265305,0.7816326530612245,-1.1474232113584388,0.5144265024461354,0.7802786423019257
1.1020408163265305,0.9224489795918367,-1.1857446035014627,0.43865754938124213,0.7605138184594546
1.1020408163265305,1.063265306122449,-1.2257010132448638,0.3663384813961146,0.7392285634283103
1.1020408163265305,1.2040816326530612,-1.2674501277985446,0.297147412188083,0.716375833478163
1.1020408163265305,1.3448979591836734,-1.3111698213729412,0.23079787379073083,0.6918829287595512
1.1020408163265305,1.4857142857142858,-1.3570625825620526,0.16703833861458184,0.6656519391337947
1.1020408163265305,1.626530612244898,-1.405360871620817,0.10564967937952577,0.6375588189984819
1.1020408163265305,1.76734693877551,-1.4563337335435818,0.046442010511926805,0.6074511404590918
1.1020408163265305,1.9081632653061225,-1.5102950879127155,-0.0107484548117919,0.5751444793204076
1.1020408163265305,2.0489795918367344,-1.5676142493356235,-0.06606227776755522,0.5404171943396535
1.1020408163265305,2.1897959183673468,-1.6287294142950255,-0.11961932452745114,0.5030032475553439
1.1020408163265305,2.330612244897959,-1.6941650897249896,-0.17152093036899085,0.46258246312038037
1.1020408163265305,2.4714285714285715,-1.7645547250510454,-0.22185172502086717,0.41876732433443997
1.1020408163265305,2.6122448979591835,-1.8406700837960241,-0.2706811242480626,0.37108487885019176
1.1020408163265305,2.753061224489796,-1.9234589328830811,-0.318064614849993,0.31895174256393244
1.1020408163265305,2.8938775510204082,-2.0140917368510083,-0.36404478195234347,0.26163873492867207
1.1020408163265305,3.03469387755102,-2.11401412817601,-0.4086521192966065,0.19821965641344308
1.1020408163265305,3.1755102040816325,-2.2249887650829283,-0.45190573135419176,0.12749515142386827
1.1020408163265305,3.316326530612245,-2.3490687369225776,-0.49381395220419744,0.04787559022687305
1.1020408163265305,3.457142857142857,-2.488316236749701,-0.5343747539068696,-0.04280720046004125
1.1020408163265305,3.5979591836734692,-2.6436870536622896,-0.5735762749873394,-0.14761710349578966
1.1020408163265305,3.7387755102040816,-2.811393349546195,-0.6113971188993726,-0.2710845819595412
1.1020408163265305,3.8795918367346935,-2.9730656399072353,-0.6478069607152549,-0.4203188138999169
1.1020408163265305,4.020408163265306,-3.080789148194307,-0.682766773612492,-0.6074295888282543
1.1020408163265305,4.161224489795918,-3.075204395972284,-0.7162296497400329,-0.8556880613170571
1.1020408163265305,4.302040816326531,-2.960784133956668,-0.7481411621054077,-1.2196232152358726
1.1020408163265305,4.442857142857143,-2.7988795657585737,-0.7784405913044691,-1.891559139734913
1.1020408163265305,4.5836734693877546,-2.634018849364455,-0.8070614187911181,-3.25156592627967
1.1020408163265305,4.724489795918367,-2.4823340204317463,-0.8339327944477909,-1.5620969819605575
1.1020408163265305,4.865306122448979,-2.346804582366738,-0.8589809784613612,-1.009990777572579
1.1020408163265305,5.006122448979592,-2.226257180714722,-0.8821307159232245,-0.6649198211780492
1.1020408163265305,5.146938775510204,-2.1186026769125506,-0.9033071461904235,-0.41062327498434564
1.1020408163265305,5.2877551020408164,-2.0218139358589884,-0.9224376325627078,-0.2075024618028123
1.1020408163265305,5.428571428571429,-1.9341639762495941,-0.9394537932999064,-0.0372267356554047
1.1020408163265305,5.56938775510204,-1.8542401811921647,-0.9542935406013578,0.1102107292992797
1.1020408163265305,5.710204081632653,-1.7808997596117242,-0.9669030765869012,0.24087849717298374
1.1020408163265305,5.851020408163265,-1.7132174878043567,-0.9772386429130127,0.3587379386269271
1.1020408163265305,5.9918367346938775,-1.6504399384440454,-0.9852681001938615,0.4665200233725473
1.1020408163265305,6.13265306122449,-1.5919487481479186,-0.9909721635542527,0.566188823701324
1.1020408163265305,6.273469387755102,-1.5372320618035482,-0.9943451385126,0.6592057011544002
1.1020408163265305,6.414285714285714,-1.485862555372868,-0.9953952766775052,0.7466886126997084
1.1020408163265305,6.555102040816326,-1.4374805296056492,-0.9941446045263531,0.8295130721262146
1.1020408163265305,6.6959183673469385,-1.3917808467084547,-0.9906282760632449,0.908378608600513
1.1020408163265305,6.836734693877551,-1.3485027671369327,-0.9848935568382359,0.9838539367475515
1.1020408163265305,6.977551020408163,-1.3074219846227368,-0.976998373658649,1.0564086505334405
1.1020408163265305,7.118367346938776,-1.2683443299425121,-0.9670096573587657,1.1264358588916576
1.1020408163265305,7.259183673469387,-1.2311007530508433,-0.9550015319074446,1.1942687594170511
1.1020408163265305,7.4,-1.1955432943799507,-0.9410533658414828,1.2601930655782105
1.1428571428571428,0.5,-1.0751943488022084,0.6950764552826891,0.816343318132559
1.1428571428571428,0.6408163265306123,-1.110678297575752,0.6134312395987798,0.7998642109694039
1.1428571428571428,0.7816326530612245,-1.1475296322761175,0.5358811129852489,0.7818748541236143
1.1428571428571428,0.9224489795918367,-1.1858766026228496,0.4620753521604073,0.7623902827792515
1.1428571428571428,1.063265306122449,-1.2258606475353742,0.3916745575687259,0.741393798238208
1.1428571428571428,1.2040816326530612,-1.2676397131100454,0.3243684168014208,0.7188411750834484
1.1428571428571428,1.3448979591836734,-1.3113920139609583,0.2598805636912274,0.6946627971777506
1.1428571428571428,1.4857142857142858,-1.3573204666065999,0.19796818997038604,0.6687641908302016
1.1428571428571428,1.626530612244898,-1.4056580597881305,0.1384196278810967,0.6410252088293965
1.1428571428571428,1.76734693877551,-1.4566744879251226,0.08105132791621132,0.6112979301320172
1.1428571428571428,1.9081632653061225,-1.510684470271169,0.025704833197674515,0.5794032251283125
1.1428571428571428,2.0489795918367344,-1.5680583112650612,-0.02775601482413153,0.5451257843246269
1.1428571428571428,2.1897959183673468,-1.6292354416608563,-0.07944753864002736,0.5082072640210793
1.1428571428571428,2.330612244897959,-1.6947419197127864,-0.1294683462784378,0.46833699241993987
1.1428571428571428,2.4714285714285715,-1.7652131592680036,-0.17790113891563009,0.4251393932650663
1.1428571428571428,2.6122448979591835,-1.8414234249042907,-0.2248142030849781,0.37815678390943164
1.1428571428571428,2.753061224489796,-1.9243236702506819,-0.27026272302164833,0.32682570276904566
1.1428571428571428,2.8938775510204082,-2.0150883756317093,-0.3142897742499248,0.27044336523362217
1.1428571428571428,3.03469387755102,-2.1151680634285848,-0.35692732993427423,0.20811977151879232
1.1428571428571428,3.1755102040816325,-2.2263307398808037,-0.3981968730111253,0.13870614078705515
1.1428571428571428,3.316326530612245,-2.350633357411308,-0.4381101365145603,0.06068603828109732
1.1428571428571428,3.457142857142857,-2.4901336475477076,-0.4766696159811296,-0.0279985104930261
1.1428571428571428,3.5979591836734692,-2.6457526261988877,-0.5138691236130483,-0.13023752624815016
1.1428571428571428,3.7387755102040816,-2.813573525309763,-0.5496941816666152,-0.25026999193687205
1.1428571428571428,3.8795918367346935,-2.974873428492682,-0.58412267090174,-0.3946761899847411
1.1428571428571428,4.020408163265306,-3.081228518174485,-0.6171251126002593,-0.5744957537201778
1.1428571428571428,4.161224489795918,-3.0736499418055185,-0.6486654738433881,-0.8104577355682915
1.1428571428571428,4.302040816326531,-2.957955497109251,-0.6787015219307938,-1.149216566409577
1.1428571428571428,4.442857142857143,-2.795726968000745,-0.7071859438671121,-1.7404130184028257
1.1428571428571428,4.5836734693877546,-2.630982188789476,-0.7340667347435779,-5.7636084490163935
1.1428571428571428,4.724489795918367,-2.4795315650362544,-0.7592884346125812,-1.6932786352433116
1.1428571428571428,4.865306122448979,-2.344239217811428,-0.7827932923768668,-1.0796257545925936
1.1428571428571428,5.006122448979592,-2.223900451961911,-0.8045222983973755,-0.7128884945082786
1.1428571428571428,5.146938775510204,-2.116421962293552,-0.824416659423104,-0.44752303481571887
1.1428571428571428,5.2877551020408164,-2.0197800475341214,-0.8424191555856403,-0.23768132585347782
1.1428571428571428,5.428571428571429,-1.93225258350215,-0.8584756479686785,-0.06289008310433403
1.1428571428571428,5.56938775510204,-1.8524314393028134,-0.8725365824577455,0.08779098194043967
1.1428571428571428,5.710204081632653,-1.7791775380961214,-0.8845584652250489,0.22090229605615536
1.1428571428571428,5.851020408163265,-1.7115686183308916,-0.8945051611899095,0.34066944655002557
1.1428571428571428,5.9918367346938775,-1.6488535879111454,-0.9023490901918559,0.4499829144388057
1.1428571428571428,6.13265306122449,-1.5904159235633744,-0.9080722066454525,0.5509087857551125
1.1428571428571428,6.273469387755102,-1.5357452266468412,-0.9116666323725178,0.6449767212372952
1.1428571428571428,6.414285714285714,-1.4844153339108617,-0.9131350500824345,0.7333521508735379
1.1428571428571428,6.555102040816326,-1.436067478472492,-0.9124907331532754,0.8169446265941877
1.1428571428571428,6.6959183673469385,-1.3903972776780493,-0.9097572353248639,0.8964787396626911
1.1428571428571428,6.836734693877551,-1.3471446086552,-0.9049678201354515,0.9725420885754176
1.1428571428571428,6.977551020408163,-1.3060856723392447,-0.8981645579298475,1.0456187765694676
1.1428571428571428,7.118367346938776,-1.2670267201672243,-0.8893972306834779,1.1161132724863696
1.1428571428571428,7.259183673469387,-1.229799053400171,-0.8787221020596898,1.1843678111848084
1.1428571428571428,7.4,-1.194255007832992,-0.8662005230773314,1.250675404304372
1.183673469387755,0.5,-1.0752528128325705,0.7113456525171598,0.8173480136725328
1.183673469387755,0.6408163265306123,-1.1107580164036388,0.6316808182421001,0.8011322335870008
1.183673469387755,0.7816326530612245,-1.1476324129772117,0.5560372394866356,0.7834100388618666
1.183673469387755,0.9224489795918367,-1.1860043273018053,0.4840773714434959,0.7641987163181663
1.183673469387755,1.063265306122449,-1.2260153667011957,0.4154740963374183,0.7434840075015248
1.183673469387755,1.2040816326530612,-1.2678237281515141,0.34992799289088783,0.7212243449537422
1.183673469387755,1.3448979591836734,-1.3116079579496651,0.28717213489115684,0.6973530420052618
1.183673469387755,1.4857142857142858,-1.3575713910526694,0.2269718020290632,0.6717789034701174
1.183673469387755,1.626530612244898,-1.4059475342356518,0.16912218305659732,0.6443855117930591
1.183673469387755,1.76734693877551,-1.4570067195199727,0.11344550565019042,0.6150292594744093
1.183673469387755,1.9081632653061225,-1.5110644522766483,0.05978810544809095,0.583536088664178
1.183673469387755,2.0489795918367344,-1.5684920109306104,0.00801773319282086,0.54969674867435
1.183673469387755,2.1897959183673468,-1.629730041641473,-0.041978839903708896,0.5132602497767004
1.183673469387755,2.330612244897959,-1.695306131169603,-0.09029789334705045,0.4739249892738339
1.183673469387755,2.4714285714285715,-1.7658576298251274,-0.13702053731199196,0.43132676243170476
1.183673469387755,2.6122448979591835,-1.8421612686317457,-0.18221418849018362,0.38502238819763407
1.183673469387755,2.753061224489796,-1.925171144226396,-0.22593388224122188,0.33446724798211624
1.183673469387755,2.8938775510204082,-2.016065700586127,-0.2682232868092583,0.27898356344517455
1.183673469387755,3.03469387755102,-2.1163002819259806,-0.30911572449748737,0.21771528704882354
1.183673469387755,3.1755102040816325,-2.2276481623381015,-0.3486348231044844,0.14956099752286997
1.183673469387755,3.316326530612245,-2.3521700679481037,-0.38679528782610495,0.07307242403079159
1.183673469387755,3.457142857142857,-2.491919178555384,-0.4236034542181176,-0.01370653932900808
1.183673469387755,3.5979591836734692,-2.6477816947942134,-0.45905788559038463,-0.11350647631109746
1.183673469387755,3.7387755102040816,-2.8157121566840666,-0.4931497937705926,-0.230301944663733
1.183673469387755,3.8795918367346935,-2.9766364616624106,-0.5258637108830414,-0.3702002279936586
1.183673469387755,4.020408163265306,-3.0816333370199436,-0.5571777923010914,-0.5433029676669582
1.183673469387755,4.161224489795918,-3.0720990328081723,-0.5870645888692114,-0.7681784540169067
1.183673469387755,4.302040816326531,-2.9551692756579717,-0.6154913833537307,-1.0851392927266557
1.183673469387755,4.442857142857143,-2.7926320175016373,-0.642421212323372,-1.6136780992558477
1.183673469387755,4.5836734693877546,-2.628003574021982,-0.6678131732209783,-3.3687401402343022
1.183673469387755,4.724489795918367,-2.4767827443812314,-0.691623484699241,-1.8451665894455531
1.183673469387755,4.865306122448979,-2.341722337202031,-0.713806450334056,-1.1540922351854437
1.183673469387755,5.006122448979592,-2.221587521974487,-0.7343152550701462,-0.7628526213878392
1.183673469387755,5.146938775510204,-2.1142810668207592,-0.7531031417179707,-0.4854585792731647
1.183673469387755,5.2877551020408164,-2.0177826628930298,-0.7701244495318937,-0.2684670536425946
1.183673469387755,5.428571428571429,-1.9303749378418926,-0.7853357733616216,-0.08893565345228562
1.183673469387755,5.56938775510204,-1.8506541420676275,-0.7986971095515452,0.0651193890053558
1.183673469387755,5.710204081632653,-1.7774848247998052,-0.8101729820666521,0.20075555174425894
1.183673469387755,5.851020408163265,-1.7099476162118994,-0.8197334352013782,0.3224838564982076
1.183673469387755,5.9918367346938775,-1.6472937042590143,-0.8273549586191447,0.43336527772262345
1.183673469387755,6.13265306122449,-1.5889083625682632,-0.8330212722546687,0.5355740345152021
1.183673469387755,6.273469387755102,-1.534282615022852,-0.8367238582453956,0.6307117009677193
1.183673469387755,6.414285714285714,-1.4829914323396194,-0.838462337116679,0.7199934180749039
1.183673469387755,6.555102040816326,-1.4346769586352326,-0.8382445839901596,0.8043642172291018
1.183673469387755,6.6959183673469385,-1.3890355490988695,-0.8360865978852918,0.8845747077523577
1.183673469387755,6.836734693877551,-1.3458076835214232,-0.8320121810481299,0.9612320262303335
1.183673469387755,6.977551020408163,-1.304770058576403,-0.8260523699265476,1.0348352432324603
1.183673469387755,7.118367346938776,-1.2657293368224127,-0.818244693528345,1.1058005138882259
1.183673469387755,7.259183673469387,-1.2285171629051546,-0.8086323289396666,1.1744793477838669
1.183673469387755,7.4,-1.1929861612743045,-0.7972630918478971,1.24117222956529
1.2244897959183672,0.5,-1.0753090459412356,0.7266396154581124,0.8183094147227701
1.2244897959183672,0.6408163265306123,-1.1108348882343044,0.648853086048638,0.8023496181538832
1.2244897959183672,0.7816326530612245,-1.147731734716235,0.5750126764400916,0.7848876104610408
1.2244897959183672,0.9224489795918367,-1.186127979816819,0.504793433537594,0.7659427376223142
1.2244897959183672,1.063265306122449,-1.2261653926362222,0.4378799219957902,0.7455030151214608
1.2244897959183672,1.2040816326530612,-1.268002413567761,0.3739830265740772,0.723529381893052
1.2244897959183672,1.3448979591836734,-1.3118179123986364,0.3128447088279386,0.6999579343766498
1.2244897959183672,1.4857142857142858,-1.3578156334714309,0.25423781554822905,0.6747006064766699
1.2244897959183672,1.626530612244898,-1.4062295914772258,0.19796391943768687,0.6476445492166477
1.2244897959183672,1.76734693877551,-1.4573307446724597,0.14385057658565453,0.6186502874541195
1.2244897959183672,1.9081632653061225,-1.5114353713728166,0.09174851419264277,0.5875486226194397
1.2244897959183672,2.0489795918367344,-1.5689157085586287,0.041529029594656146,0.5541361057714784
1.2244897959183672,2.1897959183673468,-1.6302135993891849,-0.006918328880076152,0.5181687810802081
1.2244897959183672,2.330612244897959,-1.6958581368287082,-0.05368777980123104,0.4793537065118267
1.2244897959183672,2.4714285714285715,-1.7664885803099972,-0.09885905146384938,0.4373375163645909
1.2244897959183672,2.6122448979591835,-1.842884093412318,-0.14249882890261142,0.3916908143437708
1.2244897959183672,2.753061224489796,-1.9260018736250941,-0.18466206535126728,0.3418868533646715
1.2244897959183672,2.8938775510204082,-2.0170242758457135,-0.2253929855368953,0.2872714854690043
1.2244897959183672,3.03469387755102,-2.1174114010504397,-0.26472612160855746,0.22702063360008787
1.2244897959183672,3.1755102040816325,-2.228941713049941,-0.3026869755257416,0.16007727195424473
1.2244897959183672,3.316326530612245,-2.353679623618995,-0.33929280797893707,0.0850566902705358
1.2244897959183672,3.457142857142857,-2.4936736767888594,-0.37455320972894296,9.716327525645919e-05
1.2244897959183672,3.5979591836734692,-2.6497752256702864,-0.40847071995631967,-0.09738534841772738
1.2244897959183672,3.7387755102040816,-2.817810380208118,-0.44104125504969766,-0.21112482137637334
1.2244897959183672,3.8795918367346935,-2.978356136510491,-0.4722547857207199,-0.3468039557873147
1.2244897959183672,4.020408163265306,-3.08200519812278,-0.5020956453547453,-0.5136980646330249
1.2244897959183672,4.161224489795918,-3.070552495992798,-0.5305432578090665,-0.7285249052896744
1.2244897959183672,4.302040816326531,-2.952424803127601,-0.5575724578950856,-1.026421045297139
1.2244897959183672,4.442857142857143,-2.7895932432440325,-0.5831544249753303,-1.5047954075930428
1.2244897959183672,4.5836734693877546,-2.625081387813329,-0.6072569250004781,-2.746756888962489
1.2244897959183672,4.724489795918367,-2.4740860428556584,-0.6298452359028375,-2.026126368739694
1.2244897959183672,4.865306122448979,-2.3392525809562392,-0.6508829611776127,-1.2342168547942516
1.2244897959183672,5.006122448979592,-2.2193171805370606,-0.6703326578141524,-0.8150275279047933
1.2244897959183672,5.146938775510204,-2.1121789086576865,-0.6881567989628323,-0.5245118683276185
1.2244897959183672,5.2877551020408164,-2.015820806753093,-0.7043185934203573,-0.2998980184512937
1.2244897959183672,5.428571428571429,-1.9285301524169423,-0.7187828972590831,-0.11538396565569721
1.2244897959183672,5.56938775510204,-1.8489074759997246,-0.7315171159549545,0.04218389259556763
1.2244897959183672,5.710204081632653,-1.7758208676016556,-0.7424920856891697,0.18043064798684647
1.2244897959183672,5.851020408163265,-1.7083537811405647,-0.7516828524585755,0.30417607039329975
1.2244897959183672,5.9918367346938775,-1.6457596312539784,-0.7590694005082176,0.4166635300627318
1.2244897959183672,6.13265306122449,-1.5874254467232451,-0.7646372907692413,0.5201819459361261
1.2244897959183672,6.273469387755102,-1.5328436411590978,-0.7683781067239361,0.6164086475168604
1.2244897959183672,6.414285714285714,-1.4815902933367113,-0.7702897932672026,0.7066108524778215
1.2244897959183672,6.555102040816326,-1.4333084376519907,-0.7703768070155059,0.7917705852363769
1.2244897959183672,6.6959183673469385,-1.3876951504600001,-0.7686500824838729,0.8726654741855232
1.2244897959183672,6.836734693877551,-1.344491500631017,-0.7651268544773546,0.9499228751103043
1.2244897959183672,6.977551020408163,-1.303474669474436,-0.759830298485332,1.0240573014115768
1.2244897959183672,7.118367346938776,-1.2644517214785063,-0.7527890153688276,1.0954969326115707
1.2244897959183672,7.259183673469387,-1.2272546369573254,-0.7440364441802482,1.1646027979343332
1.2244897959183672,7.4,-1.1917363225408417,-0.733610122786466,1.2316830350374128
1.2653061224489794,0.5,-1.075363170952068,0.7410433246591648,0.8192302413359599
1.2653061224489794,0.6408163265306123,-1.110909060555756,0.6650419987662334,0.8035193192120359
1.2653061224489794,0.7816326530612245,-1.147827767101376,0.5929109828441387,0.7863107354289278
1.2653061224489794,0.9224489795918367,-1.1862477499830084,0.5243373939521909,0.7676257147683564
1.2653061224489794,1.063265306122449,-1.2263109341115577,0.4590169437793023,0.7474543904292921
1.2653061224489794,1.2040816326530612,-1.2681759963635644,0.3966703144792168,0.725760064635633
1.2653061224489794,1.3448979591836734,-1.312022122220961,0.33704788570217065,0.7024814781375915
1.2653061224489794,1.4857142857142858,-1.3580534568040503,0.2799296310285156,0.6775335522569801
1.2653061224489794,1.626530612244898,-1.40650451296425,0.22512311982846586,0.6508068537713848
1.2653061224489794,1.76734693877551,-1.4576468641859355,0.17246088253021324,0.6221658681077703
1.2653061224489794,1.9081632653061225,-1.511797548938538,0.12179772431468633,0.5914460549461161
1.2653061224489794,2.0489795918367344,-1.5693297477417512,0.07300821768371361,0.5584495242713513
1.2653061224489794,2.1897959183673468,-1.630686482782532,0.025984460302923115,0.5229390526749199
1.2653061224489794,2.330612244897959,-1.696398331444531,-0.019365886065838316,0.4846299749754472
1.2653061224489794,2.4714285714285715,-1.7671064355271762,-0.06312129563525774,0.4431792642412557
1.2653061224489794,2.6122448979591835,-1.8435923580289655,-0.1053477917543206,0.39817064387507284
1.2653061224489794,2.753061224489796,-1.9268163558868507,-0.14610024427533508,0.3490943293066353
1.2653061224489794,2.8938775510204082,-2.0179646433793677,-0.18542335938978244,0.29531853066467156
1.2653061224489794,3.03469387755102,-2.1185020146300864,-0.22335271351558475,0.23604931205069726
1.2653061224489794,3.1755102040816325,-2.2302120467643003,-0.2599154189743739,0.17027132421821423
1.2653061224489794,3.316326530612245,-2.3551627518911467,-0.29513091349251735,0.09665922224010566
1.2653061224489794,3.457142857142857,-2.495397958982447,-0.32901153745798645,0.013438884548008234
1.2653061224489794,3.5979591836734692,-2.6517341509309107,-0.36156316235311897,-0.08183872736741167
1.2653061224489794,3.7387755102040816,-2.819869292046097,-0.3927856131096893,-0.19268810276635942
1.2653061224489794,3.8795918367346935,-2.9800337994602293,-0.42267334151715363,-0.32440947813321547
1.2653061224489794,4.020408163265306,-3.08234562027409,-0.4512157255009617,-0.48554680884195606
1.2653061224489794,4.161224489795918,-3.0690110884597233,-0.4783977644300388,-0.6912220459654339
1.2653061224489794,4.302040816326531,-2.949721407298084,-0.5042003753102949,-0.9722972616720921
1.2653061224489794,4.442857142857143,-2.786609218360924,-0.5286012243285925,-1.4095346672545024
1.2653061224489794,4.5836734693877546,-2.622214070641094,-0.5515749813391938,-2.3927242254388856
1.2653061224489794,4.724489795918367,-2.4714400012397015,-0.5730940622667424,-2.2508862738728133
1.2653061224489794,4.865306122448979,-2.3368286396792315,-0.5931294145886989,-1.3210550787151787
1.2653061224489794,5.006122448979592,-2.2170882616131853,-0.6116509071832211,-0.8696640954184632
1.2653061224489794,5.146938775510204,-2.1101144445390934,-0.6286282444174875,-0.5647743031593815
1.2653061224489794,5.2877551020408164,-2.013893538412818,-0.644031568952746,-0.3320159090126122
1.2653061224489794,5.428571428571429,-1.9267173712311831,-0.6578322159391895,-0.1422569234175584
1.2653061224489794,5.56938775510204,-1.8471906554976054,-0.6700034314137435,0.018971785486905104
1.2653061224489794,5.710204081632653,-1.7741849397863252,-0.6805210810490274,0.15991963932602649
1.2653061224489794,5.851020408163265,-1.7067864360930916,-0.6893642768710744,0.28574081369411203
1.2653061224489794,5.9918367346938775,-1.6442507341827146,-0.6965159595805441,0.3998739916149626
1.2653061224489794,6.13265306122449,-1.5859665776335345,-0.7019634242105994,0.5047298405206907
1.2653061224489794,6.273469387755102,-1.531427738076103,-0.7056986981420278,0.6020655367312461
1.2653061224489794,6.414285714285714,-1.480211377218488,-0.7077188365161963,0.693202874794923
1.2653061224489794,6.555102040816326,-1.4319613997540694,-0.7080260828091224,0.7791624631842774
1.2653061224489794,6.6959183673469385,-1.3863755870453156,-0.7066278867067357,0.860749996780779
1.2653061224489794,6.836734693877551,-1.34319558391589,-0.7035368100425577,0.9386137603749891
1.2653061224489794,6.977551020408163,-1.3021990455405361,-0.6987703008914466,1.0132842037111678
1.2653061224489794,7.118367346938776,-1.2631934294332858,-0.6923503267396898,1.0852018807697663
1.2653061224489794,7.259183673469387,-1.2260110441468863,-0.6843029612507748,1.1547375936719417
1.2653061224489794,7.4,-1.1905050721767498,-0.6746578354628072,1.2222073182779944
1.3061224489795917,0.5,-1.0754153020386068,0.7546320936929762,0.8201129940624519
1.3061224489795917,0.6408163265306123,-1.110980671000663,0.6803306969241463,0.8046440685110324
1.3061224489795917,0.7816326530612245,-1.1479206689138173,0.6098236281150898,0.7876823541466684
1.3061224489795917,0.9224489795918367,-1.1863638160739773,0.5428095948185697,0.7692507863385043
1.3061224489795917,1.063265306122449,-1.2264521877648429,0.47899497408489633,0.7493414689654406
1.3061224489795917,1.2040816326530612,-1.2683446908690446,0.4181097935575199,0.7279199323672721
1.3061224489795917,1.3448979591836734,-1.3122208191931575,0.3599124419302031,0.7049274304551097
1.3061224489795917,1.4857142857142858,-1.358285110349019,0.3041896522621202,0.680281737204296
1.3061224489795917,1.626530612244898,-1.406772566032594,0.250754655716167,0.6538766903255641
1.3061224489795917,1.76734693877551,-1.4579553642620768,0.19944467177223588,0.6255805728868133
1.3061224489795917,1.9081632653061225,-1.5121512912409856,0.15011833361287993,0.5952333124059471
1.3061224489795917,2.0489795918367344,-1.569734456392136,0.10265328110979988,0.5626423483484947
1.3061224489795917,2.1897959183673468,-1.6311490433945754,0.05694399310753949,0.5275769053951229
1.3061224489795917,2.330612244897959,-1.6969270927543942,0.012899888256443105,0.48976023421917897
1.3061224489795917,2.4714285714285715,-1.767711602565488,-0.029556332048065573,0.44885918075491726
1.3061224489795917,2.6122448979591835,-1.8442865024751762,-0.07049004920313887,0.40446995624640814
1.3061224489795917,2.753061224489796,-1.9276150686825884,-0.10995602300062693,0.3560989018247586
1.3061224489795917,2.8938775510204082,-2.018887324825993,-0.1479993580028506,0.3031354381517069
1.3061224489795917,3.03469387755102,-2.1195726939942223,-0.18465646091066532,0.24481396943540912
1.3061224489795917,3.1755102040816325,-2.2314597940664,-0.21995585396872194,0.18015843651346167
1.3061224489795917,3.316326530612245,-2.3566201539723433,-0.25391879888034197,0.10789898224939237
1.3061224489795917,3.457142857142857,-2.4970928129131384,-0.2865599577083856,0.026342958568937497
1.3061224489795917,3.5979591836734692,-2.6536593699637576,-0.3178879955595683,-0.06683405114482052
1.3061224489795917,3.7387755102040816,-2.8218899499313235,-0.34790601184820136,-0.17494573207522757
1.3061224489795917,3.8795918367346935,-2.9816707452689566,-0.3766121319281398,-0.3029467842904889
1.3061224489795917,4.020408163265306,-3.0826560513668113,-0.4039999307027422,-0.45873091185719983
1.3061224489795917,4.161224489795918,-3.0674755025027665,-0.43005896052966536,-0.6560352725413171
1.3061224489795917,4.302040816326531,-2.947058417044465,-0.4547750845158813,-0.922155179833909
1.3061224489795917,4.442857142857143,-2.7836785588637754,-0.47813123551024245,-1.3250077926326236
1.3061224489795917,4.5836734693877546,-2.6194001182899194,-0.500107627957867,-2.145370334277798
1.3061224489795917,4.724489795918367,-2.468843212386968,-0.5206824147302549,-2.5492655284804706
1.3061224489795917,4.865306122448979,-2.3344492518383557,-0.5398323836624298,-1.415984451963613
1.3061224489795917,5.006122448979592,-2.2148996412748456,-0.5575332532938934,-0.9270570904185768
1.3061224489795917,5.146938775510204,-2.1080866686676853,-0.5737604696041219,-0.6063482325986693
1.3061224489795917,5.2877551020408164,-2.011999950140871,-0.5884896870349432,-0.3648661354269311
1.3061224489795917,5.428571428571429,-1.924935767828775,-0.6016974007047466,-0.16957795095766723
1.3061224489795917,5.56938775510204,-1.845502921613512,-0.6133615266992679,-0.0045303414973943265
1.3061224489795917,5.710204081632653,-1.7725763389702152,-0.623461986144867,0.1392142277606682
1.3061224489795917,5.851020408163265,-1.7052449264215506,-0.6319812176576309,0.2671726241170651
1.3061224489795917,5.9918367346938775,-1.6427663990218144,-0.6389046509288727,0.3829928787117155
1.3061224489795917,6.13265306122449,-1.5845311761536325,-0.6442211451335287,0.48921498004605724
1.3061224489795917,6.273469387755102,-1.5300343567796106,-0.6479233115662736,0.5876803111275805
1.3061224489795917,6.414285714285714,-1.478854161249492,-0.6500077688352037,0.6797678873187678
1.3061224489795917,6.555102040816326,-1.4306353451733762,-0.6504753010322777,0.7665385741921191
1.3061224489795917,6.6959183673469385,-1.3850763793297445,-0.6493309037623148,0.8488272293208967
1.3061224489795917,6.836734693877551,-1.3419194717571696,-0.6465837375570183,0.9273038063566832
1.3061224489795917,6.977551020408163,-1.3009427410961043,-0.642246990603142,1.0025152039392915
1.3061224489795917,7.118367346938776,-1.2619540292342541,-0.636337609521788,1.0749147130263486
1.3061224489795917,7.259183673469387,-1.2247859657602007,-0.6288760068147611,1.144883170033512
1.3061224489795917,7.4,-1.1892920029747474,-0.6198856479551995,1.2127445802214087
1.346938775510204,0.5,-1.0754655454483002,0.7674729230761639,0.8209599750199053
1.346938775510204,0.6408163265306123,-1.111049848142652,0.6947930504384857,0.805726395231111
1.346938775510204,0.7816326530612245,-1.1480105889875254,0.6258317487877378,0.7890052007549332
1.346938775510204,0.9224489795918367,-1.1864763457040108,0.5602988640457347,0.770820880560121
1.346938775510204,1.063265306122449,-1.2265893389546825,0.49791101120498327,0.751167371150815
1.346938775510204,1.2040816326530612,-1.2685086995549182,0.43840715669944047,0.7300123035391233
1.346938775510204,1.3448979591836734,-1.312414222729833,0.3815533211831076,0.7072993203904702
1.346938775510204,1.4857142857142858,-1.358510830625851,0.32714268768013116,0.6829489206943502
1.346938775510204,1.626530612244898,-1.4070340047676484,0.2749938653926248,0.6568580755502299
1.346938775510204,1.76734693877551,-1.4582565173778428,0.22494851956076126,0.6288987110659693
1.346938775510204,1.9081632653061225,-1.5124968903248186,0.17686891049641432,0.5989150421600566
1.346938775510204,2.0489795918367344,-1.5701301476514151,0.13063558097062825,0.5667196202280104
1.346938775510204,2.1897959183673468,-1.6316016174230707,0.08614526368039055,0.5320878513866821
1.346938775510204,2.330612244897959,-1.6974447824291115,0.04330904864093772,0.49475056052561805
1.346938775510204,2.4714285714285715,-1.7683044713437126,0.002050770827315174,0.4543840240137132
1.346938775510204,2.6122448979591835,-1.8449669490055367,-0.037694316823739034,0.41059636607962474
1.346938775510204,2.753061224489796,-1.9283984708727635,-0.0759808071839456,0.36290925608406027
1.346938775510204,2.8938775510204082,-2.0197928199520097,-0.1128540867497047,0.3107321929989178
1.346938775510204,3.03469387755102,-2.120623989147056,-0.14835127962345868,0.2533264673024388
1.346938775510204,3.1755102040816325,-2.232685562411959,-0.18250204686495541,0.18975289816696153
1.346938775510204,3.316326530612245,-2.3580525060110022,-0.21532919696147138,0.11879364470601159
1.346938775510204,3.457142857142857,-2.4987589987194347,-0.24684934450875884,0.038831951853085904
1.346938775510204,3.5979591836734692,-2.6555517510576836,-0.2770735010681284,-0.052341317103528205
1.346938775510204,3.7387755102040816,-2.823873374568297,-0.3060074953409944,-0.15785575600495794
1.346938775510204,3.8795918367346935,-2.983268221310193,-0.333652549467961,-0.28235272137904543
1.346938775510204,4.020408163265306,-3.0829378719535137,-0.3600056853967515,-0.4331456141573343
1.346938775510204,4.161224489795918,-3.0659463779145444,-0.38506018407678794,-0.6227633088771404
1.346938775510204,4.302040816326531,-2.944435157007144,-0.4088061061418812,-0.8754957181003812
1.346938775510204,4.442857142857143,-2.7807999224255804,-0.4312305630871098,-1.249155096759667
1.346938775510204,4.5836734693877546,-2.616638077826536,-0.45231834045670094,-1.9557748856784236
1.346938775510204,4.724489795918367,-2.4662943215777133,-0.4720522239831626,-2.998150807136268
1.346938775510204,4.865306122448979,-2.33211320165266,-0.4904137553501039,-1.5208507875151036
1.346938775510204,5.006122448979592,-2.212750235891607,-0.5073833682597144,-0.9875560842112271
1.346938775510204,5.146938775510204,-2.1060946106120153,-0.5229411386829049,-0.6493488200735957
1.346938775510204,5.2877551020408164,-2.010139165732212,-0.5370671645443881,-0.39849829892968336
1.346938775510204,5.428571428571429,-1.923184544011602,-0.5497421056843567,-0.19737214546161358
1.346938775510204,5.56938775510204,-1.8438435410110585,-0.5609476602716624,-0.028336657912167
1.346938775510204,5.710204081632653,-1.7709943860941402,-0.570667054095651,0.11830573746075664
1.346938775510204,5.851020408163265,-1.7037286189048275,-0.5788854679725509,0.2484658396235172
1.346938775510204,5.9918367346938775,-1.6413060316005985,-0.585590427069316,0.366016297087531
1.346938775510204,6.13265306122449,-1.5831186816287577,-0.5907721715713773,0.47363456416041055
1.346938775510204,6.273469387755102,-1.5286629655744541,-0.5944239344670683,0.573250877959452
1.346938775510204,6.414285714285714,-1.477518138961238,-0.596542161138425,0.6663042726752887
1.346938775510204,6.555102040816326,-1.4293297895497707,-0.5971266590310071,0.7538976310401363
1.346938775510204,6.6959183673469385,-1.383797062399679,-0.5961806585551034,0.8368961209442317
1.346938775510204,6.836734693877551,-1.3406627164601401,-0.5937107935286717,0.9159921361862496
1.346938775510204,6.977551020408163,-1.2997053237492704,-0.5897270228614634,0.9917495568336253
1.346938775510204,7.118367346938776,-1.260733102163424,-0.5842424271497555,1.0646347861883234
1.346938775510204,7.259183673469387,-1.2235789953360083,-0.5772730003842068,1.13503896501266
1.346938775510204,7.4,-1.1880967194933227,-0.5688373355261995,1.20329432528655
1.3877551020408163,0.5,-1.0755140001599683,0.7796256300993222,0.8217733067234814
1.3877551020408163,0.6408163265306123,-1.111116712211374,0.7084949419616513,0.8067686440686683
1.3877551020408163,0.7816326530612245,-1.1480976669713348,0.6410075968028675,0.7902818206181584
1.3877551020408163,0.9224489795918367,-1.1865854965726401,0.5768841767136964,0.772338732416206
1.3877551020408163,1.063265306122449,-1.2267225625244011,0.5158511194652458,0.7529350193617437
1.3877551020408163,1.2040816326530612,-1.268668213950572,0.4576559622845228,0.7320402926329961
1.3877551020408163,1.3448979591836734,-1.3126025407999726,0.40207203975970607,0.709600466003416
1.3877551020408163,1.4857142857142858,-1.3587308422259132,0.3488986903913158,0.6855386424326937
1.3877551020408163,1.626530612244898,-1.4072890708844705,0.2979596595834515,0.6597547957232354
1.3877551020408163,1.76734693877551,-1.4585505831450452,0.24910085268846127,0.6321243483140853
1.3877551020408163,1.9081632653061225,-1.5128346248239504,0.2021879883091998,0.6024956314968117
1.3877551020408163,2.0489795918367344,-1.5705171207020623,0.1571043780343757,0.5706861036514058
1.3877551020408163,2.1897959183673468,-1.6320445264772159,0.11374891179077037,0.5364770971929932
1.3877551020408163,2.330612244897959,-1.697951746898829,0.07203428876786692,0.49960669252856005
1.3877551020408163,2.4714285714285715,-1.7688854161538092,0.03188545092373134,0.45976018288847786
1.3877551020408163,2.6122448979591835,-1.8456341030480896,-0.006761694542768753,0.416557056648185
1.3877551020408163,2.753061224489796,-1.9291670035021513,-0.043961522704652686,0.3695335762837797
1.3877551020408163,2.8938775510204082,-2.020681611389362,-0.07975959940653572,0.31811829686732235
1.3877551020408163,3.03469387755102,-2.121656429672239,-0.11419361724411502,0.26159794349395965
1.3877551020408163,3.1755102040816325,-2.233889937346429,-0.1472941767770294,0.19906809281206422
1.3877551020408163,3.316326530612245,-2.3594604602421967,-0.17908537831261837,0.12935970183250997
1.3877551020408163,3.457142857142857,-2.5003972501287457,-0.20958547573813874,0.05092682706355331
1.3877551020408163,3.5979591836734692,-2.6574121310315477,-0.23880744059290313,-0.03833286313366371
1.3877551020408163,3.7387755102040816,-2.82582055153922,-0.2667594273890896,-0.1413796519606379
1.3877551020408163,3.8795918367346935,-2.9848274291187717,-0.2934452157831932,-0.2625701277252028
1.3877551020408163,4.020408163265306,-3.0831923984182548,-0.3188647163712823,-0.408697707810305
1.3877551020408163,4.161224489795918,-3.0644242754966755,-0.3430143504829924,-0.59123061060313
1.3877551020408163,4.302040816326531,-2.941850953967034,-0.3658875425227124,-0.8319072859467392
1.3877551020408163,4.442857142857143,-2.777972007161291,-0.38747497019292365,-1.1804560149469125
1.3877551020408163,4.5836734693877546,-2.613926552092801,-0.40776513845161155,-1.802457500506706
1.3877551020408163,4.724489795918367,-2.4637920224277474,-0.4267446569763255,-3.9513836680155165
1.3877551020408163,4.865306122448979,-2.3298193170215815,-0.44439893741907405,-1.6382080309024352
1.3877551020408163,5.006122448979592,-2.210639000352758,-0.46071227388606645,-1.0515799927367004
1.3877551020408163,5.146938775510204,-2.1041373339025036,-0.47566852138361837,-0.693906292234003
1.3877551020408163,5.2877551020408164,-2.0083103391473207,-0.4892514028811841,-0.43296673738353575
1.3877551020408163,5.428571428571429,-1.9214629286351388,-0.5014449798163544,-0.22566644884351275
1.3877551020408163,5.56938775510204,-1.8422118048036744,-0.5122340469662969,-0.05246215809926616
1.3877551020408163,5.710204081632653,-1.7694384244405617,-0.5216045498247737,0.09718508733582855
1.3877551020408163,5.851020408163265,-1.702236900894101,-0.5295439460155902,0.2296145855370972
1.3877551020408163,5.9918367346938775,-1.6398690567973995,-0.536041529410546,0.3489402358425348
1.3877551020408163,6.13265306122449,-1.5817285511221755,-0.5410887466186414,0.4579857267710823
1.3877551020408163,6.273469387755102,-1.527313049401419,-0.5446794391352938,0.5587751071072029
1.3877551020408163,6.414285714285714,-1.4762028195469736,-0.54681003108601,0.652810392547307
1.3877551020408163,6.555102040816326,-1.4280442633180879,-0.5474796690031246,0.7412383353659049
1.3877551020408163,6.6959183673469385,-1.3825371853913457,-0.5466902890551255,0.8249556155364596
1.3877551020408163,6.836734693877551,-1.3394248837187128,-0.5444466126384249,0.9046778714392995
1.3877551020408163,6.977551020408163,-1.2984863739121049,-0.540756107933567,0.9809865177092769
1.3877551020408163,7.118367346938776,-1.2595302417741179,-0.5356288311958899,1.0543614589654537
1.3877551020408163,7.259183673469387,-1.2223897382082607,-0.5290772781065076,1.1252044192413393
1.3877551020408163,7.4,-1.1869188376681994,-0.5211161417402939,1.1938560606452686
1.4285714285714284,0.5,-1.075560758479504,0.7911437978788521,0.8225549488315309
1.4285714285714284,0.6408163265306123,-1.1111813757456965,0.7214953281923366,0.8077729915972627
1.4285714285714284,0.7816326530612245,-1.148182033995579,0.655415761700062,0.7915145861014484
1.4285714285714284,0.9224489795918367,-1.1866914171955798,0.5926360136846427,0.7738068993249345
1.4285714285714284,1.063265306122449,-1.2268520235791627,0.5328919716429168,0.7546471531820467
1.4285714285714284,1.2040816326530612,-1.268823415242276,0.4759394069906128,0.7340068255433168
1.4285714285714284,1.3448979591836734,-1.3127859706026124,0.421558665685062,0.7118339899300816
1.4285714285714284,1.4857142857142858,-1.3589453585088467,0.36955498862076813,0.688054238314285
1.4285714285714284,1.626530612244898,-1.4075379943835897,0.31975704117926323,0.6625704231502912
1.4285714285714284,1.76734693877551,-1.4588378090185952,0.27201478916447797,0.6352613238729717
1.4285714285714284,1.9081632653061225,-1.5131647607698613,0.2261972651594203,0.6059792258317074
1.4285714285714284,2.0489795918367344,-1.570895661572288,0.18219043859437375,0.5745462998319895
1.4285714285714284,2.1897959183673468,-1.6324780784494866,0.13989527867442997,0.5407495648624412
1.4285714285714284,2.330612244897959,-1.6984483181729364,0.0992260476404729,0.5043340547252922
1.4285714285714284,2.4714285714285715,-1.7694547959207283,0.060108783168340355,0.46499369001564744
1.4285714285714284,2.6122448979591835,-1.8462883539538992,0.02248006691886081,0.4223588105802315
1.4285714285714284,2.753061224489796,-1.929921090581447,-0.013714200306937676,0.3759795820690631
1.4285714285714284,2.8938775510204082,-2.0215541630177505,-0.04851966902138969,0.32530266325660956
1.4285714285714284,3.03469387755102,-2.1226705257633625,-0.0819744662550074,0.2696388680216774
1.4285714285714284,3.1755102040816325,-2.235073483440141,-0.11410995580909407,0.20811656966090306
1.4285714285714284,3.316326530612245,-2.3608446460087187,-0.14495130830429054,0.13961256597425006
1.4285714285714284,3.457142857142857,-2.5020082756190747,-0.17451815111895,0.06264708848314757
1.4285714285714284,3.5979591836734692,-2.6592413228757614,-0.2028251128584299,-0.024782986913182523
1.4285714285714284,3.7387755102040816,-2.8277324325108144,-0.22988227300035607,-0.12548209762050813
1.4285714285714284,3.8795918367346935,-2.986349526409301,-0.25569559097586736,-0.24354710679126054
1.4285714285714284,4.020408163265306,-3.083420886372516,-0.28026739004780377,-0.3853039047565959
1.4285714285714284,4.161224489795918,-3.0629097274057453,-0.3035967189967566,-0.5612853913072714
1.4285714285714284,4.302040816326531,-2.9393051370554604,-0.32567981146378433,-0.7910464226364569
1.4285714285714284,4.442857142857143,-2.7751935502697322,-0.3465103145370844,-1.11775600961602
1.4285714285714284,4.5836734693877546,-2.6112641972273543,-0.3660797656211964,-1.6740550711874889
1.4285714285714284,4.724489795918367,-2.4613350551613626,-0.38437810770515984,-3.9813007081360854
1.4285714285714284,4.865306122448979,-2.327566467628784,-0.4013937877454195,-1.7717345678548255
1.4285714285714284,5.006122448979592,-2.2085649252297257,-0.4171143521334244,-1.1196368968396975
1.4285714285714284,5.146938775510204,-2.1022139345543103,-0.4315267392610424,-0.7401687112710087
1.4285714285714284,5.2877551020408164,-2.006512653223948,-0.44461769343067237,-0.4683311621048993
1.4285714285714284,5.428571428571429,-1.9197701764781534,-0.45637407222585485,-0.2544898417099949
1.4285714285714284,5.56938775510204,-1.8406070275984245,-0.46678323042980013,-0.07692273229160085
1.4285714285714284,5.710204081632653,-1.7679078187335153,-0.47583337144991866,0.07584276129113576
1.4285714285714284,5.851020408163265,-1.7007691794556852,-0.4835138567930959,0.21061276074163646
1.4285714285714284,5.9918367346938775,-1.6384549177453147,-0.4898154784187957,0.3317605604530781
1.4285714285714284,6.13265306122449,-1.5803602587691157,-0.494730731958711,0.44226553231439647
1.4285714285714284,6.273469387755102,-1.5259841091770243,-0.4982540294556023,0.544250828935805
1.4285714285714284,6.414285714285714,-1.4749077272465294,-0.5003818601884025,0.6392845863391254
1.4285714285714284,6.555102040816326,-1.4267783111376653,-0.5011129193086106,0.728559376708688
1.4285714285714284,6.6959183673469385,-1.3812963109675322,-0.5004481775042685,0.8130046511481995
1.4285714285714284,6.836734693877551,-1.3382055521002612,-0.49839088426456685,0.8933601309315765
1.4285714285714284,6.977551020408163,-1.297285484321186,-0.4949465544012337,0.9702253421672625
1.4285714285714284,7.118367346938776,-1.2583450534347644,-0.4901228453025029,1.0440940916953954
1.4285714285714284,7.259183673469387,-1.2212178110746683,-0.48392944548037703,1.1153789757923234
1.4285714285714284,7.4,-1.185757984386115,-0.4763778889918549,1.184429296279003
1.4693877551020407,0.5,-1.0756059065655443,0.80207557301365,0.8233067132252248
1.4693877551020407,0.6408163265306123,-1.1112439441832682,0.7338471525770999,0.8087414607254607
1.4693877551020407,0.7816326530612245,-1.14826381330718,0.6691141733171038,0.7927057109175634
1.4693877551020407,0.9224489795918367,-1.1867942475726647,0.6076175055728346,0.7752277751083428
1.4693877551020407,1.063265306122449,-1.2269778781192233,0.5491021365955907,0.7563063434056804
1.4693877551020407,1.2040816326530612,-1.2689744750475072,0.49333175318304473,0.7359146536979067
1.4693877551020407,1.3448979591836734,-1.3129646992636743,0.4400934426345158,0.7140028335197076
1.4693877551020407,1.4857142857142858,-1.3591545823235056,0.38919811462602444,0.6904988549004364
1.4693877551020407,1.626530612244898,-1.4077809943234967,0.3404791602375779,0.6653083310866107
1.4693877551020407,1.76734693877551,-1.4591184310388121,0.2937904466783932,0.6383132661118278
1.4693877551020407,1.9081632653061225,-1.513487552256908,0.24900419465201462,0.6093697453301776
1.4693877551020407,2.0489795918367344,-1.5712660438419306,0.2060089364713247,0.5783044674960708
1.4693877551020407,2.1897959183673468,-1.6329025681868024,0.16470765646561403,0.5449099113631503
1.4693877551020407,2.330612244897959,-1.698934814577716,0.1250161439770926,0.5089377808552492
1.4693877551020407,2.4714285714285715,-1.7700129552426078,0.08686152868817514,0.47009025111244435
1.4693877551020407,2.6122448979591835,-1.846930075921715,0.05018108931952509,0.42800803791910447
1.4693877551020407,2.753061224489796,-1.9306611400081692,0.014921058517747738,0.3822545617047452
1.4693877551020407,2.8938775510204082,-2.022410921477201,-0.018964212439847805,0.3322936964674405
1.4693877551020407,3.03469387755102,-2.1236667691574125,-0.05151316490658648,0.27745909385216755
1.4693877551020407,3.1755102040816325,-2.236236745462763,-0.08275777309613809,0.21691011439414767
1.4693877551020407,3.316326530612245,-2.362205670855999,-0.11272408233999323,0.14956665941358085
1.4693877551020407,3.457142857142857,-2.503592759485189,-0.14143287201392582,0.07401091146610346
1.4693877551020407,3.5979591836734692,-2.6610401075120413,-0.16890015936525757,-0.011667981161538115
1.4693877551020407,3.7387755102040816,-2.829609936926828,-0.1951376449965362,-0.1101305998485641
1.4693877551020407,3.8795918367346935,-2.98783562872367,-0.22015312614021698,-0.22523640548815346
1.4693877551020407,4.020408163265306,-3.0836245331909264,-0.2439509552896474,-0.36288949207335625
1.4693877551020407,4.161224489795918,-3.0614032099939172,-0.266532393117314,-0.5327941666724233
1.4693877551020407,4.302040816326531,-2.936797039064393,-0.2878960328102797,-0.7526235667329608
1.4693877551020407,4.442857142857143,-2.7724633399205825,-0.30803796050607846,-1.0601585706193113
1.4693877551020407,4.5836734693877546,-2.6086496885393404,-0.3269524469735718,-1.5638198173574034
1.4693877551020407,4.724489795918367,-2.4589222047106847,-0.34463192846804414,-3.0258090765212597
1.4693877551020407,4.865306122448979,-2.3253535630374107,-0.3610675726742369,-1.9270090308701335
1.4693877551020407,5.006122448979592,-2.2065270393665344,-0.37624957882377624,-1.1923508410435628
1.4693877551020407,5.146938775510204,-2.1003235396287683,-0.3901674783457864,-0.788305414485838
1.4693877551020407,5.2877551020408164,-2.004745318608752,-0.4028105005950646,-0.5046574011900166
1.4693877551020407,5.428571428571429,-1.918105567149932,-0.4141678427469723,-0.2838735631959452
1.4693877551020407,5.56938775510204,-1.8390285465094887,-0.42422899203562153,-0.10173524532532602
1.4693877551020407,5.710204081632653,-1.7664019542613092,-0.4329840418842098,0.0542687757149306
1.4693877551020407,5.851020408163265,-1.6993248805973935,-0.4404239565176188,0.1914540225535242
1.4693877551020407,5.9918367346938775,-1.6370630751590909,-0.4465408015153249,0.3144730054289364
1.4693877551020407,6.13265306122449,-1.5790132950697229,-0.4513279832289362,0.4264709717876683
1.4693877551020407,6.273469387755102,-1.524675661177539,-0.4547804362581379,0.5296758320126627
1.4693877551020407,6.414285714285714,-1.4736324007823365,-0.4568947615815346,0.6257251698002168
1.4693877551020407,6.555102040816326,-1.425531491384684,-0.4576693444632645,0.7158594313138585
1.4693877551020407,6.6959183673469385,-1.3800740148158122,-0.45710442283346653,0.8010421593677075
1.4693877551020407,6.836734693877551,-1.337004312617343,-0.45520209591056754,0.882038032234801
1.4693877551020407,6.977551020408163,-1.2961022596003673,-0.451966325032984,0.9594652857300017
1.4693877551020407,7.118367346938776,-1.2571771539265453,-0.4474028381808242,1.033832046167644
1.4693877551020407,7.259183673469387,-1.2200628416010493,-0.44151904393551966,1.1055620799790344
1.4693877551020407,7.4,-1.1846137970899733,-0.43432388891978024,1.175013544907661
1.510204081632653,0.5,-1.0756495249171338,0.81246433667352,0.8240302776714189
1.510204081632653,0.6408163265306123,-1.1113045164151938,0.7455980984432138,0.8096759338703149
1.510204081632653,0.7816326530612245,-1.148343120866508,0.6821549587138687,0.793857263026662
1.510204081632653,0.9224489795918367,-1.1868941197589962,0.6218853919243976,0.7766036027885255
1.510204081632653,1.063265306122449,-1.227100273671157,0.5645431495887252,0.7579150050555246
1.510204081632653,1.2040816326530612,-1.269121556006433,0.5098995408794993,0.737766366790845
1.510204081632653,1.3448979591836734,-1.3131389044890718,0.4577481418756936,0.7161097698155121
1.510204081632653,1.4857142857142858,-1.3593587066554083,0.4079053167007857,0.6928754626953185
1.510204081632653,1.626530612244898,-1.4080182794462344,0.36020900472547096,0.6679717074753264
1.510204081632653,1.76734693877551,-1.4593926744672225,0.3145168322626344,0.6412836069190463
1.510204081632653,1.9081632653061225,-1.5138032421203451,0.2707040956194757,0.6126709000828239
1.510204081632653,2.0489795918367344,-1.5716285293045857,0.2286618075323915,0.5819646386591043
1.510204081632653,2.1897959183673468,-1.633318278185804,0.1882949124421499,0.5489625463901321
1.510204081632653,2.330612244897959,-1.69941154167975,0.14952068979434677,0.5134227411580442
1.510204081632653,2.4714285714285715,-1.7705602250175274,0.11226738471256419,0.4750552665241584
1.510204081632653,2.6122448979591835,-1.8475596286623654,0.07647297209869569,0.4335108017994892
1.510204081632653,2.753061224489796,-1.9313875442891622,0.042084075489727694,0.38836540241418227
1.510204081632653,2.8938775510204082,-2.0232523169705434,0.009055126463325553,0.3390993277629664
1.510204081632653,3.03469387755102,-2.124645633746186,-0.0226525243520644,0.28506790258075615
1.510204081632653,3.1755102040816325,-2.2373802484209704,-0.05307132523982108,0.22545978610501574
1.510204081632653,3.316326530612245,-2.3635441214016497,-0.08222803833611214,0.15923549533686923
1.510204081632653,3.457142857142857,-2.5051513629838627,-0.1101443936298318,0.08503525796096001
1.510204081632653,3.5979591836734692,-2.6628092413333855,-0.13683757462951163,0.0010341999009797786
1.510204081632653,3.7387755102040816,-2.8314539530762746,-0.16232064879097904,-0.09529520290451254
1.510204081632653,3.8795918367346935,-2.989286811529545,-0.18660296188784606,-0.2075948884418026
1.510204081632653,4.020408163265306,-3.0838044814952457,-0.20969058359711226,-0.34138719809790746
1.510204081632653,4.161224489795918,-3.0599051549550254,-0.23158664293337766,-0.5056392605723344
1.510204081632653,4.302040816326531,-2.9343259972780946,-0.25229172436683317,-0.7163923530322437
1.510204081632653,4.442857142857143,-2.769780162557689,-0.27180401279511507,-1.0069510342509194
1.510204081632653,4.5836734693877546,-2.6060817753202103,-0.2901199517565136,-1.4674191165774118
1.510204081632653,4.724489795918367,-2.4565522986221313,-0.30723420286619374,-2.5870866086646056
1.510204081632653,4.865306122448979,-2.323179551051347,-0.32314017648535515,-2.1130974925396115
1.510204081632653,5.006122448979592,-2.2045244022587593,-0.33783029675493487,-1.2705010037709783
1.510204081632653,5.146938775510204,-2.09846530598854,-0.351296270589703,-0.8385113244024418
1.510204081632653,5.2877551020408164,-2.003007572054167,-0.36352941121560034,-0.5420182948867337
1.510204081632653,5.428571428571429,-1.9164684040984912,-0.3745208769132376,-0.31385136091500987
1.510204081632653,5.56938775510204,-1.8374757202327476,-0.38426194891414894,-0.12691762394770045
1.510204081632653,5.710204081632653,-1.7649202360703857,-0.3927443128272285,0.03245264451344627
1.510204081632653,5.851020408163265,-1.6979034485105702,-0.3999602899336974,0.1721317712371311
1.510204081632653,5.9918367346938775,-1.6356930066171171,-0.40590303302055725,0.2970731664936915
1.510204081632653,6.13265306122449,-1.5776871662654273,-0.4105667390636043,0.41059895862469503
1.510204081632653,6.273469387755102,-1.5233872364539343,-0.413946814765324,0.5150478607802115
1.510204081632653,6.414285714285714,-1.4723763928008533,-0.41603999511534934,0.612130433613184
1.510204081632653,6.555102040816326,-1.4243033756115697,-0.4168444519702309,0.703137161888029
1.510204081632653,6.6959183673469385,-1.378869885159143,-0.4163598583990888,0.7890670647456245
1.510204081632653,6.836734693877551,-1.3358207682523822,-0.4145874018393035,0.870710689578823
1.510204081632653,6.977551020408163,-1.2949363158193918,-0.41152979164101233,0.9487056035762291
1.510204081632653,7.118367346938776,-1.2560261710059923,-0.4071911848487907,1.0235746852983487
1.510204081632653,7.259183673469387,-1.218924468007957,-0.401577117349418,1.0957531791706352
1.510204081632653,7.4,-1.1834859234371704,-0.3946943946168558,1.1656083217418634
1.5510204081632653,0.5,-1.0756916888693353,0.8223493016960622,0.8247271965745582
1.5510204081632653,0.6408163265306123,-1.1113631852485717,0.7567912378014355,0.8105781648626057
1.5510204081632653,0.7816326530612245,-1.1484200658438775,0.6945851663114299,0.7949711764190842
1.5510204081632653,0.9224489795918367,-1.1869911584282806,0.6354908272444817,0.7779364863750672
1.5510204081632653,1.063265306122449,-1.227219349830258,0.5792704189789842,0.7594754087705676
1.5510204081632653,1.2040816326530612,-1.2692648123742045,0.5257025971744231,0.7395644044888224
1.5510204081632653,1.3448979591836734,-1.3133087551377527,0.47458718876085787,0.7181574154282115
1.5510204081632653,1.4857142857142858,-1.3595579152122095,0.425745816991735,0.6951868677114494
1.5510204081632653,1.626530612244898,-1.4082500487721852,0.379020801932928,0.6705635675420737
1.5510204081632653,1.76734693877551,-1.4596607543991094,0.33427340295582664,0.6441755948980792
1.5510204081632653,1.9081632653061225,-1.5141120625715467,0.29138188925152547,0.6158862040979108
1.5510204081632653,2.0489795918367344,-1.5719833686295872,0.25023968005767333,0.5855306336402427
1.5510204081632653,2.1897959183673468,-1.6337254792490614,0.21075363152532223,0.5529116486963613
1.5510204081632653,2.330612244897959,-1.6998787922359004,0.17284249592380102,0.5177935119948045
1.5510204081632653,2.4714285714285715,-1.7710969231531164,0.13643561006384944,0.479893851685901
1.5510204081632653,2.6122448979591835,-1.8481773580941028,0.10147169227070602,0.4388728420479115
1.5510204081632653,2.753061224489796,-1.9321006812485297,0.06789779486443538,0.39431861815092956
1.5510204081632653,2.8938775510204082,-2.0240787640918327,0.03566849898899345,0.34572704906169827
1.5510204081632653,3.03469387755102,-2.1256075772324596,0.004745034691255979,0.2924740613115129
1.5510204081632653,3.1755102040816325,-2.2385044997025045,-0.02490538571399732,0.23377600950824023
1.5510204081632653,3.316326530612245,-2.364860564306224,-0.05331011665363342,0.1686317506804986
1.5510204081632653,3.457142857142857,-2.506684725151935,-0.08049166715791749,0.09573597984117319
1.5510204081632653,3.5979591836734692,-2.664549455668334,-0.10646819502312163,0.013344056582052545
1.5510204081632653,3.7387755102040816,-2.833265339682207,-0.13125391943904008,-0.08094824135070586
1.5510204081632653,3.8795918367346935,-2.990704111665489,-0.1548594954894723,-0.19058307045848596
1.5510204081632653,4.020408163265306,-3.0839618212976667,-0.17729244679261189,-0.32073624060445427
1.5510204081632653,4.161224489795918,-3.0584159526201793,-0.19855748618924013,-0.4797164135124256
1.5510204081632653,4.302040816326531,-2.931891354760985,-0.21865688624789256,-0.6821414468078284
1.5510204081632653,4.442857142857143,-2.7671428788222543,-0.2375906099768083,-0.9575610634786288
1.5510204081632653,4.5836734693877546,-2.6035592399861067,-0.25535693982329033,-1.3819028342065893
1.5510204081632653,4.724489795918367,-2.454224205321721,-0.2719524203117078,-2.3006480805679623
1.5510204081632653,4.865306122448979,-2.321043415956685,-0.2873723570716563,-2.3462468737086404
1.5510204081632653,5.006122448979592,-2.202556106660681,-0.3016110536163495,-1.355077200474144
1.5510204081632653,5.146938775510204,-2.0966384189564895,-0.31466205340667797,-0.891012407530826
1.5510204081632653,5.2877551020408164,-2.001298676087021,-0.3265184295979253,-0.5804947192981114
1.5510204081632653,5.428571428571429,-1.9148580135760427,-0.3371729968443318,-0.3444597760631041
1.5510204081632653,5.56938775510204,-1.8359479281984532,-0.3466185545140076,-0.1524889539120348
1.5510204081632653,5.710204081632653,-1.7634620881458445,-0.3548481380041578,0.010383340465620351
1.5510204081632653,5.851020408163265,-1.6965043448842894,-0.36185522427338274,0.15263913370330642
1.5510204081632653,5.9918367346938775,-1.6343442059065056,-0.3676338980430802,0.27955649227133433
1.5510204081632653,6.13265306122449,-1.5763813937520166,-0.3721790431060799,0.39464632430808727
1.5510204081632653,6.273469387755102,-1.5221183802532803,-0.3754864886561862,0.5003646131166646
1.5510204081632653,6.414285714285714,-1.471139269352081,-0.3775531121474858,0.5984986419422447
1.5510204081632653,6.555102040816326,-1.4230935481001685,-0.3783769377127836,0.6903912170230709
1.5510204081632653,6.6959183673469385,-1.3776835222885224,-0.3779571971403954,0.7770782841464915
1.5510204081632653,6.836734693877551,-1.334654533486574,-0.3762943450637085,0.8593772136723898
1.5510204081632653,6.977551020408163,-1.293787280073043,-0.37339006951732323,0.9379455501060433
1.5510204081632653,7.118367346938776,-1.2548917430228952,-0.3692472339605353,1.0133213729079202
1.5510204081632653,7.259183673469387,-1.2178023387151244,-0.3638698206258115,1.0859517219501278
1.5510204081632653,7.4,-1.1823740209110283,-0.35726284459456104,1.1562131443690244
1.5918367346938773,0.5,-1.0757324689136245,0.8317659871476835,0.8253989137596022
1.5918367346938773,0.6408163265306123,-1.1114200378913364,0.767465579247134,0.8114497895465815
1.5918367346938773,0.7816326530612245,-1.1484947511306831,0.7064473827260073,0.7960492615758714
1.5918367346938773,0.9224489795918367,-1.1870854813823497,0.6484800697559598,0.7792284012116714
1.5918367346938773,1.063265306122449,-1.2273352388299394,0.5933339919901245,0.760989691254285
1.5918367346938773,1.2040816326530612,-1.2694043905460992,0.5407948868224433,0.7413110671476092
1.5918367346938773,1.3448979591836734,-1.3134744117777117,0.4906686106819988,0.7201482414306004
1.5918367346938773,1.4857142857142858,-1.3597523829490843,0.44278186001125264,0.6974357250339533
1.5918367346938773,1.626530612244898,-1.40847649218259,0.39698118881531685,0.6730867653845144
1.5918367346938773,1.76734693877551,-1.4599228763558887,0.35313136438284665,0.6469923075025881
1.5918367346938773,1.9081632653061225,-1.5144142357821317,0.3111135371525452,0.6190189881784911
1.5918367346938773,2.0489795918367344,-1.5723308019430335,0.27082346561086135,0.5890060749081123
1.5918367346938773,2.1897959183673468,-1.6341244311353913,0.23216987224780314,0.5567611821991484
1.5918367346938773,2.330612244897959,-1.7003368477877112,0.19507296474730923,0.5220544733458155
1.5918367346938773,2.4714285714285715,-1.7716233552382965,0.15946316703072375,0.4846108559403849
1.5918367346938773,2.6122448979591835,-1.8487835970593667,0.1252799621651595,0.44409959678487154
1.5918367346938773,2.753061224489796,-1.9328009147752694,0.09247087274976508,0.40012037507857345
1.5918367346938773,2.8938775510204082,-2.024890662317713,0.06099069113779034,0.3521839433587293
1.5918367346938773,3.03469387755102,-2.1265530397173924,0.030800611970275983,0.2996858053654353
1.5918367346938773,3.1755102040816325,-2.2396099889544154,0.001867596117731286,0.2418685948954702
1.5918367346938773,3.316326530612245,-2.36615554713214,-0.025836166423334552,0.17776733205221518
1.5918367346938773,3.457142857142857,-2.5081934639355628,-0.05233382617279224,0.1061279115463981
1.5918367346938773,3.5979591836734692,-2.666261457760198,-0.07764435207327305,0.025280682250400394
1.5918367346938773,3.7387755102040816,-2.835044926830209,-0.1017829319541567,-0.06706410812683994
1.5918367346938773,3.8795918367346935,-2.9920885290548216,-0.12476132845296596,-0.17416472167964253
1.5918367346938773,4.020408163265306,-3.0840975928063616,-0.14658829883000896,-0.30088152564919735
1.5918367346938773,4.161224489795918,-3.0569359549899286,-0.16726990189491456,-0.4549328269477258
1.5918367346938773,4.302040816326531,-2.9294924609325865,-0.18680984664258363,-0.6496882141975826
1.5918367346938773,4.442857142857143,-2.764550371009552,-0.2052096080066853,-0.91152000212356
1.5918367346938773,4.5836734693877546,-2.6010809060646483,-0.2224690330155088,-1.3051718008703377
1.5918367346938773,4.724489795918367,-2.451936832308255,-0.2385862663847773,-2.088425458240479
1.5918367346938773,4.865306122448979,-2.318944178657918,-0.2535582048750163,-2.6602956253990246
1.5918367346938773,5.006122448979592,-2.200621276155125,-0.26738080909909473,-1.4473636897521112
1.5918367346938773,5.146938775510204,-2.094842091175991,-0.28004912144061916,-0.9460726702826948
1.5918367346938773,5.2877551020408164,-1.999617917451823,-0.2915577305858271,-0.6201768459372718
1.5918367346938773,5.428571428571429,-1.9132737437586949,-0.30190085888359,-0.37573846991798054
1.5918367346938773,5.56938775510204,-1.8344445697064886,-0.31107259778950025,-0.17846958815863037
1.5918367346938773,5.710204081632653,-1.7620269526858443,-0.31906713372671125,-0.011950746992630702
1.5918367346938773,5.851020408163265,-1.6951270481758944,-0.32587893242594446,0.13296894360286277
1.5918367346938773,5.9918367346938775,-1.6330161824153357,-0.3315028807471467,0.26191827543168134
1.5918367346938773,6.13265306122449,-1.575095513463003,-0.3359344595612168,0.37860981382723413
1.5918367346938773,6.273469387755102,-1.520868651523961,-0.3391698747151928,0.4856237377650745
1.5918367346938773,6.414285714285714,-1.469920609378186,-0.34120614499753743,0.5848280309309414
1.5918367346938773,6.555102040816326,-1.4219016053410938,-0.34204119285972123,0.6776202290827302
1.5918367346938773,6.6959183673469385,-1.3765145381430666,-0.3416739001865803,0.7650747261231008
1.5918367346938773,6.836734693877551,-1.33350523391407,-0.3401041252409274,0.8480367114330859
1.5918367346938773,6.977551020408163,-1.2926547901015877,-0.33733271363838413,0.9271843787265263
1.5918367346938773,7.118367346938776,-1.2537735185486025,-0.33336145244539084,1.0030714734643948
1.5918367346938773,7.259183673469387,-1.2166961120079045,-0.32819302227021685,1.076157159749042
1.5918367346938773,7.4,-1.1812777564951005,-0.32183092866205026,1.1468275325895312
1.6326530612244896,0.5,-1.0757719311260985,0.8407466543130993,0.8260467707671889
1.6326530612244896,0.6408163265306123,-1.1114751563420535,0.7776565450275265,0.812292335472285
1.6326530612244896,0.7816326530612245,-1.1485672737496462,0.7177802532226896,0.7970932151328641
1.6326530612244896,0.9224489795918367,-1.187177200016293,0.6608950671749728,0.7804812035203758
1.6326530612244896,1.063265306122449,-1.2274480659777027,0.6067792033103344,0.7624598651354347
1.6326530612244896,1.2040816326530612,-1.269540429550002,0.5552252345298142,0.7430085255739602
1.6326530612244896,1.3448979591836734,-1.313636027191208,0.5060448371871683,0.7220845833609665
1.6326530612244896,1.4857142857142858,-1.3599422766552698,0.45906960873961006,0.6996245455535531
1.6326530612244896,1.626530612244898,-1.4086977909312404,0.4141501935257853,0.675544004632385
1.6326530612244896,1.76734693877551,-1.460179236790774,0.3711547550629378,0.6497366622209719
1.6326530612244896,1.9081632653061225,-1.51470997439778,0.3299672392187554,0.62207241179196
1.6326530612244896,2.0489795918367344,-1.5726710593497812,0.29048568167973843,0.5923943998042451
1.6326530612244896,2.1897959183673468,-1.6345153830621735,0.25262062762490484,0.5605149084920817
1.6326530612244896,2.330612244897959,-1.7007859786106436,0.21629372482038398,0.5262097683763943
1.6326530612244896,2.4714285714285715,-1.7721398150692738,0.1814364794451514,0.4892108798968659
1.6326530612244896,2.6122448979591835,-1.8493786663164435,0.14798914577471506,0.4491962485567364
1.6326530612244896,2.753061224489796,-1.9334885953328305,0.11589979238592273,0.4057765111702618
1.6326530612244896,2.8938775510204082,-2.0256883970251147,0.08512343103190276,0.3584767131684457
1.6326530612244896,3.03469387755102,-2.1274824472864604,0.055621311443830965,0.3067109515517492
1.6326530612244896,3.1755102040816325,-2.2406971891439014,0.027360229459404833,0.2497467923653416
1.6326530612244896,3.316326530612245,-2.367429599094641,0.0003120249402034171,0.1866534351511475
1.6326530612244896,3.457142857142857,-2.5096781769089103,-0.025546971512550976,0.11622495345627246
1.6326530612244896,3.5979591836734692,-2.667945931910874,-0.05023640024158217,0.036861886687877654
1.6326530612244896,3.7387755102040816,-2.8367935173631738,-0.07377226274798057,-0.05361906100929756
1.6326530612244896,3.8795918367346935,-2.9934410281341983,-0.09616725771413089,-0.1583065239657272
1.6326530612244896,4.020408163265306,-3.0842127887142823,-0.11743119013066888,-0.2817729626009266
1.6326530612244896,4.161224489795918,-3.0554654782397366,-0.13757126480129256,-0.43120554915883147
1.6326530612244896,4.302040816326531,-2.9271286723387426,-0.15659241579587968,-0.6188737629465959
1.6326530612244896,4.442857142857143,-2.762001553739684,-0.1744974146886031,-0.8684396591806222
1.6326530612244896,4.5836734693877546,-2.598645636535873,-0.1912874276527103,-1.2356791121739104
1.6326530612244896,4.724489795918367,-2.449689124579364,-0.20696198268928204,-1.9202790421037803
1.6326530612244896,4.865306122448979,-2.316880888735413,-0.2215193465083892,-3.147433436941057
1.6326530612244896,5.006122448979592,-2.1987190638940435,-0.23495684299895958,-1.5490690564869387
1.6326530612244896,5.146938775510204,-2.0930755614589804,-0.24727084596139276,-1.0040032424861198
1.6326530612244896,5.2877551020408164,-1.9979646062299405,-0.2584572210854354,-0.6611656360125349
1.6326530612244896,5.428571428571429,-1.911714963835154,-0.26851139382092964,-0.40773059906506437
1.6326530612244896,5.56938775510204,-1.8329650631616294,-0.2774285608479178,-0.2048812677214592
1.6326530612244896,5.710204081632653,-1.7606142893668164,-0.2852038949250683,-0.03456185776801667
1.6326530612244896,5.851020408163265,-1.6937710529802923,-0.2918327117570491,0.11311372205921101
1.6326530612244896,5.9918367346938775,-1.6317084604991348,-0.297310590811225,0.24415364327681804
1.6326530612244896,6.13265306122449,-1.5738290753641366,-0.30163353328648346,0.3624860807833269
1.6326530612244896,6.273469387755102,-1.5196376223510357,-0.30479807903608513,0.47082283169484873
1.6326530612244896,6.414285714285714,-1.4687200042730681,-0.3068013827421531,0.5711168071233227
1.6326530612244896,6.555102040816326,-1.4207271555997283,-0.3076412963990103,0.6648228137603781
1.6326530612244896,6.6959183673469385,-1.3753625558697757,-0.3073164211846354,0.7530552902813703
1.6326530612244896,6.836734693877551,-1.3323725058454594,-0.3058261241081424,0.8366882855275164
1.6326530612244896,6.977551020408163,-1.291538493901892,-0.30317054856833264,0.916421341472163
1.6326530612244896,7.118367346938776,-1.2526711560151957,-0.2993505775348302,0.9928243518440513
1.6326530612244896,7.259183673469387,-1.2156054556399518,-0.2943677914964042,1.0663689445719329
1.6326530612244896,7.4,-1.1801968063420696,-0.28822441235883334,1.1374510082793727
1.673469387755102,0.5,-1.0758101374871893,0.8493206710114496,0.8266720159661834
1.673469387755102,0.6408163265306123,-1.111528617772298,0.7873963791259501,0.8131072306770968
1.673469387755102,0.7816326530612245,-1.1486377252902407,0.7286189402798863,0.7981046288092354
1.673469387755102,0.9224489795918367,-1.1872664197357807,0.6727739561547751,0.7816966397290859
1.673469387755102,1.063265306122449,-1.2275579501196918,0.6196472314929713,0.7638878278591766
1.673469387755102,1.2040816326530612,-1.269673061515998,0.5690379411924918,0.7446588300201074
1.673469387755102,1.3448979591836734,-1.3137937468149958,0.5207633829861422,0.723968650239925
1.673469387755102,1.4857142857142858,-1.3601277553616935,0.4746598892531514,0.7017557077326988
1.673469387755102,1.626530612244898,-1.4089141181198637,0.4305820641171153,0.6779378482691361
1.673469387755102,1.76734693877551,-1.460430023597381,0.38840136091357175,0.6524114268915743
1.673469387755102,1.9081632653061225,-1.5149994820698314,0.3480044403003645,0.6250494740178116
1.673469387755102,2.0489795918367344,-1.5730043615361435,0.30929155545333664,0.5956988724219489
1.673469387755102,2.1897959183673468,-1.6348985742303432,0.2721750384292815,0.564176397511526
1.673469387755102,2.330612244897959,-1.7012264445324732,0.23657795231949327,0.5302633353252676
1.673469387755102,2.4714285714285715,-1.7726465852733158,0.20243289114462487,0.4936982913626772
1.673469387755102,2.6122448979591835,-1.8499628734846014,0.1696809007215264,0.45416763840343316
1.673469387755102,2.753061224489796,-1.9341640609407853,0.13827059033512812,0.4112925724011115
1.673469387755102,2.8938775510204082,-2.026472339862577,0.10815727946137887,0.36461170637158774
1.673469387755102,3.03469387755102,-2.128396211501434,0.07930230356936428,0.31355691643319844
1.673469387755102,3.1755102040816325,-2.2417665572970726,0.05167241028401299,0.25741933403304124
1.673469387755102,3.316326530612245,-2.3686832319352735,0.02523914311440447,0.19530059878629963
1.673469387755102,3.457142857142857,-2.5111394421855286,-2.1569331402317833e-05,0.1260401464344894
1.673469387755102,3.5979591836734692,-2.6696035402367206,-0.024129918065721907,0.048104306536400285
1.673469387755102,3.7387755102040816,-2.8385118878897604,-0.04710258563687317,-0.04059104861600336
1.673469387755102,3.8795918367346935,-2.994762539493423,-0.06895306106566566,-0.14297777067847026
1.673469387755102,4.020408163265306,-3.08430835655538,-0.08969203990382894,-0.26336488331259217
1.673469387755102,4.161224489795918,-3.0540048057376548,-0.10932770222053581,-0.4084601390445274
1.673469387755102,4.302040816326531,-2.9247993532329217,-0.12786603063985652,-0.5895590090917294
1.673469387755102,4.442857142857143,-2.7594953774422195,-0.14531090219404907,-0.8279952313039874
1.673469387755102,4.5836734693877546,-2.5962523323164177,-0.16166462653153457,-1.1722519754575929
1.673469387755102,4.724489795918367,-2.4474800613839807,-0.17692791195764299,-1.78135738550072
1.673469387755102,4.865306122448979,-2.3148526326272365,-0.19110017891891,-4.321959731837995
1.673469387755102,5.006122448979592,-2.196848651353394,-0.2041799456698733,-1.6625366846656766
1.673469387755102,5.146938775510204,-2.0913380936904806,-0.21616471987584868,-1.065174347172311
1.673469387755102,5.2877551020408164,-1.9963380749142827,-0.2270514620434294,-0.703574653639403
1.673469387755102,5.428571428571429,-1.9101810631581824,-0.23683663099725022,-0.4404832484278344
1.673469387755102,5.56938775510204,-1.8315088452871122,-0.24551637342328272,-0.23174725711561459
1.673469387755102,5.710204081632653,-1.7592235746771119,-0.253086711106986,-0.05746291170671169
1.673469387755102,5.851020408163265,-1.6924358694063046,-0.2595436929381665,0.0930656562008417
1.673469387755102,5.9918367346938775,-1.630420578961999,-0.26488349868630984,0.22625754765863149
1.673469387755102,6.13265306122449,-1.5725816428842943,-0.2691025833460963,0.3462716823163514
1.673469387755102,6.273469387755102,-1.5184248775038443,-0.2721977826997939,0.45595943730540733
1.673469387755102,6.414285714285714,-1.4675370573809345,-0.2741663787441451,0.5573631458673677
1.673469387755102,6.555102040816326,-1.4195698185068557,-0.27500617476438466,0.6519975690798848
1.673469387755102,6.6959183673469385,-1.3742272094295256,-0.2747155436279442,0.7410188666300821
1.673469387755102,6.836734693877551,-1.3312559959201138,-0.2732934432599383,0.8253310339286497
1.673469387755102,6.977551020408163,-1.2904380493759302,-0.2707394260289912,0.9056556887068182
1.673469387755102,7.118367346938776,-1.2515843233628634,-0.26705360874545475,0.982579373089526
1.673469387755102,7.259183673469387,-1.2145300465608928,-0.26223663450653534,1.0565865303014152
1.673469387755102,7.4,-1.1791308554561957,-0.25628962541826017,1.128083095212214
1.7142857142857142,0.5,-1.0758471461864172,0.857514829750661,0.8272758124060012
1.7142857142857142,0.6408163265306123,-1.111580494915254,0.7967145034467688,0.8138958114837644
1.7142857142857142,0.7816326530612245,-1.1487061922692952,0.7389955115609783,0.7990849971118759
1.7142857142857142,0.9224489795918367,-1.1873532403667206,0.6841514951751112,0.7828763538941917
1.7142857142857142,1.063265306122449,-1.2276650040590191,0.6319755768659687,0.7652753698500463
1.7142857142857142,1.2040816326530612,-1.2698024120782918,0.5822733095556113,0.7462639184172201
1.7142857142857142,1.3448979591836734,-1.313947709213457,0.5348674245497963,0.7258025332734973
1.7142857142857142,1.4857142857142858,-1.3603089708169482,0.4895988331050267,0.7038314657435065
1.7142857142857142,1.626530612244898,-1.409125639173832,0.44632597358231113,0.680270727691493
1.7142857142857142,1.76734693877551,-1.4606754165851843,0.40492348924912275,0.6550192292231802
1.7142857142857142,1.9081632653061225,-1.5152829539154204,0.3652806797153434,0.6279530236352366
1.7142857142857142,2.0489795918367344,-1.5733309201607493,0.3272999573417026,0.5989225955408624
1.7142857142857142,2.1897959183673468,-1.6352742343887694,0.2908954091849979,0.5677490439570816
1.7142857142857142,2.330612244897959,-1.7016584951088283,0.2559914906270435,0.5342189088588738
1.7142857142857142,2.4714285714285715,-1.7731439378489597,0.22252187999536963,0.49807724013463067
1.7142857142857142,2.6122448979591835,-1.8505365161131402,0.19042842725013917,0.459018438032852
1.7142857142857142,2.753061224489796,-1.934827637235778,0.15966030951833543,0.4166738105820987
1.7142857142857142,2.8938775510204082,-2.027242849449596,0.1301731929099221,0.3705949394736965
1.7142857142857142,3.03469387755102,-2.1292947279034604,0.10192856471101211,0.3202306139577809
1.7142857142857142,3.1755102040816325,-2.242818535024991,0.07489315222255266,0.2648944624245378
1.7142857142857142,3.316326530612245,-2.3699169405796985,0.04903831909888153,0.20371875377927262
1.7142857142857142,3.457142857142857,-2.512577819297765,0.0243396714189489,0.13558574025096534
1.7142857142857142,3.5979591836734692,-2.6712349237130413,0.0007765701054095074,0.05902350399735949
1.7142857142857142,3.7387755102040816,-2.8402007895541743,-0.021668237072126995,-0.027959549332472314
1.7142857142857142,3.8795918367346935,-2.9960539610481183,-0.04300889699072643,-0.12815010403527094
1.7142857142857142,4.020408163265306,-3.0843852011124078,-0.06325686849394956,-0.2456155466154766
1.7142857142857142,4.161224489795918,-3.0525541901723874,-0.08242116253941785,-0.38662954519681203
1.7142857142857142,4.302040816326531,-2.922503885594868,-0.1005086200520976,-0.5616219392909554
1.7142857142857142,4.442857142857143,-2.757030820374996,-0.1175241798418209,-0.7899117812248624
1.7142857142857142,4.5836734693877546,-2.593899930661512,-0.13347102111730602,-1.1139800621323381
1.7142857142857142,4.724489795918367,-2.445308661101685,-0.14835089673423044,-1.66323943660476
1.7142857142857142,4.865306122448979,-2.3128585258828953,-0.16216424292225554,-3.799372100559733
1.7142857142857142,5.006122448979592,-2.1950092471845255,-0.17491058249874544,-1.7911044391457172
1.7142857142857142,5.146938775510204,-2.089628975109754,-0.18658841505676613,-1.1300314067849602
1.7142857142857142,5.2877551020408164,-1.994737677488538,-0.19719562138645114,-0.7475322692232244
1.7142857142857142,5.428571428571429,-1.9086714504760023,-0.20672957366825384,-0.47404793317224103
1.7142857142857142,5.56938775510204,-1.8300753704516004,-0.21518723127630146,-0.2590924965192776
1.7142857142857142,5.710204081632653,-1.7578543012484484,-0.2225653493042487,-0.08066756419724871
1.7142857142857142,5.851020408163265,-1.6911210224993223,-0.22886061188007373,0.07281657590335872
1.7142857142857142,5.9918367346938775,-1.6291520904693944,-0.23406972006795043,0.20822475424718304
1.7142857142857142,6.13265306122449,-1.5713527924503037,-0.23818952559698658,0.32996307369166183
1.7142857142857142,6.273469387755102,-1.5172300139747275,-0.24121712595887093,0.4410310395095261
1.7142857142857142,6.414285714285714,-1.4663713835834113,-0.24314992027879442,0.5435651896406942
1.7142857142857142,6.555102040816326,-1.4184292246364527,-0.24398567861973544,0.6391430740340381
1.7142857142857142,6.6959183673469385,-1.3731081431981391,-0.24372258494097773,0.7289643349218783
1.7142857142857142,6.836734693877551,-1.3301553607341556,-0.24235925372430836,0.813964049471196
1.7142857142857142,6.977551020408163,-1.2893531239798648,-0.23989473510277842,0.8948866687790819
1.7142857142857142,7.118367346938776,-1.2505126977254353,-0.2363284911953114,0.9723359021541886
1.7142857142857142,7.259183673469387,-1.2134695705520289,-0.23166036018417321,1.0468093718251104
1.7142857142857142,7.4,-1.1780795973990061,-0.22589051575267663,1.1187233189155226
1.7551020408163265,0.5,-1.0758830119081824,0.8653536257202469,0.8278592448396129
1.7551020408163265,0.6408163265306123,-1.1116308562908321,0.8056378038912022,0.8146593296647943
1.7551020408163265,0.7816326530612245,-1.1487727565036472,0.7489392856269322,0.8000357244848594
1.7551020408163265,0.9224489795918367,-1.1874377564998535,0.695059439326058,0.7840218949157797
1.7551020408163265,1.063265306122449,-1.227769334918957,0.6437984729978922,0.766624181740907
1.7551020408163265,1.2040816326530612,-1.2699286007950903,0.5949680989975737,0.7478256239924888
1.7551020408163265,1.3448979591836734,-1.3140980464690815,0.5483963024733058,0.7275882134496334
1.7551020408163265,1.4857142857142858,-1.360486067904782,0.503928425188963,0.7058539574948505
1.7551020408163265,1.626530612244898,-1.4093325122557323,0.4614266202540895,0.6825449510767485
1.7551020408163265,1.76734693877551,-1.460915587888252,0.42076862629537704,0.6575625655978455
1.7551020408163265,1.9081632653061225,-1.515560577001398,0.3818463088144414,0.6307857680850177
1.7551020408163265,2.0489795918367344,-1.57365093836077,0.34456418767432495,0.6020685171830128
1.7551020408163265,2.1897959183673468,-1.6356425842503877,0.3088380682346174,0.5712360762582678
1.7551020408163265,2.330612244897959,-1.7020823705199888,0.27459377822546366,0.5380800459545384
1.7551020408163265,2.4714285714285715,-1.7736321346275585,0.24176607468929312,0.502351674021625
1.7551020408163265,2.6122448979591835,-1.8510998804486205,0.21029762493133336,0.4637530617551804
1.7551020408163265,2.753061224489796,-1.9354796384264994,0.18013819107002485,0.4219252164130016
1.7551020408163265,2.8938775510204082,-2.028000272024947,0.15124382166561287,0.3764321194156557
1.7551020408163265,3.03469387755102,-2.1301783805440224,0.12357620197605584,0.3267386968827454
1.7551020408163265,3.1755102040816325,-2.2438535493565928,0.09710209590670991,0.27217997690890466
1.7551020408163265,3.316326530612245,-2.371131203826673,0.07179275583157128,0.21191726766286526
1.7551020408163265,3.457142857142857,-2.5139938497841157,0.04762354401648706,0.1448732541311819
1.7551020408163265,3.5979591836734692,-2.672840703254629,0.02457344857203561,0.06963408821974044
1.7551020408163265,3.7387755102040816,-2.8418609500989622,0.00262478800339767,-0.015705459955755757
1.7551020408163265,3.8795918367346935,-2.997316159504513,-0.018237181858968457,-0.11379728456294654
1.7551020408163265,4.020408163265306,-3.084444185790737,-0.03802454853816315,-0.22848669466425345
1.7551020408163265,4.161224489795918,-3.0511138558341955,-0.05674703297964008,-0.3656531604697869
1.7551020408163265,4.302040816326531,-2.9202416315261135,-0.07441224409299325,-0.5349533930160212
1.7551020408163265,4.442857142857143,-2.7546068922768763,-0.09102593438649566,-0.7539548138975203
1.7551020408163265,4.5836734693877546,-2.5915874037361473,-0.1065921306980518,-1.060142631697986
1.7551020408163265,4.724489795918367,-2.4431739779879833,-0.12111340692958496,-1.5606859450237607
1.7551020408163265,4.865306122448979,-2.3108977135564075,-0.13459121485684314,-2.9945120751941077
1.7551020408163265,5.006122448979592,-2.1932000860449996,-0.1470258051927499,-1.9397617880686173
1.7551020408163265,5.146938775510204,-2.0879475182707457,-0.15841657417698207,-1.1991165320032418
1.7551020408163265,5.2877551020408164,-1.9931627885731236,-0.168762218982851,-0.7931843642620103
1.7551020408163265,5.428571428571429,-1.9071855533312494,-0.17806087954945277,-0.5084811750321768
1.7551020408163265,5.56938775510204,-1.8286641099380894,-0.18631023079453318,-0.28694377306095586
1.7551020408163265,5.710204081632653,-1.7565059772780225,-0.19350765898327194,-0.10419026744068016
1.7551020408163265,5.851020408163265,-1.689826051646242,-0.1996504013967956,0.05235792865013921
1.7551020408163265,5.9918367346938775,-1.6279025610480802,-0.2047356134601392,0.1900498310281265
1.7551020408163265,6.13265306122449,-1.570142112986353,-0.20876049405669894,0.31355660257793294
1.7551020408163265,6.273469387755102,-1.5160526404869563,-0.21172237176218722,0.42603506269238484
1.7551020408163265,6.414285714285714,-1.4652226088953304,-0.21361875262025992,0.5297210462872414
1.7551020408163265,6.555102040816326,-1.41730501510333,-0.21444738339198896,0.6262578883031334
1.7551020408163265,6.6959183673469385,-1.3720050116257585,-0.21420629038943192,0.7168905639615583
1.7551020408163265,6.836734693877551,-1.329070266503248,-0.2128937963686225,0.8025864193791065
1.7551020408163265,6.977551020408163,-1.2882833943775156,-0.21050852129950537,0.8841135277150435
1.7551020408163265,7.118367346938776,-1.2494559650937485,-0.20704936369614882,0.9620933036833063
1.7551020408163265,7.259183673469387,-1.2124237219558984,-0.2025154656526458,1.0370369247340807
1.7551020408163265,7.4,-1.1770427339872043,-0.19690617743846778,1.1093712065311263
1.7959183673469385,0.5,-1.075917786086864,0.8728594974103042,0.828423326411354
1.7959183673469385,0.6408163265306123,-1.1116797665714684,0.8141909268943393,0.8153989592364267
1.7959183673469385,0.7816326530612245,-1.148837495351091,0.7584771038971349,0.8009581325872819
1.7959183673469385,0.9224489795918367,-1.1875200578476384,0.7055268622288892,0.7851347241701004
1.7959183673469385,1.063265306122449,-1.22787104450194,0.6551472430036731,0.7679358613047574
1.7959183673469385,1.2040816326530612,-1.2700517415063266,0.6071559166065166,0.7493456822018769
1.7959183673469385,1.3448979591836734,-1.3142448845473573,0.5613859494962568,0.7293275687362107
1.7959183673469385,1.4857142857142858,-1.3606591850156553,0.5176869736534341,0.7078252120667426
1.7959183673469385,1.626530612244898,-1.4095348886584205,0.4759247427151949,0.684762711116852
1.7959183673469385,1.76734693877551,-1.4611507023743706,0.43598000161974865,0.6600438091780119
1.7959183673469385,1.9081632653061225,-1.5158325306896494,0.3977471087906526,0.6335502846396108
1.7959183673469385,2.0489795918367344,-1.5739646111617547,0.36113264526986844,0.6051394432005078
1.7959183673469385,2.1897959183673468,-1.6360038359599152,0.3260540972811462,0.5746405667266508
1.7959183673469385,2.330612244897959,-1.7024983018410107,0.29243864445409445,0.5418501307185217
1.7959183673469385,2.4714285714285715,-1.7741114277573602,0.2602221187301888,0.5065253438864518
1.7959183673469385,2.6122448979591835,-1.8516532424337613,0.22934800997076185,0.46837570814515583
1.7959183673469385,2.753061224489796,-1.936120367494337,0.19976668258449745,0.42705153180688044
1.7959183673469385,2.8938775510204082,-2.0287449417552668,0.17143459718826812,0.3821286639802406
1.7959183673469385,3.03469387755102,-2.131047539896181,0.14431367630670164,0.3330874383146854
1.7959183673469385,3.1755102040816325,-2.2448720132802364,0.11837077053390486,0.27928325650638336
1.7959183673469385,3.316326530612245,-2.3723264850942525,0.09357707953133726,0.21990498516328888
1.7959183673469385,3.457142857142857,-2.515388058029859,0.06990778998210412,0.15391353257730425
1.7959183673469385,3.5979591836734692,-2.674421479380217,0.04734160683556009,0.0799496661549694
1.7959183673469385,3.7387755102040816,-2.84349307330671,0.025860465861803978,-0.0038109368976177093
1.7959183673469385,3.8795918367346935,-2.998549971630206,0.005449155870937211,-0.09989498804192173
1.7959183673469385,4.020408163265306,-3.084486135422788,-0.013904953173371884,-0.21194318442735927
1.7959183673469385,4.161224489795918,-3.049684000732611,-0.032212187119713354,-0.3454760416134222
1.7959183673469385,4.302040816326531,-2.918011990571799,-0.04948081245202417,-0.509457507119274
1.7959183673469385,4.442857142857143,-2.75222263215281,-0.06571728173203319,-0.7199226651827711
1.7959183673469385,4.5836734693877546,-2.5893137689798817,-0.08092630531416088,-1.0101601067608021
1.7959183673469385,4.724489795918367,-2.4410750759511437,-0.09511135376741876,-1.4702121759086928
1.7959183673469385,4.865306122448979,-2.308969368950288,-0.10827447821800879,-2.5886550557133408
1.7959183673469385,5.006122448979592,-2.191420427601897,-0.1204167439853836,-2.1164591442550083
1.7959183673469385,5.146938775510204,-2.086293055619365,-0.13153827822478872,-1.273099485247233
1.7959183673469385,5.2877551020408164,-1.9916128026166686,-0.1416384863783033,-0.8406977024118306
1.7959183673469385,5.428571428571429,-1.9057228165740963,-0.15071617571340878,-0.5438452167609591
1.7959183673469385,5.56938775510204,-1.8272745513323887,-0.15876963900987565,-0.3153299144619221
1.7959183673469385,5.710204081632653,-1.755178125849806,-0.16579681538479654,-0.1280463403061479
1.7959183673469385,5.851020408163265,-1.68855051006959,-0.17179542224980704,0.03168075219350037
1.7959183673469385,5.9918367346938775,-1.6266715695917449,-0.17676301217490353,0.17172713599288758
1.7959183673469385,6.13265306122449,-1.5689492054461973,-0.18069708807207266,0.2970485030080772
1.7959183673469385,6.273469387755102,-1.5148923771057246,-0.18359518307495062,0.4109688664570175
1.7959183673469385,6.414285714285714,-1.4640903700209675,-0.18545489815636473,0.515828787236022
1.7959183673469385,6.555102040816326,-1.4161968412214176,-0.1862739651579328,0.6133405508946074
1.7959183673469385,6.6959183673469385,-1.370917478840122,-0.18605027643350153,0.7047964109394749
1.7959183673469385,6.836734693877551,-1.3280003887243723,-0.18478190489041282,0.7911972248080589
1.7959183673469385,6.977551020408163,-1.287228546153713,-0.18246709894813143,0.873335508868661
1.7959183673469385,7.118367346938776,-1.2484138200275618,-0.17910426843570063,0.9518509417542487
1.7959183673469385,7.259183673469387,-1.21139220336923,-0.17469194971664248,1.0272686453525806
1.7959183673469385,7.4,-1.1760199750345364,-0.16922877379424547,1.1000262866581743
1.8367346938775508,0.5,-1.075951517138458,0.8800530382995908,0.8289690041628031
1.8367346938775508,0.6408163265306123,-1.1117272868293289,0.8223964947039804,0.8161158020814981
1.8367346938775508,0.7816326530612245,-1.1489004820856246,0.7676336148137668,0.8018534657312614
1.8367346938775508,0.9224489795918367,-1.1876002295461159,0.7155804399640344,0.7862162208667668
1.8367346938775508,1.063265306122449,-1.2279702296196475,0.6660506099041908,0.769211919724294
1.8367346938775508,1.2040816326530612,-1.270171942654221,0.6188675562425988,0.7508257371643432
1.8367346938775508,1.3448979591836734,-1.314388343649376,0.573869262456227,0.731022380694107
1.8367346938775508,1.4857142857142858,-1.3608284544107137,0.5309095167953238,0.7097471565369058
1.8367346938775508,1.626530612244898,-1.409732913183786,0.4898575641896169,0.6869260921771742
1.8367346938775508,1.76734693877551,-1.4613809180803599,0.4505970686292894,0.6624652177273113
1.8367346938775508,1.9081632653061225,-1.5160989870985637,0.4130248174607434,0.6362490236116239
1.8367346938775508,2.0489795918367344,-1.574272125914322,0.3770494010091096,0.6081380453121759
1.8367346938775508,2.1897959183673468,-1.6363581935868183,0.3425899495075454,0.5779654469639074
1.8367346938775508,2.330612244897959,-1.702906511459777,0.30957498537890854,0.5455323847367283
1.8367346938775508,2.4714285714285715,-1.774582060167979,0.27794139714125504,0.5106018230638096
1.8367346938775508,2.6122448979591835,-1.852196868239396,0.24763350350015265,0.47289037274542156
1.8367346938775508,2.753061224489796,-1.936750117003357,0.2186022884031478,0.4320572662840539
1.8367346938775508,2.8938775510204082,-2.029477181563698,0.1908046471304096,0.3876897202081688
1.8367346938775508,3.03469387755102,-2.1319025636031474,0.1642027855217511,0.33928275555179654
1.8367346938775508,3.1755102040816325,-2.2458743262648238,0.13876364797712426,0.286211290390313
1.8367346938775508,3.316326530612245,-2.373503232952552,0.11445846846381319,0.22769026534211664
1.8367346938775508,3.457142857142857,-2.5167609519760807,0.09126230518225154,0.1627167956569915
1.8367346938775508,3.5979591836734692,-2.6759778346880556,0.0691536461343775,0.08998310518931445
1.8367346938775508,3.7387755102040816,-2.845097840883431,0.048114117806799875,0.007740690138585655
1.8367346938775508,3.8795918367346935,-2.9997562054018894,0.028128121996627266,-0.08642062619680282
1.8367346938775508,4.020408163265306,-3.084511837641326,0.009182570880459644,-0.19595266057444322
1.8367346938775508,4.161224489795918,-3.04826479849813,-0.00873337526439759,-0.3260482156673069
1.8367346938775508,4.302040816326531,-2.915814362309278,-0.02562854593610819,-0.4850483093529799
1.8367346938775508,4.442857142857143,-2.7498771073604953,-0.04150999603555526,-0.6876406574285415
1.8367346938775508,4.5836734693877546,-2.5870780407180454,-0.05638306778553346,-0.9635566403367836
1.8367346938775508,4.724489795918367,-2.4390110738726216,-0.07025187767628428,-1.3893864318152451
1.8367346938775508,4.865306122448979,-2.307072692416635,-0.0831191332442219,-2.3164394099364705
1.8367346938775508,5.006122448979592,-2.1896695554624976,-0.09498655371000565,-2.3350433957218835
1.8367346938775508,5.146938775510204,-2.0846649416586294,-0.1058549044245155,-1.3528206868555293
1.8367346938775508,5.2877551020408164,-1.9900871330659344,-0.11572420659817964,-0.8902641334403522
1.8367346938775508,5.428571428571429,-1.904282702828679,-0.12459384825300238,-0.5802087805878402
1.8367346938775508,5.56938775510204,-1.8259061978447015,-0.13246266021472772,-0.34428200838076084
1.8367346938775508,5.710204081632653,-1.753870284488562,-0.13932906436575596,-0.15225204117303096
1.8367346938775508,5.851020408163265,-1.6872939642653428,-0.14519119570105243,0.010775644896510452
1.8367346938775508,5.9918367346938775,-1.625458707366559,-0.1500469557301955,0.15325080395380697
1.8367346938775508,6.13265306122449,-1.5677736823834743,-0.15389411433014932,0.2804348862916308
1.8367346938775508,6.273469387755102,-1.5137488548407292,-0.1567303827413186,0.39582974535712995
1.8367346938775508,6.414285714285714,-1.462974314029493,-0.15855344936144108,0.5018864455933667
1.8367346938775508,6.555102040816326,-1.4151043641054188,-0.15936103435343316,0.6003895786117736
1.8367346938775508,6.6959183673469385,-1.3698452183530856,-0.15915091565507508,0.6926807207572176
1.8367346938775508,6.836734693877551,-1.3269454118432507,-0.15792094997764144,0.7797955403804127
1.8367346938775508,6.977551020408163,-1.286188273478493,-0.15566906267363811,0.862551852608608
1.8367346938775508,7.118367346938776,-1.2473859653723538,-0.15239323700785204,0.9416081796331197
1.8367346938775508,7.259183673469387,-1.2103747253737431,-0.14809147885613802,1.0175039904989815
1.8367346938775508,7.4,-1.1750110380673444,-0.1427617875383275,1.0906880892226456
1.8775510204081631,0.5,-1.0759842506723347,0.8869531839582818,0.8294971644512471
1.8775510204081631,0.6408163265306123,-1.1117734747614185,0.8302753118699709,0.8168108936523965
1.8775510204081631,0.7816326530612245,-1.1489617861357193,0.7764314856368071,0.8027228961429883
1.8775510204081631,0.9224489795918367,-1.1876783524458447,0.7252446978141619,0.7872676878843152
1.8775510204081631,1.063265306122449,-1.2280669823874784,0.6765349662561493,0.7704537873800018
1.8775510204081631,1.2040816326530612,-1.2702893076050321,0.6301312952670788,0.7522673475865435
1.8775510204081631,1.3448979591836734,-1.3145285385500514,0.5858764267153417,0.7326743406148362
1.8775510204081631,1.4857142857142858,-1.3609940025675724,0.5436281765634163,0.7116216223631983
1.8775510204081631,1.626530612244898,-1.4099267244732854,0.5032591769571759,0.6890370769804594
1.8775510204081631,1.76734693877551,-1.4616063864795845,0.46465592665007194,0.6648289402533765
1.8775510204081631,1.9081632653061225,-1.516360111417073,0.4277175806992442,0.6388843194625015
1.8775510204081631,2.0489795918367344,-1.5745736626310942,0.3923546891350679,0.6110668688272034
1.8775510204081631,2.1897959183673468,-1.636705853209526,0.35848799555112065,0.5812134942381182
1.8775510204081631,2.330612244897959,-1.7033072134983682,0.3260473367417351,0.5491298781935611
1.8775510204081631,2.4714285714285715,-1.775044265982632,0.294970657636702,0.5145845157640667
1.8775510204081631,2.6122448979591835,-1.8527310145310114,0.26520310420291493,0.47730085992572113
1.8775510204081631,2.753061224489796,-1.9373691693450577,0.23669629217083513,0.4369467110068146
1.8775510204081631,2.8938775510204082,-2.0301973034551257,0.20940757128708268,0.39312018187759484
1.8775510204081631,3.03469387755102,-2.1327437989988374,0.18329944730997605,0.3453303701191309
1.8775510204081631,3.1755102040816325,-2.246860874898454,0.15833903261355553,0.2929707048546834
1.8775510204081631,3.316326530612245,-2.3746618817532283,0.1344976027841232,0.23528101662238
1.8775510204081631,3.457142857142857,-2.5181130236581204,0.11175015143610852,0.1712926848005919
1.8775510204081631,3.5979591836734692,-2.6775103334698076,0.0900750063767017,0.09974647333756821
1.8775510204081631,3.7387755102040816,-2.8466759131517363,0.06945354904574615,0.018965021502190708
1.8775510204081631,3.8795918367346935,-3.000935640998262,0.04986986259008278,-0.073353187252758
1.8775510204081631,4.020408163265306,-3.0845220446793373,0.03131047622207236,-0.18048527169874715
1.8775510204081631,4.161224489795918,-3.0468564001800282,0.013764114444699512,-0.30732410669226157
1.8775510204081631,4.302040816326531,-2.9136481557180267,-0.0027785340092975966,-0.4616487278124612
1.8775510204081631,4.442857142857143,-2.7475694126502237,-0.01832504217332724,-0.6569564999653648
1.8775510204081631,4.5836734693877546,-2.5848792997481995,-0.03288129748710378,-0.9199406311050682
1.8775510204081631,4.724489795918367,-2.436981110387508,-0.04645197582360719,-1.3164420014444569
1.8775510204081631,4.865306122448979,-2.3052069099599137,-0.05904035829503918,-2.1120455331728882
1.8775510204081631,5.006122448979592,-2.187946779167708,-0.07064868970148819,-2.623069842665747
1.8775510204081631,5.146938775510204,-2.0830625513029766,-0.08127839427905574,-1.4393548578050606
1.8775510204081631,5.2877551020408164,-1.9885852116977694,-0.09092993471806946,-0.9421059140435963
1.8775510204081631,5.428571428571429,-1.9028646910333311,-0.09960323499254575,-0.617648047846001
1.8775510204081631,5.56938775510204,-1.8245585677876177,-0.10729759668076916,-0.37383365194127716
1.8775510204081631,5.710204081632653,-1.752582004531275,-0.1140118629677932,-0.17682464297142897
1.8775510204081631,5.851020408163265,-1.6860559935761534,-0.1197445344012061,-0.010367266605015338
1.8775510204081631,5.9918367346938775,-1.6242635775951282,-0.12449381805929964,0.13461473235400961
1.8775510204081631,6.13265306122449,-1.5666151675461577,-0.12825771841862416,0.26371174142819626
1.8775510204081631,6.273469387755102,-1.5126217152325279,-0.13103410342216668,0.38061492233209765
1.8775510204081631,6.414285714285714,-1.4618740979343583,-0.1328207392582681,0.4878920142054187
1.8775510204081631,6.555102040816326,-1.4140272543561125,-0.13361533736137476,0.5874034651470365
1.8775510204081631,6.6959183673469385,-1.3687879127028224,-0.1334155763733226,0.6805423251410272
1.8775510204081631,6.836734693877551,-1.3259050289680228,-0.13221912455785945,0.7683804336947153
1.8775510204081631,6.977551020408163,-1.285162278832819,-0.13002362429210415,0.8517617959780686
1.8775510204081631,7.118367346938776,-1.2463721119550955,-0.1268266842376846,0.9313643795414966
1.8775510204081631,7.259183673469387,-1.2093710062738283,-0.12262584317677028,1.00774241732541
1.8775510204081631,7.4,-1.174015648082172,-0.11741854255316593,1.0813561453017737
1.9183673469387754,0.5,-1.0760160297190977,0.8935773725321217,0.8300086374197522
1.9183673469387754,0.6408163265306123,-1.1118183849611831,0.8378465459549007,0.817485207556552
1.9183673469387754,0.7816326530612245,-1.1490214733212616,0.7848915976573555,0.8035675298119671
1.9183673469387754,0.9224489795918367,-1.1877545033527255,0.7345422259109409,0.7882903568960575
1.9183673469387754,1.063265306122449,-1.2281613905102762,0.686624612168217,0.7716628191544896
1.9183673469387754,1.2040816326530612,-1.2704039349831566,0.6409731512812217,0.7536719923054211
1.9183673469387754,1.3448979591836734,-1.3146655789143327,0.5974351949328075,0.7342850551795174
1.9183673469387754,1.4857142857142858,-1.3611559504933501,0.5558724621008361,0.7134503512290219
1.9183673469387754,1.626530612244898,-1.4101164553754764,0.5161608720536309,0.6910975527372606
1.9183673469387754,1.76734693877551,-1.4618272528788798,0.4781896804356633,0.6671370231284293
1.9183673469387754,1.9081632653061225,-1.5166160622806082,0.4418603455383373,0.6414583969706441
1.9183673469387754,2.0489795918367344,-1.5748693943633125,0.4070853320048755,0.613928340091329
1.9183673469387754,2.1897959183673468,-1.6370470037052065,0.37378696355529967,0.5843873708578452
1.9183673469387754,2.330612244897959,-1.7037006141863689,0.34189637123233,0.5526455382631764
1.9183673469387754,2.4714285714285715,-1.7754982709142337,0.3113525455046631,0.5184766667329158
1.9183673469387754,2.6122448979591835,-1.8532559286027945,0.28210147214548614,0.4816107687244443
1.9183673469387754,2.753061224489796,-1.9379777972486927,0.25409537202670995,0.44172395262201136
1.9183673469387754,2.8938775510204082,-2.030905608838152,0.2272921050065796,0.3984246928620326
1.9183673469387754,3.03469387755102,-2.1335715805240882,0.20165447877197287,0.3512356160289902
1.9183673469387754,3.1755102040816325,-2.2478320333949333,0.17714981629555596,0.29956778432509806
1.9183673469387754,3.316326530612245,-2.3758028522296724,0.15374946929484673,0.24268472402152008
1.9183673469387754,3.457142857142857,-2.5194447499260875,0.1314284113520585,0.17965030460189976
1.9183673469387754,3.5979591836734692,-2.6790195226483577,0.11016486033451957,0.10925112673402342
1.9183673469387754,3.7387755102040816,-2.848227929736659,0.08994000772624952,0.029876675563246368
1.9183673469387754,3.8795918367346935,-3.0020890323609035,0.07073767788105532,-0.06067309365167129
1.9183673469387754,4.020408163265306,-3.0845174752061038,0.052544081949968006,-0.1655134229195097
1.9183673469387754,4.161224489795918,-3.0454589358919324,0.035347575833154586,-0.28926203852727567
1.9183673469387754,4.302040816326531,-2.911512789492779,0.019138437561396125,-0.4391894095800548
1.9183673469387754,4.442857142857143,-2.745298669430237,0.0039086490746045215,-0.627736632619594
1.9183673469387754,4.5836734693877546,-2.5827166446478573,-0.010348149257558245,-0.8789836355599672
1.9183673469387754,4.724489795918367,-2.4349843526414494,-0.023637115647484972,-1.250055482083881
1.9183673469387754,4.865306122448979,-2.3033712736138323,-0.03596202741711277,-1.9487818413910794
1.9183673469387754,5.006122448979592,-2.186251420785548,-0.04732562829610863,-3.0493524706747706
1.9183673469387754,5.146938775510204,-2.081485279096208,-0.05772980942468908,-1.5341072006182248
1.9183673469387754,5.2877551020408164,-1.9871064878894154,-0.0671755202135684,-0.996482505851889
1.9183673469387754,5.428571428571429,-1.9014682760385626,-0.07566311991150348,-0.6562477817139308
1.9183673469387754,5.56938775510204,-1.8232311939482444,-0.08319232209704144,-0.40402123629332926
1.9183673469387754,5.710204081632653,-1.751312850655735,-0.08976233858278014,-0.201782537564169
1.9183673469387754,5.851020408163265,-1.6848361896608162,-0.09537199022461151,-0.03175836259637195
1.9183673469387754,5.9918367346938775,-1.6230857949702935,-0.1000197524614967,0.11581256541156826
1.9183673469387754,6.13265306122449,-1.5654732954956814,-0.10370383535826708,0.2468749222689359
1.9183673469387754,6.273469387755102,-1.5115106099677966,-0.1064222452192773,0.3653215459787082
1.9183673469387754,6.414285714285714,-1.4607893883883776,-0.10817281698868522,0.4738434435925887
1.9183673469387754,6.555102040816326,-1.4129651917112633,-0.10895325471462598,0.5743806798865196
1.9183673469387754,6.6959183673469385,-1.3677452531556484,-0.10876115014125291,0.6683800420760323
1.9183673469387754,6.836734693877551,-1.3248789415587812,-0.1075940059142804,0.7569509648463231
1.9183673469387754,6.977551020408163,-1.284150272720109,-0.10544921490517394,0.8409645723619518
1.9183673469387754,7.118367346938776,-1.2453719783416617,-0.10232405499129042,0.9211189024061902
1.9183673469387754,7.259183673469387,-1.2083807718237345,-0.09821565136236707,0.9979833831385408
1.9183673469387754,7.4,-1.1730335372935297,-0.09312095053822221,1.0720299870189938
1.9591836734693877,0.5,-1.0760468948613675,0.8999416934303294,0.8305042017740967
1.9591836734693877,0.6408163265306123,-1.111862069080773,0.8451278893974569,0.8181396603693093
1.9591836734693877,0.7816326530612245,-1.1490796060896706,0.7930332262342361,0.8043884109163806
1.9591836734693877,0.9224489795918367,-1.1878287553383877,0.743493869149432,0.7892853934428592
1.9591836734693877,1.063265306122449,-1.228253537560605,0.6963419600799396,0.7728402993880056
1.9591836734693877,1.2040816326530612,-1.2705159188741377,0.6514171109777172,0.7550410752129524
1.9591836734693877,1.3448979591836734,-1.3147995695457595,0.6085711377442882,0.7358560512321839
1.9591836734693877,1.4857142857142858,-1.361314414001018,0.5676695415051453,0.7152350003702345
1.9591836734693877,1.626530612244898,-1.4103022331830888,0.5285914352105214,0.6931093165722697
1.9591836734693877,1.76734693877551,-1.4620436567182513,0.4912287549066894,0.6693914169594181
1.9591836734693877,1.9081632653061225,-1.5168669921027738,0.4554852010186955,0.6439733774663059
1.9591836734693877,2.0489795918367344,-1.5751594875519925,0.421275108259272,0.616724773402668
1.9591836734693877,2.1897959183673468,-1.6373818268583689,0.3885223477755275,0.5874896122788507
1.9591836734693877,2.330612244897959,-1.7040869122823987,0.3571593243728615,0.5560821572671109
1.9591836734693877,2.4714285714285715,-1.7759442926464653,0.32712606316192855,0.5222813707962619
1.9591836734693877,2.6122448979591835,-1.8537718503135028,0.29836937519444506,0.4858236059478759
1.9591836734693877,2.753061224489796,-1.9385762638001414,0.27084213772187393,0.4463928639186318
1.9591836734693877,2.8938775510204082,-2.031602389439674,0.2445026684388555,0.4036077100445967
1.9591836734693877,3.03469387755102,-2.134386232256745,0.21931415033571858,0.3570035985600204
1.9591836734693877,3.1755102040816325,-2.2487881640357292,0.19524411964047578,0.3060084965631834
1.9591836734693877,3.316326530612245,-2.3769265519808336,0.17226404355276442,0.2499084814469368
1.9591836734693877,3.457142857142857,-2.5207565930442297,0.15034891331246017,0.1877982616604732
1.9591836734693877,3.5979591836734692,-2.680505932635965,0.1294768808135646,0.1185077685812771
1.9591836734693877,3.7387755102040816,-2.849754510534536,0.1096289961096245,0.04048937045683672
1.9591836734693877,3.8795918367346935,-3.0032171077453653,0.09078887717410912,-0.04836208024491801
1.9591836734693877,4.020408163265306,-3.0844988158325486,0.07294247220378264,-0.15101155478744138
1.9591836734693877,4.161224489795918,-3.044072516410968,0.05607782756180806,-0.27182380578433857
1.9591836734693877,4.302040816326531,-2.909407692021979,0.040184872126696324,-0.41760772676261204
1.9591836734693877,4.442857142857143,-2.7430640243513893,0.02525520616881903,-0.5998632704395882
1.9591836734693877,4.5836734693877546,-2.5805892026376647,0.01128206355818165,-0.8404080265674254
1.9591836734693877,4.724489795918367,-2.433019994484582,-0.0017401329724659746,-1.1892098409436211
1.9591836734693877,4.865306122448979,-2.301565058310597,-0.01381559074491891,-1.8131450853435493
1.9591836734693877,5.006122448979592,-2.184582834801233,-0.024947483074648308,-3.901321653137012
1.9591836734693877,5.146938775510204,-2.07993253847161,-0.03513812501165021,-1.638964633196067
1.9591836734693877,5.2877551020408164,-1.985650427782848,-0.044388875192805946,-1.053699431690384
1.9591836734693877,5.428571428571429,-1.9000929680007035,-0.052700477114609866,-0.6961026794035516
1.9591836734693877,5.56938775510204,-1.8219236230637461,-0.06007300743397133,-0.43488427251330564
1.9591836734693877,5.710204081632653,-1.7500624003663239,-0.06650600057416364,-0.22714533344288848
1.9591836734693877,5.851020408163265,-1.6836341560717432,-0.07199855818684432,-0.05340856893131201
1.9591836734693877,5.9918367346938775,-1.6219249852899078,-0.07654939180133684,0.09683767858304189
1.9591836734693877,6.13265306122449,-1.5643477111562367,-0.08015689127721537,0.22992014002640535
1.9591836734693877,6.273469387755102,-1.5104152005508058,-0.08281918547387584,0.34994668659036504
1.9591836734693877,6.414285714285714,-1.4597198613166766,-0.08453416939908112,0.45973863983310803
1.9591836734693877,6.555102040816326,-1.4119178647403507,-0.08529954046087432,0.5613196666716489
1.9591836734693877,6.6959183673469385,-1.3667169394103589,-0.08511281344157996,0.6561926749837783
1.9591836734693877,6.836734693877551,-1.3238668591423277,-0.08397134429048174,0.7455061859349353
1.9591836734693877,6.977551020408163,-1.2831519734069512,-0.08187230471422308,0.8301594111435041
1.9591836734693877,7.118367346938776,-1.2443852905627848,-0.07881267869174502,0.9108711076197897
1.9591836734693877,7.259183673469387,-1.2074037550097891,-0.07478922361522163,0.9882263454016437
1.9591836734693877,7.4,-1.1720644448979574,-0.06979844472568891,1.0627091474039296
2.0,0.5,-1.0760768844388557,0.9060610156736488,0.8309845884534236
2.0,0.6408163265306123,-1.1119045760421853,0.8521356962600156,0.8187751155773789
2.0,0.7816326530612245,-1.1491362437332715,0.8008741892607157,0.8051865257310606
2.0,0.9224489795918367,-1.1879011779076063,0.7521188954710887,0.7902539009785036
2.0,1.063265306122449,-1.2283435031790064,0.7057077216786347,0.7739874463087442
2.0,1.2040816326530612,-1.2706253491224095,0.6614853276639339,0.7563759300201899
2.0,1.3448979591836734,-1.3149306106413057,0.6193078543866689,0.7373887822319832
2.0,1.4857142857142858,-1.3614695040117883,0.5790444744751004,0.7169771478281183
2.0,1.626530612244898,-1.4104841799686616,0.5405773987621081,0.6950740811459315
2.0,1.76734693877551,-1.462255731856683,0.5038011700268503,0.6715939818211311
2.0,1.9081632653061225,-1.517113047348167,0.46862167411901867,0.6464312848254054
2.0,2.0489795918367344,-1.5754441023060037,0.43495507188658394,0.6194583774579641
2.0,2.1897959183673468,-1.6377104977229973,0.4027267495689822,0.5905226387954924
2.0,2.330612244897959,-1.7044662993418351,0.3718703646681566,0.5594424005659264
2.0,2.4714285714285715,-1.7763825412373377,0.34232696491985876,0.5260015815658887
2.0,2.6122448979591835,-1.8542790101236157,0.3140441844322683,0.48994264273247007
2.0,2.753061224489796,-1.9391648243580788,0.28697555064274677,0.45095719836258064
2.0,2.8938775510204082,-2.0322879270697904,0.2610798780082593,0.40867344101762154
2.0,3.03469387755102,-2.135188067880277,0.2363207144758367,0.36263917803554147
2.0,3.1755102040816325,-2.249729617709989,0.21266584329838478,0.3122985118624608
2.0,3.316326530612245,-2.3780333760098444,0.19008687463871402,0.2569590166089552
2.0,3.457142857142857,-2.5220490011927255,0.16855884989420747,0.1957446998903158
2.0,3.5979591836734692,-2.6819700776012767,0.14805989712372744,0.12752648817745257
2.0,3.7387755102040816,-2.851256256152993,0.12857096277923838,0.05081598756487666
2.0,3.8795918367346935,-3.004320570757686,0.11007550490261651,-0.036403078808279546
2.0,4.020408163265306,-3.0844667223752,0.09255925825483761,-0.13695595097080307
2.0,4.161224489795918,-3.042697234486772,0.0760100110478645,-0.2549743022256459
2.0,4.302040816326531,-2.9073323019947144,0.06041739609630433,-0.39684694303286433
2.0,4.442857142857143,-2.7408646489555513,0.045772686806854604,-0.5732320324619764
2.0,4.5836734693877546,-2.578496128325,0.0320687686482073,-0.8039770311587479
2.0,4.724489795918367,-2.4310872555963696,0.019299700832778457,-1.1331066260524538
2.0,4.865306122448979,-2.2997875624036177,0.007460902128781312,-1.6973489343364472
2.0,5.006122448979592,-2.182940390690636,-0.003451174812619529,-4.283049791150753
2.0,5.146938775510204,-2.0784037609772907,-0.013439214959826199,-1.7565448355527187
2.0,5.2877551020408164,-1.9842165141191634,-0.022504934661181593,-1.1141198447222707
2.0,5.428571428571429,-1.8987382917593956,-0.030649415410375646,-0.7373190009866954
2.0,5.56938775510204,-1.8206354153271418,-0.037873050740943034,-0.46646576622493613
2.0,5.710204081632653,-1.7488302435169623,-0.04417565846483011,-0.25293397009185425
2.0,5.851020408163265,-1.6824495078321406,-0.049556587118428044,-0.07532939865055936
2.0,5.9918367346938775,-1.6207807850444012,-0.05401475566078393,0.07768316147298443
2.0,6.13265306122449,-1.5632380694925005,-0.05754871162362431,0.2128429559122158
2.0,6.273469387755102,-1.5093351579319252,-0.060156691875067635,0.3344873320688102
2.0,6.414285714285714,-1.4586652016085473,-0.06183664379301516,0.44557546231271034
2.0,6.555102040816326,-1.4108849705419908,-0.06258625821502194,0.5482188425153681
2.0,6.6959183673469385,-1.365702679287355,-0.06240298125976723,0.6439790113107751
2.0,6.836734693877551,-1.3228684990597563,-0.06128403745220216,0.7340451405501155
2.0,6.977551020408163,-1.2821671066384888,-0.059226401784329745,0.8193455373714057
2.0,7.118367346938776,-1.2434117818758166,-0.05622679590784997,0.9006203527959618
2.0,7.259183673469387,-1.2064396957751105,-0.05228164833831453,0.9784707610978031
2.0,7.4,-1.1711081168509083,-0.04738706940855825,1.0533931602114357
