sigma,Lp,Obj_mass,Obj_concentration,Obj_retentate_concentration
0.0,0.5,-1.0781662257428115,0.37512671510550816,0.79822538435132
0.0,0.6408163265306123,-1.1150273725847162,0.25306151913879027,0.7770413616725894
0.0,0.7816326530612245,-1.1535033935147103,0.13502367182604003,0.754119157370202
0.0,0.9224489795918367,-1.1937403370056827,0.02038887966514136,0.7294118126909144
0.0,1.063265306122449,-1.235904685853556,-0.09149141556867639,0.7028342266125756
0.0,1.2040816326530612,-1.280187281387948,-0.20125555221473224,0.6742649650632703
0.0,1.3448979591836734,-1.326808213698164,-0.3095227175658113,0.6435455485557477
0.0,1.4857142857142858,-1.3760229683408691,-0.4168954511642428,0.6104774171214137
0.0,1.626530612244898,-1.4281302221741596,-0.523967691613779,0.5748165126351383
0.0,1.76734693877551,-1.4834818229864808,-0.6313358662301096,0.5362650891222427
0.0,1.9081632653061225,-1.5424956849205895,-0.7396120651946421,0.4944600697452626
0.0,2.0489795918367344,-1.6056726034908926,-0.8494390195231095,0.44895674724046825
0.0,2.1897959183673468,-1.6736183588611353,-0.961506976469054,0.39920599993677436
0.0,2.330612244897959,-1.7470729350545258,-1.0765723323612362,0.34452203464059655
0.0,2.4714285714285715,-1.8269491635796438,-1.1954773560200738,0.284035839360807
0.0,2.6122448979591835,-1.9143832832060592,-1.3191683179618556,0.21662627065689186
0.0,2.753061224489796,-2.010798690497008,-1.4487046309804374,0.14081482286572505
0.0,2.8938775510204082,-2.1179779638478053,-1.5852395793811802,0.054598343788226276
0.0,3.03469387755102,-2.2381155512570903,-1.7299245932498464,-0.044829525076343434
0.0,3.1755102040816325,-2.37374648775881,-1.8836184882506741,-0.16157072258259922
0.0,3.316326530612245,-2.527189233770945,-2.0461169888935564,-0.30196349264790545
0.0,3.457142857142857,-2.698302869211973,-2.2142847480495913,-0.4765685603143942
0.0,3.5979591836734692,-2.877042822744027,-2.3781286514873714,-0.7050108971522098
0.0,3.7387755102040816,-3.02551671406961,-2.515332449813639,-1.0306705191695549
0.0,3.8795918367346935,-3.0705305671561707,-2.5930451793037506,-1.5872089190981875
0.0,4.020408163265306,-2.979330018080497,-2.5913541133206226,-3.954579836673889
0.0,4.161224489795918,-2.812796001982168,-2.525729796470558,-1.6712166807189965
0.0,4.302040816326531,-2.634419318566653,-2.429216103164467,-1.0195253354721228
0.0,4.442857142857143,-2.4693394827486035,-2.3262610798220233,-0.6385245992412845
0.0,4.5836734693877546,-2.3225583602427986,-2.228416177038883,-0.3645894585302876
0.0,4.724489795918367,-2.192853184815532,-2.1396041966630324,-0.1483370942010458
0.0,4.865306122448979,-2.077698932544639,-2.060397720219356,0.031879594261451254
0.0,5.006122448979592,-1.9746584189577503,-1.9901266660495402,0.1875079684787712
0.0,5.146938775510204,-1.8816888219345669,-1.9277607298725528,0.3253484397797734
0.0,5.2877551020408164,-1.7971461211147457,-1.8722469086732865,0.4497771314574488
0.0,5.428571428571429,-1.719719291189218,-1.8226259903334503,0.5637821531418091
0.0,5.56938775510204,-1.648359872204859,-1.778059120815468,0.6694987132856262
0.0,5.710204081632653,-1.5822229438596227,-1.7378231449897885,0.7685099625980383
0.0,5.851020408163265,-1.5206211553341484,-1.7012948023392456,0.8620261538437151
0.0,5.9918367346938775,-1.4629897943829742,-1.6679330280648708,0.9509971238113382
0.0,6.13265306122449,-1.4088603941497413,-1.637262396650052,1.036185786230969
0.0,6.273469387755102,-1.3578407349242614,-1.6088586778994218,1.118217841640635
0.0,6.414285714285714,-1.30959958881508,-1.5823365091514847,1.1976165975352322
0.0,6.555102040816326,-1.2638549826771317,-1.5573390467454067,1.274828045611558
0.0,6.6959183673469385,-1.2203650840530325,-1.5335291877081783,1.3502391805262464
0.0,6.836734693877551,-1.1789210573002056,-1.5105821783521618,1.424192154117262
0.0,6.977551020408163,-1.1393414122801873,-1.4881794826517052,1.4969947827626358
0.0,7.118367346938776,-1.1014674939794886,-1.4660036806780703,1.5689296392824017
0.0,7.259183673469387,-1.0651598521740506,-1.443734504926472,1.6402609102926908
0.0,7.4,-1.0302952959324396,-1.4210458904718488,1.711240695840346
0.02040816326530612,0.5,-1.0780701209066026,0.3754363735256906,0.7982781735590815
0.02040816326530612,0.6408163265306123,-1.1148892532496268,0.25347798756959766,0.7771207364660594
0.02040816326530612,0.7816326530612245,-1.1533164336053885,0.1355513740351028,0.7542306556633979
0.02040816326530612,0.9224489795918367,-1.1934971732129513,0.021032167469780875,0.7295614540836122
0.02040816326530612,1.063265306122449,-1.2355971918801105,-0.09072758170441603,0.7030287053799449
0.02040816326530612,1.2040816326530612,-1.2798063252731997,-0.20036512835951048,0.6745118677353347
0.02040816326530612,1.3448979591836734,-1.3263433801802402,-0.3084981977384399,0.6438536089702346
0.02040816326530612,1.4857142857142858,-1.3754622263884582,-0.4157275142340668,0.6108568266893358
0.02040816326530612,1.626530612244898,-1.4274595136253125,-0.5226448220153264,0.5752793094005333
0.02040816326530612,1.76734693877551,-1.4826845411185507,-0.6298439062479237,0.5368256590942958
0.02040816326530612,1.9081632653061225,-1.5415520010556463,-0.7379336586760742,0.4951358075160955
0.02040816326530612,2.0489795918367344,-1.6045585840861052,-0.8475529044502854,0.44976894677442875
0.02040816326530612,2.1897959183673468,-1.6723047936050952,-0.9593870756353573,0.40018108216143267
0.02040816326530612,2.330612244897959,-1.7455237674424313,-1.074186595789767,0.34569328110069514
0.02040816326530612,2.4714285714285715,-1.8251193822079712,-1.1927863116745028,0.2854459063545646
0.02040816326530612,2.6122448979591835,-1.9122161114589944,-1.3161233569315807,0.21833095066124006
0.02040816326530612,2.753061224489796,-2.0082219684431775,-1.4452462412947378,0.14288887405213802
0.02040816326530612,2.8938775510204082,-2.114899970055503,-1.5812963151689647,0.05714493171169047
0.02040816326530612,3.03469387755102,-2.234421914351594,-1.7254151028348799,-0.041662738073963035
0.02040816326530612,3.1755102040816325,-2.369304863029085,-1.8784631011714448,-0.15756226579222227
0.02040816326530612,3.316326530612245,-2.5218859273451617,-2.0402759669915387,-0.2967599599199472
0.02040816326530612,3.457142857142857,-2.6921935900966125,-2.2078629285197677,-0.46955547145870796
0.02040816326530612,3.5979591836734692,-2.8708465678428086,-2.371608097951452,-0.6949745962400713
0.02040816326530612,3.7387755102040816,-3.021605120504687,-2.509874210979819,-1.014651569785652
0.02040816326530612,3.8795918367346935,-3.072219374443034,-2.5902469303154207,-1.5540994106622608
0.02040816326530612,4.020408163265306,-2.9862061720018764,-2.591902281772905,-3.518630058956965
0.02040816326530612,4.161224489795918,-2.821648418290712,-2.52877161212942,-1.71730077741444
0.02040816326530612,4.302040816326531,-2.6433227133645887,-2.4334844840832717,-1.0431156556716195
0.02040816326530612,4.442857142857143,-2.4776928530820763,-2.3309077464787786,-0.6551588129799364
0.02040816326530612,4.5836734693877546,-2.330275455741246,-2.233024328179144,-0.37788321848291817
0.02040816326530612,4.724489795918367,-2.199994880984366,-2.1440018552400755,-0.15970000068373114
0.02040816326530612,4.865306122448979,-2.0843542218610343,-2.064528323157147,0.021750299007014477
0.02040816326530612,5.006122448979592,-1.9809106905779268,-1.9939838175144888,0.1782146187318494
0.02040816326530612,5.146938775510204,-1.8876084344847937,-1.9313583287662777,0.3166410361405409
0.02040816326530612,5.2877551020408164,-1.8027905935387802,-1.8756062349815967,0.44148697791891295
0.02040816326530612,5.428571428571429,-1.7251353469634694,-1.8257697177817875,0.5557884077451269
0.02040816326530612,5.56938775510204,-1.6535856125707231,-1.7810093164608398,0.6617106957607003
0.02040816326530612,5.710204081632653,-1.5872896992559349,-1.7406004962668493,0.7608566365942552
0.02040816326530612,5.851020408163265,-1.5255549555495505,-1.7039185887399046,0.8544496743388477
0.02040816326530612,5.9918367346938775,-1.467812507356949,-1.670421405648896,0.9434486404848186
0.02040816326530612,6.13265306122449,-1.4135906024249498,-1.639632820638622,1.0286226029412053
0.02040816326530612,6.273469387755102,-1.3624944116601039,-1.611128389029369,1.110601419931189
0.02040816326530612,6.414285714285714,-1.3141906226166176,-1.584523058442702,1.1899110416947083
0.02040816326530612,6.555102040816326,-1.268395588824801,-1.559460842408148,1.266998934940364
0.02040816326530612,6.6959183673469385,-1.2248661301334378,-1.5356060749641745,1.3422526526413112
0.02040816326530612,6.836734693877551,-1.1833923240888204,-1.5126360538532388,1.4160140298275739
0.02040816326530612,6.977551020408163,-1.1437918054449447,-1.4902349331920195,1.488589850421085
0.02040816326530612,7.118367346938776,-1.105905218543139,-1.4680886574030751,1.5602608608924562
0.02040816326530612,7.259183673469387,-1.0695925584515469,-1.4458810194799618,1.6312886780995406
0.02040816326530612,7.4,-1.034730203954596,-1.4232907229287939,1.7019219939786543
0.04081632653061224,0.5,-1.0779740663886084,0.37574591395723467,0.7983309275753053
0.04081632653061224,0.6408163265306123,-1.1147512208568433,0.2538942798178343,0.7772000487043198
0.04081632653061224,0.7816326530612245,-1.1531296104917668,0.13607883391892583,0.7543420532643971
0.04081632653061224,0.9224489795918367,-1.1932542124071617,0.02167513563593354,0.7297109431428044
0.04081632653061224,1.063265306122449,-1.235289987639771,-0.08996416108122114,0.7032229629269142
0.04081632653061224,1.2040816326530612,-1.2794257718071318,-0.19947523443021287,0.6747584580060454
0.04081632653061224,1.3448979591836734,-1.3258790958226792,-0.307474356207188,0.6441612367321841
0.04081632653061224,1.4857142857142858,-1.3749022235375823,-0.4145604465040228,0.6112356451757832
0.04081632653061224,1.626530612244898,-1.4267897906373774,-0.5213230688765318,0.5757413061461321
0.04081632653061224,1.76734693877551,-1.4818885653475777,-0.6283533842731601,0.5373851527288693
0.04081632653061224,1.9081632653061225,-1.5406100416691026,-0.7362571095841898,0.4958101018539811
0.04081632653061224,2.0489795918367344,-1.6034468378695241,-0.8456691953922627,0.45057921200722273
0.04081632653061224,2.1897959183673468,-1.670994225360637,-0.9572703010116407,0.4011535680392734
0.04081632653061224,2.330612244897959,-1.7439785579258091,-1.0718049337094508,0.3468610282954348
0.04081632653061224,2.4714285714285715,-1.8232948435803746,-1.190100594295506,0.2868512251285934
0.04081632653061224,2.6122448979591835,-1.9100559090447873,-1.313085378108738,0.2200291236841813
0.04081632653061224,2.753061224489796,-2.005654539492549,-1.4417970104857702,0.14495388527041767
0.04081632653061224,2.8938775510204082,-2.1118343666526864,-1.5773650185927397,0.05967872367645133
0.04081632653061224,3.03469387755102,-2.2307446351517175,-1.720921018883763,-0.038514528158705014
0.04081632653061224,3.1755102040816325,-2.3648840304925294,-1.8733267500448065,-0.15358172794465458
0.04081632653061224,3.316326530612245,-2.5166058427618863,-2.034455928229612,-0.29160050715384817
0.04081632653061224,3.457142857142857,-2.686098037306825,-2.2014566859269,-0.4626172520969781
0.04081632653061224,3.5979591836734692,-2.8646119794441285,-2.3650774588643797,-0.6850812299378306
0.04081632653061224,3.7387755102040816,-3.01752063422624,-2.5043464628779617,-0.9989702032953965
0.04081632653061224,3.8795918367346935,-3.073640857115174,-2.587311704097361,-1.5223071577446297
0.04081632653061224,4.020408163265306,-2.992930715550505,-2.5923055151800587,-3.2305611499362232
0.04081632653061224,4.161224489795918,-2.8304779263152904,-2.5317175690051923,-1.7657848297215573
0.04081632653061224,4.302040816326531,-2.652255294291888,-2.437708076696311,-1.0672692481052346
0.04081632653061224,4.442857142857143,-2.4860878253432768,-2.3355414137871495,-0.6720472922633218
0.04081632653061224,4.5836734693877546,-2.338033350765525,-2.2376357758616936,-0.39132413084311074
0.04081632653061224,4.724489795918367,-2.207173091438183,-2.1484104154090904,-0.171159701242171
0.04081632653061224,4.865306122448979,-2.0910413204655374,-2.0686730206900434,0.011552336784880818
0.04081632653061224,5.006122448979592,-1.987190504204919,-1.9978561126818646,0.16887024783885257
0.04081632653061224,5.146938775510204,-1.8935519213576555,-1.934971135939549,0.30789471480835323
0.04081632653061224,5.2877551020408164,-1.808455828022198,-1.8789802666488122,0.4331666897085543
0.04081632653061224,5.428571428571429,-1.7305695147555962,-1.8289274810663132,0.5477713820548652
0.04081632653061224,5.56938775510204,-1.6588271842974933,-1.7839727908723535,0.653905002941622
0.04081632653061224,5.710204081632653,-1.5923702950986485,-1.743390337166588,0.753190444891325
0.04081632653061224,5.851020408163265,-1.5305008300448624,-1.7065540592033934,0.846864642823979
0.04081632653061224,5.9918367346938775,-1.4726457008856515,-1.6729206385180768,0.935895635638551
0.04081632653061224,6.13265306122449,-1.4183298277500542,-1.6420132264232852,1.0210588060888692
0.04081632653061224,6.273469387755102,-1.3671557376596781,-1.6134071302621569,1.1029882978671721
0.04081632653061224,6.414285714285714,-1.3187880048784733,-1.5867175660387627,1.1822128188730547
0.04081632653061224,6.555102040816326,-1.2729412850539648,-1.5615893475753944,1.2591814263326087
0.04081632653061224,6.6959183673469385,-1.2293710287663522,-1.5376881797477258,1.3342823278830398
0.04081632653061224,6.836734693877551,-1.1878662071558719,-1.5146933289393414,1.4078571640225992
0.04081632653061224,6.977551020408163,-1.1482435614712971,-1.4922915402028603,1.4802118122905694
0.04081632653061224,7.118367346938776,-1.1103430174200999,-1.4701720055183998,1.5516253457681632
0.04081632653061224,7.259183673469387,-1.0740239972415269,-1.4480224373734143,1.6223569871143153
0.04081632653061224,7.4,-1.0391624305177105,-1.4255261455981656,1.692652231217551
0.061224489795918366,0.5,-1.0778780621662096,0.3760553364028466,0.7983836464195749
0.061224489795918366,0.6408163265306123,-1.1146132753588973,0.254310395875472,0.777279298428877
0.061224489795918366,0.7816326530612245,-1.152942924083029,0.13660605146643248,0.754453350252864
0.061224489795918366,0.9224489795918367,-1.1930114544242474,0.022317784174637298,0.7298602800126617
0.061224489795918366,1.063265306122449,-1.2349830728482922,-0.08920115361754558,0.703416999503988
0.061224489795918366,1.2040816326530612,-1.2790456205134928,-0.19858587019605586,0.6750047362972064
0.061224489795918366,1.3448979591836734,-1.3254153598491427,-0.306451192472402,0.6444684325341762
0.061224489795918366,1.4857142857142858,-1.374342958550883,-0.4133942470288618,0.6116138736949821
0.061224489795918366,1.626530612244898,-1.4261210512735663,-0.5200024305488506,0.5762025046362321
0.061224489795918366,1.76734693877551,-1.4810938926847155,-0.6268642975505326,0.537943572786738
0.061224489795918366,1.9081632653061225,-1.539669802197943,-0.7345824135440381,0.49648295704303497
0.061224489795918366,2.0489795918367344,-1.6023373579295224,-0.8437878853494801,0.4513875495660718
0.061224489795918366,2.1897959183673468,-1.66968664371789,-0.9551566435546611,0.4021234681295687
0.061224489795918366,2.330612244897959,-1.742437290883924,-1.0694273302959736,0.3480252921247428
0.061224489795918366,2.4714285714285715,-1.821475524352413,-1.1874201801082704,0.28825182056059473
0.061224489795918366,2.6122448979591835,-1.9079026412985112,-1.3100543461356797,0.22172082916983354
0.061224489795918366,2.753061224489796,-2.0030963529142514,-1.4383568866491157,0.1470099199340504
0.061224489795918366,2.8938775510204082,-2.1087810820321367,-1.5734455700291474,0.062199773569676854
0.061224489795918366,3.03469387755102,-2.227083622765856,-1.7164422487583944,-0.03538471096589247
0.061224489795918366,3.1755102040816325,-2.3604839134488715,-1.8682093381439246,-0.14962877770797142
0.061224489795918366,3.316326530612245,-2.5113490817286697,-2.0286568697872265,-0.2864844869577235
0.061224489795918366,3.457142857142857,-2.680017118016018,-2.1950664171497274,-0.4557524910877707
0.061224489795918366,3.5979591836734692,-2.858342470406915,-2.3585381995746717,-0.6753271353993799
0.061224489795918366,3.7387755102040816,-3.0132693462211178,-2.4987521180298913,-0.9836133752888147
0.061224489795918366,3.8795918367346935,-3.0747936411088115,-2.5842416792624814,-1.4917349671096514
0.061224489795918366,4.020408163265306,-2.999496076927458,-2.592562703484027,-3.015263490732654
0.061224489795918366,4.161224489795918,-2.839280383075927,-2.534564951966042,-1.8169434891821585
0.061224489795918366,4.302040816326531,-2.6612158594456186,-2.4418846599781507,-1.0920162551819779
0.061224489795918366,4.442857142857143,-2.4945243328575986,-2.3401607386126786,-0.6891992116858198
0.061224489795918366,4.5836734693877546,-2.3458323207677747,-2.242249805187481,-0.40491629415137564
0.061224489795918366,4.724489795918367,-2.2143881633086893,-2.152829507204005,-0.18271847953055434
0.061224489795918366,4.865306122448979,-2.0977605633751235,-2.0728316367618858,0.0012842641054948316
0.061224489795918366,5.006122448979592,-1.993498161108516,-2.0017434794243614,0.15947385413002807
0.061224489795918366,5.146938775510204,-1.899519548557852,-1.9385991020269584,0.2991086975849775
0.061224489795918366,5.2877551020408164,-1.8141420596104334,-1.8823690209974884,0.42481567641186196
0.061224489795918366,5.428571428571429,-1.736022004295296,-1.8320993124242775,0.5397305842059525
0.061224489795918366,5.56938775510204,-1.6640847771231004,-1.7869495857355608,0.6460812055759513
0.061224489795918366,5.710204081632653,-1.5974649058108252,-1.7461927151026728,0.7455109959677249
0.061224489795918366,5.851020408163265,-1.5354589419632214,-1.7092012656427504,0.8392706875555221
0.061224489795918366,5.9918367346938775,-1.4774895303430327,-1.6754307832756778,0.9283377423142676
0.061224489795918366,6.13265306122449,-1.4230782208588375,-1.6444036768275814,1.0134940203799334
0.061224489795918366,6.273469387755102,-1.3718248618970823,-1.6156949739203752,1.0953780799907498
0.061224489795918366,6.414285714285714,-1.323391885565958,-1.588920116889969,1.174521499680164
0.061224489795918366,6.555102040816326,-1.2774922250692906,-1.5637246661910909,1.2513750412642106
0.061224489795918366,6.6959183673469385,-1.2338799402232885,-1.5397756327628414,1.3263276629490943
0.061224489795918366,6.836734693877551,-1.192342876368381,-1.5167541719374846,1.3997209252806229
0.061224489795918366,6.977551020408163,-1.152696863155242,-1.4943495228270325,1.4718599321681494
0.061224489795918366,7.118367346938776,-1.1147810901077753,-1.4722540122947168,1.543022216156358
0.061224489795918366,7.259183673469387,-1.0784543890921103,-1.4501591365805102,1.6134647837494167
0.061224489795918366,7.4,-1.0435922223187755,-1.4277526559007179,1.6834301282600075
0.08163265306122448,0.5,-1.0777821082167887,0.37636464086532784,0.7984363301114723
0.08163265306122448,0.6408163265306123,-1.1144754167083333,0.2547263357345963,0.7773584856812146
0.08163265306122448,0.7816326530612245,-1.1527563742884155,0.1371330266666022,0.7545645467083988
0.08163265306122448,0.9224489795918367,-1.1927688991003058,0.022960113096874873,0.73000946483719
0.08163265306122448,1.063265306122449,-1.2346764472218288,-0.08843855923226111,0.7036108153612982
0.08163265306122448,1.2040816326530612,-1.2786658709168925,-0.19769703542729714,0.6752507030298114
0.08163265306122448,1.3448979591836734,-1.3249521714850137,-0.3054287060365492,0.6447751970671537
0.08163265306122448,1.4857142857142858,-1.3737844301942521,-0.41222891486726304,0.611991513358012
0.08163265306122448,1.626530612244898,-1.4254532936030022,-0.5186829053907641,0.5766629066293195
0.08163265306122448,1.76734693877551,-1.4803005201516117,-0.6253766432976146,0.5385009220179835
0.08163265306122448,1.9081632653061225,-1.5387312780972333,-0.7329095662167108,0.4971543773505844
0.08163265306122448,2.0489795918367344,-1.6012301373850812,-0.8419089678295356,0.4521939660455607
0.08163265306122448,2.1897959183673468,-1.6683820383138064,-0.9530460900903622,0.4030907919910534
0.08163265306122448,2.330612244897959,-1.7408999507818332,-1.0670537698232943,0.3491860883831357
0.08163265306122448,2.4714285714285715,-1.8196614013189745,-1.184745045499675,0.2896477173387508
0.08163265306122448,2.6122448979591835,-1.9057562737732838,-1.3070302259156952,0.2234061062155754
0.08163265306122448,2.753061224489796,-2.000547358290292,-1.434925818358095,0.14905704108572873
0.08163265306122448,2.8938775510204082,-2.105740045095561,-1.5695379898864263,0.06470829014119447
0.08163265306122448,3.03469387755102,-2.2234387862465677,-1.7119786977023013,-0.03227310658353915
0.08163265306122448,3.1755102040816325,-2.356104432760753,-1.8631107680794572,-0.1457030894871061
0.08163265306122448,3.316326530612245,-2.506115733208876,-2.0228787830882813,-0.2814112658317603
0.08163265306122448,3.457142857142857,-2.673951689597512,-2.1886924970186947,-0.4489598162530381
0.08163265306122448,3.5979591836734692,-2.8520413285782813,-2.3519917393942964,-0.6657087755269728
0.08163265306122448,3.7387755102040816,-3.0088573958726497,-2.4930940366184777,-0.9685687793566071
0.08163265306122448,3.8795918367346935,-3.0756768444070746,-2.581039143487432,-1.4622960041778252
0.08163265306122448,4.020408163265306,-3.005894633994571,-2.592672902594716,-2.843406855934268
0.08163265306122448,4.161224489795918,-2.848051440315333,-2.5373110507344547,-1.8711006441557432
0.08163265306122448,4.302040816326531,-2.670203110672884,-2.4460119702735406,-1.1173892856777967
0.08163265306122448,4.442857142857143,-2.5030022772323894,-2.3447643354140344,-0.706624240607971
0.08163265306122448,4.5836734693877546,-2.3536726335276605,-2.2468656621228567,-0.4186639994519649
0.08163265306122448,4.724489795918367,-2.2216404440146524,-2.1572587435681374,-0.19437869417724013
0.08163265306122448,4.865306122448979,-2.1045122882228053,-2.0770039849888335,-0.00905540213098044
0.08163265306122448,5.006122448979592,-1.9998339655868418,-2.0056458399382917,0.15002441249412127
0.08163265306122448,5.146938775510204,-1.9055115848629454,-1.942242199913614,0.2902822117020591
0.08163265306122448,5.2877551020408164,-1.8198495257821241,-1.8857725108247798,0.4164333390376435
0.08163265306122448,5.428571428571429,-1.7414930273319817,-1.8352852426923192,0.531665515590962
0.08163265306122448,5.56938775510204,-1.6693585824222426,-1.7899397418345142,0.6382388698503415
0.08163265306122448,5.710204081632653,-1.6025737071016974,-1.749007676728966,0.7378178950597267
0.08163265306122448,5.851020408163265,-1.5404294554138909,-1.7118602594807155,0.83166743524323
0.08163265306122448,5.9918367346938775,-1.4823441517641964,-1.6779518960333235,0.9207745932558532
0.08163265306122448,6.13265306122449,-1.4278359328464945,-1.6468042340757656,1.0059278714729265
0.08163265306122448,6.273469387755102,-1.3765019334002908,-1.6179919911289737,1.0877703726637573
0.08163265306122448,6.414285714285714,-1.3280024143738198,-1.5911307946335562,1.166836660990088
0.08163265306122448,6.555102040816326,-1.2820485619318998,-1.5658669004046863,1.2435793069798315
0.08163265306122448,6.6959183673469385,-1.2383930237109089,-1.541868562085292,1.3183881226332423
0.08163265306122448,6.836734693877551,-1.1968225000328387,-1.5188187463082816,1.3916047011246433
0.08163265306122448,6.977551020408163,-1.1571518911345675,-1.4964090941902688,1.4635334881192934
0.08163265306122448,7.118367346938776,-1.119219633215287,-1.474334956873581,1.5344506162396176
0.08163265306122448,7.259183673469387,-1.0828839507586392,-1.4522914840114989,1.6046110415471901
0.08163265306122448,7.4,-1.0480198211384333,-1.4299707361629295,1.6742544430328792
0.1020408163265306,0.5,-1.077686204517728,0.37667382734754,0.7984889786705698
0.1020408163265306,0.6408163265306123,-1.1143376448577094,0.2551420993873654,0.7774376105028019
0.1020408163265306,0.7816326530612245,-1.1525699610172218,0.13765975950848638,0.7546756427105434
0.1020408163265306,0.9224489795918367,-1.1925265462715977,0.02360212241351446,0.7301584977602458
0.1020408163265306,1.063265306122449,-1.2343701104769327,-0.0876763778446414,0.7038044107485899
0.1020408163265306,1.2040816326530612,-1.2782865225428008,-0.1968087298951961,0.6754963586240328
0.1020408163265306,1.3448979591836734,-1.3244895299573902,-0.30440689640416235,0.6450815310204192
0.1020408163265306,1.4857142857142858,-1.3732266372368214,-0.4110644490817931,0.6123685652727959
0.1020408163265306,1.626530612244898,-1.4247865157006996,-0.5173644917566982,0.5771225138780035
0.1020408163265306,1.76734693877551,-1.4795084447802034,-0.6238904189223515,0.5390572031625032
0.1020408163265306,1.9081632653061225,-1.5377944648400301,-0.7312385632840267,0.49782436702518856
0.1020408163265306,2.0489795918367344,-1.600125169385875,-0.8400324361059088,0.4529984680064836
0.1020408163265306,2.1897959183673468,-1.667080398841215,-0.9509386316217868,0.40405555006491684
0.1020408163265306,2.330612244897959,-1.7393665221698518,-1.0646842366628462,0.35034343276059066
0.1020408163265306,2.4714285714285715,-1.8178524514134122,-1.1820751670170515,0.29103893996364044
0.1020408163265306,2.6122448979591835,-1.9036167722391046,-1.3040129826085083,0.22508499357516604
0.1020408163265306,2.753061224489796,-1.998007505515702,-1.431503754686627,0.15109531119643277
0.1020408163265306,2.8938775510204082,-2.102711184953995,-1.5656421596453047,0.06720432468289954
0.1020408163265306,3.03469387755102,-2.219810034621998,-1.7075302714474903,-0.029179537657187893
0.1020408163265306,3.1755102040816325,-2.3517455070002002,-1.8580309418746905,-0.14180434328233282
0.1020408163265306,3.316326530612245,-2.5009058740233887,-2.0171216540760657,-0.2763802237787671
0.1020408163265306,3.457142857142857,-2.6679025615970176,-2.1823352791420865,-0.44223789296778837
0.1020408163265306,3.5979591836734692,-2.8457117182346363,-2.34543943270143,-0.6562227679047842
0.1020408163265306,3.7387755102040816,-3.0042909507551956,-2.4873750375572308,-0.953824792470921
0.1020408163265306,3.8795918367346935,-3.0762900825045447,-2.5777064749936125,-1.4339123714449487
0.1020408163265306,4.020408163265306,-3.0121187381921914,-2.59263524475857,-2.700454007222181
0.1020408163265306,4.161224489795918,-2.8567865389406952,-2.539953204593777,-1.9286439845498788
0.1020408163265306,4.302040816326531,-2.6792156483900325,-2.4500877025768513,-1.1434236916093243
0.1020408163265306,4.442857142857143,-2.5115215261879604,-2.3493507756903576,-0.7243325794970582
0.1020408163265306,4.5836734693877546,-2.3615545483895857,-2.251482563413598,-0.4325717182989067
0.1020408163265306,4.724489795918367,-2.2289302810246174,-2.1616977196244886,-0.20614278218178403
0.1020408163265306,4.865306122448979,-2.1112968352061525,-2.0811898684669554,-0.019468186179053364
0.1020408163265306,5.006122448979592,-2.006198224978302,-2.0095631100684828,0.1405208736211022
0.1020408163265306,5.146938775510204,-1.9115283019172868,-1.9459004088855276,0.28141448290898996
0.1020408163265306,5.2877551020408164,-1.8255784664723422,-1.8891907468519,0.40801906346231376
0.1020408163265306,5.428571428571429,-1.7469827976696557,-1.8384853013217053,0.523575670643606
0.1020408163265306,5.56938775510204,-1.674648793239481,-1.7929432989428467,0.6303775572194847
0.1020408163265306,5.710204081632653,-1.6076968760020183,-1.7518352685381005,0.7301107455622718
0.1020408163265306,5.851020408163265,-1.5454125355019517,-1.7145310916288843,0.8240545109321344
0.1020408163265306,5.9918367346938775,-1.487209721875704,-1.680484032406726,0.9132058207922377
0.1020408163265306,6.13265306122449,-1.4326031152010852,-1.6492149598049108,0.9983599858563916
0.1020408163265306,6.273469387755102,-1.3811871012829413,-1.6202982526002392,1.080164778715086
0.1020408163265306,6.414285714285714,-1.3326197407575957,-1.5933496818677515,1.1591578802509677
0.1020408163265306,6.555102040816326,-1.2866104481058478,-1.5680161506669474,1.2357937562693906
0.1020408163265306,6.6959183673469385,-1.2429104374281146,-1.5439670932531264,1.3104631795480823
0.1020408163265306,6.836734693877551,-1.201305244965789,-1.520887212435327,1.3835078851744798
0.1020408163265306,6.977551020408163,-1.1616088239794415,-1.4984704621628397,1.455231772326196
0.1020408163265306,7.118367346938776,-1.1236588405826902,-1.4764151103983785,1.5259097124915002
0.1020408163265306,7.259183673469387,-1.087312895359356,-1.4544198359432836,1.5957947600675404
0.1020408163265306,7.4,-1.0524454640350178,-1.4321808544722063,1.6651239627810195
0.12244897959183673,0.5,-1.0775903510464118,0.37698289585241673,0.7985415921164426
0.12244897959183673,0.6408163265306123,-1.1141999597596164,0.2555576868686801,0.7775166729350534
0.12244897959183673,0.7816326530612245,-1.1523836841787976,0.1381862499811683,0.754786638338789
0.12244897959183673,0.9224489795918367,-1.1922843957745475,0.024243812135346793,0.7303073789255252
0.12244897959183673,1.063265306122449,-1.2340640623305537,-0.08691460937437204,0.7039977859152525
0.12244897959183673,1.2040816326530612,-1.2779075749175446,-0.19592095337202745,0.6757417034992493
0.12244897959183673,1.3448979591836734,-1.3240274344950789,-0.30338576308183773,0.6453874350816299
0.12244897959183673,1.4857142857142858,-1.3726695784509495,-0.40990084873891547,0.6127450305441489
0.12244897959183673,1.626530612244898,-1.4241207156475586,-0.5160471879924657,0.5775813281291006
0.12244897959183673,1.76734693877551,-1.4787176636128152,-0.6224056217309045,0.5396124189494764
0.12244897959183673,1.9081632653061225,-1.536859357917293,-0.7295694004483655,0.49849293029670527
0.12244897959183673,2.0489795918367344,-1.5990224471116483,-0.8381582835791651,0.4538010619762366
0.12244897959183673,2.1897959183673468,-1.665781715043164,-0.9488342575974993,0.4050177524199429
0.12244897959183673,2.330612244897959,-1.7378369896830184,-1.0623187152827924,0.35149734084341056
0.12244897959183673,2.4714285714285715,-1.816048651706663,-1.1794105213664343,0.29242551274968664
0.12244897959183673,2.6122448979591835,-1.9014841026816702,-1.301002581630969,0.22675752966334786
0.12244897959183673,2.753061224489796,-1.9954767447977853,-1.428090645121239,0.1531247921281337
0.12244897959183673,2.8938775510204082,-2.0996944311149397,-1.561758007787671,0.06968797932055998
0.12244897959183673,3.03469387755102,-2.21619727692587,-1.7030968762227374,-0.026103829341652757
0.12244897959183673,3.1755102040816325,-2.347407052588766,-1.8529697610177884,-0.13793222457168336
0.12244897959183673,3.316326530612245,-2.4957195694278966,-2.0113854634756185,-0.27139075392354056
0.12244897959183673,3.457142857142857,-2.6618704976507,-2.175995096722287,-0.43558542280441626
0.12244897959183673,3.5979591836734692,-2.8393566818046736,-2.3388825890434766,-0.6468658429849862
0.12244897959183673,3.7387755102040816,-2.999576187415433,-2.4815978870631743,-0.9393704253520897
0.12244897959183673,3.8795918367346935,-3.076633470809513,-2.5742461385891944,-1.406513922779669
0.12244897959183673,4.020408163265306,-3.018160738735457,-2.59244908026458,-2.57812759143204
0.12244897959183673,4.161224489795918,-2.865480905433716,-2.542488767746821,-1.990040519209517
0.12244897959183673,4.302040816326531,-2.6882519661996493,-2.454109512132921,-1.1701578850276966
0.12244897959183673,4.442857142857143,-2.5200819112634476,-2.3539185874828834,-0.7423349996775501
0.12244897959183673,4.5836734693877546,-2.369478315459271,-2.2560996959374204,-0.44664410565686014
0.12244897959183673,4.724489795918367,-2.2362580216020134,-2.1661460121832756,-0.2180132625016787
0.12244897959183673,4.865306122448979,-2.1181145470283664,-2.0853890794579497,-0.02995565506562993
0.12244897959183673,5.006122448979592,-2.0125912496717477,-2.0134951991426107,0.13096216317020726
0.12244897959183673,5.146938775510204,-1.9175699742050623,-1.9495736958131438,0.2725047116981416
0.12244897959183673,5.2877551020408164,-1.8313291241238072,-1.8926237371744374,0.39957223253377905
0.12244897959183673,5.428571428571429,-1.7524915312027238,-1.8416995161401177,0.515460536623827
0.12244897959183673,5.56938775510204,-1.679955604322899,-1.7959602960320495,0.6224968242697326
0.12244897959183673,5.710204081632653,-1.6128345908916148,-1.754675536062372,0.7223891469878724
0.12244897959183673,5.851020408163265,-1.5504083483587625,-1.7172138124725171,0.8164315378857038
0.12244897959183673,5.9918367346938775,-1.49208639812559,-1.683027247500146,0.9056310567204388
0.12244897959183673,6.13265306122449,-1.4373799198347739,-1.651635915077015,0.9907899907227476
0.12244897959183673,6.273469387755102,-1.3858805147832545,-1.6226138272949138,1.0725609128294662
0.12244897959183673,6.414285714285714,-1.3372440139743171,-1.5955768600444735,1.1514847384308367
0.12244897959183673,6.555102040816326,-1.2911780355039193,-1.5701725157203699,1.228017927234039
0.12244897959183673,6.6959183673469385,-1.2474323386290374,-1.5460713471707384,1.3025523310957758
0.12244897959183673,6.836734693877551,-1.2057912765633012,-1.5229597271075246,1.3754298813908137
0.12244897959183673,6.977551020408163,-1.1660678383400944,-1.5005338264482508,1.4469541081339363
0.12244897959183673,7.118367346938776,-1.12809890339482,-1.4784947372299198,1.5173986868662563
0.12244897959183673,7.259183673469387,-1.0917414325194894,-1.4565445388721705,1.587014962136941
0.12244897959183673,7.4,-1.0568693835469636,-1.4343834626079475,1.656037519575644
0.14285714285714285,0.5,-1.0774945477802251,0.37729184638296664,0.7985941704686587
0.14285714285714285,0.6408163265306123,-1.1140623613666258,0.2559730981303215,0.7775956730194522
0.14285714285714285,0.7816326530612245,-1.1521975436825491,0.13871249807379415,0.7548975336725695
0.14285714285714285,0.9224489795918367,-1.1920424474457418,0.024885182273073965,0.7304561084765736
0.14285714285714285,1.063265306122449,-1.2337583025000363,-0.08615325374152588,0.704190941110273
0.14285714285714285,1.2040816326530612,-1.277529027568304,-0.19503370563106412,0.6759867380740148
0.14285714285714285,1.3448979591836734,-1.3235658843285907,-0.302365305578246,0.6456929099368324
0.14285714285714285,1.4857142857142858,-1.3721132526122102,-0.40873811290895445,0.6131209102737428
0.14285714285714285,1.626530612244898,-1.4234558915302586,-0.51473099251783,0.5780393511237444
0.14285714285714285,1.76734693877551,-1.477928173702078,-0.620922249041446,0.5401665720976788
0.14285714285714285,1.9081632653061225,-1.5359259528377949,-0.7279020734326072,0.4991600713764198
0.14285714285714285,2.0489795918367344,-1.597921963773527,-0.8362865034189643,0.45460175445046414
0.14285714285714285,2.1897959183673468,-1.6644859767127205,-0.9467329583518131,0.40597740906835544
0.14285714285714285,2.330612244897959,-1.7363113380405715,-1.0599571902476415,0.352647828115449
0.14285714285714285,2.4714285714285715,-1.814249979408972,-1.176751087477829,0.2938074609596226
0.14285714285714285,2.6122448979591835,-1.8993582313012063,-1.297998988653596,0.22842375256001138
0.14285714285714285,2.753061224489796,-1.992955026655434,-1.424686439572515,0.1551455451622129
0.14285714285714285,2.8938775510204082,-2.096689713445944,-1.5578854633859807,0.07215935497529205
0.14285714285714285,3.03469387755102,-2.2126004222261964,-1.6986784189029478,-0.02304580902212379
0.14285714285714285,3.1755102040816325,-2.3430889839317137,-1.847927126531601,-0.13408642417744804
0.14285714285714285,3.316326530612245,-2.4905568736666504,-2.0056701870420577,-0.2664422621506626
0.14285714285714285,3.457142857142857,-2.655856217348338,-2.1696722633473233,-0.4290011422319311
0.14285714285714285,3.5979591836734692,-2.8329791418294348,-2.3323224682949277,-0.637634849497027
0.14285714285714285,3.7387755102040816,-2.9947192732089802,-2.475765308377938,-0.9251952772242624
0.14285714285714285,3.8795918367346935,-3.076707623953271,-2.5706606829057974,-1.380037268080834
0.14285714285714285,4.020408163265306,-3.024013009890428,-2.592113887342063,-2.471264709099134
0.14285714285714285,4.161224489795918,-2.8741295477872657,-2.544915136439235,-2.0558612726444654
0.14285714285714285,4.302040816326531,-2.6973104453068615,-2.45807501612335,-1.1976337019645613
0.14285714285714285,4.442857142857143,-2.5286832253917693,-2.3584662549268423,-0.7606428868567249
0.14285714285714285,4.5836734693877546,-2.3774441747428527,-2.2607162157955187,-0.4608860120207918
0.14285714285714285,4.724489795918367,-2.243624012530475,-2.1706031791580243,-0.22999273985064972
0.14285714285714285,4.865306122448979,-2.1249657688337473,-2.089601398820261,-0.04051942027813093
0.14285714285714285,5.006122448979592,-2.0190133531139676,-2.0174420097855252,0.12134718042740329
0.14285714285714285,5.146938775510204,-1.923636879172249,-1.9532620357919772,0.26355209538044877
0.14285714285714285,5.2877551020408164,-1.8371017437451913,-1.896071490640603,0.39109221771452896
0.14285714285714285,5.428571428571429,-1.7580194459518024,-1.844927913304559,0.5073195933926627
0.14285714285714285,5.56938775510204,-1.685279212156866,-1.7989907708933923,0.6145962225397394
0.14285714285714285,5.710204081632653,-1.6179870315324132,-1.7575285241924326,0.7146526955369051
0.14285714285714285,5.851020408163265,-1.555417061171157,-1.7199084720207711,0.8087981352407352
0.14285714285714285,5.9918367346938775,-1.4969743387134662,-1.6855815959151879,0.8980499321939089
0.14285714285714285,6.13265306122449,-1.4421664991142762,-1.654067160314497,0.9832175138476836
0.14285714285714285,6.273469387755102,-1.3905823232945138,-1.6249387835931548,1.0649583895344
0.14285714285714285,6.414285714285714,-1.3418753831193504,-1.5978124094331716,1.1438168196926901
0.14285714285714285,6.555102040816326,-1.2957514755326205,-1.5723360926753465,1.2202513630677532
0.14285714285714285,6.6959183673469385,-1.2519588836454572,-1.5481814499631932,1.2946550214350716
0.14285714285714285,6.836734693877551,-1.2102807588691675,-1.5250364436602166,1.3673701036972312
0.14285714285714285,6.977551020408163,-1.1705291087797018,-1.5025993913982394,1.4386997751521422
0.14285714285714285,7.118367346938776,-1.1325400102910377,-1.4805740947011097,1.5089167393236886
0.14285714285714285,7.259183673469387,-1.0961697685284792,-1.4586659286283499,1.5782706976056704
0.14285714285714285,7.4,-1.0612918078774027,-1.4365790000859,1.6469939697402274
0.16326530612244897,0.5,-1.0773987946965544,0.3776006789422717,0.7986467137467886
0.16326530612244897,0.6408163265306123,-1.1139248496313308,0.25638833315806714,0.7776746107974333
0.16326530612244897,0.7816326530612245,-1.152011539437938,0.13923850377556468,0.7550083287912587
0.16326530612244897,0.9224489795918367,-1.1918007011219292,0.02552623283731595,0.7306046865567626
0.16326530612244897,1.063265306122449,-1.233452830703121,-0.08539231086658973,0.7043838765822832
0.16326530612244897,1.2040816326530612,-1.2771508800231122,-0.1941469864465771,0.6762314627660763
0.16326530612244897,1.3448979591836734,-1.323104878690194,-0.30134552335003445,0.6459979562703337
0.16326530612244897,1.4857142857142858,-1.3715576584993818,-0.40757624066609394,0.6134962055601617
0.16326530612244897,1.626530612244898,-1.42279204144132,-0.5134159037189665,0.578496584597283
0.16326530612244897,1.76734693877551,-1.477139972110886,-0.6194402981841183,0.5407196653154607
0.16326530612244897,1.9081632653061225,-1.5349942451292167,-0.7262365784229358,0.49982579446022185
0.16326530612244897,2.0489795918367344,-1.596823712611857,-0.834417089049582,0.4554005518910617
0.16326530612244897,2.1897959183673468,-1.6631931736939485,-0.944634723699713,0.406934529963893
0.16326530612244897,2.330612244897959,-1.7347895520454135,-1.0575996462170412,0.353794909958483
0.16326530612244897,2.4714285714285715,-1.812456411859067,-1.1740968382213235,0.2951848062596637
0.16326530612244897,2.6122448979591835,-1.8972391245112672,-1.2950021695978786,0.23008370001310274
0.16326530612244897,2.753061224489796,-1.9904423019184552,-1.4212910883851995,0.15715763102568062
0.16326530612244897,2.8938775510204082,-2.0936969621785484,-1.554024455947694,0.07461855136674692
0.16326530612244897,3.03469387755102,-2.2090193796524638,-1.694274806890623,-0.02000530648151246
0.16326530612244897,3.1755102040816325,-2.338791213546312,-1.8429029390181952,-0.13026663815654893
0.16326530612244897,3.316326530612245,-2.4854178305036183,-1.9999757958198086,-0.2615341667334182
0.16326530612244897,3.457142857142857,-2.6498603980413757,-2.1633670738866173,-0.42248382116116484
0.16326530612244897,3.5979591836734692,-2.826581903133726,-2.325760281792301,-0.6285267490320129
0.16326530612244897,3.7387755102040816,-2.98972634925619,-2.469879973103714,-0.9112894945432226
0.16326530612244897,3.8795918367346935,-3.0765136520198495,-2.5669527296496675,-1.35442493262752
0.16326530612244897,4.020408163265306,-3.029667979164317,-2.591629296998811,-2.3764268509414235
0.16326530612244897,4.161224489795918,-2.8827272524223306,-2.5472297503085746,-2.1268143049417323
0.16326530612244897,4.302040816326531,-2.706389348737928,-2.4619817955688195,-1.2258968220871471
0.16326530612244897,4.442857142857143,-2.53732522033729,-2.3629922178638716,-0.7792682888985043
0.16326530612244897,4.5836734693877546,-2.385452355225478,-2.265331247738851,-0.47530249951698855
0.16326530612244897,4.724489795918367,-2.2510285998180724,-2.1750687589704834,-0.24208390871983704
0.16326530612244897,4.865306122448979,-2.131850848134673,-2.0938265958035456,-0.05116113954554902
0.16326530612244897,5.006122448979592,-2.025464851806375,-2.0214034375699925,0.11167479131576337
0.16326530612244897,5.146938775510204,-1.9297292971537254,-1.9569653890046632,0.2545558025416778
0.16326530612244897,5.2877551020408164,-1.842896572832114,-1.8995340046196567,0.3825783686362579
0.16326530612244897,5.428571428571429,-1.7635667621008995,-1.848170517467187,0.4991523131825602
0.16326530612244897,5.56938775510204,-1.6906198149971288,-1.802034760296955,0.606675298337331
0.16326530612244897,5.710204081632653,-1.623154379098851,-1.7603942769495584,0.706900983961844
0.16326530612244897,5.851020408163265,-1.5604388422139153,-1.7226151194498238,0.8011539237925207
0.16326530612244897,5.9918367346938775,-1.5018737026169902,-1.688147131739968,0.8904620766723903
0.16326530612244897,6.13265306122449,-1.4469630058923046,-1.6565087553924591,0.9756421834677678
0.16326530612244897,6.273469387755102,-1.3952926763978166,-1.6272731893405243,1.057356822700715
0.16326530612244897,6.414285714285714,-1.3465139971524607,-1.600056408568455,1.1361537099356798
0.16326530612244897,6.555102040816326,-1.3003309191354917,-1.5745069770538793,1.2124936118765217
0.16326530612244897,6.6959183673469385,-1.2564902279918653,-1.5502975165180797,1.2867707725481923
0.16326530612244897,6.836734693877551,-1.2147738546397655,-1.5271175120882639,1.3593279756122165
0.16326530612244897,6.977551020408163,-1.174992808250167,-1.504667345862837,1.4304681274432673
0.16326530612244897,7.118367346938776,-1.1369823474662277,-1.4826534330921386,1.500463086688469
0.16326530612244897,7.259183673469387,-1.1005981064693702,-1.4607843319541003,1.5695610373467603
0.16326530612244897,7.4,-1.0657129610761116,-1.4387678933204642,1.637992200283272
0.18367346938775508,0.5,-1.0773030917727864,0.3779093935334693,0.79869922197039
0.18367346938775508,0.6408163265306123,-1.1137874245063395,0.25680339194457613,0.7777534863103975
0.18367346938775508,0.7816326530612245,-1.1518256713544774,0.1397642670757324,0.7551190237741773
0.18367346938775508,0.9224489795918367,-1.1915591566400205,0.026166963838609614,0.7307531133093285
0.18367346938775508,1.063265306122449,-1.23314764665794,-0.08463178067044339,0.7045765925795403
0.18367346938775508,1.2040816326530612,-1.2767731318108502,-0.19326079559383502,0.676475877992389
0.18367346938775508,1.3448979591836734,-1.3226444168137546,-0.3003264159553945,0.6463025747650203
0.18367346938775508,1.4857142857142858,-1.3710027948944323,-0.40641523108835537,0.6138709174988858
0.18367346938775508,1.626530612244898,-1.422129163479051,-0.5121019199889106,0.5789530302793394
0.18367346938775508,1.76734693877551,-1.4763530559123421,-0.617959766501003,0.5412717013008989
0.18367346938775508,1.9081632653061225,-1.5340642303335696,-0.7245729102493722,0.5004901037162407
0.18367346938775508,2.0489795918367344,-1.5957276868972279,-0.8325500338785505,0.4561974607279189
0.18367346938775508,2.1897959183673468,-1.66190329588122,-0.9425395434918201,0.40788912500315155
0.18367346938775508,2.330612244897959,-1.7332716165835964,-1.055246067945526,0.35493860165353214
0.18367346938775508,2.4714285714285715,-1.8106679265377177,-1.1714477528633382,0.29655757356909385
0.18367346938775508,2.6122448979591835,-1.89512674893754,-1.2920120906348749,0.23173740944320753
0.18367346938775508,2.753061224489796,-1.9879385217267505,-1.4179045423303889,0.15916110989198679
0.18367346938775508,2.8938775510204082,-2.090716107911822,-1.5501749155492182,0.07706566703905171
0.18367346938775508,3.03469387755102,-2.2054540584209206,-1.6898859476155474,-0.016982154659531106
0.18367346938775508,3.1755102040816325,-2.3345136521846213,-1.8378970987232015,-0.12647256767398368
0.18367346938775508,3.316326530612245,-2.4803024737315864,-1.9943022563477275,-0.2566658980219597
0.18367346938775508,3.457142857142857,-2.643883676598755,-2.157079806793702,-0.4160322592933018
0.18367346938775508,3.5979591836734692,-2.8201676551791794,-2.3191971935539177,-0.6195386107219241
0.18367346938775508,3.7387755102040816,-2.984603514550932,-2.463944498930573,-0.897643733324474
0.18367346938775508,3.8795918367346935,-3.0760531549811523,-2.5631247371395287,-1.3296255103764927
0.18367346938775508,4.020408163265306,-3.0351181570621124,-2.5909950942847857,-2.2912083399614103
0.18367346938775508,4.161224489795918,-2.8912685817644967,-2.5494300982601428,-2.203792403711309
0.18367346938775508,4.302040816326531,-2.7154868153638807,-2.4658273974327583,-1.2549972547187456
0.18367346938775508,4.442857142857143,-2.5460076039896515,-2.3674948715188995,-0.7982239683017899
0.18367346938775508,4.5836734693877546,-2.393503073894536,-2.269943884223046,-0.48989885210786616
0.18367346938775508,4.724489795918367,-2.258472128379995,-2.1795422699443603,-0.25428955762693206
0.18367346938775508,4.865306122448979,-2.1387701347310304,-2.0980644275795317,-0.061882518703645764
0.18367346938775508,5.006122448979592,-2.031946065325881,-2.025379370549862,0.10194384744939909
0.18367346938775508,5.146938775510204,-1.9358475114962042,-1.9606837188339217,0.24551499316915407
0.18367346938775508,5.2877551020408164,-1.8487138615747238,-1.9030112828913313,0.37403003381984024
0.18367346938775508,5.428571428571429,-1.7691337020465308,-1.8514273528664644,0.4909581609458425
0.18367346938775508,5.56938775510204,-1.6959776129047852,-1.805092299913535,0.5987335925746765
0.18367346938775508,5.710204081632653,-1.628336816211173,-1.763272837630804,0.6991336014243864
0.18367346938775508,5.851020408163265,-1.5654738608792045,-1.72533380338292,0.7934985218346934
0.18367346938775508,5.9918367346938775,-1.506784649625089,-1.6907239085643762,0.8828671191145013
0.18367346938775508,6.13265306122449,-1.4517695935381096,-1.658960759602816,0.9680636281618313
0.18367346938775508,6.273469387755102,-1.4000117238957162,-1.6296171115959757,1.049755827808129
0.18367346938775508,6.414285714285714,-1.3511600049659802,-1.6023089362139553,1.1284950007736616
0.18367346938775508,6.555102040816326,-1.304916516812621,-1.57668526320507,1.2047442210592345
0.18367346938775508,6.6959183673469385,-1.2610265263792255,-1.5524196630118672,1.2788990852175492
0.18367346938775508,6.836734693877551,-1.2192707254071178,-1.5292030791549858,1.3513029298948493
0.18367346938775508,6.977551020408163,-1.1794591079282888,-1.5067378785189824,1.4222585134154693
0.18367346938775508,7.118367346938776,-1.1414260987800338,-1.484732996377958,1.4920369628111951
0.18367346938775508,7.259183673469387,-1.1050266463478866,-1.4629000665044591,1.5608850747038778
0.18367346938775508,7.4,-1.0701330632105004,-1.440950556055668,1.6290311276333125
0.2040816326530612,0.5,-1.077207438986309,0.37821799015981794,0.7987516951590142
0.2040816326530612,0.6408163265306123,-1.1136500859442737,0.2572182744826113,0.7778322995997334
0.2040816326530612,0.7816326530612245,-1.1516399393417371,0.1402897879636129,0.7552296187005831
0.2040816326530612,0.9224489795918367,-1.1913178138370877,0.02680737528740814,0.7309013888773399
0.2040816326530612,1.063265306122449,-1.232842750083019,-0.08387166307435592,0.7047690893499267
0.2040816326530612,1.2040816326530612,-1.276395782461246,-0.19237513284909138,0.6767199841690916
0.2040816326530612,1.3448979591836734,-1.322184497934842,-0.29930798292361144,0.6466067661021135
0.2040816326530612,1.4857142857142858,-1.3704486605825128,-0.40525508325759463,0.6142450471823352
0.2040816326530612,1.626530612244898,-1.4214672557475303,-0.5107890397275028,0.5794086898938278
0.2040816326530612,1.76734693877551,-1.4755674221897235,-0.6164806513460083,0.5418226827417545
0.2040816326530612,1.9081632653061225,-1.5331359040134946,-0.7229110651914309,0.5011530033039204
0.2040816326530612,2.0489795918367344,-1.59463387993004,-0.8306853313473823,0.45699248735874437
0.2040816326530612,2.1897959183673468,-1.6606163332201769,-0.9404474069449431,0.40884120402486157
0.2040816326530612,2.330612244897959,-1.731757516624227,-1.0528964400395808,0.3560789183809224
0.2040816326530612,2.4714285714285715,-1.8088845009930086,-1.1688037934068496,0.29792577053659425
0.2040816326530612,2.6122448979591835,-1.8930210714166955,-1.2890287181812505,0.23338491794716548
0.2040816326530612,2.753061224489796,-1.985443637529414,-1.4145267525512017,0.16115604132182906
0.2040816326530612,2.8938775510204082,-2.087747081615741,-1.5463367728058173,0.07950079938495022
0.2040816326530612,3.03469387755102,-2.2019043678601395,-1.6855117493564085,-0.013976188301506461
0.2040816326530612,3.1755102040816325,-2.330256208950875,-1.8329095055791411,-0.12270391889679892
0.2040816326530612,3.316326530612245,-2.4752108276603915,-1.9886495309077852,-0.2518368980859456
0.2040816326530612,3.457142857142857,-2.6379266510936676,-2.15081071912729,-0.40964529399689015
0.2040816326530612,3.5979591836734692,-2.8137389745776993,-2.3126343214883085,-0.6106676049988947
0.2040816326530612,3.7387755102040816,-2.9793568112478206,-2.4579614490641175,-0.8842491245968944
0.2040816326530612,3.8795918367346935,-3.0753282080370647,-2.5591799118140646,-1.3055895523480778
0.2040816326530612,4.020408163265306,-3.0403561705977644,-2.590211122618686,-2.2138612535954114
0.2040816326530612,4.161224489795918,-2.8997478726317603,-2.551513725098961,-2.2879435189155757
0.2040816326530612,4.302040816326531,-2.724600853737095,-2.46960933694066,-1.2849899042861301
0.2040816326530612,4.442857142857143,-2.5547300375065967,-2.3719725662489903,-0.8175234600124239
0.2040816326530612,4.5836734693877546,-2.401596534700165,-2.2745531847126164,-0.5046805885704356
0.2040816326530612,4.724489795918367,-2.2659549416972524,-2.184023209685508,-0.26661257363277435
0.2040816326530612,4.865306122448979,-2.145723980620521,-2.1023146388250424,-0.07268531365001328
0.2040816326530612,5.006122448979592,-2.0384573163170243,-2.029369689671721,0.0921531669856109
0.2040816326530612,5.146938775510204,-1.9419918084483048,-1.9644169729149334,0.23642879774695907
0.2040816326530612,5.2877551020408164,-1.8545538627779585,-1.906503322733511,0.3654465460839058
0.2040816326530612,5.428571428571429,-1.7747204903800688,-1.8546984378691223,0.48273659175459827
0.2040816326530612,5.56938775510204,-1.7013528077804372,-1.8081634242939442,0.5907706405884842
0.2040816326530612,5.710204081632653,-1.6335345269647723,-1.7661642486377769,0.6913501331180444
0.2040816326530612,5.851020408163265,-1.570522287701201,-1.7280645715835445,0.7858315436640175
0.2040816326530612,5.9918367346938775,-1.5117073403756156,-1.6933119794119187,0.8752646897604175
0.2040816326530612,6.13265306122449,-1.4565864159685697,-1.6614232316571789,0.9604814767299754
0.2040816326530612,6.273469387755102,-1.4047396158443903,-1.6319706167345198,1.042155021822451
0.2040816326530612,6.414285714285714,-1.3558135553960726,-1.6045700693594591,1.1208402859301967
0.2040816326530612,6.555102040816326,-1.3095084187304826,-1.578871043228484,1.197002753513341
0.2040816326530612,6.6959183673469385,-1.2655679327751947,-1.5545480034499726,1.2710394666936267
0.2040816326530612,6.836734693877551,-1.2237715315418929,-1.5312932885022048,1.3432944082174176
0.2040816326530612,6.977551020408163,-1.1839281773241557,-1.5088111730237297,1.414070291881579
0.2040816326530612,7.118367346938776,-1.1458714458629344,-1.4868130226929597,1.4836376182801296
0.2040816326530612,7.259183673469387,-1.1094555852207895,-1.4650134406253499,1.5522419274981623
0.2040816326530612,7.4,-1.0745523305297033,-1.443127389886434,1.620109696406478
0.22448979591836732,0.5,-1.0771118363145111,0.37852646882506275,0.7988041333322305
0.22448979591836732,0.6408163265306123,-1.1135128338977678,0.25763298076503566,0.7779110507068007
0.22448979591836732,0.7816326530612245,-1.1514543433093414,0.1408150664285703,0.7553401136496892
0.22448979591836732,0.9224489795918367,-1.1910766725503636,0.02744746719408276,0.7310495134037116
0.22448979591836732,1.063265306122449,-1.2325381406972744,-0.08311195799999961,0.7049613671409498
0.22448979591836732,1.2040816326530612,-1.2760188315048713,-0.1914899979895943,0.6769637817115352
0.22448979591836732,1.3448979591836734,-1.3217251212907226,-0.2982902237713046,0.6469105309611858
0.22448979591836732,1.4857142857142858,-1.3698952543519411,-0.40409579625946584,0.6146185956998335
0.22448979591836732,1.626530612244898,-1.4208063163565767,-0.5094772613413727,0.5798635651590133
0.22448979591836732,1.76734693877551,-1.4747830680364222,-0.6150029500849165,0.5423726123155975
0.22448979591836732,1.9081632653061225,-1.5322092617481418,-0.721251039052552,0.5018144973612956
0.22448979591836732,2.0489795918367344,-1.5935422850403451,-0.8288229749312913,0.45778563814923023
0.22448979591836732,2.1897959183673468,-1.6593322757035716,-0.9383583056704097,0.4097907768169972
0.22448979591836732,2.330612244897959,-1.7302472372173265,-1.0505507478918885,0.35721587522322507
0.22448979591836732,2.4714285714285715,-1.8071061130959032,-1.1661649685103792,0.29928945306253485
0.22448979591836732,2.6122448979591835,-1.8909220589951266,-1.286052018898173,0.23502626230119922
0.22448979591836732,2.753061224489796,-1.9829576008981407,-1.4111576354161826,0.16314244849928689
0.22448979591836732,2.8938775510204082,-2.084789814634194,-1.5425099588512057,0.08192404465032097
0.22448979591836732,3.03469387755102,-2.198370217434177,-1.681152120922386,-0.010987244438359856
0.22448979591836732,3.1755102040816325,-2.3260187914137758,-1.827940059255339,-0.11896040288276259
0.22448979591836732,3.316326530612245,-2.470142907584683,-1.9830175777323085,-0.24704662040296024
0.22448979591836732,3.457142857142857,-2.6319898824556596,-2.144560053377044,-0.4033217895035158
0.22448979591836732,3.5979591836734692,-2.807298327717991,-2.306072740934137,-0.6019110006748883
0.22448979591836732,3.7387755102040816,-2.973992211141704,-2.4519333308657516,-0.8710972427849424
0.22448979591836732,3.8795918367346935,-3.0743413563203674,-2.5551208247967043,-1.2822743480052494
0.22448979591836732,4.020408163265306,-3.0453747857509383,-2.5892776662173773,-2.1430714977900975
0.22448979591836732,4.161224489795918,-2.9081592355418184,-2.5534782372787626,-2.380778337097848
0.22448979591836732,4.302040816326531,-2.7337293357433965,-2.473325101633532,-1.3159352439602297
0.22448979591836732,4.442857142857143,-2.5634921322992663,-2.3764236073538068,-0.8371811353240883
0.22448979591836732,4.5836734693877546,-2.4097329274495065,-2.279158174946295,-0.5196534766585976
0.22448979591836732,4.724489795918367,-2.2734773814506677,-2.188511054455179,-0.27905594711651316
0.22448979591836732,4.865306122448979,-2.152712739900228,-2.106576961186252,-0.08357133239695275
0.22448979591836732,5.006122448979592,-2.044998930480988,-2.0333742679362143,0.08230153639329797
0.22448979591836732,5.146938775510204,-1.9481624775123567,-1.968165117420005,0.22729635018042954
0.22448979591836732,5.2877551020408164,-1.8604168319468797,-1.9100101198226231,0.3568272277513928
0.22448979591836732,5.428571428571429,-1.780327354005927,-1.8579837933862213,0.4744870541128407
0.22448979591836732,5.56938775510204,-1.7067456033987387,-1.8112481666983888,0.5827859719580034
0.22448979591836732,5.710204081632653,-1.6387476969621224,-1.7690685513223552,0.683550160135794
0.22448979591836732,5.851020408163265,-1.5755842943957423,-1.7308074715329382,0.7781526017872754
0.22448979591836732,5.9918367346938775,-1.5166419363731118,-1.6959113967756034,0.8676544160126889
0.22448979591836732,6.13265306122449,-1.4614136276778433,-1.6638962296859297,0.9528953580734167
0.22448979591836732,6.273469387755102,-1.4094765025867388,-1.6343337703733918,1.0345540230522863
0.22448979591836732,6.414285714285714,-1.360474797263366,-1.6068398846248646,1.11318915865034
0.22448979591836732,6.555102040816326,-1.3141067747009518,-1.5810644081463678,1.1892687711971694
0.22448979591836732,6.6959183673469385,-1.270114600453139,-1.556682649733188,1.2631914304400567
0.22448979591836732,6.836734693877551,-1.2282764323109834,-1.5333882808644423,1.3353018599297029
0.22448979591836732,6.977551020408163,-1.1884001843680314,-1.5108874089871676,1.4059028314032949
0.22448979591836732,7.118367346938776,-1.1503185681864585,-1.4888937439325531,1.475264317376823
0.22448979591836732,7.259183673469387,-1.1138851173169801,-1.4671247547470454,1.5436307306957375
0.22448979591836732,7.4,-1.0789709756162102,-1.4452987850708108,1.6112268771675353
0.24489795918367346,0.5,-1.077016283734799,0.37883482956373415,0.798856536509597
0.24489795918367346,0.6408163265306123,-1.1133756683194684,0.2580475107847778,0.7779897396729673
0.24489795918367346,0.7816326530612245,-1.151268883166968,0.1413401024600271,0.7554505087006401
0.24489795918367346,0.9224489795918367,-1.1908357326172407,0.028087239568926767,0.7311974870312072
0.24489795918367346,1.063265306122449,-1.2322338182200125,-0.08235266536943173,0.7051534261997607
0.24489795918367346,1.2040816326530612,-1.2756422784731394,-0.19060539079356678,0.6772072710342673
0.24489795918367346,1.3448979591836734,-1.3212662861203364,-0.2972731380171262,0.6472138700202253
0.24489795918367346,1.4857142857142858,-1.3693425749941925,-0.4029373691834264,0.6149915641376634
0.24489795918367346,1.626530612244898,-1.4201463434217334,-0.5081665832439115,0.5803176577875024
0.24489795918367346,1.76734693877551,-1.4739999905559047,-0.613526660095219,0.5429214926898056
0.24489795918367346,1.9081632653061225,-1.5312842991340372,-0.7195928276561344,0.5024745900083367
0.24489795918367346,2.0489795918367344,-1.5924528955876858,-0.8269629581390968,0.4585769194333225
0.24489795918367346,2.1897959183673468,-1.6580511133749474,-0.9362722277786836,0.4107378531011628
0.24489795918367346,2.330612244897959,-1.728740763495577,-1.048208976340801,0.3583494871650097
0.24489795918367346,2.4714285714285715,-1.8053327406648763,-1.163531239944866,0.3006486278247224
0.24489795918367346,2.6122448979591835,-1.888829678927695,-1.283081959705737,0.23666147896507136
0.24489795918367346,2.753061224489796,-1.9804803642506772,-1.4077972122873565,0.16512046032563427
0.24489795918367346,2.8938775510204082,-2.081844238687877,-1.5386944053488605,0.08433549796742323
0.24489795918367346,3.03469387755102,-2.194851516764966,-1.6768069716498093,-0.008015162348148941
0.24489795918367346,3.1755102040816325,-2.3218013056377615,-1.8229886500282464,-0.11524174545042348
0.24489795918367346,3.316326530612245,-2.465098720232137,-1.9774063512054811,-0.24229452955564892
0.24489795918367346,3.457142857142857,-2.6260738960550416,-2.1383280359793604,-0.3970606392766517
0.24489795918367346,3.5979591836734692,-2.8008480735073857,-2.299513478824003,-0.593266162872025
0.24489795918367346,3.7387755102040816,-2.968515603338165,-2.445862594794603,-0.8581800766407696
0.24489795918367346,3.8795918367346935,-3.0730955948813032,-2.5509503203104082,-1.2596399100669267
0.24489795918367346,4.020408163265306,-3.050166954573721,-2.58819488155694,-2.0778314320902793
0.24489795918367346,4.161224489795918,-2.91649655504581,-2.5553213091392135,-2.484341298323206
0.24489795918367346,4.302040816326531,-2.742869990104955,-2.476972149354181,-1.3479000523238163
0.24489795918367346,4.442857142857143,-2.5722934464682448,-2.380846243590199,-0.8572123606738641
0.24489795918367346,4.5836734693877546,-2.417912426629168,-2.283757846287579,-0.534823548411795
0.24489795918367346,4.724489795918367,-2.2810397871284502,-2.193005258597124,-0.2916227768547244
0.24489795918367346,4.865306122448979,-2.159736768658148,-2.110851112970564,-0.09454243723521798
0.24489795918367346,5.006122448979592,-2.0515712365728316,-2.0373929702641513,0.07238771123026369
0.24489795918367346,5.146938775510204,-1.9543598110253266,-1.9719280910904733,0.21811674389898258
0.24489795918367346,5.2877551020408164,-1.8663030272750416,-1.9135316646991312,0.34817138505160783
0.24489795918367346,5.428571428571429,-1.7859545221168163,-1.861283436335044,0.46620898445433695
0.24489795918367346,5.56938775510204,-1.7121562054437045,-1.8143465590993644,0.5747791103167496
0.24489795918367346,5.710204081632653,-1.6439765133597974,-1.7719857871739617,0.675733260788565
0.24489795918367346,5.851020408163265,-1.5806600538950115,-1.7335625504828478,0.7704613069225601
0.24489795918367346,5.9918367346938775,-1.5215886000234362,-1.6985222125948007,0.8600359240508397
0.24489795918367346,6.13265306122449,-1.4662513837675701,-1.6663798112372945,0.9453049010779929
0.24489795918367346,6.273469387755102,-1.41422253478422,-1.6367066374207804,1.026952451021617
0.24489795918367346,6.414285714285714,-1.365143879415192,-1.6091184575653388,1.1055412169271754
0.24489795918367346,6.555102040816326,-1.318711734237274,-1.583265447561908,1.1815418397066868
0.24489795918367346,6.6959183673469385,-1.2746666820397499,-1.5588237117212478,1.2553544958912701
0.24489795918367346,6.836734693877551,-1.2327855859511678,-1.5354881917921273,1.3273247591043698
0.24489795918367346,6.977551020408163,-1.1928752954838355,-1.5129667618531804,1.3977555117105769
0.24489795918367346,7.118367346938776,-1.15476764328532,-1.4909753825553846,1.4669163563514338
0.24489795918367346,7.259183673469387,-1.1183154341539716,-1.4692343011277993,1.5350506389574792
0.24489795918367346,7.4,-1.0833892075477587,-1.4474651202430182,1.602381667613372
0.26530612244897955,0.5,-1.0769207812245494,0.3791430723468285,0.7989089047106496
0.26530612244897955,0.6408163265306123,-1.1132385891620349,0.2584618645348824,0.7780683665395571
0.26530612244897955,0.7816326530612245,-1.151083558824349,0.14186489604746522,0.755560803932535
0.26530612244897955,0.9224489795918367,-1.1905949938752716,0.028726692422151444,0.7313453099024295
0.26530612244897955,1.063265306122449,-1.2319297823709288,-0.08159378510509498,0.7053452667731224
0.26530612244897955,1.2040816326530612,-1.2752661228983055,-0.18972131103750825,0.6774504525510475
0.26530612244897955,1.3448979591836734,-1.320807991664294,-0.29625672518172785,0.6475167839556168
0.26530612244897955,1.4857142857142858,-1.3687906213038883,-0.40177980112271877,0.6153639535790709
0.26530612244897955,1.626530612244898,-1.419487335064239,-0.5068570038552545,0.5807709694863052
0.26530612244897955,1.76734693877551,-1.4732181868616743,-0.6120517787661808,0.5434693265216617
0.26530612244897955,1.9081632653061225,-1.530361011784997,-0.7179364268454164,0.5031332853470729
0.26530612244897955,2.0489795918367344,-1.5913657049609375,-0.8251052745127508,0.4593663375134008
0.26530612244897955,2.1897959183673468,-1.6567728363270664,-0.9341891645266696,0.41168244255381076
0.26530612244897955,2.330612244897959,-1.7272380806724175,-1.045871110513505,0.35947976909289925
0.26530612244897955,2.4714285714285715,-1.8035643617099812,-1.1609025854948627,0.30200331788761653
0.26530612244897955,2.6122448979591835,-1.8867438986766434,-1.2801185077338435,0.23829060408558708
0.26530612244897955,2.753061224489796,-1.978011879788499,-1.4044454002895024,0.16709009875586836
0.26530612244897955,2.8938775510204082,-2.078910285876765,-1.534890044477842,0.08673525335966416
0.26530612244897955,3.03469387755102,-2.1913481756538586,-1.6724762112877463,-0.005059783512854285
0.26530612244897955,3.1755102040816325,-2.3176036565894877,-1.8180551961998495,-0.1115476463926876
0.26530612244897955,3.316326530612245,-2.4600782641929877,-1.971815802064141,-0.2375801009292245
0.26530612244897955,3.457142857142857,-2.620179183236875,-2.1321148779719223,-0.3908607650097955
0.26530612244897955,3.5979591836734692,-2.794390466211242,-2.292957522187506,-0.5847305435321887
0.26530612244897955,3.7387755102040816,-2.9629327831044012,-2.439751633342997,-0.8454900025484976
0.26530612244897955,3.8795918367346935,-3.071594352153187,-2.5466712826369107,-1.2376494767458053
0.26530612244897955,4.020408163265306,-3.0547258395916645,-2.5869631734665246,-2.01734831070825
0.26530612244897955,4.161224489795918,-2.924753491202409,-2.5570406890649875,-2.6014960321727405
0.26530612244897955,4.302040816326531,-2.752020395700404,-2.480547915999175,-1.3809583697165095
0.26530612244897955,4.442857142857143,-2.5811334829632773,-2.3852387132623796,-0.8776332240551709
0.26530612244897955,4.5836734693877546,-2.426135190155619,-2.2883511547403677,-0.5501971166509245
0.26530612244897955,4.724489795918367,-2.288642495603594,-2.1975052539406503,-0.30431627662502125
0.26530612244897955,4.865306122448979,-2.1667964248561833,-2.115136798865977,-0.10560054700509755
0.26530612244897955,5.006122448979592,-2.058174566389733,-2.0414256532063333,0.0624104150122172
0.26530612244897955,5.146938775510204,-1.9605841044726489,-1.9757058344703402,0.2088890597259882
0.26530612244897955,5.2877551020408164,-1.8722127097606138,-1.9170679472575811,0.3394783160777601
0.26530612244897955,5.428571428571429,-1.7916022262658793,-1.8645973822044726,0.4579018159596084
0.26530612244897955,5.56938775510204,-1.7175848215454528,-1.8174586322294362,0.5667495731598656
0.26530612244897955,5.710204081632653,-1.6492211648839963,-1.7749159961699685,0.6678990084470869
0.26530612244897955,5.851020408163265,-1.5857497403611638,-1.7363298544057406,0.7627572658672439
0.26530612244897955,5.9918367346938775,-1.5265474946630386,-1.701144478244478,0.8524088387106191
0.26530612244897955,6.13265306122449,-1.4710998399779964,-1.668874033274928,0.937709734494916
0.26530612244897955,6.273469387755102,-1.418977863447985,-1.639089282028949,1.0193499263403771
0.26530612244897955,6.414285714285714,-1.369820950755215,-1.611405861783704,1.097896066999153
0.26530612244897955,6.555102040816326,-1.3233234465970583,-1.5854742497182348,1.1738215285597562
0.26530612244897955,6.6959183673469385,-1.2792243295624666,-1.5609712972953362,1.2475281882168532
0.26530612244897955,6.836734693877551,-1.2372991496696948,-1.537593161109917,1.3193625358080758
0.26530612244897955,6.977551020408163,-1.1973536756601668,-1.5150494030393171,1.3896277232912229
0.26530612244897955,7.118367346938776,-1.1592188463842616,-1.493058166177554,1.4585929935207977
0.26530612244897955,7.259183673469387,-1.122746724650779,-1.471342364162988,1.5265008258812125
0.26530612244897955,7.4,-1.087807232048175,-1.4496267632029367,1.593573089424444
0.2857142857142857,0.5,-1.0768253287611553,0.37945119717823755,0.7989612379549366
0.2857142857142857,0.6408163265306123,-1.1131015963781412,0.2588760420084869,0.7781469313479
0.2857142857142857,0.7816326530612245,-1.1508983701913271,0.14238944722296826,0.7556709994243919
0.2857142857142857,0.9224489795918367,-1.1903544561621686,0.02936582576389069,0.7314929821598354
0.2857142857142857,1.063265306122449,-1.2316260328701063,-0.08083531712982878,0.7055368891074492
0.2857142857142857,1.2040816326530612,-1.2748903643135996,-0.1888377584237413,0.6776933266747164
0.2857142857142857,1.3448979591836734,-1.3203502371648692,-0.2952409847877724,0.6478192734421545
0.2857142857142857,1.4857142857142858,-1.3682393920787819,-0.40062309117433925,0.6157357651042457
0.2857142857142857,1.626530612244898,-1.4188292894110084,-0.5055485216022315,0.5812235019568269
0.2857142857142857,1.76734693877551,-1.4724376540772206,-0.6105783034987129,0.5440161164583613
0.2857142857142857,1.9081632653061225,-1.529439395332045,-0.7162818324834245,0.5037905874617299
0.2857142857142857,2.0489795918367344,-1.5902807065781472,-0.8232499176277341,0.46015389866045203
0.2857142857142857,2.1897959183673468,-1.6554974347013898,-0.9321091066888035,0.4126245547948148
0.2857142857142857,2.330612244897959,-1.725739174041883,-1.0435371356207461,0.3606067357931205
0.2857142857142857,2.4714285714285715,-1.801800954372039,-1.1582789830941418,0.30335354614410986
0.2857142857142857,2.6122448979591835,-1.8846646859103067,-1.277161630378639,0.23991367349933942
0.2857142857142857,2.753061224489796,-1.9755521001873062,-1.4011021518595497,0.1690514208304453
0.2857142857142857,2.8938775510204082,-2.0759878886825662,-1.5310968089328352,0.08912340376176663
0.2857142857142857,3.03469387755102,-2.1878601041008725,-1.6681597504064063,-0.002120951581414597
0.2857142857142857,3.1755102040816325,-2.313425747781665,-1.8131395870640203,-0.10787784157792639
0.2857142857142857,3.316326530612245,-2.455081530331256,-1.9662458775918483,-0.23290282041987853
0.2857142857142857,3.457142857142857,-2.6143062028014312,-2.125920775623194,-0.3847211156718094
0.2857142857142857,3.5979591836734692,-2.7879276583424657,-2.2864058168732098,-0.5763016797643995
0.2857142857142857,3.7387755102040816,-2.9572494418818027,-2.433602779171173,-0.8330197599376263
0.2857142857142857,3.8795918367346935,-3.069841469987724,-2.5422866282530503,-1.2162691774518486
0.2857142857142857,4.020408163265306,-3.0590448500069565,-2.5855830960967974,-1.960987940831438
0.2857142857142857,4.161224489795918,-2.9329234823099775,-2.558634205581367,-2.7364314731432646
0.2857142857142857,4.302040816326531,-2.7611779747649683,-2.484049817054401,-1.4151925735529418
0.2857142857142857,4.442857142857143,-2.590011683841614,-2.3895991745875174,-0.8984611454161473
0.2857142857142857,4.5836734693877546,-2.4344013580445685,-2.2929370204698927,-0.5657807927866708
0.2857142857142857,4.724489795918367,-2.296285840681811,-2.2020104492060684,-0.31713978252372266
0.2857142857142857,4.865306122448979,-2.1738920681983975,-2.1194337091667186,-0.11674763948371841
0.2857142857142857,5.006122448979592,-2.0648092547571117,-2.04547216457381,0.05236833802772363
0.2857142857142857,5.146938775510204,-1.9668356564486311,-1.9794982836428219,0.19961235809740088
0.2857142857142857,5.2877551020408164,-1.8781461431210693,-1.9206189502427227,0.33074729931660096
0.2857142857142857,5.428571428571429,-1.79727070037751,-1.8679256445366905,0.44956496661815215
0.2857142857142857,5.56938775510204,-1.723031661312618,-1.8205844154453816,0.5586968716474698
0.2857142857142857,5.710204081632653,-1.6544818418698866,-1.7778592174123584,0.6600469721575136
0.2857142857142857,5.851020408163265,-1.5908535292348096,-1.739109428956067,0.7550400835731382
0.2857142857142857,5.9918367346938775,-1.531518784588762,-1.703778244635164,0.8447727820244487
0.2857142857142857,6.13265306122449,-1.4759591527181402,-1.6713789521755307,0.9301094868228252
0.2857142857142857,6.273469387755102,-1.4237426399709907,-1.6414817676588587,1.0117460705773222
0.2857142857142857,6.414285714285714,-1.3745061602733875,-1.6137021705093606,1.0902533120311462
0.2857142857142857,6.555102040816326,-1.3279420608191355,-1.5876909015192564,1.1661074110130651
0.2857142857142857,6.6959183673469385,-1.2837876944948252,-1.5631255124266155,1.2397120380935658
0.2857142857142857,6.836734693877551,-1.2418172797893328,-1.5397033177342587,1.3114146874125878
0.2857142857142857,6.977551020408163,-1.2018354885161395,-1.517135500070626,1.3815188669973226
0.2857142857142857,7.118367346938776,-1.163672351162928,-1.4951423046426888,1.4502935560458141
0.2857142857142857,7.259183673469387,-1.1271791752359477,-1.4734492206621,1.5179804832802748
0.2857142857142857,7.4,-1.0922252516067896,-1.4517840710439278,1.5848001910478307
0.3061224489795918,0.5,-1.0767299263220105,0.3797592040614656,0.7990135362619918
0.3061224489795918,0.6408163265306123,-1.112964689920471,0.25929004319879856,0.7782254341392996
0.3061224489795918,0.7816326530612245,-1.1507133171777049,0.14291375593990427,0.7557810952552234
0.3061224489795918,0.9224489795918367,-1.1901141193158042,0.030004639604200984,0.7316405039457227
0.3061224489795918,1.063265306122449,-1.231322569438016,-0.08007726136684894,0.7057282934487784
0.3061224489795918,1.2040816326530612,-1.274515002252802,-0.18795473282190892,0.6779358938176032
0.3061224489795918,1.3448979591836734,-1.3198930218659943,-0.29422591635991846,0.6481213391530596
0.3061224489795918,1.4857142857142858,-1.3676888861197507,-0.3994672384390579,0.6161069997903919
0.3061224489795918,1.626530612244898,-1.4181722045946072,-0.504241134918352,0.5816752568948992
0.3061224489795918,1.76734693877551,-1.4716583893359818,-0.6091062317053796,0.5445618651370928
0.3061224489795918,1.9081632653061225,-1.5285194454233244,-0.714629040452579,0.504446500418739
0.3061224489795918,2.0489795918367344,-1.5891978938863731,-0.8213968810924925,0.4609396091143325
0.3061224489795918,2.1897959183673468,-1.6542248986909118,-0.9300320432814574,0.41356419938485267
0.3061224489795918,2.330612244897959,-1.7242440289780538,-1.041207036969862,0.36173040195883643
0.3061224489795918,2.4714285714285715,-1.8000424969217954,-1.1556604108244115,0.3046993353170342
0.3061224489795918,2.6122448979591835,-1.882592008501925,-1.2742112952649955,0.2415307227378915
0.3061224489795918,2.753061224489796,-1.9731009784267293,-1.3977674198775605,0.17100448302666552
0.3061224489795918,2.8938775510204082,-2.0730769799708195,-1.527314631923279,0.0915000410385976
0.3061224489795918,3.03469387755102,-2.1843872123248462,-1.6638574999766422,0.0008014876724047197
0.3061224489795918,3.1755102040816325,-2.309267481668104,-1.8082417216842357,-0.10423206058045804
0.3061224489795918,3.316326530612245,-2.4501085021787357,-1.9606965217963341,-0.22826218415706587
0.3061224489795918,3.457142857142857,-2.6084553824273526,-2.1197459117680224,-0.37864066659022494
0.3061224489795918,3.5979591836734692,-2.781461703602439,-2.279859268726221,-0.5679771901420267
0.3061224489795918,3.7387755102040816,-2.951471158417423,-2.4274183087184413,-0.820762428588775
0.3061224489795918,3.8795918367346935,-3.067841181670331,-2.537799299347991,-1.1954677374123464
0.3061224489795918,4.020408163265306,-3.0631176755962786,-2.58405535562224,-1.9082349969754921
0.3061224489795918,4.161224489795918,-2.9409997490124833,-2.5600997701404222,-2.8956314979895708
0.3061224489795918,4.302040816326531,-2.770339985969337,-2.4874752509680977,-1.45069467932107
0.3061224489795918,4.442857142857143,-2.59892742799444,-2.393925752739521,-0.919714626483367
0.3061224489795918,4.5836734693877546,-2.4427110509963845,-2.297514327041251,-0.5815815060568228
0.3061224489795918,4.724489795918367,-2.303970152628083,-2.2065202280971508,-0.3300967466435265
0.3061224489795918,4.865306122448979,-2.1810240599907575,-2.1237415194210785,-0.12798575390421532
0.3061224489795918,5.006122448979592,-2.0714756395082716,-2.04953234289583,0.042260136101648964
0.3061224489795918,5.146938775510204,-1.9731147686741077,-1.9833053691050855,0.19028567835536306
0.3061224489795918,5.2877551020408164,-1.88410359399017,-1.9241846577890627,0.32197760693489574
0.3061224489795918,5.428571428571429,-1.8029601808139823,-1.8712682340091646,0.4411978524957926
0.3061224489795918,5.56938775510204,-1.7284969363713876,-1.8237239367754554,0.5506205103979329
0.3061224489795918,5.710204081632653,-1.6597587362936568,-1.7808154889446937,0.6521767164858235
0.3061224489795918,5.851020408163265,-1.5959715972597266,-1.7419013190384753,0.7473093619878622
0.3061224489795918,5.9918367346938775,-1.5365026350901714,-1.7064235620049102,0.8371273754379459
0.3061224489795918,6.13265306122449,-1.4808294790957837,-1.673894623724494,0.9225037861918335
0.3061224489795918,6.273469387755102,-1.4285170161591625,-1.6438841570752285,1.0041405061345607
0.3061224489795918,6.414285714285714,-1.3791996570839506,-1.6160074560385889,1.0826125573071261
0.3061224489795918,6.555102040816326,-1.332567725757426,-1.5899154883613849,1.1583990634715593
0.3061224489795918,6.6959183673469385,-1.2883569277700735,-1.5652864615936397,1.2319055773426126
0.3061224489795918,6.836734693877551,-1.246340131735639,-1.5418187911564742,1.3034806951271862
0.3061224489795918,6.977551020408163,-1.2063208963686098,-1.5192252167072855,1.3734283536740823
0.3061224489795918,7.118367346938776,-1.1681283294312101,-1.4972280073749444,1.4420173695222638
0.3061224489795918,7.259183673469387,-1.1316129699319617,-1.4755551395748112,1.5094888195914704
0.3061224489795918,7.4,-1.0966434656177277,-1.453937390934959,1.5760620433929364
0.32653061224489793,0.5,-1.0766345738845071,0.3800670929998866,0.7990657996513587
0.32653061224489793,0.6408163265306123,-1.1128278697417218,0.2597038680991481,0.7783038749550406
0.32653061224489793,0.7816326530612245,-1.15052839969336,0.1434378221760884,0.7558910915039654
0.32653061224489793,0.9224489795918367,-1.1898739831742895,0.030643134001822288,0.7317878754022006
0.32653061224489793,1.063265306122449,-1.2310193917956245,-0.07931961768240037,0.7059194800427273
0.32653061224489793,1.2040816326530612,-1.2741400362506623,-0.18707223401383796,0.6781781543910864
0.32653061224489793,1.3448979591836734,-1.3194363450132576,-0.2932115194248149,0.648422981759964
0.32653061224489793,1.4857142857142858,-1.3671391022307842,-0.3983122420213603,0.6164776587116721
0.32653061224489793,1.626530612244898,-1.4175160787532295,-0.5029348422437823,0.5821262359908327
0.32653061224489793,1.76734693877551,-1.4708803897812848,-0.6076355608102987,0.545106575185085
0.32653061224489793,1.9081632653061225,-1.5276011577240158,-0.7129780466554877,0.5051010282669092
0.32653061224489793,2.0489795918367344,-1.5881172603615308,-0.8195461585479623,0.46172347508393935
0.32653061224489793,2.1897959183673468,-1.6529552185244212,-0.9279579674335908,0.414501385836704
0.32653061224489793,2.330612244897959,-1.7227526309345855,-1.0388807999580216,0.36285078218800915
0.32653061224489793,2.4714285714285715,-1.7982889677590985,-1.153046846914038,0.30604070796073446
0.32653061224489793,2.6122448979591835,-1.880525834528409,-1.2712674702518578,0.24314178702911043
0.32653061224489793,2.753061224489796,-1.9706584677893102,-1.3944411576045026,0.17294934126510794
0.32653061224489793,2.8938775510204082,-2.070177492992741,-1.5235434471660738,0.09386525599674173
0.32653061224489793,3.03469387755102,-2.1809294107813586,-1.6595693715165292,0.0037076863833873427
0.32653061224489793,3.1755102040816325,-2.305128759658539,-1.803361499077299,-0.10061003735401909
0.32653061224489793,3.316326530612245,-2.4451591563121657,-1.9551676755866614,-0.22365769823672968
0.32653061224489793,3.457142857142857,-2.6026271200675186,-2.1135904534673626,-0.3726184185448213
0.32653061224489793,3.5979591836734692,-2.774994559856871,-2.273318745562527,-0.5597547698341571
0.32653061224489793,3.7387755102040816,-2.9456033910032406,-2.4212004377232503,-0.8087114077254827
0.32653061224489793,3.8795918367346935,-3.0655980880298954,-2.5332122913680886,-1.1752161363530245
0.32653061224489793,4.020408163265306,-3.0669383203799514,-2.5823808063305242,-1.858665064456028
0.32653061224489793,4.161224489795918,-2.9489752999043,-2.5614353959104905,-3.0899342341896894
0.32653061224489793,4.302040816326531,-2.779503517405943,-2.4908216027410326,-1.4875679057442035
0.32653061224489793,4.442857142857143,-2.6078800268905495,-2.3982165283651793,-0.9414134442286691
0.32653061224489793,4.5836734693877546,-2.4510643688954885,-2.302081920733947,-0.5976065243453044
0.32653061224489793,4.724489795918367,-2.3116957579887347,-2.2110339651542206,-0.34319073531188055
0.32653061224489793,4.865306122448979,-2.188192762985933,-2.128059889945524,-0.139316993606721
0.32653061224489793,5.006122448979592,-2.078174061465222,-2.053606018045244,0.032084429294684066
0.32653061224489793,5.146938775510204,-1.9794217460160661,-1.9871270149902647,0.1809080378299321
0.32653061224489793,5.2877551020408164,-1.8900853317711992,-1.927765045909278,0.31316848650076284
0.32653061224489793,5.428571428571429,-1.8086709063893855,-1.8746251594361907,0.43279987557131255
0.32653061224489793,5.56938775510204,-1.7339808603981914,-1.8268772224802448,0.5425199872883988
0.32653061224489793,5.710204081632653,-1.6650520418072163,-1.7837848477863614,0.6442878013579403
0.32653061224489793,5.851020408163265,-1.6011041225113085,-1.7447055687227047,0.7395646997698374
0.32653061224489793,5.9918367346938775,-1.5414992124808073,-1.7090804797811927,0.8294722410940911
0.32653061224489793,6.13265306122449,-1.4857109769328896,-1.676421103145856,0.9148922579923192
0.32653061224489793,6.273469387755102,-1.4333011442628525,-1.6462965123457816,0.9965328561207907
0.32653061224489793,6.414285714285714,-1.3839015904586935,-1.6183217897525386,1.0749734100878754
0.32653061224489793,6.555102040816326,-1.3372005901063237,-1.5921480940050932,1.1506960645926583
0.32653061224489793,6.6959183673469385,-1.292932179906501,-1.5674542467822885,1.2241083500595205
0.32653061224489793,6.836734693877551,-1.2508678601082062,-1.5439397082891282,1.2955600472795605
0.32653061224489793,6.977551020408163,-1.2108100602955965,-1.521318713137704,1.3653556033409984
0.32653061224489793,7.118367346938776,-1.1725869512641045,-1.499315478984141,1.4337637686523312
0.32653061224489793,7.259183673469387,-1.136048290503273,-1.47766038401459,1.5010250611897853
0.32653061224489793,7.4,-1.1010620705067582,-1.4560870606981489,1.5673577376379684
0.3469387755102041,0.5,-1.0765392714260398,0.380374863997234,0.7991180281425635
0.3469387755102041,0.6408163265306123,-1.1126911357946054,0.260117516702941,0.7783822538363997
0.3469387755102041,0.7816326530612245,-1.150343617648239,0.14396164592144284,0.7560009882494835
0.3469387755102041,0.9224489795918367,-1.189634047575816,0.03128130896703476,0.731935096671257
0.3469387755102041,1.063265306122449,-1.2307164996641289,-0.07856238603055184,0.7061104491346488
0.3469387755102041,1.2040816326530612,-1.273765465842759,-0.18619026178231585,0.6784201088057766
0.3469387755102041,1.3448979591836734,-1.3189802058538773,-0.2921977935093026,0.6487242019329487
0.3469387755102041,1.4857142857142858,-1.366590039218969,-0.39715810102947197,0.6168477429392755
0.3469387755102041,1.626530612244898,-1.4168609100306762,-0.5016296420253061,0.582576440929406
0.3469387755102041,1.76734693877551,-1.4701036525663052,-0.6061662882489609,0.5456502492196512
0.3469387755102041,1.9081632653061225,-1.526684527916254,-0.7113288470137016,0.5057541750375137
0.3469387755102041,2.0489795918367344,-1.5870387995084556,-0.8176977435971278,0.46250550274729585
0.3469387755102041,2.1897959183673468,-1.6516883844968242,-0.9258868650267477,0.415436123596118
0.3469387755102041,2.330612244897959,-1.7212649654441754,-1.0365584100718577,0.3639678909844374
0.3469387755102041,2.4714285714285715,-1.796540345412046,-1.1504382697373166,0.30737768646317126
0.3469387755102041,2.6122448979591835,-1.8784661322691343,-1.26833012344032,0.24474690130257792
0.3469387755102041,2.753061224489796,-1.9682245218595105,-1.3911233186193646,0.17488605091707854
0.3469387755102041,2.8938775510204082,-2.067289361387006,-1.5197831888902307,0.09621913840883295
0.3469387755102041,3.03469387755102,-2.1774866101799804,-1.6552952770976945,0.006597794635234192
0.3469387755102041,3.1755102040816325,-2.3010094822041696,-1.7984988182435022,-0.09701151014253362
0.3469387755102041,3.316326530612245,-2.440233462714247,-1.9496592769365675,-0.21908887846030578
0.3469387755102041,3.457142857142857,-2.5968217852485322,-2.1074545567295315,-0.3666533973869817
0.3469387755102041,3.5979591836734692,-2.768528092120751,-2.2667850762527832,-0.5516321908388802
0.3469387755102041,3.7387755102040816,-2.9396514707569605,-2.414951322368089,-0.7968603966557883
0.3469387755102041,3.8795918367346935,-3.0631171327720437,-2.528528509712283,-1.1554877166410467
0.3469387755102041,4.020408163265306,-3.070501135587906,-2.580560452916317,-1.8119244195178759
0.3469387755102041,4.161224489795918,-2.956842938742232,-2.5626391841483116,-3.3395892405471184
0.3469387755102041,4.302040816326531,-2.7886654795096075,-2.49408624773525,-1.5259285711823165
0.3469387755102041,4.442857142857143,-2.6168687204713605,-2.402469538008756,-0.9635787709881095
0.3469387755102041,4.5836734693877546,-2.459461389209737,-2.306638609977501,-0.6138634767531064
0.3469387755102041,4.724489795918367,-2.3194629776480817,-2.2155509645865865,-0.35642552565046737
0.3469387755102041,4.865306122448979,-2.195398541216089,-2.13238846533022,-0.15074352883244513
0.3469387755102041,5.006122448979592,-2.0849048644046184,-2.0576930100072466,0.021839800501872748
0.3469387755102041,5.146938775510204,-1.985756896514321,-1.9909631402765287,0.17147843051398623
0.3469387755102041,5.2877551020408164,-1.896091628880784,-1.9313600921477623,0.30431918192349755
0.3469387755102041,5.428571428571429,-1.8144031184138156,-1.8779964270693004,0.4243704277933137
0.3469387755102041,5.56938775510204,-1.7394836491608043,-1.8300442973469762,0.5343947932178623
0.3469387755102041,5.710204081632653,-1.6703619537729641,-1.7867673299676288,0.6363797818955546
0.3469387755102041,5.851020408163265,-1.6062512844320438,-1.7475222213539963,0.7318056924131369
0.3469387755102041,5.9918367346938775,-1.5465086841245852,-1.7117490469457213,0.8218069972508264
0.3469387755102041,6.13265306122449,-1.4906038048365364,-1.6789584449843413,0.9072745314959326
0.3469387755102041,6.273469387755102,-1.4380951770083947,-1.6487188948470695,0.9889227442297599
0.3469387755102041,6.414285714285714,-1.3886121098605537,-1.620645242134623,1.067335479470135
0.3469387755102041,6.555102040816326,-1.341840802501914,-1.5943888026949473,1.1429979963293329
0.3469387755102041,6.6959183673469385,-1.2975136009938115,-1.5696289683328506,1.216319903898592
0.3469387755102041,6.836734693877551,-1.255400618731131,-1.546066193560578,1.2876522390074057
0.3469387755102041,6.977551020408163,-1.215303140217655,-1.5234161436044311,1.3573000616786275
0.3469387755102041,7.118367346938776,-1.1770483850841105,-1.5014049189346963,1.4255320998456953
0.3469387755102041,7.259183673469387,-1.1404853166796014,-1.479765205734339,1.492588466948973
0.3469387755102041,7.4,-1.1054812598557555,-1.4582334088211335,1.5586863862725255
0.36734693877551017,0.5,-1.0764440189240045,0.38068251705732165,0.7991702217551352
0.36734693877551017,0.6408163265306123,-1.112554488031844,0.26053098900368177,0.7784605708246264
0.36734693877551017,0.7816326530612245,-1.15015897095234,0.14448522716594178,0.7561107855706024
0.36734693877551017,0.9224489795918367,-1.1893943123586648,0.03191916446346868,0.732082167894777
0.36734693877551017,1.063265306122449,-1.2304138927650858,-0.07780556637159916,0.7063012009695199
0.36734693877551017,1.2040816326530612,-1.2733912905654945,-0.18530881591108736,0.6786617574714974
0.36734693877551017,1.3448979591836734,-1.3185246036367413,-0.29118473814569695,0.649025000340506
0.36734693877551017,1.4857142857142858,-1.3660416958944803,-0.39600481457530934,0.6172172535413925
0.36734693877551017,1.626530612244898,-1.4162066965763391,-0.5003255326953342,0.5830258733892955
0.36734693877551017,1.76734693877551,-1.4693281748541838,-0.6046984114195012,0.5461928898481383
0.36734693877551017,1.9081632653061225,-1.5257695516990413,-0.7096814374682018,0.5064059447443866
0.36734693877551017,2.0489795918367344,-1.585962504860172,-0.8158516299969117,0.46328569825208
0.36734693877551017,2.1897959183673468,-1.6504243869402095,-0.9238187290205613,0.4163684220721171
0.36734693877551017,2.330612244897959,-1.7197810181180966,-1.0342398528865007,0.3650817427583056
0.36734693877551017,2.4714285714285715,-1.7947966085361724,-1.1478346578124368,0.3087102930465847
0.36734693877551017,2.6122448979591835,-1.8764128702047338,-1.2653992231367295,0.24634610019050757
0.36734693877551017,2.753061224489796,-1.9657990945289778,-1.3878138591440135,0.17681466700976056
0.36734693877551017,2.8938775510204082,-2.064412519181142,-1.5160337918230717,0.0985617770175229
0.36734693877551017,3.03469387755102,-2.1740587215007006,-1.6510351293501317,0.009471960499196781
0.36734693877551017,3.1755102040816325,-2.2969095488793942,-1.7936535782029772,-0.09343622138980871
0.36734693877551017,3.316326530612245,-2.4353313851203326,-1.944171260677348,-0.21455525009259546
0.36734693877551017,3.457142857142857,-2.591039720364861,-2.1013383640628525,-0.36074465322015253
0.36734693877551017,3.5979591836734692,-2.7620640755072485,-2.260258983739938,-0.5436073574931656
0.36734693877551017,3.7387755102040816,-2.933620595906049,-2.4086730592289003,-0.7852033768947989
0.36734693877551017,3.8795918367346935,-3.060403575155781,-2.5237509718745335,-1.1362574730107602
0.36734693877551017,4.020408163265306,-3.0738008519080346,-2.5785954281445504,-1.7677152218715684
0.36734693877551017,4.161224489795918,-2.964595273385376,-2.5637093427182402,-3.6897972613984256
0.36734693877551017,4.302040816326531,-2.797822597937912,-2.497266556014664,-1.5659084149817388
0.36734693877551017,4.442857142857143,-2.6258926728395395,-2.406682774668173,-0.9862333090763441
0.36734693877551017,4.5836734693877546,-2.4679021653186486,-2.3111831643292713,-0.6303603779007758
0.36734693877551017,4.724489795918367,-2.3272721282970275,-2.2200705500229803,-0.36980497219730046
0.36734693877551017,4.865306122448979,-2.2026417598100956,-2.1367268739735517,-0.16226759966893442
0.36734693877551017,5.006122448979592,-2.091668395026463,-2.061793128646992,0.011524794031558924
0.36734693877551017,5.146938775510204,-1.9921205313915016,-1.994813657825414,0.16199582365042864
0.36734693877551017,5.2877551020408164,-1.9021227607611697,-1.9349697728923119,0.2954289244935409
0.36734693877551017,5.428571428571429,-1.8201570607334019,-1.8813820407707045,0.4159088907746904
0.36734693877551017,5.56938775510204,-1.745005520550258,-1.833225184768477,0.5262444119339591
0.36734693877551017,5.710204081632653,-1.675688669295107,-1.789762970338182,0.6284522082368517
0.36734693877551017,5.851020408163265,-1.6114132638611136,-1.7503513194232423,0.7240319321065741
0.36734693877551017,5.9918367346938775,-1.5515312184687982,-1.7144293118565603,0.8141312602273492
0.36734693877551017,6.13265306122449,-1.4955081221925788,-1.6815067032226656,0.8996502332541848
0.36734693877551017,6.273469387755102,-1.4428992676278936,-1.6511513652677436,0.9813097946139646
0.36734693877551017,6.414285714285714,-1.3933313649772245,-1.6229778827977792,1.0596983762466834
0.36734693877551017,6.555102040816326,-1.346488511479245,-1.5966376958168147,1.1353044445457299
0.36734693877551017,6.6959183673469385,-1.3021013407282902,-1.5718107250802174,1.2085397893737777
0.36734693877551017,6.836734693877551,-1.2599385607026083,-1.5481983689561982,1.2797567720778575
0.36734693877551017,6.977551020408163,-1.2198002948747242,-1.5255176670504227,1.3492611284824303
0.36734693877551017,7.118367346938776,-1.1815127977465634,-1.5034965219322765,1.4173217213990186
0.36734693877551017,7.259183673469387,-1.1449242255648242,-1.48186986308691,1.4841782560043724
0.36734693877551017,7.4,-1.1099012245190312,-1.4603767548191748,1.5500471221890602
0.3877551020408163,0.5,-1.0763488163558486,0.3809900522259491,0.7992223805087021
0.3877551020408163,0.6408163265306123,-1.1124179264061735,0.26094428499496536,0.7785388259609711
0.3877551020408163,0.7816326530612245,-1.149974459515716,0.14500856589963512,0.756220483546072
0.3877551020408163,0.9224489795918367,-1.1891547773613218,0.03255670048992122,0.7322290892144668
0.3877551020408163,1.063265306122449,-1.2301115708204982,-0.07704915862998624,0.7064917357919401
0.3877551020408163,1.2040816326530612,-1.2730175099560959,-0.18442789618484226,0.6789031007972975
0.3877551020408163,1.3448979591836734,-1.3180695376123628,-0.290172352866642,0.6493253776495741
0.3877551020408163,1.4857142857142858,-1.3654940710705734,-0.3948523817745026,0.6175861915832489
0.3877551020408163,1.626530612244898,-1.4155534365451727,-0.499022512699212,0.5834745350438992
0.3877551020408163,1.76734693877551,-1.4685539538179428,-0.6032319277087883,0.5467344996680447
0.3877551020408163,1.9081632653061225,-1.5248562247881683,-0.7080358139792512,0.507056341384019
0.3877551020408163,2.0489795918367344,-1.5848883699781404,-0.8140078115133121,0.4640640677155646
0.3877551020408163,2.1897959183673468,-1.6491632162339336,-0.921753549650504,0.41729829061184304
0.3877551020408163,2.330612244897959,-1.7183007746456855,-1.031925114065205,0.366192351827189
0.3877551020408163,2.4714285714285715,-1.7930577359136162,-1.1452359898019002,0.31003854977073597
0.3877551020408163,2.6122448979591835,-1.8743660170158378,-1.2624747379023835,0.24793941803359626
0.3877551020408163,2.753061224489796,-1.9633821399695235,-1.3845127288988917,0.17873524344404731
0.3877551020408163,2.8938775510204082,-2.061546900793039,-1.5122951912003373,0.10089325956520358
0.3877551020408163,3.03469387755102,-2.170645656009419,-1.6467888414606664,0.012330330065466383
0.3877551020408163,3.1755102040816325,-2.29282885845985,-1.7888256780292662,-0.08988391764911671
0.3877551020408163,3.316326530612245,-2.4304528813459427,-1.938703559733045,-0.21005634762081846
0.3877551020408163,3.457142857142857,-2.5852812419070195,-2.095242007489623,-0.35489125690712936
0.3877551020408163,3.5979591836734692,-2.755604197499404,-2.2537412800425143,-0.535678169532507
0.3877551020408163,3.7387755102040816,-2.9275158263868755,-2.402367397653121,-0.7737350362344897
0.3877551020408163,3.8795918367346935,-3.0574629631693804,-2.518882663097066,-1.1175022205835834
0.3877551020408163,4.020408163265306,-3.076832609870377,-2.576487013369842,-1.725784234662494
0.3877551020408163,4.161224489795918,-2.9722247265718504,-2.5646441882086113,-4.28294658354006
0.3877551020408163,4.302040816326531,-2.8069714057789144,-2.500359898993165,-1.6076575574206933
0.3877551020408163,4.442857142857143,-2.634950967737734,-2.410854188477772,-1.0094014420265462
0.3877551020408163,4.5836734693877546,-2.4763867246837776,-2.315714314512904,-0.647105654710249
0.3877551020408163,4.724489795918367,-2.335123520477682,-2.224592003348456,-0.3833330992891094
0.3877551020408163,4.865306122448979,-2.2099227847967513,-2.1410747276042335,-0.17389151916178872
0.3877551020408163,5.006122448979592,-2.0984650029203014,-2.065906173844936,0.0011379145921143088
0.3877551020408163,5.146938775510204,-1.998512965062649,-1.9986784728718117,0.1524591656308011
0.3877551020408163,5.2877551020408164,-1.9081790066284119,-1.9385940982778687,0.28649695997300734
0.3877551020408163,5.428571428571429,-1.8259329797647343,-1.8847820017667163,0.4074146354318119
0.3877551020408163,5.56938775510204,-1.7505466946211847,-1.8364199065179692,0.5180683197757077
0.3877551020408163,5.710204081632653,-1.6810323872609283,-1.7927718029728468,0.6205046254203254
0.3877551020408163,5.851020408163265,-1.6165902430681278,-1.7531929046144223,0.716243007598464
0.3877551020408163,5.9918367346938775,-1.556566985068002,-1.7171213219882737,0.8064446439357958
0.3877551020408163,6.13265306122449,-1.50042408920429,-1.684065931228051,0.8920189887313889
0.3877551020408163,6.273469387755102,-1.4477135698899808,-1.6535939836102103,0.9736936317655782
0.3877551020408163,6.414285714285714,-1.3980595057519207,-1.6253197804497193,1.0520617127703125
0.3877551020408163,6.555102040816326,-1.3511438655710666,-1.5988948539707317,1.127615003995866
0.3877551020408163,6.6959183673469385,-1.3066955484675935,-1.5739996141986672,1.2007675614040112
0.3877551020408163,6.836734693877551,-1.2644818384440848,-1.5503363541160249,1.271873154537598
0.3877551020408163,6.977551020408163,-1.224301682024705,-1.5276234296474216,1.341238276002926
0.3877551020408163,7.118367346938776,-1.1859803546106678,-1.5055904780840987,1.409132003054117
0.3877551020408163,7.259183673469387,-1.1493651928335111,-1.483974593110773,1.475793725184166
0.3877551020408163,7.4,-1.1143221527363782,-1.4625174095359408,1.5414390979712274
0.4081632653061224,0.5,-1.0762536636989806,0.3812974695072319,0.7992745044228117
0.4081632653061224,0.6408163265306123,-1.1122814508703418,0.26135740467047985,0.7786170192866478
0.4081632653061224,0.7816326530612245,-1.1497900832484733,0.1455316621126285,0.756330082254605
0.4081632653061224,0.9224489795918367,-1.188915442422446,0.033193917056318245,0.7323758607718618
0.4081632653061224,1.063265306122449,-1.2298095335527517,-0.07629316273050889,0.70668205384612
0.4081632653061224,1.2040816326530612,-1.272644123552611,-0.18354750238921366,0.6791441391914433
0.4081632653061224,1.3448979591836734,-1.3176150070328843,-0.2891606372066636,0.6496253345255384
0.4081632653061224,1.4857142857142858,-1.3649471635635668,-0.3937008017463516,0.6179545581271075
0.4081632653061224,1.626530612244898,-1.4149011280976453,-0.49772058054064616,0.5839224275626886
0.4081632653061224,1.76734693877551,-1.467780986639591,-0.6017668347470196,0.5472750812675736
0.4081632653061224,1.9081632653061225,-1.523944542916128,-0.7063919725262677,0.5077053689356538
0.4081632653061224,2.0489795918367344,-1.5838163884521452,-0.8121662819163195,0.4648406172248204
0.4081632653061224,2.1897959183673468,-1.647904862806284,-0.9196913174153206,0.4182257385115388
0.4081632653061224,2.330612244897959,-1.71682422079386,-1.0296141793586095,0.36729973241670877
0.4081632653061224,2.4714285714285715,-1.7913237064522969,-1.1426422445089188,0.3113624785319202
0.4081632653061224,2.6122448979591835,-1.8723255415818618,-1.2595566365171076,0.24952688888265753
0.4081632653061224,2.753061224489796,-1.960973612669914,-1.3812198848042923,0.18064783418092334
0.4081632653061224,2.8938775510204082,-2.058692441031893,-1.5085673227456042,0.10321367279018757
0.4081632653061224,3.03469387755102,-2.1672473252726636,-1.642556327175863,0.015173047478672765
0.4081632653061224,3.1755102040816325,-2.2887673089970244,-1.7840150168784366,-0.08635434949997822
0.4081632653061224,3.316326530612245,-2.425597903606162,-1.9332561042256613,-0.20559171452889827
0.4081632653061224,3.457142857142857,-2.5795466416455084,-2.0891656075010463,-0.3490923019036811
0.4081632653061224,3.5979591836734692,-2.7491500642008586,-2.2472327913444143,-0.5278424376504247
0.4081632653061224,3.7387755102040816,-2.9213420824364285,-2.3960368945969317,-0.762448980072064
0.4081632653061224,3.8795918367346935,-3.054301105331566,-2.5139265642836834,-1.0992003502606182
0.4081632653061224,4.020408163265306,-3.0795919890521932,-2.57423662353171,-1.685914399165106
0.4081632653061224,4.161224489795918,-2.979723548630361,-2.565442151050332,-7.527700048570018
0.4081632653061224,4.302040816326531,-2.8161082392841417,-2.503363642138195,-1.6513475655712273
0.4081632653061224,4.442857142857143,-2.644042603806729,-2.4149816875311725,-1.0331094049934502
0.4081632653061224,4.5836734693877546,-2.4849150669617655,-2.3202307513985074,-0.6641081751224869
0.4081632653061224,4.724489795918367,-2.343017458195312,-2.2291145788332067,-0.39701409875470806
0.4081632653061224,4.865306122448979,-2.217241982891839,-2.145431620420333,-0.18561767659292652
0.4081632653061224,5.006122448979592,-2.105295040512394,-2.0700319346562486,-0.00932237495267098
0.4081632653061224,5.146938775510204,-2.00493451519967,-2.0025574852645573,0.1428673824834652
0.4081632653061224,5.2877551020408164,-1.9142606444374963,-1.9422328818119938,0.27752234119041785
0.4081632653061224,5.428571428571429,-1.8317311245523333,-1.8881963088419191,0.39888702227575135
0.4081632653061224,5.56938775510204,-1.7561073936261171,-1.8396284823340425,0.509865985435817
0.4081632653061224,5.710204081632653,-1.6863933083642269,-1.7957938602610632,0.6125365731283643
0.4081632653061224,5.851020408163265,-1.621782405785725,-1.756047017788617,0.7084385040528264
0.4081632653061224,5.9918367346938775,-1.5616161546162497,-1.7198251240694575,0.7987467599192265
0.4081632653061224,6.13265306122449,-1.5053518669241233,-1.6866361817438174,0.8843804224355214
0.4081632653061224,6.273469387755102,-1.4525382381307432,-1.6560468091927096,0.966073880398273
0.4081632653061224,6.414285714285714,-1.4027966824180578,-1.6276710029616,1.0444251028264306
0.4081632653061224,6.555102040816326,-1.3558070132992361,-1.601160356833742,1.1199292668678291
0.4081632653061224,6.6959183673469385,-1.3112963732697425,-1.5761957312316568,1.1930027792000415
0.4081632653061224,6.836734693877551,-1.2690306037470287,-1.552480266404978,1.2640009005530113
0.4081632653061224,6.977551020408163,-1.228807458394395,-1.5297335781542474,1.3332309594558007
0.4081632653061224,7.118367346938776,-1.1904512196092356,-1.5076869730470084,1.4009623256054782
0.4081632653061224,7.259183673469387,-1.153808391992343,-1.4860796320168357,1.4674341617450088
0.4081632653061224,7.4,-1.1187442302439883,-1.464655675462224,1.53286148511271
0.42857142857142855,0.5,-1.0761585609307387,0.38160476885429323,0.7993265935168762
0.42857142857142855,0.6408163265306123,-1.1121450613771102,0.26177034802401217,0.7786951508428661
0.42857142857142855,0.7816326530612245,-1.1496058420607715,0.14605451579509396,0.7564395817748514
0.42857142857142855,0.9224489795918367,-1.1886763073808517,0.033830814172523295,0.7325224827083415
0.42857142857142855,1.063265306122449,-1.22950778068461,-0.07553757859834377,0.7068721553759254
0.42857142857142855,1.2040816326530612,-1.2722711308939036,-0.18266763431078248,0.679384873061433
0.42857142857142855,1.3448979591836734,-1.3171610111520782,-0.28814959070224644,0.649924871632236
0.42857142857142855,1.4857142857142858,-1.3644009721928336,-0.3925500736138179,0.6183223542322794
0.42857142857142855,1.626530612244898,-1.4142497693997598,-0.4964197346930707,0.5843695526086089
0.42857142857142855,1.76734693877551,-1.4670092705112712,-0.6003031300124756,0.5478146372247579
0.42857142857142855,1.9081632653061225,-1.523034501832034,-0.7047499091077305,0.5083530313613984
0.42857142857142855,2.0489795918367344,-1.5827465539000485,-0.8103270350077559,0.4656153528369445
0.42857142857142855,2.1897959183673468,-1.6466493171322372,-0.9176320229011415,0.41915077501527914
0.42857142857142855,2.330612244897959,-1.7153513424066231,-1.027307034603969,0.3684038986612219
0.42857142857142855,2.4714285714285715,-1.7895944991851263,-1.1400534008787018,0.31268210106702043
0.42857142857142855,2.6122448979591835,-1.8702914129798442,-1.2566448879857812,0.25110854650202735
0.42857142857142855,2.753061224489796,-1.9585734674096356,-1.3779352818464348,0.1825524924644832
0.42857142857142855,2.8938775510204082,-2.0558490750993355,-1.5048501226849125,0.10552310246073038
0.42857142857142855,3.03469387755102,-2.163863641171521,-1.6383375008038692,0.018000254972106666
0.42857142857142855,3.1755102040816325,-2.2847247978893543,-1.7792214940239826,-0.08284727145964213
0.42857142857142855,3.316326530612245,-2.420766398817553,-1.927828821882029,-0.20116090308653026
0.42857142857142855,3.457142857142857,-2.5738361877634666,-2.0831092734579277,-0.3433469035465853
0.42857142857142855,3.5979591836734692,-2.7427031982136754,-2.240734122053491,-0.5200983139882052
0.42857142857142855,3.7387755102040816,-2.915104138006584,-2.389683177279408,-0.7513403938661645
0.42857142857142855,3.8795918367346935,-3.0509240422474946,-2.508885647329633,-1.0813316891378733
0.42857142857142855,4.020408163265306,-3.0820750349953525,-2.5718458012499648,-1.6479182421641516
0.42857142857142855,4.161224489795918,-2.9870838313460153,-2.5661018021500515,-4.328538278896578
0.42857142857142855,4.302040816326531,-2.825229227422676,-2.5062751610088645,-1.6971763293298567
0.42857142857142855,4.442857142857143,-2.6531664896237164,-2.4190631388501296,-1.0573854773013887
0.42857142857142855,4.5836734693877546,-2.49348716197677,-2.3247311255495897,-0.681377279583749
0.42857142857142855,4.724489795918367,-2.350954238214194,-2.2336375026320416,-0.41085233395196014
0.42857142857142855,4.865306122448979,-2.2245997212638957,-2.149797128924446,-0.1974485409539362
0.42857142857142855,5.006122448979592,-2.112158863017171,-2.0741701891169595,-0.01985765492746945
0.42857142857142855,5.146938775510204,-2.011385502686447,-2.006450587641771,0.1332193700936475
0.42857142857142855,5.2877551020408164,-1.9203679604674904,-1.9458861855855707,0.26850433831361026
0.42857142857142855,5.428571428571429,-1.8375517467325866,-1.8916249567089973,0.3903253984850584
0.42857142857142855,5.56938775510204,-1.7616878420433504,-1.8428509300299156,0.5016368671250909
0.42857142857142855,5.710204081632653,-1.691771635150985,-1.7988291736071986,0.6045475855636075
0.42857142857142855,5.851020408163265,-1.6269899372311645,-1.758913698500598,0.7006180023790683
0.42857142857142855,5.9918367346938775,-1.5666788990081968,-1.722540764944853,0.7910372189071804
0.42857142857142855,6.13265306122449,-1.5102916172806804,-1.6892175070599686,0.8767341559047681
0.42857142857142855,6.273469387755102,-1.4573734272846355,-1.6585099006522053,0.958450165303402
0.42857142857142855,6.414285714285714,-1.4075430455290232,-1.630031617360094,1.0367881614828813
0.42857142857142855,6.555102040816326,-1.3604781032222375,-1.6034342828080688,1.112246827767563
0.42857142857142855,6.6959183673469385,-1.315903963934091,-1.5783991701473727,1.185245006042782
0.42857142857142855,6.836734693877551,-1.2735850077696738,-1.5546302215605134,1.2561395253026622
0.42857142857142855,6.977551020408163,-1.2333177797645867,-1.5318482562041056,1.3252386420993614
0.42857142857142855,7.118367346938776,-1.1949255553159257,-1.5097861882753079,1.3928120798719998
0.42857142857142855,7.259183673469387,-1.158253994743433,-1.488185210391325,1.4590988673017735
0.42857142857142855,7.4,-1.1231676403464887,-1.466791846845889,1.5243134720045703
0.44897959183673464,0.5,-1.0760635080285217,0.3819119502714177,0.7993786478103966
0.44897959183673464,0.6408163265306123,-1.112008757879251,0.26218311504944297,0.7787732206708227
0.44897959183673464,0.7816326530612245,-1.149421735862823,0.14657712693727235,0.7565489821854084
0.44897959183673464,0.9224489795918367,-1.188437372075509,0.03446739184833059,0.732668955165146
0.44897959183673464,1.063265306122449,-1.2292063119392165,-0.07478240615902022,0.7070620406248556
0.44897959183673464,1.2040816326530612,-1.2718985315196552,-0.1817882917370635,0.679625302813993
0.44897959183673464,1.3448979591836734,-1.316707549225331,-0.2871392128918059,0.6502239896319602
0.44897959183673464,1.4857142857142858,-1.363855495780791,-0.39140019650351743,0.6186895809551399
0.44897959183673464,1.626530612244898,-1.413599358623011,-0.49511997363576493,0.5848159118392263
0.44897959183673464,1.76734693877551,-1.4662388026347635,-0.5988408109944504,0.5483531701081185
0.44897959183673464,1.9081632653061225,-1.5221260973015418,-0.7031096197410708,0.5089993326063179
0.44897959183673464,2.0489795918367344,-1.5816788599676386,-0.8084900646211042,0.466388280579268
0.44897959183673464,2.1897959183673468,-1.6453965697246267,-0.915575655747634,0.4200734090768943
0.44897959183673464,2.330612244897959,-1.7138821254050998,-1.0250036656011716,0.36950486460468923
0.44897959183673464,2.4714285714285715,-1.7878700932691662,-1.1374694379963175,0.3139974389539684
0.44897959183673464,2.6122448979591835,-1.8682636004831654,-1.2537394615368311,0.2526844243730637
0.44897959183673464,2.753061224489796,-1.9561816592637218,-1.3746588753565887,0.184449271024424
0.44897959183673464,2.8938775510204082,-2.0530167385901286,-1.5011435277304674,0.10782163337540464
0.44897959183673464,3.03469387755102,-2.1604945159148237,-1.6341322772204196,0.020812092905587252
0.44897959183673464,3.1755102040816325,-2.2807012219500384,-1.7744450088762656,-0.0793624419091589
0.44897959183673464,3.316326530612245,-2.415958308887802,-1.9224216382255654,-0.19676347410828096
0.44897959183673464,3.457142857142857,-2.568150125944144,-2.0770731034319048,-0.3376541992444932
0.44897959183673464,3.5979591836734692,-2.736265044929911,-2.2342459308797618,-0.5124438974843709
0.44897959183673464,3.7387755102040816,-2.908806620810698,-2.3833081066509814,-0.7404042325677989
0.44897959183673464,3.8795918367346935,-3.04733801801227,-2.5037628710989215,-1.063877376077324
0.44897959183673464,4.020408163265306,-3.08427828379515,-2.5693162123871396,-1.6116327323268684
0.44897959183673464,4.161224489795918,-2.994297528266838,-2.5666217705705074,-3.7171703411101262
0.44897959183673464,4.302040816326531,-2.8343302852511716,-2.5090918580198807,-1.7453743546178249
0.44897959183673464,4.442857142857143,-2.6623214385111833,-2.42309636950666,-1.0822602006945803
0.44897959183673464,4.5836734693877546,-2.5021029475748717,-2.329214046741738,-0.6989228153450149
0.44897959183673464,4.724489795918367,-2.358934149284842,-2.2381599720602336,-0.424852349436722
0.44897959183673464,4.865306122448979,-2.231996367286666,-2.154170811243414,-0.20938666461609093
0.44897959183673464,5.006122448979592,-2.1190568283768942,-2.0783207036549696,-0.030469550564888023
0.44897959183673464,5.146938775510204,-2.0178662516485963,-2.010357665545071,0.12351399743911762
0.44897959183673464,5.2877551020408164,-1.9265012427505868,-1.9495539761533416,0.25944212694006885
0.44897959183673464,5.428571428571429,-1.8433951007209999,-1.8950679403021633,0.3817291021577506
0.44897959183673464,5.56938775510204,-1.7672882666435343,-1.846087266149109,0.4933804178106995
0.44897959183673464,5.710204081632653,-1.6971675720497326,-1.8018777731042188,0.5965371912469859
0.44897959183673464,5.851020408163265,-1.632213024161758,-1.7617929859446326,0.6927810802927175
0.44897959183673464,5.9918367346938775,-1.5717553913206401,-1.7252682900077918,0.7833156276660074
0.44897959183673464,6.13265306122449,-1.5152435031164644,-1.6918099585453943,0.8690798122450837
0.44897959183673464,6.273469387755102,-1.4622192929149584,-1.660983315961005,0.9508221112711635
0.44897959183673464,6.414285714285714,-1.4122987459915526,-1.6324016898363825,1.029150504980428
0.44897959183673464,6.555102040816326,-1.3651572839709343,-1.6057167091861113,1.104567283730892
0.44897959183673464,6.6959183673469385,-1.3205184690398646,-1.5806100233810165,1.1774938091062717
0.44897959183673464,6.836734693877551,-1.2781452012263064,-1.5567863320470945,1.2482885588625798
0.44897959183673464,6.977551020408163,-1.2378328010258142,-1.5339676044422876,1.3172607948641415
0.44897959183673464,7.118367346938776,-1.1994035230369686,-1.511888298503,1.3846806831134715
0.44897959183673464,7.259183673469387,-1.162702171066524,-1.4902915536755212,1.4507871579502447
0.44897959183673464,7.4,-1.1275925642949898,-1.4689262060222286,1.5157942822054145
0.4693877551020408,0.5,-1.075968504969728,0.38221901376295814,0.7994306673228786
0.4693877551020408,0.6408163265306123,-1.1118725403295509,0.2625957057407288,0.7788512288116926
0.4693877551020408,0.7816326530612245,-1.149237764564892,0.14709949552946727,0.7566582835648125
0.4693877551020408,0.9224489795918367,-1.1881986363455443,0.03510365009347848,0.7328152782833476
0.4693877551020408,1.063265306122449,-1.2289051270400946,-0.07402764533843822,0.7072517098360556
0.4693877551020408,1.2040816326530612,-1.2715263249703619,-0.18090947445650216,0.6798654288550793
0.4693877551020408,1.3448979591836734,-1.3162546205096477,-0.2861295033157064,0.6505226891854664
0.4693877551020408,1.4857142857142858,-1.3633107331528938,-0.39025116954561395,0.6190562393491508
0.4693877551020408,1.626530612244898,-1.4129498939443645,-0.49382129585469575,0.585261506906731
0.4693877551020408,1.76734693877551,-1.4654695802214608,-0.5973798751934425,0.5488906824764913
0.4693877551020408,1.9081632653061225,-1.521219325106763,-0.701471100462581,0.5096442765985234
0.4693877551020408,2.0489795918367344,-1.5806133003284908,-0.8066553646213187,0.46715940644952125
0.4693877551020408,2.1897959183673468,-1.644146611165061,-0.9135222080756632,0.4209936503167784
0.4693877551020408,2.330612244897959,-1.7124165557859021,-1.0227040584021472,0.37060264420149175
0.4693877551020408,2.4714285714285715,-1.7861504679848208,-1.1348903350850008,0.31530851361269957
0.4693877551020408,2.6122448979591835,-1.8662420735603398,-1.2508403266202859,0.2542545556972388
0.4693877551020408,2.753061224489796,-1.953798143601372,-1.3713906210066082,0.18633822208093623
0.4693877551020408,2.8938775510204082,-2.0501953674929387,-1.4974474750886881,0.11010934938953214
0.4693877551020408,3.03469387755102,-2.1571398620514928,-1.6299405718596682,0.023608699787295077
0.4693877551020408,3.1755102040816325,-2.2766964774719343,-1.7696854610203503,-0.0758996230043053
0.4693877551020408,3.316326530612245,-2.4111735709924,-1.9170344766793002,-0.1923989967690437
0.4693877551020408,3.457142857142857,-2.5624886793458113,-2.071057114737782,-0.33201342657085536
0.4693877551020408,3.5979591836734692,-2.7298369745528763,-2.2277688454043845,-0.5048773452816485
0.4693877551020408,3.7387755102040816,-2.902454010253271,-2.376913485799925,-0.7296356613680488
0.4693877551020408,3.8795918367346935,-3.0435494517744024,-2.4985611769830682,-1.0468197503481396
0.4693877551020408,4.020408163265306,-3.0861987840022054,-2.5666496429607735,-1.5769152079456972
0.4693877551020408,4.161224489795918,-3.001356468558451,-2.5670008775949333,-3.3629269433852502
0.4693877551020408,4.302040816326531,-2.8434071104986605,-2.511811136947827,-1.7962104334914384
0.4693877551020408,4.442857142857143,-2.6715061631135164,-2.427079167902272,-1.1077666275024722
0.4693877551020408,4.5836734693877546,-2.510762327351559,-2.3336780837928344,-0.7167551739347974
0.4693877551020408,4.724489795918367,-2.3669574713201063,-2.24268115488671,-0.43901888123975946
0.4693877551020408,4.865306122448979,-2.239432288267405,-2.1585522064064806,-0.22143468720393306
0.4693877551020408,5.006122448979592,-2.1259892971979593,-2.082483233073852,-0.04115973380486567
0.4693877551020408,5.146938775510204,-2.024377089456253,-2.0142785968002976,0.11375010564534242
0.4693877551020408,5.2877551020408164,-1.9326607813536203,-1.9532361893658996,0.2503348326302382
0.4693877551020408,5.428571428571429,-1.8492614436079924,-1.8985252491937354,0.37309745810731165
0.4693877551020408,5.56938775510204,-1.7729088965013289,-1.8493375048178031,0.48509608338375565
0.4693877551020408,5.710204081632653,-1.7025813254065574,-1.804939687493714,0.5885049128330541
0.4693877551020408,5.851020408163265,-1.6374518549020372,-1.7646849185834672,0.6849273117526058
0.4693877551020408,5.9918367346938775,-1.5768458058819148,-1.7280077442762198,0.7755815913330133
0.4693877551020408,6.13265306122449,-1.5202076882141868,-1.6944135868973014,0.8614170137581333
0.4693877551020408,6.273469387755102,-1.4670759912230773,-1.6634671124065041,0.9431893407921057
0.4693877551020408,6.414285714285714,-1.417063935096887,-1.6347812857450854,1.0215117505676525
0.4693877551020408,6.555102040816326,-1.369844704283943,-1.608007712183586,1.0968902341099647
0.4693877551020408,6.6959183673469385,-1.3251400369291095,-1.5828283819190827,1.1697487510302538
0.4693877551020408,6.836734693877551,-1.2827113343053316,-1.5589487086705625,1.240447533212202
0.4693877551020408,6.977551020408163,-1.2423526762285229,-1.5360917606061297,1.3092968960903817
0.4693877551020408,7.118367346938776,-1.2038852827664073,-1.5139934828070674,1.3765675095195598
0.4693877551020408,7.259183673469387,-1.1671530892277626,-1.492398881367812,1.4424983612990085
0.4693877551020408,7.4,-1.1320191804581534,-1.4710590430589454,1.5073031008550597
0.4897959183673469,0.5,-1.075873551731759,0.382525959333366,0.7994826520738293
0.4897959183673469,0.6408163265306123,-1.1117364086808599,0.2630081201329879,0.7789291753066431
0.4897959183673469,0.7816326530612245,-1.1490539280772958,0.1476216215620432,0.7567674859915605
0.4897959183673469,0.9224489795918367,-1.1879601000302387,0.035739588917631744,0.7329614522038888
0.4897959183673469,1.063265306122449,-1.2286042257111407,-0.0732732960628563,0.7074411632523174
0.4897959183673469,1.2040816326530612,-1.2711545107873283,-0.18003118225847664,0.6801052515898762
0.4897959183673469,1.3448979591836734,-1.3158022242636407,-0.2851204615162331,0.6508209709519678
0.4897959183673469,1.4857142857142858,-1.3627666831376113,-0.38910299187401787,0.619422330464829
0.4897959183673469,1.626530612244898,-1.4123013735462395,-0.49252369984224625,0.5857063394579664
0.4897959183673469,1.76734693877551,-1.4647016004923048,-0.5959203201210975,0.5494271768791662
0.4897959183673469,1.9081632653061225,-1.5203141810461809,-0.6998343473273049,0.510287867249255
0.4897959183673469,2.0489795918367344,-1.5795498686838114,-0.8048229289046634,0.46792873641606847
0.4897959183673469,2.1897959183673468,-1.6428994320678125,-0.911471670156307,0.42191150758507684
0.4897959183673469,2.330612244897959,-1.7109546196208913,-1.0204081992202445,0.37169725131739717
0.4897959183673469,2.4714285714285715,-1.7844356027350439,-1.132316071506356,0.31661534630792715
0.4897959183673469,2.6122448979591835,-1.8642268018737975,-1.2479474529054901,0.255818973398722
0.4897959183673469,2.753061224489796,-1.9514228760846342,-1.368130474807926,0.18821939735303028
0.4897959183673469,2.8938775510204082,-2.047384898190672,-1.4937619024436075,0.11238633341473916
0.4897959183673469,3.03469387755102,-2.1537995924824034,-1.6257623007281,0.026390212318957815
0.4897959183673469,3.1755102040816325,-2.2727104602898045,-1.7649427503678055,-0.07245858038221664
0.4897959183673469,3.316326530612245,-2.406412117839668,-1.911667258711244,-0.18806704836851523
0.4897959183673469,3.457142857142857,-2.5568520538239707,-2.065061521484413,-0.32642361068138626
0.4897959183673469,3.5979591836734692,-2.7234202849121374,-2.2213034631455804,-0.4973968703787891
0.4897959183673469,3.7387755102040816,-2.896050636580024,-2.370501060276071,-0.7190300448018598
0.4897959183673469,3.8795918367346935,-3.0395649096121966,-2.4932834786033524,-1.0301422520247598
0.4897959183673469,4.020408163265306,-3.0878341155547155,-2.563847994473937,-1.5436401189789575
0.4897959183673469,4.161224489795918,-3.0082523816211717,-2.567238054272246,-3.1127813384864784
0.4897959183673469,4.302040816326531,-2.8524551747201907,-2.5144304291272883,-1.850002175923916
0.4897959183673469,4.442857142857143,-2.6807192697303313,-2.4310092866059643,-1.1339406139494372
0.4897959183673469,4.5836734693877546,-2.519465168240397,-2.338121763833663,-0.7348853321398913
0.4897959183673469,4.724489795918367,-2.375024474522962,-2.2472001887692197,-0.4533568672523351
0.4897959183673469,4.865306122448979,-2.2469078511571436,-2.162940834314426,-0.23359534102554427
0.4897959183673469,5.006122448979592,-2.1329566326778373,-2.0866575201432176,-0.05192992519013381
0.4897959183673469,5.146938775510204,-2.0309183467372502,-2.0182132521060834,0.10392650698676638
0.4897959183673469,5.2877551020408164,-1.9388468697354626,-1.9569327631162565,0.24118156987071207
0.4897959183673469,5.428571428571429,-1.8551510352443243,-1.9019968698935756,0.3644297786153682
0.4897959183673469,5.56938775510204,-1.7785499630564372,-1.8526016581886418,0.4767833012238352
0.4897959183673469,5.710204081632653,-1.7080131035237813,-1.8080149443477727,0.5804502669386166
0.4897959183673469,5.851020408163265,-1.6427066193634994,-1.7675895335703866,0.6770562661221528
0.4897959183673469,5.9918367346938775,-1.5819503182871866,-1.7307591719565978,0.7678347122122412
0.4897959183673469,6.13265306122449,-1.5251843373247869,-1.6970284422710544,0.8537453799140412
0.4897959183673469,6.273469387755102,-1.4719436791363507,-1.665961346521301,0.935551480298681
0.4897959183673469,6.414285714285714,-1.4218387645531188,-1.6371704696238574,1.013871516424176
0.4897959183673469,6.555102040816326,-1.3745405130411805,-1.6103073669245735,1.0892152803930144
0.4897959183673469,6.6959183673469385,-1.3297688158951384,-1.585054335035515,1.1620094138037254
0.4897959183673469,6.836734693877551,-1.2872835567332983,-1.5611174603405864,1.232615984423881
0.4897959183673469,6.977551020408163,-1.2468775586368932,-1.5382208596138263,1.3013464312457534
0.4897959183673469,7.118367346938776,-1.2083709934262823,-1.5161019066370194,1.3684720041639797
0.4897959183673469,7.259183673469387,-1.1716069158895481,-1.4945074076212463,1.4342318174517814
0.4897959183673469,7.4,-1.136447665841586,-1.4731906230117464,1.4988391941366144
0.5102040816326531,0.5,-1.075778648292017,0.38283278698715784,0.7995346020827455
0.5102040816326531,0.6408163265306123,-1.1116003628859408,0.26342035818003007,0.7790070601968123
0.5102040816326531,0.7816326530612245,-1.1488702263104162,0.14814350503370272,0.7568765895440731
0.5102040816326531,0.9224489795918367,-1.1877217629690269,0.03637520833040303,0.7331074770675439
0.5102040816326531,1.063265306122449,-1.2283036076766278,-0.07251935825888932,0.7076304011160683
0.5102040816326531,1.2040816326530612,-1.2707830885126705,-0.17915341493329814,0.680344771422817
0.5102040816326531,1.3448979591836734,-1.3153503597475305,-0.28411208703759483,0.6511188355891622
0.5102040816326531,1.4857142857142858,-1.362223344566422,-0.3879556626264119,0.619787855349806
0.5102040816326531,1.626530612244898,-1.4116537956164836,-0.4912271840972283,0.5861504111344605
0.5102040816326531,1.76734693877551,-1.4639348606777352,-0.5944621433001169,0.5499626558558859
0.5102040816326531,1.9081632653061225,-1.519410660934578,-0.6981993564089777,0.5109301084530178
0.5102040816326531,2.0489795918367344,-1.5784885587622794,-0.8029927513985108,0.4686962764180577
0.5102040816326531,2.1897959183673468,-1.641655023089212,-0.9094240328298027,0.42282698991979906
0.5102040816326531,2.330612244897959,-1.7094963030575903,-1.0181160742315136,0.3727886997298126
0.5102040816326531,2.4714285714285715,-1.782725477044529,-1.1297466267582812,0.31791795814966345
0.5102040816326531,2.6122448979591835,-1.8622177552786014,-1.2450608102968297,0.2573777101285483
0.5102040816326531,2.753061224489796,-1.9490558126669673,-1.364878393107232,0.1900928480633304
0.5102040816326531,2.8938775510204082,-2.0445852674608656,-1.4900867479643616,0.11465266744426332
0.5102040816326531,3.03469387755102,-2.1504736204650503,-1.6215973795064964,0.02915676502687883
0.5102040816326531,3.1755102040816325,-2.268743065838882,-1.7602167770677752,-0.0690390832790137
0.5102040816326531,3.316326530612245,-2.401673877923935,-1.9063199039510175,-0.18376721413127609
0.5102040816326531,3.457142857142857,-2.5512404327011593,-2.059086325188592,-0.3208840240440923
0.5102040816326531,3.5979591836734692,-2.717016204225444,-2.214850352685278,-0.49000073923423343
0.5102040816326531,3.7387755102040816,-2.8896006806410206,-2.364072518713449,-0.7085829361872388
0.5102040816326531,3.8795918367346935,-3.035391076992836,-2.487932670189235,-1.013829332281393
0.5102040816326531,4.020408163265306,-3.089182405492829,-2.5609132726620394,-1.5116963955966214
0.5102040816326531,4.161224489795918,-3.014976919681031,-2.5673323663820975,-2.919405884220938
0.5102040816326531,4.302040816326531,-2.8614697180180086,-2.5169471936941648,-1.9071281570965037
0.5102040816326531,4.442857142857143,-2.6899592524511804,-2.4348844398717384,-1.160821114589644
0.5102040816326531,4.5836734693877546,-2.528211297962792,-2.342543572108249,-0.7533248969414619
0.5102040816326531,4.724489795918367,-2.383135418441663,-2.2517161803660413,-0.4678714598311672
0.5102040816326531,4.865306122448979,-2.254423422231049,-2.167336195017172,-0.24587145619513542
0.5102040816326531,5.006122448979592,-2.1399592005193275,-2.0908432949048104,-0.06278189584874391
0.5102040816326531,5.146938775510204,-2.0374903573740113,-2.022161494084485,0.09404198383693949
0.5102040816326531,5.2877551020408164,-1.9450598046506893,-1.9606436373908305,0.23198144187707856
0.5102040816326531,5.428571428571429,-1.861064138371543,-1.9054827876753124,0.3557253661418645
0.5102040816326531,5.56938775510204,-1.7842117001218325,-1.855879736019784,0.4684414980315627
0.5102040816326531,5.710204081632653,-1.7134631166927095,-1.8111035695220352,0.5723727639151419
0.5102040816326531,5.851020408163265,-1.6479775090876574,-1.7705068670468758,0.6691675084316814
0.5102040816326531,5.9918367346938775,-1.5870691054289623,-1.7335226163653916,0.760074589546078
0.5102040816326531,6.13265306122449,-1.5301736161997923,-1.6996545741459095,0.8460645286346263
0.5102040816326531,6.273469387755102,-1.476822514287462,-1.6684660741909771,0.9279081540846864
0.5102040816326531,6.414285714285714,-1.4266233865142282,-1.6395693052369344,1.0062294214971426
0.5102040816326531,6.555102040816326,-1.3792448592973003,-1.6126157474966423,1.0815420260720543
0.5102040816326531,6.6959183673469385,-1.3344049540911227,-1.5872879705530571,1.1542753768354224
0.5102040816326531,6.836734693877551,-1.2918620178292295,-1.5632926939983085,1.2247934535232101
0.5102040816326531,6.977551020408163,-1.2514076007763135,-1.5403550336505678,1.293408892651819
0.5102040816326531,7.118367346938776,-1.2128608127941516,-1.5182137355522431,1.3603935969814756
0.5102040816326531,7.259183673469387,-1.1760638161839219,-1.496617341441518,1.4259868785541876
0.5102040816326531,7.4,-1.140878195144829,-1.4753212108754594,1.4904018174839362
0.5306122448979591,0.5,-1.0756837946279045,0.3831394967289554,0.7995865173691199
0.5306122448979591,0.6408163265306123,-1.1114644028976146,0.26383241987437267,0.7790848835233317
0.5306122448979591,0.7816326530612245,-1.1486866591747247,0.14866514596368544,0.7569855943007178
0.5306122448979591,0.9224489795918367,-1.187483625001499,0.03701050834134227,0.7332533530149447
0.5306122448979591,1.063265306122449,-1.2280032726612047,-0.07176583185351328,0.7078194236693868
0.5306122448979591,1.2040816326530612,-1.270412057689306,-0.17827617227217352,0.6805839887575689
0.5306122448979591,1.3448979591836734,-1.3148990262231341,-0.2831043794259141,0.6514162837532194
0.5306122448979591,1.4857142857142858,-1.3616807162738085,-0.38680918094374656,0.620152815048828
0.5306122448979591,1.626530612244898,-1.4110071583483472,-0.4899317471248061,0.5865937235724191
0.5306122448979591,1.76734693877551,-1.463169358017661,-0.5930053422642942,0.5504971219369301
0.5306122448979591,1.9081632653061225,-1.518508760602957,-0.6965661237998777,0.5115710040876409
0.5306122448979591,2.0489795918367344,-1.5774293643199064,-0.8011648260611451,0.46946203236559475
0.5306122448979591,2.1897959183673468,-1.6404133749301952,-0.9073792868711287,0.4237401063080265
0.5306122448979591,2.330612244897959,-1.7080415923181984,-1.0158276696954271,0.37387700312852523
0.5306122448979591,2.4714285714285715,-1.781020070558905,-1.1271819804742356,0.3192163700950191
0.5306122448979591,2.6122448979591835,-1.8602149038213274,-1.2421803689118043,0.2589307982663842
0.5306122448979591,2.753061224489796,-1.9466969095918523,-1.36163433258453,0.1919586249452438
0.5306122448979591,2.8938775510204082,-2.0417964124761507,-1.4864219502996054,0.11690843256398467
0.5306122448979591,3.03469387755102,-2.1471618596498327,-1.617445727210777,0.03190849188511306
0.5306122448979591,3.1755102040816325,-2.2647941892090024,-1.7555074410129408,-0.06564090530162528
0.5306122448979591,3.316326530612245,-2.396958775767663,-1.900992330319095,-0.17949908698838613
0.5306122448979591,3.457142857142857,-2.5456539817577486,-2.0531315859943615,-0.3153938819004935
0.5306122448979591,3.5979591836734692,-2.7106258938032513,-2.208410054850502,-0.48268726937801876
0.5306122448979591,3.7387755102040816,-2.8831081742121545,-2.3576294938042666,-0.6982900672548353
0.5306122448979591,3.8795918367346935,-3.0310347319846036,-2.48251161369324,-0.9978663728051371
0.5306122448979591,4.020408163265306,-3.090242340235559,-2.557847589409162,-1.4809853001000144
0.5306122448979591,4.161224489795918,-3.021521683439101,-2.567283017487628,-2.761842141956043
0.5306122448979591,4.302040816326531,-2.8704457435744635,-2.519358922977923,-1.9680445944023643
0.5306122448979591,4.442857142857143,-2.6992244869972315,-2.4387023093445954,-1.188450583318205
0.5306122448979591,4.5836734693877546,-2.53700050232537,-2.346941951708373,-0.7720861548256392
0.5306122448979591,4.724489795918367,-2.3912905509736024,-2.256228204715196,-0.4825680381541921
0.5306122448979591,4.865306122448979,-2.261979366770892,-2.171737766774303,-0.2582659545601562
0.5306122448979591,5.006122448979592,-2.146997368841351,-2.0950402744269994,-0.07371746958709209
0.5306122448979591,5.146938775510204,-2.0440934585028745,-2.026123177183573,0.08409528758171735
0.5306122448979591,5.2877551020408164,-1.9512998860250965,-1.96436874573825,0.22273353095152687
0.5306122448979591,5.428571428571429,-1.867001018371337,-1.9089829809380827,0.3469835019881498
0.5306122448979591,5.56938775510204,-1.7898943439410184,-1.85917174615005,0.46007009133449933
0.5306122448979591,5.710204081632653,-1.7189315772333302,-1.8142055874812169,0.5642719076576354
0.5306122448979591,5.851020408163265,-1.6532647172730537,-1.7734369539909611,0.661260599227511
0.5306122448979591,5.9918367346938775,-1.5922023455314562,-1.7362981200497174,0.7523008196192091
0.5306122448979591,6.13265306122449,-1.535175691621683,-1.702292031316706,0.8383740761682437
0.5306122448979591,6.273469387755102,-1.4817126550555897,-1.670981350612215,0.9202589856248715
0.5306122448979591,6.414285714285714,-1.4314179536126286,-1.6419778555196367,0.998585085379848
0.5306122448979591,6.555102040816326,-1.383957892315491,-1.6149329269621515,1.0738700765003169
0.5306122448979591,6.6959183673469385,-1.3390485995901935,-1.5895293751365975,1.1465462209142416
0.5306122448979591,6.836734693877551,-1.2964468665458082,-1.565474514670643,1.2169794862827157
0.5306122448979591,6.977551020408163,-1.2559429544628615,-1.5424944124796498,1.2854837776964518
0.5306122448979591,7.118367346938776,-1.2173548975957917,-1.5203291314468945,1.3523317267348522
0.5306122448979591,7.259183673469387,-1.1805239537789571,-1.4987288870559845,1.4177629069809785
0.5306122448979591,7.4,-1.1453109410931133,-1.4774510647747445,1.4819902401202203
0.5510204081632653,0.5,-1.0755889907168243,0.3834460885634435,0.7996383979524436
0.5510204081632653,0.6408163265306123,-1.111328528668716,0.2642443052103533,0.7791626453273073
0.5510204081632653,0.7816326530612245,-1.1485032265806372,0.14918654430446693,0.7570945003398374
0.5510204081632653,0.9224489795918367,-1.1872456859673994,0.03764548895993292,0.7333990801865844
0.5510204081632653,1.063265306122449,-1.227703220389894,-0.07101271677405378,0.7080082311539936
0.5510204081632653,1.2040816326530612,-1.2700414178609574,-0.17739945406725754,0.6808229039970319
0.5510204081632653,1.3448979591836734,-1.3144482229538568,-0.28209733822920674,0.6517133160987869
0.5510204081632653,1.4857142857142858,-1.3611387970922808,-0.38566354528123364,0.6205172106034892
0.5510204081632653,1.626530612244898,-1.4103614599404695,-0.48863738743652196,0.5870362784027924
0.5510204081632653,1.76734693877551,-1.462405089761433,-0.5915499145584422,0.5510305776431459
0.5510204081632653,1.9081632653061225,-1.5176084758984578,-0.6949346456107768,0.5122105580143825
0.5510204081632653,2.0489795918367344,-1.5763722791398966,-0.7993391468816471,0.47022601013999743
0.5510204081632653,2.1897959183673468,-1.6391744783339575,-0.9053374229794926,0.424650865686892
0.5510204081632653,2.330612244897959,-1.7065904736991317,-1.0135429719547442,0.3749621751168709
0.5510204081632653,2.4714285714285715,-1.7793193630439508,-1.124622112422025,0.320510602949461
0.5510204081632653,2.6122448979591835,-1.8582182177389424,-1.2393060990298672,0.2604782699225226
0.5510204081632653,2.753061224489796,-1.9443461233913597,-1.3583982502500742,0.1938167782487829
0.5510204081632653,2.8938775510204082,-2.0390182708040463,-1.4827674485686249,0.11915370895964603
0.5510204081632653,3.03469387755102,-2.1438642240502146,-1.6133072605506618,0.03464552391577585
0.5510204081632653,3.1755102040816325,-2.2608637252013413,-1.7508146427102966,-0.06226382296017116
0.5510204081632653,3.316326530612245,-2.392266732152956,-1.89568445413424,-0.17526226740009443
0.5510204081632653,3.457142857142857,-2.5400928491192296,-2.047197355516726,-0.30995241755771985
0.5510204081632653,3.5979591836734692,-2.7042504506903238,-2.201983083691573,-0.47545482739979855
0.5510204081632653,3.7387755102040816,-2.8765770010700686,-2.3511735733274324,-0.688147327682241
0.5510204081632653,3.8795918367346935,-3.026502719333693,-2.4770231436016363,-0.9822396130343723
0.5510204081632653,4.020408163265306,-3.0910131789416244,-2.5546529051229023,-1.4514197418863861
0.5510204081632653,4.161224489795918,-3.02787825975577,-2.5670892194731665,-2.6289509887739855
0.5510204081632653,4.302040816326531,-2.8793780127253052,-2.5216631480145906,-2.033308148349996
0.5510204081632653,4.442857142857143,-2.708513224361719,-2.4424605449687324,-1.2168753956423857
0.5510204081632653,4.5836734693877546,-2.54583252166294,-2.3513152942263007,-0.791182192501455
0.5510204081632653,4.724489795918367,-2.399490107298162,-2.260735304546843,-0.497452221838373
0.5510204081632653,4.865306122448979,-2.2695760486795287,-2.176145007183173,-0.27078186838558366
0.5510204081632653,5.006122448979592,-2.1540715080725517,-2.0992481621983616,-0.08473852525145292
0.5510204081632653,5.146938775510204,-2.050727990508715,-2.030098147387272,0.07408513747414056
0.5510204081632653,5.2877551020408164,-1.9575674170048187,-1.9681080168919263,0.213436894659618
0.5510204081632653,5.428571428571429,-1.872961943646162,-1.9124974256955767,0.3382034609082001
0.5510204081632653,5.56938775510204,-1.795598133269075,-1.8624776954424798,0.4516684897746803
0.5510204081632653,5.710204081632653,-1.724418699528437,-1.8173210211488795,0.5561471953982794
0.5510204081632653,5.851020408163265,-1.6585684388168576,-1.7763798284052552,0.6533350944096206
0.5510204081632653,5.9918367346938775,-1.5973502181829726,-1.7390857247226066,0.7445129956272515
0.5510204081632653,6.13265306122449,-1.5401907314333068,-1.7049408618028425,0.8306736369933113
0.5510204081632653,6.273469387755102,-1.4866142605978645,-1.6735072303442817,0.9126035971709383
0.5510204081632653,6.414285714285714,-1.436222618989487,-1.6443961826092093,0.9909381281905657
0.5510204081632653,6.555102040816326,-1.3886797615983533,-1.6172589773725803,1.0661990387522378
0.5510204081632653,6.6959183673469385,-1.343699900448833,-1.5917786345190164,1.1388215304268485
0.5510204081632653,6.836734693877551,-1.3010382515110763,-1.5676630255216746,1.2091736330175389
0.5510204081632653,6.977551020408163,-1.2604837708582959,-1.5446391234170875,1.2775705892478602
0.5510204081632653,7.118367346938776,-1.2218534035646924,-1.5224482526736534,1.3442858407093348
0.5510204081632653,7.259183673469387,-1.1849874909845781,-1.5008422411666618,1.4095592923106848
0.5510204081632653,7.4,-1.1497460745888872,-1.4795804370623553,1.4736037426405528
0.5714285714285714,0.5,-1.0754942365361813,0.3837525624953995,0.7996902438522064
0.5714285714285714,0.6408163265306123,-1.1111927401520942,0.26465601418241447,0.7792403456498415
0.5714285714285714,0.7816326530612245,-1.1483199284386798,0.1497077000466818,0.7572033077397076
0.5714285714285714,0.9224489795918367,-1.1870079457066272,0.038280150195612275,0.7335446587227874
0.5714285714285714,1.063265306122449,-1.2274034505880898,-0.07026001294819627,0.708196823811261
0.5714285714285714,1.2040816326530612,-1.2696711685721467,-0.1765232601116016,0.6810615175433545
0.5714285714285714,1.3448979591836734,-1.313997949204699,-0.2810909629972146,0.6520099332790276
0.5714285714285714,1.4857142857142858,-1.3605975858723534,-0.38451875608689207,0.6208810430532569
0.5714285714285714,1.626530612244898,-1.4097166985968503,-0.4873441035502365,0.5874780772512675
0.5714285714285714,1.76734693877551,-1.461642053167783,-0.5900958577384514,0.5515630254859862
0.5714285714285714,1.9081632653061225,-1.5167098026842738,-0.6933049179708193,0.5128487740780232
0.5714285714285714,2.0489795918367344,-1.5753172970324887,-0.7975157078796545,0.4709882155939011
0.5714285714285714,2.1897959183673468,-1.6379383241115002,-0.9032984320336604,0.42555927694861884
0.5714285714285714,2.330612244897959,-1.70514293357056,-1.01126196743444,0.3760442292120024
0.5714285714285714,2.4714285714285715,-1.7776233343854457,-1.1220670023860777,0.3218006773683881
0.5714285714285714,2.6122448979591835,-1.8562276674573392,-1.2364379711882736,0.2620201569431255
0.5714285714285714,2.753061224489796,-1.9420034108846735,-1.355170103441749,0.19566735774678995
0.5714285714285714,2.8938775510204082,-2.03625078040704,-1.4791231823660977,0.12138857593846102
0.5714285714285714,3.03469387755102,-2.1405806280788915,-1.6091818978007586,0.037367990873367445
0.5714285714285714,3.1755102040816325,-2.256951568378073,-1.7461382829459533,-0.058907616181902905
0.5714285714285714,3.316326530612245,-2.3875976642928927,-1.8903961837198267,-0.17105637181750366
0.5714285714285714,3.457142857142857,-2.534557166112167,-2.041283677549478,-0.3045588813706668
0.5714285714285714,3.5979591836734692,-2.6978909102444883,-2.195569927456376,-0.46830182702923895
0.5714285714285714,3.7387755102040816,-2.8700108972701313,-2.344706262585364,-0.6781507976575589
0.5714285714285714,3.8795918367346935,-3.0218019257535245,-2.4714700458947467,-0.9669360844319078
0.5714285714285714,4.020408163265306,-3.0914947396842325,-2.551331991151224,-1.4229185000932036
0.5714285714285714,4.161224489795918,-3.03403821244553,-2.5667507191169228,-2.514090747626937
0.5714285714285714,4.302040816326531,-2.8882610406798026,-2.5238574441406483,-2.103607761025561
0.5714285714285714,4.442857142857143,-2.717823584211299,-2.4461567670083784,-1.246146346235374
0.5714285714285714,4.5836734693877546,-2.554707050472751,-2.3556619747518166,-0.8106266993290762
0.5714285714285714,4.724489795918367,-2.407734308741391,-2.265236489604745,-0.512529885586748
0.5714285714285714,4.865306122448979,-2.2772138300974567,-2.180557351919637,-0.2834223404612447
0.5714285714285714,5.006122448979592,-2.161181990849096,-2.103466647891744,-0.09584699863013535
0.5714285714285714,5.146938775510204,-2.0573942970101884,-2.0340862415374437,0.06401021944380862
0.5714285714285714,5.2877551020408164,-1.9638627039840921,-1.9718613726734076,0.2040905769296073
0.5714285714285714,5.428571428571429,-1.8789471855026523,-1.9160260960081756,0.32938450072276776
0.5714285714285714,5.56938775510204,-1.8013233092327172,-1.8657975842556815,0.4432360905118011
0.5714285714285714,5.710204081632653,-1.7299247000637554,-1.8204498918869718,0.5479981174921561
0.5714285714285714,5.851020408163265,-1.6638888703463801,-1.7793355231196586,0.6453905450580886
0.5714285714285714,5.9918367346938775,-1.6025129043674646,-1.7418854711813612,0.7367107075271182
0.5714285714285714,6.13265306122449,-1.5452189045518059,-1.7076011125460737,0.8229628228924306
0.5714285714285714,6.273469387755102,-1.491527490879033,-1.6760437673673778,0.9049416090410451
0.5714285714285714,6.414285714285714,-1.4410375363267007,-1.6468243478685813,0.9832881704481511
0.5714285714285714,6.555102040816326,-1.3934106169219422,-1.6195939697837867,1.0585285214834035
0.5714285714285714,6.6959183673469385,-1.3483590047093834,-1.594035832693618,1.1311008921291867
0.5714285714285714,6.836734693877551,-1.305636321057797,-1.5698583284909637,1.2013754441816002
0.5714285714285714,6.977551020408163,-1.2650302006244967,-1.5467892902258906,1.2696688433147132
0.5714285714285714,7.118367346938776,-1.2263564854964721,-1.5245712541552712,1.3362553943986397
0.5714285714285714,7.259183673469387,-1.1894545886942536,-1.5029576036939731,1.4013753878483828
0.5714285714285714,7.4,-1.1541837648606779,-1.481709571655258,1.4652416351452722
0.5918367346938775,0.5,-1.0753995320633816,0.38405891852968843,0.7997420550878892
0.5918367346938775,0.6408163265306123,-1.1110570373007467,0.2650675468468652,0.7793179845322025
0.5918367346938775,0.7816326530612245,-1.1481367646594316,0.1502286131810382,0.7573120165785493
0.5918367346938775,0.9224489795918367,-1.1867704040592342,0.038914492057748086,0.7336900887637465
0.5918367346938775,1.063265306122449,-1.2271039629815583,-0.0695077203039685,0.7083852018822048
0.5918367346938775,1.2040816326530612,-1.2693013093681944,-0.17564759019917733,0.6812998297979375
0.5918367346938775,1.3448979591836734,-1.3135482042422417,-0.28008525328215533,0.6523061359455425
0.5918367346938775,1.4857142857142858,-1.360057081452321,-0.3833748119101464,0.6212443134340582
0.5918367346938775,1.626530612244898,-1.4090728725268296,-0.4860518939901089,0.5879191217382846
0.5918367346938775,1.76734693877551,-1.460880245504785,-0.5886431693640762,0.5520944679675757
0.5918367346938775,1.9081632653061225,-1.515812736839582,-0.6916769370274612,0.5134856561069657
0.5918367346938775,2.0489795918367344,-1.5742644118348115,-0.7956945031052175,0.47174865455148335
0.5918367346938775,2.1897959183673468,-1.6367049030949976,-0.9012623052500283,0.4264653489320372
0.5918367346938775,2.330612244897959,-1.7036989583759405,-1.0089846426414806,0.37712317884592633
0.5918367346938775,2.4714285714285715,-1.7759319645867002,-1.1195166304869897,0.32308661385895465
0.5918367346938775,2.6122448979591835,-1.854243223590274,-1.2335759561271014,0.2635564909121022
0.5918367346938775,2.753061224489796,-1.9396687291766006,-1.35194984982153,0.19751041274003767
0.5918367346938775,2.8938775510204082,-2.033493879642484,-1.475489091753624,0.12361311193640957
0.5918367346938775,3.03469387755102,-2.137310986549703,-1.6050695577964325,0.040076020842175694
0.5918367346938775,3.1755102040816325,-2.2530576131114852,-1.741478262838486,-0.05557206820094254
0.5918367346938775,3.316326530612245,-2.3829514862407293,-1.8851274455540894,-0.16688099763071343
0.5918367346938775,3.457142857142857,-2.5290470480791787,-2.035390588076946,-0.29921254072236775
0.5918367346938775,3.5979591836734692,-2.691548248645866,-2.1891710494721517,-0.4612267274052269
0.5918367346938775,3.7387755102040816,-2.863413454339254,-2.338229041638132,-0.6682966788207549
0.5918367346938775,3.8795918367346935,-3.016939256231011,-2.4658550683997653,-0.9519435508429117
0.5918367346938775,4.020408163265306,-3.0916874287977145,-2.547886991110698,-1.3954115392880577
0.5918367346938775,4.161224489795918,-3.0399931724688827,-2.5662670190846426,-2.412991352633957
0.5918367346938775,4.302040816326531,-2.897089092992515,-2.525939436658764,-2.179810203995477
0.5918367346938775,4.442857142857143,-2.727153548057792,-2.449788568395982,-1.2763192291709191
0.5918367346938775,4.5836734693877546,-2.5636237305470853,-2.3599803032257496,-0.8304344000206789
0.5918367346938775,4.724489795918367,-2.4160233615659874,-2.2697307359821854,-0.5278071749710594
0.5918367346938775,4.865306122448979,-2.2848930709612767,-2.184974214156429,-0.2961906330645046
0.5918367346938775,5.006122448979592,-2.16832919188591,-2.107695406883893,-0.10704488509394004
0.5918367346938775,5.146938775510204,-2.0640927248550187,-2.0380872880813263,0.05386918482091713
0.5918367346938775,5.2877551020408164,-1.9701860564419498,-1.9756287245260158,0.19469359048828597
0.5918367346938775,5.428571428571429,-1.8849570182295141,-1.919568962237188,0.3205258673976087
0.5918367346938775,5.56938775510204,-1.8070701156349631,-1.869131414822773,0.43477228239762833
0.5918367346938775,5.710204081632653,-1.7354497974601564,-1.823592219198266,0.5398241561282358
0.5918367346938775,5.851020408163265,-1.669226210255424,-1.782304069780223,0.637426497268173
0.5918367346938775,5.9918367346938775,-1.6076905864976823,-1.7446973993709365,0.7288935419129758
0.5918367346938775,6.13265306122449,-1.5502603810410436,-1.7102728303067327,0.8152412446374189
0.5918367346938775,6.273469387755102,-1.4964525067121148,-1.678591014471387,0.8972726452439236
0.5918367346938775,6.414285714285714,-1.4458628598672905,-1.6492624118530932,0.9756348323491233
0.5918367346938775,6.555102040816326,-1.3981506083681086,-1.6219379742717297,1.0508581347960262
0.5918367346938775,6.6959183673469385,-1.3530260604503028,-1.5963010523686079,1.1233838954956439
0.5918367346938775,6.836734693877551,-1.3102412232872178,-1.572060522916532,1.1935844803825244
0.5918367346938775,6.977551020408163,-1.2695823938127537,-1.548945034955994,1.2617780570263661
0.5918367346938775,7.118367346938776,-1.2308642973033312,-1.5266982874892834,1.3282398511950417
0.5918367346938775,7.259183673469387,-1.1939254066439466,-1.505075161122721,1.3932106103291992
0.5918367346938775,7.4,-1.158624179354322,-1.4838387087570855,1.4569032253941032
0.6122448979591836,0.5,-1.075304877275833,0.3843651566712614,0.799793831678974
0.6122448979591836,0.6408163265306123,-1.1109214200674642,0.2654789031570128,0.7793955620153697
0.6122448979591836,0.7816326530612245,-1.1479537351535194,0.1507492836983082,0.7574206269345245
0.6122448979591836,0.9224489795918367,-1.186533060865422,0.03954851455565257,0.7338353704495035
0.6122448979591836,1.063265306122449,-1.2268047572964387,-0.06875583876974925,0.708573365607491
0.6122448979591836,1.2040816326530612,-1.2689318397952196,-0.17477244412484966,0.6815378411614116
0.6122448979591836,1.3448979591836734,-1.3130989873346472,-0.2790802086375375,0.6526019247484801
0.6122448979591836,1.4857142857142858,-1.3595172826785504,-0.3822317119060292,0.621607022779173
0.6122448979591836,1.626530612244898,-1.4084299799450724,-0.48476075728657986,0.5883594134791074
0.6122448979591836,1.76734693877551,-1.4601196640484084,-0.5871918455809464,0.5526249075793576
0.6122448979591836,1.9081632653061225,-1.5149172742594603,-0.690050698946323,0.5141212079133207
0.6122448979591836,2.0489795918367344,-1.5732136174107385,-0.793875526638629,0.47250733280865587
0.6122448979591836,2.1897959183673468,-1.6354742061697343,-0.899229033408422,0.42736909042761634
0.6122448979591836,2.330612244897959,-1.7022585346315358,-1.0067109841639859,0.37819903736598276
0.6122448979591836,2.4714285714285715,-1.7742452337689723,-1.1169709769370437,0.32436843278060645
0.6122448979591836,2.6122448979591835,-1.8522648569381241,-1.230720024795192,0.26508730315389223
0.6122448979591836,2.753061224489796,-1.9373420356561781,-1.3487374473739167,0.19934599206435888
0.6122448979591836,2.8938775510204082,-2.030747507262172,-1.4718651172558272,0.12582739453013259
0.6122448979591836,3.03469387755102,-2.1340552146858354,-1.6009701599461579,0.042769740277326766
0.6122448979591836,3.1755102040816325,-2.2491817536296996,-1.736834483802511,-0.0522569655596815
0.6122448979591836,3.316326530612245,-2.378328108795613,-1.879878145148938,-0.16273577566022793
0.6122448979591836,3.457142857142857,-2.5235625951637317,-2.0295181157961317,-0.2939126792719479
0.6122448979591836,3.5979591836734692,-2.6852233853393925,-2.1827868890411195,-0.45422803137803835
0.6122448979591836,3.7387755102040816,-2.856788120302286,-2.3317433298405383,-0.6585813263372706
0.6122448979591836,3.8795918367346935,-3.0119216117322156,-2.460180924484197,-0.937250454344698
0.6122448979591836,4.020408163265306,-3.0915922196560675,-2.5443203506740546,-1.3688346050943052
0.6122448979591836,4.161224489795918,-3.0457348332021237,-2.565637895675972,-2.322738545374253
0.6122448979591836,4.302040816326531,-2.9058561829022462,-2.527906806483744,-2.2630270924053604
0.6122448979591836,4.442857142857143,-2.736500952209941,-2.453353517315758,-1.307455516625148
0.6122448979591836,4.5836734693877546,-2.5725821496541106,-2.3642685511027137,-0.8506209067292573
0.6122448979591836,4.724489795918367,-2.4243574556822147,-2.2742169854693857,-0.5432905234506212
0.6122448979591836,4.865306122448979,-2.2926141286134136,-2.1893949839597786,-0.3090901241636556
0.6122448979591836,5.006122448979592,-2.1755134878426015,-2.111934099701253,-0.11833424224637112
0.6122448979591836,5.146938775510204,-2.070823624102573,-2.042101105690228,0.043660649118543185
0.6122448979591836,5.2877551020408164,-1.9765377877741686,-1.979409996810218,0.1852449475187725
0.6122448979591836,5.428571428571429,-1.8909917190513548,-1.9231259896123711,0.3116267891841321
0.6122448979591836,5.56938775510204,-1.812838798818009,-1.8724791852278617,0.42627644332409065
0.6122448979591836,5.710204081632653,-1.7409942124920565,-1.8267480211430491,0.5316247841093986
0.6122448979591836,5.851020408163265,-1.6745806587365413,-1.7852854988051554,0.629442491979244
0.6122448979591836,5.9918367346938775,-1.6128834484467396,-1.747521548316567,0.7210610818609441
0.6122448979591836,6.13265306122449,-1.5553153321222026,-1.7129560611560832,0.8075085109483598
0.6122448979591836,6.273469387755102,-1.5013894697750387,-1.6811490240168208,0.8895963260270495
0.6122448979591836,6.414285714285714,-1.4506987444493915,-1.6517104343639635,0.9679777337196874
0.6122448979591836,6.555102040816326,-1.4028998863557396,-1.624291059945676,1.0431874901037614
0.6122448979591836,6.6959183673469385,-1.3577012158207413,-1.59857437498308,1.1156701325646994
0.6122448979591836,6.836734693877551,-1.3148531060358501,-1.5742697054066763,1.185800305989828
0.6122448979591836,6.977551020408163,-1.2741404999683106,-1.5511064773030538,1.2538977531347852
0.6122448979591836,7.118367346938776,-1.23537699206451,-1.528829501049415,1.3202386820932168
0.6122448979591836,7.259183673469387,-1.1984001033304064,-1.5071950990966498,1.38506436552883
0.6122448979591836,7.4,-1.1630674839155977,-1.4859680818118972,1.448587838490562
0.6326530612244897,0.5,-1.0752102721509424,0.38467127692515346,0.7998455736449369
0.6326530612244897,0.6408163265306123,-1.1107858884050619,0.2658900830767159,0.7794730781402738
0.6326530612244897,0.7816326530612245,-1.147770839831626,0.15126971158933586,0.7575291388857335
0.6326530612244897,0.9224489795918367,-1.1862959159655433,0.04018221769858542,0.7339805039199476
0.6326530612244897,1.063265306122449,-1.2265058332592311,-0.06800436827427772,0.7087613152274415
0.6326530612244897,1.2040816326530612,-1.2685627594001356,-0.1738978216843961,0.681775552033682
0.6326530612244897,1.3448979591836734,-1.3126502977516417,-0.27807582861894864,0.652897300336486
0.6326530612244897,1.4857142857142858,-1.3589781884003553,-0.3810894552331018,0.6219691721190551
0.6326530612244897,1.626530612244898,-1.407788019071538,-0.48347069197634235,0.5887989540837965
0.6326530612244897,1.76734693877551,-1.4593603060879679,-0.5857418867694197,0.5531543468078645
0.6326530612244897,1.9081632653061225,-1.5140234108548183,-0.6884261999111387,0.5147554332929778
0.6326530612244897,2.0489795918367344,-1.5721649076507471,-0.7920587725902134,0.4732642561331953
0.6326530612244897,2.1897959183673468,-1.6342462242641886,-0.8971986075161791,0.4282705101775337
0.6326530612244897,2.330612244897959,-1.700821648925998,-1.0044409786707762,0.3792718180356517
0.6326530612244897,2.4714285714285715,-1.7725631221707887,-1.1144300220308454,0.3256461543473958
0.6326530612244897,2.6122448979591835,-1.850292538486691,-1.2278701483481194,0.26661262473600705
0.6326530612244897,2.753061224489796,-1.9350232879950735,-1.34553285440224,0.20117414409532747
0.6326530612244897,2.8938775510204082,-2.028011602412064,-1.4682511998616676,0.12803150045418946
0.6326530612244897,3.03469387755102,-2.130813228127108,-1.596883624219407,0.04544927402038792
0.6326530612244897,3.1755102040816325,-2.2453238840609635,-1.7322068476034458,-0.04896209799711574
0.6326530612244897,3.316326530612245,-2.373727439892285,-1.8746481934157802,-0.15862033465127662
0.6326530612244897,3.457142857142857,-2.518103893060062,-2.0236662823719422,-0.2886585965819072
0.6326530612244897,3.5979591836734692,-2.678917185406119,-2.176417862259937,-0.44730428395172417
0.6326530612244897,3.7387755102040816,-2.8501382022902053,-2.325250495530349,-0.6490012321615695
0.6326530612244897,3.8795918367346935,-3.006755868272607,-2.454450280039745,-0.922845866091148
0.6326530612244897,4.020408163265306,-3.091210654088055,-2.540634484890071,-1.3431297464619554
0.6326530612244897,4.161224489795918,-3.0512549954717803,-2.564863271451016,-2.2412556775465133
0.6326530612244897,4.302040816326531,-2.9145560696624395,-2.529757296003176,-2.35471678237047
0.6326530612244897,4.442857142857143,-2.7458634805149726,-2.456849159933386,-1.3396231567852013
0.6326530612244897,4.5836734693877546,-2.5815818377337254,-2.3685249493342946,-0.8712028383841531
0.6326530612244897,4.724489795918367,-2.4327367632752286,-2.2786941449204514,-0.5589866707489138
0.6326530612244897,4.865306122448979,-2.300377358047791,-2.193819043935243,-0.3221242955837216
0.6326530612244897,5.006122448979592,-2.182735257174758,-2.11618237148113,-0.129717192540007
0.6326530612244897,5.146938775510204,-2.077587347996281,-2.0461275034074964,0.03338319059094679
0.6326530612244897,5.2877551020408164,-1.9829182140642425,-1.9832050877139278,0.17574361490704993
0.6326530612244897,5.428571428571429,-1.8970515682197526,-1.9266971387966585,0.30268647912701446
0.6326530612244897,5.56938775510204,-1.8186296077429203,-1.8758408906817774,0.4177479404939694
0.6326530612244897,5.710204081632653,-1.746558168187667,-1.8299173137352251,0.5233994736651839
0.6326530612244897,5.851020408163265,-1.6799524178171832,-1.7882798393465695,0.6214380647955388
0.6326530612244897,5.9918367346938775,-1.6180916755678485,-1.7503579556928448,0.7132129063012065
0.6326530612244897,6.13265306122449,-1.560383930182841,-1.7156508499866208,0.7997642274156669
0.6326530612244897,6.273469387755102,-1.5063385426460154,-1.6837178476344723,0.8819122705419393
0.6326530612244897,6.414285714285714,-1.4555453455797094,-1.6541684743063763,0.9603164974951169
0.6326530612244897,6.555102040816326,-1.4076586016719996,-1.6266532949596326,1.0355161999986298
0.6326530612244897,6.6959183673469385,-1.3623846190745479,-1.6008558807324138,1.1079591977854168
0.6326530612244897,6.836734693877551,-1.3194721170668402,-1.57648597275588,1.1780224890542441
0.6326530612244897,6.977551020408163,-1.2787046681753527,-1.5532737346726269,1.246027459789935
0.6326530612244897,7.118367346938776,-1.2398947220781842,-1.530965040089547,1.3122513653739405
0.6326530612244897,7.259183673469387,-1.2028788361136642,-1.509317599020628,1.376936068844256
0.6326530612244897,7.4,-1.167513842894905,-1.4880979150297409,1.4402948318644435
0.6530612244897959,0.5,-1.07511571666612,0.3849772792964816,0.7998972810052545
0.6530612244897959,0.6408163265306123,-1.1106504422664352,0.2663010866011086,0.7795505329479536
0.6530612244897959,0.7816326530612245,-1.147588078604483,0.15178989684502214,0.757637552510244
0.6530612244897959,0.9224489795918367,-1.1860589692001038,0.04081560149575011,0.7341254893148237
0.6530612244897959,1.063265306122449,-1.2262071905968117,-0.06725330874662369,0.7089490509820184
0.6530612244897959,1.2040816326530612,-1.2681940677306438,-0.17302372267448682,0.6820129628138933
0.6530612244897959,1.3448979591836734,-1.3122021347645232,-0.27707211278383903,0.653192263356698
0.6530612244897959,1.4857142857142858,-1.3584397974699802,-0.37994804105342034,0.6223307624813234
0.6530612244897959,1.626530612244898,-1.4071469881314647,-0.4821816966023053,0.5892377451572406
0.6530612244897959,1.76734693877551,-1.458602168921308,-0.5842932897934512,0.5536827882680279
0.6530612244897959,1.9081632653061225,-1.5131311425524274,-0.6868034361017485,0.5153883360257122
0.6530612244897959,2.0489795918367344,-1.5711182764717757,-0.7902442351002289,0.4740194302649812
0.6530612244897959,2.1897959183673468,-1.6330209483617388,-0.8951710206048565,0.4291696176830766
0.6530612244897959,2.330612244897959,-1.6993882879198494,-1.0021746129107814,0.3803415340351916
0.6530612244897959,2.4714285714285715,-1.770885610146918,-1.111893746191609,0.32691979862813764
0.6530612244897959,2.6122448979591835,-1.8483262394059619,-1.2250262981469335,0.26813248647222976
0.6530612244897959,2.753061224489796,-1.9327124441460786,-1.3423360295260796,0.20299491675410236
0.6530612244897959,2.8938775510204082,-2.0252861046317716,-1.4646472810174904,0.13022550560932322
0.6530612244897959,3.03469387755102,-2.1275849429372578,-1.5928098711545402,0.04811474533504201
0.6530612244897959,3.1755102040816325,-2.241483898475736,-1.727595256366858,-0.04568725839531648
0.6530612244897959,3.316326530612245,-2.369149384735946,-1.8694375001281385,-0.15453431001623388
0.6530612244897959,3.457142857142857,-2.5126710137323065,-2.0178351027934776,-0.2834496076051152
0.6530612244897959,3.5979591836734692,-2.6726304618647534,-2.170064362914003,-0.4404540706772661
0.6530612244897959,3.7387755102040816,-2.843466869166243,-2.3187518570000627,-0.6395530182784629
0.6530612244897959,3.8795918367346935,-3.001448857400454,-2.448665754153352,-0.9087194414956101
0.6530612244897959,4.020408163265306,-3.090544818763353,-2.5368321933290767,-1.3182434361920712
0.6530612244897959,4.161224489795918,-3.056545604492115,-2.563943215472101,-2.1670105998244713
0.6530612244897959,4.302040816326531,-2.92318225800143,-2.5314887147851284,-2.4568454918141804
0.6530612244897959,4.442857142857143,-2.7552386568698375,-2.4602730239704123,-1.3728975267601886
0.6530612244897959,4.5836734693877546,-2.590622263026831,-2.3727476867662687,-0.8921979170541897
0.6530612244897959,4.724489795918367,-2.4411614373426374,-2.283161085639248,-0.5749026827178543
0.6530612244897959,4.865306122448979,-2.308183108316352,-2.198245702790843,-0.3352968403903253
0.6530612244897959,5.006122448979592,-2.1899948799736944,-2.12043985160649,-0.14119592611078904
0.6530612244897959,5.146938775510204,-2.084384252938777,-2.050166280241654,0.023035348829400743
0.6530612244897959,5.2877551020408164,-1.9893276549386922,-1.987013895348297,0.16618854203614397
0.6530612244897959,5.428571428571429,-1.903136849144879,-1.9302823691377398,0.2937041375465315
0.6530612244897959,5.56938775510204,-1.8244427940384396,-1.8792165238925616,0.40918613008265725
0.6530612244897959,5.710204081632653,-1.7521418898234067,-1.8331001110632237,0.5151476866944985
0.6530612244897959,5.851020408163265,-1.6853416913976207,-1.791287119304119,0.6134127458079298
0.6530612244897959,5.9918367346938775,-1.6233154547589008,-1.753206658697827,0.7053485909804625
0.6530612244897959,6.13265306122449,-1.565466348849729,-1.7183572412982084,0.7920079982993274
0.6530612244897959,6.273469387755102,-1.5112998888354179,-1.6862975362477168,0.8742200967218773
0.6530612244897959,6.414285714285714,-1.4604028194021976,-1.6566365898708575,0.9526507445533845
0.6530612244897959,6.555102040816326,-1.4124269055044636,-1.629024746525323,1.0278438781196013
0.6530612244897959,6.6959183673469385,-1.3670764186058968,-1.6031456485933995,1.1002506878671676
0.6530612244897959,6.836734693877551,-1.3240984039699677,-1.5787094194255809,1.1702505998309483
0.6530612244897959,6.977551020408163,-1.2832750471004541,-1.5554469222603267,1.2381667103181124
0.6530612244897959,7.118367346938776,-1.244417638823289,-1.533105047785687,1.304277381094861
0.6530612244897959,7.259183673469387,-1.2073617612747185,-1.511442838173835,1.36882514507153
0.6530612244897959,7.4,-1.171963419023458,-1.490228438642899,1.4320235100519172
0.673469387755102,0.5,-1.0750212107987733,0.3852831637904614,0.7999489537793856
0.673469387755102,0.6408163265306123,-1.1105150816044886,0.266711913725417,0.7796279264794204
0.673469387755102,0.7816326530612245,-1.1474054513828769,0.15230983945634283,0.7577458678860475
0.673469387755102,0.9224489795918367,-1.1858222204097633,0.04144866595629246,0.7342703267737303
0.673469387755102,1.063265306122449,-1.225908829036419,-0.066502660116202,0.7091365731108483
0.673469387755102,1.2040816326530612,-1.267825764335234,-0.1721501468926948,0.6822500739004442
0.673469387755102,1.3448979591836734,-1.3117544976461553,-0.27606906069152876,0.6534868144547772
0.673469387755102,1.4857142857142858,-1.357902108742596,-0.3788074685325374,0.6226917948907821
0.673469387755102,1.626530612244898,-1.4065068853553497,-0.4808937697135929,0.5896757882992217
0.673469387755102,1.76734693877551,-1.4578452498466428,-0.5828460510645211,0.5542102341420826
0.673469387755102,1.9081632653061225,-1.5122404652948302,-0.6851824036985275,0.5160199198752234
0.673469387755102,2.0489795918367344,-1.570073717817073,-0.7884319083386055,0.47477286091613125
0.673469387755102,2.1897959183673468,-1.631798369451762,-0.8931462598730188,0.43006641996500483
0.673469387755102,2.330612244897959,-1.697958438345061,-0.9999118737124747,0.3814081984623482
0.673469387755102,2.4714285714285715,-1.7692126781676156,-1.1093621299714032,0.32818938554910954
0.673469387755102,2.6122448979591835,-1.846365931048974,-1.2221884457562395,0.2696469189251624
0.673469387755102,2.753061224489796,-1.9304094623416226,-1.3391469316798867,0.20480835751437723
0.673469387755102,2.8938775510204082,-2.022570953853921,-1.461053302621883,0.13240948507239725
0.673469387755102,3.03469387755102,-2.1243702756104974,-1.5887488218531902,0.050766275928453994
0.673469387755102,3.1755102040816325,-2.237661690964698,-1.7229996148540248,-0.04243224107432124
0.673469387755102,3.316326530612245,-2.36459384597958,-1.8642459741239195,-0.1504773435552877
0.673469387755102,3.457142857142857,-2.507264016102002,-2.012024585647113,-0.2782850422836901
0.673469387755102,3.5979591836734692,-2.66636397790059,-2.1637267632511215,-0.43367601622744906
0.673469387755102,3.7387755102040816,-2.8367771543781464,-2.312248684525327,-0.6302334304445731
0.673469387755102,3.8795918367346935,-2.996007348135284,-2.4428299135661806,-0.8948613793841712
0.673469387755102,4.020408163265306,-3.0895973516652013,-2.532916039746411,-1.2941276050170192
0.673469387755102,4.161224489795918,-3.061598788025512,-2.5628779430733033,-2.098840511998968
0.673469387755102,4.302040816326531,-2.9317279988263927,-2.5330989451673345,-2.5721544696520415
0.673469387755102,4.442857142857143,-2.7646238376764654,-2.4636226201252795,-1.4073625274206516
0.673469387755102,4.5836734693877546,-2.5997028281050993,-2.376934910471122,-0.9136250679389554
0.673469387755102,4.724489795918367,-2.449631610140324,-2.2876166428075133,-0.591045972836603
0.673469387755102,4.865306122448979,-2.3160317265657104,-2.2026742940696846,-0.3486115182876991
0.673469387755102,5.006122448979592,-2.197292737794488,-2.1247061534312492,-0.15277270377001212
0.673469387755102,5.146938775510204,-2.091214698452745,-2.0542172246718775,0.01261562301557453
0.673469387755102,5.2877551020408164,-1.9957664333875966,-1.9908363116863448,0.15657865335014468
0.673469387755102,5.428571428571429,-1.90924784817248,-1.9338816314545193,0.2846789426518963
0.673469387755102,5.56938775510204,-1.8302786120341314,-1.882606074647928,0.4005903568983678
0.673469387755102,5.710204081632653,-1.7577456049532916,-1.836296425376639,0.5068688756770913
0.673469387755102,5.851020408163265,-1.6907486852802187,-1.7943073649955361,0.6053660594086583
0.673469387755102,5.9918367346938775,-1.628554974486487,-1.7560676937331536,0.6974677079637925
0.673469387755102,6.13265306122449,-1.570562762983785,-1.721075278526765,0.7842394246597013
0.673469387755102,6.273469387755102,-1.5162736728113924,-1.6888881399675044,0.8665194211633235
0.673469387755102,6.414285714285714,-1.465271322752269,-1.6591148385177608,0.9449800950546831
0.673469387755102,6.555102040816326,-1.4172049494728611,-1.6314054809305027,1.0201701390227307
0.673469387755102,6.6959183673469385,-1.3717767629772886,-1.6054437563470263,1.092544201633077
0.673469387755102,6.836734693877551,-1.3287321142378323,-1.5809401384086101,1.162484211850124
0.673469387755102,6.977551020408163,-1.2878517850189504,-1.5576261536889715,1.230315038856209
0.673469387755102,7.118367346938776,-1.2489458932781985,-1.5352496623413299,1.2963162272631692
0.673469387755102,7.259183673469387,-1.2118490340732826,-1.513570989864496,1.360731027866971
0.673469387755102,7.4,-1.1764163738028666,-1.4923598644236036,1.4237732627618527
0.6938775510204082,0.5,-1.0749267545263175,0.3855889304123799,0.8000005919868047
0.6938775510204082,0.6408163265306123,-1.1103798063721402,0.2671225644450001,0.7797052587756577
0.6938775510204082,0.7816326530612245,-1.1472229580776403,0.15282953941433433,0.7578540850911001
0.6938775510204082,0.9224489795918367,-1.1855856694353306,0.04208141108930094,0.7344150164361195
0.6938775510204082,1.063265306122449,-1.2256107483056615,-0.06575242231277795,0.7093238818531937
0.6938775510204082,1.2040816326530612,-1.2674578487631807,-0.17127709413739312,0.6824868856909992
0.6938775510204082,1.3448979591836734,-1.3113073856709505,-0.275066671903187,0.6537809542749102
0.6938775510204082,1.4857142857142858,-1.3573651210762896,-0.37766773683949206,0.6230522703694513
0.6938775510204082,1.626530612244898,-1.4058677089789215,-0.47960690986547644,0.5901130851043586
0.6938775510204082,1.76734693877551,-1.457089546181473,-0.5814001687971116,0.5547366870271689
0.6938775510204082,1.9081632653061225,-1.5113513750395384,-0.6835630990102513,0.516650188589481
0.6938775510204082,2.0489795918367344,-1.56903122565608,-0.7866217865048577,0.4755245537711743
0.6938775510204082,2.1897959183673468,-1.6305784786103616,-0.8911243208888117,0.43096092644639017
0.6938775510204082,2.330612244897959,-1.6965320870046445,-0.9976527479834129,0.38247182433308485
0.6938775510204082,2.4714285714285715,-1.767544306817845,-1.1068351540493742,0.32945493489453015
0.6938775510204082,2.6122448979591835,-1.8444115848724754,-1.2193565638081518,0.2711559534703503
0.6938775510204082,2.753061224489796,-1.9281143010921458,-1.3359655201080538,0.20661451340547185
0.6938775510204082,2.8938775510204082,-2.0198660904035646,-1.4574692070271045,0.13458351311314806
0.6938775510204082,3.03469387755102,-2.121169143110774,-1.5847003985101276,0.05340398644095468
0.6938775510204082,3.1755102040816325,-2.2338571550497015,-1.718419808624791,-0.03919686048954639
0.6938775510204082,3.316326530612245,-2.3600607238888722,-1.8590735231124667,-0.14644908361559833
0.6938775510204082,3.457142857142857,-2.5018829467066546,-2.006234733421392,-0.2731642451041439
0.6938775510204082,3.5979591836734692,-2.6601184490244303,-2.157405414831104,-0.42696878292284907
0.6938775510204082,3.7387755102040816,-2.8300719590211187,-2.3057422003316335,-0.6210393321869224
0.6938775510204082,3.8795918367346935,-2.9904380304236975,-2.436945275959325,-0.8812623845620142
0.6938775510204082,4.020408163265306,-3.0883714129435575,-2.52888864789788,-1.2707382998458094
0.6938775510204082,4.161224489795918,-3.0664068954445995,-2.561667815149263,-2.0358420267214377
0.6938775510204082,4.302040816326531,-2.9401862913322354,-2.534585948013569,-2.704629826906655
0.6938775510204082,4.442857142857143,-2.7740162039701612,-2.466895446809873,-1.443111946800976
0.6938775510204082,4.5836734693877546,-2.608822865690438,-2.3810847261957564,-0.9355045309910762
0.6938775510204082,4.724489795918367,-2.458147391527165,-2.2920596149431613,-0.6074243255103683
0.6938775510204082,4.865306122448979,-2.3239235543997148,-2.2071041088747676,-0.3620722633256418
0.6938775510204082,5.006122448979592,-2.2046292134622902,-2.128980873424559,-0.16444986016044086
0.6938775510204082,5.146938775510204,-2.0980790471529644,-2.0582801143563048,0.00212247099156368
0.6938775510204082,5.2877551020408164,-2.002234875778607,-1.994672221969903,0.1469128474759645
0.6938775510204082,5.428571428571429,-1.9153848549099497,-1.9374948749379404,0.2756100605865554
0.6938775510204082,5.56938775510204,-1.8361373188022423,-1.8860095298089776,0.39195995402371653
0.6938775510204082,5.710204081632653,-1.763369543457063,-1.8395062666605777,0.4985624848061598
0.6938775510204082,5.851020408163265,-1.696173607212592,-1.797340601450197,0.5972975241005652
0.6938775510204082,5.9918367346938775,-1.6338104247991352,-1.7589410958566902,0.6895698248063629
0.6938775510204082,6.13265306122449,-1.5756733487244485,-1.723805004261828,0.7764581048732161
0.6938775510204082,6.273469387755102,-1.5212600600342048,-1.6914897081560543,0.8588098590023718
0.6938775510204082,6.414285714285714,-1.4701510131843998,-1.6616032770770708,0.9373041674320944
0.6938775510204082,6.555102040816326,-1.42199288565822,-1.633795563526541,1.0124945980519036
0.6938775510204082,6.6959183673469385,-1.3764858009576262,-1.607750280600408,1.084839339873312
0.6938775510204082,6.836734693877551,-1.3333733953223397,-1.5831782214941044,1.1547229023358558
0.6938775510204082,6.977551020408163,-1.292435029888358,-1.5598115395722867,1.2224719903331005
0.6938775510204082,7.118367346938776,-1.2534796356956508,-1.5373990201540269,1.2883674026770817
0.6938775510204082,7.259183673469387,-1.2163408088037926,-1.5157022235362512,1.352653159544691
0.6938775510204082,7.4,-1.1808728673321944,-1.4944924040755228,1.4155434624561514
0.7142857142857142,0.5,-1.0748323478261628,0.38589457916762276,0.8000521956469775
0.7142857142857142,0.6408163265306123,-1.1102446165223232,0.2675330387553071,0.7797825298776604
0.7142857142857142,0.7816326530612245,-1.1470405985997574,0.15334899673995792,0.7579622042033858
0.7142857142857142,0.9224489795918367,-1.1853493161177755,0.04271383690381561,0.7345595584412976
0.7142857142857142,1.063265306122449,-1.2253129481325107,-0.06500259526645738,0.7095109774479922
0.7142857142857142,1.2040816326530612,-1.2670903205645427,-0.17040456420799444,0.6827233985824664
0.7142857142857142,1.3448979591836734,-1.3108607981148837,-0.2740649459811494,0.6540746834598034
0.7142857142857142,1.4857142857142858,-1.3568288333320473,-0.37652884514676627,0.6234121899365254
0.7142857142857142,1.626530612244898,-1.4052294572431283,-0.47832111561939605,0.5905496371622119
0.7142857142857142,1.76734693877551,-1.456335055249027,-0.5799556406236617,0.5552621493703782
0.7142857142857142,1.9081632653061225,-1.510463867759974,-0.6819455182915589,0.5172791459004773
0.7142857142857142,2.0489795918367344,-1.5679907939842648,-0.7848138638278513,0.47627451448727004
0.7142857142857142,2.1897959183673468,-1.6293612669353714,-0.8891051909125214,0.43185314566911687
0.7142857142857142,2.330612244897959,-1.6951092207721412,-0.9953972227054287,0.3835324245820984
0.7142857142857142,2.4714285714285715,-1.7658804767962355,-1.1043127992108264,0.33071646630743423
0.7142857142857142,2.6122448979591835,-1.8424631727516934,-1.2165306228565842,0.2726596183621241
0.7142857142857142,2.753061224489796,-1.9258269191846036,-1.3327917543637433,0.20841343101930704
0.7142857142857142,2.8938775510204082,-2.0171714549973405,-1.4538949370335388,0.13674766320331055
0.7142857142857142,3.03469387755102,-2.117981462746389,-1.5806645223241687,0.056027994627569556
0.7142857142857142,3.1755102040816325,-2.2300701858552796,-1.7138557694902359,-0.03598089173350179
0.7142857142857142,3.316326530612245,-2.355549916505016,-1.853920054004821,-0.14244918464021933
0.7142857142857142,3.457142857142857,-2.4965278403304945,-2.00046554279588,-0.2680865746745815
0.7142857142857142,3.5979591836734692,-2.653894545158809,-2.151100649272597,-0.4203310694131246
0.7142857142857142,3.7387755102040816,-2.8233540550564276,-2.2992335801618653,-0.6119676992029255
0.7142857142857142,3.8795918367346935,-2.9847475000489663,-2.4310143103294615,-0.8679136336126065
0.7142857142857142,4.020408163265306,-3.086870666002745,-2.524752785084309,-1.2480349638373536
0.7142857142857142,4.161224489795918,-3.070962537378374,-2.560313336944949,-1.9772993184776848
0.7142857142857142,4.302040816326531,-2.9485498866564144,-2.5359477679646476,-2.860393071799108
0.7142857142857142,4.442857142857143,-2.7834127522484695,-2.4700889960340646,-1.480251170965041
0.7142857142857142,4.5836734693877546,-2.6179816342493694,-2.3851951989222213,-0.9578579857584808
0.7142857142857142,4.724489795918367,-2.4667088672077293,-2.296488763197864,-0.6240459213563014
0.7142857142857142,4.865306122448979,-2.3318589280011284,-2.2115344117883127,-0.3756831668706719
0.7142857142857142,5.006122448979592,-2.2120046908533495,-2.133263591542341,-0.17622981280735714
0.7142857142857142,5.146938775510204,-2.1049776647021456,-2.062354716265508,-0.008445692665399776
0.7142857142857142,5.2877551020408164,-2.008733311861733,-1.998521503569485,0.1371899963130124
0.7142857142857142,5.428571428571429,-1.9215481622869115,-1.9411220483923026,0.2664966405913937
0.7142857142857142,5.56938775510204,-1.8420191741933956,-1.8894268729484396,0.38329424244118815
0.7142857142857142,5.710204081632653,-1.769013937585043,-1.8427296430578533,0.49022794974710604
0.7142857142857142,5.851020408163265,-1.701616666919859,-1.8003868521274156,0.5892066522889802
0.7142857142857142,5.9918367346938775,-1.6390819973719688,-1.7618268989653878,0.6816545048027
0.7142857142857142,6.13265306122449,-1.58079828352436,-1.7265464602560394,0.768663634503024
0.7142857142857142,6.273469387755102,-1.526259216987247,-1.6941022894108237,0.8510910238111797
0.7142857142857142,6.414285714285714,-1.475042049015686,-1.6641019610508674,0.9296225843369884
0.7142857142857142,6.555102040816326,-1.4267908666349085,-1.6361950587396648,1.004816871211748
0.7142857142857142,6.6959183673469385,-1.3812036815538844,-1.6100652968070595,1.0771357052035395
0.7142857142857142,6.836734693877551,-1.3380223946338214,-1.585423758575554,1.1469662511551044
0.7142857142857142,6.977551020408163,-1.2970249293713652,-1.5620031882559626,1.2146371158090157
0.7142857142857142,7.118367346938776,-1.2580190157321345,-1.539553254883711,1.2804304121488557
0.7142857142857142,7.259183673469387,-1.2208372388495359,-1.517836704893583,1.344590990732641
0.7142857142857142,7.4,-1.185333058444211,-1.4966262642383716,1.407333492542618
0.7346938775510203,0.5,-1.074737990675723,0.38620011006166377,0.800103764779355
0.7346938775510203,0.6408163265306123,-1.1101095120079847,0.2679433366519134,0.7798597398263785
0.7346938775510203,0.7816326530612245,-1.146858372859117,0.1538682116481256,0.758070225354884
0.7346938775510203,0.9224489795918367,-1.1851131602982032,0.043345943408817214,0.7347039529284242
0.7346938775510203,1.063265306122449,-1.225015428245303,-0.0642531789076807,0.7096978601338236
0.7346938775510203,1.2040816326530612,-1.2667231792901585,-0.16953255690486027,0.6829596129710297
0.7346938775510203,1.3448979591836734,-1.310414734255985,-0.27306388238757956,0.6543680026506508
0.7346938775510203,1.4857142857142858,-1.3562932443737448,-0.37539079263031444,0.6237715546084491
0.7346938775510203,1.626530612244898,-1.4045921283941059,-0.4770363855429094,0.5909854460572577
0.7346938775510203,1.76734693877551,-1.4555817743815793,-0.578512464186951,0.5557866236097465
0.7346938775510203,1.9081632653061225,-1.509577939444997,-0.6803296578147625,0.5179067955244607
0.7346938775510203,2.0489795918367344,-1.5669524168229847,-0.7830081345656826,0.477022748694325
0.7346938775510203,2.1897959183673468,-1.6281467255777549,-0.8870888647396421,0.4327430861466202
0.7346938775510203,2.330612244897959,-1.693689826592881,-0.9931452846999588,0.3845900120631983
0.7346938775510203,2.4714285714285715,-1.7642211689150757,-1.1017950464011619,0.3319739992927233
0.7346938775510203,2.6122448979591835,-1.8405206664999574,-1.2137105956050203,0.27415794416736006
0.7346938775510203,2.753061224489796,-1.923547275680898,-1.3296255943068653,0.21020515651637636
0.7346938775510203,2.8938775510204082,-2.0144869887165022,-1.450330435872726,0.13890200777871267
0.7346938775510203,3.03469387755102,-2.1148071523702763,-1.576641116633236,0.05863841814333486
0.7346938775510203,3.1755102040816325,-2.2263006771174543,-1.7093073876580918,-0.03278415273347186
0.7346938775510203,3.316326530612245,-2.3510613197966723,-1.8487854728906814,-0.13847730714415585
0.7346938775510203,3.457142857142857,-2.491198720606467,-1.994717004895725,-0.26305140334758914
0.7346938775510203,3.5979591836734692,-2.64769289265436,-2.1448127790224585,-0.4137616093643555
0.7346938775510203,3.7387755102040816,-2.816626088666111,-2.2927239544148583,-0.6030156140855876
0.7346938775510203,3.8795918367346935,-2.9789422450650966,-2.425039430652834,-0.8548067435296526
0.7346938775510203,4.020408163265306,-3.0850992560120267,-2.5205112211018563,-1.2259804156394343
0.7346938775510203,4.161224489795918,-3.075258625576594,-2.5588151563675297,-1.9226355458821973
0.7346938775510203,4.302040816326531,-2.9568112932104125,-2.5371825391797307,-3.049565144651913
0.7346938775510203,4.442857142857143,-2.7928102914014943,-2.473200747342617,-1.5188987557271625
0.7346938775510203,4.5836734693877546,-2.6271783133451825,-2.3892643546734273,-0.9807086987755651
0.7346938775510203,4.724489795918367,-2.4753160968578354,-2.300902811053123,-0.6409193646752628
0.7346938775510203,4.865306122448979,-2.339838177445607,-2.215964440469371,-0.38944848621002104
0.7346938775510203,5.006122448979592,-2.2194195547069064,-2.137553868418002,-0.18811504808111265
0.7346938775510203,5.146938775510204,-2.111910919751063,-2.0664407859368623,-0.019090498675035518
0.7346938775510203,5.2877551020408164,-2.0152620747997094,-2.0023840272444904,0.12740894407312872
0.7346938775510203,5.428571428571429,-1.9277380660878012,-1.9447630864391727,0.25733780243489296
0.7346938775510203,5.56938775510204,-1.8479244408804851,-1.8928580845321583,0.3745925306833782
0.7346938775510203,5.710204081632653,-1.7746790219924458,-1.8459665605912143,0.48186469736876886
0.7346938775510203,5.851020408163265,-1.7070780761505238,-1.8034461393026473,0.5810929501353095
0.7346938775510203,5.9918367346938775,-1.6443698855422255,-1.7647251358398577,0.6737213068264044
0.7346938775510203,6.13265306122449,-1.5859377461757649,-1.7292996873052706,0.7608556061595948
0.7346938775510203,6.273469387755102,-1.5312713111922176,-1.6967259313196519,0.8433625270107666
0.7346938775510203,6.414285714285714,-1.4799445893380172,-1.6666109454648488,0.9219349650507489
0.7346938775510203,6.555102040816326,-1.4315990454675085,-1.6386040302357394,0.9971365727891023
0.7346938775510203,6.6959183673469385,-1.3859305540430804,-1.612388879285241,1.0694329019268864
0.7346938775510203,6.836734693877551,-1.342679259594849,-1.58767683805979,1.1392138411035524
0.7346938775510203,6.977551020408163,-1.301621630852977,-1.5642012065261657,1.206809966706948
0.7346938775510203,7.118367346938776,-1.2625641825011371,-1.5417124974929994,1.2725047665245282
0.7346938775510203,7.259183673469387,-1.225338476735584,-1.5199745960307232,1.3365439800080763
0.7346938775510203,7.4,-1.1897971047602116,-1.4987616467967386,1.3991427465793451
0.7551020408163265,0.5,-1.0746436830524133,0.38650552310004965,0.8001552994033923
0.7551020408163265,0.6408163265306123,-1.1099744927820747,0.2683534581304975,0.7799368886627687
0.7551020408163265,0.7816326530612245,-1.1466762807687318,0.15438718366510587,0.7581781485149995
0.7551020408163265,0.9224489795918367,-1.1848772018178662,0.04397773061323557,0.7348482000365135
0.7551020408163265,1.063265306122449,-1.224718188372735,-0.06350417316722742,0.7098845301489254
0.7551020408163265,1.2040816326530612,-1.2663564244916514,-0.16866107202900252,0.6831955292521353
0.7551020408163265,1.3448979591836734,-1.3099691933727602,-0.27206348080433684,0.6546609124872874
0.7551020408163265,1.4857142857142858,-1.3557583530681392,-0.3742535784695155,0.6241303653988839
0.7551020408163265,1.626530612244898,-1.403955720683164,-0.4757527182096666,0.591420513368916
0.7551020408163265,1.76734693877551,-1.4548297009204212,-0.5770706371406382,0.5563101121743895
0.7551020408163265,1.9081632653061225,-1.5086935860988322,-0.678715513869734,0.5185331411620147
0.7551020408163265,2.0489795918367344,-1.565916088219363,-0.7812045930055003,0.477769261995215
0.7551020408163265,2.1897959183673468,-1.626934845716915,-0.8850753313704628,0.43363075633085235
0.7551020408163265,2.330612244897959,-1.6922738914780142,-0.9908969214284586,0.38564459955123925
0.7551020408163265,2.4714285714285715,-1.7625663640989921,-1.0992818766816583,0.3332275532170848
0.7551020408163265,2.6122448979591835,-1.8385840381949914,-1.210896454326446,0.2756509604712343
0.7551020408163265,2.753061224489796,-1.9212753299162437,-1.3264670000992846,0.2119897356286843
0.7551020408163265,2.8938775510204082,-2.0118126331104627,-1.4467756472010445,0.1410466192541301
0.7551020408163265,3.03469387755102,-2.1116461302562555,-1.5726301047294013,0.06123537272466666
0.7551020408163265,3.1755102040816325,-2.2225485231778483,-1.70477456729208,-0.02960645119859664
0.7551020408163265,3.316326530612245,-2.3465948278065385,-1.843669685091639,-0.13453311759030034
0.7551020408163265,3.457142857142857,-2.4858956005935817,-1.9889891056074556,-0.25805811675944523
0.7551020408163265,3.5979591836734692,-2.641514076235194,-2.138542098084654,-0.4072591702236006
0.7551020408163265,3.7387755102040816,-2.8098905837132166,-2.2862144092996086,-0.5941802613542199
0.7551020408163265,3.8795918367346935,-2.973028632725066,-2.419022718013107,-0.8419341780047203
0.7551020408163265,4.020408163265306,-3.083061783990481,-2.5161667563870616,-1.2045404086430436
0.7551020408163265,4.161224489795918,-3.0792884125993405,-2.5571740618420047,-1.8713790488417732
0.7551020408163265,4.302040816326531,-2.964962782320277,-2.5382885108148647,-3.290749726631394
0.7551020408163265,4.442857142857143,-2.80220542899485,-2.476228179589863,-1.5591890498602223
0.7551020408163265,4.5836734693877546,-2.6364119988002885,-2.3932901782256177,-1.0040816606944512
0.7551020408163265,4.724489795918367,-2.4839691121388263,-2.305300443792167,-0.6580537133451797
0.7551020408163265,4.865306122448979,-2.3478616259686316,-2.220393404853136,-0.4033726539533244
0.7551020408163265,5.006122448979592,-2.226874190344304,-2.141851247150237,-0.20010814286098316
0.7551020408163265,5.146938775510204,-2.1188791838805905,-2.0705380669302254,-0.029813624620861706
0.7551020408163265,5.2877551020408164,-2.021821501165414,-2.0062596558869967,0.11756850629592676
0.7551020408163265,5.428571428571429,-1.9339548663381114,-1.9484179393487706,0.24813268061780827
0.7551020408163265,5.56938775510204,-1.8538533843927247,-1.8963031415972593,0.36585411436737103
0.7551020408163265,5.710204081632653,-1.7803650337854107,-1.84921702305458,0.47347214544656685
0.7551020408163265,5.851020408163265,-1.7125580487029457,-1.8065184832803278,0.5729559152897639
0.7551020408163265,5.9918367346938775,-1.6496742843434533,-1.7676358381195174,0.6657697851692191
0.7551020408163265,6.13265306122449,-1.5910919168455309,-1.7320647253125008,0.7530336093652126
0.7551020408163265,6.273469387755102,-1.536296511253464,-1.6993606806896906,0.8356239782430149
0.7551020408163265,6.414285714285714,-1.4848587940566464,-1.66913028454195,0.9142409281617165
0.7551020408163265,6.555102040816326,-1.4364175758467843,-1.641022540480141,0.9894533221452083
0.7551020408163265,6.6959183673469385,-1.390666568003099,-1.614721101237307,1.061730535886647
0.7551020408163265,6.836734693877551,-1.3473441376759208,-1.5899375468925272,1.131465257789209
0.7551020408163265,6.977551020408163,-1.306225281444287,-1.5664056986833421,1.1989900972765037
0.7551020408163265,7.118367346938776,-1.2671152846165705,-1.543876876330818,1.264589982435324
0.7551020408163265,7.259183673469387,-1.2298446740827833,-1.5221160565772436,1.328511588725352
0.7551020408163265,7.4,-1.1942651627569338,-1.5008987488628398,1.3909706283828371
0.7755102040816326,0.5,-1.0745494249336784,0.3868108183000504,0.8002067995386432
0.7755102040816326,0.6408163265306123,-1.109839558797558,0.26876340318684694,0.7800139764277644
0.7755102040816326,0.7816326530612245,-1.1464943222385438,0.15490591298290232,0.7582859738156142
0.7755102040816326,0.9224489795918367,-1.1846414405181735,0.044609198525947316,0.7349922999044417
0.7755102040816326,1.063265306122449,-1.224421228243864,-0.06275557797621936,0.7100709877311906
0.7755102040816326,1.2040816326530612,-1.2659900557214263,-0.1677901093824143,0.6834311478204942
0.7755102040816326,1.3448979591836734,-1.3095241747457984,-0.2710637407994745,0.6549534136080232
0.7755102040816326,1.4857142857142858,-1.3552241582848659,-0.37311720184718433,0.624488623318739
0.7755102040816326,1.626530612244898,-1.4033202323667726,-0.47447011219939217,0.5918548406715877
0.7755102040816326,1.76734693877551,-1.4540788322161902,-0.5756301570907512,0.5568326174843667
0.7755102040816326,1.9081632653061225,-1.5078108037409979,-0.6771030827638317,0.5191581864981453
0.7755102040816326,2.0489795918367344,-1.5648818022461357,-0.7794032334633177,0.4785140599659121
0.7755102040816326,2.1897959183673468,-1.6257256185906122,-0.8830645834770458,0.43451616463805864
0.7755102040816326,2.330612244897959,-1.690861402510061,-0.9886521201034201,0.386696199741397
0.7755102040816326,2.4714285714285715,-1.7609160433842281,-1.0967732712304725,0.3344771473102129
0.7755102040816326,2.6122448979591835,-1.8366532600783148,-1.2080881716870098,0.2771386966180813
0.7755102040816326,2.753061224489796,-1.9190110414976362,-1.3233159322044632,0.2137672136672642
0.7755102040816326,2.8938775510204082,-2.0091483300392294,-1.443230515170461,0.14318156851451153
0.7755102040816326,3.03469387755102,-2.1084983151350745,-1.568631410514687,0.063818972676388
0.7755102040816326,3.1755102040816325,-2.2188136185320393,-1.70025721296523,-0.026447597633429833
0.7755102040816326,3.316326530612245,-2.3421503327899145,-1.8385725953110397,-0.13061628813653195
0.7755102040816326,3.457142857142857,-2.480618483327675,-1.9832818257869682,-0.2531061135161068
0.7755102040816326,3.5979591836734692,-2.6353586408761824,-2.1322888827999376,-0.4008225519685074
0.7755102040816326,3.7387755102040816,-2.8031499452902904,-2.279705987222295,-0.5854589227639989
0.7755102040816326,3.8795918367346935,-2.967012902331477,-2.412967042356388,-0.8292874603033795
0.7755102040816326,4.020408163265306,-3.0807632790174173,-2.511722215993283,-1.1836833299603677
0.7755102040816326,4.161224489795918,-3.083045530916146,-2.555390979723749,-1.8231392359114365
0.7755102040816326,4.302040816326531,-2.9729964034786773,-2.539263971183941,-3.624337382275279
0.7755102040816326,4.442857142857143,-2.811594560950216,-2.479168789080737,-1.601276158674195
0.7755102040816326,4.5836734693877546,-2.64568169754829,-2.3972706165915016,-1.028003780494561
0.7755102040816326,4.724489795918367,-2.49266791458386,-2.309680308075858,-0.675458511397947
0.7755102040816326,4.865306122448979,-2.355929589190135,-2.2248204864431615,-0.4174602873522098
0.7755102040816326,5.006122448979592,-2.23436898341783,-2.1461552520070315,-0.21221176242556156
0.7755102040816326,5.146938775510204,-2.125882831538774,-2.074646290555731,-0.04061679684976563
0.7755102040816326,5.2877551020408164,-2.0284119309436965,-2.01014824403822,0.10766746880541617
0.7755102040816326,5.428571428571429,-1.940198866424943,-1.9520865491629418,0.23888036810844354
0.7755102040816326,5.56938775510204,-1.8598062731651137,-1.899762017439183,0.3570782756653043
0.7755102040816326,5.710204081632653,-1.7860722125458781,-1.852481031470768,0.4650497023937303
0.7755102040816326,5.851020408163265,-1.7180568004001675,-1.8096039029654014,0.5647950385815699
0.7755102040816326,5.9918367346938775,-1.654995390540058,-1.770559036234379,0.6577994893745327
0.7755102040816326,6.13265306122449,-1.5962609771093625,-1.734841613242215,0.7451972304164485
0.7755102040816326,6.273469387755102,-1.5413349869280273,-1.7020065841446521,0.82787498633763
0.7755102040816326,6.414285714285714,-1.4897848239209632,-1.6716600317272527,0.9065400914465631
0.7755102040816326,6.555102040816326,-1.4412466120115657,-1.6434506511899847,0.9817667365687908
0.7755102040816326,6.6959183673469385,-1.3954118733463734,-1.6170620347785507,1.0540282143146975
0.7755102040816326,6.836734693877551,-1.3520171764283895,-1.5922059706006044,1.1237200894054569
0.7755102040816326,6.977551020408163,-1.310836028230144,-1.5686167685970596,1.1911770698446567
0.7755102040816326,7.118367346938776,-1.2716724702167526,-1.546046518110419,1.2566855763458922
0.7755102040816326,7.259183673469387,-1.234355981953071,-1.5242612405137006,1.3204932960434788
0.7755102040816326,7.4,-1.1987373878236556,-1.503037763039884,1.3828165512842707
0.7959183673469387,0.5,-1.0744552162972696,0.38711599580316464,0.80025826520575
0.7959183673469387,0.6408163265306123,-1.1097047100074156,0.2691731718168741,0.7800910031622755
0.7959183673469387,0.7816326530612245,-1.1463124971796435,0.15542439959330853,0.7583937013344108
0.7959183673469387,0.9224489795918367,-1.1844058762406955,0.045240347158764675,0.7351362526709418
0.7959183673469387,1.063265306122449,-1.2241245475881146,-0.062007393266108886,0.7102572331181721
0.7959183673469387,1.2040816326530612,-1.2656240725328793,-0.16691966872231165,0.683666469070111
0.7959183673469387,1.3448979591836734,-1.3090796776572158,-0.2700646619428526,0.6552455066497063
0.7959183673469387,1.4857142857142858,-1.3546906588964147,-0.3719816619495329,0.6248463293761702
0.7959183673469387,1.626530612244898,-1.4026856617069543,-0.4731885660284344,0.5922884295345928
0.7959183673469387,1.76734693877551,-1.4533291656281544,-0.5741910217072681,0.5573541419509638
0.7959183673469387,1.9081632653061225,-1.506929588406223,-0.6754923608217877,0.5197819352023545
0.7959183673469387,2.0489795918367344,-1.5638495530015186,-0.7776040502838857,0.4792571481556827
0.7959183673469387,2.1897959183673468,-1.6245190354685806,-0.8810566119138886,0.4353993194328183
0.7959183673469387,2.330612244897959,-1.689452346840294,-0.9864108680127964,0.38774482525013765
0.7959183673469387,2.4714285714285715,-1.7592701879179928,-1.0942692113485921,0.3357228006668433
0.7959183673469387,2.6122448979591835,-1.8347283045799476,-1.2052857204248075,0.27862118171913014
0.7959183673469387,2.753061224489796,-1.9167543703022452,-1.3201723513799113,0.21553763552551747
0.7959183673469387,2.8938775510204082,-2.006494021776219,-1.4396949843609812,0.1453069259484048
0.7959183673469387,3.03469387755102,-2.105363626198894,-1.5646449584522344,0.06638933090006054
0.7959183673469387,3.1755102040816325,-2.2150958578590467,-1.6957552297027,-0.023307405284237262
0.7959183673469387,3.316326530612245,-2.3377277253477287,-1.8334941076081201,-0.12672649668098046
0.7959183673469387,3.457142857142857,-2.4753673623477948,-1.9775951413796036,-0.24819480499786678
0.7959183673469387,3.5979591836734692,-2.6292270936098494,-2.1260533923900145,-0.3944505861012239
0.7959183673469387,3.7387755102040816,-2.7964064632912895,-2.2731996911337213,-0.5768489728832533
0.7959183673469387,3.8795918367346935,-2.960901150707707,-2.4068743657773823,-0.8168598221737269
0.7959183673469387,4.020408163265306,-3.0782091685368704,-2.5071804436616314,-1.1633799372263753
0.7959183673469387,4.161224489795918,-3.086524030983105,-2.5534669712697404,-1.7775890084722943
0.7959183673469387,4.302040816326531,-2.9809039864860516,-2.5401073705393986,-4.170157515601729
0.7959183673469387,4.442857142857143,-2.820973872893043,-2.4820200635221337,-1.6453356364537584
0.7959183673469387,4.5836734693877546,-2.654986322268296,-2.4012035798688496,-1.0525040847847642
0.7959183673469387,4.724489795918367,-2.5014124733400895,-2.314041011645783,-0.6931438246278864
0.7959183673469387,4.865306122448979,-2.364042374272736,-2.229244837979133,-0.4317161993623326
0.7959183673469387,5.006122448979592,-2.241904319625593,-2.150465388003991,-0.22442866457694613
0.7959183673469387,5.146938775510204,-2.13292223996551,-2.0787651755719185,-0.05150179245475567
0.7959183673469387,5.2877551020408164,-2.0350337075495735,-2.0140496386167137,0.09770458661610724
0.7959183673469387,5.428571428571429,-1.9464703641258567,-1.9557687027665087,0.22957980799880365
0.7959183673469387,5.56938775510204,-1.8657833785042552,-1.9032346814740961,0.34826428244424423
0.7959183673469387,5.710204081632653,-1.7918008003871235,-1.8557585846974038,0.45659676696417656
0.7959183673469387,5.851020408163265,-1.7235745493163477,-1.8127024150752449,0.5566098111216834
0.7959183673469387,5.9918367346938775,-1.6603334026603045,-1.7734947593632526,0.6498099640687574
0.7959183673469387,6.13265306122449,-1.6014451099833427,-1.7376303890831686,0.7373460522404598
0.7959183673469387,6.273469387755102,-1.5463869090768267,-1.7046636868393525,0.8201151567304257
0.7959183673469387,6.414285714285714,-1.4947228405502289,-1.6742002395902946,0.8988320717473384
0.7959183673469387,6.555102040816326,-1.4460863088119609,-1.6458884233935087,0.9740764320103522
0.7959183673469387,6.6959183673469385,-1.400166620351141,-1.6194117509114492,1.0463255457690992
0.7959183673469387,6.836734693877551,-1.3566985235158615,-1.5944821933108166,1.115977926638382
0.7959183673469387,6.977551020408163,-1.3154540180285077,-1.5708345168584374,1.183370447403208
0.7959183673469387,7.118367346938776,-1.2762358870601838,-1.5482215452579544,1.2487910813840024
0.7959183673469387,7.259183673469387,-1.2388725506068952,-1.5264102996201963,1.312488583130656
0.7959183673469387,7.4,-1.2032139343187305,-1.5051788775018775,1.3746799379851107
0.8163265306122448,0.5,-1.0743610571202176,0.38742105544567734,0.8003096964227691
0.8163265306122448,0.6408163265306123,-1.1095699463646482,0.2695827640165882,0.7801679689072077
0.8163265306122448,0.7816326530612245,-1.1461308055031671,0.1559426434882096,0.7585013311490156
0.8163265306122448,0.9224489795918367,-1.1841705088274803,0.045871176599900094,0.7352800584747857
0.8163265306122448,1.063265306122449,-1.223828146135413,-0.0612596189374223,0.710443266547131
0.8163265306122448,1.2040816326530612,-1.2652584744800746,-0.1660497498315315,0.6839014933942672
0.8163265306122448,1.3448979591836734,-1.308635701390661,-0.26906624380614713,0.6555371922477524
0.8163265306122448,1.4857142857142858,-1.354157853778124,-0.37084695796617495,0.6252034845765869
0.8163265306122448,1.626530612244898,-1.4020520069700795,-0.4719080783473439,0.5927212815223987
0.8163265306122448,1.76734693877551,-1.4525806985238248,-0.5727532287681952,0.5578746879767388
0.8163265306122448,1.9081632653061225,-1.5060499361443853,-0.6738833443856558,0.5204043909287577
0.8163265306122448,2.0489795918367344,-1.5628193346090724,-0.7758070378405084,0.47999853208724563
0.8163265306122448,2.1897959183673468,-1.6233150876624336,-0.8790514085815009,0.43628022903681885
0.8163265306122448,2.330612244897959,-1.6880467116883742,-0.9841731525196782,0.3887904886160848
0.8163265306122448,2.4714285714285715,-1.7576287789576892,-1.091769678458043,0.3369645322471256
0.8163265306122448,2.6122448979591835,-1.832809144300602,-1.2024890734817837,0.28009844465141437
0.8163265306122448,2.753061224489796,-1.9145052764752337,-1.3170362186605449,0.21730104566050787
0.8163265306122448,2.8938775510204082,-2.0038496509815924,-1.436168999763286,0.14742276120267572
0.8163265306122448,3.03469387755102,-2.1022419831048067,-1.560670673557315,0.06894655890994929
0.8163265306122448,3.1755102040816325,-2.2113951360489503,-1.6912685229896876,-0.020185690087610772
0.8163265306122448,3.316326530612245,-2.333326894553723,-1.8284341254919159,-0.12286342662045656
0.8163265306122448,3.457142857142857,-2.4701422222012717,-1.971929023854253,-0.2433236147339939
0.8163265306122448,3.5979591836734692,-2.6231199052689314,-2.1198358696872646,-0.3881421344945242
0.8163265306122448,3.7387755102040816,-2.7896623160847422,-2.2666964807613526,-0.5683478749368525
0.8163265306122448,3.8795918367346935,-2.954699327474747,-2.4007468813483217,-0.8046443759541165
0.8163265306122448,4.020408163265306,-3.0754052471018216,-2.5025442961761932,-1.1436031275016703
0.8163265306122448,4.161224489795918,-3.089718417738177,-2.551403234175885,-1.734451688496773
0.8163265306122448,4.302040816326531,-2.9886771610062772,-2.5408172576161503,-5.952249723222225
0.8163265306122448,4.442857142857143,-2.83033932495249,-2.484779506753151,-1.6915704938249216
0.8163265306122448,4.5836734693877546,-2.6643246857596052,-2.4050869421708896,-1.0776139437287129
0.8163265306122448,4.724489795918367,-2.510202722838248,-2.318381122664974,-0.7111202792475041
0.8163265306122448,4.865306122448979,-2.372200279034005,-2.233665582581834,-0.44614540946246445
0.8163265306122448,5.006122448979592,-2.2494805843590098,-2.154781139893858,-0.23676170896730386
0.8163265306122448,5.146938775510204,-2.1399977891076296,-2.082894427742723,-0.062470441374715975
0.8163265306122448,5.2877551020408164,-2.041687177818836,-2.017963678011623,0.08767858280689868
0.8163265306122448,5.428571428571429,-1.952769677327984,-1.9594644695108474,0.22023020065638785
0.8163265306122448,5.56938775510204,-1.8717849748485822,-1.9067211018302528,0.3394113904852918
0.8163265306122448,5.710204081632653,-1.7975510419875442,-1.8590496790506499,0.4481127279537799
0.8163265306122448,5.851020408163265,-1.7291115156272328,-1.8158140349680119,0.5483997117288404
0.8163265306122448,5.9918367346938775,-1.6656885210336443,-1.7764430353875484,0.6418007487890413
0.8163265306122448,6.13265306122449,-1.606644499949412,-1.7404310896891224,0.7294796541003228
0.8163265306122448,6.273469387755102,-1.5514524497708018,-1.7073320335102833,0.8123440938732619
0.8163265306122448,6.414285714285714,-1.4996730064666741,-1.676750959899977,0.8911164848510006
0.8163265306122448,6.555102040816326,-1.4509368217487846,-1.6483359170058198,0.9663820260377598
0.8163265306122448,6.6959183673469385,-1.4049309596902197,-1.6217703195752244,1.0386221399059532
0.8163265306122448,6.836734693877551,-1.3613883267522293,-1.5967662977844248,1.108238362475433
0.8163265306122448,6.977551020408163,-1.3200793976257115,-1.5730590434318035,1.17556979811033
0.8163265306122448,7.118367346938776,-1.2808056825173677,-1.5504020785103514,1.2409060313997937
0.8163265306122448,7.259183673469387,-1.2433945296334477,-1.5285633825437492,1.3044969376498696
0.8163265306122448,7.4,-1.2076949556258845,-1.5073222761494836,1.3665602201086091
0.836734693877551,0.5,-1.0742669473799384,0.38772599723349194,0.8003610932091288
0.836734693877551,0.6408163265306123,-1.1094352678222525,0.26999217978212814,0.7802448737034506
0.836734693877551,0.7816326530612245,-1.1459492471203017,0.1564606446595696,0.7586088633370066
0.836734693877551,0.9224489795918367,-1.1839353381200046,0.04650168676378253,0.7354237174542019
0.836734693877551,1.063265306122449,-1.2235320236161196,-0.060512254880460366,0.7106290882550174
0.836734693877551,1.2040816326530612,-1.2648932611173236,-0.16518035259534714,0.6841362211854424
0.836734693877551,1.3448979591836734,-1.308192245231297,-0.26806848596281896,0.655828471036125
0.836734693877551,1.4857142857142858,-1.3536257418081745,-0.36971308909011685,0.6255600899226881
0.836734693877551,1.626530612244898,-1.4014192664278335,-0.4706286477731284,0.593153398194473
0.836734693877551,1.76734693877551,-1.4518334282801728,-0.5713167759640158,0.5583942579553131
0.836734693877551,1.9081632653061225,-1.5051718430204508,-0.6722760298146779,0.521025557316127
0.836734693877551,2.0489795918367344,-1.5617911412175687,-0.7740121905348749,0.48073821725693083
0.836734693877551,2.1897959183673468,-1.6221137665280094,-0.8770489650357883,0.43715890172587446
0.836734693877551,2.330612244897959,-1.6866444843419206,-0.981938961049703,0.3898332023004668
0.836734693877551,2.4714285714285715,-1.7559917978702062,-1.0892746541015224,0.3382023608784841
0.836734693877551,2.6122448979591835,-1.8308957520145184,-1.1996982039901878,0.2815705140611242
0.836734693877551,2.753061224489796,-1.912263720430855,-1.3139074954706473,0.21905748822342871
0.836734693877551,2.8938775510204082,-2.0012151607007396,-1.4326525067939349,0.14952914318858135
0.836734693877551,3.03469387755102,-2.0991333059787336,-1.5567084813974363,0.07149076685781637
0.836734693877551,3.1755102040816325,-2.207711348229187,-1.6867969987812546,-0.017082270619504927
0.836734693877551,3.316326530612245,-2.3289477280751036,-1.823392551985357,-0.11902676674401715
0.836734693877551,3.457142857142857,-2.464943038924819,-1.966283440350677,-0.23849197817187998
0.836734693877551,3.5979591836734692,-2.6170375121613523,-2.1136365418197927,-0.3818960883313443
0.836734693877551,3.7387755102040816,-2.782919574140732,-2.2601972771535,-0.5599531768451628
0.836734693877551,3.8795918367346935,-2.948413227467288,-2.394586724274486,-0.7926345514438896
0.836734693877551,4.020408163265306,-3.072357643919953,-2.4978166378052564,-1.1243277334674673
0.836734693877551,4.161224489795918,-3.0926236857640386,-2.5492010803434555,-1.693491210125139
0.836734693877551,4.302040816326531,-2.996307370935122,-2.5413922857193616,-4.431851200429514
0.836734693877551,4.442857142857143,-2.8396866456672933,-2.487444638629419,-1.740216726659217
0.836734693877551,4.5836734693877546,-2.673695495048986,-2.4089185430191606,-1.1033673305459426
0.836734693877551,4.724489795918367,-2.5190385601864875,-2.3226991699992308,-0.7293991047465485
0.836734693877551,4.865306122448979,-2.3804035909884242,-2.238081813092882,-0.4607531560118023
0.836734693877551,5.006122448979592,-2.2570981625048807,-2.159101972039662,-0.24921384703377947
0.836734693877551,5.146938775510204,-2.147109861524765,-2.0870337392892324,-0.07352462858895016
0.836734693877551,5.2877551020408164,-2.0483726920107794,-2.0218901915983247,0.07758814737444336
0.836734693877551,5.428571428571429,-1.959097116308936,-1.963173725584696,0.21083053902683274
0.836734693877551,5.56938775510204,-1.8778113395642189,-1.910221240735645,0.33051883973864354
0.836734693877551,5.710204081632653,-1.803323184635013,-1.8623543083073728,0.43959696388783187
0.836734693877551,5.851020408163265,-1.7346679217164291,-1.8189387761846874,0.5401642118612814
0.836734693877551,5.9918367346938775,-1.6710609478262826,-1.779403890849301,0.6337713778024742
0.836734693877551,6.13265306122449,-1.6118593329786606,-1.743243750564551,0.7215976112353093
0.836734693877551,6.273469387755102,-1.5565317822705307,-1.7100116677759063,0.8045613991936778
0.836734693877551,6.414285714285714,-1.5046354851276444,-1.6793122436026378,0.8833929453651593
0.836734693877551,6.555102040816326,-1.4557983070035208,-1.6507931908712705,0.9586831375816219
0.836734693877551,6.6959183673469385,-1.4097050424639619,-1.6241378096626946,1.0309176073260449
0.836734693877551,6.836734693877551,-1.366086734133666,-1.5990583654558765,1.1005009920621653
0.836734693877551,6.977551020408163,-1.324712313704313,-1.5752904460336405,1.167774692857632
0.836734693877551,7.118367346938776,-1.285382003622293,-1.552588236484457,1.2330299637553295
0.836734693877551,7.259183673469387,-1.2479220680107657,-1.5307206348113347,1.2965178538654267
0.836734693877551,7.4,-1.2121806041932843,-1.5094681389415516,1.3584568371391148
0.8571428571428571,0.5,-1.0741728870538463,0.3880308211726454,0.8004124555842346
0.8571428571428571,0.6408163265306123,-1.1093006743332416,0.27040141910972443,0.7803217175918687
0.8571428571428571,0.7816326530612245,-1.14576782194229,0.15697840309944636,0.7587162979759015
0.8571428571428571,0.9224489795918367,-1.1837003639602794,0.0471318776744594,0.7355672297469545
0.8571428571428571,1.063265306122449,-1.2232361797603257,-0.05976530111435011,0.7108146984782419
0.8571428571428571,1.2040816326530612,-1.2645284320001051,-0.1643114768186537,0.684370652835439
0.8571428571428571,1.3448979591836734,-1.307749308465809,-0.2670713879881284,0.656119343647342
0.8571428571428571,1.4857142857142858,-1.3530943218675844,-0.36858005451773146,0.6259161464144506
0.8571428571428571,1.626530612244898,-1.4007874383570653,-0.46935027290927805,0.5935847811053107
0.8571428571428571,1.76734693877551,-1.451087352282988,-0.5698816609967413,0.5589128542715829
0.8571428571428571,1.9081632653061225,-1.5042953051143397,-0.6706704134830397,0.5216454379880119
0.8571428571428571,2.0489795918367344,-1.560764967000849,-0.772219502796925,0.48147620913486133
0.8571428571428571,2.1897959183673468,-1.6209150634694438,-0.875049271842077,0.4380353458589694
0.8571428571428571,2.330612244897959,-1.685245652146277,-0.9797082812361813,0.3908729784737586
0.8571428571428571,2.4714285714285715,-1.7543592261311753,-1.0867841199411483,0.3394363052564575
0.8571428571428571,2.6122448979591835,-1.8289881006683173,-1.1969130852713685,0.28303741836638124
0.8571428571428571,2.753061224489796,-1.9100296628454907,-1.3107861433772143,0.22080700681106347
0.8571428571428571,2.8938775510204082,-1.9985904943630244,-1.4291454512948933,0.15162614009473246
0.8571428571428571,3.03469387755102,-2.0960375154181987,-1.5527583080901026,0.07402206355341033
0.8571428571428571,3.1755102040816325,-2.204044389789843,-1.6823405635138842,-0.01399696804328085
0.8571428571428571,3.316326530612245,-2.324590112287568,-1.8183692896677455,-0.11521621112905124
0.8571428571428571,3.457142857142857,-2.4597697805043954,-1.9606583538841136,-0.23369934236284318
0.8571428571428571,3.5979591836734692,-2.610980317681118,-2.107455620877247,-0.3757113671003886
0.8571428571428571,3.7387755102040816,-2.7761802036893477,-2.2537029629270626,-0.5516625075196425
0.8571428571428571,3.8795918367346935,-2.942048485092524,-2.3883959758792312,-0.7808240767830357
0.8571428571428571,4.020408163265306,-3.069072789548587,-2.4930003350376637,-1.1055303435100858
0.8571428571428571,4.161224489795918,-3.0952353509558317,-2.5468619571627493,-1.654504482401535
0.8571428571428571,4.302040816326531,-3.0037858927289243,-2.541831229022745,-3.759120390117674
0.8571428571428571,4.442857142857143,-2.8490113242934294,-2.4900129997722034,-1.7915508740086106
0.8571428571428571,4.5836734693877546,-2.6830973452274143,-2.4126961888940133,-1.129801117961394
0.8571428571428571,4.724489795918367,-2.5279198415500934,-2.3269936343358824,-0.7479922369003683
0.8571428571428571,4.865306122448979,-2.388652586325336,-2.2424925914175566,-0.47554490940626437
0.8571428571428571,5.006122448979592,-2.264757437956088,-2.163427327694904,-0.26178814145399815
0.8571428571428571,5.146938775510204,-2.154258842283897,-2.0911827885081804,-0.08466629643829297
0.8571428571428571,5.2877551020408164,-2.05509060379174,-2.025828999553456,0.06743193594904207
0.8571428571428571,5.428571428571429,-1.9654529965809964,-1.966896369119964,0.20137981943681632
0.8571428571428571,5.56938775510204,-1.883862753056099,-1.9137350562400444,0.3215858549176382
0.8571428571428571,5.710204081632653,-1.8091174782550872,-1.8656724633157964,0.43104884270175714
0.8571428571428571,5.851020408163265,-1.7402439922038022,-1.822076650158919,0.5319027753857324
0.8571428571428571,5.9918367346938775,-1.6764508870766852,-1.7823773509161231,0.6257213799328072
0.8571428571428571,6.13265306122449,-1.6170897966302822,-1.7460684071932402,0.7136994963063309
0.8571428571428571,6.273469387755102,-1.5616250810772123,-1.7127026323810353,0.7967666716489348
0.8571428571428571,6.414285714285714,-1.5096104409531919,-1.6818841408023528,0.8756610665982154
0.8571428571428571,6.555102040816326,-1.4606709214578217,-1.65326030314272,0.9509793837302886
0.8571428571428571,6.6959183673469385,-1.4144890201954468,-1.626514289191488,1.023211557485687
0.8571428571428571,6.836734693877551,-1.37079389386984,-1.601358476407558,1.0927654126220419
0.8571428571428571,6.977551020408163,-1.3293529129115114,-1.5775288205658553,1.1599847057932389
0.8571428571428571,7.118367346938776,-1.2899649971130431,-1.554780135498939,1.2251624204595537
0.8571428571428571,7.259183673469387,-1.252455314140706,-1.5328821992630266,1.2885508303315183
0.8571428571428571,7.4,-1.2166710315377496,-1.51161664250944,1.3503692341229228
0.8775510204081632,0.5,-1.0740788761193623,0.3883355272693421,0.800463783567497
0.8775510204081632,0.6408163265306123,-1.1091661658506449,0.27081048199572894,0.7803985006133225
0.8775510204081632,0.7816326530612245,-1.1455865298804133,0.15749591879997635,0.7588236351431789
0.8775510204081632,0.9224489795918367,-1.1834655861904357,0.047761749326301985,0.7357105954917144
0.8775510204081632,1.063265306122449,-1.2229406142988786,-0.05901875757134197,0.7110000974530006
0.8775510204081632,1.2040816326530612,-1.2641639866846544,-0.16344312230719524,0.6846047887353378
0.8775510204081632,1.3448979591836734,-1.3073068903823843,-0.266074949459115,0.6564098107124965
0.8775510204081632,1.4857142857142858,-1.3525635928401811,-0.3674478534487475,0.6262716550491396
0.8775510204081632,1.626530612244898,-1.4001565210396847,-0.468072952365233,0.5940154318044905
0.8775510204081632,1.76734693877551,-1.4503424679268366,-0.568447881579692,0.5594304793017086
0.8775510204081632,1.9081632653061225,-1.5034203185208932,-0.6690664917861636,0.5222640365528184
0.8775510204081632,2.0489795918367344,-1.5597408061576927,-0.7704289690846569,0.48221251316510333
0.8775510204081632,2.1897959183673468,-1.6197189699161252,-0.8730523220812053,0.4389095693670881
0.8775510204081632,2.330612244897959,-1.6838502025442443,-0.9774811003827172,0.3919098298841105
0.8775510204081632,2.4714285714285715,-1.7527310453242628,-1.0842980577577908,0.34066638394616744
0.8775510204081632,2.6122448979591835,-1.8270861633797697,-1.1941336908336186,0.28449918575899136
0.8775510204081632,2.753061224489796,-1.9078030646613395,-1.307672124332885,0.22254964472438715
0.8775510204081632,2.8938775510204082,-1.9959755957804015,-1.4256477795276816,0.15371381939435097
0.8775510204081632,3.03469387755102,-2.092954532495295,-1.5488200802999357,0.07654055648637359
0.8775510204081632,3.1755102040816325,-2.2003941564072624,-1.6778991241089085,-0.010929606065531203
0.8775510204081632,3.316326530612245,-2.3202539323853153,-1.8133642407391997,-0.11143145900871244
0.8775510204081632,3.457142857142857,-2.454622407314715,-1.955053723556704,-0.22894516564125061
0.8775510204081632,3.5979591836734692,-2.6049486938571342,-2.101293304406737,-0.36958691768809815
0.8775510204081632,3.7387755102040816,-2.7694460703598645,-2.2472143834141716,-0.5434735733326598
0.8775510204081632,3.8795918367346935,-2.9356105698563395,-2.3821766595283966,-0.7692069606133594
0.8775510204081632,4.020408163265306,-3.0655573820959727,-2.4880982504080627,-1.0871891421790099
0.8775510204081632,4.161224489795918,-3.097549480552332,-2.544387428573826,-1.6173155517683158
0.8775510204081632,4.302040816326531,-3.011103856290483,-2.542132983316665,-3.3856832050448786
0.8775510204081632,4.442857142857143,-2.8583086033983753,-2.492482156449139,-1.8458998729158556
0.8775510204081632,4.5836734693877546,-2.692528713018952,-2.41641765494875,-1.1569554180783088
0.8775510204081632,4.724489795918367,-2.53684638300273,-2.331262978848193,-0.76691215131327
0.8775510204081632,4.865306122448979,-2.3969475288199593,-2.246896947949369,-0.4905263859527503
0.8775510204081632,5.006122448979592,-2.2724587932626474,-2.167756628265776,-0.274487767086091
0.8775510204081632,5.146938775510204,-2.1614451188538206,-2.0953412398071984,-0.09589744706324248
0.8775510204081632,5.2877551020408164,-2.0618412702368434,-2.0297799131232286,0.057208568517207244
0.8775510204081632,5.428571428571429,-1.9718376374740465,-1.9706323031756245,0.19187702815852453
0.8775510204081632,5.56938775510204,-1.889939498946916,-1.9172625036330624,0.3126116470834294
0.8775510204081632,5.710204081632653,-1.8149341754617105,-1.8690041320756272,0.4224677214085661
0.8775510204081632,5.851020408163265,-1.7458399539928107,-1.8252276664130047,0.5236148583377592
0.8775510204081632,5.9918367346938775,-1.6818585447278083,-1.7853634392538678,0.6176502783763489
0.8775510204081632,6.13265306122449,-1.6223360800102837,-1.7489050933843566,0.7057848773026731
0.8775510204081632,6.273469387755102,-1.5667325219555805,-1.715404969071473,0.788959507596771
0.8775510204081632,6.414285714285714,-1.5145980393584837,-1.6844667007415666,0.8679204604641844
0.8775510204081632,6.555102040816326,-1.4655548227304043,-1.6557373110947577,0.9432703812289808
0.8775510204081632,6.6959183673469385,-1.419283044978928,-1.6288998247591921,1.0155036050726007
0.8775510204081632,6.836734693877551,-1.3755099544140301,-1.6036667094468873,1.0850312231479753
0.8775510204081632,6.977551020408163,-1.3340013418954733,-1.5797742612485646,1.152199414101814
0.8775510204081632,7.118367346938776,-1.294554809393139,-1.5569778890953465,1.2173029461969056
0.8775510204081632,7.259183673469387,-1.2569944159012243,-1.535048215757463,1.2805953718292051
0.8775510204081632,7.4,-1.2211663885500086,-1.5137679574377108,1.3422968726908293
0.8979591836734693,0.5,-1.0739849145538996,0.3886401155299277,0.8005150771783242
0.8979591836734693,0.6408163265306123,-1.1090317423275144,0.2712193684366056,0.7804752228086468
0.8979591836734693,0.7816326530612245,-1.1454053708460183,0.15801319175339193,0.7589308749162468
0.8979591836734693,0.9224489795918367,-1.1832310046527663,0.048391301728251075,0.7358538148264889
0.8979591836734693,1.063265306122449,-1.222645326962987,-0.05827262418404373,0.7111852854151404
0.8979591836734693,1.2040816326530612,-1.2637999247279776,-0.16257528886755088,0.6848386292754931
0.8979591836734693,1.3448979591836734,-1.306864990270726,-0.26507916995460484,0.6566998728612542
0.8979591836734693,1.4857142857142858,-1.352033553612601,-0.36631648508624504,0.6266266168213375
0.8979591836734693,1.626530612244898,-1.3995265127626417,-0.4667966847563343,0.5944453518367012
0.8979591836734693,1.76734693877551,-1.4495987726132553,-0.5670154367575696,0.5599471361271746
0.8979591836734693,1.9081632653061225,-1.502546879349813,-0.6674642611346209,0.5228813566038606
0.8979591836734693,2.0489795918367344,-1.5587186529116812,-0.7686405838840175,0.48294713476583967
0.8979591836734693,2.1897959183673468,-1.6185254773501105,-0.8710581069024137,0.43978158051950506
0.8979591836734693,2.330612244897959,-1.6824581230157727,-0.9752574060643622,0.3929437685377594
0.8979591836734693,2.4714285714285715,-1.7511072371404206,-1.0818164494502769,0.34189261538364607
0.8979591836734693,2.6122448979591835,-1.8251899134366931,-1.1913599943710127,0.2859558442071539
0.8979591836734693,2.753061224489796,-1.905583887082204,-1.3045654005520788,0.22428544484719307
0.8979591836734693,2.8938775510204082,-1.9933704091460156,-1.4221594381737388,0.15579224785967777
0.8979591836734693,3.03469387755102,-2.0898842787591603,-1.5448937252396207,0.07904635185014583
0.8979591836734693,3.1755102040816325,-2.1967605440663953,-1.673472587985285,-0.00788001088390335
0.8979591836734693,3.316326530612245,-2.3159390724857767,-1.8083773070703602,-0.10767221465947498
0.8979591836734693,3.457142857142857,-2.4495008725398693,-1.9494695046519248,-0.2242289173222471
0.8979591836734693,3.5979591836734692,-2.598942982824956,-2.0951497768537695,-0.3635217134200193
0.8979591836734693,3.7387755102040816,-2.7627189427916945,-2.2407323477811825,-0.535384154785846
0.8979591836734693,3.8795918367346935,-2.929104782893413,-2.375930742004249,-0.7577774756042688
0.8979591836734693,4.020408163265306,-3.061818353230716,-2.4831132405721994,-1.0692837683678948
0.8979591836734693,4.161224489795918,-3.0995627265188697,-2.541778982501081,-1.5817719100726402
0.8979591836734693,4.302040816326531,-3.0182522808820886,-2.5422964704479654,-3.1261707588554586
0.8979591836734693,4.442857142857143,-2.867573471823757,-2.494849705575177,-1.9036541023597784
0.8979591836734693,4.5836734693877546,-2.7019879500648787,-2.4200806870255325,-1.1848739753602713
0.8979591836734693,4.724489795918367,-2.545817952545297,-2.3355056092016606,-0.7861722267642877
0.8979591836734693,4.865306122448979,-2.4052886686733905,-2.2512938809634377,-0.5057035629389804
0.8979591836734693,5.006122448979592,-2.2802026092234966,-2.172089273217066,-0.28731601627869174
0.8979591836734693,5.146938775510204,-2.1686690809623363,-2.099508743027681,-0.10722014758748868
0.8979591836734693,5.2877551020408164,-2.0686250518062765,-2.033742733723786,0.04691662806660362
0.8979591836734693,5.428571428571429,-1.9782513615074857,-1.974381416475818,0.18232111943517276
0.8979591836734693,5.56938775510204,-1.8960418637000107,-1.92080353220734,0.3035954012853982
0.8979591836734693,5.710204081632653,-1.8207735315993783,-1.8723492996671525,0.4138529457408382
0.8979591836734693,5.851020408163265,-1.7514560363061495,-1.8283918324438595,0.5152999086744205
0.8979591836734693,5.9918367346938775,-1.6872841286773672,-1.788362178217651,0.6095575894230368
0.8979591836734693,6.13265306122449,-1.6275983738262878,-1.7517538417171041,0.6978533181023528
0.8979591836734693,6.273469387755102,-1.571854281975294,-1.7181187187030822,0.7811395006590379
0.8979591836734693,6.414285714285714,-1.5195984467564103,-1.6870599714857937,0.8601707366515837
0.8979591836734693,6.555102040816326,-1.470450169207147,-1.6582242710913324,0.9355557463788052
0.8979591836734693,6.6959183673469385,-1.4240872693827138,-1.6312944821757638,1.0077933627041633
0.8979591836734693,6.836734693877551,-1.3802350645016281,-1.6059831421037591,1.0772980244654635
0.8979591836734693,6.977551020408163,-1.3386577473385246,-1.582026860711076,1.1444183979589597
0.8979591836734693,7.118367346938776,-1.2991515868036922,-1.5591816096692288,1.2094510935385288
0.8979591836734693,7.259183673469387,-1.2615395207135383,-1.53721882011604,1.272650996102862
0.8979591836734693,7.4,-1.2256668252438292,-1.5159222518188777,1.3342392170410844
0.9183673469387754,0.5,-1.073891002334882,0.38894458596095977,0.8005663364361153
0.9183673469387754,0.6408163265306123,-1.1088974037168888,0.27162807842892095,0.780551884218665
0.9183673469387754,0.7816326530612245,-1.1452243447504877,0.15853022195200459,0.7590380173724806
0.9183673469387754,0.9224489795918367,-1.1829966191897154,0.049020534889363566,0.7359968878891425
0.9183673469387754,1.063265306122449,-1.222350317484213,-0.057526900885496036,0.7113702626001729
0.9183673469387754,1.2040816326530612,-1.2634362456878399,-0.16170797630714198,0.6850721748455418
0.9183673469387754,1.3448979591836734,-1.30642360742204,-0.26408404905518756,0.6569895307218506
0.9183673469387754,1.4857142857142858,-1.351504203074282,-0.3651859486366327,0.6269810327229256
0.9183673469387754,1.626530612244898,-1.3988974118178856,-0.46552146870380906,0.5948745427417388
0.9183673469387754,1.76734693877551,-1.4488562637574467,-0.5655843216295836,0.5604628256697469
0.9183673469387754,1.9081632653061225,-1.5016749837255798,-0.665863717955677,0.5234974017194987
0.9183673469387754,2.0489795918367344,-1.5576985015110822,-0.766854341708687,0.48368007932951906
0.9183673469387754,2.1897959183673468,-1.6173345772911205,-0.8690666180470602,0.4406513874144741
0.9183673469387754,2.330612244897959,-1.6810694011121263,-0.9730371864573404,0.3939748065935801
0.9183673469387754,2.4714285714285715,-1.7494877833771691,-1.0793392770338173,0.3431150178763268
0.9183673469387754,2.6122448979591835,-1.8232993242957583,-1.1885919697618332,0.2874074214578597
0.9183673469387754,2.753061224489796,-1.903372091572283,-1.3014659345315776,0.22601444967455073
0.9183673469387754,2.8938775510204082,-1.9907748790327617,-1.4186803743289176,0.15786149156766716
0.9183673469387754,3.03469387755102,-2.086826676238467,-1.5409791706610778,0.08153955455606354
0.9183673469387754,3.1755102040816325,-2.193143449081975,-1.6690608630637958,-0.004848011143664008
0.9183673469387754,3.316326530612245,-2.311645415729154,-1.8034083902416915,-0.10393818730121243
0.9183673469387754,3.457142857142857,-2.444405122573753,-1.9439056488635247,-0.21955007740971402
0.9183673469387754,3.5979591836734692,-2.59296349831549,-2.0890252068843007,-0.35751475325206783
0.9183673469387754,3.7387755102040816,-2.7560004962066693,-2.234257630131336,-0.5273921033582625
0.9183673469387754,3.8795918367346935,-2.922536254468679,-2.3696601336675367,-0.7465301432461582
0.9183673469387754,4.020408163265306,-3.0578628343627403,-2.478048150179881,-1.0517951888519672
0.9183673469387754,4.161224489795918,-3.1012723199213283,-2.539038779170715,-1.5477369831508345
0.9183673469387754,4.302040816326531,-3.025222051836623,-2.542321034199909,-2.927247620692055
0.9183673469387754,4.442857142857143,-2.8768006581222627,-2.497113279813137,-1.9652849409020703
0.9183673469387754,4.5836734693877546,-2.7114732759277365,-2.423683003922132,-1.213604621457384
0.9183673469387754,4.724489795918367,-2.554834269446663,-2.339719891835185,-0.8057866277548206
0.9183673469387754,4.865306122448979,-2.413676241268341,-2.255682356022611,-0.5210826948773325
0.9183673469387754,5.006122448979592,-2.287989265480439,-2.176424653937925,-0.30027628325918987
0.9183673469387754,5.146938775510204,-2.1759311204761698,-2.103684932481885,-0.11863652757717288
0.9183673469387754,5.2877551020408164,-2.075442312325121,-2.037717252785139,0.03655465917112106
0.9183673469387754,5.428571428571429,-1.984694494965219,-1.9781435994347218,0.17271103150437395
0.9183673469387754,5.56938775510204,-1.9021701371884756,-1.924358086206627,0.2945363011020031
0.9183673469387754,5.710204081632653,-1.8266358048560858,-1.8757079498227551,0.4052038504258197
0.9183673469387754,5.851020408163265,-1.757092470728727,-1.8315691536699918,0.5069573660185585
0.9183673469387754,5.9918367346938775,-1.6927278487413753,-1.7913735885791213,0.601442821011649
0.9183673469387754,6.13265306122449,-1.6328768704282164,-1.7546146836437313,0.6899043783127804
0.9183673469387754,6.273469387755102,-1.576990539540641,-1.7208439211655953,0.7733062415869412
0.9183673469387754,6.414285714285714,-1.5246118306437944,-1.6896640005878667,0.8524115039006473
0.9183673469387754,6.555102040816326,-1.4753571200682163,-1.6607212385814984,0.9278350949032668
0.9183673469387754,6.6959183673469385,-1.428901846520198,-1.6336983264733331,1.0000804416605322
0.9183673469387754,6.836734693877551,-1.384969373178752,-1.6083078506635722,1.0695654189206014
0.9183673469387754,6.977551020408163,-1.3433222759904324,-1.5842867099129276,1.1366412402973305
0.9183673469387754,7.118367346938776,-1.3037554754287954,-1.5613914068432386,1.2016064174022845
0.9183673469387754,7.259183673469387,-1.2660907755412802,-1.5393941462775078,1.2647172212084261
0.9183673469387754,7.4,-1.2301724909133172,-1.5180796900790938,1.3261957387918089
0.9387755102040816,0.5,-1.0737971394397434,0.3892489385691994,0.8006175613602703
0.9387755102040816,0.6408163265306123,-1.108763149972086,0.27203661204088614,0.7806284848848091
0.9387755102040816,0.7816326530612245,-1.1450434515052637,0.15904700938820251,0.7591450625891842
0.9387755102040816,0.9224489795918367,-1.1827624296438692,0.04964944881865734,0.7361398148174019
0.9387755102040816,1.063265306122449,-1.2220555855944706,-0.05678158760881388,0.7115550292432888
0.9387755102040816,1.2040816326530612,-1.2630729491227548,-0.1608411844342259,0.6853054258344106
0.9387755102040816,1.3448979591836734,-1.3059827411290095,-0.26308958634321167,0.6572787849210998
0.9387755102040816,1.4857142857142858,-1.3509755401174584,-0.36405624330964087,0.6273349037431173
0.9387755102040816,1.626530612244898,-1.3982692165023567,-0.46424730283473914,0.5953030060545512
0.9387755102040816,1.76734693877551,-1.448114938778599,-0.5641545352588395,0.5609775510029825
0.9387755102040816,1.9081632653061225,-1.5008046277873834,-0.6642648586933512,0.5241121754631647
0.9387755102040816,2.0489795918367344,-1.556680346228689,-0.7650702370999575,0.4844113522230245
0.9387755102040816,2.1897959183673468,-1.6161462612936295,-0.8670778475025207,0.4415189981071613
0.9387755102040816,2.330612244897959,-1.67968402445412,-0.9708204293402105,0.3950029561354093
0.9387755102040816,2.4714285714285715,-1.7478726659379062,-1.0768665226398488,0.3443336096049373
0.9387755102040816,2.6122448979591835,-1.8214143695814002,-1.1858295910665733,0.28885394503892126
0.9387755102040816,2.753061224489796,-1.901167639855294,-1.2983736890212425,0.22773670131871152
0.9387755102040816,2.8938775510204082,-1.988188950391337,-1.4152105355008044,0.15992161591144397
0.9387755102040816,3.03469387755102,-2.0837816474431845,-1.5370763448604856,0.08402026826106379
0.9387755102040816,3.1755102040816325,-2.1895427681185766,-1.6646638577744055,-0.001833437891730278
0.9387755102040816,3.316326530612245,-2.307372844373547,-1.7984573916012774,-0.10022909097444688
0.9387755102040816,3.457142857142857,-2.4393350973984953,-1.9383621049906046,-0.21490813631090744
0.9387755102040816,3.5979591836734692,-2.587010526938626,-2.08291975317206,-0.35156506031570806
0.9387755102040816,3.7387755102040816,-2.7492923159322316,-2.227790970591682,-0.5194953385232717
0.9387755102040816,3.8795918367346935,-2.915909942371404,-2.363366688837512,-0.7354597195650159
0.9387755102040816,4.020408163265306,-3.053698123261683,-2.472905806750262,-1.0347055853670228
0.9387755102040816,4.161224489795918,-3.102676133047429,-2.5361685212624407,-1.5150930067704305
0.9387755102040816,4.302040816326531,-3.0320040231370595,-2.5422058586676357,-2.766020108094265
0.9387755102040816,4.442857142857143,-2.8859846245636556,-2.4992705528115575,-2.03136885382604
0.9387755102040816,4.5836734693877546,-2.7209827709453043,-2.427222298193834,-1.2431997808028366
0.9387755102040816,4.724489795918367,-2.563895000796733,-2.343904155817112,-0.8257704000547887
0.9387755102040816,4.865306122448979,-2.4221104658480765,-2.260061305402667,-0.5366703310246776
0.9387755102040816,5.006122448979592,-2.2958191358975015,-2.180762093744172,-0.3133721561164174
0.9387755102040816,5.146938775510204,-2.183231631244428,-2.1078694264882816,-0.13014878153975193
0.9387755102040816,5.2877551020408164,-2.0822934189573954,-2.041703251329135,0.026121166500055172
0.9387755102040816,5.428571428571429,-1.9911673674008166,-1.981918729101905,0.16304567090006705
0.9387755102040816,5.56938775510204,-1.9083246124661106,-1.9279261077785594,0.28543350449216087
0.9387755102040816,5.710204081632653,-1.8325212559942146,-1.8790800585850023,0.396519756452689
0.9387755102040816,5.851020408163265,-1.762749491238331,-1.8347596331672675,0.4985866613998909
0.9387755102040816,5.9918367346938775,-1.698189916837634,-1.7943976891240827,0.5933054832546747
0.9387755102040816,6.13265306122449,-1.6381717638416606,-1.7574876494056675,0.6819376131099839
0.9387755102040816,6.273469387755102,-1.582141474423319,-1.7235806153577284,0.7654593181197892
0.9387755102040816,6.414285714285714,-1.5296383596110592,-1.692278834863717,0.844642369359797
0.9387755102040816,6.555102040816326,-1.48027583532134,-1.66322826813033,0.9201080418269502
0.9387755102040816,6.6959183673469385,-1.433726930102998,-1.6361114210250436,0.9923644584336887
0.9387755102040816,6.836734693877551,-1.389713029831396,-1.6106409101737127,1.061833010356769
0.9387755102040816,6.977551020408163,-1.3479950747070724,-1.5865538982623182,1.1288675266778385
0.9387755102040816,7.118367346938776,-1.3083666212361271,-1.563607388619929,1.1937684769638894
0.9387755102040816,7.259183673469387,-1.2706483269522528,-1.5415743254712404,1.2567935706174507
0.9387755102040816,7.4,-1.2346835341863636,-1.5202404330810912,1.3181659166996482
0.9591836734693877,0.5,-1.0737033258458926,0.3895531733616865,0.8006687519701803
0.9591836734693877,0.6408163265306123,-1.1086289810463097,0.2724449692941575,0.7807050248481674
0.9591836734693877,0.7816326530612245,-1.1448626910218347,0.15956355405451425,0.7592520106436309
0.9591836734693877,0.9224489795918367,-1.182528435857959,0.05027804352513111,0.7362825957488379
0.9591836734693877,1.063265306122449,-1.2217611310260237,-0.05603668428750953,0.7117395855793384
0.9591836734693877,1.2040816326530612,-1.2627100345919982,-0.15997491305788838,0.6855383826303082
0.9591836734693877,1.3448979591836734,-1.3055423906858243,-0.26209578140279854,0.6575676360844087
0.9591836734693877,1.4857142857142858,-1.3504475636371238,-0.36292736831831657,0.6276882308684814
0.9591836734693877,1.626530612244898,-1.3976419251179746,-0.4629741857820459,0.5957307433052478
0.9591836734693877,1.76734693877551,-1.4473747951059777,-0.5627260754019072,0.5614913144686315
0.9591836734693877,1.9081632653061225,-1.499935807689041,-0.6626676798083846,0.5247256813834873
0.9591836734693877,2.0489795918367344,-1.5556641813760426,-0.7632882649416581,0.48514095878607827
0.9591836734693877,2.1897959183673468,-1.614960520969425,-0.8650917866354981,0.44238442060792904
0.9591836734693877,2.330612244897959,-1.6783019807280197,-0.9686071225501655,0.39602822917330033
0.9591836734693877,2.4714285714285715,-1.7462618668312075,-1.0743981685147916,0.34554840862433506
0.9591836734693877,2.6122448979591835,-1.8195350230846263,-1.1830728325271838,0.29029544226135545
0.9591836734693877,2.753061224489796,-1.8989704939107814,-1.2952886271061868,0.2294522415129027
0.9591836734693877,2.8938775510204082,-1.9856125685495583,-1.4117498696045578,0.16197268560829736
0.9591836734693877,3.03469387755102,-2.080749115366273,-1.5331851766692384,0.08648859538093291
0.9591836734693877,3.1755102040816325,-2.185958398209594,-1.6602814810636575,0.001163875468885636
0.9591836734693877,3.316326530612245,-2.3031212398857437,-1.7935242123044304,-0.09654464444077178
0.9591836734693877,3.457142857142857,-2.4342907309557935,-1.9328388183739929,-0.2103025945631346
0.9591836734693877,3.5979591836734692,-2.581084329546185,-2.076833560670567,-0.3456716825637466
0.9591836734693877,3.7387755102040816,-2.7425959006251155,-2.221333004142106,-0.5116919036306078
0.9591836734693877,3.8795918367346935,-2.9092306311240743,-2.3570522061726042,-0.7245611820206609
0.9591836734693877,4.020408163265306,-3.049331651392748,-2.4676890167300445,-1.017998253381589
0.9591836734693877,4.161224489795918,-3.103772665362378,-2.5331701963212887,-1.4837346789499044
0.9591836734693877,4.302040816326531,-3.0385889998744506,-2.5419503568628277,-2.6305287178079353
0.9591836734693877,4.442857142857143,-2.8951195618503403,-2.501319244303072,-2.102621152655244
0.9591836734693877,4.5836734693877546,-2.7305143685795805,-2.430696240240519,-1.2737171051893255
0.9591836734693877,4.724489795918367,-2.572999757689186,-2.3480566911532033,-0.8461395581003913
0.9591836734693877,4.865306122448979,-2.4305915441036303,-2.264429627538179,-0.5524733343179884
0.9591836734693877,5.006122448979592,-2.3036925941822632,-2.1851009362057225,-0.32660729620257833
0.9591836734693877,5.146938775510204,-2.1905710089200072,-2.1120618275003853,-0.14175917796042242
0.9591836734693877,5.2877551020408164,-2.0891787421674364,-2.0457004994584715,0.01561461326323158
0.9591836734693877,5.428571428571429,-1.9976703117408654,-1.9857066744395167,0.15332391709657864
0.9591836734693877,5.56938775510204,-1.9145055858539426,-1.931507533956936,0.2762861540454258
0.9591836734693877,5.710204081632653,-1.8384301488640125,-1.8824656033821476,0.3877999741779561
0.9591836734693877,5.851020408163265,-1.768427334252808,-1.8379632717393697,0.49018721698159157
0.9591836734693877,5.9918367346938775,-1.7036705469285303,-1.7974344972843062,0.5851450752675558
0.9591836734693877,6.13265306122449,-1.6434832497979706,-1.760372767989187,0.6739525730759377
0.9591836734693877,6.273469387755102,-1.58730726778906,-1.7263288391574623,0.7575983148647142
0.9591836734693877,6.414285714285714,-1.534678203353804,-1.6949045200177468,0.836862937951373
0.9591836734693877,6.555102040816326,-1.4852064758315378,-1.6657454133954044,0.9123742013543381
0.9591836734693877,6.6959183673469385,-1.4385626744438766,-1.6385338285648603,0.9846450269793402
0.9591836734693877,6.836734693877551,-1.3944661842020454,-1.6129823945617279,1.054100403076924
0.9591836734693877,6.977551020408163,-1.3526762904816003,-1.5888285136262337,1.121096845126118
0.9591836734693877,7.118367346938776,-1.3129851700946544,-1.5658296610218918,1.1859368352338422
0.9591836734693877,7.259183673469387,-1.2752123211591468,-1.5437594862907644,1.2488795729922415
0.9591836734693877,7.4,-1.2392001030451247,-1.5224046391962236,1.3101492307557263
0.9795918367346939,0.5,-1.0736095615307657,0.3898572903457491,0.8007199082852431
0.9795918367346939,0.6408163265306123,-1.1084948968922104,0.2728531500607734,0.7807815041484345
0.9795918367346939,0.7816326530612245,-1.144682063211739,0.16007985594346485,0.7593588616130226
0.9795918367346939,0.9224489795918367,-1.1822946376748618,0.05090631901774429,0.7364252308208973
0.9795918367346939,1.063265306122449,-1.2214669535114917,-0.055292190855397064,0.7119239318428332
0.9795918367346939,1.2040816326530612,-1.2623475016555994,-0.1591091619880518,0.6857710456207458
0.9795918367346939,1.3448979591836734,-1.305102555388155,-0.2611026338198102,0.6578560848357727
0.9795918367346939,1.4857142857142858,-1.3499202725310495,-0.3617993228789868,0.6280410150828984
0.9795918367346939,1.626530612244898,-1.3970155359715961,-0.4617021161844693,0.5961577560191339
0.9795918367346939,1.76734693877551,-1.4466358301774416,-0.561298939825705,0.5620041183999567
0.9795918367346939,1.9081632653061225,-1.4990685195989344,-0.6610721777781193,0.5253379230143376
0.9795918367346939,2.0489795918367344,-1.5546500012465636,-0.7615084191893604,0.48586890433816154
0.9795918367346939,2.1897959183673468,-1.6137773479530575,-0.8631084275729768,0.4432476628856942
0.9795918367346939,2.330612244897959,-1.676923257690463,-0.9663972534223924,0.3970506376434246
0.9795918367346939,2.4714285714285715,-1.7446553681740091,-1.0719341966466072,0.34675943286375016
0.9795918367346939,2.6122448979591835,-1.8176612587619,-1.1803216685652524,0.29173194022184934
0.9795918367346939,2.753061224489796,-1.8967806159744691,-1.2922107121198698,0.23116111161668876
0.9795918367346939,2.8938775510204082,-1.9830456792102247,-1.4082983249577645,0.16401476470685694
0.9795918367346939,3.03469387755102,-2.0777290034853473,-1.5293055954569863,0.08894463711540503
0.9795918367346939,3.1755102040816325,-2.1823902367749577,-1.6559136423961585,0.004144093218098206
0.9795918367346939,3.316326530612245,-2.2988904827040972,-1.7886087440496767,-0.0928845804931793
0.9795918367346939,3.457142857142857,-2.4292719514932415,-1.927335731345073,-0.20573296257405657
0.9795918367346939,3.5979591836734692,-2.5751851424832704,-2.070766762620844,-0.3398336910186211
0.9795918367346939,3.7387755102040816,-2.7359126666296802,-2.214884553330187,-0.5039797256851818
0.9795918367346939,3.8795918367346935,-2.9025029319329834,-2.350718429213414,-0.7138297171553901
0.9795918367346939,4.020408163265306,-3.0447709521424597,-2.462400562995477,-1.0016575111970536
0.9795918367346939,4.161224489795918,-3.104561061374431,-2.5300458821925895,-1.4535682021009277
0.9795918367346939,4.302040816326531,-3.0449677843727923,-2.5415540768363667,-2.513733414722333
0.9795918367346939,4.442857142857143,-2.904199384622031,-2.5032571255512828,-2.1799445144414875
0.9795918367346939,4.5836734693877546,-2.740065847682532,-2.4341024803013616,-1.3052201824940175
0.9795918367346939,4.724489795918367,-2.582148091458825,-2.3521757475692704,-0.8669111604666434
0.9795918367346939,4.865306122448979,-2.43911965866826,-2.2687861864889998,-0.5684989018414018
0.9795918367346939,5.006122448979592,-2.311610009295793,-2.1894404856272454,-0.3399855293556413
0.9795918367346939,5.146938775510204,-2.197949650783855,-2.1162617214330743,-0.15347005944674488
0.9795918367346939,5.2877551020408164,-2.096098655699023,-2.0497087569736476,0.005033419565287836
0.9795918367346939,5.428571428571429,-2.0042036652737902,-1.9895073131652572,0.14354463671165016
0.9795918367346939,5.56938775510204,-1.920713356890087,-1.9351022954822612,0.26709337455700405
0.9795918367346939,5.710204081632653,-1.8443627500872788,-1.8858645557925662,0.3790437998663186
0.9795918367346939,5.851020408163265,-1.7741262386693186,-1.8411800678788304,0.4817584457822439
0.9795918367346939,5.9918367346938775,-1.7091699550502253,-1.8004840288186397,0.5769610890487661
0.9795918367346939,6.13265306122449,-1.6488115257726683,-1.7632700670833048,0.665948804032347
0.9795918367346939,6.273469387755102,-1.5924881022358004,-1.7290886294009167,0.7497228131148976
0.9795918367346939,6.414285714285714,-1.5397315327327268,-1.6975411010002721,0.8290728129602748
0.9795918367346939,6.555102040816326,-1.4901492033500203,-1.668272727120201,0.9046331867427998
0.9795918367346939,6.6959183673469385,-1.443409234497416,-1.6409656108342314,0.9769217613708864
0.9795918367346939,6.836734693877551,-1.3992289864479948,-1.6153323765047636,1.0463672030309545
0.9795918367346939,6.977551020408163,-1.3573660704749975,-1.5911106423602384,1.1133287859806957
0.9795918367346939,7.118367346938776,-1.3176112677839849,-1.5680583278654514,1.178111058388046
0.9795918367346939,7.259183673469387,-1.2797829040485638,-1.5459497547393892,1.2409747617696818
0.9795918367346939,7.4,-1.2437223449394752,-1.5245724613242568,1.302145179692606
1.0,0.5,-1.073515846471788,0.39016128952913237,0.8007710303248516
1.0,0.6408163265306123,-1.108360897462874,0.27326115433826864,0.780857922826353
1.0,0.7816326530612245,-1.1445015679865607,0.16059591504767293,0.7594656155745256
1.0,0.9224489795918367,-1.1820610349376008,0.051534275305420804,0.7365677201708752
1.0,1.063265306122449,-1.22117305278385,-0.05454810724659691,0.7121080682679549
1.0,1.2040816326530612,-1.261985349874341,-0.15824393103546203,0.6860034151925092
1.0,1.3448979591836734,-1.3046632345331592,-0.2601101431818625,0.6581441317977839
1.0,1.4857142857142858,-1.3493936656997756,-0.3606721062112734,0.6283932573676302
1.0,1.626530612244898,-1.3963900473750182,-0.4604310926865233,0.5965840457167065
1.0,1.76734693877551,-1.4458980414393914,-0.5598731263071178,0.5625159651217609
1.0,1.9081632653061225,-1.4982027596999514,-0.6594783490964402,0.525948903874945
1.0,2.0489795918367344,-1.5536378001995663,-0.7597306947981631,0.4865951941691603
1.0,2.1897959183673468,-1.6125967339244713,-0.8611277622325031,0.4441087328661728
1.0,2.330612244897959,-1.6755478431482835,-0.9641908108947692,0.39807019341189476
1.0,2.4714285714285715,-1.7430531521753516,-1.0694745902527905,0.3479667001322016
1.0,2.6122448979591835,-1.815793050755401,-1.1775760759892258,0.29316346684186
1.0,2.753061224489796,-1.894597968536022,-1.2891399076677565,0.23286335261886723
1.0,2.8938775510204082,-1.9804882284493934,-1.4048558502833266,0.1660479166032114
1.0,3.03469387755102,-2.074721235763744,-1.525437531122875,0.09138849346108117
1.0,3.1755102040816325,-2.178838181638062,-1.6515602517652097,0.0071073773663314814
1.0,3.316326530612245,-2.294680453632699,-1.7837109071230692,-0.0892486073864385
1.0,3.457142857142857,-2.424278681897169,-1.9218527833970314,-0.20119876035155407
1.0,3.5979591836734692,-2.5693131787964756,-2.0647194811559957,-0.33405017887555627
1.0,3.7387755102040816,-2.729243949886397,-2.208446187747895,-0.4963569731742044
1.0,3.8795918367346935,-2.8957312833133595,-2.3443670469493103,-0.7032607092124997
1.0,4.020408163265306,-3.0400236303249812,-2.457043194709159,-0.9856686182104889
1.0,4.161224489795918,-3.1050411160334632,-2.5267977798524925,-1.4245095686677431
1.0,4.302040816326531,-3.051131212566159,-2.5410167031466524,-2.411138055389916
1.0,4.442857142857143,-2.913217727931379,-2.5050820246151164,-2.264500732827643
1.0,4.5836734693877546,-2.749634824464316,-2.4374386512122035,-1.3377793807029923
1.0,4.724489795918367,-2.5913394896679596,-2.3562595350682183,-0.8881034049340658
1.0,4.865306122448979,-2.4476949715151095,-2.2731298114377054,-0.5847545870002647
1.0,5.006122448979592,-2.319571745848659,-2.193780021050505,-0.35351083282901125
1.0,5.146938775510204,-2.205367955547185,-2.120468677102193,-0.16528384607717125
1.0,5.2877551020408164,-2.103053536513116,-2.0537277715741213,-0.0056240396386951705
1.0,5.428571428571429,-2.0107677678964193,-1.9933204969416445,0.13370665131547044
1.0,5.56938775510204,-1.9269482285115989,-1.9387103187708834,0.2578542723710364
1.0,5.710204081632653,-1.8503193292770006,-1.8892768850345745,0.3702505180984683
1.0,5.851020408163265,-1.7798464459056569,-1.8444100176603972,0.47329975138797575
1.0,5.9918367346938775,-1.714688359365835,-1.8035462976311103,0.5687530097593967
1.0,6.13265306122449,-1.6541567910215973,-1.7661795730387488,0.6579258468609541
1.0,6.273469387755102,-1.5976841618114253,-1.7318600215831945,0.7418323904287267
1.0,6.414285714285714,-1.5447985197662313,-1.7001886215900104,0.8212715950892513
1.0,6.555102040816326,-1.4951041805450531,-1.6708102611267277,0.8968846101960021
1.0,6.6959183673469385,-1.4482667658894635,-1.643406828554273,0.969194275671391
1.0,6.836734693877551,-1.4040015871998004,-1.617690927290653,1.0386330190190443
1.0,6.977551020408163,-1.3620645620516654,-1.5934003693368115,1.1055629417432495
1.0,7.118367346938776,-1.3222450600506739,-1.5702934910583979,1.170290716015321
1.0,7.259183673469387,-1.284360221168455,-1.5481452539268914,1.2330786739353026
1.0,7.4,-1.2482504067615965,-1.5267440502252132,1.2941532622521434
