sigma,Lp,Obj_mass,Obj_concentration,Obj_retentate_concentration
0.0,0.5,-0.7950483301895018,0.6092434260972804,2.9326062588060013
0.0,0.6408163265306123,-0.9107493375511059,0.5891036716660863,2.842233384129125
0.0,0.7816326530612245,-1.0316376312517985,0.5905890349931213,2.741689179392303
0.0,0.9224489795918367,-1.1500594842021823,0.6002355845050846,2.628744024682482
0.0,1.063265306122449,-1.2499015025236877,0.6119241365069538,2.500397860649154
0.0,1.2040816326530612,-1.3066231040188356,0.623071624365548,2.3526800543942508
0.0,1.3448979591836734,-1.2999472248587496,0.632688593302954,2.180699938383997
0.0,1.4857142857142858,-1.2325418276975693,0.6404836157991786,1.9802559681462701
0.0,1.626530612244898,-1.12721482575674,0.646461512952507,1.756799074744751
0.0,1.76734693877551,-1.0073294497773446,0.6507438494792438,1.5597457919147262
0.0,1.9081632653061225,-0.8870723127244083,0.6534889861768987,1.518954100959185
0.0,2.0489795918367344,-0.7728399399448329,0.654857391051213,1.6752303319954565
0.0,2.1897959183673468,-0.6667746257101514,0.6549974929877888,1.8986246440274666
0.0,2.330612244897959,-0.5690970376344241,0.6540409366508039,2.1090049135962885
0.0,2.4714285714285715,-0.47926928403562874,0.6521020253630653,2.290826716100928
0.0,2.6122448979591835,-0.3965145059450417,0.6492789251223443,2.4465808219132614
0.0,2.753061224489796,-0.3200338735607314,0.645655482200844,2.581282836112007
0.0,2.8938775510204082,-0.24908932781321091,0.6413031388642707,2.6993002983147467
0.0,3.03469387755102,-0.18302862839196055,0.6362827314750558,2.8039980923717334
0.0,3.1755102040816325,-0.12128660602861623,0.6306460749305763,2.897910574851164
0.0,3.316326530612245,-0.06337745169020266,0.6244373332048927,2.9829555502623784
0.0,3.457142857142857,-0.008884424654666764,0.6176941790544952,3.060603523557828
0.0,3.5979591836734692,0.04255038491528089,0.6104487705680154,3.1319995395848808
0.0,3.7387755102040816,0.09123525822531842,0.6027285687793607,3.198049006878723
0.0,3.8795918367346935,0.13743675252429186,0.5945570256189502,3.259478265029666
0.0,4.020408163265306,0.18138634277884455,0.5859541506472052,3.3168777857885083
0.0,4.161224489795918,0.22328594338523822,0.5769370059261199,3.3707334212960127
0.0,4.302040816326531,0.2633124789604145,0.56752010669081,3.421449340203405
0.0,4.442857142857143,0.30162166525342055,0.5577157693576384,3.4693651121056983
0.0,4.5836734693877546,0.33835114113709025,0.547534406055983,3.5147686112522445
0.0,4.724489795918367,0.37362307011309837,0.5369847791331284,3.557905891312822
0.0,4.865306122448979,0.40754630873437203,0.5260742195400671,3.598988835038891
0.0,5.006122448979592,0.44021822116610587,0.514808820416328,3.6382011480669805
0.0,5.146938775510204,0.47172620397557935,0.5031936055862457,3.675703104643062
0.0,5.2877551020408164,0.5021489729052273,0.4912326843279967,3.711635342402073
0.0,5.428571428571429,0.5315576534378572,0.4789293879746509,3.7461219237387198
0.0,5.56938775510204,0.560016708988115,0.4662863994941258,3.7792728268924174
0.0,5.710204081632653,0.5875847341740256,0.45330587748701956,3.811185988723238
0.0,5.851020408163265,0.6143151355179083,0.43998957078151374,3.8419489917115626
0.0,5.9918367346938775,0.640256717836175,0.42633893721680644,3.871640467228548
0.0,6.13265306122449,0.6654541912932113,0.4123552656928614,3.900331270037358
0.0,6.273469387755102,0.6899486114494279,0.39803979111658344,3.9280854665420035
0.0,6.414285714285714,0.7137777624958783,0.3833938267310687,3.9549611719890088
0.0,6.555102040816326,0.7369764921344428,0.3684188964960441,3.9810112625285905
0.0,6.6959183673469385,0.759577005151082,0.35311689355788634,4.006283984831998
0.0,6.836734693877551,0.7816091215769171,0.33749023762121,4.030823479174668
0.0,6.977551020408163,0.8031005043857596,0.3215420591183368,4.054670231225684
0.0,7.118367346938776,0.8240768608978825,0.3052764032307965,4.077861463475025
0.0,7.259183673469387,0.8445621214164951,0.2886984590786592,4.100431475757119
0.0,7.4,0.8645785980889564,0.27181481856618683,4.122411942603628
0.02040816326530612,0.5,-0.7934397744389339,0.6080939723256079,2.9337437610401205
0.02040816326530612,0.6408163265306123,-0.9082174826575306,0.5864369089753833,2.8441252210533774
0.02040816326530612,0.7816326530612245,-1.0282252689863252,0.5864508509976698,2.7446256603780075
0.02040816326530612,0.9224489795918367,-1.146415376116806,0.5947532562595702,2.633112595391187
0.02040816326530612,1.063265306122449,-1.2478776492333874,0.6052170753719214,2.5067223445250653
0.02040816326530612,1.2040816326530612,-1.3093823933768445,0.6152310311400389,2.3616621784562586
0.02040816326530612,1.3448979591836734,-1.3102483411983177,0.6237792025786,2.1932051534552004
0.02040816326530612,1.4857142857142858,-1.2504907080733467,0.6305498814555881,1.996941123561334
0.02040816326530612,1.626530612244898,-1.150805672671536,0.6355333025202028,1.7760135706696603
0.02040816326530612,1.76734693877551,-1.034417060020189,0.6388407047308057,1.570236523711475
0.02040816326530612,1.9081632653061225,-0.9162248254644552,0.6406231891693547,1.4999551980001031
0.02040816326530612,2.0489795918367344,-0.8032706129878134,0.6410360801343272,1.6330019854479532
0.02040816326530612,2.1897959183673468,-0.6980920292535695,0.6402241446883925,1.8517718223959154
0.02040816326530612,2.330612244897959,-0.6011225983248992,0.6383164144336171,2.0641362227459927
0.02040816326530612,2.4714285714285715,-0.5119336619431579,0.635425329717533,2.2488204834579375
0.02040816326530612,2.6122448979591835,-0.429803151493238,0.6316477456957785,2.4070132304132446
0.02040816326530612,2.753061224489796,-0.3539590440540432,0.6270666060407162,2.5435817388945825
0.02040816326530612,2.8938775510204082,-0.28367574760491554,0.621752764322208,2.662977268422925
0.02040816326530612,3.03469387755102,-0.21830614216506306,0.6157667143405766,2.768671077471249
0.02040816326530612,3.1755102040816325,-0.15728644153959118,0.6091601263745573,2.863285544930934
0.02040816326530612,3.316326530612245,-0.10013036375170346,0.6019771873956101,2.948805023312257
0.02040816326530612,3.457142857142857,-0.04641982655949249,0.5942557340510571,3.026749293740852
0.02040816326530612,3.5979591836734692,0.004204771622652473,0.5860282188804775,3.0982999474097066
0.02040816326530612,3.7387755102040816,0.052053485002636325,0.5773225152571582,3.1643897655129023
0.02040816326530612,3.8795918367346935,0.09739458997847929,0.5681625986212179,3.2257658524639194
0.02040816326530612,4.020408163265306,0.14046116379523962,0.5585691192584822,3.283034646510371
0.02040816326530612,4.161224489795918,0.18145658187638733,0.5485598868233548,3.3366944393457563
0.02040816326530612,4.302040816326531,0.22055908455336734,0.5381502809205172,3.387159214424605
0.02040816326530612,4.442857142857143,0.2579255641747126,0.5273536023625259,3.434776376761165
0.02040816326530612,4.5836734693877546,0.29369470801828185,0.5161813752577342,3.479840124559798
0.02040816326530612,4.724489795918367,0.3279896124339578,0.5046436092060307,3.5226016674475567
0.02040816326530612,4.865306122448979,0.3609199640265368,0.49274902915129504,3.5632771314681784
0.02040816326530612,5.006122448979592,0.3925838662985087,0.4805052796743827,3.6020537447795222
0.02040816326530612,5.146938775510204,0.42306937548032125,0.46791910854946783,3.6390947295159988
0.02040816326530612,5.2877551020408164,0.45245579718382306,0.45499653476595386,3.6745432086715537
0.02040816326530612,5.428571428571429,0.4808147856975825,0.441743004730446,3.7085253548813673
0.02040816326530612,5.56938775510204,0.5082112798243187,0.4281635408940407,3.7411529498155374
0.02040816326530612,5.710204081632653,0.5347043028327869,0.4142628844689242,3.7725254808660926
0.02040816326530612,5.851020408163265,0.560347648959319,0.400045637588277,3.802731871530643
0.02040816326530612,5.9918367346938775,0.5851904748362858,0.38551640491471884,3.8318519191641043
0.02040816326530612,6.13265306122449,0.6092778109316539,0.37067993989871084,3.859957497386115
0.02040816326530612,6.273469387755102,0.6326510053980235,0.35554129633228254,3.887113567553227
0.02040816326530612,6.414285714285714,0.6553481106194383,0.340105990360342,3.913379034533059
0.02040816326530612,6.555102040816326,0.6774042209668467,0.32438017012136794,3.938807474466465
0.02040816326530612,6.6959183673469385,0.698851768883414,0.3083708025525075,3.9634477568497366
0.02040816326530612,6.836734693877551,0.7197207852391628,0.2920858746753372,3.9873445786629205
0.02040816326530612,6.977551020408163,0.74003912894641,0.2755346145787278,4.010538925087664
0.02040816326530612,7.118367346938776,0.759832690044382,0.2587277339034465,4.033068468532874
0.02040816326530612,7.259183673469387,0.7791255699564453,0.2416776956109091,4.054967915801872
0.02040816326530612,7.4,0.7979402410728549,0.22439900211972183,4.07626931008598
0.04081632653061224,0.5,-0.7918404958609919,0.6069695322694884,2.9348745558796274
0.04081632653061224,0.6408163265306123,-0.9056986533961785,0.5838000572468741,2.8460026905171327
0.04081632653061224,0.7816326530612245,-1.0248138192732235,0.5823383862856212,2.7475342722453844
0.04081632653061224,0.9224489795918367,-1.1427039412949835,0.5892860001761555,2.6374304791084016
0.04081632653061224,1.063265306122449,-1.2455968011173666,0.5985103033704582,2.512959068307478
0.04081632653061224,1.2040816326530612,-1.3115840734450048,0.6073731070817273,2.3705003441466332
0.04081632653061224,1.3448979591836734,-1.3198094119133643,0.6148326054714499,2.2054981496950825
0.04081632653061224,1.4857142857142858,-1.2678241564693054,0.6205570444917075,2.0134177509608255
0.04081632653061224,1.626530612244898,-1.174067532061073,0.6245221373487354,1.7955500258099844
0.04081632653061224,1.76734693877551,-1.0614269456400844,0.6268287725965741,1.5833690200284931
0.04081632653061224,1.9081632653061225,-0.9454580287987633,0.6276207282195069,1.485445835187048
0.04081632653061224,2.0489795918367344,-0.8338644076301244,0.6270481093165545,1.5921706862053964
0.04081632653061224,2.1897959183673468,-0.7296061999632051,0.6252519441751886,1.804261027914059
0.04081632653061224,2.330612244897959,-0.6333494113585642,0.622358574880018,2.018195940878497
0.04081632653061224,2.4714285714285715,-0.544786415686367,0.6184785062703629,2.2058069332353245
0.04081632653061224,2.6122448979591835,-0.4632566141014011,0.6137072113113762,2.366587002013855
0.04081632653061224,2.753061224489796,-0.38801849590496923,0.608126665612189,2.5051642686421025
0.04081632653061224,2.8938775510204082,-0.3183609719218322,0.6018070729171677,2.626058439240487
0.04081632653061224,3.03469387755102,-0.25364314454372755,0.5948085246622268,2.7328487299693207
0.04081632653061224,3.1755102040816325,-0.19330318615276867,0.5871824957290668,2.828249935068057
0.04081632653061224,3.316326530612245,-0.13685461687717385,0.5789731469412683,2.914316986246114
0.04081632653061224,3.457142857142857,-0.08387811450257739,0.5702184404987982,2.9926220922886677
0.04081632653061224,3.5979591836734692,-0.034012386161350175,0.56095108698777,3.064385750480162
0.04081632653061224,3.7387755102040816,0.013054454101498943,0.5511993454394404,3.1305698702542255
0.04081632653061224,3.8795918367346935,0.05759249519667377,0.5409876994691188,3.1919436360478537
0.04081632653061224,4.020408163265306,0.09983653003247814,0.5303374299091138,3.249130449816344
0.04081632653061224,4.161224489795918,0.13999151983967356,0.5192671062445325,3.3026418116931784
0.04081632653061224,4.302040816326531,0.17823715106458515,0.507792986202322,3.352902120863743
0.04081632653061224,4.442857142857143,0.21473162624605813,0.4959293990547248,3.4002670967806288
0.04081632653061224,4.5836734693877546,0.24961481542695746,0.4836890416069828,3.44503764882058
0.04081632653061224,4.724489795918367,0.28301088191545043,0.4710832564518352,3.4874704607982885
0.04081632653061224,4.865306122448979,0.31503047555622127,0.45812227639311026,3.527786167600509
0.04081632653061224,5.006122448979592,0.34577257107012377,0.4448154449639975,3.5661757448560993
0.04081632653061224,5.146938775510204,0.3753260147298886,0.4311714196176787,3.6028055558167433
0.04081632653061224,5.2877551020408164,0.4037708307811151,0.4171983604425807,3.637821377180434
0.04081632653061224,5.428571428571429,0.43117932942673737,0.402904110200266,3.671351640174078
0.04081632653061224,5.56938775510204,0.4576170503095712,0.3882963689103757,3.703510062180362
0.04081632653061224,5.710204081632653,0.483143569159782,0.3733828695823854,3.7343978005574465
0.04081632653061224,5.851020408163265,0.5078131900964776,0.3581715481673674,3.764105228418687
0.04081632653061224,5.9918367346938775,0.5316755421309624,0.3426707237928378,3.7927134089913648
0.04081632653061224,6.13265306122449,0.5547760949898922,0.3268892823617001,3.8202953274583415
0.04081632653061224,6.273469387755102,0.5771566067794691,0.31083686976827263,3.846916926488951
0.04081632653061224,6.414285714285714,0.5988555138371529,0.294524098149207,3.8726379817474843
0.04081632653061224,6.555102040816326,0.6199082713698902,0.27796276368523715,3.897512845862332
0.04081632653061224,6.6959183673469385,0.6403476520404344,0.2611660819614361,3.921591083968525
0.04081632653061224,6.836734693877551,0.6602040084953278,0.24414894144013305,3.9449180191298376
0.04081632653061224,6.977551020408163,0.6795055048833392,0.2269281752004429,3.9675352024451467
0.04081632653061224,7.118367346938776,0.698278321604051,0.20952285140597937,3.9894808199210283
0.04081632653061224,7.259183673469387,0.7165468368435514,0.19195459243254373,4.010790046330771
0.04081632653061224,7.4,0.7343337880003544,0.17424788904761807,4.031495352699322
0.061224489795918366,0.5,-0.7902504706403962,0.605870152762612,2.9359986927845023
0.061224489795918366,0.6408163265306123,-0.9031930377326347,0.5811935275810293,2.84786593196901
0.061224489795918366,0.7816326530612245,-1.02140474579598,0.5782524711220528,2.7504153569355294
0.061224489795918366,0.9224489795918367,-1.1389311507775923,0.5838349702846249,2.641698428708783
0.061224489795918366,1.063265306122449,-1.243073635915261,0.5918051914356585,2.5191095077805716
0.061224489795918366,1.2040816326530612,-1.3132431429232003,0.5994993080696461,2.37919685911881
0.061224489795918366,1.3448979591836734,-1.328618256434498,0.6058502619979269,2.2175797014542344
0.061224489795918366,1.4857142857142858,-1.2844995126756573,0.610506502070809,2.029667317283325
0.061224489795918366,1.626530612244898,-1.1969551670769756,0.6134292508019015,1.8152817021957677
0.061224489795918366,1.76734693877551,-1.0883291876816545,0.6147090551962242,1.5987778420596852
0.061224489795918366,1.9081632653061225,-0.9747585753897345,0.6144823048280377,1.4756635965358622
0.061224489795918366,2.0489795918367344,-0.864620124768606,0.6128938139186064,1.5533004906994778
0.061224489795918366,2.1897959183673468,-0.7613238151706195,0.6100807989706386,1.7562373500377848
0.061224489795918366,2.330612244897959,-0.6657891310738799,0.6061668412386615,1.9711583588759136
0.061224489795918366,2.4714285714285715,-0.5778424430652925,0.6012604462579914,2.1617261544072117
0.061224489795918366,2.6122448979591835,-0.4968920786792193,0.5954556470314387,2.3252429176155216
0.061224489795918366,2.753061224489796,-0.4222312299823574,0.5888334013633966,2.465978396179723
0.061224489795918366,2.8938775510204082,-0.353165648075956,0.5814632222855675,2.5884988012946226
0.061224489795918366,3.03469387755102,-0.28906195253733374,0.573404770607475,2.6964916169102935
0.061224489795918366,3.1755102040816325,-0.22936097933682523,0.56470930652134,2.7927684411364564
0.061224489795918366,3.316326530612245,-0.17357641877239424,0.5554209608944045,2.8794590561494204
0.061224489795918366,3.457142857142857,-0.12128788238379766,0.5455778302805687,2.9581914847316186
0.061224489795918366,3.5979591836734692,-0.07213244695939688,0.535212912689839,3.0302276742805185
0.061224489795918366,3.7387755102040816,-0.02579639030282675,0.5243549018588217,3.096560551097543
0.061224489795918366,3.8795918367346935,0.017992231068114237,0.5130288628880592,3.1579827876410427
0.061224489795918366,4.020408163265306,0.05946998873788029,0.5012568082242902,3.2151358104630816
0.061224489795918366,4.161224489795918,0.09884350346489612,0.4890581921860331,3.2685451375625636
0.061224489795918366,4.302040816326531,0.13629398719576225,0.476450337411207,3.3186462124103384
0.061224489795918366,4.442857142857143,0.17198103250050276,0.46344880554767587,3.3658035610272643
0.061224489795918366,4.5836734693877546,0.2060457714394884,0.4500677344794306,3.4103251966468204
0.061224489795918366,4.724489795918367,0.23861351081798465,0.43632011339495314,3.4524735933361437
0.061224489795918366,4.865306122448979,0.2697959374500009,0.42221807342994433,3.492474153827478
0.061224489795918366,5.006122448979592,0.2996929671647857,0.40777310550238666,3.5305218151716184
0.061224489795918366,5.146938775510204,0.3283943028535336,0.3929963410628956,3.5667862605411496
0.061224489795918366,5.2877551020408164,0.35598074991718276,0.3778987355170429,3.6014160712555032
0.061224489795918366,5.428571428571429,0.3825253321415594,0.3624912429254575,3.6345420657925196
0.061224489795918366,5.56938775510204,0.40809424472811573,0.34678513764586155,3.666280007822246
0.061224489795918366,5.710204081632653,0.43274766634015804,0.33079215791679756,3.696732820498953
0.061224489795918366,5.851020408163265,0.45654045760103007,0.3145247404288738,3.7259924096671115
0.061224489795918366,5.9918367346938775,0.47952276272216837,0.29799625785477885,3.7541411773580706
0.061224489795918366,6.13265306122449,0.5017405298281935,0.2812212681227022,3.781253285491901
0.061224489795918366,6.273469387755102,0.5232359624356155,0.2642157498601501,3.807395715027921
0.061224489795918366,6.414285714285714,0.5440479127041999,0.24699738246695435,3.83262916321321
0.061224489795918366,6.555102040816326,0.5642122250128113,0.22958582427558372,3.8570088042029242
0.061224489795918366,6.6959183673469385,0.5837620371075883,0.2120030089996911,3.8805849384241458
0.061224489795918366,6.836734693877551,0.6027280448738314,0.19427348764105437,3.9034035517680024
0.061224489795918366,6.977551020408163,0.6211387358457978,0.176424727161343,3.9255067930096565
0.061224489795918366,7.118367346938776,0.6390205955954605,0.15848747518671236,3.9469333905493738
0.061224489795918366,7.259183673469387,0.6563982904958393,0.14049610240801577,3.9677190117710306
0.061224489795918366,7.4,0.6732948321726572,0.12248896144803034,3.987896580273179
0.08163265306122448,0.5,-0.7886696735814881,0.6047958776010548,2.937116220773613
0.08163265306122448,0.6408163265306123,-0.900700809595654,0.5786177327618821,2.849715083351474
0.08163265306122448,0.7816326530612245,-1.0179994320580785,0.5741939035785734,2.753269251456006
0.08163265306122448,0.9224489795918367,-1.135102706827307,0.5784013471895612,2.6459171852474075
0.08163265306122448,1.063265306122449,-1.2403226025217267,0.5851031250392824,2.525175122141418
0.08163265306122448,1.2040816326530612,-1.3143761131236809,0.5916111396320619,2.3877540659769907
0.08163265306122448,1.3448979591836734,-1.3366661126603925,0.5968336940640823,2.2294511310241987
0.08163265306122448,1.4857142857142858,-1.3004748004610318,0.6003996903983635,2.045675176721923
0.08163265306122448,1.626530612244898,-1.2194203513805315,0.6022559456977036,1.8351005102837081
0.08163265306122448,1.76734693877551,-1.1150900884846575,0.6024826344153783,1.61609966183373
0.08163265306122448,1.9081632653061225,-1.0041102721942476,0.6012087093330984,1.4707004279312315
0.08163265306122448,2.0489795918367344,-0.8955348811710068,0.5985736291925333,1.517032554912883
0.08163265306122448,2.1897959183673468,-0.7932507433951241,0.5947107304397731,1.7079059174468925
0.08163265306122448,2.330612244897959,-0.6984531545833045,0.5897407710859658,1.9230102516684673
0.08163265306122448,2.4714285714285715,-0.6111166902765728,0.5837702079120698,2.1165168161907655
0.08163265306122448,2.6122448979591835,-0.5307269142182967,0.5768915881600474,2.2829177248873793
0.08163265306122448,2.753061224489796,-0.45661644926115724,0.5691848237725831,2.425968187615628
0.08163265306122448,2.8938775510204082,-0.38811055707115405,0.5607187276292462,2.5502501005821006
0.08163265306122448,3.03469387755102,-0.324584879157135,0.551552537128698,2.6595577275325666
0.08163265306122448,3.1755102040816325,-0.2654837572915346,0.5417373255402279,2.7568037549833626
0.08163265306122448,3.316326530612245,-0.2103215146788155,0.5313172390106489,2.844197328874543
0.08163265306122448,3.457142857142857,-0.15867693985803888,0.5203305903752273,2.923425931689528
0.08163265306122448,3.5979591836734692,-0.11018559509901313,0.5088107764334423,2.9957957122213865
0.08163265306122448,3.7387755102040816,-0.06453196381137308,0.49678707445494297,3.062332655084733
0.08163265306122448,3.8795918367346935,-0.021442247357591614,0.48428532362776144,3.123854437813903
0.08163265306122448,4.020408163265306,0.01932192871284521,0.4713285112750792,3.1810216489862233
0.08163265306122448,4.161224489795918,0.05796888126339477,0.4579372820326205,3.234374687659455
0.08163265306122448,4.302040816326531,0.09468138932293832,0.44413038323231313,3.2843607039083613
0.08163265306122448,4.442857142857143,0.12962047870661908,0.42992506217730686,3.331353546608567
0.08163265306122448,4.5836734693877546,0.16292858498467389,0.4153374218879149,3.3756687387390953
0.08163265306122448,4.724489795918367,0.1947321979103078,0.40038274887070285,3.417574869752001
0.08163265306122448,4.865306122448979,0.22514407642214296,0.3850758130583551,3.4573023701705
0.08163265306122448,5.006122448979592,0.254265108957755,0.369431157744637,3.4950503499531442
0.08163265306122448,5.146938775510204,0.28218588135138195,0.353463385352894,3.5309919862146177
0.08163265306122448,5.2877551020408164,0.30898800219365863,0.33718742405944185,3.5652788084729217
0.08163265306122448,5.428571428571429,0.33474522835124704,0.32061880406469784,3.5980441417670184
0.08163265306122448,5.56938775510204,0.35952442341031254,0.3037739246310005,3.6294058943242806
0.08163265306122448,5.710204081632653,0.3833863796023097,0.28667036476337876,3.6594688394526482
0.08163265306122448,5.851020408163265,0.4063865188112465,0.2693271557900972,3.688326485982815
0.08163265306122448,5.9918367346938775,0.42857550264184296,0.2517650954910763,3.7160626345523435
0.08163265306122448,6.13265306122449,0.44999975578863244,0.23400707767530612,3.742752672240922
0.08163265306122448,6.273469387755102,0.47070192135920436,0.21607840975568435,3.7684646605188963
0.08163265306122448,6.414285714285714,0.49072125772207215,0.19800715290848164,3.7932602530603967
0.08163265306122448,6.555102040816326,0.510093987233559,0.17982454890441996,3.8171954749544446
0.08163265306122448,6.6959183673469385,0.5288535978171314,0.1615653348807231,3.840321387503038
0.08163265306122448,6.836734693877551,0.5470311101735966,0.14326809302368515,3.862684657340693
0.08163265306122448,6.977551020408163,0.5646553143392256,0.12497567488968843,3.8843280472444595
0.08163265306122448,7.118367346938776,0.5817529774047919,0.10673550909359804,3.905290839793599
0.08163265306122448,7.259183673469387,0.5983490285469685,0.08859996391417493,3.925609205692844
0.08163265306122448,7.4,0.6144667228764126,0.07062659258064027,3.945316523823265
0.1020408163265306,0.5,-0.7870980781756741,0.6037467456769173,2.938227188430166
0.1020408163265306,0.6408163265306123,-0.8982221295006091,0.5760730730430251,2.8515502810031284
0.1020408163265306,0.7816326530612245,-1.0145991846440834,0.5701635434007367,2.756096288219389
0.1020408163265306,0.9224489795918367,-1.1312240475038524,0.5729862713424608,2.650087478217606
0.1020408163265306,1.063265306122449,-1.2373578687512665,0.5784055248147588,2.531157351432984
0.1020408163265306,1.2040816326530612,-1.3150008242958056,0.5837101616628974,2.39617433139934
0.1020408163265306,1.3448979591836734,-1.3439477870357666,0.5877844856228693,2.2411142206744343
0.1020408163265306,1.4857142857142858,-1.3157092834562434,0.5902381376623472,2.061430013869324
0.1020408163265306,1.626530612244898,-1.2414120385885214,0.59100360721774,1.8549152441498955
0.1020408163265306,1.76734693877551,-1.1416719151215902,0.5901506863408931,1.6349870293257518
0.1020408163265306,1.9081632653061225,-1.0334937335053642,0.587800841014209,1.47049282918303
0.1020408163265306,2.0489795918367344,-0.9266038430163396,0.5840881136960734,1.4840651551394548
0.1020408163265306,2.1897959183673468,-0.8253918855717499,0.579141901997872,1.6595474969348636
0.1020408163265306,2.330612244897959,-0.7313525502816284,0.5730800916982439,1.8737565787592192
0.1020408163265306,2.4714285714285715,-0.644624142931365,0.5660070490373849,2.070117159481983
0.1020408163265306,2.6122448979591835,-0.5647787083739544,0.5580138215129679,2.2395439466114055
0.1020408163265306,2.753061224489796,-0.49119362479939893,0.5491792774537391,2.3850734013718897
0.1020408163265306,2.8938775510204082,-0.42321670582702925,0.5395715497333314,2.511260450841589
0.1020408163265306,3.03469387755102,-0.36023435076530463,0.5292495049904035,2.622002141751768
0.1020408163265306,3.1755102040816325,-0.3016953977601887,0.5182641136172957,2.72031628429651
0.1020408163265306,3.316326530612245,-0.24711536436673284,0.5066596732067868,2.8084961373121966
0.1020408163265306,3.457142857142857,-0.19607252902156164,0.49447487762670816,2.8882925712184364
0.1020408163265306,3.5979591836734692,-0.14820110696567432,0.4817437487433033,2.961058920337439
0.1020408163265306,3.7387755102040816,-0.10318387145173846,0.468496413959687,3.0278564424386882
0.1020408163265306,3.8795918367346935,-0.06074520269568801,0.4547598401492386,3.089529463294761
0.1020408163265306,4.020408163265306,-0.020644929153351043,0.44055844009315304,3.1467589609939375
0.1020408163265306,4.161224489795918,0.017326970089437208,0.4259145790847689,3.2001011420527687
0.1020408163265306,4.302040816326531,0.05335485612422046,0.4108490677415388,3.2500155713110477
0.1020408163265306,4.442857142857143,0.08760120502357714,0.3953815916707124,3.2968859674868525
0.1020408163265306,4.5836734693877546,0.12020977255549076,0.3795311429198088,3.341035792056967
0.1020408163265306,4.724489795918367,0.15130824534458093,0.3633163686480144,3.3827400869035613
0.1020408163265306,4.865306122448979,0.1810104654195923,0.346755942301355,3.422234580086415
0.1020408163265306,5.006122448979592,0.20941830085996724,0.32986892160939013,3.4597227716062795
0.1020408163265306,5.146938775510204,0.23662322359323218,0.3126751006683048,3.495381507140725
0.1020408163265306,5.2877551020408164,0.26270764460694185,0.29519535245503215,3.529365406445816
0.1020408163265306,5.428571428571429,0.2877460482243984,0.27745201249851587,3.5618104171277047
0.1020408163265306,5.56938775510204,0.3118059587048672,0.2594692327807346,3.5928366900961484
0.1020408163265306,5.710204081632653,0.3349487674875178,0.24127336554127984,3.622550925005282
0.1020408163265306,5.851020408163265,0.3572304437877833,0.22289336346489966,3.651048299080215
0.1020408163265306,5.9918367346938775,0.37870214672788227,0.20436118628298994,3.678414063736168
0.1020408163265306,6.13265306122449,0.3994107550348319,0.185712212729371,3.7047248745927965
0.1020408163265306,6.273469387755102,0.41939932753405085,0.16698569066357044,3.7300499090423593
0.1020408163265306,6.414285714285714,0.4387075029375809,0.14822513559272632,3.7544518056797798
0.1020408163265306,6.555102040816326,0.4573718493143649,0.12947872674025065,3.7779874609641837
0.1020408163265306,6.6959183673469385,0.4754261724096764,0.11079976524024426,3.8007087138129547
0.1020408163265306,6.836734693877551,0.49290178426625486,0.09224696979601951,3.822662925092021
0.1020408163265306,6.977551020408163,0.5098277411895697,0.07388478128956225,3.8438934793758066
0.1020408163265306,7.118367346938776,0.5262310549327376,0.05578354841802551,3.8644402198863195
0.1020408163265306,7.259183673469387,0.5421368777636729,0.03801962212748165,3.884339821824382
0.1020408163265306,7.4,0.5575686685567073,0.02067527270744276,3.90362612079858
0.12244897959183673,0.5,-0.7855356566469521,0.6027227875612615,2.939331643969542
0.12244897959183673,0.6408163265306123,-0.8957571450851219,0.5735599417705544,2.8533716597726126
0.12244897959183673,0.7816326530612245,-1.0112052363675372,0.5661622078039164,2.758896794847043
0.12244897959183673,0.9224489795918367,-1.1273003519001135,0.5675909665722908,2.6542100258237977
0.12244897959183673,1.063265306122449,-1.2341932758038994,0.5717138246785556,2.5370576166813326
0.12244897959183673,1.2040816326530612,-1.315136256331035,0.5757979315874865,2.4044600356594694
0.12244897959183673,1.3448979591836734,-1.3504617463080895,0.578704263172813,2.252571139954
0.12244897959183673,1.4857142857142858,-1.330164052446317,0.5800234395959191,2.0769233624917542
0.12244897959183673,1.626530612244898,-1.2628766175374397,0.5796737138793229,1.8746497361303749
0.12244897959183673,1.76734693877551,-1.1680326629087328,0.5777144929087882,1.6551180436307062
0.12244897959183673,1.9081632653061225,-1.0628860038142574,0.5742597153188833,1.4748285303168394
0.12244897959183673,2.0489795918367344,-0.957819919971385,0.5694379554805473,1.4551185951351107
0.12244897959183673,2.1897959183673468,-0.8577509850075536,0.5633746257092592,1.6115358451872432
0.12244897959183673,2.330612244897959,-0.76449796586841,0.5561847026278014,1.8234281958871814
0.12244897959183673,2.4714285714285715,-0.678379804009921,0.5479704458734732,2.022466523668816
0.12244897959183673,2.6122448979591835,-0.5990652940895258,0.5388214122694612,2.195049769967462
0.12244897959183673,2.753061224489796,-0.5259825585958897,0.5288154646167997,2.343229058981953
0.12244897959183673,2.8938775510204082,-0.4585054177699471,0.518020129554114,2.47147390470475
0.12244897959183673,3.03469387755102,-0.3960330222390299,0.5064940193722031,2.5837766622272906
0.12244897959183673,3.1755102040816325,-0.3380198599474459,0.4942881672261406,2.6832638439309133
0.12244897959183673,3.316326530612245,-0.28398331084654826,0.48144723501487,2.7723177882945467
0.12244897959183673,3.457142857142857,-0.23350152821817585,0.46801059375333437,2.8527569867585045
0.12244897959183673,3.5979591836734692,-0.186207599843216,0.45401325274345167,2.925985202068693
0.12244897959183673,3.7387755102040816,-0.14178270813069402,0.4394866876262078,2.9931013789371934
0.12244897959183673,3.8795918367346935,-0.09994947712683216,0.4244595644647965,3.0549782772935083
0.12244897959183673,4.020408163265306,-0.06046597182373034,0.4089583920883616,3.1123185958534827
0.12244897959183673,4.161224489795918,-0.023120480884390834,0.3930081021619646,3.165695350853074
0.12244897959183673,4.302040816326531,0.01227293399286192,0.37663257474463435,3.2155812832551325
0.12244897959183673,4.442857142857143,0.04587819844827556,0.359855170456316,3.2623705691019413
0.12244897959183673,4.5836734693877546,0.07784038780736631,0.3426991789219106,3.3063950632843655
0.12244897959183673,4.724489795918367,0.10828838333090099,0.325188288229313,3.3479366182244266
0.12244897959183673,4.865306122448979,0.1373371057390203,0.30734703656164963,3.3872365430770905
0.12244897959183673,5.006122448979592,0.16508939560564878,0.2892012940316218,3.4245029552451562
0.12244897959183673,5.146938775510204,0.19163759889417198,0.27077866986483085,3.459916548855591
0.12244897959183673,5.2877551020408164,0.2170649147325009,0.25210904039750415,3.493635181212887
0.12244897959183673,5.428571428571429,0.24144653831595014,0.23322500592370426,3.5257975426785397
0.12244897959183673,5.56938775510204,0.2648506331574832,0.21416238571738705,3.5565261215599224
0.12244897959183673,5.710204081632653,0.28733916734415355,0.19496073902829716,3.585929623485887
0.12244897959183673,5.851020408163265,0.30896862995518026,0.1756638674621078,3.6141049568893777
0.12244897959183673,5.9918367346938775,0.3297906493534776,0.15632032945975188,3.6411388753274108
0.12244897959183673,6.13265306122449,0.34985252782927606,0.13698394446636053,3.667109345188588
0.12244897959183673,6.273469387755102,0.36919770598168555,0.11771425857538168,3.692086691004536
0.12244897959183673,6.414285714285714,0.38786616713800065,0.09857696580294643,3.7161345611178116
0.12244897959183673,6.555102040816326,0.4058947908287253,0.07964424914926951,3.7393107461053967
0.12244897959183673,6.6959183673469385,0.4233176627425992,0.060995006637753584,3.761667875758729
0.12244897959183673,6.836734693877551,0.44016634690633644,0.042714920653041874,3.7832540145073286
0.12244897959183673,6.977551020408163,0.4564701272995083,0.02489636814612138,3.804113178382207
0.12244897959183673,7.118367346938776,0.4722562180498929,0.007638009927095441,3.82428577096365
0.12244897959183673,7.259183673469387,0.48754995406130713,-0.00895582549676004,3.843808973783006
0.12244897959183673,7.4,0.5023749575485693,-0.024776153468547054,3.862717077567655
0.14285714285714285,0.5,-0.7839823800166478,0.6017240289524444,2.9404296351926984
0.14285714285714285,0.6408163265306123,-0.8933059917302953,0.5710787269878792,2.8551793528733667
0.14285714285714285,0.7816326530612245,-1.0078187492795265,0.5621907130512179,2.7616710945722116
0.14285714285714285,0.9224489795918367,-1.1233365462333222,0.562216633911346,2.658285534602708
0.14285714285714285,1.063265306122449,-1.2308422990913475,0.5650295135852519,2.5428773189601555
0.14285714285714285,1.2040816326530612,-1.3148023345322288,0.567876112716369,2.4126135654755134
0.14285714285714285,1.3448979591836734,-1.3562101485701517,0.569594728156307,2.2638243783745953
0.14285714285714285,1.4857142857142858,-1.3438026328416675,0.5697572578923664,2.0921491799811904
0.14285714285714285,1.626530612244898,-1.2837582657447597,0.5682678092285628,1.8942410474231726
0.14285714285714285,1.76734693877551,-1.1941258549002824,0.5651754092084814,1.6762022199964213
0.14285714285714285,1.9081632653061225,-1.0922601557632938,0.5605864354479636,1.4833682082616477
0.14285714285714285,2.0489795918367344,-0.989173419089005,0.5546239504086997,1.4308847747353308
0.14285714285714285,2.1897959183673468,-0.8903304049954829,0.5474093445559665,1.564355309486988
0.14285714285714285,2.330612244897959,-0.7978995157018033,0.5390546704281987,1.7720921710039417
0.14285714285714285,2.4714285714285715,-0.712398661354987,0.5296600931418394,1.973507615244295
0.14285714285714285,2.6122448979591835,-0.6336047721042002,0.5193137224516768,2.149359052244319
0.14285714285714285,2.753061224489796,-0.5610034430317224,0.5080924951607098,2.300364985399507
0.14285714285714285,2.8938775510204082,-0.49399842009148454,0.496063475537298,2.430829969944273
0.14285714285714285,3.03469387755102,-0.43200388740651935,0.48328521677756,2.5448293965723296
0.14285714285714285,3.1755102040816325,-0.37448131725526285,0.46980908462858256,2.6456013084258037
0.14285714285714285,3.316326530612245,-0.320950735719983,0.4556804659738273,2.7356222704800714
0.14285714285714285,3.457142857142857,-0.2709906322418008,0.4409398573199047,2.816782954964882
0.14285714285714285,3.5979591836734692,-0.22423323993593156,0.42562382313536345,2.8905410843866854
0.14285714285714285,3.7387755102040816,-0.18035830995808236,0.4097658757856727,2.958035925213192
0.14285714285714285,3.8795918367346935,-0.1390868019762875,0.393397262921835,3.02017062392909
0.14285714285714285,4.020408163265306,-0.10017507080216091,0.3765476492362077,3.077671048113334
0.14285714285714285,4.161224489795918,-0.06340974673391049,0.35924581024768504,3.131128112298313
0.14285714285714285,4.302040816326531,-0.028603333988774966,0.34152024156210614,3.1810285603113666
0.14285714285714285,4.442857142857143,0.004409528166367756,0.3233997622667567,3.2277776566589993
0.14285714285714285,4.5836734693877546,0.035775222275522635,0.3049141107549042,3.2717161400167494
0.14285714285714285,4.724489795918367,0.06562381216700414,0.28609453258631,3.3131330571850084
0.14285714285714285,4.865306122448979,0.09407128288098685,0.266974363655054,3.352275601305025
0.14285714285714285,5.006122448979592,0.12122143016539229,0.24758965272430702,3.3893567451831115
0.14285714285714285,5.146938775510204,0.14716745777933093,0.2279797638809869,3.4245612273562376
0.14285714285714285,5.2877551020408164,0.17199333171163328,0.20818800794094178,3.4580502969590112
0.14285714285714285,5.428571428571429,0.1957749320352183,0.18826228079117577,3.489965509589935
0.14285714285714285,5.56938775510204,0.21858103587891028,0.16825570399663917,3.52043179205954
0.14285714285714285,5.710204081632653,0.24047415953501539,0.1482272603920473,3.549559938069112
0.14285714285714285,5.851020408163265,0.2615112817730275,0.12824238421569606,3.5774486529188168
0.14285714285714285,5.9918367346938775,0.28174446778786877,0.10837351311297301,3.6041862454769005
0.14285714285714285,6.13265306122449,0.3012214094767768,0.08870053721346169,3.629852034324537
0.14285714285714285,6.273469387755102,0.31998589519204335,0.06931114560007584,3.6545175274282866
0.14285714285714285,6.414285714285714,0.3380782166963403,0.050300954139558963,3.678247408752368
0.14285714285714285,6.555102040816326,0.3555355273664687,0.03177340465881443,3.701100381698798
0.14285714285714285,6.6959183673469385,0.3723921548654816,0.013839380094610026,3.7231298820153955
0.14285714285714285,6.836734693877551,0.3886798781173119,-0.003383529415430782,3.744384690933588
0.14285714285714285,6.977551020408163,0.40442816927442377,-0.01977222243651617,3.7649094590807053
0.14285714285714285,7.118367346938776,0.4196644080897968,-0.035199735743698383,3.7847451594511075
0.14285714285714285,7.259183673469387,0.4344140725014952,-0.049537395669148776,3.8039294791791236
0.14285714285714285,7.4,0.44870090919135824,-0.06265739811250005,3.8224971639564393
0.16326530612244897,0.5,-0.7824382181583008,0.6007504901132759,2.9415212094901158
0.16326530612244897,0.6408163265306123,-0.890868792996242,0.5686298051151704,2.8569734921607575
0.16326530612244897,0.7816326530612245,-1.0044408177722388,0.5582498880403644,2.7644195058387386
0.16326530612244897,0.9224489795918367,-1.1193373101664055,0.5568644674602649,2.6623147003783707
0.16326530612244897,1.063265306122449,-1.2273180158518253,0.5583540850345459,2.5486178389091094
0.16326530612244897,1.2040816326530612,-1.3140197386620756,0.5599463832100142,2.420637305509344
0.16326530612244897,1.3448979591836734,-1.361198811857154,0.5604576487775954,2.2748766885040657
0.16326530612244897,1.4857142857142858,-1.3565915906925499,0.5594413503183228,2.107103477915663
0.16326530612244897,1.626530612244898,-1.303999403856181,0.5567875598037879,1.9136377430168972
0.16326530612244897,1.76734693877551,-1.2199003850701324,0.5525349335070421,1.6979831623502006
0.16326530612244897,1.9081632653061225,-1.121584857851074,0.5467822625412936,1.4956777647632704
0.16326530612244897,2.0489795918367344,-1.0206516449835796,0.5396470677644495,1.4119654275303513
0.16326530612244897,2.1897959183673468,-0.9231308578149413,0.531246697529826,1.5186158299519714
0.16326530612244897,2.330612244897959,-0.8315666339270551,0.5216902839501711,1.7198654259038613
0.16326530612244897,2.4714285714285715,-0.7466956343633456,0.5110759460940177,1.9231898562146426
0.16326530612244897,2.6122448979591835,-0.6684155224144391,0.4994904378073744,2.10239153456387
0.16326530612244897,2.753061224489796,-0.596276916930906,0.4870099296419398,2.2564053420762735
0.16326530612244897,2.8938775510204082,-0.5297179316439068,0.4737012352392993,2.3892630783514988
0.16326530612244897,3.03469387755102,-0.4681703919708491,0.4596231495407023,2.5051042933276735
0.16326530612244897,3.1755102040816325,-0.41110429282169647,0.4448277712825471,2.607280225726753
0.16326530612244897,3.316326530612245,-0.358043219782884,0.4293617291637337,2.69836693108993
0.16326530612244897,3.457142857142857,-0.30856654435178377,0.4132673132164698,2.7803321670422547
0.16326530612244897,3.5979591836734692,-0.26230596920438515,0.39658349439105306,2.8546914712163693
0.16326530612244897,3.7387755102040816,-0.21894001284321007,0.37934686016367997,2.9226273144677792
0.16326530612244897,3.8795918367346935,-0.17818809184871257,0.36159248391397414,2.9850753632826885
0.16326530612244897,4.020408163265306,-0.1398049242304495,0.34335474609976485,3.042786243794635
0.16326530612244897,4.161224489795918,-0.10357552870475488,0.32466811339951634,3.096369954456014
0.16326530612244897,4.302040816326531,-0.06931088399521113,0.3055679054402463,3.146328139528477
0.16326530612244897,4.442857142857143,-0.0368442181625522,0.28609104208753505,3.1930778398765476
0.16326530612244897,4.5836734693877546,-0.006027861372352798,0.2662768209861035,3.236969208560541
0.16326530612244897,4.724489795918367,0.023269413524545566,0.2461676805739176,3.2782989011921457
0.16326530612244897,4.865306122448979,0.05116463659535143,0.22580997489011898,3.317320319961704
0.16326530612244897,5.006122448979592,0.0777625385361156,0.20525479651043518,3.3542515530849375
0.16326530612244897,5.146938775510204,0.1031571559415063,0.1845587407352659,3.389281585596493
0.16326530612244897,5.2877551020408164,0.12743319803608902,0.16378478794607923,3.4225752264433833
0.16326530612244897,5.428571428571429,0.1506672045063986,0.1430030338448245,3.4542770297772356
0.16326530612244897,5.56938775510204,0.17292853773529862,0.12229143661402514,3.48451446899269
0.16326530612244897,5.710204081632653,0.19428023236624545,0.10173648894916103,3.513400511619196
0.16326530612244897,5.851020408163265,0.21477972566884102,0.08143373624763796,3.5410357310317737
0.16326530612244897,5.9918367346938775,0.23447948778472735,0.06148808656094788,3.567510048448721
0.16326530612244897,6.13265306122449,0.25342756735640765,0.042013865371816915,3.592904181147634
0.16326530612244897,6.273469387755102,0.27166806534245713,0.023134518565605815,3.6172908536745982
0.16326530612244897,6.414285714285714,0.2892415480865592,0.004981880281818201,3.640735817078634
0.16326530612244897,6.555102040816326,0.30618540838410474,-0.012305088873606972,3.663298710810287
0.16326530612244897,6.6959183673469385,0.32253418219740754,-0.028582153470189733,3.6850337957349977
0.16326530612244897,6.836734693877551,0.3383198271544146,-0.04370228829239157,3.7059905808569393
0.16326530612244897,6.977551020408163,0.3535719683517187,-0.05751879396178826,3.7262143616685632
0.16326530612244897,7.118367346938776,0.3683181154484024,-0.0698889997503191,3.745746683370218
0.16326530612244897,7.259183673469387,0.38258385644768345,-0.08067839429212673,3.764625746816544
0.16326530612244897,7.4,0.39639302757776373,-0.08976509165461362,3.7828867510829958
0.18367346938775508,0.5,-0.7809031398473368,0.5998021852539026,2.9426064138671135
0.18367346938775508,0.6408163265306123,-0.8884456612018642,0.5662135450980604,2.8587542079584365
0.18367346938775508,0.7816326530612245,-1.0010724714475574,0.5543405501548416,2.7671423427065522
0.18367346938775508,0.9224489795918367,-1.1153070838863683,0.5515357052137403,2.666298207093347
0.18367346938775508,1.063265306122449,-1.2236330782921816,0.551689063301023,2.5542805363330765
0.18367346938775508,1.2040816326530612,-1.3128097154086533,0.5520104526142876,2.428533633618143
0.18367346938775508,1.3448979591836734,-1.3654371241920191,0.5512948192539836,2.285731039623094
0.18367346938775508,1.4857142857142858,-1.3685011276664973,0.5490775199189665,2.121784004060409
0.18367346938775508,1.626530612244898,-1.3235412674284397,0.5452346881753629,1.9327983124362356
0.18367346938775508,1.76734693877551,-1.2453004390011104,0.5397946297970365,1.7202388152705874
0.18367346938775508,1.9081632653061225,-1.1508239370837023,0.532848534427531,1.5112651527783376
0.18367346938775508,2.0489795918367344,-1.052238465158727,0.5245083623810848,1.3988079314096395
0.18367346938775508,2.1897959183673468,-0.9561511043504338,0.51488742736073,1.4750605530593617
0.18367346938775508,2.330612244897959,-0.865507908057087,0.5040919918992807,1.6669323821823998
0.18367346938775508,2.4714285714285715,-0.7812855092173411,0.49221820544392664,1.8714742113477307
0.18367346938775508,2.6122448979591835,-0.7035162092744385,0.4793516144655332,2.0540633573345857
0.18367346938775508,2.753061224489796,-0.6318241181738172,0.46556784545147184,2.2112681552121933
0.18367346938775508,2.8938775510204082,-0.5656867483744913,0.45093378432783926,2.346701989025697
0.18367346938775508,3.03469387755102,-0.5045565433188336,0.4355089048026981,2.464540611867809
0.18367346938775508,3.1755102040816325,-0.4479137888599693,0.41934662298608755,2.5682483811173746
0.18367346938775508,3.316326530612245,-0.39528668811607853,0.402495562625443,2.660506121623496
0.18367346938775508,3.457142857142857,-0.34625613262324667,0.3850007501119772,2.7433639387312456
0.18367346938775508,3.5979591836734692,-0.30045368408291556,0.3669047380967184,2.8183993904351663
0.18367346938775508,3.7387755102040816,-0.25755686544738415,0.3482486561742285,2.8868413192905713
0.18367346938775508,3.8795918367346935,-0.21728369677496265,0.3290732135096708,2.9496602593160097
0.18367346938775508,4.020408163265306,-0.17938735407462153,0.3094196598884568,3.007633331921688
0.18367346938775508,4.161224489795918,-0.1436513042178715,0.28933081066259386,3.061390923403578
0.18367346938775508,4.302040816326531,-0.10988504248373095,0.26885194300991433,3.111450557984147
0.18367346938775508,4.442857142857143,-0.07792041657204044,0.24803182838308216,3.158241804189719
0.18367346938775508,4.5836734693877546,-0.047608495857971354,0.2269236809735776,3.2021248053774665
0.18367346938775508,4.724489795918367,-0.018816913070093068,0.20558620743548284,3.243404274091087
0.18367346938775508,4.865306122448979,0.008572384070237875,0.18408463176236797,3.282340176064115
0.18367346938775508,5.006122448979592,0.03466503789446533,0.16249172319964905,3.319155993381355
0.18367346938775508,5.146938775510204,0.059555895913310064,0.14088878738926192,3.3540451850948165
0.18367346938775508,5.2877551020408164,0.08333038351371655,0.11936662910985847,3.3871762935485807
0.18367346938775508,5.428571428571429,0.1060656735132256,0.09802635597925587,3.418697017505022
0.18367346938775508,5.56938775510204,0.12783168593000613,0.07698001478237548,3.448737492818962
0.18367346938775508,5.710204081632653,0.14869194515946507,0.05635095950539256,3.477412956134478
0.18367346938775508,5.851020408163265,0.16870431741569553,0.03627382921657101,3.5048259248798526
0.18367346938775508,5.9918367346938775,0.1879216473229205,0.016894038611961842,3.531067994717379
0.18367346938775508,6.13265306122449,0.20639230913013162,-0.0016333444852364078,3.556221331819993
0.18367346938775508,6.273469387755102,0.22416068574308606,-0.01914543800913034,3.5803599208646353
0.18367346938775508,6.414285714285714,0.24126758638640067,-0.03547421527620758,3.603550611153852
0.18367346938775508,6.555102040816326,0.25775061154935097,-0.05044999614931526,3.6258540034704296
0.18367346938775508,6.6959183673469385,0.27364447337949294,-0.06390577415158993,3.6473252034482426
0.18367346938775508,6.836734693877551,0.2889812775384653,-0.07568221364917198,3.6680144651638718
0.18367346938775508,6.977551020408163,0.30379077232489526,-0.08563312679505704,3.687967743875167
0.18367346938775508,7.118367346938776,0.31810056688984994,-0.09363112176578815,3.707227165993007
0.18367346938775508,7.259183673469387,0.33193632811918145,-0.09957288519840293,3.7258314480198864
0.18367346938775508,7.4,0.3453219519168346,-0.1033838416996883,3.7438162484347255
0.2040816326530612,0.5,-0.7793771128146422,0.5988791230634952,2.943685294932925
0.2040816326530612,0.6408163265306123,-0.886036697937508,0.5638303082511259,2.8605216290569073
0.2040816326530612,0.7816326530612245,-0.9977146778347208,0.5504635102406688,2.7698399149232196
0.2040816326530612,0.9224489795918367,-1.1112500753603687,0.5462315806564156,2.6702367278783568
0.2040816326530612,1.063265306122449,-1.2197996926418506,0.545036007601451,2.559866749424215
0.2040816326530612,1.2040816326530612,-1.3111938970118282,0.5440701002556362,2.436304913409257
0.2040816326530612,1.3448979591836734,-1.3689378897042248,0.5421081407362021,2.296390570776118
0.2040816326530612,1.4857142857142858,-1.3795056306914832,0.538667679948542,2.1361899629239978
0.2040816326530612,1.626530612244898,-1.3423245798534498,0.5336110380923839,1.951689731521241
0.2040816326530612,1.76734693877551,-1.2702654891474607,0.5269561992238209,1.7427800098326471
0.2040816326530612,1.9081632653061225,-1.17993591531795,0.5187867457278746,1.5296159715800626
0.2040816326530612,2.0489795918367344,-1.0839137965596297,0.5092090818330027,1.3916513750038582
0.2040816326530612,2.1897959183673468,-0.9893875709498103,0.4983325170384166,1.4345594581988603
0.2040816326530612,2.330612244897959,-0.8997308531618675,0.4862605088089159,1.6135672546602262
0.2040816326530612,2.4714285714285715,-0.8161828374734571,0.47308738371681636,1.8183401425209185
0.2040816326530612,2.6122448979591835,-0.7389257679205652,0.4588977044029287,2.0042880497955506
0.2040816326530612,2.753061224489796,-0.6676667289789873,0.44376687976374624,2.1648648753550477
0.2040816326530612,2.8938775510204082,-0.6019283278253507,0.42776231884599103,2.303069134070491
0.2040816326530612,3.03469387755102,-0.5411870230938012,0.4109447842417575,2.423072329053458
0.2040816326530612,3.1755102040816325,-0.48493542136967527,0.39336981906992946,2.528449300849266
0.2040816326530612,3.316326530612245,-0.4327075668649136,0.3750890707477637,2.621990784118285
0.2040816326530612,3.457142857142857,-0.3840866140370691,0.3561516142103441,2.7058348578920235
0.2040816326530612,3.5979591836734692,-0.33870443915749404,0.336605221460646,2.781625695927724
0.2040816326530612,3.7387755102040816,-0.2962378519590658,0.3164975854504205,2.850641994056352
0.2040816326530612,3.8795918367346935,-0.2564036529747613,0.2958775485867874,2.913891738723363
0.2040816326530612,4.020408163265306,-0.21895358629239084,0.27479630070996486,2.972180464730596
0.2040816326530612,4.161224489795918,-0.18366964375575495,0.2533086081201263,3.026160370577778
0.2040816326530612,4.302040816326531,-0.15035988805796127,0.2314740741490505,3.076365940928763
0.2040816326530612,4.442857142857143,-0.11885482479905926,0.20935841082203605,3.1232400864714633
0.2040816326530612,4.5836734693877546,-0.08900429133688133,0.1870347451472138,3.1671535754902638
0.2040816326530612,4.724489795918367,-0.06067480673165199,0.1645849328070596,3.2084196687045683
0.2040816326530612,4.865306122448979,-0.033747320561167644,0.14210084747681284,3.247305278851279
0.2040816326530612,5.006122448979592,-0.008115302457587051,0.11968560396597297,3.284039586271005
0.2040816326530612,5.146938775510204,0.01631688106483696,0.09745463387572087,3.318820764879671
0.2040816326530612,5.2877551020408164,0.03963534787000535,0.0755365254198465,3.3518212872567834
0.2040816326530612,5.428571428571429,0.06191787873329368,0.05407351847147161,3.3831921528876494
0.2040816326530612,5.56938775510204,0.08323492525124614,0.03322150220290041,3.413066287639505
0.2040816326530612,5.710204081632653,0.10365047447235576,0.013149347332081963,3.44156129950667
0.2040816326530612,5.851020408163265,0.12322279489164295,-0.005962561581261267,3.4687817356391943
0.2040816326530612,5.9918367346938775,0.1420050774285854,-0.02392479267330255,3.4948209355087285
0.2040816326530612,6.13265306122449,0.16004599288775562,-0.0405424429616608,3.51976256696454
0.2040816326530612,6.273469387755102,0.17739017975951937,-0.05561975158142451,3.5436819223948133
0.2040816326530612,6.414285714285714,0.19407866207069308,-0.06896588883554701,3.566646987890419
0.2040816326530612,6.555102040816326,0.2101492197288766,-0.08040153681263437,3.588719355164622
0.2040816326530612,6.6959183673469385,0.22563671382390696,-0.08976592510088237,3.6099550005658916
0.2040816326530612,6.836734693877551,0.24057337085229452,-0.09692389868638654,3.630404941789402
0.2040816326530612,6.977551020408163,0.25498903437752996,-0.10177233373985162,3.6501158057691745
0.2040816326530612,7.118367346938776,0.26891138779859364,-0.10424532110213491,3.669130316053591
0.2040816326530612,7.259183673469387,0.2823661517246681,-0.10431755134207503,3.687487715120363
0.2040816326530612,7.4,0.29537725977851886,-0.10200553296293718,3.70522413070392
0.22448979591836732,0.5,-0.7778601037948721,0.5979813062234036,2.944757898907772
0.22448979591836732,0.6408163265306123,-0.8836419944698184,0.5614804456469776,2.8622758828836243
0.22448979591836732,0.7816326530612245,-0.9943683452457495,0.5466195828822968,2.772512527779289
0.22448979591836732,0.9224489795918367,-1.1071702675391455,0.5409533189078785,2.6741309254156183
0.22448979591836732,1.063265306122449,-1.2158296031539844,0.5383964933799554,2.5653777951902486
0.22448979591836732,1.2040816326530612,-1.309194131143725,0.5361271397474033,2.4439534909987772
0.22448979591836732,1.3448979591836734,-1.3717171301598012,0.5328995575189951,2.3068585569654756
0.22448979591836732,1.4857142857142858,-1.389584173794868,0.5282138122782032,2.1503217797173564
0.22448979591836732,1.626530612244898,-1.3602903416820966,0.5219185445591634,1.970286193128082
0.22448979591836732,1.76734693877551,-1.294730412806235,0.5140214501252959,1.765447957736344
0.22448979591836732,1.9081632653061225,-1.208873567272749,0.5045985155473056,1.550223596439282
0.22448979591836732,2.0489795918367344,-1.115653064334781,0.4937506070800999,1.3904955012386422
0.22448979591836732,2.1897959183673468,-1.0228339374982613,0.4815830932992916,1.3980809929757845
0.22448979591836732,2.330612244897959,-0.9342416622718521,0.4681967505390016,1.5601609553017486
0.22448979591836732,2.4714285714285715,-0.8514018209775085,0.4536842846142629,1.7637954403168379
0.22448979591836732,2.6122448979591835,-0.7746633849978283,0.43812957803931973,1.952978216677863
0.22448979591836732,2.753061224489796,-0.7038270216441763,0.42160827558984687,2.1171000024847295
0.22448979591836732,2.8938775510204082,-0.6384668793415019,0.40418893736242445,2.258279881849664
0.22448979591836732,3.03469387755102,-0.5780873039459158,0.38593446093131956,2.3806274518490054
0.22448979591836732,3.1755102040816325,-0.5221955565343946,0.3669035796456728,2.487821686801936
0.22448979591836732,3.316326530612245,-0.47033293385818675,0.34715236433668856,2.5827679976979514
0.22448979591836732,3.457142857142857,-0.4220857158918772,0.32673571433904264,2.6676984170088303
0.22448979591836732,3.5979591836734692,-0.3770866252417572,0.30570885377254853,2.7443287585991096
0.22448979591836732,3.7387755102040816,-0.33501208919090525,0.2841288188717473,2.8139914092209635
0.22448979591836732,3.8795918367346935,-0.29557789759460085,0.26205597159931615,2.8777346606075844
0.22448979591836732,4.020408163265306,-0.2585344980289621,0.23955553962928125,2.9363945749953935
0.22448979591836732,4.161224489795918,-0.22366249399052493,0.2166992071496363,2.9906467404992862
0.22448979591836732,4.302040816326531,-0.19076857578460216,0.19356674549109637,3.041043784149075
0.22448979591836732,4.442857142857143,-0.15968194999572236,0.17024766895812954,3.088042861577653
0.22448979591836732,4.5836734693877546,-0.13025125601195475,0.14684290248618556,3.1320260563751816
0.22448979591836732,4.724489795918367,-0.10234192652919222,0.12346637302258025,3.1733157131734506
0.22448979591836732,4.865306122448979,-0.07583393758170161,0.10024646780029316,3.2121861149908906
0.22448979591836732,5.006122448979592,-0.05061989595426099,0.07732719284569443,3.2488724699951774
0.22448979591836732,5.146938775510204,-0.026603403872149645,0.05486900012262398,3.2835779329055814
0.22448979591836732,5.2877551020408164,-0.0036976734190365865,0.03304894783561703,3.316479122866658
0.22448979591836732,5.428571428571429,0.018175659694604947,0.012059991976696641,3.347730507186525
0.22448979591836732,5.56938775510204,0.039087554942450746,-0.00789065540043022,3.3774679415563535
0.22448979591836732,5.710204081632653,0.05910243851179647,-0.026584533623428986,3.4058115211476534
0.22448979591836732,5.851020408163265,0.0782789554837716,-0.04379638378489963,3.4328679131898805
0.22448979591836732,5.9918367346938775,0.09667061944708015,-0.059300075539974274,3.4587322759831283
0.22448979591836732,6.13265306122449,0.11432637548588834,-0.0728759457941768,3.4834898489939294
0.22448979591836732,6.273469387755102,0.13129108982216486,-0.08431924271971517,3.50721727809409
0.22448979591836732,6.414285714285714,0.14760597689358476,-0.093449142193107,3.529983727532356
0.22448979591836732,6.555102040816326,0.16330897293193206,-0.10011761148549168,3.55185181824913
0.22448979591836732,6.6959183673469385,0.17843506389543884,-0.10421726332437363,3.572878424069466
0.22448979591836732,6.836734693877551,0.19301657385502202,-0.10568734372798327,3.5931153508966167
0.22448979591836732,6.977551020408163,0.20708341963176924,-0.10451714859107254,3.612609918504005
0.22448979591836732,7.118367346938776,0.22066333620678474,-0.10074643779887753,3.6314054611515494
0.22448979591836732,7.259183673469387,0.23378207664873393,-0.09446279102252073,3.649541760585131
0.22448979591836732,7.4,0.246463589946887,-0.08579623371220028,3.6670554218863796
0.24489795918367346,0.5,-0.7763520785747022,0.5971087316897803,2.9458242716267895
0.24489795918367346,0.6408163265306123,-0.881261632249894,0.5591642996188821,2.864017095412309
0.24489795918367346,0.7816326530612245,-0.9910343254247371,0.5428095758447176,2.7751604822145324
0.24489795918367346,0.9224489795918367,-1.1030714265315058,0.5357021827831916,2.6779814508362905
0.24489795918367346,1.063265306122449,-1.21173408092703,0.5317721228570081,2.570814968979924
0.24489795918367346,1.2040816326530612,-1.3068323210143982,0.5281834093729835,2.451481691608832
0.24489795918367346,1.3448979591836734,-1.3737938352697525,0.523671054722768,2.317138377845866
0.24489795918367346,1.4857142857142858,-1.3987209394526137,0.5177179609322441,2.1641808962112545
0.24489795918367346,1.626530612244898,-1.3773807131260425,0.5101592123479649,1.9885679903084128
0.24489795918367346,1.76734693877551,-1.3186257402682566,0.5009922687973655,1.7881111819698603
0.24489795918367346,1.9081632653061225,-1.2375834935456993,0.49028555798194995,1.5726116705735451
0.24489795918367346,2.0489795918367344,-1.1474265894188092,0.478134457194668,1.3951006552843315
0.24489795918367346,2.1897959183673468,-1.0564806348339788,0.4646404762812424,1.3666351569879052
0.24489795918367346,2.330612244897959,-0.9690448869139583,0.4499018856801106,1.507251605549129
0.24489795918367346,2.4714285714285715,-0.8869561508338395,0.43401004651437736,1.707890062937223
0.24489795918367346,2.6122448979591835,-0.8107484506012351,0.4170486006721509,1.9000482890875983
0.24489795918367346,2.753061224489796,-0.7403278845494382,0.3990940235480263,2.0678708714993816
0.24489795918367346,2.8938775510204082,-0.6753274362335869,0.3802168544084055,2.212241771033654
0.24489795918367346,3.03469387755102,-0.6152837601529949,0.3604832199500359,2.337127257287209
0.24489795918367346,3.1755102040816325,-0.5597214467192679,0.33995650340604905,2.4462987725117924
0.24489795918367346,3.316326530612245,-0.5081906745806171,0.31869905448864744,2.542780450996769
0.24489795918367346,3.457142857142857,-0.46028184879254885,0.2967739847163179,2.6289045818922316
0.24489795918367346,3.5979591836734692,-0.4156291572334318,0.2742469562318645,2.7064641062489025
0.24489795918367346,3.7387755102040816,-0.3739090321160705,0.251188043215203,2.776849340389478
0.24489795918367346,3.8795918367346935,-0.3348364974718385,0.22767365869827685,2.841152040714927
0.24489795918367346,4.020408163265306,-0.2981608615251902,0.20378855395257647,2.900241136694117
0.24489795918367346,4.161224489795918,-0.2636614439782294,0.17962785742704362,2.9548173440898484
0.24489795918367346,4.302040816326531,-0.23114363098057775,0.15529921959997273,3.0054527446803694
0.24489795918367346,4.442857142857143,-0.20043537922381718,0.13092483563659366,3.052619728097047
0.24489795918367346,4.5836734693877546,-0.1713841666258415,0.10664344604551981,3.0967124563421855
0.24489795918367346,4.724489795918367,-0.14385436931134143,0.08261200038123458,3.1380629464674046
0.24489795918367346,4.865306122448979,-0.11772501521525429,0.059006968333109,3.1769533094057945
0.24489795918367346,5.006122448979592,-0.09288786755167754,0.03602492546656654,3.213625153289545
0.24489795918367346,5.146938775510204,-0.06924578867907884,0.013882175308076665,3.2482869006778055
0.24489795918367346,5.2877551020408164,-0.04671134301427554,-0.007186898878442201,3.2811195434439737
0.24489795918367346,5.428571428571429,-0.025205602094941895,-0.026933104532015344,3.312281213643508
0.24489795918367346,5.56938775510204,-0.004657120125222288,-0.045097582657765575,3.3419108479508157
0.24489795918367346,5.710204081632653,0.014998946672704872,-0.061418934741736285,3.370131152000947
0.24489795918367346,5.851020408163265,0.033821599208487416,-0.07564226714225983,3.397051016998992
0.24489795918367346,5.9918367346938775,0.051864651765921456,-0.08752976966501412,3.4227675055186215
0.24489795918367346,6.13265306122449,0.06917730113566278,-0.0968721292220207,3.4473674947519144
0.24489795918367346,6.273469387755102,0.08580462175103146,-0.10349978274335571,3.470929044930137
0.24489795918367346,6.414285714285714,0.1017879975336207,-0.10729281543246239,3.493522546988595
0.24489795918367346,6.555102040816326,0.11716549987790262,-0.10818832753488127,3.515211689418193
0.24489795918367346,6.6959183673469385,0.13197221947943852,-0.10618429803490778,3.536054277992572
0.24489795918367346,6.836734693877551,0.14624055825455223,-0.10133942288180754,3.556102933367378
0.24489795918367346,6.977551020408163,0.1600004873248219,-0.09376889264365584,3.575405693534967
0.24489795918367346,7.118367346938776,0.17327977473986034,-0.08363681589978336,3.594006521757503
0.24489795918367346,7.259183673469387,0.1861041881915612,-0.07114608880500715,3.611945755406832
0.24489795918367346,7.4,0.19849767407946448,-0.0565270547359942,3.629260488868713
0.26530612244897955,0.5,-0.7748530020392121,0.596261391128936,2.946884458543449
0.26530612244897955,0.6408163265306123,-0.8788956833315739,0.5568822028478116,2.8657453912094297
0.26530612244897955,0.7816326530612245,-0.9877134159791431,0.539034289294735,2.777784075051941
0.26530612244897955,0.9224489795918367,-1.0989571091824406,0.5304794252781013,2.6817889448622996
0.26530612244897955,1.063265306122449,-1.20752391723552,0.5251645295629389,2.5761795439957247
0.26530612244897955,1.2040816326530612,-1.3041302791647642,0.5202408283339413,2.458891813592419
0.26530612244897955,1.3448979591836734,-1.3751896757764506,0.5144247212318265,2.3272334874293468
0.26530612244897955,1.4857142857142858,-1.4069055462755706,0.5071822841806565,2.1777695923799283
0.26530612244897955,1.626530612244898,-1.3935399731478786,0.498335187641305,2.006520540233041
0.26530612244897955,1.76734693877551,-1.3418780537687032,0.4878707240437212,1.810662235751666
0.26530612244897955,1.9081632653061225,-1.2660057293151632,0.4758497922133229,1.5963486185737699
0.26530612244897955,2.0489795918367344,-1.1791989216108758,0.4623623542606163,1.4050187205135283
0.26530612244897955,2.1897959183673468,-1.0903142684775564,0.44750620684632464,1.3411864968051075
0.26530612244897955,2.330612244897959,-1.0041430573319081,0.43137734411169926,1.4555553390751408
0.26530612244897955,2.4714285714285715,-0.9228588069713385,0.41406617611477403,1.6507352990885007
0.26530612244897955,2.6122448979591835,-0.8472004933345236,0.39565665386657517,1.845418825298923
0.26530612244897955,2.753061224489796,-0.7771928511425924,0.37622687763327073,2.0170676713283715
0.26530612244897955,2.8938775510204082,-0.712535948265039,0.35585044020226825,2.1648536452310423
0.26530612244897955,3.03469387755102,-0.6528037928671937,0.33459814624899625,2.292485406984083
0.26530612244897955,3.1755102040816325,-0.597541377979,0.31253991481147186,2.4038075816691364
0.26530612244897955,3.316326530612245,-0.5463096448466181,0.2897468580954765,2.5019658458671663
0.26530612244897955,3.457142857142857,-0.49870428152335533,0.26629341735748346,2.589399309126892
0.26530612244897955,3.5979591836734692,-0.4543616607377311,0.24225961578053093,2.6679840301469624
0.26530612244897955,3.7387755102040816,-0.4129586716246981,0.21773343473062914,2.7391729396791193
0.26530612244897955,3.8795918367346935,-0.3742098588481903,0.1928132844593324,2.8041047643033847
0.26530612244897955,4.020408163265306,-0.33786357550326407,0.16761058782253535,2.863683898898244
0.26530612244897955,4.161224489795918,-0.30369797446087754,0.1422524260672122,2.9186381247926696
0.26530612244897955,4.302040816326531,-0.2715172205619051,0.11688409136852453,2.969560416913917
0.26530612244897955,4.442857142857143,-0.24114807548667935,0.09167149569741104,3.0169395002801904
0.26530612244897955,4.5836734693877546,-0.21243689577003924,0.06680318217714334,3.061182447857359
0.26530612244897955,4.724489795918367,-0.18524703093543865,0.04249165414694981,3.1026316027220857
0.26530612244897955,4.865306122448979,-0.1594565860388707,0.018973669798845853,3.141577412662343
0.26530612244897955,5.006122448979592,-0.1349565041563527,-0.003490915230949607,3.1782682815634473
0.26530612244897955,5.146938775510204,-0.11164892635569164,-0.024622227289382983,3.2129182208212295
0.26530612244897955,5.2877551020408164,-0.08944578800900056,-0.044125786263923016,3.245712854702299
0.26530612244897955,5.428571428571429,-0.0682676160219891,-0.06170050770803867,3.2768141824863184
0.26530612244897955,5.56938775510204,-0.048042496503397335,-0.07704931760634218,3.306364391226163
0.26530612244897955,5.710204081632653,-0.028705186561222226,-0.08989200536734812,3.334488935141843
0.26530612244897955,5.851020408163265,-0.010196347859048542,-0.09997949055253941,3.3612990424633953
0.26530612244897955,5.9918367346938775,0.007538116330536507,-0.10710820388586027,3.3868937728409176
0.26530612244897955,6.13265306122449,0.024547636441223465,-0.11113295726839667,3.4113617210171654
0.26530612244897955,6.273469387755102,0.040877477295419136,-0.11197672249571143,3.434782426661694
0.26530612244897955,6.414285714285714,0.05656917349550873,-0.10963583562949679,3.4572275591361477
0.26530612244897955,6.555102040816326,0.07166091431438908,-0.10417984556153674,3.478761919772136
0.26530612244897955,6.6959183673469385,0.08618787932231192,-0.09574608760620286,3.499444286590744
0.26530612244897955,6.836734693877551,0.10018253170140377,-0.08452979864019707,3.5193281285902134
0.26530612244897955,6.977551020408163,0.11367488053266332,-0.07077105097411736,3.5384622246228172
0.26530612244897955,7.118367346938776,0.1266927118400706,-0.05474026916327188,3.556891192919085
0.26530612244897955,7.259183673469387,0.13926179266466163,-0.03672394501592148,3.5746559433576244
0.26530612244897955,7.4,0.15140605451784098,-0.01701169679589146,3.59179407955891
0.2857142857142857,0.5,-0.7733628382176632,0.595439270528142,2.947938504732474
0.2857142857142857,0.6408163265306123,-0.8765442108137388,0.5546344781274856,2.8674608934388335
0.2857142857142857,0.7816326530612245,-0.984406362934883,0.5352945186032189,2.7803835989048604
0.2857142857142857,0.9224489795918367,-1.0948306708219546,0.5252863081424839,2.6855540378080933
0.2857142857142857,1.063265306122449,-1.2032094203866424,0.5185753671782143,2.5814727717013195
0.2857142857142857,1.2040816326530612,-1.3011095950530611,0.5123013383085725,2.466186127957149
0.2857142857142857,1.3448979591836734,-1.375928689747118,0.5051626932397943,2.3371473919729198
0.2857142857142857,1.4857142857142858,-1.4141332734529464,0.4966090111370033,2.191090836588166
0.2857142857142857,1.626530612244898,-1.408715539235418,0.4864487074873167,2.0241335456488954
0.2857142857142857,1.76734693877551,-1.3644105771870285,0.4746589717179139,1.8330144786712612
0.2857142857142857,1.9081632653061225,-1.2940734410803578,0.46129324252496934,1.6210551289177488
0.2857142857142857,2.0489795918367344,-1.2109281359164676,0.4464361692798051,1.419647002364339
0.2857142857142857,2.1897959183673468,-1.1243169618051043,0.4301820180222073,1.3225453307791246
0.2857142857142857,2.330612244897959,-1.039536228777897,0.4126248382314811,1.405990652038537
0.2857142857142857,2.4714285714285715,-0.9591218073019111,0.39385457617670533,1.592529855696625
0.2857142857142857,2.6122448979591835,-0.8840390825710795,0.37395620619904774,1.7890231398308847
0.2857142857142857,2.753061224489796,-0.8144461070477303,0.35301047127730834,1.964573908020173
0.2857142857142857,2.8938775510204082,-0.7501193563063021,0.33109541645581014,2.1160047818670944
0.2857142857142857,3.03469387755102,-0.6906759525426103,0.30828837863963904,2.246606948776316
0.2857142857142857,3.1755102040816325,-0.6356848235504043,0.2846683123889784,2.360268065573666
0.2857142857142857,3.316326530612245,-0.5847198422751974,0.2603182651324203,2.4602562018840817
0.2857142857142857,3.457142857142857,-0.5373833234242753,0.2353280606587521,2.549123989999871
0.2857142857142857,3.5979591836734692,-0.4933146629930356,0.20979718924084614,2.6288371306891753
0.2857142857142857,3.7387755102040816,-0.4521917333657308,0.18383783480851187,2.700916356509219
0.2857142857142857,3.8795918367346935,-0.41372893433298985,0.15757808540991872,2.766551270020044
0.2857142857142857,4.020408163265306,-0.37767387746040754,0.1311651922624775,2.8266846237295438
0.2857142857142857,4.161224489795918,-0.34380368951046236,0.1047687699796692,2.8820734083311588
0.2857142857142857,4.302040816326531,-0.3119214047418499,0.07858374701672675,2.9333331027114697
0.2857142857142857,4.442857142857143,-0.28185265241275365,0.05283274337238637,2.9809699786093335
0.2857142857142857,4.5836734693877546,-0.25344271143969904,0.027767467914336687,3.0254049502214935
0.2857142857142857,4.724489795918367,-0.22655393740969443,0.0036686230091488416,3.0669914007339396
0.2857142857142857,4.865306122448979,-0.20106353730807172,-0.019156295646773323,3.106028674512587
0.2857142857142857,5.006122448979592,-0.17686165531855152,-0.04037794451819232,3.1427724137465596
0.2857142857142857,5.146938775510204,-0.15384972974741692,-0.059653300207722616,3.177442568789465
0.2857142857142857,5.2877551020408164,-0.131939083615265,-0.07663729067183031,3.210229678907382
0.2857142857142857,5.428571428571429,-0.11104971519116723,-0.0909977264363951,3.2412998385125764
0.2857142857142857,5.56938775510204,-0.09110925996234041,-0.10243267002502646,3.270798665774436
0.2857142857142857,5.710204081632653,-0.07205209031212305,-0.1106886009123639,3.2988545190684437
0.2857142857142857,5.851020408163265,-0.05381854583430739,-0.11557759368214758,3.325581089676504
0.2857142857142857,5.9918367346938775,-0.03635426276811859,-0.11699092002181487,3.351079540150811
0.2857142857142857,6.13265306122449,-0.01960959268770444,-0.11490716279816095,3.375440263175359
0.2857142857142857,6.273469387755102,-0.003539095580893363,-0.10939341764667787,3.3987443507955515
0.2857142857142857,6.414285714285714,0.011898901252294371,-0.1005994827875373,3.421064816536824
0.2857142857142857,6.555102040816326,0.026742690598373704,-0.08874591766061868,3.4424676256711195
0.2857142857142857,6.6959183673469385,0.04102752499817805,-0.07410782753727045,3.463012567247312
0.2857142857142857,6.836734693877551,0.054785915951775815,-0.05699666604243671,3.4827539953855835
0.2857142857142857,6.977551020408163,0.06804789789521384,-0.03774225092646973,3.5017414635322894
0.2857142857142857,7.118367346938776,0.0808412620059711,-0.01667674234826356,3.520020268514355
0.2857142857142857,7.259183673469387,0.09319176371433587,0.005878349137543095,3.5376319199749604
0.2857142857142857,7.4,0.10512330719059268,0.02962170601369495,3.5546145471703774
0.3061224489795918,0.5,-0.7718815503208439,0.5946423499122458,2.948986454895923
0.3061224489795918,0.6408163265306123,-0.874207269230861,0.552421438496942,2.8691637238997156
0.3061224489795918,0.7816326530612245,-0.981113863111217,0.5315910531561518,2.782959342237724
0.3061224489795918,0.9224489795918367,-1.0906952732652382,0.5201240995480882,2.689277349586326
0.3061224489795918,1.063265306122449,-1.1988004162069723,0.512006311150781,2.5866958816910017
0.3061224489795918,1.2040816326530612,-1.2977915170534797,0.5043669298600376,2.473366875085257
0.3061224489795918,1.3448979591836734,-1.3760369465415045,0.49588717459464615,2.3468836303449283
0.3061224489795918,1.4857142857142858,-1.4204051663430906,0.4860004637648274,2.204148157880382
0.3061224489795918,1.626530612244898,-1.4228590086200816,0.47450211737307296,2.0414002769245165
0.3061224489795918,1.76734693877551,-1.3861439540901865,0.461359305034997,1.8550990386006985
0.3061224489795918,1.9081632653061225,-1.3217127183977238,0.44661809215499765,1.6464061467989668
0.3061224489795918,2.0489795918367344,-1.2425650856698272,0.43035795202358645,1.4382923932822487
0.3061224489795918,2.1897959183673468,-1.1584656003721665,0.4126698753305625,1.311257383514643
0.3061224489795918,2.330612244897959,-1.075221437540976,0.3936463771140398,1.359684901516942
0.3061224489795918,2.4714285714285715,-0.9957558956122393,0.37337755700793424,1.5335944075448884
0.3061224489795918,2.6122448979591835,-0.9212836978313588,0.35195034434955996,1.7308172989920583
0.3061224489795918,2.753061224489796,-0.8521124839281703,0.329449408531663,1.9102675647292078
0.3061224489795918,2.8938775510204082,-0.7881056682999908,0.3059590157736593,2.0655740092682797
0.3061224489795918,3.03469387755102,-0.7289300630004146,0.28156546528625054,2.1993871972465118
0.3061224489795918,3.1755102040816325,-0.6741825943202612,0.25635987027947876,2.315592136116105
0.3061224489795918,3.316326530612245,-0.6234525775375812,0.2304412981415124,2.417577066264959
0.3061224489795918,3.457142857142857,-0.5763505122366591,0.20392018539987838,2.5080148137499076
0.3061224489795918,3.5979591836734692,-0.5325197916691462,0.17692200497580346,2.588967800662264
0.3061224489795918,3.7387755102040816,-0.49163988589092694,0.14959120954991698,2.6620303161558656
0.3061224489795918,3.8795918367346935,-0.45342543978729305,0.1220952336149966,2.728447189614758
0.3061224489795918,4.020408163265306,-0.41762357402806005,0.0946284746603199,2.789202762913258
0.3061224489795918,4.161224489795918,-0.38401055115614097,0.06741593426284063,2.84508563127131
0.3061224489795918,4.302040816326531,-0.3523883807847965,0.040716097124008505,2.8967355651579574
0.3061224489795918,4.442857142857143,-0.32258163062486606,0.014822456159567886,2.9446777303887766
0.3061224489795918,4.5836734693877546,-0.29443455037757854,-0.00993697553765624,2.9893479141664807
0.3061224489795918,4.724489795918367,-0.26780853633594115,-0.03320317365842749,3.0311113322144942
0.3061224489795918,4.865306122448979,-0.24257992421897756,-0.054593281656669775,3.0702768412153323
0.3061224489795918,5.006122448979592,-0.2186380781036028,-0.0737121331928051,3.107107811306154
0.3061224489795918,5.146938775510204,-0.19588375064349495,-0.09016840104393897,3.1418305201851005
0.3061224489795918,5.2877551020408164,-0.17422766792621724,-0.10359465452114103,3.174640726734583
0.3061224489795918,5.428571428571429,-0.15358931410007695,-0.11366980725982488,3.205708872514783
0.3061224489795918,5.56938775510204,-0.1338958841597769,-0.12014164132442819,3.2351842206074606
0.3061224489795918,5.710204081632653,-0.11508138094606075,-0.12284622223648181,3.2631981934378604
0.3061224489795918,5.851020408163265,-0.09708583485099784,-0.12172117940130894,3.2898670828432817
0.3061224489795918,5.9918367346938775,-0.07985462742904724,-0.11681056464667566,3.315294267050512
0.3061224489795918,6.13265306122449,-0.06333790380259008,-0.10826039473550159,3.3395720383188783
0.3061224489795918,6.273469387755102,-0.04749006093220976,-0.0963056731086086,3.3627831202401937
0.3061224489795918,6.414285714285714,-0.032269300494125665,-0.08125112313420282,3.3850019349566405
0.3061224489795918,6.555102040816326,-0.017637237619912708,-0.06344866362721334,3.4062956690411874
0.3061224489795918,6.6959183673469385,-0.0035585568381945936,-0.04327472289720942,3.426725173338649
0.3061224489795918,6.836734693877551,0.009999290659334513,-0.021109865539033015,3.446345728252907
0.3061224489795918,6.977551020408163,0.023066354358446214,0.0026776943809669967,3.4652076970775605
0.3061224489795918,7.118367346938776,0.035670421079829595,0.027744073849579564,3.4833570866660417
0.3061224489795918,7.259183673469387,0.047837224975424246,0.05377732957898331,3.5008360306240434
0.3061224489795918,7.4,0.05959063436455889,0.08050130551176397,3.5176832075425275
0.32653061224489793,0.5,-0.7704091007912404,0.5938706040995523,2.9500283533630993
0.32653061224489793,0.6408163265306123,-0.8718849049511411,0.5502433867540444,2.8708540030303844
0.32653061224489793,0.7816326530612245,-0.9778365663619248,0.5279246748050124,2.7855115895126534
0.32653061224489793,0.9224489795918367,-1.0865538929013556,0.5149940730594746,2.6929594895483753
0.32653061224489793,1.063265306122449,-1.19430625023782,0.5054590578386849,2.5918500833459044
0.32653061224489793,1.2040816326530612,-1.2941968490881388,0.49643963295301186,2.4804362635461814
0.32653061224489793,1.3448979591836734,-1.375542200597047,0.4866004228362132,2.356445758352621
0.32653061224489793,1.4857142857142858,-1.4257280217765844,0.47535903561265996,2.2169455393887003
0.32653061224489793,1.626530612244898,-1.4359271873152937,0.4624978569501295,2.058316961842228
0.32653061224489793,1.76734693877551,-1.406997236375051,0.44797413766809957,1.8768620578307438
0.32653061224489793,1.9081632653061225,-1.3488425170065554,0.4318266731735099,1.6721290485348195
0.32653061224489793,2.0489795918367344,-1.2740526398232832,0.4141299413890024,1.4602331680678606
0.32653061224489793,2.1897959183673468,-1.1927309766276188,0.3949719885808549,1.3075198059442181
0.32653061224489793,2.330612244897959,-1.1111920502609163,0.3744442988940157,1.3179471014084418
0.32653061224489793,2.4714285714285715,-1.0327701418652353,0.35263791796980365,1.4744155970201025
0.32653061224489793,2.6122448979591835,-0.9589535419380396,0.3296428724613053,1.670795091894716
0.32653061224489793,2.753061224489796,-0.8902174271322671,0.3055493884234427,1.8540233971664326
0.32653061224489793,2.8938775510204082,-0.8265240259127296,0.2804502247593708,2.0134289126999625
0.32653061224489793,3.03469387755102,-0.7675973543603389,0.2544436429789029,2.150710453255431
0.32653061224489793,3.1755102040816325,-0.7130670152952259,0.22763692481942577,2.269682497060479
0.32653061224489793,3.316326530612245,-0.6625406719055528,0.20015035395930952,2.3738465777583206
0.32653061224489793,3.457142857142857,-0.615638819796263,0.17212155794596193,2.4660020258274233
0.32653061224489793,3.5979591836734692,-0.572009985092854,0.1437102849447194,2.548315635397377
0.32653061224489793,3.7387755102040816,-0.5313359528439026,0.1151032898801863,2.6224616353179173
0.32653061224489793,3.8795918367346935,-0.4933320694537455,0.08651925691116463,2.6897449497168813
0.32653061224489793,4.020408163265306,-0.4577452569920891,0.058213337522385576,2.751195126992402
0.32653061224489793,4.161224489795918,-0.4243511036220664,0.0304807026829095,2.807635041700978
0.32653061224489793,4.302040816326531,-0.3929507162214771,0.0036584447965235774,2.859730759057621
0.32653061224489793,4.442857142857143,-0.3633676819456309,-0.021875374644629353,2.9080278425051107
0.32653061224489793,4.5836734693877546,-0.33544527609484415,-0.045706490610600496,2.952978092462365
0.32653061224489793,4.724489795918367,-0.3090439723967979,-0.06739423113502625,2.994959439367638
0.32653061224489793,4.865306122448979,-0.284039259858318,-0.08648706508877903,3.0342909420079573
0.32653061224489793,5.006122448979592,-0.2603197448451235,-0.102543966802989,3.071244229568976
0.32653061224489793,5.146938775510204,-0.237785509575547,-0.11516051101918975,3.1060523338319004
0.32653061224489793,5.2877551020408164,-0.21634669618475622,-0.12399725461962938,3.1389165830690717
0.32653061224489793,5.428571428571429,-0.19592228574754414,-0.12880673764700373,3.170012040111647
0.32653061224489793,5.56938775510204,-0.17643904489746312,-0.12945484076230537,3.19949183347396
0.32653061224489793,5.710204081632653,-0.1578306160504577,-0.12593266973831538,3.2274906387797673
0.32653061224489793,5.851020408163265,-0.1400367300267774,-0.11835666475925276,3.254127501197158
0.32653061224489793,5.9918367346938775,-0.12300252316346924,-0.10695690967349743,3.279508141674243
0.32653061224489793,6.13265306122449,-0.10667794376783747,-0.09205586388627984,3.3037268560591984
0.32653061224489793,6.273469387755102,-0.09101723472036116,-0.0740413289504854,3.326868088914038
0.32653061224489793,6.414285714285714,-0.07597848130218607,-0.053337905895856845,3.3490077468185504
0.32653061224489793,6.555102040816326,-0.06152321512198939,-0.03038063559244724,3.3702143011246473
0.32653061224489793,6.6959183673469385,-0.0476160661425728,-0.005593303448016802,3.3905497188300213
0.32653061224489793,6.836734693877551,-0.03422445619288777,0.02062747650843887,3.4100702528826976
0.32653061224489793,6.977551020408163,-0.021318328368045557,0.04792241946485799,3.4288271164639967
0.32653061224489793,7.118367346938776,-0.008869907434921213,0.07597473185593336,3.4468670609799377
0.32653061224489793,7.259183673469387,0.003146512673044356,0.10451139513061698,3.4642328739030503
0.32653061224489793,7.4,0.014754758099088135,0.1333017031611808,3.4809638090718025
0.3469387755102041,0.5,-0.7689454513380866,0.593124002279692,2.9510642440954444
0.3469387755102041,0.6408163265306123,-0.8695771565528136,0.5481006154308138,2.8725318499251187
0.3469387755102041,0.7816326530612245,-0.9745750778176896,0.5242961577784635,2.788040621181359
0.3469387755102041,0.9224489795918367,-1.0824093281508598,0.5098975056337022,2.6966010570918963
0.3469387755102041,1.063265306122449,-1.1897357970229234,0.4989353361453405,2.5969365611223396
0.3469387755102041,1.2040816326530612,-1.2903458630862996,0.4885215315786566,2.487396466271283
0.3469387755102041,1.3448979591836734,-1.3744735452061219,0.4773047865572581,2.365837328502794
0.3469387755102041,1.4857142857142858,-1.4301142544608572,0.4646872389679642,2.229487316021038
0.3469387755102041,1.626530612244898,-1.447883064967726,0.45043850984322686,2.0748822523000703
0.3469387755102041,1.76734693877551,-1.4268890770140974,0.43450604103128604,1.8982622369638573
0.3469387755102041,1.9081632653061225,-1.3753747905399691,0.4169214904007178,1.6979994525948536
0.3469387755102041,2.0489795918367344,-1.3053249259674256,0.39775458817902964,1.4847694549267731
0.3469387755102041,2.1897959183673468,-1.2270768311606866,0.3770908189816691,1.3111488709511643
0.3469387755102041,2.330612244897959,-1.1474369969333533,0.35502128038209163,1.2821902302362305
0.3469387755102041,2.4714285714285715,-1.0701714660968393,0.3316389414318467,1.4156983217977681
0.3469387755102041,2.6122448979591835,-0.997067310081386,0.30703834608149483,1.6090100374617944
0.3469387755102041,2.753061224489796,-0.9287869384529922,0.28131733819410926,1.7957169925309615
0.3469387755102041,2.8938775510204082,-0.8654047658780014,0.2545799623594686,1.9594252186295213
0.3469387755102041,3.03469387755102,-0.8067105960176427,0.22694023572302463,2.100448591867542
0.3469387755102041,3.1755102040816325,-0.752372099820271,0.1985266316892946,2.2224313361444676
0.3469387755102041,3.316326530612245,-0.7020186568733502,0.1694871489763873,2.3289743870974977
0.3469387755102041,3.457142857142857,-0.6552828668314501,0.13999491964249822,2.4230090730552503
0.3469387755102041,3.5979591836734692,-0.6118197148481553,0.11025417827559951,2.5068147509361065
0.3469387755102041,3.7387755102040816,-0.5713141397404213,0.08050628804151944,2.5821526730337108
0.3469387755102041,3.8795918367346935,-0.5334827244375662,0.05103541201151942,2.6503933138787152
0.3469387755102041,4.020408163265306,-0.49807253487518166,0.022173069222877064,2.712615488695236
0.3469387755102041,4.161224489795918,-0.4648587034755364,-0.005699403416894122,2.769679370585758
0.3469387755102041,4.302040816326531,-0.43364157957240435,-0.032151898619213304,2.8222795473251456
0.3469387755102041,4.442857142857143,-0.40424386291488035,-0.05671159465248539,2.8709836631689356
0.3469387755102041,4.5836734693877546,-0.37650791511525455,-0.07887548255284293,2.9162608078749432
0.3469387755102041,4.724489795918367,-0.3502933286054947,-0.09813040447522883,2.9585026051872636
0.3469387755102041,4.865306122448979,-0.3254747745151294,-0.11398048769170352,2.998039074336344
0.3469387755102041,5.006122448979592,-0.30194011971396867,-0.12598026049153335,3.035150704245618
0.3469387755102041,5.146938775510204,-0.2795887909075649,-0.13376981740166208,3.0700777545344984
0.3469387755102041,5.2877551020408164,-0.25833035752841615,-0.137106825991337,3.1030274989913815
0.3469387755102041,5.428571428571429,-0.23808330698283459,-0.13588964603276674,3.1341799288535457
0.3469387755102041,5.56938775510204,-0.21877398571033108,-0.13016693290009124,3.1636922868112314
0.3469387755102041,5.710204081632653,-0.2003356829650529,-0.12013169002911184,3.1917027051056306
0.3469387755102041,5.851020408163265,-0.18270783703913496,-0.10610100116823755,3.218333150881461
0.3469387755102041,5.9918367346938775,-0.16583534595450125,-0.0884855647447422,3.243691828315596
0.3469387755102041,6.13265306122449,-0.14966796775918087,-0.06775461653101773,3.267875153806373
0.3469387755102041,6.273469387755102,-0.13415979755569812,-0.04440170879219695,3.2909693912197127
0.3469387755102041,6.414285714285714,-0.11926881032698512,-0.01891542901916138,3.3130520146827562
0.3469387755102041,6.555102040816326,-0.10495646013924899,0.008242750843266863,3.3341928511490457
0.3469387755102041,6.6959183673469385,-0.09118732807750805,0.03665305939281264,3.354455044202649
0.3469387755102041,6.836734693877551,-0.0779288120129206,0.06594523342522969,3.3738958712038767
0.3469387755102041,6.977551020408163,-0.06515085271599468,0.09580096903394232,3.392567439856015
0.3469387755102041,7.118367346938776,-0.052825691313755356,0.12595256895654397,3.4105172847714083
0.3469387755102041,7.259183673469387,-0.040927654098951126,0.15617920725035792,3.4277888807316264
0.3469387755102041,7.4,-0.029432961058998865,0.18630192302861953,3.444422086126351
0.36734693877551017,0.5,-0.7674905629775041,0.5924025083187222,2.952094170690562
0.36734693877551017,0.6408163265306123,-0.8672840551847444,0.5459934064103633,2.8741973823541906
0.36734693877551017,0.7816326530612245,-0.9713299599968446,0.5207062679594141,2.7905467137643067
0.36734693877551017,0.9224489795918367,-1.0782642072362716,0.5048356770623594,2.700202641668615
0.36734693877551017,1.063265306122449,-1.1850974646454207,0.4924368870041607,2.6019564803598234
0.36734693877551017,1.2040816326530612,-1.2862582237565199,0.4806147473944255,2.4942496215243524
0.36734693877551017,1.3448979591836734,-1.372861069181188,0.46800266983088995,2.3750618829510954
0.36734693877551017,1.4857142857142858,-1.4335816476178977,0.45398766313731587,2.241778103432351
0.36734693877551017,1.626530612244898,-1.4586966956539482,0.43832675929232956,2.0910967939384957
0.36734693877551017,1.76734693877551,-1.445739123159734,0.4209577161939545,1.9192687140232636
0.36734693877551017,1.9081632653061225,-1.4012148656969108,0.4019052206445507,1.7238358431028862
0.36734693877551017,2.0489795918367344,-1.3363066205619472,0.38123454301179904,1.5112583893625828
0.36734693877551017,2.1897959183673468,-1.2614587920860862,0.359029095037879,1.321609879894226
0.36734693877551017,2.330612244897959,-1.18393986580663,0.33538037063188614,1.253794132551434
0.36734693877551017,2.4714285714285715,-1.1079640381340512,0.31038445148597477,1.3584210880971561
0.36734693877551017,2.6122448979591835,-1.0356428741920918,0.2841421935143448,1.5456073645755057
0.36734693877551017,2.753061224489796,-0.9678474761230554,0.2567615553658299,1.735231651269358
0.36734693877551017,2.8938775510204082,-0.9047794645384444,0.22836134313493126,1.9034065958798883
0.36734693877551017,3.03469387755102,-0.8463042330256086,0.19907605516902946,2.048459492155944
0.36734693877551017,3.1755102040816325,-0.7921337415591898,0.1690615908658093,2.1737187642938474
0.36734693877551017,3.316326530612245,-0.7419229970045444,0.13850178636530763,2.2828603740637896
0.36734693877551017,3.457142857142857,-0.6953191599939411,0.10761548372564934,2.3789515906191303
0.36734693877551017,3.5979591836734692,-0.6519852259384409,0.07666386671005115,2.464392985272035
0.36734693877551017,3.7387755102040816,-0.6116102725789101,0.045957585241648335,2.5410406929851566
0.36734693877551017,3.8795918367346935,-0.5739127464594684,0.015862637599989175,2.6103368674252403
0.36734693877551017,4.020408163265306,-0.5386402597736432,-0.013196134566100798,2.6734141747377085
0.36734693877551017,4.161224489795918,-0.5055677486474741,-0.040735800208365223,2.731173468829401
0.36734693877551017,4.302040816326531,-0.4744949710181947,-0.06622230738142543,2.7843403810130107
0.36734693877551017,4.442857142857143,-0.4452438474733506,-0.08908569287019016,2.833506519549776
0.36734693877551017,4.5836734693877546,-0.41765589606118203,-0.10874488147097426,2.8791596899554133
0.36734693877551017,4.724489795918367,-0.39158987334738476,-0.12464192425356463,2.921706301905831
0.36734693877551017,4.865306122448979,-0.366919662771915,-0.1362832265964965,2.961488182469803
0.36734693877551017,5.006122448979592,-0.3435324119688465,-0.143282691152914,2.9987953444793845
0.36734693877551017,5.146938775510204,-0.3213269053543957,-0.14539960721705128,3.033875799689143
0.36734693877551017,5.2877551020408164,-0.3002121491838404,-0.1425637734851873,3.0669431867230337
0.36734693877551017,5.428571428571429,-0.2801061443058964,-0.13488231795974828,3.0981827633505374
0.36734693877551017,5.56938775510204,-0.26093482255471606,-0.12262662710695195,3.1277561616090224
0.36734693877551017,5.710204081632653,-0.24263112493415756,-0.10620233858186083,3.155805196473772
0.36734693877551017,5.851020408163265,-0.2251342013610874,-0.08610880392652819,3.1824549428294873
0.36734693877551017,5.9918367346938775,-0.20838871532515374,-0.06289564742761206,3.2078162424561203
0.36734693877551017,6.13265306122449,-0.19234423827836916,-0.03712306581088418,3.23198776173139
0.36734693877551017,6.273469387755102,-0.17695472108993765,-0.00933014664187286,3.255057692735824
0.36734693877551017,6.414285714285714,-0.16217803175644727,0.019987138961561516,3.277105169183538
0.36734693877551017,6.555102040816326,-0.14797554999947565,0.0503886904165707,3.2982014520376253
0.36734693877551017,6.6959183673469385,-0.13431181101647355,0.0814954245198103,3.3184109283907
0.36734693877551017,6.836734693877551,-0.12115419150501745,0.11298887729462423,3.337791957559553
0.36734693877551017,6.977551020408163,-0.10847263237822696,0.14460724950804768,3.356397591406827
0.36734693877551017,7.118367346938776,-0.09623939328082723,0.1761394988623939,3.3742761907037844
0.36734693877551017,7.259183673469387,-0.08442883480441543,0.20741865022919062,3.391471955053741
0.36734693877551017,7.4,-0.07301722467240636,0.23831509234546353,3.4080253802051588
0.3877551020408163,0.5,-0.7660443960686419,0.5917060803515028,2.95311817638484
0.3877551020408163,0.6408163265306123,-0.8650056249143218,0.5439220308209881,2.8758507167789715
0.3877551020408163,0.7816326530612245,-0.9681017348402863,0.5171557621947296,2.7930301398975548
0.3877551020408163,0.9224489795918367,-1.0741209957726046,0.499809869217634,2.703764822867789
0.3877551020408163,1.063265306122449,-1.1803992068186326,0.48596547436890275,2.606910984343132
0.3877551020408163,1.2040816326530612,-1.281952927926029,0.4727214434961493,2.500997831218633
0.3877551020408163,1.3448979591836734,-1.3707355284372646,0.45869654770864765,2.3841229404534143
0.3877551020408163,1.4857142857142858,-1.4361530001123846,0.4432629952229562,2.2538227278869662
0.3877551020408163,1.626530612244898,-1.4683459381799266,0.42616541227123816,2.1069628504963953
0.3877551020408163,1.76734693877551,-1.463469574886035,0.4073320099345635,1.9398592302231086
0.3877551020408163,1.9081632653061225,-1.426262103895068,0.38678071653807355,1.7494937924666738
0.3877551020408163,2.0489795918367344,-1.366912328070743,0.3645726820092937,1.53913413805325
0.3877551020408163,2.1897959183673468,-1.295823216693985,0.34078983410835983,1.3380995127876674
0.3877551020408163,2.330612244897959,-1.2206778413530621,0.3155250103258122,1.2339200865208915
0.3877551020408163,2.4714285714285715,-1.1461485461122767,0.28887888272936263,1.3038812717474548
0.3877551020408163,2.6122448979591835,-1.0746968837339048,0.2609607767610298,1.4808694252078254
0.3877551020408163,2.753061224489796,-1.0074258107627145,0.23189184358235262,1.6724695863338794
0.3877551020408163,2.8938775510204082,-0.9446809655140811,0.20180994490847662,1.8452051970834977
0.3877551020408163,3.03469387755102,-0.8864145228695998,0.17087586408277516,1.9945853703442116
0.3877551020408163,3.1755102040816325,-0.8323899145023947,0.13928066233087974,2.1234110370543027
0.3877551020408163,3.316326530612245,-0.7822923224400762,0.10725392728638465,2.235393182905337
0.3877551020408163,3.457142857142857,-0.7357863417548426,0.07507258799381701,2.333736232268645
0.3877551020408163,3.5979591836734692,-0.6925447961240899,0.04306970198349197,2.4209709751308317
0.3877551020408163,3.7387755102040816,-0.6522620582390269,0.011642127640534313,2.4990571246884263
0.3877551020408163,3.8795918367346935,-0.6146591766599085,-0.01874436736587331,2.569515418932724
0.3877551020408163,4.020408163265306,-0.5794847834818254,-0.04755490181320543,2.6335375517576103
0.3877551020408163,4.161224489795918,-0.5465139236074846,-0.0741927303652985,2.692068889092356
0.3877551020408163,4.302040816326531,-0.5155459593579433,-0.0980166598500234,2.7458689435340218
0.3877551020408163,4.442857142857143,-0.48640215802792913,-0.11837058464952753,2.7955554060153003
0.3877551020408163,4.5836734693877546,-0.4589232750954561,-0.13462508344973234,2.841636400385595
0.3877551020408163,4.724489795918367,-0.43296728346590174,-0.14622794628455751,2.884534346785713
0.3877551020408163,4.865306122448979,-0.40840731140907177,-0.15275684350976917,2.9246038251274165
0.3877551020408163,5.006122448979592,-0.3851298077077826,-0.15396458200908444,2.9621451103295815
0.3877551020408163,5.146938775510204,-0.36303292745301263,-0.1498071322086756,2.9974145502419898
0.3877551020408163,5.2877551020408164,-0.34202512153405756,-0.14044770495793263,3.030632613713026
0.3877551020408163,5.428571428571429,-0.32202390933458697,-0.12623582242256565,3.061990200764374
0.3877551020408163,5.56938775510204,-0.30295481113450595,-0.10766648332814721,3.0916536372865018
0.3877551020408163,5.710204081632653,-0.2847504214149486,-0.08532856426770846,3.119768669788172
0.3877551020408163,5.851020408163265,-0.26734960299181315,-0.05985244480269007,3.1464636867544638
0.3877551020408163,5.9918367346938775,-0.25069678571904236,-0.03186471224993153,3.1718523384924384
0.3877551020408163,6.13265306122449,-0.23474135509130095,-0.0019542789935588106,3.196035684220822
0.3877551020408163,6.273469387755102,-0.21943711826810425,0.029349158987232237,3.219103964565586
0.3877551020408163,6.414285714285714,-0.2047418366593403,0.06158576554076923,3.241138074500879
0.3877551020408163,6.555102040816326,-0.19061681592610763,0.09436785928984462,3.2622107955544197
0.3877551020408163,6.6959183673469385,-0.17702654553843372,0.1273766186480719,3.282387832511187
0.3877551020408163,6.836734693877551,-0.16393838093291085,0.16035554432382523,3.3017286902008363
0.3877551020408163,6.977551020408163,-0.15132226297397508,0.19310245934579062,3.3202874196421397
0.3877551020408163,7.118367346938776,-0.13915046944729642,0.22546123103667798,3.33811325559905
0.3877551020408163,7.259183673469387,-0.12739739460897317,0.25731393295508753,3.355251164127967
0.3877551020408163,7.4,-0.11603935303226708,0.2885738145034147,3.371742314767163
0.4081632653061224,0.5,-0.7646069103520899,0.5910346712215035,2.9541363040567554
0.4081632653061224,0.6408163265306123,-0.8627418830613284,0.5418867488329886,2.8774919683683002
0.4081632653061224,0.7816326530612245,-0.9648908856726102,0.5136453876223103,2.795491168408491
0.4081632653061224,0.9224489795918367,-1.0699820041421566,0.4948213652083384,2.7072881705945284
0.4081632653061224,1.063265306122449,-1.1756485341312042,0.4795228816443991,2.6118011951762194
0.4081632653061224,1.2040816326530612,-1.2774482567175045,0.4648438307377035,2.5076431596932798
0.4081632653061224,1.3448979591836734,-1.3681280346009128,0.4493889611112975,2.393023989552197
0.4081632653061224,1.4857142857142858,-1.4378556863747203,0.4325160173156744,2.2656261688551536
0.4081632653061224,1.626530612244898,-1.4768170251760133,0.41395739931427983,2.1224839900226216
0.4081632653061224,1.76734693877551,-1.480006870231924,0.39363192932685465,1.960018577237995
0.4081632653061224,1.9081632653061225,-1.4504108961542936,0.3715510168944335,1.77486032303205
0.4081632653061224,2.0489795918367344,-1.3970461140947603,0.34777210273488113,1.5679155265618157
0.4081632653061224,2.1897959183673468,-1.3301059559203043,0.32237634281252586,1.359655714941091
0.4081632653061224,2.330612244897959,-1.2576204709582328,0.29545906675494266,1.2233163806175962
0.4081632653061224,2.4714285714285715,-1.1847213027415118,0.26712732056619903,1.2537061029192338
0.4081632653061224,2.6122448979591835,-1.1142442473803844,0.23750150529394048,1.4152781416286713
0.4081632653061224,2.753061224489796,-1.0475488065396996,0.20671972376584735,1.6073699058752526
0.4081632653061224,2.8938775510204082,-0.9851433750443666,0.17494412924677988,1.7846435506314169
0.4081632653061224,3.03469387755102,-0.9270796686204652,0.14236892559248104,1.938651069771621
0.4081632653061224,3.1755102040816325,-0.8731808896996383,0.10922973502976467,2.0713584707668393
0.4081632653061224,3.316326530612245,-0.8231676943903012,0.07581392721929549,2.186448418533249
0.4081632653061224,3.457142857142857,-0.7767254760214296,0.04247132997743221,2.287259266913439
0.4081632653061224,3.5979591836734692,-0.7335390240742332,0.009624136492560451,2.376461056212935
0.4081632653061224,3.7387755102040816,-0.6933093670901893,-0.022225737504521247,2.456126702543092
0.4081632653061224,3.8795918367346935,-0.6557610283725746,-0.052494597703667475,2.5278633104781556
0.4081632653061224,4.020408163265306,-0.62064421885295,-0.08052344797654397,2.592927474878733
0.4081632653061224,4.161224489795918,-0.5877344517599493,-0.10559670719209942,2.6523134194871374
0.4081632653061224,4.302040816326531,-0.5568309246861489,-0.12697593987489805,2.706817750972668
0.4081632653061224,4.442857142857143,-0.527754399957503,-0.14394902182439884,2.757086639817682
0.4081632653061224,4.5836734693877546,-0.5003449649739294,-0.1558911126560726,2.8036503315735084
0.4081632653061224,4.724489795918367,-0.4744598676936683,-0.16232880660697724,2.846948629568541
0.4081632653061224,4.865306122448979,-0.44997151776954947,-0.162995006800175,2.887349925290409
0.4081632653061224,5.006122448979592,-0.42676568689455413,-0.15786168347704355,2.9251655811445065
0.4081632653061224,5.146938775510204,-0.4047399131932614,-0.14714202318766564,2.9606609319481416
0.4081632653061224,5.2877551020408164,-0.38380209880129756,-0.13126136181624246,2.994063795427992
0.4081632653061224,5.428571428571429,-0.3638692839738569,-0.11080443740462168,3.02557112954558
0.4081632653061224,5.56938775510204,-0.3448665777024566,-0.08645148616235465,3.055354291751578
0.4081632653061224,5.710204081632653,-0.32672622686269087,-0.05891592269558032,3.0835632363617993
0.4081632653061224,5.851020408163265,-0.30938680526417406,-0.02889288299327253,3.1103298930828265
0.4081632653061224,5.9918367346938775,-0.2927925067463759,0.0029770396302854474,3.1357709097000135
0.4081632653061224,6.13265306122449,-0.2768925282843277,0.0361288353035764,3.159989896215185
0.4081632653061224,6.273469387755102,-0.261640530586245,0.07008147650426545,3.1830792744603635
0.4081632653061224,6.414285714285714,-0.2469941657053144,0.1044372705234312,3.2051218131583172
0.4081632653061224,6.555102040816326,-0.2329146624235763,0.13887560287890105,3.2261919101433167
0.4081632653061224,6.6959183673469385,-0.21936646145539784,0.1731438100778492,3.2463566694370862
0.4081632653061224,6.836734693877551,-0.20631689408558845,0.20704710590143427,3.2656768119407973
0.4081632653061224,6.977551020408163,-0.19373589801350463,0.24043874827040176,3.2842074486303887
0.4081632653061224,7.118367346938776,-0.1815957659569086,0.2732110991344571,3.3019987410536715
0.4081632653061224,7.259183673469387,-0.16987092245101598,0.3052878518078582,3.319096467786852
0.4081632653061224,7.4,-0.15853772543411357,0.3366174789928742,3.3355425126443303
0.42857142857142855,0.5,-0.7631780649837248,0.5903882285326786,2.9551485962305355
0.42857142857142855,0.6408163265306123,-0.86049284051863,0.5398878094777905,2.8791212510145496
0.42857142857142855,0.7816326530612245,-0.9616978590805161,0.5101758811246112,2.797930064356413
0.42857142857142855,0.9224489795918367,-1.0658493946738035,0.48987144763835977,2.7107732451966036
0.42857142857142855,1.063265306122449,-1.1708525269578642,0.47311091062831867,2.6166282140086143
0.42857142857142855,1.2040816326530612,-1.272761739243963,0.4569841612317687,2.514187633163247
0.42857142857142855,1.3448979591836734,-1.3650697698011098,0.44008252671474607,2.4017684774666854
0.42857142857142855,1.4857142857142858,-1.4387211420401484,0.42174961213885787,2.2771935116763258
0.42857142857142855,1.626530612244898,-1.484104927315966,0.40170577776603467,2.1376648212572684
0.42857142857142855,1.76734693877551,-1.4952834384899047,0.37986063984525337,1.9797372833784292
0.42857142857142855,1.9081632653061225,-1.4735520274806484,0.3562193608630303,1.7998486956622635
0.42857142857142855,2.0489795918367344,-1.426601266261681,0.33083616232219115,1.597204842002831
0.42857142857142855,2.1897959183673468,-1.3642310680575602,0.30379226830954387,1.3852669622157956
0.42857142857142855,2.330612244897959,-1.2947282421479693,0.27518688861088303,1.2221748057845627
0.42857142857142855,2.4714285714285715,-1.2236731581655649,0.24513556484419782,1.2097942556043604
0.42857142857142855,2.6122448979591835,-1.1542974770537127,0.21377293484448975,1.349596424198693
0.42857142857142855,2.753061224489796,-1.0882431303371431,0.18125860453422643,1.539936838476569
0.42857142857142855,2.8938775510204082,-1.0262020265693412,0.14778537642979153,1.7215386965258381
0.42857142857142855,3.03469387755102,-0.96833994877152,0.11358953327059239,1.8804624440582922
0.42857142857142855,3.1755102040816325,-0.914549464709638,0.07896260946858069,2.017393050183769
0.42857142857142855,3.316326530612245,-0.8645928869410251,0.044264129915805875,2.1358865728502883
0.42857142857142855,3.457142857142857,-0.8181803553027175,0.009934114993972155,2.2394049113620564
0.42857142857142855,3.5979591836734692,-0.7750111430859992,-0.023496626535437454,2.3307659809305017
0.42857142857142855,3.7387755102040816,-0.7347945448292497,-0.055401487672305974,2.4121664560784417
0.42857142857142855,3.8795918367346935,-0.6972595882903985,-0.08506246531299747,2.485308613082367
0.42857142857142855,4.020408163265306,-0.6621587261563777,-0.111688625228921,2.5515206335206746
0.42857142857142855,4.161224489795918,-0.6292683662786742,-0.1344528388214215,2.6118505440010558
0.42857142857142855,4.302040816326531,-0.5983878152386051,-0.15254807213068308,2.667135703894844
0.42857142857142855,4.442857142857143,-0.5693375049635867,-0.16525969209820504,2.7180534772275258
0.42857142857142855,4.5836734693877546,-0.5419569647890118,-0.17204334511217298,2.7651582687132517
0.42857142857142855,4.724489795918367,-0.5161027863811719,-0.17259257999825164,2.808908812700394
0.42857142857142855,4.865306122448979,-0.4916467018052814,-0.16687937236573636,2.849688501358366
0.42857142857142855,5.006122448979592,-0.46847382936743637,-0.15515628083573632,2.887820710254948
0.42857142857142855,5.146938775510204,-0.4464811023224132,-0.13791958467944224,2.923580488152101
0.42857142857142855,5.2877551020408164,-0.42557587865490865,-0.11584364176468383,2.9572035789504927
0.42857142857142855,5.428571428571429,-0.405674719675546,-0.08970300737511254,2.988893462088098
0.42857142857142855,5.56938775510204,-0.38670232035188734,-0.06029858024386024,3.0188269017472162
0.42857142857142855,5.710204081632653,-0.3685905755666722,-0.028398824799049413,3.0471583665423982
0.42857142857142855,5.851020408163265,-0.35127776470826483,0.0052995133007923256,3.074023579579617
0.42857142857142855,5.9918367346938775,-0.33470783971797585,0.04019218149686333,3.0995423952228487
0.42857142857142855,6.13265306122449,-0.3188298028134403,0.07577359786605224,3.1238211487799
0.42857142857142855,6.273469387755102,-0.3035971620334213,0.11163318565660815,3.1469545902614824
0.42857142857142855,6.414285714285714,-0.288967453738696,0.1474460629686433,3.169027486198891
0.42857142857142855,6.555102040816326,-0.27490182344946185,0.1829612526606964,3.1901159561014127
0.42857142857142855,6.6959183673469385,-0.26136465700929945,0.21798947941420546,3.210288593882384
0.42857142857142855,6.836734693877551,-0.2483232552041142,0.2523917452842991,3.2296074139994695
0.42857142857142855,6.977551020408163,-0.23574754634540643,0.2860692595343134,3.2481286545804853
0.42857142857142855,7.118367346938776,-0.22360983180000762,0.3189549018347003,3.2659034623587817
0.42857142857142855,7.259183673469387,-0.21188456001341208,0.3510061834938991,3.2829784792680963
0.42857142857142855,7.4,-0.20054812589293902,0.38219955171978787,3.2993963479490667
0.44897959183673464,0.5,-0.7617578185686337,0.589766694627012,2.956155095079218
0.44897959183673464,0.6408163265306123,-0.8582585020605534,0.5379254505507794,2.8807386773493864
0.44897959183673464,0.7816326530612245,-0.9585230667142338,0.5067479686359502,2.8003470890959474
0.44897959183673464,0.9224489795918367,-1.061725188709177,0.484961398452616,2.714220597660227
0.44897959183673464,1.063265306122449,-1.1660178494603453,0.46673138047143226,2.6213931211827206
0.44897959183673464,1.2040816326530612,-1.2679101265166899,0.4491447271814846,2.5206332398355933
0.44897959183673464,1.3448979591836734,-1.3615917247926073,0.43077992851903474,2.410359806916804
0.44897959183673464,1.4857142857142858,-1.4387843007201286,0.4109667626990119,2.2885299063143703
0.44897959183673464,1.626530612244898,-1.4902134944445358,0.3894137410009957,2.1525107737396576
0.44897959183673464,1.76734693877551,-1.5092394453720557,0.36602147451330497,1.9990105180479352
0.44897959183673464,1.9081632653061225,-1.4955744267702917,0.3407891895763614,1.8243937921203952
0.44897959183673464,2.0489795918367344,-1.455460371278326,0.3137684680529425,1.6266812729189577
0.44897959183673464,2.1897959183673468,-1.398109534054233,0.2850415973714881,1.4139603824443532
0.44897959183673464,2.330612244897959,-1.3319509655765684,0.25471331776717343,1.2300914882230405
0.44897959183673464,2.4714285714285715,-1.2629881870954893,0.2229101935211234,1.174152507821196
0.44897959183673464,2.6122448979591835,-1.1948658536850985,0.1897848949333343,1.2849650521415523
0.44897959183673464,2.753061224489796,-1.1295348433166843,0.15552399443521597,1.47028343231564
0.44897959183673464,2.8938775510204082,-1.0678933881557062,0.12035866015818514,1.6557101809558257
0.44897959183673464,3.03469387755102,-1.010237833416499,0.08457762671638655,1.8198051301582368
0.44897959183673464,3.1755102040816325,-0.9565412054010137,0.04854190988374724,1.9613256936503656
0.44897959183673464,3.316326530612245,-0.9066146984714546,0.012700077472252522,2.083550525401432
0.44897959183673464,3.457142857142857,-0.8601978441547027,-0.02239792233525742,2.1900433545506757
0.44897959183673464,3.5979591836734692,-0.817007374609657,-0.056091720939647094,2.283777373120282
0.44897959183673464,3.7387755102040816,-0.7767627562831368,-0.0876111807228415,2.3670845172612665
0.44897959183673464,3.8795918367346935,-0.7391987462413486,-0.11609257465403817,2.4417721897529225
0.44897959183673464,4.020408163265306,-0.7040708262524376,-0.14061618675275037,2.50924779313895
0.44897959183673464,4.161224489795918,-0.6711568038161274,-0.16026842546558437,2.570618828495313
0.44897959183673464,4.302040816326531,-0.6402564206566108,-0.17422561336024997,2.6267675730598095
0.44897959183673464,4.442857142857143,-0.6111899845473775,-0.1818477895023432,2.6784056761076265
0.44897959183673464,4.5836734693877546,-0.583796597039161,-0.18276307843959014,2.726114014047309
0.44897959183673464,4.724489795918367,-0.5579322731530615,-0.17692048817529174,2.770372002028847
0.44897959183673464,4.865306122448979,-0.5334681148998541,-0.16459556319098623,2.8115793748092095
0.44897959183673464,5.006122448979592,-0.5102886127915619,-0.1463471056592593,2.8500725599256764
0.44897959183673464,5.146938775510204,-0.48829010714641097,-0.12293787249342107,2.886137135032073
0.44897959183673464,5.2877551020408164,-0.4673794148983498,-0.09524064921678178,2.920017416129721
0.44897959183673464,5.428571428571429,-0.4474726158541062,-0.06415048340336411,2.9519239211238535
0.44897959183673464,5.56938775510204,-0.42849398493526414,-0.030516700048437356,2.982039238846934
0.44897959183673464,5.710204081632653,-0.41037505692002946,0.004900605001924223,3.010522692724074
0.44897959183673464,5.851020408163265,-0.39305380745052637,0.04145163233399858,3.0375140790763573
0.44897959183673464,5.9918367346938775,-0.3764739365709376,0.07860099316304965,3.0631366906060045
0.44897959183673464,6.13265306122449,-0.3605842416133341,0.11592095510802986,3.087499781507067
0.44897959183673464,6.273469387755102,-0.3453380675143114,0.1530789338130902,3.1107005919794313
0.44897959183673464,6.414285714285714,-0.3306928247368487,0.18982287901469833,3.1328260236768313
0.44897959183673464,6.555102040816326,-0.3166095654603974,0.225966802792371,3.1539540345207127
0.44897959183673464,6.6959183673469385,-0.30305261052271837,0.26137765275179053,3.1741548078056345
0.44897959183673464,6.836734693877551,-0.2899892203920752,0.29596402387610976,3.1934917374694116
0.44897959183673464,6.977551020408163,-0.2773893041802482,0.32966679252429737,3.212022262880275
0.44897959183673464,7.118367346938776,-0.26522516214481756,0.3624515366529529,3.229798580063438
0.44897959183673464,7.259183673469387,-0.253471257120206,0.3943024992063377,3.246868250619206
0.44897959183673464,7.4,-0.24210401118322014,0.42521785064282214,3.263274724960463
0.4693877551020408,0.5,-0.7603461291937589,0.5891700066451908,2.9571558424278597
0.4693877551020408,0.6408163265306123,-0.856038866637982,0.5359998983166064,2.8823443587592092
0.4693877551020408,0.7816326530612245,-0.9553668870167871,0.5033623645628225,2.8027425003316098
0.4693877551020408,0.9224489795918367,-1.057611273388665,0.4800924973336833,2.717630769727602
0.4693877551020408,1.063265306122449,-1.1611507641608154,0.4603861247548943,2.6260969766237943
0.4693877551020408,1.2040816326530612,-1.2629093759432575,0.441327864341611,2.5269819292080875
0.4693877551020408,1.3448979591836734,-1.3577244673088782,0.4214839203999586,2.418801330301479
0.4693877551020408,1.4857142857142858,-1.4380829972444584,0.40017055456723755,2.2996405343277346
0.4693877551020408,1.626530612244898,-1.495155366399542,0.377084619694025,2.167027914818421
0.4693877551020408,1.76734693877551,-1.5218244479968086,0.3521179365837825,2.017837179593902
0.4693877551020408,1.9081632653061225,-1.5163672991246946,0.32526415956249083,1.8484481142017621
0.4693877551020408,2.0489795918367344,-1.4834958051216112,0.29657289756935157,1.6560916216091077
0.4693877551020408,2.1897959183673468,-1.4316380403230176,0.2661286936810002,1.4448598919347044
0.4693877551020408,2.330612244897959,-1.369225960263561,0.2340437401815776,1.246147821240813
0.4693877551020408,2.4714285714285715,-1.302642109517566,0.20045863849017054,1.1486172429871977
0.4693877551020408,2.6122448979591835,-1.235954374474443,0.16554860979822436,1.2229987257550696
0.4693877551020408,2.753061224489796,-1.1714488555033817,0.1295337790869319,1.3986977470261703
0.4693877551020408,2.8938775510204082,-1.1102549008055818,0.0926928560056478,1.5869944602683588
0.4693877551020408,3.03469387755102,-1.0528180797672684,0.05537943663179643,1.7564441917289428
0.4693877551020408,3.1755102040816325,-0.9992047004178363,0.01804001240664085,1.9029431851044287
0.4693877551020408,3.316326530612245,-0.949283294097483,-0.018768328317540373,2.0292625804986812
0.4693877551020408,3.457142857142857,-0.9028282623417424,-0.05436391400964158,2.1390283728846797
0.4693877551020408,3.5979591836734692,-0.8595773209582311,-0.08793564906901533,2.2353738900603326
0.4693877551020408,3.7387755102040816,-0.8192623742178571,-0.11855438533401733,2.320778691836061
0.4693877551020408,3.8795918367346935,-0.7816253659057267,-0.14520840556890438,2.3971665743164863
0.4693877551020408,4.020408163265306,-0.7464257453986417,-0.16686867796575386,2.466032920580208
0.4693877551020408,4.161224489795918,-0.7134433250537068,-0.1825830110860708,2.5285512026821513
0.4693877551020408,4.302040816326531,-0.6824786659611282,-0.19158743734285438,2.5856534075002595
0.4693877551020408,4.442857142857143,-0.6533522001924624,-0.19341177442030136,2.6380890005197273
0.4693877551020408,4.5836734693877546,-0.6259027546028157,-0.18795084911248053,2.6864679634655837
0.4693877551020408,4.724489795918367,-0.5999858619291848,-0.17547922197947324,2.731292380834157
0.4693877551020408,4.865306122448979,-0.5754720483188173,-0.15660453994764975,2.772979846204755
0.4693877551020408,5.006122448979592,-0.5522452053095268,-0.13217444972128264,2.8118810114160744
0.4693877551020408,5.146938775510204,-0.5302010922895615,-0.10316419363749078,2.8482928993493712
0.4693877551020408,5.2877551020408164,-0.5092459863662149,-0.07057169982486836,2.8824691223359267
0.4693877551020408,5.428571428571429,-0.48929548027281505,-0.03533751462285905,2.9146278152471035
0.4693877551020408,5.56938775510204,-0.4702734190832606,0.0017048222691740586,2.944957857799311
0.4693877551020408,5.710204081632653,-0.4521109650189796,0.03985113325190808,2.973623807508089
0.4693877551020408,5.851020408163265,-0.43474577614475346,0.07852896911815536,3.000769845190319
0.4693877551020408,5.9918367346938775,-0.4181212860968404,0.11728771000851314,3.0265229593947027
0.4693877551020408,6.13265306122449,-0.40218607230381515,0.15578263916303958,3.0509955371763904
0.4693877551020408,6.273469387755102,-0.3868933017897326,0.19375724762279692,3.074287488948057
0.4693877551020408,6.414285714285714,-0.3722002443537979,0.23102626128367024,3.0964880031615953
0.4693877551020408,6.555102040816326,-0.3580678442423324,0.26746061385383335,3.1176770050295746
0.4693877551020408,6.6959183673469385,-0.3444603430650276,0.30297479135334177,3.1379263775353747
0.4693877551020408,6.836734693877551,-0.3313449468733772,0.337516528962842,3.1573009885265773
0.4693877551020408,6.977551020408163,-0.31869153180602733,0.3710585920945902,3.175859560224235
0.4693877551020408,7.118367346938776,-0.30647238352383277,0.40359234779006586,3.1936554091173983
0.4693877551020408,7.259183673469387,-0.2946619656653429,0.4351227849341128,3.210737077862207
0.4693877551020408,7.4,-0.28323671434531844,0.4656646992266419,3.2271488788076605
0.4897959183673469,0.5,-0.7589429544595508,0.5885980966472357,2.958150879756804
0.4897959183673469,0.6408163265306123,-0.8538339276622655,0.5341113673255751,2.8839384054004413
0.4897959183673469,0.7816326530612245,-0.9522296668786162,0.5000197710050823,2.8051165521721018
0.4897959183673469,0.9224489795918367,-1.053509408262052,0.4752660207698416,2.7210042940526744
0.4897959183673469,1.063265306122449,-1.1562571472375984,0.45407699482037317,2.630740820025776
0.4897959183673469,1.2040816326530612,-1.257774643450986,0.433535947158299,2.5332356122855453
0.4897959183673469,1.3448979591836734,-1.3534979400291292,0.41219732736458864,2.4270963455370063
0.4897959183673469,1.4857142857142858,-1.4366573593397065,0.38936417346723334,2.3105305802539324
0.4897959183673469,1.626530612244898,-1.4989516581721503,0.3647218818797183,2.1812227961010526
0.4897959183673469,1.76734693877551,-1.5329988705665485,0.33815370820540935,2.0362191382340904
0.4897959183673469,1.9081632653061225,-1.5358226035146787,0.3096481521863972,1.8719783932990246
0.4897959183673469,2.0489795918367344,-1.5105707374752684,0.27925362614767785,1.6852401785310902
0.4897959183673469,2.1897959183673468,-1.4646979282935055,0.24705831869695075,1.4772155441702497
0.4897959183673469,2.330612244897959,-1.406476057301164,0.21318412938176534,1.269079476657874
0.4897959183673469,2.4714285714285715,-1.3426004077639846,0.1777892659281209,1.134508222137667
0.4897959183673469,2.6122448979591835,-1.2775624307389464,0.14107686684868448,1.1658422582734786
0.4897959183673469,2.753061224489796,-1.2140081971798107,0.10330844763349484,1.3257399405683836
0.4897959183673469,2.8938775510204082,-1.1533247196681666,0.06482116505205192,1.5152698568484884
0.4897959183673469,3.03469387755102,-1.0961277969582675,0.026048139193473242,1.6901255342534391
0.4897959183673469,3.1755102040816325,-1.042591824426926,-0.01246005100473231,1.842004839161675
0.4897959183673469,3.316326530612245,-0.9926525816950785,-0.05001584498757031,1.9728209385204494
0.4897959183673469,3.457142857142857,-0.9461258136062553,-0.08578284394185752,2.0861944500249656
0.4897959183673469,3.5979591836734692,-0.9027744095680866,-0.1187797197890258,2.185419003282451
0.4897959183673469,3.7387755102040816,-0.8623454136820438,-0.1479097843715556,2.2731347622767535
0.4897959183673469,3.8795918367346935,-0.8245896981547642,-0.17202523259795158,2.351394661416877
0.4897959183673469,4.020408163265306,-0.7892718019282887,-0.1900286855151675,2.4217921343582622
0.4897959183673469,4.161224489795918,-0.7561742659102036,-0.20100220599318316,2.4855741288220594
0.4897959183673469,4.302040816326531,-0.7250989340910232,-0.20433824115647312,2.5437278537831025
0.4897959183673469,4.442857142857143,-0.6958666540650797,-0.19983692196028713,2.597044651757171
0.4897959183673469,4.5836734693877546,-0.66831616311313,-0.18773807383134686,2.6461666266680175
0.4897959183673469,4.724489795918367,-0.6423026214742747,-0.16867677251951926,2.6916207959610094
0.4897959183673469,4.865306122448979,-0.6176960443638255,-0.14357775735457864,2.7338443347304078
0.4897959183673469,5.006122448979592,-0.594379756074403,-0.11352208901552284,2.7732034461928023
0.4897959183673469,5.146938775510204,-0.5722489472627963,-0.07962088944807853,2.810007632360579
0.4897959183673469,5.2877551020408164,-0.5512093543559684,-0.04291914659034786,2.8445206166202217
0.4897959183673469,5.428571428571429,-0.5311760739344981,-0.004337055624913787,2.876968799623657
0.4897959183673469,5.56938775510204,-0.5120725068343726,0.03535518008427084,2.907547873713572
0.4897959183673469,5.710204081632653,-0.4938294253728715,0.07553854601342357,2.9364280541953307
0.4897959183673469,5.851020408163265,-0.4763841509450601,0.11573214750394681,2.9637582532930375
0.4897959183673469,5.9918367346938775,-0.4596798306844601,0.15557357252770088,2.9896694413795224
0.4897959183673469,6.13265306122449,-0.4436648019096917,0.19479774670992542,3.014277376623284
0.4897959183673469,6.273469387755102,-0.42829203349320444,0.2332171131343324,3.037684838960485
0.4897959183673469,6.414285714285714,-0.41351863454457366,0.2707044220939029,3.0599834717533603
0.4897959183673469,6.555102040816326,-0.3993054218241454,0.3071784906135474,3.0812553102463776
0.4897959183673469,6.6959183673469385,-0.3856165384219152,0.3425927818757804,3.1015740585383056
0.4897959183673469,6.836734693877551,-0.37241911726692306,0.37692644445397344,3.1210061630335892
0.4897959183673469,6.977551020408163,-0.3596829831561685,0.4101773931436924,3.139611718995014
0.4897959183673469,7.118367346938776,-0.34738038900872786,0.44235702779944647,3.157445241041344
0.4897959183673469,7.259183673469387,-0.3354857818206893,0.4734862389136211,3.174556321231377
0.4897959183673469,7.4,-0.32397559457949177,0.5035924079186564,3.1909901935455744
0.5102040816326531,0.5,-0.7575482515106059,0.5880508917000536,2.9591402482049918
0.5102040816326531,0.6408163265306123,-0.8516436732787802,0.5322600605578761,2.885520926214917
0.5102040816326531,0.7816326530612245,-0.9491117232240519,0.49672087719385666,2.807469495184446
0.5102040816326531,0.9224489795918367,-1.0494212316704918,0.47048324086317456,2.724341694353635
0.5102040816326531,1.063265306122449,-1.1513425040917165,0.447805854739556,2.635325671157721
0.5102040816326531,1.2040816326530612,-1.25252028374892,0.425771389518652,2.5393961614691345
0.5102040816326531,1.3448979591836734,-1.348941288524302,0.40292304450176936,2.435248092689332
0.5102040816326531,1.4857142857142858,-1.434549205520231,0.3785509148823528,2.3212052077551335
0.5102040816326531,1.626530612244898,-1.5016314361293146,0.35232914044515035,2.195102326385915
0.5102040816326531,1.76734693877551,-1.5427352167082888,0.3241326598565733,2.0541606096511917
0.5102040816326531,1.9081632653061225,-1.5538378058235647,0.29394528559655003,1.894962754997146
0.5102040816326531,2.0489795918367344,-1.5365407448274309,0.2618151433605373,1.7139789049148317
0.5102040816326531,2.1897959183673468,-1.4971544373203176,0.22783566130127664,1.5104106551498526
0.5102040816326531,2.330612244897959,-1.4436074618759644,0.192141098673505,1.2974738230615381
0.5102040816326531,2.4714285714285715,-1.3828161035708433,0.15491145300234382,1.1323275668569084
0.5102040816326531,2.6122448979591835,-1.3196821559983871,0.11638416457866385,1.1161185459395808
0.5102040816326531,2.753061224489796,-1.2572330585846943,0.07687136099666532,1.2523773878156497
0.5102040816326531,2.8938775510204082,-1.1971413258388346,0.036781572568874266,1.4404987958505366
0.5102040816326531,3.03469387755102,-1.140216458408462,-0.003355447112574851,1.620580729305013
0.5102040816326531,3.1755102040816325,-1.086758008491386,-0.04286373083677147,1.778239078529437
0.5102040816326531,3.316326530612245,-1.0367806239110364,-0.08090125277537573,1.913995500403089
0.5102040816326531,3.457142857142857,-0.9901490675979656,-0.11645396378098745,2.0313532856564973
0.5102040816326531,3.5979591836734692,-0.9466563961904745,-0.1483553081954761,2.1337583071916564
0.5102040816326531,3.7387755102040816,-0.9060680270507792,-0.17534395289533575,2.224024438222531
0.5102040816326531,3.8795918367346935,-0.8681458496834896,-0.1961673406092696,2.304348126603835
0.5102040816326531,4.020408163265306,-0.8326608412191441,-0.2097256840688452,2.3764324752734045
0.5102040816326531,4.161224489795918,-0.7993991355304811,-0.21523099771673718,2.4416066152245652
0.5102040816326531,4.302040816326531,-0.7681644175300474,-0.21233868813449358,2.5009193597485027
0.5102040816326531,4.442857142857143,-0.7387783030877866,-0.2012079887240779,2.5552086168734465
0.5102040816326531,4.5836734693877546,-0.7110796578196653,-0.18246898883842566,2.605152078432342
0.5102040816326531,4.724489795918367,-0.6849234027965951,-0.1571084225713402,2.6513042896272494
0.5102040816326531,4.865306122448979,-0.6601791139340619,-0.12631364940294504,2.694123973326161
0.5102040816326531,5.006122448979592,-0.6367295858072439,-0.09131995288172963,2.7339943913711493
0.5102040816326531,5.146938775510204,-0.6144694541012952,-0.053292668407710894,2.771238694990189
0.5102040816326531,5.2877551020408164,-0.5933039105383251,-0.013255268643274894,2.8061316383524937
0.5102040816326531,5.428571428571429,-0.5731475421309852,0.02794114625535447,2.8389086180672223
0.5102040816326531,5.56938775510204,-0.5539232858764468,0.06961883071562334,2.8697727248560483
0.5102040816326531,5.710204081632653,-0.5355615008661878,0.11125723960311051,2.898900306098343
0.5102040816326531,5.851020408163265,-0.5179991463503089,0.15246931876582384,2.9264453926635663
0.5102040816326531,5.9918367346938775,-0.5011790566331087,0.1929764200941724,2.952543255985502
0.5102040816326531,6.13265306122449,-0.4850493022813713,0.23258516194267262,2.9773132902849677
0.5102040816326531,6.273469387755102,-0.46956262749232597,0.2711676414077956,3.0008613665842367
0.5102040816326531,6.414285714285714,-0.45467595461100857,0.30864530778840005,3.02328176955484
0.5102040816326531,6.555102040816326,-0.4403499473636082,0.3449761979515311,3.0446588024235224
0.5102040816326531,6.6959183673469385,-0.4265486254608991,0.3801450683852103,3.0650681252590326
0.5102040816326531,6.836734693877551,-0.4132390243290459,0.4141558757603501,3.0845778782281883
0.5102040816326531,6.977551020408163,-0.40039089375423564,0.44702610964684575,3.1032496289228155
0.5102040816326531,7.118367346938776,-0.3879764310108915,0.4787825627714985,3.121139176504558
0.5102040816326531,7.259183673469387,-0.3759700441397687,0.5094581972540109,3.138297237498273
0.5102040816326531,7.4,-0.36434814111061203,0.5390898379245586,3.1547700329088633
0.5306122448979591,0.5,-0.7561619770626609,0.5875283133580281,2.960123988571579
0.5306122448979591,0.6408163265306123,-0.8494680866280707,0.5304461691202631,2.8870920289448194
0.5306122448979591,0.7816326530612245,-0.9460133445301632,0.49346635894684443,2.809801576447781
0.5306122448979591,0.9224489795918367,-1.0453482669061767,0.46574542419452586,2.7276434855562917
0.5306122448979591,1.063265306122449,-1.1464119851241088,0.4415745802926177,2.6398525301679823
0.5306122448979591,1.2040816326530612,-1.2471598567835793,0.41803664373400745,2.545465410710432
0.5306122448979591,1.3448979591836734,-1.344082718224031,0.39366403808398576,2.443259751409981
0.5306122448979591,1.4857142857142858,-1.4318014646863124,0.3677341834733375,2.331669540420527
0.5306122448979591,1.626530612244898,-1.503231013296019,0.33991015598554325,2.2086736655984467
0.5306122448979591,1.76734693877551,-1.551018937628082,0.3100588468095165,2.071667650163435
0.5306122448979591,1.9081632653061225,-1.5703187947956034,0.2781599167955521,1.9173883836435412
0.5306122448979591,2.0489795918367344,-1.5612561038029047,0.244262254094843,1.7421985523044692
0.5306122448979591,2.1897959183673468,-1.5288563985872001,0.20846635829644977,1.5439545938877812
0.5306122448979591,2.330612244897959,-1.4805075423203122,0.1709219471592217,1.329941019265959
0.5306122448979591,2.4714285714285715,-1.4232271630152133,0.13183571476610031,1.1416339065881074
0.5306122448979591,2.6122448979591835,-1.3622963710293328,0.09148689269878003,1.0766852366360187
0.5306122448979591,2.753061224489796,-1.3011395242230246,0.050249098464901845,1.1801558180761167
0.5306122448979591,2.8938775510204082,-1.2417429588183353,0.008617346473514746,1.3627977570399106
0.5306122448979591,3.03469387755102,-1.1851358417800295,-0.03276219142340331,1.5475380517802584
0.5306122448979591,3.1755102040816325,-1.1317625010894592,-0.07306427576459956,1.7113403488390897
0.5306122448979591,3.316326530612245,-1.0817300908477787,-0.11126717323525669,1.8525229134896701
0.5306122448979591,3.457142857142857,-1.034961503250537,-0.14615835199666977,1.9742895411145733
0.5306122448979591,3.5979591836734692,-0.991285937950832,-0.17637931063928053,2.0802162338032324
0.5306122448979591,3.7387755102040816,-0.9504910687633951,-0.2005234384876279,2.1733028678645736
0.5306122448979591,3.8795918367346935,-0.9123523168690171,-0.21728863618932015,2.255905528005234
0.5306122448979591,4.020408163265306,-0.8766487214202868,-0.22566361487483383,2.329850441752876
0.5306122448979591,4.161224489795918,-0.8431710567007399,-0.22510102801622434,2.396559060939408
0.5306122448979591,4.302040816326531,-0.8117255165816849,-0.2156198793213387,2.4571492438611604
0.5306122448979591,4.442857142857143,-0.7821349088262138,-0.19779801453344303,2.5125109022169054
0.5306122448979591,4.5836734693877546,-0.7542384900758986,-0.17265759181890397,2.5633613236549615
0.5306122448979591,4.724489795918367,-0.7278910983566298,-0.1414866651936999,2.6102855663753917
0.5306122448979591,4.865306122448979,-0.7029619592057632,-0.10565457305462059,2.653766152293898
0.5306122448979591,5.006122448979592,-0.6793333803519314,-0.06646509507611803,2.6942051220450223
0.5306122448979591,5.146938775510204,-0.6568994516804556,-0.025065224103658416,2.731940607855568
0.5306122448979591,5.2877551020408164,-0.6355648165284398,0.017594385437930297,2.767259435486106
0.5306122448979591,5.428571428571429,-0.6152435331201083,0.06076186982368655,2.800406822335158
0.5306122448979591,5.56938775510204,-0.595858048493573,0.10386517414812158,2.8315939168128383
0.5306122448979591,5.710204081632653,-0.5773382779434254,0.1464838946063193,2.861003730729992
0.5306122448979591,5.851020408163265,-0.5596207856741771,0.18831962668198785,2.8887958476218567
0.5306122448979591,5.9918367346938775,-0.5426480591922241,0.22916888445794115,2.91511019673082
0.5306122448979591,6.13265306122449,-0.5263678680653938,0.26890021625767796,2.940070103848884
0.5306122448979591,6.273469387755102,-0.51073269792349,0.30743577649738646,2.963784777579624
0.5306122448979591,6.414285714285714,-0.49569925097248096,0.34473692876156614,2.9863513511202884
0.5306122448979591,6.555102040816326,-0.4812280054923346,0.3807932567058917,3.007856571171321
0.5306122448979591,6.6959183673469385,-0.4672828260929143,0.4156142880578479,3.0283782026868904
0.5306122448979591,6.836734693877551,-0.4538306200639557,0.4492233450790205,3.047986207302336
0.5306122448979591,6.977551020408163,-0.44084103251157913,0.48165300639632247,3.066743735024915
0.5306122448979591,7.118367346938776,-0.4282861763221967,0.5129417896724744,3.0847079646450966
0.5306122448979591,7.259183673469387,-0.4161403926210678,0.543131744854743,3.101930819716004
0.5306122448979591,7.4,-0.40438003751110047,0.5722667215431396,3.1184595808168023
0.5510204081632653,0.5,-0.7547840874340479,0.5870302786516604,2.9611021413210517
0.5510204081632653,0.6408163265306123,-0.847307146096936,0.5286698721401621,2.8886518201474454
0.5510204081632653,0.7816326530612245,-0.9429347922788125,0.49025687799669265,2.812113039605957
0.5510204081632653,0.9224489795918367,-1.0412919281425927,0.4610538306296471,2.730910173945181
0.5510204081632653,1.063265306122449,-1.141470401571368,0.4353850583473537,2.644322377873097
0.5510204081632653,1.2040816326530612,-1.241706139715119,0.4103341992029471,2.551445155789239
0.5510204081632653,1.3448979591836734,-1.338949379271413,0.38442334433515424,2.451134439076177
0.5510204081632653,1.4857142857142858,-1.4284576308555563,0.35691748960435427,2.3419286457675783
0.5510204081632653,1.626530612244898,-1.5037930985420234,0.32746884240674035,2.221944136988109
0.5510204081632653,1.76734693877551,-1.5578489188482576,0.2959365383352337,2.088747716448575
0.5510204081632653,1.9081632653061225,-1.5851828267306594,0.26229668731516204,1.9392495884878997
0.5510204081632653,2.0489795918367344,-1.5845648119469995,0.22660012695752882,1.7698209258985729
0.5510204081632653,2.1897959183673468,-1.5596365744588598,0.18895655469986045,1.577467946494341
0.5510204081632653,2.330612244897959,-1.51704266529555,0.14953472403884696,1.3652297292388484
0.5510204081632653,2.4714285714285715,-1.4637535171114031,0.1085737903691674,1.1611529617029255
0.5510204081632653,2.6122448979591835,-1.4053760508603614,0.06640351043616509,1.0501595595770574
0.5510204081632653,2.753061224489796,-1.3457379287326179,0.023471728395242156,1.111377800496309
0.5510204081632653,2.8938775510204082,-1.2871668159944285,-0.01962251185274927,1.282550198649339
0.5510204081632653,3.03469387755102,-1.2309398620653875,-0.0620940329962016,1.4707447720429057
0.5510204081632653,3.1755102040816325,-1.1776686187411325,-0.10294226839259144,1.6409672069318013
0.5510204081632653,3.316326530612245,-1.1275687493209916,-0.1409405195452672,1.7881008172930428
0.5510204081632653,3.457142857142857,-1.0806321214291759,-0.17466191062021644,1.9147556333585114
0.5510204081632653,3.5979591836734692,-1.0367312487138771,-0.20256204139373865,2.0245920116791103
0.5510204081632653,3.7387755102040816,-0.9956807430899819,-0.22312984605610856,2.1208055917713766
0.5510204081632653,3.8795918367346935,-0.9572725977578124,-0.2350948788325549,2.2059300072103465
0.5510204081632653,4.020408163265306,-0.9212958798222266,-0.2376453778092171,2.2819302180764205
0.5510204081632653,4.161224489795918,-0.8875472697955393,-0.23058680000346846,2.3503318769825303
0.5510204081632653,4.302040816326531,-0.8558362798220106,-0.214378930440845,2.412330598081148
0.5510204081632653,4.442857142857143,-0.8259874205642898,-0.1900358819110083,2.468874647186899
0.5510204081632653,4.5836734693877546,-0.7978406555010831,-0.1589299472516724,2.5207255655881338
0.5510204081632653,4.724489795918367,-0.7712509270647847,-0.12257035458982461,2.5685023772902444
0.5510204081632653,4.865306122448979,-0.7460872138442896,-0.08241845137687419,2.612713995725947
0.5510204081632653,5.006122448979592,-0.7222313845259899,-0.039768656019902954,2.6537832125072383
0.5510204081632653,5.146938775510204,-0.6995769987403616,0.004305810792098985,2.6920646595570923
0.5510204081632653,5.2877551020408164,-0.6780281372144729,0.04895956982904384,2.727858419260806
0.5510204081632653,5.428571428571429,-0.657498304743886,0.09355404967260006,2.761420463215454
0.5510204081632653,5.56938775510204,-0.6379094264786065,0.13762450171599086,2.792970743514713
0.5510204081632653,5.710204081632653,-0.6191909336319146,0.1808450182974564,2.8226995357191416
0.5510204081632653,5.851020408163265,-0.6012789533384241,0.22299672511528765,2.8507724636245597
0.5510204081632653,5.9918367346938775,-0.5841155831166355,0.2639411119984697,2.8773345140321425
0.5510204081632653,6.13265306122449,-0.5676482482137578,0.3035987691268129,2.902513274539427
0.5510204081632653,6.273469387755102,-0.5518291328065047,0.34193296852436145,2.926421566508608
0.5510204081632653,6.414285714285714,-0.5366146772456207,0.3789372721415982,2.9491596027338596
0.5510204081632653,6.555102040816326,-0.5219651333964138,0.41462631542561046,2.970816767748129
0.5510204081632653,6.6959183673469385,-0.5078441714417015,0.4490290335043319,2.9914730972215677
0.5510204081632653,6.836734693877551,-0.49421853239284425,0.48218373312476265,3.011200515831849
0.5510204081632653,6.977551020408163,-0.4810577198907192,0.51413453097405,3.0300638775378657
0.5510204081632653,7.118367346938776,-0.4683337269651475,0.5449288045816627,3.048121845971565
0.5510204081632653,7.259183673469387,-0.45602079361095343,0.5746153867030622,3.065427643057183
0.5510204081632653,7.4,-0.4440951909654574,0.603243301407174,3.082029688392709
0.5714285714285714,0.5,-0.7534145385718221,0.5865566997450149,2.962074746585498
0.5714285714285714,0.6408163265306123,-0.845160825559211,0.5269313366532922,2.890200405210117
0.5714285714285714,0.7816326530612245,-0.9398763023457143,0.48709308138263285,2.814404124919568
0.5714285714285714,0.9224489795918367,-1.0372535261356313,0.4564097121624331,2.7341422573090433
0.5714285714285714,1.063265306122449,-1.1365222412696099,0.42923918525814087,2.6487361760685793
0.5714285714285714,1.2040816326530612,-1.236171143544748,0.40266658106470504,2.5573371546104475
0.5714285714285714,1.3448979591836734,-1.333567277567985,0.37520406704331766,2.4588752091604293
0.5714285714285714,1.4857142857142858,-1.4245612631910836,0.3461044564244533,2.351987522082343
0.5714285714285714,1.626530612244898,-1.5033658390614768,0.31500926908249893,2.2349211570545706
0.5714285714285714,1.76734693877551,-1.5632375224338726,0.2817702041577531,2.105409339772264
0.5714285714285714,1.9081632653061225,-1.5983613146256404,0.246360501041869,1.9605462566078156
0.5714285714285714,2.0489795918367344,-1.6063163007691628,0.20883429165513806,1.7967924212235038
0.5714285714285714,2.1897959183673468,-1.5893128372877845,0.16931291220063102,1.610664974656124
0.5714285714285714,2.330612244897959,-1.5530562452474632,0.12798829921593333,1.4022850134473899
0.5714285714285714,2.4714285714285715,-1.504293712481236,0.08513875561975581,1.1890705305438705
0.5714285714285714,2.6122448979591835,-1.448877221709776,0.04115474837985737,1.0383016535997658
0.5714285714285714,2.753061224489796,-1.3910307191841729,-0.003426838294463232,1.0492060480715781
0.5714285714285714,2.8938775510204082,-1.3334479320494155,-0.04788273390738669,1.2005821962935885
0.5714285714285714,3.03469387755102,-1.277684246487852,-0.09126346940910587,1.3900094883948815
0.5714285714285714,3.1755102040816325,-1.2245439564461085,-0.1323654928233065,1.5667433115289489
0.5714285714285714,3.316326530612245,-1.1743699954676432,-0.1697338244372087,1.7203813065585856
0.5714285714285714,3.457142857142857,-1.1272361404598963,-0.20172002745650242,1.8524653585117574
0.5714285714285714,3.5979591836734692,-1.0830668520862032,-0.22661754311077328,1.9666546682752097
0.5714285714285714,3.7387755102040816,-1.04170935332969,-0.2428769468289443,2.0663447969967246
0.5714285714285714,3.8795918367346935,-1.0029758990184376,-0.24936495102237174,2.1542664779914116
0.5714285714285714,4.020408163265306,-0.9666679746655847,-0.24559010025986225,2.2325415426994915
0.5714285714285714,4.161224489795918,-0.9325897058905742,-0.23180748922002237,2.3028138328853642
0.5714285714285714,4.302040816326531,-0.9005549055394174,-0.20895667482319907,2.366366984582567
0.5714285714285714,4.442857142857143,-0.8703904062105846,-0.17846016217411642,2.4242150772596744
0.5714285714285714,4.5836734693877546,-0.8419372591451901,-0.14196399144937893,2.4771693509051103
0.5714285714285714,4.724489795918367,-0.8150507359489627,-0.10110483493556234,2.5258868116769686
0.5714285714285714,4.865306122448979,-0.7895996908115535,-0.057351639328319,2.5709057648700453
0.5714285714285714,5.006122448979592,-0.7654656089828474,-0.01192815453794114,2.6126720244459185
0.5714285714285714,5.146938775510204,-0.7425415312518096,0.03420246009721264,2.6515584639051704
0.5714285714285714,5.2877551020408164,-0.7207309617265183,0.08031603858063349,2.6878797752685153
0.5714285714285714,5.428571428571429,-0.6999468198145183,0.12588946490255545,2.7219037484061492
0.5714285714285714,5.56938775510204,-0.6801104597555453,0.17055949056608438,2.753859980752522
0.5714285714285714,5.710204081632653,-0.6611507827165127,0.21408520074421192,2.7839466918940174
0.5714285714285714,5.851020408163265,-0.6430034245473958,0.25631665138463455,2.812336094710716
0.5714285714285714,5.9918367346938775,-0.6256100383344543,0.2971700910239481,2.8391786826227063
0.5714285714285714,6.13265306122449,-0.6089176506184169,0.3366090032711058,2.8646066754921526
0.5714285714285714,6.273469387755102,-0.5928780907543814,0.3746299511619462,2.88873681541337
0.5714285714285714,6.414285714285714,-0.5774474849153305,0.41125216842991663,2.9116726519757736
0.5714285714285714,6.555102040816326,-0.5625858080642292,0.44650999944705777,2.9335064247694547
0.5714285714285714,6.6959183673469385,-0.548256487405253,0.480447462760307,2.9543206246768827
0.5714285714285714,6.836734693877551,-0.5344260505328076,0.5131143706950203,2.9741892960454432
0.5714285714285714,6.977551020408163,-0.5210638146633605,0.5445635949159604,2.9931791319709533
0.5714285714285714,7.118367346938776,-0.5081416096037862,0.5748491509635785,3.0113503971409523
0.5714285714285714,7.259183673469387,-0.49563353260539966,0.6040248840327554,3.028757712644491
0.5714285714285714,7.4,-0.48351573002384923,0.6321435797322693,3.0454507252864222
0.5918367346938775,0.5,-0.7520532860781596,0.5861074841023448,2.9630418441677855
0.5918367346938775,0.6408163265306123,-0.8430290946074552,0.5252307175843108,2.8917378883637124
0.5918367346938775,0.7816326530612245,-0.9368380863284228,0.48397560085031155,2.816675069317352
0.5918367346938775,0.9224489795918367,-1.0332342736977802,0.4518143106133227,2.737340225085995
0.5918367346938775,1.063265306122449,-1.1315716842506514,0.4231388648422757,2.6530948678605464
0.5918367346938775,1.2040816326530612,-1.230566133471174,0.39503634870740945,2.5631431275983654
0.5918367346938775,1.3448979591836734,-1.3279612094735185,0.3660093830686995,2.4664850504769067
0.5918367346938775,1.4857142857142858,-1.420155538637173,0.3352988178720197,2.3618510879507153
0.5918367346938775,1.626530612244898,-1.5020018008036855,0.30253566628036926,2.2476121761011383
0.5918367346938775,1.76734693877551,-1.5672102129845238,0.2675645293796859,2.1216618362226694
0.5918367346938775,1.9081632653061225,-1.6098022937835477,0.23035655423614176,1.9812825831258674
0.5918367346938775,2.0489795918367344,-1.6263657672742493,0.19097067292721287,1.8230786687968872
0.5918367346938775,2.1897959183673468,-1.6176904077756273,0.14954266216767848,1.6433362003985452
0.5918367346938775,2.330612244897959,-1.588367250702299,0.106292427782163,1.4402614190106588
0.5918367346938775,2.4714285714285715,-1.5447212514113695,0.061545146248734174,1.223379809400791
0.5918367346938775,2.6122448979591835,-1.4927372061172366,0.015763825917923337,1.0415064666602363
0.5918367346938775,2.753061224489796,-1.4370096998496835,-0.0304085168763446,0.9975350919820539
0.5918367346938775,2.8938775510204082,-1.3806176315917427,-0.07610136359951662,1.1184180780644424
0.5918367346938775,3.03469387755102,-1.3254259883806585,-0.12017317450080917,1.3052796717629822
0.5918367346938775,3.1755102040816325,-1.2724605338829817,-0.16118925358330796,1.4882646459713993
0.5918367346938775,3.316326530612245,-1.222213418757793,-0.19744761605456915,1.6489638939893179
0.5918367346938775,3.457142857142857,-1.1748557776518713,-0.22708403263164362,1.787086082307089
0.5918367346938775,3.5979591836734692,-1.1303744517839371,-0.2482759905672269,1.9061367918791612
0.5918367346938775,3.7387755102040816,-1.0886561699645545,-0.25952830140156946,2.0097046569294523
0.5918367346938775,3.8795918367346935,-1.0495379559752356,-0.2599681590672068,2.1007381647838237
0.5918367346938775,4.020408163265306,-1.012836631281167,-0.24954008059422503,2.1815371035806557
0.5918367346938775,4.161224489795918,-0.9783656460423044,-0.22901397894051553,2.2538800625790425
0.5918367346938775,4.302040816326531,-0.9459443119215204,-0.19980235884513492,2.3191508780958405
0.5918367346938775,4.442857142857143,-0.9154025364124915,-0.16366861721007306,2.3784382642465403
0.5918367346938775,4.5836734693877546,-0.8865829194456805,-0.12243676007962842,2.432609565646375
0.5918367346938775,4.724489795918367,-0.8593413320158187,-0.07777905828413885,2.482364470226768
0.5918367346938775,4.865306122448979,-0.8335466491877065,-0.03110297213642192,2.5282741672199394
0.5918367346938775,5.006122448979592,-0.8090800366211888,0.016480347429582525,2.5708101227483424
0.5918367346938775,5.146938775510204,-0.7858340270641466,0.06413688732059333,2.6103654584007345
0.5918367346938775,5.2877551020408164,-0.7637115263510573,0.11126715292476401,2.647271029856306
0.5918367346938775,5.428571428571429,-0.742624822980293,0.15745789934160984,2.681807657062042
0.5918367346938775,5.56938775510204,-0.7224946482073392,0.20243760557655657,2.7142155471512894
0.5918367346938775,5.710204081632653,-0.7032493046150295,0.24603932713922724,2.7447016296542657
0.5918367346938775,5.851020408163265,-0.6848238707930231,0.28817145732922644,2.773445327999815
0.5918367346938775,5.9918367346938775,-0.6671594892351149,0.32879558395653474,2.800603150444272
0.5918367346938775,6.13265306122449,-0.6502027190695967,0.3679100688760721,2.826312364933728
0.5918367346938775,6.273469387755102,-0.6339049682903217,0.40553814078542805,2.850693979201655
0.5918367346938775,6.414285714285714,-0.6182219844363728,0.44171932533134545,2.8738551680624647
0.5918367346938775,6.555102040816326,-0.6031134034695164,0.47650335682034883,2.8958912687574596
0.5918367346938775,6.6959183673469385,-0.5885423495826753,0.5099458895755341,2.916887432155521
0.5918367346938775,6.836734693877551,-0.5744750798990549,0.542105506271302,2.9369199976285447
0.5918367346938775,6.977551020408163,-0.5608806701767091,0.5730416654902692,2.956057646774492
0.5918367346938775,7.118367346938776,-0.5477307346285496,0.6028133050365152,2.9743623744533725
0.5918367346938775,7.259183673469387,-0.534999177623773,0.6314779216196015,2.991890312709749
0.5918367346938775,7.4,-0.5226619725724277,0.6590909841271669,3.0086924323259283
0.6122448979591836,0.5,-0.7507002852362774,0.5856825346810719,2.964003473544779
0.6122448979591836,0.6408163265306123,-0.8409119187667794,0.5235681572134973,2.893264372698853
0.6122448979591836,0.7816326530612245,-0.9338203328150161,0.4809050522541107,2.8189261064477096
0.6122448979591836,0.9224489795918367,-1.0292352909108158,0.44726885956450146,2.740504558544332
0.6122448979591836,1.063265306122449,-1.1266226180806769,0.4170860068868773,2.657399377979495
0.6122448979591836,1.2040816326530612,-1.2249016522707494,0.38744609389605966,2.5688647581554642
0.6122448979591836,1.3448979591836734,-1.3221547182968993,0.3568425385323472,2.473966886493955
0.6122448979591836,1.4857142857142858,-1.4152828608577344,0.3245044208163806,2.371524174048936
0.6122448979591836,1.626530612244898,-1.4997569289594357,0.29005242921391056,2.260024629139701
0.6122448979591836,1.76734693877551,-1.5698047736385103,0.25332443694961804,2.1375150799186464
0.6122448979591836,1.9081632653061225,-1.619472381949157,0.21429034686022824,2.001466054047731
0.6122448979591836,2.0489795918367344,-1.6445789418970056,0.17301561552696634,1.8486601998369643
0.6122448979591836,2.1897959183673468,-1.6445653197636796,0.12965363935074667,1.6753327243651648
0.6122448979591836,2.330612244897959,-1.6227694812170204,0.08445781859005402,1.478508442555089
0.6122448979591836,2.4714285714285715,-1.5848807544715884,0.03780909052950539,1.2621667507584247
0.6122448979591836,2.6122448979591835,-1.5368701395378528,-0.009743328519744252,1.0586795144401822
0.6122448979591836,2.753061224489796,-1.4836525026597753,-0.05743068181346166,0.9604477860266479
0.6122448979591836,2.8938775510204082,-1.4287014160345441,-0.10420934568034841,1.0386078226437048
0.6122448979591836,3.03469387755102,-1.3742224864525847,-0.14871583094444582,1.21677968762968
0.6122448979591836,3.1755102040816325,-1.3214948285457078,-0.18925730314702888,1.4051194069565895
0.6122448979591836,3.316326530612245,-1.2711853913154738,-0.22387399747029155,1.5733887549913934
0.6122448979591836,3.457142857142857,-1.2235811355008532,-0.2505094462695052,1.718229207830707
0.6122448979591836,3.5979591836734692,-1.178743934062343,-0.2672973142710829,1.8427267218486199
0.6122448979591836,3.7387755102040816,-1.1366084473592162,-0.27291333983460675,1.950635491544292
0.6122448979591836,3.8795918367346935,-1.0970419906899813,-0.2668747695524661,2.045142305433412
0.6122448979591836,4.020408163265306,-1.0598803097844876,-0.24965605247491832,2.1287493378073226
0.6122448979591836,4.161224489795918,-1.024948483589664,-0.22256381044328266,2.2033896392063097
0.6122448979591836,4.302040816326531,-0.9920727909135164,-0.18743232472643506,2.27056179204618
0.6122448979591836,4.442857142857143,-0.9610871332730301,-0.14627172965644764,2.3314396495413394
0.6122448979591836,4.5836734693877546,-0.9318362193777276,-0.10098469910693242,2.386954249820978
0.6122448979591836,4.724489795918367,-0.9041768451574801,-0.053200336589126325,2.4378534977268242
0.6122448979591836,4.865306122448979,-0.8779780789213996,-0.004214904878760035,2.484745554738524
0.6122448979591836,5.006122448979592,-0.8531208396954831,0.044996897524785355,2.5281306011262026
0.6122448979591836,5.146938775510204,-0.8294971611804622,0.0937359122105641,2.5684243320906877
0.6122448979591836,5.2877551020408164,-0.8070093183610386,0.14152242010653737,2.6059755540154255
0.6122448979591836,5.428571428571429,-0.7855689123043678,0.18804315793052467,2.6410795124531563
0.6122448979591836,5.56938775510204,-0.7650959780144952,0.2331069243486436,2.6739881217720263
0.6122448979591836,5.710204081632653,-0.7455181410866755,0.2766097189938552,2.704917898290221
0.6122448979591836,5.851020408163265,-0.726769838522279,0.31850847949802347,2.7340561810582886
0.6122448979591836,5.9918367346938775,-0.7087916152753486,0.35880184762206735,2.7615660648645797
0.6122448979591836,6.13265306122449,-0.69152947972744,0.39751626962273,2.787590335968479
0.6122448979591836,6.273469387755102,-0.6749343363707259,0.434696160374999,2.8122546561976924
0.6122448979591836,6.414285714285714,-0.6589614747773347,0.4703969719232207,2.8356701491609684
0.6122448979591836,6.555102040816326,-0.6435701155343808,0.504680371736482,2.8579355210665383
0.6122448979591836,6.6959183673469385,-0.628723006923569,0.537610926478948,2.8791388122711403
0.6122448979591836,6.836734693877551,-0.6143860658449245,0.5692538478127125,2.8993588517930724
0.6122448979591836,6.977551020408163,-0.6005280602511098,0.5996734966946123,2.9186664765325534
0.6122448979591836,7.118367346938776,-0.5871203255446553,0.628932407537575,2.937125554801155
0.6122448979591836,7.259183673469387,-0.5741365129256067,0.6570906861075697,2.954793853192033
0.6122448979591836,7.4,-0.561552365762717,0.6842056648473303,2.971723774305001
0.6326530612244897,0.5,-0.7493554910306068,0.5852817488853475,2.9649596738673045
0.6326530612244897,0.6408163265306123,-0.8388092597366034,0.5219437866502712,2.8947799601746915
0.6326530612244897,0.7816326530612245,-0.930823208596955,0.47788203501463683,2.8211574667261594
0.6326530612244897,0.9224489795918367,-1.0252576103102515,0.4427745790802049,2.743635730778149
0.6326530612244897,1.063265306122449,-1.1216786528753084,0.4110825254712533,2.6616506131044546
0.6326530612244897,1.2040816326530612,-1.2191875460239725,0.379898440314187,2.5745036931115117
0.6326530612244897,1.3448979591836734,-1.316170069788744,0.34770684540307534,2.4813235751160274
0.6326530612244897,1.4857142857142858,-1.409984528037243,0.31372522608474096,2.381011516499583
0.6326530612244897,1.626530612244898,-1.4966895209346205,0.27756412047732426,2.2721658991558407
0.6326530612244897,1.76734693877551,-1.5710701694036568,0.2390550775767806,2.1529793185845545
0.6326530612244897,1.9081632653061225,-1.627358086545621,0.19816769987468827,2.021106628891019
0.6326530612244897,2.0489795918367344,-1.6608370366466048,0.15497590931043106,1.873528973173027
0.6326530612244897,2.1897959183673468,-1.6697292228521674,0.10965435047853897,1.7065528530362166
0.6326530612244897,2.330612244897959,-1.6560319991575874,0.062496215392015345,1.5165428046279639
0.6326530612244897,2.4714285714285715,-1.624584176498201,0.013948448395582727,1.3037813325959409
0.6326530612244897,2.6122448979591835,-1.5811617191201706,-0.0353378555729319,1.08757126970724
0.6326530612244897,2.753061224489796,-1.5309181009369184,-0.08444585907871957,0.9412266457168321
0.6326530612244897,2.8938775510204082,-1.4777160963145857,-0.13213020112057078,0.9650372243220713
0.6326530612244897,3.03469387755102,-1.4241302370276903,-0.1767742685093163,1.125248174281476
0.6326530612244897,3.1755102040816325,-1.3717276314979039,-0.21640348185433064,1.3169329685098017
0.6326530612244897,3.316326530612245,-1.3213796613298459,-0.24880153931608417,1.4931321241071356
0.6326530612244897,3.457142857142857,-1.2735111984313447,-0.2717656581288802,1.645438708366019
0.6326530612244897,3.5979591836734692,-1.2282745357994198,-0.28348491057201847,1.776058685015371
0.6326530612244897,3.7387755102040816,-1.1856626095428293,-0.2829396695120492,1.8888463973138536
0.6326530612244897,3.8795918367346935,-1.1455798393748018,-0.27015801114124427,1.9872447557609805
0.6326530612244897,4.020408163265306,-1.107885320650533,-0.2462016899022407,2.0739864651698063
0.6326530612244897,4.161224489795918,-1.072418611040795,-0.21288887752902014,2.1511826022093548
0.6326530612244897,4.302040816326531,-1.0390147613614187,-0.17238962589407686,2.220464005302092
0.6326530612244897,4.442857142857143,-1.0075127950168057,-0.1268557118751972,2.2831022710382984
0.6326530612244897,4.5836734693877546,-0.9777602123323906,-0.07817848366785693,2.3401011885263854
0.6326530612244897,4.724489795918367,-0.9496151272157215,-0.027883920630880438,2.3922634433595413
0.6326530612244897,4.865306122448979,-0.922947005906941,0.022873590373128725,2.4402389874339874
0.6326530612244897,5.006122448979592,-0.8976366033308023,0.07326505871301824,2.484560301290055
0.6326530612244897,5.146938775510204,-0.8735754589999251,0.12272263295492866,2.525668362111328
0.6326530612244897,5.2877551020408164,-0.8506651721220784,0.17087661226170128,2.56393199939377
0.6326530612244897,5.428571428571429,-0.8288165816818841,0.21750194648828547,2.5996624916126496
0.6326530612244897,5.56938775510204,-0.8079489339911069,0.2624762211761672,2.63312472177883
0.6326530612244897,5.710204081632653,-0.787989075847626,0.3057481290579576,2.664545794212171
0.6326530612244897,5.851020408163265,-0.7688706981418404,0.3473145222413558,2.6941217680366982
0.6326530612244897,5.9918367346938775,-0.7505336387182767,0.38720402673385895,2.7220229714214743
0.6326530612244897,6.13265306122449,-0.7329232540629306,0.4254655434757666,2.748398244278773
0.6326530612244897,6.273469387755102,-0.7159898427108985,0.46216020149324466,2.773378339634896
0.6326530612244897,6.414285714285714,-0.6996881386601059,0.49735586894545375,2.7970786939545564
0.6326530612244897,6.555102040816326,-0.6839768539709713,0.5311234019912365,2.819601687397446
0.6326530612244897,6.6959183673469385,-0.6688182719239625,0.5635341357673082,2.8410385060546806
0.6326530612244897,6.836734693877551,-0.654177885240943,0.594658239263341,2.8614706873345606
0.6326530612244897,6.977551020408163,-0.6400240736278253,0.6245636663431677,2.880971408556498
0.6326530612244897,7.118367346938776,-0.6263278178046199,0.6533155275231954,2.899606570988267
0.6326530612244897,7.259183673469387,-0.6130624441017062,0.6809757396994782,2.9174357136330724
0.6326530612244897,7.4,-0.6002033977500869,0.7076028726902079,2.934512790183726
0.6530612244897959,0.5,-0.7480188581766963,0.5849050203258052,2.9659104839674972
0.6530612244897959,0.6408163265306123,-0.8367210755507877,0.5203577233764366,2.8962847516398447
0.6530612244897959,0.7816326530612245,-0.9278468598259535,0.47490713152165,2.8233693773867934
0.6530612244897959,0.9224489795918367,-1.0213021814520014,0.438332677853762,2.746734207067876
0.6530612244897959,1.063265306122449,-1.116743135928092,0.405130337131032,2.6658494621887954
0.6530612244897959,1.2040816326530612,-1.2134329915660922,0.37239604046259894,2.5800615432943546
0.6530612244897959,1.3448979591836734,-1.3100282442659736,0.3386056834897677,2.4885579086520764
0.6530612244897959,1.4857142857142858,-1.4043004583927625,0.30296530913773584,2.390317751995259
0.6530612244897959,1.626530612244898,-1.4928592524434843,0.2650754745597233,2.284043284560048
0.6530612244897959,1.76734693877551,-1.571065127052576,0.22476184776083108,2.1680650241141985
0.6530612244897959,1.9081632653061225,-1.6334663550701034,0.18199477064248515,2.040216089013298
0.6530612244897959,2.0489795918367344,-1.675041546337588,0.13685881461651622,1.8976856140617586
0.6530612244897959,2.1897959183673468,-1.692975514246299,0.08955399745931744,1.7369311156881546
0.6530612244897959,2.330612244897959,-1.68790115013633,0.04042048305352354,1.554017185297764
0.6530612244897959,2.4714285714285715,-1.663607441132645,-0.010017044860607211,1.346902044461074
0.6530612244897959,2.6122448979591835,-1.6254632107776465,-0.060987704462363616,1.1253752914176582
0.6530612244897959,2.753061224489796,-1.578741167851348,-0.11140141309269853,0.9412694298264708
0.6530612244897959,2.8938775510204082,-1.527665931076817,-0.15977982897405538,0.90296900697224
0.6530612244897959,3.03469387755102,-1.4752029009379393,-0.20422197496151742,1.0323240276208274
0.6530612244897959,3.1755102040816325,-1.4232436235147352,-0.24245419812111615,1.223461508327137
0.6530612244897959,3.316326530612245,-1.372897916677577,-0.2720214402810011,1.4076080518289562
0.6530612244897959,3.457142857142857,-1.3247549467538724,-0.2906465010528437,1.5681776871760083
0.6530612244897959,3.5979591836734692,-1.2790762008342784,-0.2966978902024101,1.705700313805427
0.6530612244897959,3.7387755102040816,-1.2359256536872056,-0.2895998313610057,1.8239958346680816
0.6530612244897959,3.8795918367346935,-1.19525327898655,-0.2699870919894766,1.92677317666873
0.6530612244897959,4.020408163265306,-1.1569470242359996,-0.239520270803845,2.0170275189142592
0.6530612244897959,4.161224489795918,-1.1208644569288324,-0.20046133770889554,2.0970762828980387
0.6530612244897959,4.302040816326531,-1.0868516421971224,-0.15520972143402573,2.1687037850007336
0.6530612244897959,4.442857142857143,-1.054754110876239,-0.10595711234220023,2.233294620554849
0.6530612244897959,4.5836734693877546,-1.0244229915107452,-0.05451070922324164,2.2919362256711375
0.6530612244897959,4.724489795918367,-0.9957181917915988,-0.0022532640933748383,2.345493909983617
0.6530612244897959,4.865306122448979,-0.9685098184535016,0.049817288087381034,2.3946651328322117
0.6530612244897959,5.006122448979592,-0.9426785551253474,0.1010163972935042,2.440018903357339
0.6530612244897959,5.146938775510204,-0.9181154444763776,0.1508982949884051,2.482024653628943
0.6530612244897959,5.2877551020408164,-0.8947213477839104,0.19919124466601698,2.521073651108174
0.6530612244897959,5.428571428571429,-0.8724062439139879,0.24574632798473175,2.5574950701977346
0.6530612244897959,5.56938775510204,-0.8510884717884549,0.2904991079032425,2.5915682175375534
0.6530612244897959,5.710204081632653,-0.8306939691121986,0.3334418672850785,2.6235319346281116
0.6530612244897959,5.851020408163265,-0.8111555509926109,0.3746039720967334,2.6535919187131816
0.6530612244897959,5.9918367346938775,-0.7924122145812875,0.41403817884157595,2.6819264810320433
0.6530612244897959,6.13265306122449,-0.7744085331632431,0.45181117108520175,2.708691108875548
0.6530612244897959,6.273469387755102,-0.7570940752860398,0.48799719895888355,2.7340221465576566
0.6530612244897959,6.414285714285714,-0.740422899825469,0.5226737455693907,2.758039754758838
0.6530612244897959,6.555102040816326,-0.7243530963280929,0.5559186833879984,2.780850330410331
0.6530612244897959,6.6959183673469385,-0.7088463753957662,0.5878084325615872,2.802548494324848
0.6530612244897959,6.836734693877551,-0.6938677032096484,0.61841681174276,2.8232187356676075
0.6530612244897959,6.977551020408163,-0.6793849751351437,0.6478143564685672,2.8429367803909877
0.6530612244897959,7.118367346938776,-0.6653687263928251,0.6760679660062509,2.8617707406487027
0.6530612244897959,7.259183673469387,-0.651791872901862,0.7032407558779079,2.8797820811405543
0.6530612244897959,7.4,-0.6386294810418565,0.7293920560035123,2.8970264391618277
0.673469387755102,0.5,-0.7466903411420667,0.5845522383899365,2.966855942360713
0.673469387755102,0.6408163265306123,-0.8346473208027405,0.5188100729778748,2.897778846841929
0.673469387755102,0.7816326530612245,-0.9248914131201654,0.4719809067022521,2.825562062530508
0.673469387755102,0.9224489795918367,-1.0173698756629792,0.4339443496577178,2.7498004448785576
0.673469387755102,1.063265306122449,-1.111819165909832,0.3992313589769745,2.669996796786187
0.673469387755102,1.2040816326530612,-1.2076465251616266,0.3649415725435921,2.5855398840638184
0.673469387755102,1.3448979591836734,-1.3037489429886089,0.3295424981960375,2.4956726141256143
0.673469387755102,1.4857142857142858,-1.3982689714709298,0.2922288609370199,2.3994474139528186
0.673469387755102,1.626530612244898,-1.4883262765139296,0.25259140398477226,2.2956639744097718
0.673469387755102,1.76734693877551,-1.5698565154728403,0.21045039685849698,2.182782773180893
0.673469387755102,1.9081632653061225,-1.6378243245316941,0.1657780700342579,2.0588075179946927
0.673469387755102,2.0489795918367344,-1.6871185329179306,0.11867209183960227,1.921137237113112
0.673469387755102,2.1897959183673468,-1.7141066304781167,0.06936253698180135,1.7664294653317825
0.673469387755102,2.330612244897959,-1.7181046052839357,0.01824469467604851,1.5906907685485208
0.673469387755102,2.4714285714285715,-1.7016880248965236,-0.03406563116548634,1.390528390521834
0.673469387755102,2.6122448979591835,-1.6695848556296193,-0.0866574194304257,1.1692994759903954
0.673469387755102,2.753061224489796,-1.627025076049026,-0.13823927429251698,0.95955267009571
0.673469387755102,2.8938775510204082,-1.5785374627842685,-0.18706648008623242,0.8583941801569048
0.673469387755102,3.03469387755102,-1.5274884933488728,-0.23092407153741928,0.9411088971180807
0.673469387755102,3.1755102040816325,-1.4761305252156451,-0.2672318284187141,1.124778204005866
0.673469387755102,3.316326530612245,-1.4258502611558965,-0.2933347765961408,1.3161856492573922
0.673469387755102,3.457142857142857,-1.3774325910094958,-0.30698084025731576,1.4858135563782957
0.673469387755102,3.5979591836734692,-1.3312711602850917,-0.3068603352335813,1.6311368255039258
0.673469387755102,3.7387755102040816,-1.2875168078656407,-0.2929713643007674,1.7556795220227213
0.673469387755102,3.8795918367346935,-1.246175609445131,-0.26661258511876873,1.8634083082965232
0.673469387755102,4.020408163265306,-1.2071712455774595,-0.23000737489842557,1.9576160802249631
0.673469387755102,4.161224489795918,-1.170383710810313,-0.18576245422793414,2.040860717702813
0.673469387755102,4.302040816326531,-1.135672868312871,-0.13639494701312677,2.1151059652997892
0.673469387755102,4.442857142857143,-1.1028924823369444,-0.0840484744429729,2.1818680341387555
0.673469387755102,4.5836734693877546,-1.071898332733392,-0.03039338807038671,2.242331232873043
0.673469387755102,4.724489795918367,-1.0425526989157996,0.023353090192317544,2.2974329424380167
0.673469387755102,4.865306122448979,-1.014726615543277,0.07635187512667474,2.347924965659216
0.673469387755102,5.006122448979592,-0.9883007971596699,0.1280547849655563,2.3944178597056367
0.673469387755102,5.146938775510204,-0.963165775102202,0.17812597571936625,2.43741325290899
0.673469387755102,5.2877551020408164,-0.9392215865753039,0.22637902189920375,2.477327681418064
0.673469387755102,5.428571428571429,-0.9163772194906264,0.272729661552208,2.514510385381103
0.673469387755102,5.56938775510204,-0.8945499576722988,0.31716176201316537,2.549256782790026
0.673469387755102,5.710204081632653,-0.8736646638441723,0.35970336664234676,2.5818187840337656
0.673469387755102,5.851020408163265,-0.8536531033582104,0.4004101244980922,2.6124127776437014
0.673469387755102,5.9918367346938775,-0.8344532755007293,0.4393540425761113,2.6412258994874716
0.673469387755102,6.13265306122449,-0.8160088067262421,0.47661586233769554,2.6684209814048025
0.673469387755102,6.273469387755102,-0.798268381507888,0.5122800474695702,2.694140520733609
0.673469387755102,6.414285714285714,-0.7811852367050872,0.5464314654748588,2.718509867898992
0.673469387755102,6.555102040816326,-0.7647167006102671,0.5791532887931093,2.7416398245747757
0.673469387755102,6.6959183673469385,-0.7488237802122587,0.6105257018057035,2.763628771159665
0.673469387755102,6.836734693877551,-0.733470791959028,0.6406251546775948,2.784564422722421
0.673469387755102,6.977551020408163,-0.7186250313222889,0.6695239795147182,2.804525286939585
0.673469387755102,7.118367346938776,-0.7042564796176769,0.697290257393854,2.8235818859754387
0.673469387755102,7.259183673469387,-0.6903375405834964,0.7239878326367227,2.841797781087018
0.673469387755102,7.4,-0.6768428077496276,0.7496764268992308,2.8592304398224173
0.6938775510204082,0.5,-0.745369894166986,0.5842232879478276,2.9677960872471036
0.6938775510204082,0.6408163265306123,-0.8325879468257711,0.5173009285663371,2.899262344441714
0.6938775510204082,0.7816326530612245,-0.921956976615066,0.4691039071750365,2.8277357431720773
0.6938775510204082,0.9224489795918367,-1.0134614903856696,0.42961077297734757,2.752834894024919
0.6938775510204082,1.063265306122449,-1.106909606603008,0.3933875067452565,2.67409347137711
0.6938775510204082,1.2040816326530612,-1.2018360719218353,0.35753774014280176,2.5909402559435435
0.6938775510204082,1.3448979591836734,-1.297350606497513,0.3205207986685021,2.502670353769684
0.6938775510204082,1.4857142857142858,-1.3919266214551977,0.2815201879284163,2.4084049301393984
0.6938775510204082,1.626530612244898,-1.483150416400042,0.24011700625223853,2.307035029278313
0.6938775510204082,1.76734693877551,-1.567517615389644,0.19612663572244007,2.197143151549874
0.6938775510204082,1.9081632653061225,-1.6404782896991763,0.1495244799366937,2.0768948902096414
0.6938775510204082,2.0489795918367344,-1.6970220266336211,0.10042404808517089,1.943895737167236
0.6938775510204082,2.1897959183673468,-1.7329421419140671,0.049090734379992625,1.7950303548086541
0.6938775510204082,2.330612244897959,-1.746357784978787,-0.004015775059939447,1.6264039349671318
0.6938775510204082,2.4714285714285715,-1.7385241970990761,-0.0581733681089198,1.4339370352765375
0.6938775510204082,2.6122448979591835,-1.7132890044449156,-0.11230791388470819,1.2169314240526115
0.6938775510204082,2.753061224489796,-1.6756333696477164,-0.16489573591744083,0.9930281978278306
0.6938775510204082,2.8938775510204082,-1.6302926721319793,-0.21389094894023378,0.8364225457757754
0.6938775510204082,3.03469387755102,-1.5810253489868111,-0.25673883434171707,0.8568044821539313
0.6938775510204082,3.1755102040816325,-1.5304776028044142,-0.29055902384033916,1.0216290389040004
0.6938775510204082,3.316326530612245,-1.4803555074743202,-0.31256046579519675,1.2182413971926571
0.6938775510204082,3.457142857142857,-1.431676916548196,-0.3206421385782025,1.3976039620390357
0.6938775510204082,3.5979591836734692,-1.3849957726241737,-0.3139662899206353,1.5517510666244818
0.6938775510204082,3.7387755102040816,-1.3405695035593779,-0.29321018744224087,1.6834147233221761
0.6938775510204082,3.8795918367346935,-1.2984735407433399,-0.2603465454805503,1.7967726993344282
0.6938775510204082,4.020408163265306,-1.258675967287566,-0.21808371536157076,1.895452263376931
0.6938775510204082,4.161224489795918,-1.2210847629760073,-0.16925737938624547,1.9822928766970607
0.6938775510204082,4.302040816326531,-1.1855770842826732,-0.11639821354813625,2.0594696920865743
0.6938775510204082,4.442857142857143,-1.1520170701024628,-0.06153298066981031,2.128653489255805
0.6938775510204082,4.5836734693877546,-1.12026642101986,-0.006161954440653002,2.1911416447314713
0.6938775510204082,4.724489795918367,-1.0901904887176288,0.04867125943803472,2.247955093427324
0.6938775510204082,4.865306122448979,-1.061661575079911,0.10228048981704695,2.299908221837035
0.6938775510204082,5.006122448979592,-1.0345605357458432,0.1542420126162693,2.3476591391197354
0.6938775510204082,5.146938775510204,-1.0087773556724986,0.204316708375386,2.3917461114116056
0.6938775510204082,5.2877551020408164,-0.9842111332224698,0.25239123617562575,2.4326142816033793
0.6938775510204082,5.428571428571429,-0.9607696933322513,0.298435634515317,2.4706355069497365
0.6938775510204082,5.56938775510204,-0.938369059411122,0.34247364236643746,2.5061232805604137
0.6938775510204082,5.710204081632653,-0.9169328186199969,0.3845623984757954,2.5393441149604064
0.6938775510204082,5.851020408163265,-0.8963914763241624,0.4247786989792064,2.5705263131988847
0.6938775510204082,5.9918367346938775,-0.8766818238601854,0.4632098355110137,2.5998668118813497
0.6938775510204082,6.13265306122449,-0.8577463387926674,0.49994758257616434,2.6275365793207976
0.6938775510204082,6.273469387755102,-0.8395326351306123,0.5350842812128132,2.6536849045057265
0.6938775510204082,6.414285714285714,-0.8219929463607241,0.568710416819493,2.678442859096483
0.6938775510204082,6.555102040816326,-0.8050836701840348,0.6009131082958538,2.701926088897258
0.6938775510204082,6.6959183673469385,-0.7887649511761403,0.631775267958054,2.724237101035078
0.6938775510204082,6.836734693877551,-0.7730003075636827,0.6613751834437229,2.745467145504228
0.6938775510204082,6.977551020408163,-0.7577562981204574,0.6897863720071122,2.7656977731132972
0.6938775510204082,7.118367346938776,-0.7430022178798118,0.7170776357364619,2.785002141182888
0.6938775510204082,7.259183673469387,-0.7287098392623748,0.7433131830302431,2.803446097954606
0.6938775510204082,7.4,-0.7148531679346024,0.7685528592802774,2.8210891086921044
0.7142857142857142,0.5,-0.7440574712818934,0.5839180487390935,2.9687309565115463
0.7142857142857142,0.6408163265306123,-0.8305429018864271,0.515830370944693,2.9007353420283977
0.7142857142857142,0.7816326530612245,-0.919043640972054,0.4662766609988673,2.8298906372878627
0.7142857142857142,0.9224489795918367,-1.0095777533573824,0.42533310970497656,2.755837996806742
0.7142857142857142,1.063265306122449,-1.1020171001451275,0.3876006927811778,2.6781403236944628
0.7142857142857142,1.2040816326530612,-1.1960089756007022,0.35018727299564695,2.596264165221468
0.7142857142857142,1.3448979591836734,-1.2908504428016512,0.3115441563120568,2.5095537256630718
0.7142857142857142,1.4857142857142858,-1.3853080780687863,0.27084371158545234,2.4171946210512014
0.7142857142857142,1.626530612244898,-1.4773904640950393,0.2276575585663522,2.3181633661701944
0.7142857142857142,1.76734693877551,-1.5641263606980258,0.18179674677771573,2.211156680307277
0.7142857142857142,1.9081632653061225,-1.6414919758856041,0.13324127153923757,2.0944927434874256
0.7142857142857142,2.0489795918367344,-1.7047362293098884,0.08212354929112822,1.965976457775095
0.7142857142857142,2.1897959183673468,-1.7493270979781863,0.02875021902911191,1.82273136122067
0.7142857142857142,2.330612244897959,-1.7723728411918185,-0.026344153517744263,1.6610576883555794
0.7142857142857142,2.4714285714285715,-1.773776787845024,-0.08231396395573445,1.476626623254541
0.7142857142857142,2.6122448979591835,-1.756283577682711,-0.1378962571367299,1.2663805590572597
0.7142857142857142,2.753061224489796,-1.724379641068075,-0.19130133516007838,1.0376643742232194
0.7142857142857142,2.8938775510204082,-1.6828599971190545,-0.24014704229168604,0.8392487377872505
0.7142857142857142,3.03469387755102,-1.6358363900098407,-0.2815198327324701,0.7869698649226733
0.7142857142857142,3.1755102040816325,-1.5863732071653105,-0.3122638536186295,0.9160743264033048
0.7142857142857142,3.316326530612245,-1.536541135541421,-0.3295433932180254,1.1132881324553578
0.7142857142857142,3.457142857142857,-1.4876347087737043,-0.3315559127278167,1.302689342972576
0.7142857142857142,3.5979591836734692,-1.4404026640982859,-0.3180797475381371,1.4667987549472545
0.7142857142857142,3.7387755102040816,-1.3952337289008605,-0.29053837853776443,1.6066196976008074
0.7142857142857142,3.8795918367346935,-1.3522894615738177,-0.25154038605397205,1.7264159753207093
0.7142857142857142,4.020408163265306,-1.31159335605969,-0.2041711391362299,1.8301823731940592
0.7142857142857142,4.161224489795918,-1.2730884272212524,-0.15137721136033114,1.9210893119108103
0.7142857142857142,4.302040816326531,-1.2366735378850982,-0.09561477637261223,2.001563092226205
0.7142857142857142,4.442857142857143,-1.202225887863548,-0.038745512387099675,2.0734576414956494
0.7142857142857142,4.5836734693877546,-1.1696146723174903,0.017917047244469277,2.1382034464765796
0.7142857142857142,4.724489795918367,-1.1387091661292554,0.07350067052227749,2.19691908565021
0.7142857142857142,4.865306122448979,-1.1093833387544858,0.1274610631605455,2.250491550153716
0.7142857142857142,5.006122448979592,-1.0815182986034877,0.17948535867168627,2.2996337387693995
0.7142857142857142,5.146938775510204,-1.0550034312065453,0.2294181183016318,2.3449258715596346
0.7142857142857142,5.2877551020408164,-1.0297367137559565,0.2772078835702994,2.3868456682103014
0.7142857142857142,5.428571428571429,-1.0056245921339964,0.3228698289627314,2.4257905941021227
0.7142857142857142,5.56938775510204,-0.9825815751948721,0.36646040895574616,2.462094529766099
0.7142857142857142,5.710204081632653,-0.9605297022750144,0.4080603211421242,2.496040387723236
0.7142857142857142,5.851020408163265,-0.9393979517341039,0.4477632631783742,2.5278697990072745
0.7142857142857142,5.9918367346938775,-0.9191216495497605,0.4856685845117059,2.557790626203117
0.7142857142857142,6.13265306122449,-0.8996418792340316,0.5218766319816998,2.5859828765693393
0.7142857142857142,6.273469387755102,-0.8809049420565085,0.5564857977815949,2.6126033760571237
0.7142857142857142,6.414285714285714,-0.8628618501754035,0.5895907689154656,2.637789518931153
0.7142857142857142,6.555102040816326,-0.8454678641276945,0.621281542384849,2.6616622948945534
0.7142857142857142,6.6959183673469385,-0.8286820751852247,0.6516429415564308,2.684328752950872
0.7142857142857142,6.836734693877551,-0.8124670220412812,0.6807544836668268,2.7058840310419643
0.7142857142857142,6.977551020408163,-0.7967883592214788,0.7086904009323568,2.7264130189714892
0.7142857142857142,7.118367346938776,-0.7816145469425606,0.7355198372548076,2.745991755280126
0.7142857142857142,7.259183673469387,-0.7669165817343484,0.7613070953730774,2.7646885911863914
0.7142857142857142,7.4,-0.7526677483178373,0.7861119365133992,2.7825651757958867
0.7346938775510203,0.5,-0.742753026335805,0.5836363973017735,2.9696605877335016
0.7346938775510203,0.6408163265306123,-0.8285121313002533,0.5143984682058355,2.902197936126158
0.7346938775510203,0.7816326530612245,-0.9161514803375493,0.4634996771651243,2.832026959862202
0.7346938775510203,0.9224489795918367,-1.0057193265904731,0.42111250363008274,2.7588101881518203
0.7346938775510203,1.063265306122449,-1.0971440796983116,0.38187282460116984,2.6821381751128595
0.7346938775510203,1.2040816326530612,-1.1901720284136312,0.3428929189098321,2.601513084583466
0.7346938775510203,1.3448979591836734,-1.2842644634701508,0.30261620273731965,2.5163252645555065
0.7346938775510203,1.4857142857142858,-1.3784460499248048,0.26020396846942334,2.4258206990814255
0.7346938775510203,1.626530612244898,-1.4711035895145141,0.21521852603144132,2.3290557469947393
0.7346938775510203,1.76734693877551,-1.5597636359433011,0.16746719205691993,2.224833753840124
0.7346938775510203,1.9081632653061225,-1.6409442425127154,0.11693611396945358,2.1116159274456305
0.7346938775510203,2.0489795918367344,-1.7102763063161963,0.0637800615585771,1.987397155185471
0.7346938775510203,2.1897959183673468,-1.7631399203396958,0.008353542932679812,1.8495410509213999
0.7346938775510203,2.330612244897959,-1.7958700731200226,-0.04872217606641698,1.6945975142112333
0.7346938775510203,2.4714285714285715,-1.8070744314848983,-0.10645863746741273,1.5182650150731634
0.7346938775510203,2.6122448979591835,-1.7982168128642029,-0.16337549462744616,1.3162681139651922
0.7346938775510203,2.753061224489796,-1.7730159524278342,-0.2173808511971694,1.0894851930157121
0.7346938775510203,2.8938775510204082,-1.736122715872362,-0.26572237514718466,0.8651048594959941
0.7346938775510203,3.03469387755102,-1.691921057468253,-0.3051186970547779,0.7404590660389426
0.7346938775510203,3.1755102040816325,-1.643900872390824,-0.33218557359191786,0.8125186876260806
0.7346938775510203,3.316326530612245,-1.5945426706254964,-0.3441620095651546,1.0012674506231378
0.7346938775510203,3.457142857142857,-1.545468191802082,-0.3397041601636019,1.200107041918904
0.7346938775510203,3.5979591836734692,-1.4976632078015768,-0.31932964071061914,1.375379001356472
0.7346938775510203,3.7387755102040816,-1.4516788480820466,-0.285228183703882,1.5245866939556494
0.7346938775510203,3.8795918367346935,-1.4077841810192575,-0.24056335220260922,1.6517953621896657
0.7346938775510203,4.020408163265306,-1.3660722077207232,-0.18867370076527407,1.7613853869536167
0.7346938775510203,4.161224489795918,-1.3265299966371558,-0.13250806341136903,1.856916700027911
0.7346938775510203,4.302040816326531,-1.2890837346245985,-0.074380296041418,1.941116511905862
0.7346938775510203,4.442857142857143,-1.2536270750587601,-0.015957729393116904,2.0160578736194306
0.7346938775510203,4.5836734693877546,-1.2200386600645279,0.04163668255426114,2.083329463369158
0.7346938775510203,4.724489795918367,-1.1881927348832655,0.0976930037968006,2.1441649673200405
0.7346938775510203,4.865306122448979,-1.157965404294194,0.15179514827741075,2.1995362838662276
0.7346938775510203,5.006122448979592,-1.1292381386928378,0.20372725212431111,2.2502199141198793
0.7346938775510203,5.146938775510204,-1.1018996069140496,0.2534053547485957,2.2968444381817594
0.7346938775510203,5.2877551020408164,-1.0758464477544158,0.300829874754859,2.339924886975472
0.7346938775510203,5.428571428571429,-1.0509834186647857,0.34605330581110144,2.379887909765154
0.7346938775510203,5.56938775510204,-1.027223180133275,0.389158769852216,2.4170904949708705
0.7346938775510203,5.710204081632653,-1.0044858842108022,0.4302459158641131,2.4518340562947496
0.7346938775510203,5.851020408163265,-0.9826986449276912,0.46942187307587935,2.4843752016654084
0.7346938775510203,5.9918367346938775,-0.9617949892527913,0.5067954612405035,2.514934034302166
0.7346938775510203,6.13265306122449,-0.9417142984850796,0.5424736280683506,2.543700646526326
0.7346938775510203,6.273469387755102,-0.9224012746520537,0.5765593214537409,2.5708402444560354
0.7346938775510203,6.414285714285714,-0.9038054329080838,0.6091503316944468,2.5964972431136464
0.7346938775510203,6.555102040816326,-0.8858806462768266,0.6403386864298481,2.6207985452183373
0.7346938775510203,6.6959183673469385,-0.868584717021255,0.6702104931371025,2.6438562188856696
0.7346938775510203,6.836734693877551,-0.8518789953918784,0.6988459908310102,2.66576967874377
0.7346938775510203,6.977551020408163,-0.8357280298509597,0.7263197736195077,2.686627492536175
0.7346938775510203,7.118367346938776,-0.8200992610661634,0.752701055673221,2.706508864614961
0.7346938775510203,7.259183673469387,-0.8049627403376323,0.778054025303057,2.725484892168427
0.7346938775510203,7.4,-0.7902908795311673,0.8024381849721396,2.743619610138329
0.7551020408163265,0.5,-0.7414565130170683,0.5833782070655407,2.970585018190374
0.7551020408163265,0.6408163265306123,-0.8264955776812088,0.513005275815612,2.903650222215294
0.7551020408163265,0.7816326530612245,-0.9132805532569815,0.46077344507034074,2.8341449229330684
0.7551020408163265,0.9224489795918367,-1.001886810161895,0.4169500792497582,2.7617518957441196
0.7551020408163265,1.063265306122449,-1.0922927819128145,0.37620579967632173,2.6860878307271
0.7551020408163265,1.2040816326530612,-1.1843315006092707,0.3356574426911437,2.606688453787829
0.7551020408163265,1.3448979591836734,-1.2776075259243715,0.29374062755890207,2.52298744267829
0.7551020408163265,1.4857142857142858,-1.371371244999722,0.2496056063149337,2.4342872682232213
0.7551020408163265,1.626530612244898,-1.464344860458027,0.2028055635148253,2.339718770323862
0.7551020408163265,1.76734693877551,-1.5545116818587366,0.15314472241950808,2.2381845957858877
0.7551020408163265,1.9081632653061225,-1.6389263953348103,0.10061711573952249,2.128279401479668
0.7551020408163265,2.0489795918367344,-1.7136876883509187,0.04540368469093498,2.008177198324202
0.7551020408163265,2.1897959183673468,-1.7742990698527124,-0.012085759042928437,1.875475824487621
0.7551020408163265,2.330612244897959,-1.8165912402966486,-0.0711299736643964,1.7270010174288504
0.7551020408163265,2.4714285714285715,-1.8380231652835743,-0.1305759634917957,1.5586446886546457
0.7551020408163265,2.6122448979591835,-1.8386746969761534,-0.18869450716246972,1.365645144608852
0.7551020408163265,2.753061224489796,-1.8212203184368363,-0.243053452179056,1.1451910378697199
0.7551020408163265,2.8938775510204082,-1.7899042099895792,-0.2904995510199744,0.9091113577979798
0.7551020408163265,3.03469387755102,-1.749244064968485,-0.32738851207502395,0.724350888757774
0.7551020408163265,3.1755102040816325,-1.7031332801896206,-0.35018070885569275,0.7189556930218951
0.7551020408163265,3.316326530612245,-1.6545020946609295,-0.3563346439723368,0.8831767747834149
0.7551020408163265,3.457142857142857,-1.6053563529258061,-0.3451261672325243,1.0888635485683484
0.7551020408163265,3.5979591836734692,-1.5569703695858574,-0.317900578192547,1.2764027143609193
0.7551020408163265,3.7387755102040816,-1.5100969874280217,-0.27758444794460607,1.436446476695308
0.7551020408163265,3.8795918367346935,-1.4651402602714956,-0.22778373670479382,1.5722496456632233
0.7551020408163265,4.020408163265306,-1.4222809142750732,-0.1719644185894686,1.6885550627296062
0.7551020408163265,4.161224489795918,-1.381561717070375,-0.11298607493508181,1.7893795264912153
0.7551020408163265,4.302040816326531,-1.3429433930052839,-0.052973180918491396,1.8778138632623598
0.7551020408163265,4.442857142857143,-1.3063403617134364,0.006614775670887569,1.9561960628305795
0.7551020408163265,4.5836734693877546,-1.2716431644133301,0.06484013589950763,2.0263047529616136
0.7551020408163265,4.724489795918367,-1.2387322909065401,0.12114219509964368,2.0895106262412573
0.7551020408163265,4.865306122448979,-1.2074865142407019,0.17521851753153522,2.1468857630792906
0.7551020408163265,5.006122448979592,-1.1777877673132797,0.22693691450480918,2.1992810638416143
0.7551020408163265,5.146938775510204,-1.149523830059812,0.27627392782345683,2.247381269760703
0.7551020408163265,5.2877551020408164,-1.1225896709964802,0.3232731937135088,2.2917444478547155
0.7551020408163265,5.428571428571429,-1.0968879613911717,0.368017835117345,2.332830690242959
0.7551020408163265,5.56938775510204,-1.0723290784644983,0.41061259603477324,2.371023323960443
0.7551020408163265,5.710204081632653,-1.0488308371469117,0.45117232200046237,2.406644756659435
0.7551020408163265,5.851020408163265,-1.026318057176176,0.48981474113300333,2.4399685061765997
0.7551020408163265,5.9918367346938775,-1.00472205781729,0.5266560201410606,2.4712284385322945
0.7551020408163265,6.13265306122449,-0.9839801308711837,0.5618081315245346,2.50062594802722
0.7551020408163265,6.273469387755102,-0.9640350128369561,0.5953774212782151,2.5283356085061883
0.7551020408163265,6.414285714285714,-0.9448343955268607,0.6274638703394385,2.5545096442302273
0.7551020408163265,6.555102040816326,-0.9263304555154326,0.6581608801721923,2.579281527607484
0.7551020408163265,6.6959183673469385,-0.9084794232190727,0.6875553453490246,2.602768888871982
0.7551020408163265,6.836734693877551,-0.891241198056966,0.7157278640617322,2.6250758756679495
0.7551020408163265,6.977551020408163,-0.874578990856613,0.7427530849992139,2.646295103823492
0.7551020408163265,7.118367346938776,-0.8584590028116533,0.7687000943221146,2.666509270814124
0.7551020408163265,7.259183673469387,-0.8428501417682931,0.7936327957954673,2.68579248854268
0.7551020408163265,7.4,-0.8277237625635852,0.8176103211577965,2.704211414287052
0.7755102040816326,0.5,-0.7401678848534397,0.5831433443286549,2.9715042848412807
0.7755102040816326,0.6408163265306123,-0.8244931810427825,0.5116508370565744,2.9050922947408693
0.7755102040816326,0.7816326530612245,-0.9104309035458585,0.45809843406820777,2.836244735637175
0.7755102040816326,0.9224489795918367,-0.9980807458174903,0.41284694047945386,2.7646635401538315
0.7755102040816326,1.063265306122449,-1.08746525824465,0.3706015084375126,2.6899900800305097
0.7755102040816326,1.2040816326530612,-1.1784931695905392,0.3284836250587264,2.611791680248332
0.7755102040816326,1.3448979591836734,-1.2708933803306468,0.2849211756615856,2.5295426708488735
0.7755102040816326,1.4857142857142858,-1.3641123627865384,0.23905339259303768,2.4425983244933946
0.7755102040816326,1.626530612244898,-1.4571668687737687,0.190424517536838,2.3501588656508856
0.7755102040816326,1.76734693877551,-1.5484526636292397,0.13883638610052976,2.25121922368246
0.7755102040816326,1.9081632653061225,-1.6355392813258287,0.08429282638710274,2.1444980815951427
0.7755102040816326,2.0489795918367344,-1.7150439527343062,0.027005186379297334,2.0283369540197365
0.7755102040816326,2.1897959183673468,-1.7827677617406161,-0.0325531080183733,1.9005575248742261
0.7755102040816326,2.330612244897959,-1.834313786865179,-0.09354597273987886,1.7582686088857546
0.7755102040816326,2.4714285714285715,-1.8662209283670188,-0.15463173204905062,1.5976475500788188
0.7755102040816326,2.6122448979591835,-1.8771829118644527,-0.21379792487911298,1.4138928539383684
0.7755102040816326,2.753061224489796,-1.868584374097835,-0.2682330234420751,1.202342441033449
0.7755102040816326,2.8938775510204082,-1.84394978935143,-0.31435775749839895,0.9652775023117773
0.7755102040816326,3.03469387755102,-1.8077199067107321,-0.3481877454268749,0.7402621253042992
0.7755102040816326,3.1755102040816325,-1.7641230794439,-0.36612902833871486,0.6473273653014672
0.7755102040816326,3.316326530612245,-1.7165646707194455,-0.36602386384526464,0.7623195213247921
0.7755102040816326,3.457142857142857,-1.6674959147920665,-0.3479155940407728,0.9681531945563041
0.7755102040816326,3.5979591836734692,-1.6185419274089832,-0.314020601348826,1.1685688512873738
0.7755102040816326,3.7387755102040816,-1.5707071073497125,-0.267927518386901,1.3411222689120803
0.7755102040816326,3.8795918367346935,-1.524566082865082,-0.2135540950509614,1.4869639998808182
0.7755102040816326,4.020408163265306,-1.4804110856802515,-0.15437736863144627,1.6110759439921074
0.7755102040816326,4.161224489795918,-1.4383557763170538,-0.09309689845605781,1.7180038424981192
0.7755102040816326,4.302040816326531,-1.3984047688986498,-0.031619516106087556,1.8112814177378787
0.7755102040816326,4.442857142857143,-1.360498778299866,0.028804572574624147,1.8935706436167152
0.7755102040816326,4.5836734693877546,-1.32454333251713,0.0874118188456851,1.9668808367097215
0.7755102040816326,4.724489795918367,-1.290426722624238,0.14377580602454737,2.0327474985839085
0.7755102040816326,4.865306122448979,-1.2580310133498767,0.19769331426299708,2.0923620351373677
0.7755102040816326,5.006122448979592,-1.22723864717031,0.24910367170271305,2.146663168414851
0.7755102040816326,5.146938775510204,-1.1979362403285616,0.298034229872635,2.1964013693040267
0.7755102040816326,5.2877551020408164,-1.170016644156127,0.3445643729320954,2.2421846852451512
0.7755102040816326,5.428571428571429,-1.1433798911562676,0.3888022870608556,2.28451180578808
0.7755102040816326,5.56938775510204,-1.1179335025592394,0.4308701501482381,2.3237962602188333
0.7755102040816326,5.710204081632653,-1.0935923870882684,0.4708948922688174,2.360384397252486
0.7755102040816326,5.851020408163265,-1.070278516327752,0.5090025471090529,2.3945689299831474
0.7755102040816326,5.9918367346938775,-1.0479204828902227,0.5453149187662497,2.4265992759197244
0.7755102040816326,6.13265306122449,-1.0264529994691747,0.57994775728359,2.456689556873941
0.7755102040816326,6.273469387755102,-1.005816397642367,0.6130098382558247,2.4850248442704257
0.7755102040816326,6.414285714285714,-0.9859561297498649,0.644602654497563,2.511766101447943
0.7755102040816326,6.555102040816326,-0.9668223014970179,0.674820457265794,2.5370541241501217
0.7755102040816326,6.6959183673469385,-0.9483692339550519,0.7037505198486385,2.561012719907204
0.7755102040816326,6.836734693877551,-0.9305550636758657,0.7314735113821283,2.5837512869580723
0.7755102040816326,6.977551020408163,-0.9133413777550613,0.7580639286650899,2.6053669267856767
0.7755102040816326,7.118367346938776,-0.8966928836666623,0.7835905501985339,2.6259461870238976
0.7755102040816326,7.259183673469387,-0.8805771105809109,0.8081168811749484,2.645566506504332
0.7755102040816326,7.4,-0.8649641427522055,0.8317015916959088,2.664297428020131
0.7959183673469387,0.5,-0.7388870952533255,0.5829316737636348,2.9724184243545735
0.7959183673469387,0.6408163265306123,-0.8225048789650672,0.5103351827564858,2.9065242471260126
0.7959183673469387,0.7816326530612245,-0.90760256112031,0.4554750927045106,2.8383266042542465
0.7959183673469387,0.9224489795918367,-0.9943016203977414,0.4088041693692551,2.767545534966137
0.7959183673469387,1.063265306122449,-1.0826633863662156,0.36506182836697376,2.6938456969650852
0.7959183673469387,1.2040816326530612,-1.17266234834849,0.3213742584258837,2.6168241397502174
0.7959183673469387,1.3448979591836734,-1.2641347197971404,0.2761616440946041,2.535993299520871
0.7959183673469387,1.4857142857142858,-1.3566961130201416,0.22855220564769327,2.450757756848529
0.7959183673469387,1.626530612244898,-1.449619455655073,0.1780814284686602,2.3603822897281757
0.7959183673469387,1.76734693877551,-1.5416674318310217,0.12454953641059495,2.2639474214518835
0.7959183673469387,1.9081632653061225,-1.630890344919625,0.06797225605045579,2.160286722469925
0.7959183673469387,2.0489795918367344,-1.714443488838915,0.008596038457561107,2.047897317928508
0.7959183673469387,2.1897959183673468,-1.788556177967458,-0.05303282235816211,1.9248116351444426
0.7959183673469387,2.330612244897959,-1.8488645794344976,-0.1159468051670093,1.7884165775395653
0.7959183673469387,2.4714285714285715,-1.8912768671744338,-0.17858882868327838,1.635218320407199
0.7959183673469387,2.6122448979591835,-1.9132153967809318,-0.2386261138537322,1.4606320762846734
0.7959183673469387,2.753061224489796,-1.9146032306621517,-0.29282870624943597,1.2592816356100316
0.7959183673469387,2.8938775510204082,-1.8979051988382014,-0.33717478800185463,1.0282065805297946
0.7959183673469387,3.03469387755102,-1.867191854531355,-0.3673845631501442,0.7833650289357399
0.7959183673469387,3.1755102040816325,-1.8268891105861764,-0.3799389175016384,0.61065998316989
0.7959183673469387,3.316326530612245,-1.780873207444008,-0.3732383612211379,0.646437809641655
0.7959183673469387,3.457142857142857,-1.7321015280158127,-0.3482142341219029,0.8379319570471796
0.7959183673469387,3.5979591836734692,-1.6826240137570518,-0.3079475135338769,1.0503790373538366
0.7959183673469387,3.7387755102040816,-1.633759895569295,-0.25657817406228783,1.2372721889792608
0.7959183673469387,3.8795918367346935,-1.5863008513187369,-0.19820082184267349,1.3949221424301406
0.7959183673469387,4.020408163265306,-1.540681996843143,-0.13620422152799536,1.5281907472509333
0.7959183673469387,4.161224489795918,-1.4971079345865053,-0.07307820602677634,1.6422155564695984
0.7959183673469387,4.302040816326531,-1.4556394239975852,-0.010499255886184406,1.741073120390422
0.7959183673469387,4.442857142857143,-1.4162506274391136,0.05048462906326981,1.8278264061720655
0.7959183673469387,4.5836734693877546,-1.378865973689429,0.1092694745327949,1.9047684103512066
0.7959183673469387,4.724489795918367,-1.3433834608858675,0.165547734164811,1.9736352098715668
0.7959183673469387,4.865306122448979,-1.3096891397972223,0.2192018500394018,2.035761854353056
0.7959183673469387,5.006122448979592,-1.2776659394650496,0.27023177575505775,2.092191716426009
0.7959183673469387,5.146938775510204,-1.2471988888672991,0.3187072604134583,2.1437528568421658
0.7959183673469387,5.2877551020408164,-1.2181780729537721,0.36473716556166785,2.191111848389292
0.7959183673469387,5.428571428571429,-1.1905001595803364,0.40845002841471895,2.2348122188932744
0.7959183673469387,5.56938775510204,-1.1640690529191378,0.4499820205322732,2.275302361393922
0.7959183673469387,5.710204081632653,-1.1387960110268192,0.4894696171086499,2.3129560941338485
0.7959183673469387,5.851020408163265,-1.1145994511640385,0.5270452860609494,2.3480880360402225
0.7959183673469387,5.9918367346938775,-1.0914045760007034,0.562835107560898,2.38096527367373
0.7959183673469387,6.13265306122449,-1.0691429163741464,0.5969575788081379,2.411816317310213
0.7959183673469387,6.273469387755102,-1.0477518411462736,0.6295231647105515,2.440838068667679
0.7959183673469387,6.414285714285714,-1.0271740620816046,0.6606343028775002,2.4682012962261477
0.7959183673469387,6.555102040816326,-1.0073571570141577,0.6903856819616514,2.494054991459072
0.7959183673469387,6.6959183673469385,-0.988253122813827,0.718864655901054,2.518529857546443
0.7959183673469387,6.836734693877551,-0.9698179612222573,0.7461517324324939,2.5417411340076637
0.7959183673469387,6.977551020408163,-0.9520112993997178,0.7723210852573422,2.5637909006374398
0.7959183673469387,7.118367346938776,-0.9347960454629568,0.7974410655122047,2.5847699722879227
0.7959183673469387,7.259183673469387,-0.9181380754698837,0.8215746856720657,2.6047594643032985
0.7959183673469387,7.4,-0.9020059555702492,0.8447801068563492,2.6238321034463388
0.8163265306122448,0.5,-0.7376140975144769,0.5827430571532679,2.9733274731106962
0.8163265306122448,0.6408163265306123,-0.8205306067416454,0.5090583316682247,2.9079461717856123
0.8163265306122448,0.7816326530612245,-0.9047955427893652,0.45290384844658194,2.8403907322507593
0.8163265306122448,0.9224489795918367,-0.9905498690916772,0.4048228248289406,2.7703982869074317
0.8163265306122448,1.063265306122449,-1.0778888807367597,0.35958862247791124,2.6976554403365127
0.8163265306122448,1.2040816326530612,-1.1668439131050312,0.31433214380771834,2.6217871771248817
0.8163265306122448,1.3448979591836734,-1.2573432327250726,0.26746587985361026,2.5423416199700513
0.8163265306122448,1.4857142857142858,-1.3491472560948612,0.218107031809943,2.4587693483568707
0.8163265306122448,1.626530612244898,-1.4417495251897994,0.1657825316572507,2.3703951245831085
0.8163265306122448,1.76734693877551,-1.534234484685467,0.11029183443598842,2.2763787224664043
0.8163265306122448,1.9081632653061225,-1.6250908012614749,0.05166489617957861,2.175659826709263
0.8163265306122448,2.0489795918367344,-1.7120052611142293,-0.009811548193591275,2.0668793574108126
0.8163265306122448,2.1897959183673468,-1.791720908648062,-0.07350805303772111,1.9482659289784543
0.8163265306122448,2.330612244897959,-1.860131548409039,-0.1383072105463252,1.8174719832235025
0.8163265306122448,2.4714285714285715,-1.9128344128890065,-0.20240713667854732,1.6713449492832433
0.8163265306122448,2.6122448979591835,-1.9462115129441773,-0.26311525399016433,1.5056509604297796
0.8163265306122448,2.753061224489796,-1.9586706320187004,-0.3167456947372844,1.314958720254751
0.8163265306122448,2.8938775510204082,-1.951292824842497,-0.358829487758824,1.0938484990075426
0.8163265306122448,3.03469387755102,-1.9274041215070095,-0.384861310683696,0.8451675864174436
0.8163265306122448,3.1755102040816325,-1.8913959959055413,-0.3915516640457404,0.6162237590589352
0.8163265306122448,3.316326530612245,-1.847558224282695,-0.3780321392511631,0.5500353552485007
0.8163265306122448,3.457142857142857,-1.7994044356575547,-0.34620323901742805,0.7003064559538859
0.8163265306122448,3.5979591836734692,-1.749494820200891,-0.2999552793962469,0.9202780712729373
0.8163265306122448,3.7387755102040816,-1.6995436226358902,-0.2438455432677454,1.1232248228546429
0.8163265306122448,3.8795918367346935,-1.6506207454020747,-0.18201781585750043,1.2948412394066335
0.8163265306122448,4.020408163265306,-1.6033460774627497,-0.11769411560181917,1.4389554722154645
0.8163265306122448,4.161224489795918,-1.5580419524451512,-0.05312398168935726,1.5613110191929842
0.8163265306122448,4.302040816326531,-1.5148415265050774,0.010247237002339402,1.666651103538335
0.8163265306122448,4.442857142857143,-1.473761754316019,0.07156117939485987,1.7585412391428497
0.8163265306122448,4.5836734693877546,-1.4347509594220482,0.13035740690914455,1.8396280551703428
0.8163265306122448,4.724489795918367,-1.397719181250688,0.18643227466106435,1.9118948775491142
0.8163265306122448,4.865306122448979,-1.3625572051486654,0.23974157797293413,1.9768517141059916
0.8163265306122448,5.006122448979592,-1.3291482881255754,0.29033631552921935,2.0356679428941393
0.8163265306122448,5.146938775510204,-1.297375216126455,0.3383214523065152,2.089264088774886
0.8163265306122448,5.2877551020408164,-1.2671244121875052,0.38382999856277533,2.1383758153869605
0.8163265306122448,5.428571428571429,-1.2382881807056778,0.4270069601183499,2.183599154931229
0.8163265306122448,5.56938775510204,-1.2107658026350765,0.46799965547302325,2.22542302172544
0.8163265306122448,5.710204081632653,-1.1844639122534881,0.5069520393786606,2.2642529574550725
0.8163265306122448,5.851020408163265,-1.15929646242259,0.544001502193112,2.3004287302036053
0.8163265306122448,5.9918367346938775,-1.1351844349020004,0.5792772714367126,2.334237595622108
0.8163265306122448,6.13265306122449,-1.1120554126466775,0.6128997918101524,2.365924425403203
0.8163265306122448,6.273469387755102,-1.089843115879427,0.6449806100976115,2.3956995055123995
0.8163265306122448,6.414285714285714,-1.0684868946729078,0.6756226740271325,2.4237446632117923
0.8163265306122448,6.555102040816326,-1.0479312436678108,0.7049207818313846,2.4502180964908358
0.8163265306122448,6.6959183673469385,-1.0281253372746064,0.7329621280672546,2.4752582314885423
0.8163265306122448,6.836734693877551,-1.0090225959523138,0.7598268821072894,2.498986830894327
0.8163265306122448,6.977551020408163,-0.9905802870573102,0.7855887658258012,2.5215115195239095
0.8163265306122448,7.118367346938776,-0.9727591617644591,0.8103156257582159,2.542927852949279
0.8163265306122448,7.259183673469387,-0.9555231197078525,0.8340698811263546,2.5633210250637384
0.8163265306122448,7.4,-0.9388389178857333,0.8569091130863531,2.582767283197095
0.836734693877551,0.5,-0.7363488448324932,0.5825773505885786,2.974231467183182
0.836734693877551,0.6408163265306123,-0.8185702975092245,0.5078202893367403,2.9093581601338796
0.836734693877551,0.7816326530612245,-0.9020098530107638,0.4503851087233802,2.8424373203231084
0.836734693877551,0.9224489795918367,-0.9868258785255588,0.40090394136512,2.7732221959696504
0.836734693877551,1.063265306122449,-1.0731433027209782,0.35418373436293493,2.7014200541067552
0.836734693877551,1.2040816326530612,-1.1610423300409916,0.3073600877319347,2.626682106874275
0.836734693877551,1.3448979591836734,-1.25052965626682,0.2588377743316135,2.5485898654540446
0.836734693877551,1.4857142857142858,-1.341488660716542,0.20772296512816138,2.466636777644079
0.836734693877551,1.626530612244898,-1.4336009364120994,0.15353425803028364,2.380203277011093
0.836734693877551,1.76734693877551,-1.526229143125176,0.09607126463211528,2.28852239498795
0.836734693877551,1.9081632653061225,-1.6182530448514427,0.03538073586083689,2.19063158000516
0.836734693877551,2.0489795918367344,-1.7078640284743498,-0.02820459062190051,2.0853040456860064
0.836734693877551,2.1897959183673468,-1.7923616919431418,-0.09396071691690284,1.9709494665937148
0.836734693877551,2.330612244897959,-1.8680716828921047,-0.16059994728550603,1.8454689215735074
0.836734693877551,2.4714285714285715,-1.9305960044475927,-0.22604347245289963,1.7060444666386956
0.836734693877551,2.6122448979591835,-1.975602999398598,-0.2871975270548834,1.5488510812617797
0.836734693877551,2.753061224489796,-2.000083662445347,-0.339886291976985,1.3687563868971313
0.836734693877551,2.8938775510204082,-2.003488213191344,-0.3792045580972788,1.1595138247151473
0.836734693877551,3.03469387755102,-1.9879662045021027,-0.4005188724212037,0.9172321661779639
0.836734693877551,3.1755102040816325,-1.957524338350423,-0.4009442289591841,0.6602974796559348
0.836734693877551,3.316326530612245,-1.9167216020729565,-0.38050111313681406,0.4931202693035761
0.836734693877551,3.457142857142857,-1.8696482997433503,-0.34209285354784563,0.5625377608981245
0.836734693877551,3.5979591836734692,-1.8194680798880976,-0.2903216890584434,0.7771648898596046
0.836734693877551,3.7387755102040816,-1.7683910783552856,-0.23001831680773427,0.9969322630774353
0.836734693877551,3.8795918367346935,-1.7178465306979123,-0.16526357126859126,1.1850847830953783
0.836734693877551,4.020408163265306,-1.6686957207419406,-0.09905579392443489,1.3421769763370575
0.836734693877551,4.161224489795918,-1.6214150085172252,-0.033389665086828904,1.4744166165448762
0.836734693877551,4.302040816326531,-1.5762317822300356,0.030512877245461843,1.5873594987514263
0.836734693877551,4.442857142857143,-1.5332181338763136,0.09196743540905718,1.6852087137423417
0.836734693877551,4.5836734693877546,-1.492352698494017,0.15064083277375512,1.7710582922654774
0.836734693877551,4.724489795918367,-1.4535604038737104,0.20641937876853428,1.8472006828171716
0.836734693877551,4.865306122448979,-1.4167375393224153,0.2593212326616347,1.9153617271517336
0.836734693877551,5.006122448979592,-1.3817673010273686,0.30944015237006994,1.9768642744961924
0.836734693877551,5.146938775510204,-1.3485292379275622,0.3569102096676495,2.032740167480743
0.836734693877551,5.2877551020408164,-1.316904841486458,0.40188410880157477,2.0838073902915553
0.836734693877551,5.428571428571429,-1.286780691016193,0.4445201075055739,2.1307239675775773
0.836734693877551,5.56938775510204,-1.2580501009710925,0.48497433786834826,2.174026267649652
0.836734693877551,5.710204081632653,-1.230613817784173,0.5233965229673877,2.2141567065562078
0.836734693877551,5.851020408163265,-1.2043801592276604,0.5599277477354855,2.251484104475043
0.836734693877551,5.9918367346938775,-1.1792648176748441,0.5946995107155602,2.2863188922353026
0.836734693877551,6.13265306122449,-1.1551904789634804,0.6278335296669663,2.3189246250481843
0.836734693877551,6.273469387755102,-1.1320863576986864,0.659441966200771,2.3495268175469857
0.836734693877551,6.414285714285714,-1.1098876827939776,0.6896279260897725,2.378319820542751
0.836734693877551,6.555102040816326,-1.088535190017942,0.7184860611115391,2.4054722194987224
0.836734693877551,6.6959183673469385,-1.0679746328401696,0.7461032389775695,2.4311311244288243
0.836734693877551,6.836734693877551,-1.0481563148544755,0.7725591153536429,2.4554256098077296
0.836734693877551,6.977551020408163,-1.0290346719535304,0.7979268818218522,2.4784694980669757
0.836734693877551,7.118367346938776,-1.0105678753123097,0.822273774518669,2.5003636303541796
0.836734693877551,7.259183673469387,-0.9927174782184175,0.8456616407608318,2.521197734164445
0.836734693877551,7.4,-0.9754480941200107,0.8681474326850099,2.541051965832521
0.8571428571428571,0.5,-0.7350912903356089,0.5824344074236264,2.9751304423491307
0.8571428571428571,0.6408163265306123,-0.8166238823907528,0.5066210495219536,2.910760302601864
0.8571428571428571,0.7816326530612245,-0.8992454846006487,0.4479192583153272,2.844466566438907
0.8571428571428571,0.9224489795918367,-0.9831299896931249,0.39704852783389205,2.7760176555329026
0.8571428571428571,1.063265306122449,-1.0684280702217026,0.3488489929218762,2.7051402676990794
0.8571428571428571,1.2040816326530612,-1.1552616810135534,0.30046089878324767,2.6315102138607775
0.8571428571428571,1.3448979591836734,-1.2437038301915626,0.25028126120732863,2.5547402124995724
0.8571428571428571,1.4857142857142858,-1.3337413748156284,0.19740520431258438,2.4743636206311486
0.8571428571428571,1.626530612244898,-1.4252144616446567,0.14134323380600425,2.389812479249202
0.8571428571428571,1.76734693877551,-1.5177229232026996,0.08189614147544345,2.3003874338576042
0.8571428571428571,1.9081632653061225,-1.6104883843931486,0.019130278516486427,2.205215802045876
0.8571428571428571,2.0489795918367344,-1.7021654023051216,-0.046569298448471394,2.1031920588902464
0.8571428571428571,2.1897959183673468,-1.7906158415947595,-0.11437144767279354,1.9928918548230183
0.8571428571428571,2.330612244897959,-1.872714230383161,-0.18279571860370705,1.872445815534535
0.8571428571428571,2.4714285714285715,-1.9443463866801005,-0.24945156336534138,1.7393528989930023
0.8571428571428571,2.6122448979591835,-2.0008502412441893,-0.3108014319937661,1.5902089234962626
0.8571428571428571,2.753061224489796,-2.038061913903724,-0.3621512535236232,1.4203484378059434
0.8571428571428571,2.8938775510204082,-2.053701944853374,-0.39818963965838283,1.223577656394586
0.8571428571428571,3.03469387755102,-2.048309592396956,-0.4142805888915181,0.993200019354399
0.8571428571428571,3.1755102040816325,-2.025028059722336,-0.4081302055317884,0.7309639855425346
0.8571428571428571,3.316326530612245,-1.988409984459776,-0.3807775139576086,0.4910026410426903
0.8571428571428571,3.457142857142857,-1.9430799157408538,-0.33611174896485496,0.44190720167051145
0.8571428571428571,3.5979591836734692,-1.892895511545776,-0.27931810114272443,0.6219327827252912
0.8571428571428571,3.7387755102040816,-1.8406876196001511,-0.215359124339718,0.856029885204661
0.8571428571428571,3.8795918367346935,-1.7883529570161518,-0.14816088275459952,1.0635527635848245
0.8571428571428571,4.020408163265306,-1.7370717568518959,-0.0804610957593237,1.2363258327270656
0.8571428571428571,4.161224489795918,-1.687524339193014,-0.013997495395354487,1.380432572157002
0.8571428571428571,4.302040816326531,-1.640062097088762,0.050218104872957886,1.5023888005449577
0.8571428571428571,4.442857142857143,-1.5948287687455152,0.11165821330779278,1.6072149593688452
0.8571428571428571,4.5836734693877546,-1.5518416073517105,0.17010124774203936,1.6985800887543472
0.8571428571428571,4.724489795918367,-1.5110438862966484,0.2255107995124525,1.7791691368365519
0.8571428571428571,4.865306122448979,-1.4723381069504489,0.27795774995673284,1.850977973029001
0.8571428571428571,5.006122448979592,-1.435606635102985,0.3275715016587834,1.9155187220594534
0.8571428571428571,5.146938775510204,-1.4007242792109653,0.3745100838931654,1.9739587491457538
0.8571428571428571,5.2877551020408164,-1.3675657972542647,0.41894218467048305,2.027215104697002
0.8571428571428571,5.428571428571429,-1.3360101882877113,0.4610366237595733,2.0760196476684767
0.8571428571428571,5.56938775510204,-1.3059430061114938,0.5009564324135001,2.1209647679576697
0.8571428571428571,5.710204081632653,-1.2772574434944843,0.5388557281319692,2.1625360698420115
0.8571428571428571,5.851020408163265,-1.2498546747895793,0.5748782907004469,2.2011361562857203
0.8571428571428571,5.9918367346938775,-1.2236437552278316,0.60915715796015,2.2371022322193284
0.8571428571428571,6.13265306122449,-1.19854127317843,0.6418148053849326,2.270719326090842
0.8571428571428571,6.273469387755102,-1.174470880804549,0.6729636253100703,2.3022303604834233
0.8571428571428571,6.414285714285714,-1.1513627562659956,0.7027066262595602,2.331843937848524
0.8571428571428571,6.555102040816326,-1.1291530544116457,0.7311380705665149,2.3597404160215114
0.8571428571428571,6.6959183673469385,-1.107783386878483,0.7583443362911254,2.3860767097331346
0.8571428571428571,6.836734693877551,-1.0872003134990917,0.7844045412907665,2.410990120897081
0.8571428571428571,6.977551020408163,-1.0673548783624756,0.809391232598691,2.434601424078964
0.8571428571428571,7.118367346938776,-1.0482021828315498,0.8333710027218569,2.4570173726441515
0.8571428571428571,7.259183673469387,-1.0297009974643756,0.8564050543759018,2.4783327518326903
0.8571428571428571,7.4,-1.0118134102701286,0.8785497074371404,2.498632068981788
0.8775510204081632,0.5,-0.7338413870805276,0.5823140761279713,2.9760244340880018
0.8775510204081632,0.6408163265306123,-0.8146912906211358,0.5054605939993455,2.9121526886485185
0.8775510204081632,0.7816326530612245,-0.8965024194243273,0.44550666018496865,2.8464786658801486
0.8775510204081632,0.9224489795918367,-0.9794625007355332,0.3932575662938822,2.778785052486019
0.8775510204081632,1.063265306122449,-1.0637444667899876,0.34358620438391413,2.7088167962998795
0.8775510204081632,1.2040816326530612,-1.1495056882147585,0.29363738399887557,2.6362727539669826
0.8775510204081632,1.3448979591836734,-1.2368747501688964,0.24180030841771077,2.560794782045617
0.8775510204081632,1.4857142857142858,-1.3259247062124335,0.18715904819042747,2.4819533525332784
0.8775510204081632,1.626530612244898,-1.4166278001991726,0.1292162795740297,2.399228290413842
0.8775510204081632,1.76734693877551,-1.508783092674999,0.06777510524072809,2.3119825559793155
0.8775510204081632,1.9081632653061225,-1.6019051484549023,0.002924557098944364,2.2194259129802996
0.8775510204081632,2.0489795918367344,-1.6950610516885791,-0.06489104667989032,2.1205636391291907
0.8775510204081632,2.1897959183673468,-1.7866509989414774,-0.13471954357872531,2.0141227068537297
0.8775510204081632,2.330612244897959,-1.8741586235524268,-0.2048631114322941,1.8984434652343127
0.8775510204081632,2.4714285714285715,-1.9539709840304829,-0.27258207933157663,1.7713181596663328
0.8775510204081632,2.6122448979591835,-2.0214849150026213,-0.33385225983737793,1.6297490700251243
0.8775510204081632,2.753061224489796,-2.0717854083473686,-0.3834414096281963,1.4695969486938842
0.8775510204081632,2.8938775510204082,-2.1009750507908773,-0.4156845310425283,1.2851474275033197
0.8775510204081632,3.03469387755102,-2.107639745073469,-0.42609541555085684,1.0690316614187239
0.8775510204081632,3.1755102040816325,-2.0934751013691084,-0.4131588698329361,0.8153468265318028
0.8775510204081632,3.316326530612245,-2.062572277018259,-0.37902272891714184,0.5414576432844681
0.8775510204081632,3.457142857142857,-2.0199308778626848,-0.32849689324122777,0.36752022328309847
0.8775510204081632,3.5979591836734692,-1.9701665708798497,-0.267201606594043,0.4615877092325346
0.8775510204081632,3.7387755102040816,-1.9168801251505134,-0.20010162863546843,0.6983032156049749
0.8775510204081632,3.8795918367346935,-1.8625803105263767,-0.13089836939424496,0.9275695503031223
0.8775510204081632,4.020408163265306,-1.8088740070752913,-0.06204911119949137,1.1194161620272822
0.8775510204081632,4.161224489795918,-1.7567153658389403,0.00495835171231275,1.2779541252450328
0.8775510204081632,4.302040816326531,-1.7066210544959044,0.06930580839447895,1.4107268433394735
0.8775510204081632,4.442857142857143,-1.6588288376012432,0.13060544148562211,1.5238076644998502
0.8775510204081632,4.5836734693877546,-1.6134054239121032,0.18873267740729144,1.621616613080438
0.8775510204081632,4.724489795918367,-1.5703165932884682,0.24371709095237862,1.7073454040936162
0.8775510204081632,4.865306122448979,-1.5294715541133088,0.29567391354416106,1.7833329539481968
0.8775510204081632,5.006122448979592,-1.4907504429819443,0.3447621539948234,1.8513280430531056
0.8775510204081632,5.146938775510204,-1.4540210757443124,0.3911594343442008,1.9126650097713553
0.8775510204081632,5.2877551020408164,-1.4191489185829815,0.43504733646275995,1.9683814089691356
0.8775510204081632,5.428571428571429,-1.3860028332282,0.47660304447001217,2.019297898137146
0.8775510204081632,5.56938775510204,-1.3544582129940845,0.515994907188127,2.0660735663383307
0.8775510204081632,5.710204081632653,-1.3243985153913398,0.5533803053341939,2.109244986835353
0.8775510204081632,5.851020408163265,-1.2957158221761187,0.5889049121494301,2.14925432893858
0.8775510204081632,5.9918367346938775,-1.2683108406421435,0.6227027126058655,2.186469928865707
0.8775510204081632,6.13265306122449,-1.242092562805436,0.6548965441719661,2.221201635496136
0.8775510204081632,6.273469387755102,-1.2169777677678644,0.6855986833155882,2.2537123799378183
0.8775510204081632,6.414285714285714,-1.192890445177412,0.7149118038501507,2.2842270643642806
0.8775510204081632,6.555102040816326,-1.1697611875796607,0.7429297062029258,2.3129394501965583
0.8775510204081632,6.6959183673469385,-1.1475266034619198,0.7697381441957687,2.340017569991023
0.8775510204081632,6.836734693877551,-1.1261287577963668,0.7954155793291895,2.365608020670166
0.8775510204081632,6.977551020408163,-1.1055146522371067,0.8200338797476443,2.3898394045081006
0.8775510204081632,7.118367346938776,-1.0856357486768882,0.8436589577231567,2.4128251111773653
0.8775510204081632,7.259183673469387,-1.0664475363030106,0.8663513463728025,2.434665586361831
0.8775510204081632,7.4,-1.0479091409316446,0.8881667218935129,2.4554501974030614
0.8979591836734693,0.5,-0.7325990880839891,0.5822162037038182,2.9769134776061903
0.8979591836734693,0.6408163265306123,-0.8127724496668807,0.5043388923325584,2.9135354067712624
0.8979591836734693,0.7816326530612245,-0.8937806290427983,0.4431476549807084,2.848473811283546
0.8979591836734693,0.9224489795918367,-0.9758236695531965,0.3895320101150322,2.781524767338232
0.8979591836734693,1.063265306122449,-1.0590936502661683,0.3383971503342983,2.712450341157762
0.8979591836734693,1.2040816326530612,-1.1437777377289902,0.2868923451144871,2.640970954748232
0.8979591836734693,1.3448979591836734,-1.2300506206994732,0.23339892145247462,2.5667556407830747
0.8979591836734693,1.4857142857142858,-1.3180563100286173,0.17698989180020266,2.4894093499497596
0.8979591836734693,1.626530612244898,-1.4078756367515854,0.11716040824250386,2.4084560988529207
0.8979591836734693,1.76734693877551,-1.499472390521888,0.05371712988014001,2.323316198798997
0.8979591836734693,1.9081632653061225,-1.592607179547483,-0.013224852587519874,2.2332749111744925
0.8979591836734693,2.0489795918367344,-1.6867043477792463,-0.08315434190423969,2.1374384867447533
0.8979591836734693,2.1897959183673468,-1.7806569691626875,-0.15498291819189577,2.0346712533878923
0.8979591836734693,2.330612244897959,-1.87256744519242,-0.2267685556611269,1.9235036585025604
0.8979591836734693,2.4714285714285715,-1.9594662350088838,-0.2953827273251402,1.8019950827033862
0.8979591836734693,2.6122448979591835,-2.037153406284758,-0.3562727273752369,1.6675258715063404
0.8979591836734693,2.753061224489796,-2.100452788507196,-0.40365954157048184,1.5164816983644396
0.8979591836734693,2.8938775510204082,-2.144199081978168,-0.43160237222700293,1.3437978530529247
0.8979591836734693,3.03469387755102,-2.164891386002315,-0.4359400445545098,1.1424636450196488
0.8979591836734693,3.1755102040816325,-2.1621687947255306,-0.41611242664714604,0.9040202350728943
0.8979591836734693,3.316326530612245,-2.138993073436244,-0.37541931833232084,0.6268207326537718
0.8979591836734693,3.457142857142857,-2.1003834239776165,-0.3194846806011083,0.3654480002189483
0.8979591836734693,3.5979591836734692,-2.051702236839514,-0.2542096287441002,0.31785860871603994
0.8979591836734693,3.7387755102040816,-1.997486094699199,-0.18444976335675037,0.523533872912254
0.8979591836734693,3.8795918367346935,-1.9410484217087867,-0.11363313014998558,0.773874613878579
0.8979591836734693,4.020408163265306,-1.884574385116948,-0.04393050892864043,0.9888490060407942
0.8979591836734693,4.161224489795918,-1.8293915822928444,0.023407078414707048,1.1651611567984121
0.8979591836734693,4.302040816326531,-1.7762402297489222,0.08773698301363812,1.3110909063462666
0.8979591836734693,4.442857142857143,-1.7254829248564234,0.14879446077299424,1.4340542376798697
0.8979591836734693,4.5836734693877546,-1.6772500869894469,0.20653866987373704,1.5394666483685482
0.8979591836734693,4.724489795918367,-1.6315349298706856,0.2610552431198099,1.6311857976775472
0.8979591836734693,4.865306122448979,-1.5882533676745911,0.3124965660195123,1.7119936857894131
0.8979591836734693,5.006122448979592,-1.5472809169849944,0.3610460813041779,1.7839393523141711
0.8979591836734693,5.146938775510204,-1.5084750051100941,0.4068973922511165,1.8485655884664431
0.8979591836734693,5.2877551020408164,-1.471688167347017,0.4502423919794838,1.9070582148001314
0.8979591836734693,5.428571428571429,-1.4367756133678808,0.4912648049433466,1.9603457725903075
0.8979591836734693,5.56938775510204,-1.4035993561982163,0.5301370037941742,2.009167491490981
0.8979591836734693,5.710204081632653,-1.3720302520024439,0.5670187141002444,2.054120593831628
0.8979591836734693,5.851020408163265,-1.3419487901088374,0.6020568532915366,2.095693916537932
0.8979591836734693,5.9918367346938775,-1.3132451448899092,0.6353858620366319,2.1342922574079664
0.8979591836734693,6.13265306122449,-1.2858188463477411,0.6671285648658186,2.170254319049821
0.8979591836734693,6.273469387755102,-1.2595781980418486,0.6973969753300613,2.203866162608216
0.8979591836734693,6.414285714285714,-1.2344396180807307,0.7262932360411003,2.235371428344294
0.8979591836734693,6.555102040816326,-1.2103269479832333,0.7539105230739573,2.2649792120131984
0.8979591836734693,6.6959183673469385,-1.1871707754963206,0.7803339023933021,2.2928702091358546
0.8979591836734693,6.836734693877551,-1.164907792801941,0.8056411202540348,2.3192015609534864
0.8979591836734693,6.977551020408163,-1.1434802015135144,0.8299033267996547,2.3441107171749107
0.8979591836734693,7.118367346938776,-1.1228351687935634,0.8531857286429353,2.3677185434459345
0.8979591836734693,7.259183673469387,-1.1029243344894342,0.8755481756107769,2.390131843629287
0.8979591836734693,7.4,-1.0837033677424412,0.897045688373306,2.4114454246879298
0.9183673469387754,0.5,-0.7313643463250393,0.5821406331255471,2.977797607821117
0.9183673469387754,0.6408163265306123,-0.810867285336829,0.5032559013271108,2.9149085445141063
0.9183673469387754,0.7816326530612245,-0.8910800753311627,0.44084256062575844,2.850452192683328
0.9183673469387754,0.9224489795918367,-0.9722137163682298,0.385872784788476,2.7842371743608143
0.9183673469387754,1.063265306122449,-1.0544766609663692,0.33328358571592953,2.7160415898676904
0.9183673469387754,1.2040816326530612,-1.1380809019661131,0.28022857468668244,2.6456060160816732
0.9183673469387754,1.3448979591836734,-1.2232389060670543,0.2250811339909027,2.5726248024942606
0.9183673469387754,1.4857142857142858,-1.3101522803055299,0.1669032213237168,2.4967348930119417
0.9183673469387754,1.626530612244898,-1.3989897345867184,0.10518282061500553,2.4175011249691174
0.9183673469387754,1.76734693877551,-1.4898488863238093,0.03973152483834095,2.3343965210207966
0.9183673469387754,1.9081632653061225,-1.5826927056618005,-0.02930582039907235,2.2467753599922884
0.9183673469387754,2.0489795918367344,-1.6772466046770664,-0.10134279385788353,2.1538356911617913
0.9183673469387754,2.1897959183673468,-1.7728374005195087,-0.17513806204909213,2.054566068043803
0.9183673469387754,2.330612244897959,-1.8681554542189331,-0.24847630849994087,1.9476681931759714
0.9183673469387754,2.4714285714285715,-1.9609400089460616,-0.3177984192368021,1.8314419918632683
0.9183673469387754,2.6122448979591835,-2.0476535199363637,-0.37798378926835186,1.703611084916999
0.9183673469387754,2.753061224489796,-2.123355941967965,-0.422712472392194,1.5610533753350493
0.9183673469387754,2.8938775510204082,-2.182172618304596,-0.44587259162258375,1.3993869404805923
0.9183673469387754,3.03469387755102,-2.218703162034484,-0.4438197859928321,1.2123820574201865
0.9183673469387754,3.1755102040816325,-2.2300516671451915,-0.4171017363797482,0.9914707023343721
0.9183673469387754,3.316326530612245,-2.217191223493533,-0.3701629309189613,0.7277840031284751
0.9183673469387754,3.457142857142857,-2.184508972001642,-0.3093037230999207,0.43275203078405056
0.9183673469387754,3.5979591836734692,-2.137936428527151,-0.24055671639846063,0.23374328882219977
0.9183673469387754,3.7387755102040816,-2.083100869144851,-0.16857852707402965,0.33955785330568955
0.9183673469387754,3.8795918367346935,-2.0243731329977943,-0.09649399719211026,0.5991443338238286
0.9183673469387754,4.020408163265306,-1.9647329729854999,-0.02619172511554264,0.8412480064209215
0.9183673469387754,4.161224489795918,-1.9060264032779808,0.04129710734809681,1.0396679205970645
0.9183673469387754,4.302040816326531,-1.8493012086554166,0.10548707339527905,1.2018340155240774
0.9183673469387754,4.442857142857143,-1.7950879546671106,0.16622100813982787,1.3367853111182957
0.9183673469387754,4.5836734693877546,-1.7435996736493893,0.2235299357370931,1.4512697170810194
0.9183673469387754,4.724489795918367,-1.694862702935419,0.27754686809511064,1.550035458724871
0.9183673469387754,4.865306122448979,-1.6487986734978226,0.32845518348956076,1.6364468596944977
0.9183673469387754,5.006122448979592,-1.6052744752624313,0.37645843539981316,1.7129399743977816
0.9183673469387754,5.146938775510204,-1.5641320635256557,0.421763145291934,1.7813214284219594
0.9183673469387754,5.2877551020408164,-1.5252058548148566,0.4645693804297241,1.8429617064328079
0.9183673469387754,5.428571428571429,-1.4883325655453699,0.5050658992918359,1.8989218371800174
0.9183673469387754,5.56938775510204,-1.4533565135104134,0.5434280601189782,1.9500382652086898
0.9183673469387754,5.710204081632653,-1.42013219330526,0.5798171326167978,1.9969809962087088
0.9183673469387754,5.851020408163265,-1.3885252776731551,0.6143807294689843,2.040294348653996
0.9183673469387754,5.9918367346938775,-1.3584126813742494,0.6472534451236364,2.0804260982200513
0.9183673469387754,6.13265306122449,-1.3296821403134234,0.678557812735793,2.117748721607994
0.9183673469387754,6.273469387755102,-1.3022315140825607,0.7084053435077049,2.1525751679563374
0.9183673469387754,6.414285714285714,-1.2759679858768476,0.7368975371129166,2.1851707337664736
0.9183673469387754,6.555102040816326,-1.2508072348382662,0.7641268532541496,2.2157621441268653
0.9183673469387754,6.6959183673469385,-1.2266726286624385,0.790177603974993,2.2445445817804126
0.9183673469387754,6.836734693877551,-1.203494466096303,0.8151267789639004,2.271687200416261
0.9183673469387754,6.977551020408163,-1.181209277446577,0.8390447831707254,2.297337489002909
0.9183673469387754,7.118367346938776,-1.159759189029045,0.8619961001199317,2.321624765103474
0.9183673469387754,7.259183673469387,-1.1390913519693988,0.8840399046178757,2.3446629969332395
0.9183673469387754,7.4,-1.1191574249976877,0.905230527712244,2.36655310512395
0.9387755102040816,0.5,-0.7301371147628175,0.5820872040695714,2.978676859366653
0.9387755102040816,0.6408163265306123,-0.8089757219071052,0.5022115668268421,2.9162721884870795
0.9387755102040816,0.7816326530612245,-0.8884007110710634,0.4385916724345418,2.8524139975477154
0.9387755102040816,0.9224489795918367,-0.9686328259893787,0.38228078406748,2.7869226416656954
0.9387755102040816,1.063265306122449,-1.0498944294034536,0.3282472363498129,2.7195912166728005
0.9387755102040816,1.2040816326530612,-1.1324179608709481,0.27364885320002036,2.6501791109021986
0.9387755102040816,1.3448979591836734,-1.2164463800406142,0.21685100074679192,2.578404229306697
0.9387755102040816,1.4857142857142858,-1.3022272436551052,0.1569046084372392,2.503933167729967
0.9387755102040816,1.626530612244898,-1.3899990552888357,0.09329089732623487,2.42636842483194
0.9387755102040816,1.76734693877551,-1.479965955691316,0.0258279350412752,2.3452314053968886
0.9387755102040816,1.9081632653061225,-1.5722535603637746,-0.04530565328077464,2.2599393813398865
0.9387755102040816,2.0489795918367344,-1.666834020248475,-0.11943909917249337,2.1697736853896954
0.9387755102040816,2.1897959183673468,-1.763401956322582,-0.19516001557446305,2.0738348795175026
0.9387755102040816,2.330612244897959,-1.8611761616146782,-0.2699484697953084,1.970978201161011
0.9387755102040816,2.4714285714285715,-1.9586020281345387,-0.3397715319822105,1.859718359279149
0.9387755102040816,2.6122448979591835,-2.052957023916893,-0.39890563442219373,1.7380856438721162
0.9387755102040816,2.753061224489796,-2.1399602901845993,-0.44051329586252747,1.6034032388871797
0.9387755102040816,2.8938775510204082,-2.2137013055167674,-0.45844341653940235,1.451936993807394
0.9387755102040816,3.03469387755102,-2.2674372138286936,-0.44976813228690105,1.278351121977952
0.9387755102040816,3.1755102040816325,-2.2956045161499516,-0.4162609518836386,1.0749625920219437
0.9387755102040816,3.316326530612245,-2.2962720551093896,-0.3634547329825367,0.8314658654430189
0.9387755102040816,3.457142857142857,-2.272160438286871,-0.29816945357909047,0.540879323026284
0.9387755102040816,3.5979591836734692,-2.2292725996953284,-0.22643314820376267,0.24805122644973396
0.9387755102040816,3.7387755102040816,-2.1743981555705334,-0.15263580417515843,0.1774277174701994
0.9387755102040816,3.8795918367346935,-2.113284345630486,-0.07958499647467396,0.40267756309384417
0.9387755102040816,4.020408163265306,-2.050017207023617,-0.00889881600553074,0.6724627239570501
0.9387755102040816,4.161224489795918,-1.987176906296657,0.058592497988700275,0.8983397446465152
0.9387755102040816,4.302040816326531,-1.9262428081773435,0.12254297318782918,1.0808194590395177
0.9387755102040816,4.442857142857143,-1.8679750411451843,0.18288881440416208,1.2305195661267385
0.9387755102040816,4.5836734693877546,-1.8126945357410102,0.23972243247311453,1.3559607955246449
0.9387755102040816,4.724489795918367,-1.760466985322081,0.2932167441953679,1.4631001961172772
0.9387755102040816,4.865306122448979,-1.7112169038794596,0.3435808605541989,1.5560807155994925
0.9387755102040816,5.006122448979592,-1.6647959896071534,0.39103478264245034,1.6378453365138101
0.9387755102040816,5.146938775510204,-1.621023117846477,0.4357954013809267,1.7105394504050484
0.9387755102040816,5.2877551020408164,-1.5797071907471991,0.4780691783795372,1.7757664618683116
0.9387755102040816,5.428571428571429,-1.5406597707728478,0.518048687950215,1.8347519232249963
0.9387755102040816,5.56938775510204,-1.5037016940444399,0.5559113037544949,1.8884513726919259
0.9387755102040816,5.710204081632653,-1.4686662012516043,0.591819348802331,1.937622931265323
0.9387755102040816,5.851020408163265,-1.4354000277839907,0.6259206718029179,1.9828773944494977
0.9387755102040816,5.9918367346938775,-1.4037633868799957,0.6583496709181652,2.0247135660975464
0.9387755102040816,6.13265306122449,-1.3736293591899371,0.6892283969832724,2.0635437022717937
0.9387755102040816,6.273469387755102,-1.3448829748182856,0.7186677084248757,2.099712194361197
0.9387755102040816,6.414285714285714,-1.317420192806657,0.7467683600850766,2.1335095031625517
0.9387755102040816,6.555102040816326,-1.2911468660254897,0.7736220212559063,2.1651827193187274
0.9387755102040816,6.6959183673469385,-1.2659777481583794,0.7993122065827359,2.1949436780235234
0.9387755102040816,6.836734693877551,-1.2418355715029679,0.8239151178560695,2.2229752742158664
0.9387755102040816,6.977551020408163,-1.2186502062069984,0.8475004116891219,2.2494364308404124
0.9387755102040816,7.118367346938776,-1.1963578974291342,0.8701318088511398,2.2744660599291473
0.9387755102040816,7.259183673469387,-1.1749005944806785,0.8918677901009728,2.2981862302969107
0.9387755102040816,7.4,-1.1542253430645137,0.9127620635826764,2.3207047494446247
0.9591836734693877,0.5,-0.7289173463509587,0.5820557533857202,2.979551266598928
0.9591836734693877,0.6408163265306123,-0.8070976822232897,0.5012058226824778,2.917626424372135
0.9591836734693877,0.7816326530612245,-0.8857424805025961,0.4363952622737527,2.8543594108137813
0.9591836734693877,0.9224489795918367,-0.9650811501078318,0.37875687027096555,2.7895815313587566
0.9591836734693877,1.063265306122449,-1.04534778359801,0.3232897973076795,2.7230998827098536
0.9591836734693877,1.2040816326530612,-1.12679142250842,0.2671559402713707,2.654691385467463
0.9591836734693877,1.3448979591836734,-1.2096791735773995,0.20871259264168643,2.5840958330115082
0.9591836734693877,1.4857142857142858,-1.2942944532541756,0.14699970384910874,2.511007268338526
0.9591836734693877,1.626530612244898,-1.3809298971361395,0.08149221080998328,2.4350628934288436
0.9591836734693877,1.76734693877551,-1.4698723488818612,0.012016339364079753,2.3558284629261856
0.9591836734693877,1.9081632653061225,-1.561374705944546,-0.0612110881559503,2.2727786565908294
0.9591836734693877,2.0489795918367344,-1.6556053377078104,-0.13742502745334803,2.185270219795052
0.9591836734693877,2.1897959183673468,-1.7525594560590931,-0.21502235433681793,2.092504447902497
0.9591836734693877,2.330612244897959,-1.8519075844468909,-0.2911450348234272,1.9934736928302017
0.9591836734693877,2.4714285714285715,-1.952746041756483,-0.36124226297771633,1.8868832341949109
0.9591836734693877,2.6122448979591835,-2.05321299819459,-0.4189588535415105,1.771034252021871
0.9591836734693877,2.753061224489796,-2.1499742215569713,-0.4569836521525987,1.6436437828823987
0.9591836734693877,2.8938775510204082,-2.2377360495262173,-0.46928375271875145,1.501560671171556
0.9591836734693877,3.03469387755102,-2.30927467977832,-0.45384504669048253,1.3403105993284208
0.9591836734693877,3.1755102040816325,-2.35677469716899,-0.4137415616537784,1.1533848234254718
0.9591836734693877,3.316326530612245,-2.374728472287503,-0.35549480641659403,0.9313378013239378
0.9591836734693877,3.457142857142857,-2.3627891944193236,-0.2862804753844185,0.6623100752831119
0.9591836734693877,3.5979591836734692,-2.325991502698145,-0.2120049286041552,0.34763477751618554
0.9591836734693877,3.7387755102040816,-2.272112867851193,-0.13674478592412215,0.10315172867351637
0.9591836734693877,3.8795918367346935,-2.208642436297489,-0.0629887660832952,0.19676174645149827
0.9591836734693877,4.020408163265306,-2.1412233496789193,0.007899081162551757,0.4785384671317205
0.9591836734693877,4.161224489795918,-2.0734986413769585,0.07526994060716827,0.7371633505021485
0.9591836734693877,4.302040816326531,-2.007567246518126,0.13890050579140473,0.9452699217377247
0.9591836734693877,4.442857142857143,-1.9445087396164011,0.19880762682940875,1.113368663694425
0.9591836734693877,4.5836734693877546,-1.884786069097257,0.2551359126577341,1.252213765168575
0.9591836734693877,4.724489795918367,-1.828510483259982,0.308091743787042,1.3694122412158913
0.9591836734693877,4.865306122448979,-1.7756032173287877,0.35790550114056235,1.4701635942147675
0.9591836734693877,5.006122448979592,-1.7258901648152647,0.4048105665242823,1.5580850837916274
0.9591836734693877,5.146938775510204,-1.679155760213229,0.44903203699131006,1.6357632858877742
0.9591836734693877,5.2877551020408164,-1.6351728728754564,0.49078129869549186,1.7050990987394794
0.9591836734693877,5.428571428571429,-1.593718765384529,0.5302536709126412,1.767524669496588
0.9591836734693877,5.56938775510204,-1.5545831125715743,0.567627951226715,1.8241428754418172
0.9591836734693877,5.710204081632653,-1.5175715264743095,0.6030669159973239,1.8758194512269157
0.9591836734693877,5.851020408163265,-1.4825065852951982,0.6367183254408731,1.9232454688178247
0.9591836734693877,5.9918367346938775,-1.4492275297527093,0.6687161369451178,1.9669807457928654
0.9591836734693877,6.13265306122449,-1.4175892937121684,0.6991817491543668,2.0074846885307243
0.9591836734693877,6.273469387755102,-1.387461219226407,0.7282252512046169,2.045138669861645
0.9591836734693877,6.414285714285714,-1.3587256941944281,0.7559465721429599,2.080262543544354
0.9591836734693877,6.555102040816326,-1.3312768123571093,0.7824365403457828,2.1131270434391816
0.9591836734693877,6.6959183673469385,-1.305019116209963,0.8077778556078343,2.143963226895596
0.9591836734693877,6.836734693877551,-1.27986644184699,0.8320458751033654,2.172969775728115
0.9591836734693877,6.977551020408163,-1.255740892359244,0.8553094844139242,2.2003186891356448
0.9591836734693877,7.118367346938776,-1.2325719105479165,0.877631702773075,2.2261597979682852
0.9591836734693877,7.259183673469387,-1.2102954645550517,0.8990703025044509,2.2506243635785914
0.9591836734693877,7.4,-1.1888533278557363,0.9196783376542512,2.273827978747258
0.9795918367346939,0.5,-0.7277049940481499,0.5820461149975854,2.9804208635978924
0.9795918367346939,0.6408163265306123,-0.8052330877865553,0.5002385898292808,2.918971336929222
0.9795918367346939,0.7816326530612245,-0.8831053198624418,0.43425357877989423,2.8562886149344
0.9795918367346939,0.9224489795918367,-0.9615588094030759,0.37530187372771195,2.792214199589584
0.9795918367346939,1.063265306122449,-1.040837455951341,0.3184129292161896,2.7265682363265826
0.9795918367346939,1.2040816326530612,-1.1212035415473065,0.26075257700235516,2.6591439605319023
0.9795918367346939,1.3448979591836734,-1.2029428204398687,0.2006699920354712,2.5897014762791017
0.9795918367346939,1.4857142857142858,-1.286365881761469,0.13719423007530585,2.517960199713584
0.9795918367346939,1.626530612244898,-1.3718060459120882,0.06979450024899155,2.4435892689682226
0.9795918367346939,1.76734693877551,-1.4596123315156717,-0.0016929532824907824,2.3661950382238364
0.9795918367346939,1.9081632653061225,-1.5501340214877082,-0.07700829686537196,2.285304427707434
0.9795918367346939,2.0489795918367344,-1.6436901939230952,-0.15528141110290883,2.2003423503669057
0.9795918367346939,2.1897959183673468,-1.7405122637502113,-0.23469719105142756,2.110600491071659
0.9795918367346939,2.330612244897959,-1.8406386370836305,-0.31202398988921776,2.0151932606159035
0.9795918367346939,2.4714285714285715,-1.9437267969642527,-0.38214908933410807,1.9129942141658625
0.9795918367346939,2.6122448979591835,-2.0487312133519495,-0.43806576844937395,1.8025418947662193
0.9795918367346939,2.753061224489796,-2.1533902062356756,-0.4720559330429081,1.6818966124061694
0.9795918367346939,2.8938775510204082,-2.253525470302836,-0.4783842851636504,1.548416216013555
0.9795918367346939,3.03469387755102,-2.3424090409222265,-0.45613413318821133,1.3983957815617758
0.9795918367346939,3.1755102040816325,-2.410997408567254,-0.4097063183165616,1.2264816722592238
0.9795918367346939,3.316326530612245,-2.4502119876557598,-0.34647676279385387,1.024761767180299
0.9795918367346939,3.457142857142857,-2.4551481784799107,-0.27381645348973693,0.7818027092061013
0.9795918367346939,3.5979591836734692,-2.4280648192713135,-0.19741477119094442,0.4855061929157292
0.9795918367346939,3.7387755102040816,-2.3769816585103465,-0.12100667555062848,0.16136687064757319
0.9795918367346939,3.8795918367346935,-2.311443970947177,-0.04676971052536941,0.034017635403561904
0.9795918367346939,4.020408163265306,-2.2392967538573454,0.024166777150254743,0.26100105243595795
0.9795918367346939,4.161224489795918,-2.165758839458865,0.09131617960509343,0.5516125760160526
0.9795918367346939,4.302040816326531,-2.093842289743047,0.1545624334222254,0.7916580732726994
0.9795918367346939,4.442857142857143,-2.0250806865858992,0.21399168889349457,0.9829361166288505
0.9795918367346939,4.5836734693877546,-1.9601254564153,0.26979276710797717,1.1383779880140863
0.9795918367346939,4.724489795918367,-1.8991382258865304,0.32219999220930234,1.2677921065598905
0.9795918367346939,4.865306122448979,-1.8420249722481747,0.37146125295464827,1.377820661203373
0.9795918367346939,5.006122448979592,-1.7885688035146086,0.4178206272510968,1.4729885031965537
0.9795918367346939,5.146938775510204,-1.7385028627820855,0.4615097391401884,1.5564638764841139
0.9795918367346939,5.2877551020408164,-1.6915490945268061,0.5027436416177204,1.630532072610215
0.9795918367346939,5.428571428571429,-1.6474380060193232,0.5417195715809748,1.696887350362983
0.9795918367346939,5.56938775510204,-1.6059179537112631,0.5786171088379206,1.7568165597322554
0.9795918367346939,5.710204081632653,-1.5667587460536907,0.6135991108998001,1.811317959780549
0.9795918367346939,5.851020408163265,-1.5297522661692609,0.6468129569530082,1.8611802709281688
0.9795918367346939,5.9918367346938775,-1.4947115466620484,0.6783919716516132,1.9070367530130838
0.9795918367346939,6.13265306122449,-1.461469181099479,0.7084567673584341,1.9494030350565106
0.9795918367346939,6.273469387755102,-1.4298754530376063,0.7371165732690496,1.9887042228873562
0.9795918367346939,6.414285714285714,-1.399796460548698,0.7644704531189989,2.0252946730648156
0.9795918367346939,6.555102040816326,-1.371112329542367,0.7906083157860682,2.0594726933242375
0.9795918367346939,6.6959183673469385,-1.343715593185283,0.815612007122252,2.09149162548091
0.9795918367346939,6.836734693877551,-1.3175097259264132,0.8395561011527355,2.121568349312595
0.9795918367346939,6.977551020408163,-1.2924078515327762,0.8625086862326286,2.14988987005347
0.9795918367346939,7.118367346938776,-1.2683316074318136,0.8845320499887537,2.1766184969464293
0.9795918367346939,7.259183673469387,-1.2452101501961912,0.9056832741365216,2.201895947820312
0.9795918367346939,7.4,-1.2229792881175015,0.9260147699556249,2.2258466443359026
1.0,0.5,-0.7265000108520071,0.5820581183763613,2.9812856841466644
1.0,0.6408163265306123,-0.8033818588740986,0.49930977953811173,2.9203070100320763
1.0,0.7816326530612245,-0.8804891578894594,0.43216684717552656,2.858201789913097
1.0,0.9224489795918367,-0.958065895532921,0.371916590797327,2.7948209967144955
1.0,1.063265306122449,-1.0363640897380384,0.31361825617583705,2.729996913339579
1.0,1.2040816326530612,-1.1156563376536286,0.2544414774023513,2.663537931602152
1.0,1.3448979591836734,-1.196242300584498,0.1927272858093111,2.595222973966243
1.0,1.4857142857142858,-1.2784523120798368,0.1274939734436216,2.5247948797596758
1.0,1.626530612244898,-1.3626489328651545,0.058205668824636174,2.451952137044952
1.0,1.76734693877551,-1.449225878653553,-0.015289310335303202,2.376338215764659
1.0,1.9081632653061225,-1.5386022936460757,-0.0926828773287607,2.297527505781262
1.0,2.0489795918367344,-1.6312080815444792,-0.17298814431930537,2.2150064372724163
1.0,2.1897959183673468,-1.7274520362228867,-0.2541551948412396,2.128147638640757
1.0,2.330612244897959,-1.8276572465344787,-0.33254145447038397,2.036173899430876
1.0,2.4714285714285715,-1.9319353080143604,-0.4024293412490015,1.938106796145725
1.0,2.6122448979591835,-2.039949314764997,-0.4561518885053033,1.8326916460014322
1.0,2.753061224489796,-2.1504860709387974,-0.48567529884364047,1.718284996097924
1.0,2.8938775510204082,-2.2607426490629945,-0.48575770432816673,1.5926809251091052
1.0,3.03469387755102,-2.365325188074114,-0.45673894668702003,1.4528348350861986
1.0,3.1755102040816325,-2.4553955494948583,-0.4043234823017929,1.294412961158884
1.0,3.316326530612245,-2.519356724589086,-0.3365836656694872,1.111054824264413
1.0,3.457142857142857,-2.5468505538632566,-0.2609372785167234,0.8932707291931488
1.0,3.5979591836734692,-2.5347936925019945,-0.18278372925057268,0.6277950327536912
1.0,3.7387755102040816,-2.4895865410577027,-0.10550339148916767,0.3066083346302312
1.0,3.8795918367346935,-2.4227930903829975,-0.03097694962350566,0.010858101794002201
1.0,4.020408163265306,-2.345340491973595,0.039880412373285906,0.047753399210528236
1.0,4.161224489795918,-2.264840763431502,0.10672594481029724,0.3394784706791592
1.0,4.302040816326531,-2.185692897329494,0.1695368253212647,0.6159579010082584
1.0,4.442857142857143,-2.1100919277832775,0.22845851401193287,0.8362822217437598
1.0,4.5836734693877546,-2.0389417336772175,0.28371715556957533,1.012431378691373
1.0,4.724489795918367,-1.9724550583423122,0.3355702540491008,1.1568167137275593
1.0,4.865306122448979,-1.9105007132479068,0.38427997475172027,1.2780141916884
1.0,5.006122448979592,-1.85279226876748,0.43009902742760314,1.3817724599130123
1.0,5.146938775510204,-1.7989867386167104,0.47326398136993286,1.4720320897484045
1.0,5.2877551020408164,-1.748734291005952,0.5139925608961101,1.5515791240291743
1.0,5.428571428571429,-1.7017019087670107,0.5524832208811841,1.6224430745801215
1.0,5.56938775510204,-1.6575834152352034,0.5889158448821695,1.6861422520273088
1.0,5.710204081632653,-1.6161024991112127,0.6234530247742296,1.743839219875765
1.0,5.851020408163265,-1.5770122842374215,0.6562415581866006,1.7964422575148424
1.0,5.9918367346938775,-1.5400933169000908,0.6874139606407227,1.8446735117080741
1.0,6.13265306122449,-1.5051509183850038,0.7170899796790486,1.8891160004837
1.0,6.273469387755102,-1.472012425411584,0.7453778763757797,1.930246795734849
1.0,6.414285714285714,-1.440524565530655,0.7723757850410246,1.9684609292207118
1.0,6.555102040816326,-1.4105510484160617,0.7981727457407357,2.0040889828968
1.0,6.6959183673469385,-1.381970428373438,0.822849716388969,2.0374102288984397
1.0,6.836734693877551,-1.3546742277942563,0.8464804430157679,2.068662601213806
1.0,6.977551020408163,-1.3285653059172804,0.8691322374458598,2.098050376698444
1.0,7.118367346938776,-1.3035564399497208,0.8908666612942867,2.125750163171857
1.0,7.259183673469387,-1.279569111050594,0.9117401221750858,2.1519156121109795
1.0,7.4,-1.256532461153993,0.9318043772656015,2.1766811670552624
