sigma,Lp,Obj_mass,Obj_concentration,Obj_retentate_concentration
0.0,0.5,-1.0781662257428115,0.48095866870969994,0.3452973123263425
0.0,0.6408163265306123,-1.1150273725847162,0.37178338129214755,0.32319775248212906
0.0,0.7816326530612245,-1.1535033935147103,0.26695875525323215,0.29944206271247725
0.0,0.9224489795918367,-1.1937403370056827,0.1659957566894774,0.27398043575277337
0.0,1.063265306122449,-1.235904685853556,0.06839679610610602,0.24673210050928587
0.0,1.2040816326530612,-1.280187281387948,-0.026311442002117227,0.21758596888146323
0.0,1.3448979591836734,-1.3268082136981643,-0.11856701355583601,0.18639952233411686
0.0,1.4857142857142858,-1.376022968340869,-0.20877101267177722,0.1529959957560897
0.0,1.626530612244898,-1.4281302221741599,-0.29728979870501276,0.11715975123887964
0.0,1.76734693877551,-1.4834818229864808,-0.3844586716992389,0.07862951734886371
0.0,1.9081632653061225,-1.54249568492059,-0.47058585791618346,0.03708895915846653
0.0,2.0489795918367344,-1.6056726034908926,-0.5559561901664867,-0.007846313362082245
0.0,2.1897959183673468,-1.6736183588611353,-0.6408341975129503,-0.056646635121204644
0.0,2.330612244897959,-1.7470729350545258,-0.7254663780256294,-0.10989319300849894
0.0,2.4714285714285715,-1.8269491635796444,-0.8100824072679856,-0.16831330260450297
0.0,2.6122448979591835,-1.9143832832060588,-0.8948949730737741,-0.23283147893229778
0.0,2.753061224489796,-2.010798690497005,-0.9800978255380579,-0.30464542909142045
0.0,2.8938775510204082,-2.117977963847803,-1.0658612415582933,-0.3853430641557851
0.0,3.03469387755102,-2.2381155512570894,-1.1523240151408385,-0.4770900221348464
0.0,3.1755102040816325,-2.373746487758811,-1.2395804848196001,-0.5829454865359769
0.0,3.316326530612245,-2.5271892337709434,-1.327659966769159,-0.7074289301720689
0.0,3.457142857142857,-2.6983028692119726,-1.416496384777771,-0.8576203811270845
0.0,3.5979591836734692,-2.877042822744021,-1.5058836216434721,-1.0455385116269287
0.0,3.7387755102040816,-3.025516714069608,-1.5954126561161885,-1.2941135316131778
0.0,3.8795918367346935,-3.0705305671561733,-1.6843869599291812,-1.6560702971773675
0.0,4.020408163265306,-2.979330018080493,-1.7717186245214254,-2.302795618808597
0.0,4.161224489795918,-2.812796001982166,-1.8558181575372674,-3.128305726695827
0.0,4.302040816326531,-2.634419318566652,-1.9345175923984783,-1.9691363198826837
0.0,4.442857142857143,-2.4693394827486053,-2.0050968919785337,-1.4379913641975957
0.0,4.5836734693877546,-2.3225583602427986,-2.0645122643151548,-1.0987795927251747
0.0,4.724489795918367,-2.192853184815532,-2.1098871169031796,-0.8471957303225299
0.0,4.865306122448979,-2.0776989325446378,-2.1391899201356663,-0.6456388280860024
0.0,5.006122448979592,-1.9746584189577507,-2.151829544429959,-0.47635460175682554
0.0,5.146938775510204,-1.8816888219345678,-2.148840070566845,-0.32955301642705714
0.0,5.2877551020408164,-1.7971461211147446,-2.132540149885145,-0.19925906854256442
0.0,5.428571428571429,-1.7197192911892174,-2.105874512283689,-0.081553884036573
0.0,5.56938775510204,-1.6483598722048591,-2.0717738022207306,0.02627591746507292
0.0,5.710204081632653,-1.5822229438596231,-2.03274630556033,0.12619057664445338
0.0,5.851020408163265,-1.5206211553341487,-1.9907230676483505,0.2196559960597281
0.0,5.9918367346938775,-1.4629897943829746,-1.9470736155411779,0.30780067409755485
0.0,6.13265306122449,-1.4088603941497415,-1.9027001094095277,0.39151546964447964
0.0,6.273469387755102,-1.3578407349242612,-1.8581489153123956,0.4715194592440987
0.0,6.414285714285714,-1.309599588815079,-1.8137102988023617,0.5484048928875322
0.0,6.555102040816326,-1.2638549826771313,-1.769497100513473,0.6226692484236057
0.0,6.6959183673469385,-1.2203650840530322,-1.725502964397707,0.6947379839211502
0.0,6.836734693877551,-1.178921057300205,-1.6816437827802402,0.7649818663989001
0.0,6.977551020408163,-1.139341412280188,-1.6377868450057285,0.8337297684403318
0.0,7.118367346938776,-1.1014674939794884,-1.593770511750094,0.9012792691877378
0.0,7.259183673469387,-1.0651598521740522,-1.5494181071146766,0.9679047585427206
0.0,7.4,-1.03029529593244,-1.5045470522477227,1.0338645687359274
0.02040816326530612,0.5,-1.078076616734137,0.4812134774574925,0.345351457548347
0.02040816326530612,0.6408163265306123,-1.1148978432086785,0.3721268694106183,0.32327788600590085
0.02040816326530612,0.7816326530612245,-1.1533272313910488,0.267393682443655,0.29955333941501616
0.02040816326530612,0.9224489795918367,-1.193510310133105,0.16652423135786662,0.27412844599383407
0.02040816326530612,1.063265306122449,-1.2356128242720825,0.06902082898587572,0.24692302280402503
0.02040816326530612,1.2040816326530612,-1.279824641319861,-0.02558959869572915,0.21782674592873036
0.02040816326530612,1.3448979591836734,-1.326364607043442,-0.11774465302135766,0.18669806916863715
0.02040816326530612,1.4857142857142858,-1.3754866384348143,-0.20784483297481485,0.15336145267060522
0.02040816326530612,1.626530612244898,-1.427487442488211,-0.2962558019015887,0.11760279889751563
0.02040816326530612,1.76734693877551,-1.4827163884405234,-0.38331208395251354,0.07916277858339017
0.02040816326530612,1.9081632653061225,-1.5415882549532773,-0.4693210579902174,0.03772752189959581
0.02040816326530612,2.0489795918367344,-1.604599840699672,-0.5545666412255675,-0.0070842011781312424
0.02040816326530612,2.1897959183673468,-1.672351785521265,-0.6393123797824973,-0.05573862327081596
0.02040816326530612,2.330612244897959,-1.7455774013157581,-0.7238037236962601,-0.10881152258398875
0.02040816326530612,2.4714285714285715,-1.8251807883208424,-0.808269244202737,-0.16702295058394517
0.02040816326530612,2.6122448979591835,-1.9122867076352275,-0.8929204887819991,-0.23128744975736415
0.02040816326530612,2.753061224489796,-2.008303537501753,-0.9779500747165145,-0.3027886751557942
0.02040816326530612,2.8938775510204082,-2.114994737002738,-1.0635272287558235,-0.3830941064624811
0.02040816326530612,3.03469387755102,-2.2345325647803236,-1.1497899161638212,-0.4743385242182483
0.02040816326530612,3.1755102040816325,-2.3694342953471024,-1.2368320922841372,-0.579532260476239
0.02040816326530612,3.316326530612245,-2.5220360397612605,-1.3246835180491305,-0.7031126645143398
0.02040816326530612,3.457142857142857,-2.692360852473906,-1.4132799773116462,-0.8520104521759697
0.02040816326530612,3.5979591836734692,-2.871008486251859,-1.5024195443312194,-1.037941994711709
0.02040816326530612,3.7387755102040816,-3.021695186346208,-1.5917010742580502,-1.2831215328981076
0.02040816326530612,3.8795918367346935,-3.0721515414874885,-1.6804414058883117,-1.6380944227317058
0.02040816326530612,4.020408163265306,-2.986001004875183,-1.7675736676851839,-2.263812523100075
0.02040816326530612,4.161224489795918,-2.8213978401317985,-1.851538905138569,-3.197165550813275
0.02040816326530612,4.302040816326531,-2.643078111779002,-1.930209123047797,-2.003440284285816
0.02040816326530612,4.442857142857143,-2.4774684337407877,-2.000909134760368,-1.4583722946118316
0.02040816326530612,4.5836734693877546,-2.3300719165580195,-2.0606331993475413,-1.1137782681811061
0.02040816326530612,4.724489795918367,-2.199809491462667,-2.1065183290320015,-0.8593997003185313
0.02040816326530612,4.865306122448979,-2.084183874931408,-2.1365068237146687,-0.6561592177116546
0.02040816326530612,5.006122448979592,-1.9807526706950311,-2.149941381703333,-0.4857697468575673
0.02040816326530612,5.146938775510204,-1.8874605266223474,-2.1477699274901947,-0.33820330550989486
0.02040816326530612,5.2877551020408164,-1.8026510234319018,-2.1322337185391755,-0.2073629763694375
0.02040816326530612,5.428571428571429,-1.7250026924825772,-2.1062286173493727,-0.08926118795840107
0.02040816326530612,5.56938775510204,-1.6534587248494454,-2.072667975556677,0.01885691590189478
0.02040816326530612,5.710204081632653,-1.5871676398333368,-2.034065955784622,0.1189779451033129
0.02040816326530612,5.851020408163265,-1.525436948289056,-1.992371664090567,0.2125852113841654
0.02040816326530612,5.9918367346938775,-1.467697902061601,-1.948976493715077,0.3008189992455351
0.02040816326530612,6.13265306122449,-1.4134788473332318,-1.904803546802058,0.3845782555790694
0.02040816326530612,6.273469387755102,-1.3623850324895899,-1.860417227978214,0.46458762109011
0.02040816326530612,6.414285714285714,-1.314083206342121,-1.8161225713782045,0.5414431086234212
0.02040816326530612,6.555102040816326,-1.2682897712134225,-1.7720442254962765,0.6156445386012933
0.02040816326530612,6.6959183673469385,-1.224761585731238,-1.7281852182377415,0.6876186814622341
0.02040816326530612,6.836734693877551,-1.1832887583320904,-1.684468974181555,0.7577366820014458
0.02040816326530612,6.977551020408163,-1.1436889481675296,-1.6407688854608502,0.8263270229518918
0.02040816326530612,7.118367346938776,-1.1058028186115996,-1.5969284283699001,0.8936860976435568
0.02040816326530612,7.259183673469387,-1.0694903792394193,-1.552775271717169,0.9600863741721357
0.02040816326530612,7.4,-1.0346280194441386,-1.5081306733462185,1.025783450079298
0.04081632653061224,0.5,-1.0779870538783793,0.4814681881964697,0.34540557169161523
0.04081632653061224,0.6408163265306123,-1.1147683943509612,0.3724702127475734,0.32335796405357203
0.04081632653061224,0.7816326530612245,-1.153151196841324,0.267828414680254,0.2996645265949873
0.04081632653061224,0.9224489795918367,-1.19328047351832,0.16705245679003147,0.2742763207383685
0.04081632653061224,1.063265306122449,-1.2353212352388057,0.06964455228135331,0.24711374864074542
0.04081632653061224,1.2040816326530612,-1.2794623809988728,-0.02486813407011275,0.21806724648798623
0.04081632653061224,1.3448979591836734,-1.3259215192677525,-0.1169227522532315,0.18699623498982912
0.04081632653061224,1.4857142857142858,-1.3749510077873095,-0.20691920984368095,0.153726392324041
0.04081632653061224,1.626530612244898,-1.4268455961012403,-0.2952224784009975,0.11804515164017161
0.04081632653061224,1.76734693877551,-1.48195219156335,-0.382166310960733,0.07969511274660265
0.04081632653061224,1.9081632653061225,-1.540682459937142,-0.4680572444587686,0.03836485299216175
0.04081632653061224,2.0489795918367344,-1.603529233941871,-0.5531782867867476,-0.006323722520847424
0.04081632653061224,2.1897959183673468,-1.6710880557179226,-0.637792008323894,-0.05483277927025961
0.04081632653061224,2.330612244897959,-1.744085624240632,-0.7221428193295042,-0.10773273742315041
0.04081632653061224,2.4714285714285715,-1.8234173908018696,-0.8064581959262572,-0.1657364590336551
0.04081632653061224,2.6122448979591835,-1.9101967519684964,-0.890948556169854,-0.22974862730895346
0.04081632653061224,2.753061224489796,-2.0058172165444095,-0.9758053929152163,-0.300939022662912
0.04081632653061224,2.8938775510204082,-2.112023294762836,-1.0611968950910136,-0.3808549821507896
0.04081632653061224,3.03469387755102,-2.2309651540066215,-1.1472602057830235,-0.4716009218902689
0.04081632653061224,3.1755102040816325,-2.365141939912149,-1.2340888971881265,-0.5761392149024755
0.04081632653061224,3.316326530612245,-2.5169050983752452,-1.321713161652014,-0.698826827752094
0.04081632653061224,3.457142857142857,-2.6864323033072925,-1.4100706035113348,-0.8464489092821307
0.04081632653061224,3.5979591836734692,-2.864938621688363,-1.4989634034021018,-1.030428748066283
0.04081632653061224,3.7387755102040816,-3.01771084750324,-1.5879981303834325,-1.2722922432719288
0.04081632653061224,3.8795918367346935,-3.073519733997966,-1.676504714492428,-1.6205186072460627
0.04081632653061224,4.020408163265306,-2.99252799601203,-1.7634368865114471,-2.2264096118238235
0.04081632653061224,4.161224489795918,-2.8299773368444137,-1.8472656258822113,-3.2562226605821825
0.04081632653061224,4.302040816326531,-2.651764010190776,-1.9259022157927754,-2.0389799453061985
0.04081632653061224,4.442857142857143,-2.485636397568113,-1.9967157952249637,-1.4791658513602433
0.04081632653061224,4.5836734693877546,-2.3376238380032057,-2.0567387784447035,-1.1289832335977448
0.04081632653061224,4.724489795918367,-2.206800180754351,-2.1031229528107938,-0.8717287929204806
0.04081632653061224,4.865306122448979,-2.0906987948399625,-2.1337866366013998,-0.66676417176316
0.04081632653061224,5.006122448979592,-1.9868728931511253,-2.148008704358902,-0.49524595489736234
0.04081632653061224,5.146938775510204,-1.8932547526705719,-2.146652271721071,-0.346899561875969
0.04081632653061224,5.2877551020408164,-1.8081755168100917,-2.1318810204263188,-0.21550236677334933
0.04081632653061224,5.428571428571429,-1.7303031877083492,-2.10654066576587,-0.09699621220382716
0.04081632653061224,5.56938775510204,-1.6585725209390307,-2.073525715020498,0.011416268259342652
0.04081632653061224,5.710204081632653,-1.592125400917255,-2.0353549685194294,0.11174866319205433
0.04081632653061224,5.851020408163265,-1.530264139265818,-1.9939948317524716,0.2055020818213437
0.04081632653061224,5.9918367346938775,-1.4724159028282975,-1.9508582091909346,0.293828852578235
0.04081632653061224,6.13265306122449,-1.4181058111554008,-1.906889040434559,0.3776361988584167
0.04081632653061224,6.273469387755102,-1.3669365482906435,-1.862669795648583,0.45765447291380573
0.04081632653061224,6.414285714285714,-1.3185728127430103,-1.8185203560209708,0.534483551864694
0.04081632653061224,6.555102040816326,-1.2727293591717603,-1.7745772506472914,0.6086257284730369
0.04081632653061224,6.6959183673469385,-1.2291617170052274,-1.730852969634906,0.6805091743196708
0.04081632653061224,6.836734693877551,-1.187658920320926,-1.6872785145342324,0.7505055214226445
0.04081632653061224,6.977551020408163,-1.148037760256393,-1.6437334042037093,0.8189429802966618
0.04081632653061224,7.118367346938776,-1.1101382016648982,-1.6000662370885712,0.8861168873347526
0.04081632653061224,7.259183673469387,-1.0738196968955867,-1.5561090107911624,0.9522979454156922
0.04081632653061224,7.4,-1.0389581978997264,-1.511686786758248,1.0177392025844356
0.061224489795918366,0.5,-1.0778975371531008,0.481722800932669,0.34545965477258017
0.061224489795918366,0.6408163265306123,-1.1146390259646386,0.3728134112819247,0.3234379866603518
0.061224489795918366,0.7816326530612245,-1.1529752897766627,0.26826295197570454,0.29977562432045785
0.061224489795918366,0.9224489795918367,-1.1930508270026667,0.16758043295416805,0.2744240601080662
0.061224489795918366,1.063265306122449,-1.2350299184818756,0.07026796596673549,0.24730427822818657
0.061224489795918366,1.2040816326530612,-1.279100499973617,-0.024147048116775618,0.21830747090574648
0.061224489795918366,1.3448979591836734,-1.3254789496404014,-0.11610131116617978,0.18729402035864073
0.061224489795918366,1.4857142857142858,-1.374416075239586,-0.20599414305698596,0.15409081560654492
0.061224489795918366,1.626530612244898,-1.4262046812058118,-0.29418982776598196,0.11848681085790912
0.061224489795918366,1.76734693877551,-1.4811892295722167,-0.38102135196594905,0.0802265219871852
0.061224489795918366,1.9081632653061225,-1.5397782956299724,-0.4667944161062634,0.03900095572869897
0.061224489795918366,2.0489795918367344,-1.6024607767965982,-0.5517911249989735,-0.0055648723682182296
0.061224489795918366,2.1897959183673468,-1.6698271597810581,-0.6362730804221345,-0.05392909546861952
0.061224489795918366,2.330612244897959,-1.7425975893177632,-0.7204836610517051,-0.10665682584277404
0.061224489795918366,2.4714285714285715,-1.8216589493213806,-0.8046492570410526,-0.16445381000363365
0.061224489795918366,2.6122448979591835,-1.9081133839420727,-0.8889791665532117,-0.22821498373129587
0.061224489795918366,2.753061224489796,-2.0033396803118637,-0.9736637703313854,-0.29909642770323885
0.061224489795918366,2.8938775510204082,-2.109063570166919,-1.058870227831321,-0.3786256204556565
0.061224489795918366,3.03469387755102,-2.22741323322669,-1.1447348670464357,-0.4688770977592318
0.061224489795918366,3.1755102040816325,-2.360869346945104,-1.2313508721587796,-0.5727661552544964
0.061224489795918366,3.316326530612245,-2.5117964958635732,-1.318748871519258,-0.6945710498763653
0.061224489795918366,3.457142857142857,-2.680518044138985,-1.4068682334449238,-0.8409350216568764
0.061224489795918366,3.5979591836734692,-2.858836357734579,-1.495515168459142,-1.0229971491592589
0.061224489795918366,3.7387755102040816,-3.013569319775846,-1.5843037978670547,-1.261621335700592
0.061224489795918366,3.8795918367346935,-3.074633934223909,-1.672576876249902,-1.603326851103061
0.061224489795918366,4.020408163265306,-2.9989040520258263,-1.7593083102258227,-2.190484740922831
0.061224489795918366,4.161224489795918,-2.8385306748975365,-1.8429984205768895,-3.2995504819287835
0.061224489795918366,4.302040816326531,-2.660475896153751,-1.921597083982909,-2.075847080652263
0.061224489795918366,4.442857142857143,-2.493843303720048,-1.992517233918695,-1.5003905813022205
0.061224489795918366,4.5836734693877546,-2.345214371982445,-2.0528295108380155,-1.144401158544527
0.061224489795918366,4.724489795918367,-2.2138255682446437,-2.099701581960737,-0.8841862362630766
0.061224489795918366,4.865306122448979,-2.097243998082828,-2.131029915460721,-0.6774555532879976
0.061224489795918366,5.006122448979592,-1.9930193619804102,-2.1460319025748746,-0.5047844342075511
0.061224489795918366,5.146938775510204,-1.8990717438330913,-2.145487249790473,-0.35564263883650277
0.061224489795918366,5.2877551020408164,-1.8137198169478204,-2.131481967088168,-0.2236778858164511
0.061224489795918366,5.428571428571429,-1.7356209695446418,-2.106810393348005,-0.10475947130828174
0.061224489795918366,5.56938775510204,-1.6637014349585706,-2.074346664474493,0.003953542625739042
0.061224489795918366,5.710204081632653,-1.5970963876595117,-2.0366129631829106,0.1045023522030767
0.061224489795918366,5.851020408163265,-1.5351028785566125,-1.9955922134452606,0.19840625901311257
0.061224489795918366,5.9918367346938775,-1.4771439399294297,-1.9527184535247109,0.28682990099308664
0.061224489795918366,6.13265306122449,-1.4227414246846697,-1.9089563434252208,0.3706889684708132
0.061224489795918366,6.273469387755102,-1.371495419849026,-1.8649064397186512,0.4507196641466425
0.061224489795918366,6.414285714285714,-1.3230685465333807,-1.820903538743814,0.5275258597955369
0.061224489795918366,6.555102040816326,-1.2771738885851451,-1.7770961347980205,0.601612420881871
0.061224489795918366,6.6959183673469385,-1.2335656260184287,-1.733506249785152,0.6734090170045349
0.061224489795918366,6.836734693877551,-1.1920317003073588,-1.6900725101061915,0.7432878754749064
0.061224489795918366,6.977551020408163,-1.1523880175486643,-1.6466805913067348,0.8115770445595532
0.061224489795918366,7.118367346938776,-1.1144738275682902,-1.603184221704381,0.8785709290729481
0.061224489795918366,7.259183673469387,-1.0781480089970816,-1.5594197098659268,0.9445386232486865
0.061224489795918366,7.4,-1.0432860592652695,-1.5152158960214956,1.0097307956193835
0.08163265306122448,0.5,-1.0778080665358671,0.48197731567217844,0.34551370680770743
0.08163265306122448,0.6408163265306123,-1.1145097380027995,0.37315646500749844,0.32351795386155346
0.08163265306122448,0.7816326530612245,-1.1527995101082353,0.2686972942745873,0.299886632658959
0.08163265306122448,0.9224489795918367,-1.1928213704276711,0.16810815988794073,0.2745716642245277
0.08163265306122448,1.063265306122449,-1.2347388737298008,0.07089107001618289,0.24749461177480256
0.08163265306122448,1.2040816326530612,-1.278738997793499,-0.023426340827480734,0.2185474195279264
0.08163265306122448,1.3448979591836734,-1.3250368974322353,-0.11528032967554679,0.18759142583479702
0.08163265306122448,1.4857142857142858,-1.373881839635791,-0.20506963239454556,0.1544547234060231
0.08163265306122448,1.626530612244898,-1.4255646959998025,-0.29315784956135754,0.11892777793760749
0.08163265306122448,1.76734693877551,-1.480427499693795,-0.3798772062136414,0.08075700844638303
0.08163265306122448,1.9081632653061225,-1.5388757578058971,-0.4655325717224924,0.03963583338859324
0.08163265306122448,2.0489795918367344,-1.6013944628708612,-0.5504051540195063,-0.004807645721081792
0.08163265306122448,2.1897959183673468,-1.6685690880876325,-0.6347555933746388,-0.05302756425484463
0.08163265306122448,2.330612244897959,-1.7411132821138848,-0.718826245007583,-0.10558377622908484
0.08163265306122448,2.4714285714285715,-1.8199054423067338,-0.8028424236193733,-0.16317498461061028
0.08163265306122448,2.6122448979591835,-1.9060365714919754,-0.8870123142598297,-0.22668649136061475
0.08163265306122448,2.753061224489796,-2.000870881781905,-0.9715251972228138,-0.29726084674071057
0.08163265306122448,2.8938775510204082,-2.1061154965861077,-1.056547213792424,-0.3764059513518745
0.08163265306122448,3.03469387755102,-2.2238767167267786,-1.1422138830985666,-0.46616693587828917
0.08163265306122448,3.1755102040816325,-2.3566164399043403,-1.2286180082409808,-0.5694128649338281
0.08163265306122448,3.316326530612245,-2.506710307246523,-1.315790621744104,-0.6903449674141819
0.08163265306122448,3.457142857142857,-2.6746188530095463,-1.4036728373168235,-0.835468074572485
0.08163265306122448,3.5979591836734692,-2.8527047106536623,-1.492074778089298,-1.0156456742106441
0.08163265306122448,3.7387755102040816,-3.0092762662816543,-1.5806180498880917,-1.2511046496028653
0.08163265306122448,3.8795918367346935,-3.0754933723867977,-1.6686577306887087,-1.5865045872648
0.08163265306122448,4.020408163265306,-3.0051221924609934,-1.755187814235793,-2.1559436467419775
0.08163265306122448,4.161224489795918,-2.8470538541663664,-1.8387373865984005,-3.321548762384684
0.08163265306122448,4.302040816326531,-2.669212565890394,-1.9172939353821137,-2.1141432774799873
0.08163265306122448,4.442857142857143,-2.5020890531001516,-1.9883138039634316,-1.5220662836246042
0.08163265306122448,4.5836734693877546,-2.3528437588699944,-2.048905895376542,-1.1600390253091326
0.08163265306122448,4.724489795918367,-2.22088596963298,-2.096254806792369,-0.8967753786811063
0.08163265306122448,4.865306122448979,-2.1038197927429065,-2.1282372221441634,-0.6882352821054222
0.08163265306122448,5.006122448979592,-1.9991923555016862,-2.144011377393087,-0.5143864241456504
0.08163265306122448,5.146938775510204,-1.9049117463532566,-2.1442750229222485,-0.3644334083894763
0.08163265306122448,5.2877551020408164,-1.819284141693986,-2.131036479038302,-0.23189018820528928
0.08163265306122448,5.428571428571429,-1.7409562324617263,-2.1070375460869957,-0.1125514878519236
0.08163265306122448,5.56938775510204,-1.6688456428462757,-2.0751304732967633,-0.003531698374616827
0.08163265306122448,5.710204081632653,-1.6020807617508814,-2.0378395615591587,0.09723862890532257
0.08163265306122448,5.851020408163265,-1.539953317309356,-1.9971634505501719,0.19129739237974938
0.08163265306122448,5.9918367346938775,-1.48188215719435,-1.9545569147294406,0.2798218103744419
0.08163265306122448,6.13265306122449,-1.427385827263441,-1.9110052057417228,0.3637362246172348
0.08163265306122448,6.273469387755102,-1.3760617847590437,-1.8671269751024007,0.44378286257924027
0.08163265306122448,6.414285714285714,-1.3275705459896596,-1.8232720014497836,0.5205696772598777
0.08163265306122448,6.555102040816326,-1.2816235008963375,-1.7796008305645612,0.5946042228439012
0.08163265306122448,6.6959183673469385,-1.2379734599455576,-1.736145083035629,0.6663177701374804
0.08163265306122448,6.836734693877551,-1.196407253916173,-1.6928510599666027,0.736083242786925
0.08163265306122448,6.977551020408163,-1.156739887092871,-1.649610627681682,0.8042286315381568
0.08163265306122448,7.118367346938776,-1.1188098781379132,-1.606282650665211,0.871047534837139
0.08163265306122448,7.259183673469387,-1.0824755159742514,-1.5627077410525867,0.9368075801802761
0.08163265306122448,7.4,-1.0476118270639294,-1.5187184915891423,1.001757223674177
0.1020408163265306,0.5,-1.077718642004257,0.48223173244844697,0.34556772781359035
0.1020408163265306,0.6408163265306123,-1.1143805304185486,0.37349937391821647,0.32359786569249854
0.1020408163265306,0.7816326530612245,-1.1526238577472678,0.2691314415545472,0.2999975516782164
0.1020408163265306,0.9224489795918367,-1.1925921036349505,0.16863563748616173,0.274719133209184
0.1020408163265306,1.063265306122449,-1.234448100711447,0.07151386440383722,0.24768474948875727
0.1020408163265306,1.2040816326530612,-1.2783778740086928,-0.0227060121942285,0.2187870926998436
0.1020408163265306,1.3448979591836734,-1.324595361915635,-0.11445980769727329,0.18788845197682746
0.1020408163265306,1.4857142857142858,-1.3733482998230429,-0.20414567757460753,0.15481811660800646
0.1020408163265306,1.626530612244898,-1.4249256386863562,-0.2921265433468349,0.11936805426176829
0.1020408163265306,1.76734693877551,-1.4796669991641291,-0.37873387295270433,0.08128657425805244
0.1020408163265306,1.9081632653061225,-1.5379748422553006,-0.46427171010265517,0.04026948923821915
0.1020408163265306,2.0489795918367344,-1.60033028579942,-0.5490203720138255,-0.004052037603066073
0.1020408163265306,2.1897959183673468,-1.6673138310613391,-0.6332395444912348,-0.05212817805741317
0.1020408163265306,2.330612244897959,-1.7396326882733644,-0.7171705673600526,-0.10451357703730621
0.1020408163265306,2.4714285714285715,-1.818156848308016,-0.8010376874202154,-0.16189996727437483
0.1020408163265306,2.6122448979591835,-1.903966282752233,-0.8850479899796165,-0.22516312278814601
0.1020408163265306,2.753061224489796,-1.9984107742228665,-0.9693896637628182,-0.2954322366259347
0.1020408163265306,2.8938775510204082,-2.1031790077271575,-1.054227840022401,-0.3741959055471723
0.1020408163265306,3.03469387755102,-2.2203555188137707,-1.1396972366291749,-0.46347032222035883
0.1020408163265306,3.1755102040816325,-2.3523831402380426,-1.2258902779551972,-0.566079155788122
0.1020408163265306,3.316326530612245,-2.5016465968349313,-1.3128383865548205,-0.6861482233044117
0.1020408163265306,3.457142857142857,-2.66873546510095,-1.4004843545767325,-0.8300474178288155
0.1020408163265306,3.5979591836734692,-2.8465465855451804,-1.4886422588124906,-1.0083726939505124
0.1020408163265306,3.7387755102040816,-3.004837373482811,-1.5769408594398096,-1.2407381825719361
0.1020408163265306,3.8795918367346935,-3.0760977209781033,-1.6647475694349432,-1.5700364929950492
0.1020408163265306,4.020408163265306,-3.011175411353343,-1.7510757293706465,-2.1226965932252266
0.1020408163265306,4.161224489795918,-2.8555426876057837,-1.834482617970387,-3.318987775905136
0.1020408163265306,4.302040816326531,-2.6779727250179435,-1.912992972268542,-2.153981207627572
0.1020408163265306,4.442857142857143,-2.5103735161403873,-1.9841058510588698,-1.5442141238282527
0.1020408163265306,4.5836734693877546,-2.3605122313419327,-2.0449684257386798,-1.1759041608018723
0.1020408163265306,4.724489795918367,-2.2279817005551403,-2.0927832139617806,-0.909499694816135
0.1020408163265306,4.865306122448979,-2.1104264891254707,-2.1254091208290706,-0.6991053372189295
0.1020408163265306,5.006122448979592,-2.00539215470758,-2.1419475403341326,-0.5240531962295709
0.1020408163265306,5.146938775510204,-1.9107750089911377,-2.1430157668758856,-0.37327276183739727
0.1020408163265306,5.2877551020408164,-1.8248687110833985,-2.1305444924234895,-0.2401399420753635
0.1020408163265306,5.428571428571429,-1.7463091727529299,-2.1072218803413403,-0.12037279270066677
0.1020408163265306,5.56938775510204,-1.6740053220223536,-2.075876796680377,-0.011039897754040476
0.1020408163265306,5.710204081632653,-1.6070786860521087,-2.0390343871654824,0.08995710629807939
0.1020408163265306,5.851020408163265,-1.5448156075539943,-1.9987081831102569,0.18417512900820207
0.1020408163265306,5.9918367346938775,-1.4866306990623488,-1.9563732780365752,0.27280424549076193
0.1020408163265306,6.13265306122449,-1.4320391586837595,-1.913035368980953,0.3567776533490744
0.1020408163265306,6.273469387755102,-1.3806357806222271,-1.869331212983064,0.4368437196090339
0.1020408163265306,6.414285714285714,-1.3320789491324025,-1.825625621727339,0.5136146421292016
0.1020408163265306,6.555102040816326,-1.286078336999303,-1.78209128446356,0.5876007453632027
0.1020408163265306,6.6959183673469385,-1.242385365049383,-1.738769474461066,0.6592350126686706
0.1020408163265306,6.836734693877551,-1.2007857354191664,-1.6956142561219132,0.7288911294125702
0.1020408163265306,6.977551020408163,-1.1610935341136612,-1.6525236667678342,0.796897184546935
0.1020408163265306,7.118367346938776,-1.1231465326914742,-1.6093617834238316,0.8635460303700611
0.1020408163265306,7.259183673469387,-1.0868024149682445,-1.5659734644211933,0.9291040085596719
0.1020408163265306,7.4,-1.0519357205590916,-1.5221950448077337,0.993817513064279
0.12244897959183673,0.5,-1.0776292635358455,0.48248605125845007,0.3456217178066442
0.12244897959183673,0.6408163265306123,-1.114251403165006,0.37384213800807653,0.32367772218847235
0.12244897959183673,0.7816326530612245,-1.1524483326050392,0.26956539379436384,0.30010838144591717
0.12244897959183673,0.9224489795918367,-1.1923630264662874,0.16916286571426684,0.27486646718335617
0.12244897959183673,1.063265306122449,-1.2341575991560354,0.07213634910381225,0.2478746915779486
0.12244897959183673,1.2040816326530612,-1.2780171281701398,-0.021986062209259343,0.21902649076623354
0.12244897959183673,1.3448979591836734,-1.3241543423645126,-0.11363974514791944,0.18818509934210334
0.12244897959183673,1.4857142857142858,-1.3728154546512494,-0.20322227844323573,0.15518099609602443
0.12244897959183673,1.626530612244898,-1.4242875074739239,-0.2910959086968791,0.11980764120924374
0.12244897959183673,1.76734693877551,-1.4789077252285963,-0.3775913514354201,0.08181522154864997
0.12244897959183673,1.9081632653061225,-1.5370755447847457,-0.46301183004730984,0.04090192653096579
0.12244897959183673,2.0489795918367344,-1.5992682392446347,-0.5476367771556085,-0.003298043060416095
0.12244897959183673,2.1897959183673468,-1.666061379172332,-0.6317249310940597,-0.051230929344140703
0.12244897959183673,2.330612244897959,-1.7381557935177117,-0.7155166242901355,-0.10344621679107602
0.12244897959183673,2.4714285714285715,-1.8164131460045123,-0.7992350445810827,-0.16062873933633526
0.12244897959183673,2.6122448979591835,-1.9019024860579499,-0.8830861871156332,-0.22364485078013469
0.12244897959183673,2.753061224489796,-1.9959593111927736,-0.9672571601823418,-0.29361055458717505
0.12244897959183673,2.8938775510204082,-2.100254037636003,-1.0519120936252577,-0.3719954144728791
0.12244897959183673,3.03469387755102,-2.216849553845229,-1.1371849121637327,-0.4607871426039797
0.12244897959183673,3.1755102040816325,-2.348169367566694,-1.2231676602859398,-0.5627648338147431
0.12244897959183673,3.316326530612245,-2.49660541873043,-1.3098921403248867,-0.6819804667325116
0.12244897959183673,3.457142857142857,-2.6628685751611147,-1.3973028166684833,-0.8246722709307293
0.12244897959183673,3.5979591836734692,-2.840364778006501,-1.4852175500350822,-1.0011767704632126
0.12244897959183673,3.7387755102040816,-3.0002583344942884,-1.5732721993408616,-1.2305180825985411
0.12244897959183673,3.8795918367346935,-3.076447100846501,-1.6608462284364618,-1.553909641806032
0.12244897959183673,4.020408163265306,-3.017056705693876,-1.7469719267072905,-2.090663011809144
0.12244897959183673,4.161224489795918,-2.863992797617439,-1.830234205442931,-3.292501087720256
0.12244897959183673,4.302040816326531,-2.6867549839049785,-1.908694391538717,-2.1954860616636807
0.12244897959183673,4.442857142857143,-2.51869653081129,-1.9798937139355441,-1.5668567608073998
0.12244897959183673,4.5836734693877546,-2.368220013670479,-2.041017588539743,-1.1920042548410792
0.12244897959183673,4.724489795918367,-2.235113076358331,-2.089287386006004,-0.9223627921102421
0.12244897959183673,4.865306122448979,-2.117064399706555,-2.122546179181615,-0.7100677593409476
0.12244897959183673,5.006122448979592,-2.011619043264658,-2.139840819628607,-0.5337860615998206
0.12244897959183673,5.146938775510204,-1.9166617830503054,-2.141709671769771,-0.38216161042408825
0.12244897959183673,5.2877551020408164,-1.830473747364794,-2.130005958401909,-0.24842782890485188
0.12244897959183673,5.428571428571429,-1.7516799885658112,-2.1073631633143988,-0.12822392525478943
0.12244897959183673,5.56938775510204,-1.679180651418195,-2.076585295932072,-0.01857150433745711
0.12244897959183673,5.710204081632653,-1.6120903246210574,-2.040197065517746,0.08265739347693028
0.12244897959183673,5.851020408163265,-1.5496899022279869,-2.0002260519229087,0.17703911216574672
0.12244897959183673,5.9918367346938775,-1.4913897106086869,-1.9581672255434817,0.265776869889083
0.12244897959183673,6.13265306122449,-1.4367015590080798,-1.9150465746978464,0.3498129150317125
0.12244897959183673,6.273469387755102,-1.3852175451943884,-1.8715189542464372,0.4299019062740474
0.12244897959183673,6.414285714285714,-1.3365938938189394,-1.8279642739606006,0.5066603998352016
0.12244897959183673,6.555102040816326,-1.290538537276915,-1.7845674371260856,0.5806016027895183
0.12244897959183673,6.6959183673469385,-1.246801486699471,-1.7413794645375769,0.6521602861449375
0.12244897959183673,6.836734693877551,-1.2051672977968413,-1.6983621829727396,0.7217110493192175
0.12244897959183673,6.977551020408163,-1.16544912187182,-1.6554199169822357,0.7895821010968914
0.12244897959183673,7.118367346938776,-1.1274839681386497,-1.6124218695815868,0.856065754944182
0.12244897959183673,7.259183673469387,-1.0911288999650537,-1.5692172269040012,0.9214271209762827
0.12244897959183673,7.4,-1.0562579549274012,-1.525646011518202,0.9859107167235167
0.14285714285714285,0.5,-1.0775399311081995,0.482740272085401,0.3456756768031639
0.14285714285714285,0.6408163265306123,-1.114122356195306,0.37418475727120915,0.3237575233847517
0.14285714285714285,0.7816326530612245,-1.152272934592882,0.2699991509729483,0.30021912202968337
0.14285714285714285,0.9224489795918367,-1.192134138763616,0.1696898445410878,0.2750136662682217
0.14285714285714285,1.063265306122449,-1.2338673687932,0.07275852414329521,0.2480644382499881
0.14285714285714285,1.2040816326530612,-1.277656759829544,-0.02126649086504205,0.2192656140712106
0.14285714285714285,1.3448979591836734,-1.3237138380543039,-0.11282014194463853,0.1884813684868032
0.14285714285714285,1.4857142857142858,-1.3722833029732353,-0.20229943478894485,0.15554336275123595
0.14285714285714285,1.626530612244898,-1.4236503005762013,-0.2900659451842256,0.12024654015462527
0.14285714285714285,1.76734693877551,-1.4781496751418641,-0.37644964091747357,0.0823429524373299
0.14285714285714285,1.9081632653061225,-1.5361778612168966,-0.4617529303623229,0.04153314850732563
0.14285714285714285,2.0489795918367344,-1.5982083168963197,-0.5462543676267394,-0.0025456571618344467
0.14285714285714285,2.1897959183673468,-1.66481172293696,-0.6302117505161318,-0.050335810621839894
0.14285714285714285,2.330612244897959,-1.7366825836451132,-0.7138644119970438,-0.10238168408187082
0.14285714285714285,2.4714285714285715,-1.8146743141994137,-0.7974344898113022,-0.15936128332832905
0.14285714285714285,2.6122448979591835,-1.8998451499386608,-0.8811268994506265,-0.22213164832241103
0.14285714285714285,2.753061224489796,-1.9935164465395383,-0.9651276764727782,-0.2917957582221821
0.14285714285714285,2.8938775510204082,-2.097340520701387,-1.0495999618178289,-0.36980441026570054
0.14285714285714285,3.03469387755102,-2.213358736246032,-1.1346768925212893,-0.4581172858142678
0.14285714285714285,3.1755102040816325,-2.3439750397840413,-1.2204501343402219,-0.5594697078085848
0.14285714285714285,3.316326530612245,-2.4915868173057816,-1.306951857574329,-0.6778413529856215
0.14285714285714285,3.457142857142857,-2.6570188380767528,-1.3941281635798033,-0.8193420132854012
0.14285714285714285,3.5979591836734692,-2.834161975823451,-1.4818006205452512,-0.9940564566623258
0.14285714285714285,3.7387755102040816,-2.9955448332962757,-1.569612042241664,-1.2204406407584287
0.14285714285714285,3.8795918367346935,-3.076542077910575,-1.6569536960517608,-1.5381112896184388
0.14285714285714285,4.020408163265306,-3.02275909441046,-1.7428764286859377,-2.059767792810346
0.14285714285714285,4.161224489795918,-2.872399612868859,-1.8259922365686945,-3.2462754031289704
0.14285714285714285,4.302040816326531,-2.6955578528619175,-1.9043983848097708,-2.2387971406679474
0.14285714285714285,4.442857142857143,-2.5270579005212435,-1.975677724013059,-1.5900184888239974
0.14285714285714285,4.5836734693877546,-2.3759673209748624,-2.0370538625693837,-1.208347383469212
0.14285714285714285,4.724489795918367,-2.2422804118604334,-2.085767901485963,-0.9353684177286864
0.14285714285714285,4.865306122448979,-2.123733839073808,-2.119648967539278,-0.7211246535479992
0.14285714285714285,5.006122448979592,-2.017873307537793,-2.13769163999085,-0.5435863536780968
0.14285714285714285,5.146938775510204,-1.922572322404333,-2.140356941891903,-0.391100885999391
0.14285714285714285,5.2877551020408164,-1.836099475033096,-2.129420842362188,-0.2567545433380131
0.14285714285714285,5.428571428571429,-1.7570688799326657,-2.1074611730725725,-0.1361054337070472
0.14285714285714285,5.56938775510204,-1.6843718114995625,-2.077255639659899,-0.02612697437095139
0.14285714285714285,5.710204081632653,-1.6171158427403607,-2.0413272243928935,0.07533909549559499
0.14285714285714285,5.851020408163265,-1.5545763552049612,-2.0017166940007423,0.1698889850044668
0.14285714285714285,5.9918367346938775,-1.496159337557818,-1.9599384386405276,0.2587393428619771
0.14285714285714285,6.13265306122449,-1.4413731687251907,-1.9170385588828525,0.3428416784536942
0.14285714285714285,6.273469387755102,-1.3898072163498731,-1.8736899982571602,0.42295708751098626
0.14285714285714285,6.414285714285714,-1.341115517770219,-1.830287822204505,0.4997066024928048
0.14285714285714285,6.555102040816326,-1.2950042416226428,-1.787029223965715,0.5736064105544427
0.14285714285714285,6.6959183673469385,-1.2512219694707105,-1.7439750386756154,0.6450931872194727
0.14285714285714285,6.836734693877551,-1.2095520927977432,-1.7010949172755268,0.7145425240866355
0.14285714285714285,6.977551020408163,-1.1698068120855794,-1.6582995060952805,0.7822828530286629
0.14285714285714285,7.118367346938776,-1.1318223590811045,-1.6154631485514364,0.8486060619600679
0.14285714285714285,7.259183673469387,-1.095455161929779,-1.572439360577243,0.9137761512045162
0.14285714285714285,7.4,-1.06057874142379,-1.5290718339864384,0.9780359111514869
0.16326530612244897,0.5,-1.0774506446988963,0.4829943949357971,0.34572960481957754
0.16326530612244897,0.6408163265306123,-1.1139933894625984,0.3745272317018492,0.3238372693165989
0.16326530612244897,0.7816326530612245,-1.1520976636221814,0.2704327130693119,0.30032977349710926
0.16326530612244897,0.9224489795918367,-1.1919054403690172,0.1702165739355213,0.2751607305848807
0.16326530612244897,1.063265306122449,-1.233577409352839,0.07338038944753132,0.2482539897122257
0.16326530612244897,1.2040816326530612,-1.2772967685393872,-0.020547298144035664,0.21950446295831988
0.16326530612244897,1.3448979591836734,-1.3232738482619648,-0.1120009980051822,0.18877725996592748
0.16326530612244897,1.4857142857142858,-1.3717518436447085,-0.20137714639605855,0.15590521745257102
0.16326530612244897,1.626530612244898,-1.423014016212112,-0.28903665238199405,0.12068475246837604
0.16326530612244897,1.76734693877551,-1.47739284616785,-0.3753087406579047,0.08286976903590768
0.16326530612244897,1.9081632653061225,-1.5352817873904379,-0.46049500985891556,0.04216315839496532
0.16326530612244897,2.0489795918367344,-1.597150512471595,-0.5448731416172116,-0.0017948749984013819
0.16326530612244897,2.1897959183673468,-1.6635648529174876,-0.6287000001038267,-0.04944281443610625
0.16326530612244897,2.330612244897959,-1.735213044529952,-0.7122139266981174,-0.1013199675684381
0.16326530612244897,2.4714285714285715,-1.812940331820065,-0.7956360178464402,-0.15809758190003517
0.16326530612244897,2.6122448979591835,-1.8977942431222192,-0.8791701187018484,-0.2206234886212853
0.16326530612244897,2.753061224489796,-1.9910821343978269,-0.9630012032571642,-0.2899878054878148
0.16326530612244897,2.8938775510204082,-2.094438391657852,-1.0472914318688167,-0.36762282579214806
0.16326530612244897,3.03469387755102,-2.209882980535922,-1.132173161243466,-0.4554606414420627
0.16326530612244897,3.1755102040816325,-2.3398000731671385,-1.2177376793489139,-0.5561935893068145
0.16326530612244897,3.316326530612245,-2.4865908276657045,-1.3040175129606848,-0.673730543322981
0.16326530612244897,3.457142857142857,-2.6511868711214253,-1.3909603659454497,-0.8140559901702936
0.16326530612244897,3.5979591836734692,-2.8279407609197627,-1.4783914391908644,-0.9870103450146365
0.16326530612244897,3.7387755102040816,-2.990702529895462,-1.5659603606988455,-1.210502284152939
0.16326530612244897,3.8795918367346935,-3.0763836604866155,-1.6530699586367303,-1.522629374182737
0.16326530612244897,4.020408163265306,-3.028275643793792,-1.7387892561562426,-2.0299416901224703
0.16326530612244897,4.161224489795918,-2.8807583656356552,-1.821756795782693,-3.186215374918324
0.16326530612244897,4.302040816326531,-2.7043797371643565,-1.9001051399912956,-2.2840695961904967
0.16326530612244897,4.442857142857143,-2.535457391560022,-1.9714582649716197,-1.613725576192727
0.16326530612244897,4.5836734693877546,-2.383754358422893,-2.033077719509311,-1.2249420363430659
0.16326530612244897,4.724489795918367,-2.249484021091559,-2.0822253350125854,-0.9485204659265777
0.16326530612244897,4.865306122448979,-2.1304351238643378,-2.116718057065593,-0.7322781920439039
0.16326530612244897,5.006122448979592,-2.0241552365794226,-2.1355004412660517,-0.5534554469362876
0.16326530612244897,5.146938775510204,-1.928506883522567,-2.1389577954962196,-0.40009154171049593
0.16326530612244897,5.2877551020408164,-1.841746120861077,-2.1287891239731267,-0.26512079359091895
0.16326530612244897,5.428571428571429,-1.762476048801858,-2.1075156988500026,-0.1440178753045249
0.16326530612244897,5.56938775510204,-1.689578984313241,-2.077887501335939,-0.03370676730629796
0.16326530612244897,5.710204081632653,-1.6221554069448185,-2.042424494102629,0.06800181322432437
0.16326530612244897,5.851020408163265,-1.5594751213124798,-2.003179747459,0.1627243860401533
0.16326530612244897,5.9918367346938775,-1.5009397263417448,-1.9616865925106521,0.25169132735189226
0.16326530612244897,6.13265306122449,-1.446054128747223,-1.919011053385707,0.3358636121082502
0.16326530612244897,6.273469387755102,-1.3944049320684329,-1.8758441414563447,0.41600892146429497
0.16326530612244897,6.414285714285714,-1.3456439584585107,-1.8325961309069605,0.49275288518679367
0.16326530612244897,6.555102040816326,-1.299475589521089,-1.7894765765513536,0.5666147898444188
0.16326530612244897,6.6959183673469385,-1.2556469571535689,-1.7465561944956878,0.6380332984192872
0.16326530612244897,6.836734693877551,-1.2139402710012175,-1.7038125284008103,0.7073850830880694
0.16326530612244897,6.977551020408163,-1.1741667647809884,-1.6611625799486098,0.7749988987466856
0.16326530612244897,7.118367346938776,-1.1361618779062619,-1.6184858497131918,0.8411663184338636
0.16326530612244897,7.259183673469387,-1.0997813889151458,-1.575640189240845,0.9061503474819659
0.16326530612244897,7.4,-1.0648982875410566,-1.5324729398210082,0.9701921973772616
0.18367346938775508,0.5,-1.0773614042855177,0.4832484198161967,0.3457835018723071
0.18367346938775508,0.6408163265306123,-1.1138645029200476,0.3748695612942645,0.32391696001926273
0.18367346938775508,0.7816326530612245,-1.1519225196043756,0.27086608006258983,0.3004403359157292
0.18367346938775508,0.9224489795918367,-1.1916769311247213,0.170743053866566,0.2753076602542756
0.18367346938775508,1.063265306122449,-1.2332877205652253,0.07400194497976935,0.2484433461717047
0.18367346938775508,1.2040816326530612,-1.2769371538529544,-0.019828484004604897,0.21974303777049176
0.18367346938775508,1.3448979591836734,-1.322834372266048,-0.11118231320069416,0.18907277433325212
0.18367346938775508,1.4857142857142858,-1.3712210755242347,-0.20045541305006126,0.1562665610767305
0.18367346938775508,1.626530612244898,-1.422378652605787,-0.2880080298653507,0.12112227951687793
0.18367346938775508,1.76734693877551,-1.4766372355796809,-0.3741686499191394,0.0833956734489771
0.18367346938775508,1.9081632653061225,-1.5343873191599968,-0.45923806735356043,0.042791959408750524
0.18367346938775508,2.0489795918367344,-1.5960948197147367,-0.5434930973251423,-0.0010456916834065738
0.18367346938775508,2.1897959183673468,-1.6623207597218281,-0.6271896772175879,-0.04855193337103371
0.18367346938775508,2.330612244897959,-1.7337471621229192,-0.7105651644348708,-0.10026105597698316
0.18367346938775508,2.4714285714285715,-1.811211177915161,-0.7938396234719479,-0.15683761780251726
0.18367346938775508,2.6122448979591835,-1.895749734528826,-0.8772158381489032,-0.219120345081568
0.18367346938775508,2.753061224489796,-1.988656329188255,-0.9608777314289627,-0.288186654700114
0.18367346938775508,2.8938775510204082,-2.091547585586086,-1.0449864910538507,-0.365450594603929
0.18367346938775508,3.03469387755102,-2.2064222013505863,-1.1296737018566525,-0.452817100410169
0.18367346938775508,3.1755102040816325,-2.335644382481686,-1.215030274663077,-0.5529362925400642
0.18367346938775508,3.316326530612245,-2.481617476089227,-1.3010890812853815,-0.6696477048337129
0.18367346938775508,3.457142857142857,-2.645373255334111,-1.3877993945287557,-0.8088135607796808
0.18367346938775508,3.5979591836734692,-2.8217036114433087,-1.4749899748839865,-0.9800370661266221
0.18367346938775508,3.7387755102040816,-2.9857370464694046,-1.5623171308550436,-1.2006995594218508
0.18367346938775508,3.8795918367346935,-3.0759732934455073,-1.6491950026084936,-1.5074524639875726
0.18367346938775508,4.020408163265306,-3.033599493169587,-1.7347104284397001,-2.001120873890004
0.18367346938775508,4.161224489795918,-2.889064089699535,-1.817527969646643,-3.118026106086216
0.18367346938775508,4.302040816326531,-2.7132189319260656,-1.8958148371946517,-2.331476213152176
0.18367346938775508,4.442857142857143,-2.543894732099486,-1.9672355343734789,-1.6380057286112557
0.18367346938775508,4.5836734693877546,-2.3915813203826937,-2.0290896230771662,-1.2417971450456253
0.18367346938775508,4.724489795918367,-2.2567242170164366,-2.078660256330608,-0.9618229859070803
0.18367346938775508,4.865306122448979,-2.1371685726857774,-2.1137540220580484,-0.7435306171984712
0.18367346938775508,5.006122448979592,-2.0304651221320578,-2.1332676730142137,-0.563394753978962
0.18367346938775508,5.146938775510204,-1.9344657254946618,-2.1375124645845744,-0.4091345527192274
0.18367346938775508,5.2877551020408164,-1.847413913930233,-2.1281107972284405,-0.27352730187947977
0.18367346938775508,5.428571428571429,-1.7679016990697118,-2.1075265412780464,-0.15196181662550942
0.18367346938775508,5.56938775510204,-1.69480235350043,-2.0784805623710247,-0.04131135050181325
0.18367346938775508,5.710204081632653,-1.6272091850497408,-2.043488507759101,0.06064514321001902
0.18367346938775508,5.851020408163265,-1.5643863563777691,-2.0046148485280293,0.15554495309399544
0.18367346938775508,5.9918367346938775,-1.5057310241038826,-1.9634113599014458,0.2446324836807833
0.18367346938775508,6.13265306122449,-1.4507445804372079,-1.9209637861110753,0.32887838408718506
0.18367346938775508,6.273469387755102,-1.3990108305791253,-1.8779811730495382,0.40905707749415415
0.18367346938775508,6.414285714285714,-1.3501793535267634,-1.8348890489678247,0.4857989209605026
0.18367346938775508,6.555102040816326,-1.3039527200847885,-1.7919094134629758,0.5596263704287247
0.18367346938775508,6.6959183673469385,-1.2600765928097093,-1.7491229232163956,0.6309802072596653
0.18367346938775508,6.836734693877551,-1.218331981852982,-1.7065150787236216,0.7002382612919317
0.18367346938775508,6.977551020408163,-1.1785291384019785,-1.6640092741410482,0.7677297085278791
0.18367346938775508,7.118367346938776,-1.1405026948771424,-1.6214901926694134,0.8337459044441491
0.18367346938775508,7.259183673469387,-1.1041077661838026,-1.5788200215954233,0.8985489797682453
0.18367346938775508,7.4,-1.0692167971611302,-1.5358497422783073,0.9623786999566224
0.2040816326530612,0.5,-1.0772722098456473,0.48350234673321885,0.3458373679777716
0.2040816326530612,0.6408163265306123,-1.1137356965208336,0.37521174604288415,0.3239965955279696
0.2040816326530612,0.7816326530612245,-1.1517475024509563,0.271299251932024,0.3005508093530363
0.2040816326530612,0.9224489795918367,-1.191448610873105,0.17126928430330118,0.27545445539723895
0.2040816326530612,1.063265306122449,-1.232998302160997,0.07462319072206501,0.24863250783506258
0.2040816326530612,1.2040816326530612,-1.2765779153241672,-0.019110048490823716,0.21998133885011092
0.2040816326530612,1.3448979591836734,-1.3223954093464751,-0.11036408749609451,0.18936791214148965
0.2040816326530612,1.4857142857142858,-1.370690997473235,-0.1995342345376138,0.1566273944982093
0.2040816326530612,1.626530612244898,-1.421744207986547,-0.2869800772115064,0.12155912266247905
0.2040816326530612,1.76734693877551,-1.4758828406596534,-0.3730293679669333,0.08392066777385432
0.2040816326530612,1.9081632653061225,-1.5334944523992078,-0.4579821040144956,0.04341955473350341
0.2040816326530612,2.0489795918367344,-1.5950412323970393,-0.5421142329567138,-0.0002981023522008708
0.2040816326530612,2.1897959183673468,-1.6610794340032795,-0.6256807792283703,-0.04766316004893783
0.2040816326530612,2.330612244897959,-1.7322849224490147,-0.7089181216295246,-0.09920493809895786
0.2040816326530612,2.4714285714285715,-1.809486831661981,-0.7920453015219114,-0.1555813738908052
0.2040816326530612,2.6122448979591835,-1.8937115932734048,-0.8752640506835746,-0.21762219131413016
0.2040816326530612,2.753061224489796,-1.9862389856231077,-0.9587572513069441,-0.2863922645430392
0.2040816326530612,2.8938775510204082,-2.0886680379188003,-1.042685126716364,-0.3632876509106189
0.2040816326530612,3.03469387755102,-2.202976313461006,-1.1271784982066495,-0.4501865549489979
0.2040816326530612,3.1755102040816325,-2.3315078810829437,-1.2123278997577038,-0.5496976343777408
0.2040816326530612,3.316326530612245,-2.4766667804540177,-1.2981665374896567,-0.6655925103069292
0.2040816326530612,3.457142857142857,-2.6395785370065843,-1.3846452202319195,-0.8036140978217751
0.2040816326530612,3.5979591836734692,-2.8154529039815754,-1.471596196602929,-0.9731352873948118
0.2040816326530612,3.7387755102040816,-2.9806539546242474,-1.558682322330726,-1.191029155227543
0.2040816326530612,3.8795918367346935,-3.0753128498841282,-1.645328813791717,-1.4925697179165158
0.2040816326530612,4.020408163265306,-3.0387238816474977,-1.7306399633677032,-1.9732464912224847
0.2040816326530612,4.161224489795918,-2.897311619137428,-1.8133058261179658,-3.0461794800470856
0.2040816326530612,4.302040816326531,-2.7220736168043342,-1.8915276524360516,-2.3812092060257486
0.2040816326530612,4.442857142857143,-2.5523696077582643,-1.9630099048347383,-1.6628893597477223
0.2040816326530612,4.5836734693877546,-2.3994483895254923,-2.025090030678378,-1.2589221142513958
0.2040816326530612,4.724489795918367,-2.2640013112374153,-2.07507323041737,-0.9752801902266981
0.2040816326530612,4.865306122448979,-2.1439345060486645,-2.110757436431042,-0.7548842445455686
0.2040816326530612,5.006122448979592,-2.0368032586278435,-2.1309937932903034,-0.5734057260690278
0.2040816326530612,5.146938775510204,-1.9404491100556014,-2.136021194678126,-0.41823091695311204
0.2040816326530612,5.2877551020408164,-1.8531030856627586,-2.1273858704631867,-0.281974804854657
0.2040816326530612,5.428571428571429,-1.7733460366091849,-2.1074935146369156,-0.15993783571776876
0.2040816326530612,5.56938775510204,-1.7000421043319043,-2.079034511471582,-0.048941197891231435
0.2040816326530612,5.710204081632653,-1.632277346178199,-2.044518901551263,0.05326867752582385
0.2040816326530612,5.851020408163265,-1.569310217238846,-2.006021634100784,0.14835032009119337
0.2040816326530612,5.9918367346938775,-1.5105333787256674,-1.9651124122853043,0.23756246944176523
0.2040816326530612,6.13265306122449,-1.4554446656356437,-1.9228964813069174,0.3218856619770852
0.2040816326530612,6.273469387755102,-1.4036250503053884,-1.8801008783846922,0.40210122163491907
0.2040816326530612,6.414285714285714,-1.354721840171211,-1.8371664341856166,0.4788443355943278
0.2040816326530612,6.555102040816326,-1.3084357720617872,-1.79432764997074,0.5526407820961227
0.2040816326530612,6.6959183673469385,-1.264511018915379,-1.7516752070733925,0.6239335139714053
0.2040816326530612,6.836734693877551,-1.2227273737516107,-1.709202623219086,0.6931016019225841
0.2040816326530612,6.977551020408163,-1.1828940898834228,-1.6668397182637145,0.7604747594612603
0.2040816326530612,7.118367346938776,-1.1448449782171535,-1.6244763878185537,0.8263442123243144
0.2040816326530612,7.259183673469387,-1.1084344763149305,-1.5819791565837127,0.8909713327578748
0.2040816326530612,7.4,-1.0735344707004755,-1.539202640809408,0.9545945659563011
0.22448979591836732,0.5,-1.0771830613568725,0.48375617569356916,0.34589120315238253
0.22448979591836732,0.6408163265306123,-1.1136069702181517,0.37555378594218547,0.32407617587793314
0.22448979591836732,0.7816326530612245,-1.1515726120734673,0.2717322286569704,0.3006611938764855
0.22448979591836732,0.9224489795918367,-1.1912204794566923,0.17179526521488755,0.27560111613448907
0.22448979591836732,1.063265306122449,-1.232709153871145,0.07524412665676482,0.24882147490864684
0.22448979591836732,1.2040816326530612,-1.276219052507763,-0.01839199159582411,0.2202193665389524
0.22448979591836732,1.3448979591836734,-1.3219569587847204,-0.10954632081773966,0.18966267394214242
0.22448979591836732,1.4857142857142858,-1.3701616083559762,-0.19861361064653638,0.15698771858928945
0.22448979591836732,1.626530612244898,-1.4211106805888787,-0.2859527939997082,0.12199528326347278
0.22448979591836732,1.76734693877551,-1.4751296586984555,-0.37189089373943046,0.08444475393559357
0.22448979591836732,1.9081632653061225,-1.5326031829884665,-0.4567271139459461,0.04404594759338754
0.22448979591836732,2.0489795918367344,-1.5939897443166644,-0.5407365467261451,0.00044789783788127825
0.22448979591836732,2.1897959183673468,-1.6598408664602622,-0.6241733035196027,-0.04677648713009079
0.22448979591836732,2.330612244897959,-1.7308263116079718,-0.707272794674697,-0.09815160279161421
0.22448979591836732,2.4714285714285715,-1.8077672723537115,-0.790253046737749,-0.15432883320631433
0.22448979591836732,2.6122448979591835,-1.8916797886634436,-0.8733147492234336,-0.21612900113213704
0.22448979591836732,2.753061224489796,-1.983830058515251,-0.9566397297261873,-0.28460460841187907
0.22448979591836732,2.8938775510204082,-2.085799684441152,-1.0403873263984673,-0.3611339295893581
0.22448979591836732,3.03469387755102,-2.19954523179431,-1.1246875341313618,-0.4475688985803793
0.22448979591836732,3.1755102040816325,-2.3273904810122223,-1.2096305342425855,-0.5464774342754217
0.22448979591836732,3.316326530612245,-2.4717387506434445,-1.2952498566546389,-0.6615646381030823
0.22448979591836732,3.457142857142857,-2.6338032291233735,-1.3814978140984593,-0.7984569871480872
0.22448979591836732,3.5979591836734692,-2.8091909158864974,-1.4682100733953114,-0.9663037117163565
0.22448979591836732,3.7387755102040816,-2.975458763097075,-1.5550559041215404,-1.1814878771938397
0.22448979591836732,3.8795918367346935,-3.0744046202683237,-1.641471392140468,-1.4779708166219578
0.22448979591836732,4.020408163265306,-3.043642175788921,-1.7265778773159144,-1.946264246604949
0.22448979591836732,4.161224489795918,-2.9054955874596513,-1.8090904460337305,-2.973735008668402
0.22448979591836732,4.302040816326531,-2.730941850561999,-1.887243757222662,-2.4334817158744206
0.22448979591836732,4.442857142857143,-2.5608816603321407,-1.9587816781723062,-1.6884091010909335
0.22448979591836732,4.5836734693877546,-2.407355735868525,-2.021079391847181,-1.276326855675049
0.22448979591836732,4.724489795918367,-2.27131561367217,-2.071464818051858,-0.988896465072632
0.22448979591836732,4.865306122448979,-2.150733246264072,-2.107728875858273,-0.766341466197476
0.22448979591836732,5.006122448979592,-2.043169943183958,-2.1286792682389737,-0.5834898546171665
0.22448979591836732,5.146938775510204,-1.9464573016081448,-2.1344842447868597,-0.42738165609385853
0.22448979591836732,5.2877551020408164,-1.8588138698522083,-2.126614366365869,-0.290464054058737
0.22448979591836732,5.428571428571429,-1.7788092693035746,-2.107416441718555,-0.1679465175249107
0.22448979591836732,5.56938775510204,-1.7052984237381155,-2.0795490449119804,-0.05659679017757971
0.22448979591836732,5.710204081632653,-1.6373600607895178,-2.0455153150326,0.04587200360950902
0.22448979591836732,5.851020408163265,-1.5742468617713823,-2.0073997415761164,0.14114011735072104
0.22448979591836732,5.9918367346938775,-1.5153469388555223,-1.9667894188640385,0.23048094047877601
0.22448979591836732,6.13265306122449,-1.460154526686638,-1.924808859422808,0.31488511275266656
0.22448979591836732,6.273469387755102,-1.40824772988105,-1.8822030388912228,0.39514101712174393
0.22448979591836732,6.414285714285714,-1.3592715560492408,-1.8394281293093682,0.47188880704617986
0.22448979591836732,6.555102040816326,-1.312924883875945,-1.796731197253752,0.5456576562162266
0.22448979591836732,6.6959183673469385,-1.2689503770167267,-1.7542130288962672,0.6168927998192886
0.22448979591836732,6.836734693877551,-1.2271265940915828,-1.7118751992298715,0.6859746649267058
0.22448979591836732,6.977551020408163,-1.1872617747187897,-1.669654033895995,0.7532335376003042
0.22448979591836732,7.118367346938776,-1.1491888942996933,-1.6274446179601199,0.8189606621428889
0.22448979591836732,7.259183673469387,-1.1127616993085603,-1.5851178827567254,0.8834167063113056
0.22448979591836732,7.4,-1.0778515052357327,-1.5425320239505644,0.9468389619335378
0.24489795918367346,0.5,-1.077093958796784,0.4840099067040023,0.3459450074125455
0.24489795918367346,0.6408163265306123,-1.1134783239652117,0.3758956809867748,0.3241557011043558
0.24489795918367346,0.7816326530612245,-1.1513978483835052,0.27216501021690087,0.30077148955346483
0.24489795918367346,0.9224489795918367,-1.1909925367181537,0.17232099657057875,0.27574764258660966
0.24489795918367346,1.063265306122449,-1.232420275427004,0.07586475274245667,0.24901024759895618
0.24489795918367346,1.2040816326530612,-1.2758605649592336,-0.01767431331295071,0.22045712117818259
0.24489795918367346,1.3448979591836734,-1.3215190198637694,-0.10872901308548727,0.18995706028554177
0.24489795918367346,1.4857142857142858,-1.3696329070395572,-0.19769354116580448,0.1573475342200558
0.24489795918367346,1.626530612244898,-1.4204780686524172,-0.28492617981123525,0.1224307626741565
0.24489795918367346,1.76734693877551,-1.4743776869979972,-0.3707532271725199,0.08496793434934025
0.24489795918367346,1.9081632653061225,-1.5317135068326537,-0.4554730983147549,0.04467114114804501
0.24489795918367346,2.0489795918367344,-1.5929403492984973,-0.5393600368556597,0.0011923137076951269
0.24489795918367346,2.1897959183673468,-1.6586050478360528,-0.6226672474851241,-0.04589190731263021
0.24489795918367346,2.330612244897959,-1.7293713157741761,-0.7056291798569144,-0.09710103897801736
0.24489795918367346,2.4714285714285715,-1.806052479333622,-0.7884628416456632,-0.15307998607841483
0.24489795918367346,2.6122448979591835,-1.8896542901986464,-0.8713679264394635,-0.21464074855058865
0.24489795918367346,2.753061224489796,-1.9814295034822926,-0.9545252036578407,-0.28282361731256433
0.24489795918367346,2.8938775510204082,-2.0829424612931824,-1.0380930777339181,-0.3589893661728945
0.24489795918367346,3.03469387755102,-2.196128871452293,-1.1222007935535112,-0.4449640260938581
0.24489795918367346,3.1755102040816325,-2.3232920930891856,-1.2069381578212575,-0.543275514244703
0.24489795918367346,3.316326530612245,-2.4668333889369487,-1.2923390140018767,-0.6575637720314328
0.24489795918367346,3.457142857142857,-2.628047812754613,-1.3783571472810634,-0.7933416274092387
0.24489795918367346,3.5979591836734692,-2.8029198276890326,-1.4648315743804476,-0.959541076252407
0.24489795918367346,3.7387755102040816,-2.970156907601994,-1.551437849575602,-1.1720726327991835
0.24489795918367346,3.8795918367346935,-3.073251300004264,-1.6376226925243715,-1.4636460474876916
0.24489795918367346,4.020408163265306,-3.0483478980139593,-1.722524185208465,-1.92012400855852
0.24489795918367346,4.161224489795918,-2.9136104280076083,-1.8048819021241873,-2.902587043066298
0.24489795918367346,4.302040816326531,-2.73982156548924,-1.8829633185299735,-2.4885285965221895
0.24489795918367346,4.442857142857143,-2.569430484707685,-1.9545511512456872,-1.714600242595345
0.24489795918367346,4.5836734693877546,-2.415303515760356,-2.0170581487126373,-1.2940218250863065
0.24489795918367346,4.724489795918367,-2.2786674322207032,-2.0678355754024396,-1.00267637881894
0.24489795918367346,4.865306122448979,-2.1575651173726573,-2.104668915740181,-0.7779047541744414
0.24489795918367346,5.006122448979592,-2.049565475596222,-2.1263245716859744,-0.5936486727379366
0.24489795918367346,5.146938775510204,-1.952490567248831,-2.1329018864856746,-0.43658781573059413
0.24489795918367346,5.2877551020408164,-1.8645465026906607,-2.125796322671409,-0.29899581716954915
0.24489795918367346,5.428571428571429,-1.784291607091758,-2.107295158980861,-0.17598845831141247
0.24489795918367346,5.56938775510204,-1.7105715003397526,-2.0800238668194506,-0.06427861502320996
0.24489795918367346,5.710204081632653,-1.6424575007086184,-2.046477391357634,0.0384547041511793
0.24489795918367346,5.851020408163265,-1.5791964489194643,-2.0087488085086798,0.13391397212014977
0.24489795918367346,5.9918367346938775,-1.5201718539336624,-1.9684420464874521,0.22338755076398417
0.24489795918367346,6.13265306122449,-1.464874306465535,-1.9267006373019404,0.3078764026752979
0.24489795918367346,6.273469387755102,-1.4128790082490335,-1.8842874308267779,0.38817613195041833
0.24489795918367346,6.414285714285714,-1.363828638706303,-1.8416739722148454,0.4649320004348658
0.24489795918367346,6.555102040816326,-1.31742019365779,-1.7991199609812456,0.5386766262038998
0.24489795918367346,6.6959183673469385,-1.273394808339319,-1.7567363585375746,0.6098576739042367
0.24489795918367346,6.836734693877551,-1.2315297892640382,-1.714532873720553,0.6788569790901535
0.24489795918367346,6.977551020408163,-1.1916323470238523,-1.6724523345635183,0.7460055376247299
0.24489795918367346,7.118367346938776,-1.1535346072919954,-1.6303951159795758,0.8115946347153704
0.24489795918367346,7.259183673469387,-1.1170896127196188,-1.588236476595684,0.8758844178045737
0.24489795918367346,7.4,-1.0821680946809578,-1.5458382615420638,0.9391110798596423
0.26530612244897955,0.5,-1.0770049021429768,0.4842635397713242,0.3459987807746704
0.26530612244897955,0.6408163265306123,-1.1133497577152407,0.37623743117132163,0.3242351712424197
0.26530612244897955,0.7816326530612245,-1.1512232112927192,0.27259759659139415,0.3008816964513421
0.26530612244897955,0.9224489795918367,-1.1907647825003076,0.1728464783397048,0.2758940348740949
0.26530612244897955,1.063265306122449,-1.232131666560264,0.07648506895341112,0.24919882611192798
0.26530612244897955,1.2040816326530612,-1.2755024522348213,-0.01695701363578377,0.22069460310841438
0.26530612244897955,1.3448979591836734,-1.3210815918681036,-0.10791216421977251,0.19025107172085506
0.26530612244897955,1.4857142857142858,-1.3691048923939018,-0.1967740258855515,0.15770684225840173
0.26530612244897955,1.626530612244898,-1.4198463704219235,-0.2839002342293822,0.12286556224479989
0.26530612244897955,1.76734693877551,-1.4736269228671761,-0.369616367208995,0.08549021092360809
0.26530612244897955,1.9081632653061225,-1.5308254198492626,-0.45422005600653304,0.045295138562088604
0.26530612244897955,2.0489795918367344,-1.5918930411940062,-0.5379847015754218,0.001935150056414932
0.26530612244897955,2.1897959183673468,-1.6573719689185213,-0.621162608532395,-0.045009413332009265
0.26530612244897955,2.330612244897959,-1.7279199211939171,-0.7039872729440376,-0.09605323565280978
0.26530612244897955,2.4714285714285715,-1.8043424322798691,-0.786674706016844,-0.1518348011078075
0.26530612244897955,2.6122448979591835,-1.8876350675679117,-0.869423575651293,-0.21315740778014675
0.26530612244897955,2.753061224489796,-1.979037275923895,-0.9524136405295166,-0.2810492654197558
0.26530612244897955,2.8938775510204082,-2.080096304972197,-1.035802368383383,-0.3568538968385655
0.26530612244897955,3.03469387755102,-2.1927271477292667,-1.119718260492797,-0.4423718335250232
0.26530612244897955,3.1755102040816325,-2.3192126270002857,-1.2042507503254454,-0.540091698789446
0.26530612244897955,3.316326530612245,-2.461950690384317,-1.2894339848950047,-0.6535896012268197
0.26530612244897955,3.457142857142857,-2.622312738403004,-1.3752231910547372,-0.7882674296943076
0.26530612244897955,3.5979591836734692,-2.7966417255864395,-1.4614606687510743,-0.9528461512459812
0.26530612244897955,3.7387755102040816,-2.9647537405587356,-1.547828130615611,-1.1627804399568378
0.26530612244897955,3.8795918367346935,-3.0718559735375623,-1.6337827142183405,-1.4495860883782767
0.26530612244897955,4.020408163265306,-3.0528347555443625,-1.7184789006292616,-1.89477944535135
0.26530612244897955,4.161224489795918,-2.921650375099155,-1.8006802642386162,-2.8338052728202294
0.26530612244897955,4.302040816326531,-2.748710561703048,-1.8786864982052955,-2.54660568316145
0.26530612244897955,4.442857142857143,-2.578015626007051,-1.9503186142675548,-1.7415010198773508
0.26530612244897955,4.5836734693877546,-2.4232918708052433,-2.013026736018988,-1.3120180627769977
0.26530612244897955,4.724489795918367,-2.2860570724010603,-2.0641860496158704,-1.016624687537865
0.26530612244897955,4.865306122448979,-2.16443044501181,-2.1015781340727884,-0.7895766642507993
0.26530612244897955,5.006122448979592,-2.055990158328864,-2.123930184732646,-0.6038837568872901
0.26530612244897955,5.146938775510204,-1.9585491767855445,-2.131274404334506,-0.44585046688296504
0.26530612244897955,5.2877551020408164,-1.8703012228095768,-2.1249317904275142,-0.30757087661148597
0.26530612244897955,5.428571428571429,-1.789793261971545,-2.1071295146695928,-0.18406426488778235
0.26530612244897955,5.56938775510204,-1.7158615244769186,-2.0804586894530117,-0.07198716727077181
0.26530612244897955,5.710204081632653,-1.6475698391532783,-2.0474047775927873,0.031016356904336476
0.26530612244897955,5.851020408163265,-1.5841591387288103,-2.0100684720510853,0.12667150921280593
0.26530612244897955,5.9918367346938775,-1.5250082742210154,-1.970069961016116,0.2162819518630967
0.26530612244897955,6.13265306122449,-1.4696041484048301,-1.9285715281731652,0.3008591971852496
0.26530612244897955,6.273469387755102,-1.4175190246434355,-1.8863538255329704,0.3812062334882814
0.26530612244897955,6.414285714285714,-1.368393225029329,-1.8439037980673372,0.4579735324776089
0.26530612244897955,6.555102040816326,-1.3219218392491576,-1.8014938417646693,0.5316973254946395
0.26530612244897955,6.6959183673469385,-1.277844453460766,-1.7592451619124219,0.6028277416333802
0.26530612244897955,6.836734693877551,-1.2359371048041785,-1.71717566426766,0.671748122856368
0.26530612244897955,6.977551020408163,-1.1960059595998198,-1.6752347260513474,0.7387902625117226
0.26530612244897955,7.118367346938776,-1.15788227989749,-1.633328043081022,0.8042455749921112
0.26530612244897955,7.259183673469387,-1.1214183917217326,-1.5913352046777745,0.8683737984082306
0.26530612244897955,7.4,-1.0864844298704808,-1.5491217153768397,0.931410126969882
0.2857142857142857,0.5,-1.0769158913730472,0.4845170749024383,0.3460525232551489
0.2857142857142857,0.6408163265306123,-1.1132212714214778,0.37657903649063396,0.32431458632728943
0.2857142857142857,0.7816326530612245,-1.1510487007128105,0.27302998776015114,0.300991814637418
0.2857142857142857,0.9224489795918367,-1.1905372166461183,0.1733717104916916,0.27604029311729095
0.2857142857142857,1.063265306122449,-1.2318433270029614,0.07710507526388993,0.2493872106532195
0.2857142857142857,1.2040816326530612,-1.2751447138915162,-0.01624009255811532,0.2209318126696511
0.2857142857142857,1.3448979591836734,-1.3206446740836963,-0.10709577414160719,0.1905447087960924
0.2857142857142857,1.4857142857142858,-1.3685775632917458,-0.19585506459706026,0.15806564357004893
0.2857142857142857,1.626530612244898,-1.4192155841472665,-0.2828749568394604,0.12329968332170897
0.2857142857142857,1.76734693877551,-1.4728773636245585,-0.3684803131279123,0.08601158572715126
0.2857142857142857,1.9081632653061225,-1.5299389179714655,-0.4529679858632446,0.045917942987523205
0.2857142857142857,2.0489795918367344,-1.5908478138810984,-0.5366105391233901,0.0026764116616574884
0.2857142857142857,2.1897959183673468,-1.6561416205398771,-0.6196593840804221,-0.044128997960970355
0.2857142857142857,2.330612244897959,-1.7264721141934294,-0.7023470710068765,-0.0950081818560792
0.2857142857142857,2.4714285714285715,-1.802637110779761,-0.7848886221462694,-0.15059326903641893
0.2857142857142857,2.6122448979591835,-1.8856220906496974,-0.8674816897919941,-0.21167895323081706
0.2857142857142857,2.753061224489796,-1.9766533316863,-0.9503050316058422,-0.2792815129007188
0.2857142857142857,2.8938775510204082,-2.07726115233415,-1.0335151860896317,-0.35472745840046577
0.2857142857142857,3.03469387755102,-2.189339976143525,-1.1172399193421696,-0.43979221753375125
0.2857142857142857,3.1755102040816325,-2.315151991383263,-1.2015682917109414,-0.5369258148613213
0.2857142857142857,3.316326530612245,-2.4570906431645163,-1.2865347448343656,-0.6496418200326918
0.2857142857142857,3.457142857142857,-2.616598427303505,-1.3720959169257545,-0.7832338171761805
0.2857142857142857,3.5979591836734692,-2.7903586039845503,-1.458097325777496,-0.946217738888829
0.2857142857142857,3.7387755102040816,-2.95925452187682,-1.5442265491884701,-1.1536087037777387
0.2857142857142857,3.8795918367346935,-3.0702220978706545,-1.6299514408398748,-1.435782100805198
0.2857142857142857,4.020408163265306,-3.05709666965878,-1.7144420358304306,-1.8701876904706056
0.2857142857142857,4.161224489795918,-2.9296094662471175,-1.7964855996127753,-2.7679241331674516
0.2857142857142857,4.302040816326531,-2.7576065013234214,-1.8744134536051633,-2.607986116914762
0.2857142857142857,4.442857142857143,-2.5866365765694894,-1.94608435089092,-1.7691529439313833
0.2857142857142857,4.5836734693877546,-2.4313209267211433,-2.0089855811255113,-1.3303272377913007
0.2857142857142857,4.724489795918367,-2.2934848370042906,-2.060516781229496,-1.0307463492510416
0.2857142857142857,4.865306122448979,-2.1713295563307473,-2.0984571056005654,-0.8013598396564128
0.2857142857142857,5.006122448979592,-2.0624442965015244,-2.121496595342324,-0.6141967285728108
0.2857142857142857,5.146938775510204,-1.964633402760708,-2.129602095363127,-0.4551707066476589
0.2857142857142857,5.2877551020408164,-1.8760782713059507,-2.1240208349887215,-0.31619003122518763
0.2857142857142857,5.428571428571429,-1.7953144480622114,-2.1069193673760065,-0.19217455355765034
0.2857142857142857,5.56938775510204,-1.7211686882415491,-2.0808532334770957,-0.07972294916336674
0.2857142857142857,5.710204081632653,-1.6526972507633548,-2.0482971249915907,0.023556534528514854
0.2857142857142857,5.851020408163265,-1.589135092363736,-2.01135837068398,0.11941234942070876
0.2857142857142857,5.9918367346938775,-1.5298563508235334,-1.971672826909875,0.20916379288471823
0.2857142857142857,6.13265306122449,-1.4743441965214408,-1.9304212419794755,0.2938331607976694
0.2857142857142857,6.273469387755102,-1.4221679186231717,-1.88840199053875,0.37423098885083494
0.2857142857142857,6.414285714285714,-1.3729654521286696,-1.8461174386337618,0.4510130598041773
0.2857142857142857,6.555102040816326,-1.326429958378223,-1.8038527329854068,0.5247193977642349
0.2857142857142857,6.6959183673469385,-1.2822994524461384,-1.7617394016827412,0.5958026110439046
0.2857142857142857,6.836734693877551,-1.2403486853676542,-1.7198035984436084,0.6646476633266257
0.2857142857142857,6.977551020408163,-1.200382763991231,-1.6780013064590173,0.7315872232129017
0.2857142857142857,7.118367346938776,-1.1622320730260813,-1.6362435694633433,0.7969129250260428
0.2857142857142857,7.259183673469387,-1.1257482092158169,-1.5944143231868053,0.8608841936961378
0.2857142857142857,7.4,-1.0908006987000538,-1.5523827311305438,0.9237353342806167
0.3061224489795918,0.5,-1.0768269264645967,0.484770512104279,0.3461062348703838
0.3061224489795918,0.6408163265306123,-1.1130928650371772,0.3769204969395866,0.32439394639411445
0.3061224489795918,0.7816326530612245,-1.1508743165555333,0.273462183702979,0.3011018441789562
0.3061224489795918,0.9224489795918367,-1.1903098389986961,0.17389669299605126,0.2761864174364275
0.3061224489795918,1.063265306122449,-1.2315552564874834,0.07772477164813456,0.24957540142822401
0.3061224489795918,1.2040816326530612,-1.2747873494870636,-0.01552355005792866,0.22116875020100735
0.3061224489795918,1.3448979591836734,-1.3202082657980048,-0.1062798427725839,0.19083797205811662
0.3061224489795918,1.4857142857142858,-1.3680509186086303,-0.19493665709275504,0.15842393901853336
0.3061224489795918,1.626530612244898,-1.4185857080834012,-0.28185034722878316,0.12373312724721056
0.3061224489795918,1.76734693877551,-1.4721290065976802,-0.3673450642116051,0.0865320608216383
0.3061224489795918,1.9081632653061225,-1.5290539971478931,-0.4517168867293595,0.046539557563787456
0.3061224489795918,2.0489795918367344,-1.5898046612639782,-0.5352375477459381,0.00341610327955495
0.3061224489795918,2.1897959183673468,-1.6549139935764017,-0.6181575715597016,-0.04325065400920763
0.3061224489795918,2.330612244897959,-1.725027881164784,-0.7007085701476263,-0.09396586670906794
0.3061224489795918,2.4714285714285715,-1.8009364946082744,-0.7831045848827157,-0.14935537331053994
0.3061224489795918,2.6122448979591835,-1.8836153295105147,-0.8655422619158615,-0.21020535950659477
0.3061224489795918,2.753061224489796,-1.9742776268845965,-0.94819936603903,-0.27752032030263335
0.3061224489795918,2.8938775510204082,-2.074436940584665,-1.031231518519024,-0.35260998864784
0.3061224489795918,3.03469387755102,-2.185967272396067,-1.1147657537523392,-0.43722507781145903
0.3061224489795918,3.1755102040816325,-2.3111100939080504,-1.1988907620465101,-0.5337776918219149
0.3061224489795918,3.316326530612245,-2.4522532289296133,-1.2836412694583437,-0.6457201278875533
0.3061224489795918,3.457142857142857,-2.6109052726800583,-1.368975296473792,-0.7782402248197818
0.3061224489795918,3.5979591836734692,-2.7840723680866257,-1.4547415157898882,-0.9396546699522675
0.3061224489795918,3.7387755102040816,-2.9536644129149985,-1.5406334178967283,-1.1445540699966228
0.3061224489795918,3.8795918367346935,-3.068353483670775,-1.626128855507883,-1.422225670407983
0.3061224489795918,4.020408163265306,-3.0611278050160378,-1.710413601776975,-1.84630903717823
0.3061224489795918,4.161224489795918,-2.9374815455149923,-1.7922979728554895,-2.705149570213773
0.3061224489795918,4.302040816326531,-2.766506901974483,-1.870144362694557,-2.672951378500168
0.3061224489795918,4.442857142857143,-2.595292772778716,-1.9418486383092333,-1.7976011769780413
0.3061224489795918,4.5836734693877546,-2.439390792128127,-2.0049351040389363,-1.3489616964532818
0.3061224489795918,4.724489795918367,-2.3009510254692342,-2.056828317949582,-1.0450465517906933
0.3061224489795918,4.865306122448979,-2.1782627798451113,-2.095306406806271,-0.8132570153402555
0.3061224489795918,5.006122448979592,-2.0689281978707155,-2.1190242979384326,-0.6245892561533695
0.3061224489795918,5.146938775510204,-1.9707435204705828,-2.127885268783114,-0.46454965911768714
0.3061224489795918,5.2877551020408164,-1.881877891770951,-2.1230635361279155,-0.32485409689431327
0.3061224489795918,5.428571428571429,-1.8008553816170207,-2.106664590305105,-0.20031995316381143
0.3061224489795918,5.56938775510204,-1.7264931855083925,-2.08120722822929,-0.08748647056504426
0.3061224489795918,5.710204081632653,-1.6578399116302163,-2.0491540892687596,0.01607480443051922
0.3061224489795918,5.851020408163265,-1.5941244721380057,-2.0126181438246302,0.11213610999642357
0.3061224489795918,5.9918367346938775,-1.5347162357228945,-1.9732503040697809,0.20203272305864403
0.3061224489795918,6.13265306122449,-1.4790945954294705,-1.9322494876746725,0.2867979550377766
0.3061224489795918,6.273469387755102,-1.426825830101634,-1.8904316892015718,0.3672500651646222
0.3061224489795918,6.414285714285714,-1.3775454580729622,-1.8483147155509358,0.4440502643102826
0.3061224489795918,6.555102040816326,-1.3309446885371203,-1.8061965240760591,0.5177424842915113
0.3061224489795918,6.6959183673469385,-1.2867599447807296,-1.7642190326470493,0.5887818900798198
0.3061224489795918,6.836734693877551,-1.2447646747961403,-1.7224166968460792,0.6575551731630885
0.3061224489795918,6.977551020408163,-1.2047629105486637,-1.680752166481429,0.7243959383659774
0.3061224489795918,7.118367346938776,-1.1665841459286146,-1.6391418592099616,0.7895961346030216
0.3061224489795918,7.259183673469387,-1.1300792359215313,-1.5974740781878267,0.8534149630614792
0.3061224489795918,7.4,-1.095117086239305,-1.5556216444885018,0.9160859485478715
0.32653061224489793,0.5,-1.0767380073952297,0.48502385138387527,0.3461599156367597
0.32653061224489793,0.6408163265306123,-1.1129645385156095,0.37726181251311336,0.32447325147804196
0.32653061224489793,0.7816326530612245,-1.1507000587326925,0.2738941843998001,0.30121178514317126
0.32653061224489793,0.9224489795918367,-1.1900826494012962,0.17442142582237624,0.2763324079516345
0.32653061224489793,1.063265306122449,-1.2312674547465634,0.07834415808037816,0.24976339864206534
0.32653061224489793,1.2040816326530612,-1.2744303585799421,-0.014807386140145037,0.22140541604155461
0.32653061224489793,1.3448979591836734,-1.3197723662999705,-0.10546437003487266,0.19113086205266328
0.32653061224489793,1.4857142857142858,-1.3675249572228887,-0.19401880316619985,0.1587817294652328
0.32653061224489793,1.626530612244898,-1.4179567404903493,-0.28082640498666456,0.12416589535968373
0.32653061224489793,1.76734693877551,-1.4713818491230077,-0.3662106197456953,0.08705163826173094
0.32653061224489793,1.9081632653061225,-1.5281706533426451,-0.4504667574610135,0.04715998541853462
0.32653061224489793,2.0489795918367344,-1.5887635772730075,-0.533865725696851,0.004154229644975295
0.32653061224489793,2.1897959183673468,-1.6536890789481982,-0.6166571684126636,-0.04237437432315073
0.32653061224489793,2.330612244897959,-1.7235872085749746,-0.6990717667434281,-0.09292627939091813
0.32653061224489793,2.4714285714285715,-1.799240563657695,-0.7813225892322758,-0.14812109748576976
0.32653061224489793,2.6122448979591835,-1.881614754403774,-0.8636052851320365,-0.20873660140355427
0.32653061224489793,2.753061224489796,-1.971910117930408,-0.9460966364099554,-0.2757656484690346
0.32653061224489793,2.8938775510204082,-2.071623607021633,-1.0289513279569231,-0.35050144199926625
0.32653061224489793,3.03469387755102,-2.1826089524704697,-1.1122957482871787,-0.4346703134251455
0.32653061224489793,3.1755102040816325,-2.3070868413540744,-1.1962181415243534,-0.5306471613907551
0.32653061224489793,3.316326530612245,-2.447438423134525,-1.2807535345445094,-0.6418242292107951
0.32653061224489793,3.457142857142857,-2.6052336409570187,-1.3658613014198056,-0.7732860990420605
0.32653061224489793,3.5979591836734692,-2.777784836492748,-1.4513932076443037,-0.9331558086937819
0.32653061224489793,3.7387755102040816,-2.9479884669446004,-1.5370485372838623,-1.1356141383174838
0.32653061224489793,3.8795918367346935,-3.066254274977693,-1.6223149408482769,-1.4089087808956593
0.32653061224489793,4.020408163265306,-3.0649225987887245,-1.7063936081631894,-1.8231066608578832
0.32653061224489793,4.161224489795918,-2.9452602681028486,-1.7881174460154174,-2.6454947823792296
0.32653061224489793,4.302040816326531,-2.775409133116402,-1.8658793184413482,-2.7417710160255706
0.32653061224489793,4.442857142857143,-2.603983591732677,-1.937611747343217,-1.826894962018681
0.32653061224489793,4.5836734693877546,-2.4475015572645726,-2.000875717420324,-1.3679345155697107
0.32653061224489793,4.724489795918367,-2.308455933773117,-2.0531211846453568,-1.0595306945358678
0.32653061224489793,4.865306122448979,-2.1852304453177576,-2.092126611887376,-0.8252710222211548
0.32653061224489793,5.006122448979592,-2.0754421728099466,-2.1165137929935174,-0.6350630567261539
0.32653061224489793,5.146938775510204,-1.976879807980867,-2.1261242484481526,-0.4739884784464306
0.32653061224489793,5.2877551020408164,-1.887700330322758,-2.1220599877661037,-0.3335639069221875
0.32653061224489793,5.428571428571429,-1.8064162810613653,-2.106365069322806,-0.20850110404618322
0.32653061224489793,5.56938775510204,-1.7318352119659135,-2.0815204119811903,-0.09527824918961761
0.32653061224489793,5.710204081632653,-1.6629979993260158,-2.049975330850262,0.008570728598067666
0.32653061224489793,5.851020408163265,-1.5991274415430907,-2.0138474320674935,0.10484240452108272
0.32653061224489793,5.9918367346938775,-1.5395880817974674,-1.974802052878472,0.1948883878137735
0.32653061224489793,6.13265306122449,-1.4838554904036036,-1.9340559667423374,0.2797532441564635
0.32653061224489793,6.273469387755102,-1.4314928993263858,-1.892442681135418,0.3602631262390242
0.32653061224489793,6.414285714285714,-1.3821333808701517,-1.8504954483070597,0.43708481879409805
0.32653061224489793,6.555102040816326,-1.3354661670932466,-1.8085250964962523,0.5107662307356539
0.32653061224489793,6.6959183673469385,-1.2912260697011357,-1.7666839977961757,0.5817652033773197
0.32653061224489793,6.836734693877551,-1.249185216166878,-1.725014973628442,0.6504702303620954
0.32653061224489793,6.977551020408163,-1.2091465484796493,-1.6834873898641296,0.717215933384375
0.32653061224489793,7.118367346938776,-1.1709386562692854,-1.6420230690189912,0.7822946622081879
0.32653061224489793,7.259183673469387,-1.1344116404546867,-1.6005147072014385,0.8459654780566438
0.32653061224489793,7.4,-1.0994337748470895,-1.5588387795460326,0.9084612338965568
0.3469387755102041,0.5,-1.0766491341425526,0.48527709274829733,0.3462135655706593
0.3469387755102041,0.6408163265306123,-1.1128362918101014,0.37760298323297586,0.32455250161438204
0.3469387755102041,0.7816326530612245,-1.1505259271561477,0.27432598983064604,0.3013216375972392
0.3469387755102041,0.9224489795918367,-1.1898556476973179,0.17494590894035617,0.2764782647828977
0.3469387755102041,1.063265306122449,-1.2309799215132795,0.07896323453484266,0.2499512024995805
0.3469387755102041,1.2040816326530612,-1.2740737407293767,-0.014091600804005809,0.2216418105296627
0.3469387755102041,1.3448979591836734,-1.3193369748800086,-0.10464935585119804,0.1914233793242835
0.3469387755102041,1.4857142857142858,-1.3669996780156413,-0.19310150261209097,0.15913901576936257
0.3469387755102041,1.626530612244898,-1.4173286796331792,-0.2798031297044149,0.12459798899357175
0.3469387755102041,1.76734693877551,-1.470635888547099,-0.36507697934675737,0.08757032025154236
0.3469387755102041,1.9081632653061225,-1.5272888825351283,-0.4492175969164355,0.04777922966685485
0.3469387755102041,2.0489795918367344,-1.5877245558645623,-0.5324950712378544,0.0048907954716098274
0.3469387755102041,2.1897959183673468,-1.6524668676189311,-0.615158172093455,-0.04150015178568025
0.3469387755102041,2.330612244897959,-1.7221500829630145,-0.69743665720245,-0.0918894091435247
0.3469387755102041,2.4714285714285715,-1.7975492979377625,-0.7795426301697074,-0.1468904252266105
0.3469387755102041,2.6122448979591835,-1.8796203357686618,-0.861670752579069,-0.20727265390877408
0.3469387755102041,2.753061224489796,-1.9695507615031775,-0.9439968328605951,-0.27401745861671095
0.3469387755102041,2.8938775510204082,-2.068821090158655,-1.02667465414608,-0.3484017232697351
0.3469387755102041,3.03469387755102,-2.1792649325920745,-1.109829887334551,-0.4321278252179788
0.3469387755102041,3.1755102040816325,-2.3030821396890357,-1.193550410157493,-0.5275340576077231
0.3469387755102041,3.316326530612245,-2.442646195352757,-1.277871516008044,-0.6379538332958257
0.3469387755102041,3.457142857142857,-2.599583872927618,-1.3627539036105512,-0.7683708974116383
0.3469387755102041,3.5979591836734692,-2.771497743833544,-1.4480523703565555,-0.9267200479786825
0.3469387755102041,3.7387755102040816,-2.942231624736866,-1.5334718788208956,-1.1267863102217441
0.3469387755102041,3.8795918367346935,-3.063928927596428,-1.6185096790235807,-1.3958237898498502
0.3469387755102041,4.020408163265306,-3.068475789330085,-1.7023820634694031,-1.800546367025764
0.3469387755102041,4.161224489795918,-2.9529391055143406,-1.7839441029818477,-2.588865075428036
0.3469387755102041,4.302040816326531,-2.784310406402244,-1.8616185036499233,-2.814666715522462
0.3469387755102041,4.442857142857143,-2.61270834774748,-1.9333739425349976,-1.8570881152591783
0.3469387755102041,4.5836734693877546,-2.455653292625004,-1.9968078266200107,-1.3872595609764045
0.3469387755102041,4.724489795918367,-2.3159998537137194,-2.0493959112707905,-1.0742044210014594
0.3469387755102041,4.865306122448979,-2.192232883608238,-2.0889182938918,-0.8374047918442791
0.3469387755102041,5.006122448979592,-2.0819865342851096,-2.1139655866263922,-0.6456198981072546
0.3469387755102041,5.146938775510204,-1.983042546132142,-2.1243193684681994,-0.483488347865764
0.3469387755102041,5.2877551020408164,-1.8935458356345618,-2.121010297994958,-0.3423203127296158
0.3469387755102041,5.428571428571429,-1.8119973670262874,-2.106020703091808,-0.2167186583944366
0.3469387755102041,5.56938775510204,-1.7371949651460616,-2.0817925321960002,-0.10309881083737477
0.3469387755102041,5.710204081632653,-1.6681716929316561,-2.0507605151530726,0.0010438634256162542
0.3469387755102041,5.851020408163265,-1.604144165274807,-2.015045877357158,0.09753084277298099
0.3469387755102041,5.9918367346938775,-1.544472042844573,-1.9763277329606386,0.18773042955905
0.3469387755102041,6.13265306122449,-1.4886270273639606,-1.935840379832908,0.2726986888401848
0.3469387755102041,6.273469387755102,-1.4361692670260455,-1.8944347205420569,0.3532698412453931
0.3469387755102041,6.414285714285714,-1.3867293584019273,-1.8526594506090404,0.43011638751287257
0.3469387755102041,6.555102040816326,-1.3399945312582837,-1.8108383328984037,0.503790278098064
0.3469387755102041,6.6959183673469385,-1.2956979659555912,-1.76913423905642,0.5747521715325771
0.3469387755102041,6.836734693877551,-1.25361045183593,-1.7275984364349233,0.6433924180386358
0.3469387755102041,6.977551020408163,-1.2135338259269868,-1.686207043570444,0.7100467505892593
0.3469387755102041,7.118367346938776,-1.1752957602050331,-1.6448873472643324,0.7750079759238061
0.3469387755102041,7.259183673469387,-1.138745589584902,-1.603536419509449,0.8385351385141624
0.3469387755102041,7.4,-1.1037509442684805,-1.5620344493098839,0.9008604707315419
0.36734693877551017,0.5,-1.0765603066841762,0.485530236204677,0.3462671846884739
0.36734693877551017,0.6408163265306123,-1.1127081248731132,0.3779440091268681,0.32463169683884857
0.36734693877551017,0.7816326530612245,-1.1503519217378086,0.2747575999756655,0.30143140160828047
0.36734693877551017,0.9224489795918367,-1.1896288337303083,0.17547014231976296,0.2766239880501031
0.36734693877551017,1.063265306122449,-1.2306926565210587,0.07958200098574243,0.2501388132053351
0.36734693877551017,1.2040816326530612,-1.2737174954953336,-0.013376194044168873,0.2218779340030273
0.36734693877551017,1.3448979591836734,-1.31890209083001,-0.10383480014486833,0.1917155244164246
0.36734693877551017,1.4857142857142858,-1.3664750798707799,-0.19218475522104653,0.1594957987878623
0.36734693877551017,1.626530612244898,-1.4167015237820049,-0.2787805209375778,0.12502940947872346
0.36734693877551017,1.76734693877551,-1.469891122221845,-0.36394414165212813,0.08808810851808754
0.36734693877551017,1.9081632653061225,-1.5264086807200004,-0.4479694039584283,0.048397293411710694
0.36734693877551017,2.0489795918367344,-1.5866875910208993,-0.5311255826384862,0.005625805452047895
0.36734693877551017,2.1897959183673468,-1.6512473505955776,-0.6136605800678988,-0.040627979315922665
0.36734693877551017,2.330612244897959,-1.7207164909388901,-0.6958032376062746,-0.09085524527409287
0.36734693877551017,2.4714285714285715,-1.7958626775747273,-0.7777647026859883,-0.1456633403055824
0.36734693877551017,2.6122448979591835,-1.8776320442290018,-0.8597386574310962,-0.20581349219819414
0.36734693877551017,2.753061224489796,-1.9671995145664463,-0.9418999458086343,-0.27227571229179676
0.36734693877551017,2.8938775510204082,-2.066029328015631,-1.0244014588190598,-0.3463107891969463
0.36734693877551017,3.03469387755102,-2.175935129255305,-1.107368155374224,-0.4295975151881708
0.36734693877551017,3.1755102040816325,-2.299095894120382,-1.1908875489200332,-0.5244382167951583
0.36734693877551017,3.316326530612245,-2.4378765095790107,-1.274995189900623,-0.6341086542049142
0.36734693877551017,3.457142857142857,-2.5939562848790363,-1.3596530750487106,-0.7634940883608748
0.36734693877551017,3.5979591836734692,-2.765212743404222,-1.4447189735306891,-0.9203463073734871
0.36734693877551017,3.7387755102040816,-2.936398708996256,-1.529903413880886,-1.1180680728235977
0.36734693877551017,3.8795918367346935,-3.0613821864015947,-1.6147130517505186,-1.3829634063204521
0.36734693877551017,4.020408163265306,-3.0717824440942127,-1.698378974994979,-1.7785963632629163
0.36734693877551017,4.161224489795918,-2.9605113558270046,-1.7797779518309982,-2.5351105222221095
0.36734693877551017,4.302040816326531,-2.793207772181287,-1.8573620503692967,-2.8917412242115925
0.36734693877551017,4.442857142857143,-2.62146628869231,-1.9291354822428786,-1.8882395921798465
0.36734693877551017,4.5836734693877546,-2.4638460475171713,-1.9927318297127181,-1.406951552008284
0.36734693877551017,4.724489795918367,-2.32358307249591,-2.045653016015125,-1.0890736326616073
0.36734693877551017,4.865306122448979,-2.199270426519813,-2.0856820253933055,-0.8496613612721966
0.36734693877551017,5.006122448979592,-2.0885615978249374,-2.111380190199448,-0.6562616009167945
0.36734693877551017,5.146938775510204,-1.9892320186064045,-2.1224709678907305,-0.4930504735403056
0.36734693877551017,5.2877551020408164,-1.8994146589663847,-2.119914588878659,-0.35112418431916437
0.36734693877551017,5.428571428571429,-1.8175988623801471,-2.1056314031903978,-0.2249732806108245
0.36734693877551017,5.56938775510204,-1.742572644458521,-2.0820233457763795,-0.11094868963790963
0.36734693877551017,5.710204081632653,-1.673361173068075,-2.051509313021307,-0.006506240459762228
0.36734693877551017,5.851020408163265,-1.609174809261914,-2.0162131233126597,0.09020103058686053
0.36734693877551017,5.9918367346938775,-1.5493682736153944,-1.9778270026621028,0.1805584884542927
0.36734693877551017,6.13265306122449,-1.4934093529233188,-1.937602424813473,0.26563394863026313
0.36734693877551017,6.273469387755102,-1.4408550743419533,-1.896407558343192,0.34626987708506957
0.36734693877551017,6.414285714285714,-1.3913335283834063,-1.8548065375698666,0.42314461297279876
0.36734693877551017,6.555102040816326,-1.3445299181973265,-1.813136100827282,0.496814278988953
0.36734693877551017,6.6959183673469385,-1.3001757719235605,-1.7715696924089535,0.5677424181972451
0.36734693877551017,6.836734693877551,-1.2580405234839014,-1.7301670865098606,0.6363213242205015
0.36734693877551017,6.977551020408163,-1.2179248899454869,-1.688911216571852,0.70288790897416
0.36734693877551017,7.118367346938776,-1.1796556124530624,-1.6477348341316709,0.7677355531176809
0.36734693877551017,7.259183673469387,-1.1430812476991157,-1.6065394696953235,0.8311233103903602
0.36734693877551017,7.4,-1.1080687717632205,-1.5652089550662236,0.8932829564924397
0.3877551020408163,0.5,-1.076471524997715,0.48578328176023916,0.3463207730065747
0.3877551020408163,0.6408163265306123,-1.1125800376594512,0.37828489003831306,0.32471083718477994
0.3877551020408163,0.7816326530612245,-1.150178042389638,0.27518901481511543,0.30154107724337437
0.3877551020408163,0.9224489795918367,-1.1894022073439547,0.1759941259304533,0.27676957787302003
0.3877551020408163,1.063265306122449,-1.2304056595036683,0.08020045740727687,0.25032623096363943
0.3877551020408163,1.2040816326530612,-1.2733616224385143,-0.012661165855509228,0.22211378679878552
0.3877551020408163,1.3448979591836734,-1.3184677134433285,-0.10302070283974675,0.19200729787138215
0.3877551020408163,1.4857142857142858,-1.365951161674963,-0.19126856077945753,0.159852079375431
0.3877551020408163,1.626530612244898,-1.4160752712119096,-0.27775857831660244,0.12546015814238123
0.3877551020408163,1.76734693877551,-1.469147547511387,-0.36281210628460764,0.08860500525246565
0.3877551020408163,1.9081632653061225,-1.525530043907103,-0.4467221774550454,0.04901417974394211
0.3877551020408163,2.0489795918367344,-1.5856526767500156,-0.5297572581760798,0.006359264257987214
0.3877551020408163,2.1897959183673468,-1.6500305189281752,-0.6121643898134643,-0.03975784986899859
0.3877551020408163,2.330612244897959,-1.7192864191877009,-0.6941715044797013,-0.08982377714604209
0.3877551020408163,2.4714285714285715,-1.7941806828118274,-0.7759888023936781,-0.14443982659662125
0.3877551020408163,2.6122448979591835,-1.8756498505921406,-0.8578089928979706,-0.20435909163457003
0.3877551020408163,2.753061224489796,-1.9648563343546404,-0.9398059665035968,-0.2705403713688761
0.3877551020408163,2.8938775510204082,-2.063248259260818,-1.022131730019379,-0.3442285797397055
0.3877551020408163,3.03469387755102,-2.172619459236748,-1.1049105369761567,-0.4270792864720521
0.3877551020408163,3.1755102040816325,-2.2951280091909814,-1.1882295380929324,-0.5213594775044849
0.3877551020408163,3.316326530612245,-2.433129324482858,-1.2721245285933498,-0.6302884175078568
0.3877551020408163,3.457142857142857,-2.58835116967753,-1.3565587878752416,-0.7586551508864333
0.3877551020408163,3.5979591836734692,-2.7589314097874804,-1.4413929868594297,-0.9140335333963655
0.3877551020408163,3.7387755102040816,-2.930494419996889,-1.5263431137803969,-1.1094569951182243
0.3877551020408163,3.8795918367346935,-3.0586190617817235,-1.6109250403035467,-1.3703206700702022
0.3877551020408163,4.020408163265306,-3.0748379865206394,-1.6943843488734283,-1.757227052964778
0.3877551020408163,4.161224489795918,-2.967970148174656,-1.7756190720384362,-2.4840555098516117
0.3877551020408163,4.302040816326531,-2.802098112590187,-1.8531100942525707,-2.972852655293003
0.3877551020408163,4.442857142857143,-2.630256592150317,-1.9248966187369383,-1.9204141401337957
0.3877551020408163,4.5836734693877546,-2.472079848534299,-1.9886481175260498,-1.4270261326267992
0.3877551020408163,4.724489795918367,-2.3312058721494533,-2.041893015703999,-1.104144502640942
0.3877551020408163,4.865306122448979,-2.20634340662644,-2.082418376690871,-0.8620438782661791
0.3877551020408163,5.006122448979592,-2.0951676814866453,-2.1087581199184258,-0.6669900407673763
0.3877551020408163,5.146938775510204,-1.9954485118829204,-2.1205794016483455,-0.5026760974840686
0.3877551020408163,5.2877551020408164,-1.9053070541928865,-2.1187729963432367,-0.3599764108895114
0.3877551020408163,5.428571428571429,-1.8232209922624392,-2.105197094223288,-0.23326564768871252
0.3877551020408163,5.56938775510204,-1.74796845122219,-2.0822126203575473,-0.11882842923022201
0.3877551020408163,5.710204081632653,-1.6785666219258097,-2.052221400803804,-0.01408003837884443
0.3877551020408163,5.851020408163265,-1.6142195406941797,-2.0173488155820554,0.0828525697180911
0.3877551020408163,5.9918367346938775,-1.5542769298557788,-1.9792995184433262,0.17337220336061665
0.3877551020408163,6.13265306122449,-1.4982026144269838,-1.9393417962285562,0.258558682818441
0.3877551020408163,6.273469387755102,-1.4455504627030973,-1.8983609430509267,0.3392628923014289
0.3877551020408163,6.414285714285714,-1.395946029261722,-1.8569365109253753,0.4161691711213087
0.3877551020408163,6.555102040816326,-1.3490724650692347,-1.815418266237778,0.48983788679879997
0.3877551020408163,6.6959183673469385,-1.3046596256574956,-1.7739902881804188,0.560735570174253
0.3877551020408163,6.836734693877551,-1.2624755721573526,-1.732720918673408,0.6292565415942125
0.3877551020408163,6.977551020408163,-1.222319886675681,-1.6915999575499707,0.695738968446634
0.3877551020408163,7.118367346938776,-1.1840183663506387,-1.6505656617243933,0.7604768800250816
0.3877551020408163,7.259183673469387,-1.1474187778140732,-1.6095240434198665,0.8237294220353159
0.3877551020408163,7.4,-1.1123874322123255,-1.5683625867474047,0.8857280049504067
0.4081632653061224,0.5,-1.0763827890607864,0.486036229422241,0.3463743305413329
0.4081632653061224,0.6408163265306123,-1.1124520301219127,0.3786256261424524,0.32478992268893675
0.4081632653061224,0.7816326530612245,-1.1500042890236497,0.2756202343293655,0.3016506645695523
0.4081632653061224,0.9224489795918367,-1.1891757683820923,0.17651785974237919,0.27691503437128406
0.4081632653061224,1.063265306122449,-1.2301189301952233,0.08081860377364353,0.25051345597851016
0.4081632653061224,1.2040816326530612,-1.2730061211203563,-0.011946516233108696,0.22234936925348464
0.4081632653061224,1.3448979591836734,-1.3180338420147835,-0.10220706386026494,0.19229870023033127
0.4081632653061224,1.4857142857142858,-1.3654279223175887,-0.1903529191021225,0.16020785838521853
0.4081632653061224,1.626530612244898,-1.415449920202979,-0.2767373014424032,0.12589023630733637
0.4081632653061224,1.76734693877551,-1.4684051617875173,-0.36168087254283776,0.08912101248150724
0.4081632653061224,1.9081632653061225,-1.5246529681213945,-0.44547591627941613,0.0496298917423167
0.4081632653061224,2.0489795918367344,-1.5846198070855073,-0.5283900961356902,0.007091176540293026
0.4081632653061224,2.1897959183673468,-1.648816363709562,-0.6106695988191612,-0.038889756435788896
0.4081632653061224,2.330612244897959,-1.7178598544591628,-0.6925414547202896,-0.08879499418559209
0.4081632653061224,2.4714285714285715,-1.7925032940030996,-0.7742149231905896,-0.1432198680966855
0.4081632653061224,2.6122448979591835,-1.8736737258477931,-0.855881752224346,-0.20290942776606266
0.4081632653061224,2.753061224489796,-1.9625211783805727,-0.9377148857876265,-0.26881139805292503
0.4081632653061224,2.8938775510204082,-2.060477822927792,-1.019865455857975,-0.3421550354541463
0.4081632653061224,3.03469387755102,-2.1693178396074875,-1.1024570168008057,-0.4245730433262361
0.4081632653061224,3.1755102040816325,-2.291178388826436,-1.1855763585291461,-0.5182976802478427
0.4081632653061224,3.316326530612245,-2.4284045938303764,-1.2692595160944535,-0.6264928326588078
0.4081632653061224,3.457142857142857,-2.582768797812457,-1.3534710143751922,-0.7538535742795379
0.4081632653061224,3.5979591836734692,-2.752655241465266,-1.4380743801286078,-0.9077806986350158
0.4081632653061224,3.7387755102040816,-2.9245233319933304,-1.5227909497622025,-1.1009507245619492
0.4081632653061224,3.8795918367346935,-3.0556448054509615,-1.607145625540989,-1.3578889322217784
0.4081632653061224,4.020408163265306,-3.0776382215908873,-1.6903981901376561,-1.7364108486809722
0.4081632653061224,4.161224489795918,-2.975308456044897,-1.7714675160278561,-2.4355175878852515
0.4081632653061224,4.302040816326531,-2.8109781355770256,-1.848862767117906,-3.0573936847655845
0.4081632653061224,4.442857142857143,-2.6390783613986986,-1.9206575982918441,-1.9536830528198477
0.4081632653061224,4.5836734693877546,-2.480354697935051,-1.9845570736901024,-1.4474999500852348
0.4081632653061224,4.724489795918367,-2.3388685289854307,-2.038116416961481,-1.1194234924649162
0.4081632653061224,4.865306122448979,-2.213452157091661,-2.0791279160311436,-0.8745556068057871
0.4081632653061224,5.006122448979592,-2.101805105817426,-2.1060998964351634,-0.6778071505634624
0.4081632653061224,5.146938775510204,-2.001692315281538,-2.118645034946379,-0.5123664939998043
0.4081632653061224,5.2877551020408164,-1.911223277833597,-2.1175856700410285,-0.3688779014693657
0.4081632653061224,5.428571428571429,-1.8288639841159666,-2.1047177139144497,-0.241596449600626
0.4081632653061224,5.56938775510204,-1.7533825886779413,-2.0823601332908677,-0.12673858191440948
0.4081632653061224,5.710204081632653,-1.6837882232827999,-2.0528964613643628,-0.021677992830039818
0.4081632653061224,5.851020408163265,-1.619278528050391,-2.0184526018923985,0.07548505769835527
0.4081632653061224,5.9918367346938775,-1.5591981683051455,-1.9807449370258323,0.16617120921875345
0.4081632653061224,6.13265306122449,-1.5030069599476354,-1.9410581867294276,0.2514725477596484
0.4081632653061224,6.273469387755102,-1.4502555745329662,-1.9002946144523687,0.3322485679637341
0.4081632653061224,6.414285714285714,-1.4005669994811878,-1.8590491727677625,0.40918972241909035
0.4081632653061224,6.555102040816326,-1.3536223088399917,-1.8176846919948313,0.4828607475005677
0.4081632653061224,6.6959183673469385,-1.3091496649177363,-1.7763959509831493,0.5537312572805638
0.4081632653061224,6.836734693877551,-1.2669157382932483,-1.7352599231921992,0.6221976658213698
0.4081632653061224,6.977551020408163,-1.2267189613044094,-1.6942733212733307,0.6885994817454548
0.4081632653061224,7.118367346938776,-1.1883841739212657,-1.653379954144393,0.7532314515183712
0.4081632653061224,7.259183673469387,-1.1517583410000716,-1.6124903395746593,0.8163528939645807
0.4081632653061224,7.4,-1.1167070981834448,-1.5714956240622717,0.8781949441628637
0.42857142857142855,0.5,-1.076294098851011,0.4862890791980208,0.34642785730911846
0.42857142857142855,0.6408163265306123,-1.1123241022136865,0.3789662173425547,0.3248689533856532
0.42857142857142855,0.7816326530612245,-1.1498306615519083,0.27605125849889545,0.3017601636538021
0.42857142857142855,0.9224489795918367,-1.1889495166886987,0.17704134372557742,0.27706035766442644
0.42857142857142855,1.063265306122449,-1.2298324683301778,0.08143644005902709,0.2507004884537111
0.42857142857142855,1.2040816326530612,-1.2726509911030333,-0.011232245172256676,0.22258468170310775
0.42857142857142855,1.3448979591836734,-1.3176004758406497,-0.10139388313140599,0.19258973203330257
0.42857142857142855,1.4857142857142858,-1.3649053606908084,-0.18943782998821118,0.16056313666789981
0.42857142857142855,1.626530612244898,-1.414825469040265,-0.275716689914024,0.1263196452924585
0.42857142857142855,1.76734693877551,-1.467663962431006,-0.36055043968237827,0.0896361322250982
0.42857142857142855,1.9081632653061225,-1.5237774494028764,-0.4442306193097193,0.05024443247362513
0.42857142857142855,2.0489795918367344,-1.5835889760864341,-0.5270240948100894,0.007821546929144068
0.42857142857142855,2.1897959183673468,-1.6476048760751372,-0.6091762045855584,-0.03802369204264765
0.42857142857142855,2.330612244897959,-1.7164367835765497,-0.6909130840663812,-0.08776888588604145
0.42857142857142855,2.4714285714285715,-1.790830491621813,-0.7724430606044327,-0.1420034488910253
0.42857142857142855,2.6122448979591835,-1.8717036411669197,-0.85395692869557,-0.2014644763239944
0.42857142857142855,2.753061224489796,-1.9601940044331048,-0.9356266948729746,-0.26708875487010486
0.42857142857142855,2.8938775510204082,-2.0577179584159895,-1.0176026245158638,-0.3400900974837658
0.42857142857142855,3.03469387755102,-2.166030187744734,-1.100007579595244,-0.4220786911128224
0.42857142857142855,3.1755102040816325,-2.287246936423154,-1.1829279924210647,-0.5152526659888113
0.42857142857142855,3.316326530612245,-2.4237022665351775,-1.2664001249992352,-0.6227216344159097
0.42857142857142855,3.457142857142857,-2.577209418400996,-1.3503897269715803,-0.7490888578563104
0.42857142857142855,3.5979591836734692,-2.7463856634082964,-1.4347631232252498,-0.9015868008933946
0.42857142857142855,3.7387755102040816,-2.9184898903602745,-1.5192468930257865,-1.0925469837278043
0.42857142857142855,3.8795918367346935,-3.0524648858540764,-1.6033747879238893,-1.3456618373342186
0.42857142857142855,4.020408163265306,-3.080179359777177,-1.686420502723539,-1.7161220035444482
0.42857142857142855,4.161224489795918,-2.9825191086697904,-1.7673233339676784,-2.389317381003254
0.42857142857142855,4.302040816326531,-2.819844368924569,-1.8446201968677869,-3.143924206298478
0.42857142857142855,4.442857142857143,-2.6479306212031033,-1.9164186618588288,-1.9881250475435956
0.42857142857142855,4.5836734693877546,-2.4886705719299083,-1.9804590746721915,-1.468390742028338
0.42857142857142855,4.724489795918367,-2.346571312965004,-2.0343237229001256,-1.134917370491811
0.42857142857142855,4.865306122448979,-2.22059701147105,-2.0758112093303507,-0.8871999329423284
0.42857142857142855,5.006122448979592,-2.1084741938091898,-2.10340604445866,-0.6887149229323121
0.42857142857142855,5.146938775510204,-2.007963720954293,-2.116668243681896,-0.522122970858164
0.42857142857142855,5.2877551020408164,-1.9171635890825647,-2.11635277323309,-0.3778295855750319
0.42857142857142855,5.428571428571429,-1.8345280677200346,-2.104193213190951,-0.24996638970312107
0.42857142857142855,5.56938775510204,-1.7588152620800668,-2.0824656713818084,-0.13467970789369635
0.42857142857142855,5.710204081632653,-1.6890261625666854,-2.0535341825718167,-0.029300570843523763
0.42857142857142855,5.851020408163265,-1.624351941126066,-2.0195241323789688,0.06809808769063054
0.42857142857142855,5.9918367346938775,-1.5641321467283071,-1.9821629151012101,0.1589551376144078
0.42857142857142855,6.13265306122449,-1.5078225383282895,-1.9427512876987643,0.24437519758253487
0.42857142857142855,6.273469387755102,-1.4549705522691592,-1.9022083136984134,0.3252265612871867
0.42857142857142855,6.414285714285714,-1.4051965777287951,-1.8611443205488025,0.402205927458855
0.42857142857142855,6.555102040816326,-1.3581795867894906,-1.819935234988957,0.47588252173793993
0.42857142857142855,6.6959183673469385,-1.3136460271684287,-1.7787866004494233,0.5467291103105827
0.42857142857142855,6.836734693877551,-1.2713611617783172,-1.7377840844389156,0.6151442968084359
0.42857142857142855,6.977551020408163,-1.231122258151791,-1.6969313554390835,0.6814690080717427
0.42857142857142855,7.118367346938776,-1.1927531859316944,-1.6561778283084376,0.7459987701712235
0.42857142857142855,7.259183673469387,-1.156100096698025,-1.6154385458273122,0.8089931603456898
0.42857142857142855,7.4,-1.1210279400239638,-1.5746083374592847,0.870683115684792
0.44897959183673464,0.5,-1.0762054543460127,0.4865418310949562,0.3464813533262971
0.44897959183673464,0.6408163265306123,-1.1121962538881167,0.3793066636276371,0.3249479293099162
0.44897959183673464,0.7816326530612245,-1.1496571598865306,0.2764820873042932,0.30186957456306995
0.44897959183673464,0.9224489795918367,-1.1887234521079,0.17756457785017135,0.2772055478718538
0.44897959183673464,1.063265306122449,-1.2295462736433296,0.08205396623761166,0.25088732859272034
0.44897959183673464,1.2040816326530612,-1.2722962319494513,-0.01051835266845964,0.22281972448307621
0.44897959183673464,1.3448979591836734,-1.3171676142186552,-0.1005811605787058,0.19288039381920863
0.44897959183673464,1.4857142857142858,-1.3643834756895072,-0.1885232932379879,0.16091791507199907
0.44897959183673464,1.626530612244898,-1.41420191601377,-0.2746967433328142,0.12674838641272976
0.44897959183673464,1.76734693877551,-1.466923946831052,-0.3594208070203776,0.09015036649637632
0.44897959183673464,1.9081632653061225,-1.5229034838065025,-0.44298628542915564,0.050857804992737336
0.44897959183673464,2.0489795918367344,-1.5825601778371963,-0.5256592524997258,0.008550380034157212
0.44897959183673464,2.1897959183673468,-1.6463960472026125,-0.6076842046246552,-0.037159649751248955
0.44897959183673464,2.330612244897959,-1.7150171934322367,-0.6892863893801658,-0.08674544179314256
0.44897959183673464,2.4714285714285715,-1.7891622562519263,-0.7706732098129987,-0.14079055317453226
0.44897959183673464,2.6122448979591835,-1.8697395679006323,-0.8520345156151446,-0.20002421322142108
0.44897959183673464,2.753061224489796,-1.9578747705589727,-0.9335413845584755,-0.2653724046810682
0.44897959183673464,2.8938775510204082,-2.0549686054912155,-1.01534322423634,-0.33803370755692125
0.44897959183673464,3.03469387755102,-2.1627564213430674,-1.0975622102011662,-0.41959613627668924
0.44897959183673464,3.1755102040816325,-2.2833335548111444,-1.1802844175106892,-0.512224283974415
0.44897959183673464,3.316326530612245,-2.4190222870552436,-1.263546331903348,-0.6189745549138373
0.44897959183673464,3.457142857142857,-2.5716732601544456,-1.347314898233702,-0.7443605106951713
0.44897959183673464,3.5979591836734692,-2.7401240296356955,-1.431459186142748,-0.8954508623739799
0.44897959183673464,3.7387755102040816,-2.9123984094114217,-1.5157109147067604,-1.0842435672122968
0.44897959183673464,3.8795918367346935,-3.0490849633818646,-1.59961250752152,-1.3336333066896788
0.44897959183673464,4.020408163265306,-3.0824580436557376,-1.6824511472468706,-1.696337006060999
0.44897959183673464,4.161224489795918,-2.9895948102459093,-1.763186462411629,-2.345284740659153
0.44897959183673464,4.302040816326531,-2.8286931543894513,-1.840382507473668,-3.2296152503129343
0.44897959183673464,4.442857142857143,-2.656812313428976,-1.9121800447331907,-2.023827280219492
0.44897959183673464,4.5836734693877546,-2.4970274188668107,-1.976354489831626,-1.489717433210052
0.44897959183673464,4.724489795918367,-2.3543144870475574,-2.0305154295778194,-1.1506332316363486
0.44897959183673464,4.865306122448979,-2.227778303500116,-2.0724688199107892,-0.8999803710400119
0.44897959183673464,5.006122448979592,-2.115175270850093,-2.1006770923605926,-0.6997154127667806
0.44897959183673464,5.146938775510204,-2.014263023905845,-2.1146494135179164,-0.5319468704682913
0.44897959183673464,5.2877551020408164,-1.9231282498347215,-2.1150744826585544,-0.3868324139476759
0.44897959183673464,5.428571428571429,-1.8402134752233648,-2.103623556247675,-0.25837618515140426
0.44897959183673464,5.56938775510204,-1.7642666786564225,-2.0825290296100154,-0.14265237595253402
0.44897959183673464,5.710204081632653,-1.6942806268620523,-2.054134258892468,-0.03694824630037392
0.44897959183673464,5.851020408163265,-1.62943995106274,-2.0205630598361592,0.060691248343380945
0.44897959183673464,5.9918367346938775,-1.5690790239674974,-1.9835531076109685,0.15172361849324004
0.44897959183673464,6.13265306122449,-1.5126494992118544,-1.9444207849130855,0.2372662871174162
0.44897959183673464,6.273469387755102,-1.4596955390478883,-1.9041017782188925,0.3181965353512167
0.44897959183673464,6.414285714285714,-1.4098349031606106,-1.8632217446447883,0.3952174562176688
0.44897959183673464,6.555102040816326,-1.3627444359646388,-1.8221697471292733,0.46890286035570716
0.44897959183673464,6.6959183673469385,-1.318148849665039,-1.781162152062961,0.5397287628470684
0.44897959183673464,6.836734693877551,-1.2758119820473042,-1.740293374137523,0.6080960440300254
0.44897959183673464,6.977551020408163,-1.2355299206690493,-1.6995741013207983,0.674347111176361
0.44897959183673464,7.118367346938776,-1.1971255519771415,-1.658959384250845,0.7387783561274502
0.44897959183673464,7.259183673469387,-1.1604442026867399,-1.6183688432004397,0.8016496636024981
0.44897959183673464,7.4,-1.1253501261742258,-1.5777009684989658,0.8631918901284481
0.4693877551020408,0.5,-1.0761168555234184,0.4867944851205092,0.34653481860922175
0.4693877551020408,0.6408163265306123,-1.112068485098577,0.37964696499381817,0.32502685049672686
0.4693877551020408,0.7816326530612245,-1.1494837839386123,0.27691272074907336,0.30197889736489203
0.4693877551020408,0.9224489795918367,-1.1884975744839543,0.1780875620863734,0.2773506051128618
0.4693877551020408,1.063265306122449,-1.2292603458698177,0.08267118228356869,0.25107397659876235
0.4693877551020408,1.2040816326530612,-1.271941843223242,-0.009804838717420827,0.2230544979282323
0.4693877551020408,1.3448979591836734,-1.3167352564479757,-0.09976889612826542,0.19317068612583985
0.4693877551020408,1.4857142857142858,-1.3638622662112947,-0.18760930865283015,0.16127219444395174
0.4693877551020408,1.626530612244898,-1.413579259418419,-0.27367746130187365,0.12717646097931462
0.4693877551020408,1.76734693877551,-1.4661851123853262,-0.35829197390737894,0.09066371730171431
0.4693877551020408,1.9081632653061225,-1.52203106740212,-0.44174291352593986,0.05147001234264129
0.4693877551020408,2.0489795918367344,-1.5815334064473803,-0.5242955675126872,0.009277680444497897
0.4693877551020408,2.1897959183673468,-1.6451898683117587,-0.6061935964598943,-0.036297622658294816
0.4693877551020408,2.330612244897959,-1.7136010709881877,-0.6876613671170739,-0.08572465151557826
0.4693877551020408,2.4714285714285715,-1.787498568590753,-0.76890536592948,-0.13958116524564837
0.4693877551020408,2.6122448979591835,-1.8677814775789863,-0.8501145063381814,-0.19858861455082685
0.4693877551020408,2.753061224489796,-1.9555634350975641,-0.9314589460857907,-0.2636623106469421
0.4693877551020408,2.8938775510204082,-2.0522297042860207,-1.0130872433334985,-0.3359858079730398
0.4693877551020408,3.03469387755102,-2.15949645842469,-1.0951208935444592,-0.4171252863362002
0.4693877551020408,3.1755102040816325,-2.2794381464561604,-1.1776456162788318,-0.5092123792945404
0.4693877551020408,3.316326530612245,-2.4143645955996296,-1.2606981133853863,-0.6152513308309043
0.4693877551020408,3.457142857142857,-2.5661605323077215,-1.3442465008768563,-0.7396680513857602
0.4693877551020408,3.5979591836734692,-2.7338716257414326,-1.428162538989534,-0.8893719288905689
0.4693877551020408,3.7387755102040816,-2.9062530708544787,-1.5121829859256375,-1.0760383386160612
0.4693877551020408,3.8795918367346935,-3.0455108656041654,-1.5958587640330881,-1.321797522735867
0.4693877551020408,4.020408163265306,-3.0844713496276435,-1.6784904115560146,-1.6770322372418165
0.4693877551020408,4.161224489795918,-2.9965281342305157,-1.7590571714736818,-2.303258431058611
0.4693877551020408,4.302040816326531,-2.837520642008464,-1.8361498190878718,-3.3095662842041604
0.4693877551020408,4.442857142857143,-2.665722292469719,-1.907941974316219,-2.0608865177317437
0.4693877551020408,4.5836734693877546,-2.505425157310844,-1.9722436814759454,-1.5115002430692297
0.4693877551020408,4.724489795918367,-2.362098306495799,-2.0266920246959486,-1.1665785187253084
0.4693877551020408,4.865306122448979,-2.234996366854145,-2.0691013113450976,-0.9129005739928544
0.4693877551020408,5.006122448979592,-2.121908664670727,-2.097913572292049,-0.7108107399145386
0.4693877551020408,5.146938775510204,-2.0205905219985874,-2.1125889396746684,-0.5418395711955984
0.4693877551020408,5.2877551020408164,-1.9291175247119425,-2.1137509883911667,-0.3958873592837179
0.4693877551020408,5.428571428571429,-1.8459204411763344,-2.1030087206691617,-0.26682656740313143
0.4693877551020408,5.56938775510204,-1.7697370476921481,-2.0825500147126825,-0.15065716518954705
0.4693877551020408,5.710204081632653,-1.6995518049405596,-2.0546963917263823,-0.044621500215465106
0.4693877551020408,5.851020408163265,-1.6345427303764535,-2.0215690399760127,0.05326412363630371
0.4693877551020408,5.9918367346938775,-1.574038959943277,-1.9849151705004244,0.14447627789572567
0.4693877551020408,6.13265306122449,-1.5174879930591112,-1.9460663639642843,0.2301454677639656
0.4693877551020408,6.273469387755102,-1.4644306785953618,-1.9059747393724327,0.3111581547305715
0.4693877551020408,6.414285714285714,-1.4144821150940061,-1.865281233721635,0.38822397024382027
0.4693877551020408,6.555102040816326,-1.3673169936138616,-1.8243880755219934,0.4619214203102418
0.4693877551020408,6.6959183673469385,-1.3226582695633151,-1.7835225150707148,0.5327298532059461
0.4693877551020408,6.836734693877551,-1.2802683382090736,-1.7427877609387112,0.6010525229964996
0.4693877551020408,6.977551020408163,-1.2399420915618065,-1.702201593190793,0.6672333617750092
0.4693877551020408,7.118367346938776,-1.201501420436822,-1.6617247435419629,0.7315697067957557
0.4693877551020408,7.259183673469387,-1.1647908151955877,-1.6212814041107726,0.7943218563427137
0.4693877551020408,7.4,-1.1296738224281038,-1.5807738057060559,0.8557206047272841
0.4897959183673469,0.5,-1.0760283023608597,0.4870470412821984,0.34658825317424646
0.4897959183673469,0.6408163265306123,-1.111940795798453,0.3799871214373169,0.32510571698110924
0.4897959183673469,0.7816326530612245,-1.1493105336224445,0.2773431587613953,0.3020881321248466
0.4897959183673469,0.9224489795918367,-1.1882718836612682,0.17861029640448584,0.2774955295066256
0.4897959183673469,1.063265306122449,-1.2289746847451173,0.08328808817106646,0.25126043267478465
0.4897959183673469,1.2040816326530612,-1.2715878244887653,-0.009091703315050142,0.22328900237285168
0.4897959183673469,1.3448979591836734,-1.3163034018292328,-0.09895708970672557,0.19346060948987448
0.4897959183673469,1.4857142857142858,-1.3633417311564933,-0.18669587603520307,0.16162597562809045
0.4897959183673469,1.626530612244898,-1.4129574975540502,-0.27265884342615476,0.12760387029955256
0.4897959183673469,1.76734693877551,-1.4654474565003304,-0.3571639396544046,0.09117618664063887
0.4897959183673469,1.9081632653061225,-1.5211601962743984,-0.44050050249328204,0.05208105755453922
0.4897959183673469,2.0489795918367344,-1.5805086560516313,-0.5229330381646702,0.01000345272900161
0.4897959183673469,2.1897959183673468,-1.6439863306641687,-0.6047043776260589,-0.03543760389529164
0.4897959183673469,2.330612244897959,-1.712188403276284,-0.6860380136562428,-0.08470650472330303
0.4897959183673469,2.4714285714285715,-1.7858394094476158,-0.7671395240913395,-0.13837526950521054
0.4897959183673469,2.6122448979591835,-1.865829341909964,-0.8481968942480792,-0.1971576565830678
0.4897959183673469,2.753061224489796,-1.9532599566471516,-0.9293793710217821,-0.26195843624690063
0.4897959183673469,2.8938775510204082,-2.049501195301568,-1.010834670013994,-0.3339463416007609
0.4897959183673469,3.03469387755102,-2.1562502173493905,-1.0926836146385348,-0.4146660498642734
0.4897959183673469,3.1755102040816325,-2.275560613416607,-1.1750115698198695,-0.5062168011139113
0.4897959183673469,3.316326530612245,-2.409729128368216,-1.2578554466187315,-0.6115517022320448
0.4897959183673469,3.457142857142857,-2.5606714255122256,-1.3411845077594713,-0.7350110077911581
0.4897959183673469,3.5979591836734692,-2.7276296713789008,-1.4248731519974769,-0.8833490691079722
0.4897959183673469,3.7387755102040816,-2.9000579228313157,-1.5086630777750365,-1.0679292277410162
0.4897959183673469,3.8795918367346935,-3.0417485627154663,-1.5921135368012793,-1.310148914605016
0.4897959183673469,4.020408163265306,-3.0862168326794546,-1.6745381529395513,-1.6581871761184488
0.4897959183673469,4.161224489795918,-3.0033115724248316,-1.7549353919776576,-2.2630915764371307
0.4897959183673469,4.302040816326531,-2.8463227846221972,-1.8319222481902442,-3.376384523268058
0.4897959183673469,4.442857142857143,-2.674659320455975,-1.9037046738328596,-2.0994105359395525
0.4897959183673469,4.5836734693877546,-2.513863673098579,-1.9681270579340997,-1.5337609516214048
0.4897959183673469,4.724489795918367,-2.369923018142918,-2.022853992109178,-1.182761045697727
0.4897959183673469,4.865306122448979,-2.242251534930384,-2.065709237653073,-0.9259643293244532
0.4897959183673469,5.006122448979592,-2.1286747052670227,-2.095116017904606,-0.72200309203407
0.4897959183673469,5.146938775510204,-2.0269465159562357,-2.110487226574914,-0.5518024887241647
0.4897959183673469,5.2877551020408164,-1.9351316810952555,-2.112382493296752,-0.40499541663159266
0.4897959183673469,5.428571428571429,-1.851649202552468,-2.102348698316227,-0.2753182835911438
0.4897959183673469,5.56938775510204,-1.7752265805356777,-2.0825284451463513,-0.1586946653114966
0.4897959183673469,5.710204081632653,-1.704839887296677,-2.0552202894101166,-0.052320820527715604
0.4897959183673469,5.851020408163265,-1.6396604529879253,-2.0225417316842993,0.045816292727746816
0.4897959183673469,5.9918367346938775,-1.5790121156905332,-1.9862487597434604,0.1372127386057669
0.4897959183673469,6.13265306122449,-1.5223381711791042,-1.9476877084667394,0.22301238892766884
0.4897959183673469,6.273469387755102,-1.469176115234454,-1.9078269248990596,0.3041110830648194
0.4897959183673469,6.414285714285714,-1.4191383532646167,-1.8673225709145833,0.38122513502734845
0.4897959183673469,6.555102040816326,-1.3718973970517818,-1.826590061625975,0.4549378590678787
0.4897959183673469,6.6959183673469385,-1.327174423822393,-1.7858675863776583,0.5257320266932544
0.4897959183673469,6.836734693877551,-1.2847303683831035,-1.7452672126807915,0.5940133344666522
0.4897959183673469,6.977551020408163,-1.244358912786312,-1.704813858868618,0.6601273355091154
0.4897959183673469,7.118367346938776,-1.205880938693197,-1.6644739869819214,0.724372361808786
0.4897959183673469,7.259183673469387,-1.1691400889706682,-1.6241763925321462,0.7870092009588245
0.4897959183673469,7.4,-1.1339991933092823,-1.5838270636270648,0.8482686630207857
0.5102040816326531,0.5,-1.0759397948359726,0.48729949958805757,0.3466416570377349
0.5102040816326531,0.6408163265306123,-1.1118131859411466,0.38032713295446074,0.32518452879804766
0.5102040816326531,0.7816326530612245,-1.1491374088492932,0.2777734013511602,0.30219727891036297
0.5102040816326531,0.9224489795918367,-1.1880463794843925,0.17913278077489586,0.277640321172201
0.5102040816326531,1.063265306122449,-1.2286892900050477,0.08390468387426846,0.2514466970234688
0.5102040816326531,1.2040816326530612,-1.2712341753111107,-0.008378946457465569,0.2235232381506632
0.5102040816326531,1.3448979591836734,-1.3158720496644865,-0.09814574124127763,0.1937501644468724
0.5102040816326531,1.4857142857142858,-1.362821869428136,-0.18578299518851446,0.16197925946664307
0.5102040816326531,1.626530612244898,-1.412336628725389,-0.2716408893125394,0.12803061567696514
0.5102040816326531,1.76734693877551,-1.4647109765911468,-0.35603670357562234,0.09168777650590752
0.5102040816326531,1.9081632653061225,-1.5202908665227552,-0.43925905122933884,0.052690943647870386
0.5102040816326531,2.0489795918367344,-1.579485920809534,-0.5215716627789628,0.010727701436304563
0.5102040816326531,2.1897959183673468,-1.6427854255630143,-0.6032165456692813,-0.03457958662831471
0.5102040816326531,2.330612244897959,-1.7107791773948533,-0.6844163264958006,-0.08369099114130941
0.5102040816326531,2.4714285714285715,-1.7841847597431093,-0.7653756794600437,-0.13717285045573085
0.5102040816326531,2.6122448979591835,-1.8638831327782652,-0.846281672762871,-0.1957313157650401
0.5102040816326531,2.753061224489796,-1.9509642940704532,-0.9273026497060313,-0.2602607452848041
0.5102040816326531,2.8938775510204082,-2.0467830194019947,-1.0085854929293208,-0.33191525186689996
0.5102040816326531,3.03469387755102,-2.1530176168238024,-1.0902503585863037,-0.41221833647103856
0.5102040816326531,3.1755102040816325,-2.2717008574188253,-1.1723822593468323,-0.5032374005950867
0.5102040816326531,3.316326530612245,-2.405115817765046,-1.2550183084364162,-0.6078754141131512
0.5102040816326531,3.457142857142857,-2.5552061126938357,-1.3381288918781018,-0.730388916819595
0.5102040816326531,3.5979591836734692,-2.7213993227007514,-1.4215909955232418,-0.8773813738242543
0.5102040816326531,3.7387755102040816,-2.893816879496907,-1.5051511613583581,-1.0599142278585365
0.5102040816326531,3.8795918367346935,-3.0378041433753915,-1.588376804822081,-1.2986821445849774
0.5102040816326531,4.020408163265306,-3.0876925231882133,-1.6705943710461237,-1.6397820509888097
0.5102040816326531,4.161224489795918,-3.009937533412287,-1.7508211656304968,-2.2246486737318185
0.5102040816326531,4.302040816326531,-2.8550953326807433,-1.8276999076330633,-3.420956078461328
0.5102040816326531,4.442857142857143,-2.683622062291414,-1.8994683610408662,-2.139519726506197
0.5102040816326531,4.5836734693877546,-2.522342820848292,-1.964004860903755,-1.5565224526925423
0.5102040816326531,4.724489795918367,-2.3777888595890655,-2.0190018080312666,-1.1991890226870199
0.5102040816326531,4.865306122448979,-2.249544140555207,-2.0622931529041075,-0.9391755779282261
0.5102040816326531,5.006122448979592,-2.1354737248523707,-2.0922849667403027,-0.7332947275439708
0.5102040816326531,5.146938775510204,-2.0333313093652623,-2.1083446874830165,-0.5618370774803425
0.5102040816326531,5.2877551020408164,-1.9411709891454665,-2.1109692138480596,-0.4141576050023003
0.5102040816326531,5.428571428571429,-1.8573999988194587,-2.1016434923800547,-0.2838520937475136
0.5102040816326531,5.56938775510204,-1.780735490638839,-2.0824641503341224,-0.16676547627805424
0.5102040816326531,5.710204081632653,-1.7101450661784305,-2.0557056674839225,-0.06004670230977572
0.5102040816326531,5.851020408163265,-1.6447932942488503,-2.023480797277706,0.03834732979499211
0.5102040816326531,5.9918367346938775,-1.5839986533854995,-1.987553531685438,0.129932620023668
0.5102040816326531,6.13265306122449,-1.52720018575592,-1.9492845002102375,0.21586669791053487
0.5102040816326531,6.273469387755102,-1.4739319939059181,-1.9096580605491675,0.2970549821907111
0.5102040816326531,6.414285714285714,-1.4238037578257798,-1.86934553484894,0.3742206176339856
0.5102040816326531,6.555102040816326,-1.3764857838482512,-1.828775541885283,0.4479518383915492
0.5102040816326531,6.6959183673469385,-1.3316974492699059,-1.7881972629027254,0.5187349260015593
0.5102040816326531,6.836734693877551,-1.289198210871131,-1.7477316854272111,0.586978102524917
0.5102040816326531,6.977551020408163,-1.2487805256010531,-1.7074109194461449,0.6530286131893718
0.5102040816326531,7.118367346938776,-1.2102642530643246,-1.6672072013098447,0.7171858541090563
0.5102040816326531,7.259183673469387,-1.1734921773424667,-1.6270539642045752,0.7797111693000579
0.5102040816326531,7.4,-1.1383264011987873,-1.5868609733859607,0.8408354587882664
0.5306122448979591,0.5,-1.07585133292657,0.48755186013725654,0.3466950302173597
0.5306122448979591,0.6408163265306123,-1.1116856554800745,0.38066699954168376,0.32526328598251947
0.5306122448979591,0.7816326530612245,-1.148964409531747,0.27820344859032614,0.3023063377889292
0.5306122448979591,0.9224489795918367,-1.187821061798018,0.17965501516808177,0.2777849802285291
0.5306122448979591,1.063265306122449,-1.2284041613857617,0.0845209693673336,0.2516327698472293
0.5306122448979591,1.2040816326530612,-1.270880895256086,-0.0076665681409854676,0.2237572055948139
0.5306122448979591,1.3448979591836734,-1.3154411992572295,-0.09733485065965568,0.1940393515312802
0.5306122448979591,1.4857142857142858,-1.3623026799319498,-0.18487066591778842,0.16233204679973334
0.5306122448979591,1.626530612244898,-1.4117166512420372,-0.27062359856881857,0.12845669841129503
0.5306122448979591,1.76734693877551,-1.4639756700814142,-0.35491026498837835,0.09219848888360484
0.5306122448979591,1.9081632653061225,-1.519423074261287,-0.43801855863723843,0.053299673630410035
0.5306122448979591,2.0489795918367344,-1.578465194905457,-0.5202114396863741,0.01145043109493859
0.5306122448979591,2.1897959183673468,-1.6415871443527983,-0.6017300981469302,-0.033723564057815486
0.5306122448979591,2.330612244897959,-1.7093733805106748,-0.6827963003816507,-0.08267810056433837
0.5306122448979591,2.4714285714285715,-1.7825346005083633,-0.7636138272208594,-0.13597389270051188
0.5306122448979591,2.6122448979591835,-1.8619428222442063,-0.8443688353343637,-0.1943095687183218
0.5306122448979591,2.753061224489796,-1.9486764065092623,-0.9252287738340415,-0.2585692018535907
0.5306122448979591,2.8938775510204082,-2.0440751178204706,-1.006339700594981,-0.3298924827488857
0.5306122448979591,3.03469387755102,-2.1497985759101614,-1.0878211105756765,-0.40978205679104573
0.5306122448979591,3.1755102040816325,-2.2678587799058585,-1.1697576661808808,-0.5002740308759458
0.5306122448979591,3.316326530612245,-2.400524592618375,-1.252186675943099,-0.604222215243035
0.5306122448979591,3.457142857142857,-2.5497647498770664,-1.335079626357126,-0.7258013242129233
0.5306122448979591,3.5979591836734692,-2.7151816747512254,-1.4183160400312311,-0.8714679553090657
0.5306122448979591,3.7387755102040816,-2.8875337210928187,-1.501647207798179,-1.0519913931644025
0.5306122448979591,3.8795918367346935,-3.0336837911069097,-1.5846485467711977,-1.2873920954747105
0.5306122448979591,4.020408163265306,-3.0888969435503975,-1.6666590648742574,-1.6217982981832093
0.5306122448979591,4.161224489795918,-3.0163983688629976,-1.7467145321584188,-2.1878058772089917
0.5306122448979591,4.302040816326531,-2.863833829395359,-1.8234829067211038,-3.4353367998521893
0.5306122448979591,4.442857142857143,-2.6926090804848077,-1.8952332482511431,-2.1813489810787328
0.5306122448979591,4.5836734693877546,-2.5308624161730164,-1.9598774866775215,-1.579809772470564
0.5306122448979591,4.724489795918367,-2.385696058365428,-2.0151359420239543,-1.215871083285945
0.5306122448979591,4.865306122448979,-2.25687451571044,-2.058853607558191,-0.9525384181590836
0.5306122448979591,5.006122448979592,-2.142306057765165,-2.0894209577178824,-0.7446879788044887
0.5306122448979591,5.146938775510204,-2.0397452086728753,-2.1061617441412555,-0.5719448321267641
0.5306122448979591,5.2877551020408164,-1.9472357218273972,-2.1095113813945976,-0.4233749692095072
0.5306122448979591,5.428571428571429,-1.863173071933434,-2.1008931205429313,-0.292428774715001
0.5306122448979591,5.56938775510204,-1.7862639935925482,-2.0823569708524055,-0.17487020861491076
0.5306122448979591,5.710204081632653,-1.7154675356168116,-2.0561522489507578,-0.0677996479866186
0.5306122448979591,5.851020408163265,-1.6499414309735199,-2.0243859027650437,0.03085680387384612
0.5306122448979591,5.9918367346938775,-1.5889987363741955,-1.9888291432625391,0.12263553803518276
0.5306122448979591,6.13265306122449,-1.5320741898635468,-1.9508564198186227,0.2087080391594627
0.5306122448979591,6.273469387755102,-1.4786984601998336,-1.9114678687818738,0.2899895128444138
0.5306122448979591,6.414285714285714,-1.428478469261015,-1.871349900592371,0.36721008170649844
0.5306122448979591,6.555102040816326,-1.381082291751993,-1.8309443484361223,0.44096302082735495
0.5306122448979591,6.6959183673469385,-1.3362274826447895,-1.7905114368882065,0.5117381958101288
0.5306122448979591,6.836734693877551,-1.2936720034168419,-1.7501811316876044,0.57994644753051
0.5306122448979591,6.977551020408163,-1.253207070575554,-1.7099927932325243,0.6459367776606533
0.5306122448979591,7.118367346938776,-1.2146515088845922,-1.6699244659562629,0.7100097234228345
0.5306122448979591,7.259183673469387,-1.1778472322826283,-1.6299142673285647,0.7724272415363818
0.5306122448979591,7.4,-1.1426556066907945,-1.5898757560959897,0.8334203980568987
0.5510204081632653,0.5,-1.0757629166101066,0.4878041228335596,0.34674837272802717
0.5510204081632653,0.6408163265306123,-1.1115582043686691,0.381006721195502,0.3253419885694722
0.5510204081632653,0.7816326530612245,-1.1487915355819656,0.278633300378172,0.30241530882666345
0.5510204081632653,0.9224489795918367,-1.187595930447185,0.1801769996123607,0.27792950679479206
0.5510204081632653,1.063265306122449,-1.2281192986237532,0.0851369446244231,0.2518186513482049
0.5510204081632653,1.2040816326530612,-1.2705279838902195,-0.006954568362127638,0.2239909050379017
0.5510204081632653,1.3448979591836734,-1.3150108499123887,-0.0965244178901392,0.19432817127644111
0.5510204081632653,1.4857142857142858,-1.3617841615763453,-0.18395888802860022,0.1626843384654264
0.5510204081632653,1.626530612244898,-1.4110975634185052,-0.2696069707954328,0.12888211979848002
0.5510204081632653,1.76734693877551,-1.463241534403271,-0.353784623213134,0.09270832575308517
0.5510204081632653,1.9081632653061225,-1.5185568156187008,-0.4367790236250287,0.053907250498297865
0.5510204081632653,2.0489795918367344,-1.577446472548434,-0.51885236722527,0.012171646213473254
0.5510204081632653,2.1897959183673468,-1.64039147841912,-0.6002450326275915,-0.0328695294183521
0.5510204081632653,2.330612244897959,-1.7079709998596124,-0.681177932769298,-0.0816678228325687
0.5510204081632653,2.4714285714285715,-1.780888912884339,-0.7618539625828024,-0.1347783809427807
0.5510204081632653,2.6122448979591835,-1.860008382542611,-0.8424583754483317,-0.19289239223732157
0.5510204081632653,2.753061224489796,-1.9463962533604282,-0.9231577349500993,-0.2568837703575993
0.5510204081632653,2.8938775510204082,-2.0413774321568927,-1.0040972815793414,-0.3278779787724179
0.5510204081632653,3.03469387755102,-2.1465930140344933,-1.0853958558804253,-0.4073571224669917
0.5510204081632653,3.1755102040816325,-2.264034282084125,-1.1671377717551918,-0.49732654703363455
0.5510204081632653,3.316326530612245,-2.395955378384137,-1.2493605264221948,-0.6005918582404379
0.5510204081632653,3.457142857142857,-2.54434747697608,-1.332036684438898,-0.7212477843374965
0.5510204081632653,3.5979591836734692,-2.708977763805176,-1.415048256079262,-0.8656079466587597
0.5510204081632653,3.7387755102040816,-2.881212094468379,-1.4981511882484806,-1.0441588363410543
0.5510204081632653,3.8795918367346935,-3.029393761402397,-1.5809287409978494,-1.276273858814371
0.5510204081632653,4.020408163265306,-3.0898291173559955,-1.6627322325211935,-1.6042184695356028
0.5510204081632653,4.161224489795918,-3.0226863965159025,-1.7426155292206535,-2.1524502518002224
0.5510204081632653,4.302040816326531,-2.8725336063065274,-1.8192713512898502,-3.416776486353518
0.5510204081632653,4.442857142857143,-2.701618829789366,-1.890999542438466,-2.225049888156386
0.5510204081632653,4.5836734693877546,-2.5394222370515687,-1.9557452685989332,-1.603649657208535
0.5510204081632653,4.724489795918367,-2.393644831039214,-2.0112568569544953,-1.232816314176004
0.5510204081632653,4.865306122448979,-2.264242991202288,-2.0553911504722318,-0.96605711841972
0.5510204081632653,5.006122448979592,-2.149172040389416,-2.0865245320908348,-0.7561852554402825
0.5510204081632653,5.146938775510204,-2.0461885231837185,-2.1039388264019707,-0.5821272891242164
0.5510204081632653,5.2877551020408164,-1.953326154923931,-2.1080092363395466,-0.43264857757933567
0.5510204081632653,5.428571428571429,-1.8689686663838128,-2.1000976138906116,-0.30104911946110835
0.5510204081632653,5.56938775510204,-1.7918123071573617,-2.082206758603564,-0.1830094837362652
0.5510204081632653,5.710204081632653,-1.720807491461515,-2.056559764532652,-0.07558016755662562
0.5510204081632653,5.851020408163265,-1.6551050414677744,-2.0252567181048065,0.02334427869383424
0.5510204081632653,5.9918367346938775,-1.594012529200308,-1.9900752522197587,0.11532110488043548
0.5510204081632653,6.13265306122449,-1.5369603375096987,-1.9524031461078928,0.20153605520283388
0.5510204081632653,6.273469387755102,-1.483475660362897,-1.9132560707403794,0.2829143327505626
0.5510204081632653,6.414285714285714,-1.433162628515978,-1.8733354394655355,0.36019319193415666
0.5510204081632653,6.555102040816326,-1.3856870587540557,-1.8330963103844982,0.4339710695135329
0.5510204081632653,6.6959183673469385,-1.3407646604953847,-1.7928099960246895,0.5047414783361588
0.5510204081632653,6.836734693877551,-1.2981518834435135,-1.7526154981835371,0.5729179931193723
0.5510204081632653,6.977551020408163,-1.2576386877273718,-1.7125594872372323,0.638851420673986
0.5510204081632653,7.118367346938776,-1.2190428505629152,-1.6726258533592921,0.7028435160410667
0.5510204081632653,7.259183673469387,-1.18220540450178,-1.6327574331932395,0.765156916073392
0.5510204081632653,7.4,-1.1469869687387244,-1.59287162146118,0.8260229008749491
0.5714285714285714,0.5,-1.075674545864226,0.48805628768503123,0.3468016845860646
0.5714285714285714,0.6408163265306123,-1.1114308325603766,0.38134629791256086,0.3254206365938685
0.5714285714285714,0.7816326530612245,-1.1486187869123037,0.2790629566723676,0.30252419209003045
0.5714285714285714,0.9224489795918367,-1.1873709852768224,0.18069873405894005,0.2780739009896185
0.5714285714285714,1.063265306122449,-1.2278347014558522,0.08575260961968491,0.2520043417282848
0.5714285714285714,1.2040816326530612,-1.2701754407807604,-0.006242947117602385,0.22422433681195672
0.5714285714285714,1.3448979591836734,-1.314581000936312,-0.09571444286154104,0.19461662421458903
0.5714285714285714,1.4857142857142858,-1.361266313272409,-0.18304766132779,0.16303613529970898
0.5714285714285714,1.626530612244898,-1.4104793635744395,-0.2685910055489024,0.12930688113068772
0.5714285714285714,1.76734693877551,-1.462508566997335,-0.3526597775734878,0.09321728908707455
0.5714285714285714,1.9081632653061225,-1.5176920867382335,-0.4355404451056719,0.054513677236126275
0.5714285714285714,2.0489795918367344,-1.5764297479721707,-0.5174944437237413,0.012891351280584449
0.5714285714285714,2.1897959183673468,-1.639198419188433,-0.5987613466910284,-0.032017475978400795
0.5714285714285714,2.330612244897959,-1.7065720227439256,-0.6795612202169423,-0.08066014784886955
0.5714285714285714,2.4714285714285715,-1.7792476781211206,-0.7600960807787616,-0.13358629998468569
0.5714285714285714,2.6122448979591835,-1.8580797860816884,-0.8405502866241225,-0.19147976328766989
0.5714285714285714,2.753061224489796,-1.9441237942924325,-0.9210895240687449,-0.2552044155022644
0.5714285714285714,2.8938775510204082,-2.0386899043777755,-1.0018582245166516,-0.3258716850003056
0.5714285714285714,3.03469387755102,-2.1434008509946576,-1.082974579853553,-0.4049434461335224
0.5714285714285714,3.1755102040816325,-2.260227264967957,-1.1645225576114837,-0.49439480605081765
0.5714285714285714,3.316326530612245,-2.3914080973400833,-1.2465398372303653,-0.5969840996792547
0.5714285714285714,3.457142857142857,-2.5389544185537676,-1.329000039477004,-0.7167278599818476
0.5714285714285714,3.5979591836734692,-2.702788569652638,-1.411787614256861,-0.8598005012652203
0.5714285714285714,3.7387755102040816,-2.874855514006938,-1.494663073840117,-1.0364147263639096
0.5714285714285714,3.8795918367346935,-3.0249403596681637,-1.57721736555154,-1.2653227238528393
0.5714285714285714,4.020408163265306,-3.09048857506197,-1.6588138865233002,-1.5870261148242615
0.5714285714285714,4.161224489795918,-3.0287939249494125,-1.738524192840508,-2.118478913799033
0.5714285714285714,4.302040816326531,-2.881189779348409,-1.815065343843103,-3.3694058426622266
0.5714285714285714,4.442857142857143,-2.710649651645577,-1.886767445338557,-2.2707932838342804
0.5714285714285714,4.5836734693877546,-2.5480220202664174,-1.9516085346213088,-1.6280709118519436
0.5714285714285714,4.724489795918367,-2.401635382262019,-2.0073650089643333,-1.250034287392436
0.5714285714285714,4.865306122448979,-2.2716498963904224,-2.0519063226532217,-0.9797361162227979
0.5714285714285714,5.006122448979592,-2.156072011059825,-2.0835962330399274,-0.7677890478707551
0.5714285714285714,5.146938775510204,-2.052661565053835,-2.1016763718572102,-0.5923860283711154
0.5714285714285714,5.2877551020408164,-1.9594425671112892,-2.106463029323648,-0.4419795212259443
0.5714285714285714,5.428571428571429,-1.8747870292262736,-2.099257016893818,-0.30971393759461635
0.5714285714285714,5.56938775510204,-1.7973806513000408,-2.082013376979535,-0.19118393427757516
0.5714285714285714,5.710204081632653,-1.7261651314035675,-2.056927954722248,-0.0833887803777308
0.5714285714285714,5.851020408163265,-1.6602843055597152,-2.0260929174796916,0.015809312492508668
0.5714285714285714,5.9918367346938775,-1.5990401976308737,-1.991291517357182,0.10798892899580523
0.5714285714285714,6.13265306122449,-1.5418587836773734,-1.9539243554209949,0.19435038730312082
0.5714285714285714,6.273469387755102,-1.4882637413632993,-1.9150223822553598,0.2758291006299189
0.5714285714285714,6.414285714285714,-1.4378563770279913,-1.8753019177063537,0.3531696142437047
0.5714285714285714,6.555102040816326,-1.3903002220638536,-1.8352312509707833,0.42697562293641184
0.5714285714285714,6.6959183673469385,-1.3453091196197982,-1.7950928197724862,0.49774442780763406
0.5714285714285714,6.836734693877551,-1.3026379881054961,-1.7550347298312006,0.5658923632802696
0.5714285714285714,6.977551020408163,-1.2620755165274937,-1.7151110009335362,0.6317721396696925
0.5714285714285714,7.118367346938776,-1.2234384216262597,-1.6753114289339845,0.6956867845122174
0.5714285714285714,7.259183673469387,-1.1865668433904926,-1.635583611832561,0.7578996715369758
0.5714285714285714,7.4,-1.1513206446058044,-1.5958487744878451,0.8186423939276295
0.5918367346938775,0.5,-1.0755862206665736,0.4883083546998591,0.3468549658077937
0.5918367346938775,0.6408163265306123,-1.1113035400086584,0.3816857296896115,0.3254992300906335
0.5918367346938775,0.7816326530612245,-1.148446163435239,0.2794924174550252,0.30263298764565
0.5918367346938775,0.9224489795918367,-1.1871462261318626,0.18122021842724037,0.27821816293129675
0.5918367346938775,1.063265306122449,-1.2275503696192218,0.08636796432726904,0.25218984118908166
0.5918367346938775,1.2040816326530612,-1.2698232654956807,-0.005531704404324731,0.22445750124845298
0.5918367346938775,1.3448979591836734,-1.314151651636767,-0.09490492550320155,0.19490471087687208
0.5918367346938775,1.4857142857142858,-1.3607491339338966,-0.1821369856232639,0.16338743813649234
0.5918367346938775,1.626530612244898,-1.4098620500334849,-0.26757570252030444,0.1297309836964064
0.5918367346938775,1.76734693877551,-1.4617767653126328,-0.35153572739748984,0.09372538085166177
0.5918367346938775,1.9081632653061225,-1.516828883777591,-0.4343028219970225,0.055118956816979356
0.5918367346938775,2.0489795918367344,-1.575415015434986,-0.5161376674936764,0.013609550765168267
0.5918367346938775,2.1897959183673468,-1.6380079581278073,-0.5972790379281131,-0.03116739704008207
0.5918367346938775,2.330612244897959,-1.7051764365327307,-0.6779461593000545,-0.07965506557339609
0.5918367346938775,2.4714285714285715,-1.7776108775771793,-0.7583401770651674,-0.13239763472660115
0.5918367346938775,2.6122448979591835,-1.8561570054419134,-0.8386445624145494,-0.19007165900454417
0.5918367346938775,2.753061224489796,-1.941858989233384,-0.9190241326306996,-0.2535311022889744
0.5918367346938775,2.8938775510204082,-2.0360124768158596,-0.9996225181061669,-0.32387354702588234
0.5918367346938775,3.03469387755102,-2.1402220069670848,-1.0805572679473312,-0.4025409414051647
0.5918367346938775,3.1755102040816325,-2.25643762904027,-1.1619119981530468,-0.4914786750119541
0.5918367346938775,3.316326530612245,-2.386882668775466,-1.2437245860086996,-0.5933986996425584
0.5918367346938775,3.457142857142857,-2.5335856845506126,-1.3259696649401118,-0.7122411221425591
0.5918367346938775,3.5979591836734692,-2.6966150178279635,-1.4085340851981607,-0.8540447921680216
0.5918367346938775,3.7387755102040816,-2.868467362915847,-1.491182835612283,-1.0287572864369028
0.5918367346938775,3.8795918367346935,-3.0203299201162586,-1.5735143981736586,-1.254534167210145
0.5918367346938775,4.020408163265306,-3.0908753586648965,-1.654903992196669,-1.5702058368699776
0.5918367346938775,4.161224489795918,-3.034713280075823,-1.7344405571426553,-2.0857981470680853
0.5918367346938775,4.302040816326531,-2.88979724549702,-1.8108649835018056,-3.3017578506049765
0.5918367346938775,4.442857142857143,-2.7196997684186606,-1.8825371544037515,-2.3187721971384954
0.5918367346938775,4.5836734693877546,-2.5566614587723318,-1.947467606021323,-1.6531046120120612
0.5918367346938775,4.724489795918367,-2.409667903755358,-2.003460847646477,-1.2675350957848823
0.5918367346938775,4.865306122448979,-2.2790955589317834,-2.0483996590698292,-0.9935800302907993
0.5918367346938775,5.006122448979592,-2.1630063099689516,-2.0806366033549515,-0.7795019309765338
0.5918367346938775,5.146938775510204,-2.0591646492788813,-2.09937482547287,-0.6027226749255931
0.5918367346938775,5.2877551020408164,-1.965585239928463,-2.1048730250604777,-0.45136892017594105
0.5918367346938775,5.428571428571429,-1.880628410113983,-2.098371387383766,-0.3184240559055221
0.5918367346938775,5.56938775510204,-1.8029692482255009,-2.08177670101444,-0.1993942044391572
0.5918367346938775,5.710204081632653,-1.7315406550135741,-2.0572565675306036,-0.09122601281853342
0.5918367346938775,5.851020408163265,-1.6654794046290036,-2.0268941795265323,0.008251457877179737
0.5918367346938775,5.9918367346938775,-1.6040819086883276,-1.9924775986850973,0.10063861494486098
0.5918367346938775,6.13265306122449,-1.5467696843101022,-1.955419724510755,0.18715067282530615
0.5918367346938775,6.273469387755102,-1.4930628509172945,-1.9167665155581821,0.26873347486507243
0.5918367346938775,6.414285714285714,-1.4425598566807845,-1.877249100366523,0.3461390114108801
0.5918367346938775,6.555102040816326,-1.3949219186359516,-1.83734899178727,0.41997632204596647
0.5918367346938775,6.6959183673469385,-1.349860996673195,-1.7973597843255351,0.49074669445758184
0.5918367346938775,6.836734693877551,-1.3071304541478588,-1.7574387606668995,0.5588691858091757
0.5918367346938775,6.977551020408163,-1.266517695883503,-1.717647330162422,0.6246985340463488
0.5918367346938775,7.118367346938776,-1.2278383647775144,-1.677981251403867,0.6885390875097964
0.5918367346938775,7.259183673469387,-1.1909316972623754,-1.6383929155330395,0.7506550264826989
0.5918367346938775,7.4,-1.1556567900220007,-1.598807403145504,0.8112783229292809
0.6122448979591836,0.5,-1.0754979409947962,0.4885603238862874,0.3469082164095333
0.6122448979591836,0.6408163265306123,-1.1111763266669912,0.38202501652345744,0.32557776909467273
0.6122448979591836,0.7816326530612245,-1.1482736650632843,0.2799216827083722,0.3027416955600954
0.6122448979591836,0.9224489795918367,-1.1869216528575572,0.18174145268865025,0.27836229273829977
0.6122448979591836,1.063265306122449,-1.2272663028517001,0.08698300879750823,0.2523751499323121
0.6122448979591836,1.2040816326530612,-1.2694714576036532,-0.004820840219403412,0.22469039867831747
0.6122448979591836,1.3448979591836734,-1.313722801322939,-0.09409586574483879,0.19519243179333562
0.6122448979591836,1.4857142857142858,-1.3602326224772157,-0.1812268607240182,0.16373824780764348
0.6122448979591836,1.626530612244898,-1.4092456211245195,-0.2665610613257479,0.13015442878033598
0.6122448979591836,1.76734693877551,-1.4610461268065322,-0.35041247201928893,0.09423260300626195
0.6122448979591836,1.9081632653061225,-1.5159672029088718,-0.43306615322180253,0.05572309220248685
0.6122448979591836,2.0489795918367344,-1.5744022692185968,-0.5147820369622755,0.014326249116689392
0.6122448979591836,2.1897959183673468,-1.6368200867480136,-0.5957981035138469,-0.03031928577169698
0.6122448979591836,2.330612244897959,-1.7037842286615534,-0.6763327466110484,-0.078652566023335
0.6122448979591836,2.4714285714285715,-1.775978492718674,-0.7565862467217397,-0.13121237016633586
0.6122448979591836,2.6122448979591835,-1.8542400133749106,-0.8367411964053929,-0.18866805669120595
0.6122448979591836,2.753061224489796,-1.9396017983719165,-0.9169615522053441,-0.2518637960128444
0.6122448979591836,2.8938775510204082,-2.033345092169591,-0.9973901511070936,-0.3218835109694962
0.6122448979591836,3.03469387755102,-2.137056402513886,-1.0781439056917774,-0.40014952286020466
0.6122448979591836,3.1755102040816325,-2.252665275823562,-1.1593060900705678,-0.48857799758572706
0.6122448979591836,3.316326530612245,-2.382379009162404,-1.2409147500901345,-0.5898354226609703
0.6122448979591836,3.457142857142857,-2.528241370983511,-1.3229455344198418,-0.7077871498102118
0.6122448979591836,3.5979591836734692,-2.690457981780472,-1.405287639591666,-0.8483400114548922
0.6122448979591836,3.7387755102040816,-2.8620508948404826,-1.48771044447046,-1.0211847919779315
0.6122448979591836,3.8795918367346935,-3.0155687857001605,-1.5698198163184545,-1.2439038432221392
0.6122448979591836,4.020408163265306,-3.090990018884606,-1.6510025608521532,-1.5537430201366231
0.6122448979591836,4.161224489795918,-3.0404368332575813,-1.7303646544306206,-2.0543225442847346
0.6122448979591836,4.302040816326531,-2.8983506800856307,-1.8066703661015489,-3.222745745851441
0.6122448979591836,4.442857142857143,-2.728767277496069,-1.8783088613550911,-2.369205169898257
0.6122448979591836,4.5836734693877546,-2.5653401988771662,-1.9433227974058216,-1.6787843461285494
0.6122448979591836,4.724489795918367,-2.4177425732382436,-1.9995448152168729,-1.285329390588199
0.6122448979591836,4.865306122448979,-2.286580303890895,-2.04487170015432,-1.0075936905400629
0.6122448979591836,5.006122448979592,-2.169975279021604,-2.0776461886444055,-0.7913265681504048
0.6122448979591836,5.146938775510204,-2.065698093681717,-2.0970346392089794,-0.613138900804528
0.6122448979591836,5.2877551020408164,-1.971754457808705,-2.1032395006756595,-0.46081792292092877
0.6122448979591836,5.428571428571429,-1.886493061331668,-2.09744079650662,-0.32718031892045546
0.6122448979591836,5.56938775510204,-1.8085783224100254,-2.0814966175213367,-0.20764095034487892
0.6122448979591836,5.710204081632653,-1.7369342637903182,-2.057545356094351,-0.09909239725937563
0.6122448979591836,5.851020408163265,-1.670690521636472,-2.027660187614723,0.0006702616266865149
0.6122448979591836,5.9918367346938775,-1.609137830676395,-1.9936331577247308,0.09326976321176002
0.6122448979591836,6.13265306122449,-1.5516931963649974,-1.95688892868202,0.17993654675165258
0.6122448979591836,6.273469387755102,-1.497873137479365,-1.9184881818255153,0.26162711070729366
0.6122448979591836,6.414285714285714,-1.447273209914567,-1.8791767450981758,0.3391010489914704
0.6122448979591836,6.555102040816326,-1.3995522893735632,-1.8394493375420842,0.4129728815359298
0.6122448979591836,6.6959183673469385,-1.3544204283430354,-1.7996107607224978,0.48374793007406797
0.6122448979591836,6.836734693877551,-1.3116294183664385,-1.7598275176693163,0.5518480983532958
0.6122448979591836,6.977551020408163,-1.2709653641923604,-1.720168465338387,0.6176302064695844
0.6122448979591836,7.118367346938776,-1.2322428219278379,-1.6806353724904866,0.6813999894978491
0.6122448979591836,7.259183673469387,-1.1953001132725827,-1.6411854608450962,0.7434224947030815
0.6122448979591836,7.4,-1.1599955591727278,-1.6017476952738354,0.8039301351246361
0.6326530612244897,0.5,-1.075409706826546,0.48881219525266195,0.34696143640758875
0.6326530612244897,0.6408163265306123,-1.1110491924888668,0.3823641584110343,0.3256562536408997
0.6326530612244897,0.7816326530612245,-1.1481012917090148,0.2803507524147816,0.30285031589988903
0.6326530612244897,0.9224489795918367,-1.186697265299303,0.18226243681465887,0.27850629052898546
0.6326530612244897,1.063265306122449,-1.226982500890858,0.08759774294050231,0.25256026815879734
0.6326530612244897,1.2040816326530612,-1.2691200166741037,-0.004110354553737495,0.2249230294319296
0.6326530612244897,1.3448979591836734,-1.313294449305421,-0.093287263517223,0.1954797874929117
0.6326530612244897,1.4857142857142858,-1.3597167778214247,-0.18031728644010322,0.1640885651429644
0.6326530612244897,1.626530612244898,-1.4086300751811864,-0.2655470815832334,0.13057721766347183
0.6326530612244897,1.76734693877551,-1.4603166489449373,-0.34929001076628124,0.09473895750389802
0.6326530612244897,1.9081632653061225,-1.515107040318509,-0.4318304377075925,0.05632608634290845
0.6326530612244897,2.0489795918367344,-1.5733915036293797,-0.5134275504973732,0.015041450764978578
0.6326530612244897,2.1897959183673468,-1.635634796590216,-0.5943185419180343,-0.029473135874764418
0.6326530612244897,2.330612244897959,-1.7023953866318828,-0.6747209787591685,-0.07765263927239993
0.6326530612244897,2.4714285714285715,-1.7743505051187447,-0.7548342850513434,-0.13003049139836004
0.6326530612244897,2.6122448979591835,-1.8523287828023427,-0.8348401822215178,-0.18726893381685578
0.6326530612244897,2.753061224489796,-1.9373521821565722,-0.9149017743997789,-0.25020246225883686
0.6326530612244897,2.8938775510204082,-2.0306876935027143,-0.9951611123474304,-0.3199015234655403
0.6326530612244897,3.03469387755102,-2.1339039585894586,-1.0757344787017296,-0.3977691060259966
0.6326530612244897,3.1755102040816325,-2.2489101056177985,-1.156704807533927,-0.4856926450922468
0.6326530612244897,3.316326530612245,-2.377897032337752,-1.2381103073711692,-0.5862940361395411
0.6326530612244897,3.457142857142857,-2.5229215606159276,-1.3199276216371374,-0.7033655297695626
0.6326530612244897,3.5979591836734692,-2.6843182849857277,-1.4020482482216252,-0.8426853696278713
0.6326530612244897,3.7387755102040816,-2.855609235766488,-1.4842458712406985,-1.013695568547222
0.6326530612244897,3.8795918367346935,-3.01066328916605,-1.566133597250738,-1.2334275748787746
0.6326530612244897,4.020408163265306,-3.090833613473046,-1.6471095872388968,-1.5376239022438678
0.6326530612244897,4.161224489795918,-3.045957030921566,-1.7262965152703806,-2.0239741994771747
0.6326530612244897,4.302040816326531,-2.9068445347377616,-1.8024815893703985,-3.1392388968938434
0.6326530612244897,4.442857142857143,-2.737850144058068,-1.8740827756985572,-2.4223401018300152
0.6326530612244897,4.5836734693877546,-2.574057837267998,-1.9391744165333593,-1.7051464902975535
0.6326530612244897,4.724489795918367,-2.4258595532803957,-1.995617347274507,-1.3034284241706653
0.6326530612244897,4.865306122448979,-2.2941044540942017,-2.0413229724886808,-1.0217821197832573
0.6326530612244897,5.006122448979592,-2.1769792617685826,-2.0746255322825222,-0.8032657152941548
0.6326530612244897,5.146938775510204,-2.0722622188921562,-2.094656271652985,-0.6236364268808253
0.6326530612244897,5.2877551020408164,-1.977950508103602,-2.101562744783196,-0.47032770673907837
0.6326530612244897,5.428571428571429,-1.89238123782823,-2.096465328664734,-0.3359835894798258
0.6326530612244897,5.56938775510204,-1.814208100637842,-2.081173025235582,-0.21592484040414978
0.6326530612244897,5.710204081632653,-1.7423461611846294,-2.0577940829405588,-0.10698847538539544
0.6326530612244897,5.851020408163265,-1.6759178411551576,-2.028390630115084,-0.006934735500288689
0.6326530612244897,5.9918367346938775,-1.6142081332092244,-1.994757857713294,0.08588197008210761
0.6326530612244897,6.13265306122449,-1.556629477845555,-1.9583316418443404,0.1727076418394535
0.6326530612244897,6.273469387755102,-1.5026947502854613,-1.9201870896171604,0.25450966177429457
0.6326530612244897,6.414285714285714,-1.4519965796341168,-1.881084607420232,0.3320553886567888
0.6326530612244897,6.555102040816326,-1.404191472698095,-1.8415321027736342,0.4059649495221733
0.6326530612244897,6.6959183673469385,-1.3589875513620755,-1.8018456156070433,0.47674778696018116
0.6326530612244897,6.836734693877551,-1.3161350172766242,-1.7622009243725623,0.5448287369347921
0.6326530612244897,6.977551020408163,-1.275418659442475,-1.722674390119842,0.6105667649768391
0.6326530612244897,7.118367346938776,-1.2366519342401632,-1.6832738381577288,0.6742690598313902
0.6326530612244897,7.259183673469387,-1.1996722375123092,-1.6439613568690323,0.7362015974968641
0.6326530612244897,7.4,-1.1643371048680553,-1.6046698162596627,0.7965973025482809
0.6530612244897959,0.5,-1.0753215181394864,0.4890639688074135,0.3470146258182778
0.6530612244897959,0.6408163265306123,-1.1109221374277891,0.38270315534938604,0.3257346837641934
0.6530612244897959,0.7816326530612245,-1.1479290432850568,0.2807796265567331,0.3029588487315175
0.6530612244897959,0.9224489795918367,-1.1864730633026321,0.18278317077685904,0.2786501564216033
0.6530612244897959,1.063265306122449,-1.2266989634747512,0.08821216670581235,0.2527451960692315
0.6530612244897959,1.2040816326530612,-1.2687689422775181,-0.0034002473352265947,0.22515539383933494
0.6530612244897959,1.3448979591836734,-1.3128665948964156,-0.09247911871812235,0.19576677850352867
0.6530612244897959,1.4857142857142858,-1.3592015988886408,-0.17940826251898698,0.16443839097027665
0.6530612244897959,1.626530612244898,-1.4080154105418987,-0.26453376291261915,0.13099935162308468
0.6530612244897959,1.76734693877551,-1.4595883292019831,-0.34816834297445803,0.0952444462909626
0.6530612244897959,1.9081632653061225,-1.5142483922071823,-0.4305956743867946,0.05692794217716808
0.6530612244897959,2.0489795918367344,-1.5723827129977268,-0.5120742064741766,0.01575516012047271
0.6530612244897959,2.1897959183673468,-1.6344520792450627,-0.5928403503347348,-0.028628940585799928
0.6530612244897959,2.330612244897959,-1.7010098980107722,-0.6731108523701875,-0.07665527545042211
0.6530612244897959,2.4714285714285715,-1.7727268964566867,-0.7530842873741613,-0.1288519836129819
0.6530612244897959,2.6122448979591835,-1.8504232868148605,-0.8329415135072323,-0.1858742680158472
0.6530612244897959,2.753061224489796,-1.9351101013138232,-0.9128447914146376,-0.24854706689049075
0.6530612244897959,2.8938775510204082,-2.02804022424406,-0.9929353905088016,-0.3179275314455495
0.6530612244897959,3.03469387755102,-2.1307645965459514,-1.0733289726715156,-0.39539960736860935
0.6530612244897959,3.1755102040816325,-2.2451720190735016,-1.1541081325126241,-0.48282248181766063
0.6530612244897959,3.316326530612245,-2.3734366496595234,-1.235311235733823,-0.5827743112833524
0.6530612244897959,3.457142857142857,-2.5176263236007146,-1.3169159004552227,-0.6989758563882614
0.6530612244897959,3.5979591836734692,-2.6781967029973766,-1.3988158819547398,-0.8370800950165697
0.6530612244897959,3.7387755102040816,-2.8491453861738973,-1.4807890867396862,-1.0062879898328494
0.6530612244897959,3.8795918367346935,-3.0056197351545673,-1.5624556011992827,-1.22310152132401
0.6530612244897959,4.020408163265306,-3.090407700224428,-1.643225065324929,-1.5218354809491415
0.6530612244897959,4.161224489795918,-3.051266425513699,-1.722236168538627,-1.9946819639875615
0.6530612244897959,4.302040816326531,-2.9152730369054924,-1.7982987328221107,-3.055643683909817
0.6530612244897959,4.442857142857143,-2.746946199225593,-1.8698590310986078,-2.478457472992523
0.6530612244897959,4.5836734693877546,-2.5828139178917007,-1.9350227656466323,-1.732230521121714
0.6530612244897959,4.724489795918367,-2.4340189900911033,-1.9916788731350046,-1.321844095855402
0.6530612244897959,4.865306122448979,-2.301668329192329,-2.0377540008902653,-1.036150564576631
0.6530612244897959,5.006122448979592,-2.18401860319894,-2.0715751796938675,-0.8153222254223701
0.6530612244897959,5.146938775510204,-2.0788573483274293,-2.092240187644024,-0.6342170248701983
0.6530612244897959,5.2877551020408164,-1.9841736810995312,-2.0998430572113715,-0.4798994787277181
0.6530612244897959,5.428571428571429,-1.8982931972436632,-2.095445081449694,-0.3448347493421136
0.6530612244897959,5.56938775510204,-1.819858812033205,-2.080805834928663,-0.22424655569452995
0.6530612244897959,5.710204081632653,-1.7477765526143743,-2.0580025211444255,-0.11491479869782571
0.6530612244897959,5.851020408163265,-1.68116154940209,-2.029085200636859,-0.014563998949588975
0.6530612244897959,5.9918367346938775,-1.6192929872410429,-1.9958513638391389,0.07847482749514652
0.6530612244897959,6.13265306122449,-1.5615786878098403,-1.9597475378427387,0.1654635874231241
0.6530612244897959,6.273469387755102,-1.5075278393798572,-1.9218629451151215,0.24738077993948404
0.6530612244897959,6.414285714285714,-1.4567301093765956,-1.8829724391413514,0.32500169365461823
0.6530612244897959,6.555102040816326,-1.4088396080429018,-1.843597088614093,0.3989521993156159
0.6530612244897959,6.6959183673469385,-1.363562502562509,-1.8040642096693194,0.46974591959031425
0.6530612244897959,6.836734693877551,-1.3206473872218423,-1.764558899562404,0.5378107391611355
0.6530612244897959,6.977551020408163,-1.2798777192184998,-1.7251650822303073,0.60350782149291
0.6530612244897959,7.118367346938776,-1.2410658421331822,-1.6858966912994116,0.6671458703851723
0.6530612244897959,7.259183673469387,-1.2040482150605176,-1.646720705340558,0.7289918633832748
0.6530612244897959,7.4,-1.1686815783952174,-1.6075739608528452,0.7892792660844967
0.673469387755102,0.5,-1.0752333749112717,0.48931564455906046,0.3470677846578947
0.673469387755102,0.6408163265306123,-1.1107951614372849,0.3830420073356114,0.3258130594994248
0.673469387755102,0.7816326530612245,-1.1477569197040858,0.28120830511683537,0.30306729412141886
0.673469387755102,0.9224489795918367,-1.1862490467132238,0.18330365454695036,0.27879389053427756
0.673469387755102,1.063265306122449,-1.2264156903418726,0.08882628006820008,0.2529299338641802
0.673469387755102,1.2040816326530612,-1.2684182339818804,-0.0026905175170888803,0.22538749224595747
0.673469387755102,1.3448979591836734,-1.3124392374094147,-0.0916714312641217,0.19605340535202123
0.673469387755102,1.4857142857142858,-1.3586870846027685,-0.17849978884116688,0.16478772611525344
0.673469387755102,1.626530612244898,-1.4074016255498059,-0.2635211049356446,0.13142083193278725
0.673469387755102,1.76734693877551,-1.45886116506009,-0.3470474679828763,0.09574907130736623
0.673469387755102,1.9081632653061225,-1.5133912547897626,-0.42936186219664785,0.05752866263293749
0.673469387755102,2.0489795918367344,-1.5713758916779137,-0.5107220032751908,0.016467381574298053
0.673469387755102,2.1897959183673468,-1.6332719263397613,-0.591363526398763,-0.027786693339470696
0.673469387755102,2.330612244897959,-1.6996277504304471,-0.671502364086307,-0.07566046474295586
0.673469387755102,2.4714285714285715,-1.7711076485173967,-0.7513362490359518,-0.1276768320955587
0.673469387755102,2.6122448979591835,-1.8485234986709553,-0.8310451839453727,-0.18448403708556702
0.673469387755102,2.753061224489796,-1.9328755167777305,-0.9107905917231313,-0.24689757609641333
0.673469387755102,2.8938775510204082,-2.02540262818874,-0.9907129747021447,-0.31596148299850774
0.673469387755102,3.03469387755102,-2.1276382381427297,-1.070927373176989,-0.3930409442754468
0.673469387755102,3.1755102040816325,-2.2414509168422265,-1.1515160470866228,-0.4799673737931465
0.673469387755102,3.316326530612245,-2.3689977701644827,-1.2325175131747241,-0.5792760227946573
0.673469387755102,3.457142857142857,-2.512355718095863,-1.3139103448845597,-0.6946177314301364
0.673469387755102,3.5979591836734692,-2.672093965435312,-1.3955905118418395,-0.8315234332207541
0.673469387755102,3.7387755102040816,-2.8426622234094636,-1.4773400618258792,-0.9989604757663966
0.673469387755102,3.8795918367346935,-3.000444384051182,-1.5587860405622525,-1.212921460317812
0.673469387755102,4.020408163265306,-3.0897143273676417,-1.639348988332972,-1.506365460446014
0.673469387755102,4.161224489795918,-3.0563577076057027,-1.7181836414661236,-1.9663807697418083
0.673469387755102,4.302040816326531,-2.9236301874859363,-1.7941219128333357,-2.974438186639456
0.673469387755102,4.442857142857143,-2.7560531274590425,-1.8656378071240758,-2.537874832860607
0.673469387755102,4.5836734693877546,-2.5916079286403915,-1.9308681396174048,-1.7600793729222668
0.673469387755102,4.724489795918367,-2.442221012223581,-1.9877298149990443,-1.3405890023379674
0.673469387755102,4.865306122448979,-2.309272245348623,-2.034165305683311,-1.0507045033857305
0.673469387755102,5.006122448979592,-2.1910936496798405,-2.0684956774743246,-0.8274990546530685
0.673469387755102,5.146938775510204,-2.0854838081649074,-2.089786857901535,-0.6448825194205771
0.673469387755102,5.2877551020408164,-1.9904242700386823,-2.098080748728983,-0.48953447688858315
0.673469387755102,5.428571428571429,-1.9042291999433292,-2.094380165574516,-0.3537346998243618
0.673469387755102,5.56938775510204,-1.8255306880951792,-2.0803949695097104,-0.2326067903581045
0.673469387755102,5.710204081632653,-1.7532256455091304,-2.058170452926489,-0.12287192775038508
0.673469387755102,5.851020408163265,-1.686421834239324,-2.02974359909456,-0.022218001901230078
0.673469387755102,5.9918367346938775,-1.6243925650906368,-1.9969133433910804,0.07104792289749426
0.673469387755102,6.13265306122449,-1.5665409864056106,-1.9611362901167417,0.15820400979286225
0.673469387755102,6.273469387755102,-1.5123725556413308,-1.9235154522639375,0.24024011522205183
0.673469387755102,6.414285714285714,-1.4614739429983492,-1.8848399912560465,0.31793961880592636
0.673469387755102,6.555102040816326,-1.4134968343894974,-1.8456441006157978,0.39193427614162885
0.673469387755102,6.6959183673469385,-1.3681454190226394,-1.8062663983025509,0.4627419870805752
0.673469387755102,6.836734693877551,-1.3251666644273856,-1.7669013568052006,0.5307937449569322
0.673469387755102,6.977551020408163,-1.2843426807037612,-1.7276405158691535,0.596452988894559
0.673469387755102,7.118367346938776,-1.2454846855191346,-1.6885039580230075,0.6600300066135043
0.673469387755102,7.259183673469387,-1.2084281900326042,-1.6494636006364936,0.7217928278479883
0.673469387755102,7.4,-1.17302912990568,-1.6104602725923476,0.7819755220237018
0.6938775510204082,0.5,-1.0751452771195626,0.48956722251620977,0.34712091294275366
0.6938775510204082,0.6408163265306123,-1.110668264470882,0.38338071436693044,0.32589138088145353
0.6938775510204082,0.7816326530612245,-1.147584920878833,0.2816367880778082,0.3031756521359919
0.6938775510204082,0.9224489795918367,-1.1860252153768867,0.18382388809673322,0.27893749298501763
0.6938775510204082,1.063265306122449,-1.2261326812310482,0.08944008300245006,0.2531144817439287
0.6938775510204082,1.2040816326530612,-1.268067891363395,-0.00198116736112737,0.2256193249476458
0.6938775510204082,1.3448979591836734,-1.3120123761589255,-0.09086420114003224,0.1963396685639784
0.6938775510204082,1.4857142857142858,-1.3581732338907275,-0.17759186522333145,0.16513657140158985
0.6938775510204082,1.626530612244898,-1.406788718552774,-0.2625091072759041,0.13184165986250018
0.6938775510204082,1.76734693877551,-1.4581351540099332,-0.3459273851336442,0.09625283448651722
0.6938775510204082,1.9081632653061225,-1.512535624295244,-0.4281290000791709,0.05812825062666174
0.6938775510204082,2.0489795918367344,-1.5703710340479786,-0.5093709392902468,0.0171781194984257
0.6938775510204082,2.1897959183673468,-1.6320943295409707,-0.5898880677557857,-0.026946387603020525
0.6938775510204082,2.330612244897959,-1.6982489315878648,-0.6698955105659637,-0.07466819739084614
0.6938775510204082,2.4714285714285715,-1.7694927431910024,-0.7495901654193798,-0.12650502222453996
0.6938775510204082,2.6122448979591835,-1.846629391795768,-0.8291511872569436,-0.1830982189847879
0.6938775510204082,2.753061224489796,-1.9306483898038234,-0.9087391703917951,-0.24525395628177277
0.6938775510204082,2.8938775510204082,-2.022774849488317,-0.9884938540330245,-0.3140033260600652
0.6938775510204082,3.03469387755102,-2.1245248055370016,-1.0685296665352064,-0.39069303503519026
0.6938775510204082,3.1755102040816325,-2.2377466996095015,-1.1489285334325336,-0.4771271887745394
0.6938775510204082,3.316326530612245,-2.3645803007180595,-1.2297291178248666,-0.5757989487759577
0.6938775510204082,3.457142857142857,-2.507109790854465,-1.3109109290720407,-0.6902907638888277
0.6938775510204082,3.5979591836734692,-2.666010757915017,-1.39237210909758,-0.8260146466244316
0.6938775510204082,3.7387755102040816,-2.8361625042722576,-1.4738987311460172,-0.9917115484079633
0.6938775510204082,3.8795918367346935,-2.995143436267931,-1.555124772759088,-1.2028838537268876
0.6938775510204082,4.020408163265306,-3.088756021026693,-1.6354813487525341,-1.4912022022847002
0.6938775510204082,4.161224489795918,-3.0612237389376324,-1.7141389596823926,-1.9390110189031777
0.6938775510204082,4.302040816326531,-2.93190976810505,-1.7899511633982432,-2.8968462764553733
0.6938775510204082,4.442857142857143,-2.765168462552031,-1.8614193199687226,-2.6009494410978724
0.6938775510204082,4.5836734693877546,-2.600439297879523,-1.9267108288887411,-1.7887398521779754
0.6938775510204082,4.724489795918367,-2.4504657292050944,-1.983770588258823,-1.3596764931514496
0.6938775510204082,4.865306122448979,-2.3169165147202007,-2.0305574018332138,-1.0654496605670227
0.6938775510204082,5.006122448979592,-2.198204748720127,-2.0653875701328204,-0.8397992646075951
0.6938775510204082,5.146938775510204,-2.0921419273107253,-2.08729675865654,-0.6556347903126828
0.6938775510204082,5.2877551020408164,-1.996702571133208,-2.096276140755617,-0.49923397125623925
0.6938775510204082,5.428571428571429,-1.9101895090448444,-2.093270705630432,-0.36268436306996793
0.6938775510204082,5.56938775510204,-1.8312239627272524,-2.0799403643018053,-0.2410062521977093
0.6938775510204082,5.710204081632653,-1.7586936493444958,-2.058297669869995,-0.13086043242062656
0.6938775510204082,5.851020408163265,-1.6916988852937118,-2.030365529522501,-0.029897221299212424
0.6938775510204082,5.9918367346938775,-1.6295070404756729,-1.9979434661602617,0.06360083908994651
0.6938775510204082,6.13265306122449,-1.571516534899628,-1.962497571895151,0.1509285320685269
0.6938775510204082,6.273469387755102,-1.5172290508122561,-1.9251443128794685,0.2330873156891579
0.6938775510204082,6.414285714285714,-1.4662282258177441,-1.8866870057416218,0.3108688396472696
0.6938775510204082,6.555102040816326,-1.4181632920355882,-1.8476729312138358,0.3849108556764478
0.6938775510204082,6.6959183673469385,-1.3727364377516103,-1.8084520344457453,0.4557356424514276
0.6938775510204082,6.836734693877551,-1.3296929850364727,-1.7692282043256857,0.5237773964983213
0.6938775510204082,6.977551020408163,-1.288813680760964,-1.7301006565557757,0.58940188632767
0.6938775510204082,7.118367346938776,-1.249908603636021,-1.691095663986494,0.6529210542432093
0.6938775510204082,7.259183673469387,-1.212812305636336,-1.6521901301358957,0.7146040330181699
0.6938775510204082,7.4,-1.17737990823499,-1.6133289036399383,0.7746855576177192
0.7142857142857142,0.5,-1.075057224742026,0.4898187026875784,0.34717401068914283
0.7142857142857142,0.6408163265306123,-1.1105414464821364,0.3837192764406534,0.3259696479451104
0.7142857142857142,0.7816326530612245,-1.1474130467220731,0.28206507542249426,0.3032839228415795
0.7142857142857142,0.9224489795918367,-1.185801569139574,0.18434387139810926,0.27908096389173404
0.7142857142857142,1.063265306122449,-1.2258499358814305,0.09005357548335535,0.2532988399085248
0.7142857142857142,1.2040816326530612,-1.2677179139919745,-0.0012721957317603661,0.2258508922889897
0.7142857142857142,1.3448979591836734,-1.3115860104611288,-0.0900574282824982,0.19662556866398537
0.7142857142857142,1.4857142857142858,-1.3576600456820695,-0.1766844914793221,0.16548492765094988
0.7142857142857142,1.626530612244898,-1.4061766879033706,-0.2614977695588346,0.13226183667849395
0.7142857142857142,1.76734693877551,-1.4574102935504074,-0.3448080937719206,0.0967557377554039
0.7142857142857142,1.9081632653061225,-1.5116814969666723,-0.4268970869811601,0.0587267090636433
0.7142857142857142,2.0489795918367344,-1.569368134509598,-0.5080210129164101,0.017887378245752327
0.7142857142857142,2.1897959183673468,-1.6309192805545745,-0.5884139720623096,-0.0261080168760736
0.7142857142857142,2.330612244897959,-1.6968734292443304,-0.6682902884836371,-0.07367846368987498
0.7142857142857142,2.4714285714285715,-1.7678821624715781,-0.7478460319192175,-0.12533653947261716
0.7142857142857142,2.6122448979591835,-1.8447409397801926,-0.827259517191234,-0.18171679183258319
0.7142857142857142,2.753061224489796,-1.9284286818628307,-0.9066905187261398,-0.24361617416800543
0.7142857142857142,2.8938775510204082,-2.0201568326596187,-0.9862780176318612,-0.31205300927465845
0.7142857142857142,3.03469387755102,-2.1214242213102406,-1.0661358384414132,-0.3883557988477999
0.7142857142857142,3.1755102040816325,-2.2340592681286027,-1.1463455737495027,-0.47430179620245405
0.7142857142857142,3.316326530612245,-2.360184146156824,-1.2269460279400375,-0.5723428706748431
0.7142857142857142,3.457142857142857,-2.5018885777902184,-1.3079176273175133,-0.6859945697961063
0.7142857142857142,3.5979591836734692,-2.659947723915957,-1.3891606450314378,-0.8205530138986334
0.7142857142857142,3.7387755102040816,-2.829648867609323,-1.4704651393285724,-0.9845395975696973
0.7142857142857142,3.8795918367346935,-2.9897230183435526,-1.551471774019857,-1.1929851192380019
0.7142857142857142,4.020408163265306,-3.0875357699124484,-1.6316221383682283,-1.4763346803066313
0.7142857142857142,4.161224489795918,-3.0658575861460253,-1.7101021472624123,-1.9125180364093313
0.7142857142857142,4.302040816326531,-2.940105334693159,-1.7857865903297332,-2.82335125731918
0.7142857142857142,4.442857142857143,-2.7742895825758462,-1.8572037146206615,-2.668077334830542
0.7142857142857142,4.5836734693877546,-2.6093073908254696,-1.922551114935235,-1.8182630937535138
0.7142857142857142,4.724489795918367,-2.458753230083296,-1.9798016015026245,-1.3791207317143732
0.7142857142857142,4.865306122448979,-2.3246014449336303,-2.026930798697506,-1.080392021351961
0.7142857142857142,5.006122448979592,-2.2053522488648256,-2.062251399446426,-0.8522260264844853
0.7142857142857142,5.146938775510204,-2.0988320373646485,-2.0847703712792307,-0.6664757747660062
0.7142857142857142,5.2877551020408164,-2.003008883577901,-2.0944295650761613,-0.5089992650831864
0.7142857142857142,5.428571428571429,-1.9161743904545943,-2.092116840320674,-0.3716846828467259
0.7142857142857142,5.56938775510204,-1.836938872266817,-2.0794419674678104,-0.2494456634675491
0.7142857142857142,5.710204081632653,-1.7641807756750112,-2.0583839731290956,-0.1388808921935082
0.7142857142857142,5.851020408163265,-1.6969928938985084,-2.030950702828638,-0.03760214235090754
0.7142857142857142,5.9918367346938775,-1.6346365885408085,-1.9989414046631861,0.05613315407187214
0.7142857142857142,6.13265306122449,-1.5765054957043472,-1.9638310563903498,0.14363677407406242
0.7142857142857142,6.273469387755102,-1.5220974774863276,-1.9267492278196194,0.22592202592169466
0.7142857142857142,6.414285714285714,-1.4709931029219163,-1.8885132247864527,0.3037890092986735
0.7142857142857142,6.555102040816326,-1.4228391211374214,-1.8496833755218223,0.37788159436218777
0.7142857142857142,6.6959183673469385,-1.3773356961506709,-1.810620962355403,0.4487265474047676
0.7142857142857142,6.836734693877551,-1.3342264850435772,-1.7715393460231241,0.5167613353874141
0.7142857142857142,6.977551020408163,-1.293290855959849,-1.7325454623093217,0.5823541378858482
0.7142857142857142,7.118367346938776,-1.2543377350972809,-1.6936718287211225,0.6458186026763532
0.7142857142857142,7.259183673469387,-1.2172007042168933,-1.654900374170042,0.7074250274686003
0.7142857142857142,7.4,-1.1817340610282667,-1.6161799982443508,0.7674088686070358
0.7346938775510203,0.5,-1.0749692177563421,0.4900700850819524,0.34722707791335544
0.7346938775510203,0.6408163265306123,-1.1104147074246122,0.38405769355414365,0.3260478607252271
0.7346938775510203,0.7816326530612245,-1.1472412971466328,0.28249316713384426,0.30339210630449504
0.7346938775510203,0.9224489795918367,-1.1855781078473788,0.1848636044230823,0.2792243033722122
0.7346938775510203,1.063265306122449,-1.225567454032502,0.09066675748572539,0.2534830085577246
0.7346938775510203,1.2040816326530612,-1.267368301440543,-0.0005636026266600674,0.22608219459760334
0.7346938775510203,1.3448979591836734,-1.3111601396335975,-0.08925111262406,0.1969111061755794
0.7346938775510203,1.4857142857142858,-1.3571475189089475,-0.17577766742404038,0.1658327956829995
0.7346938775510203,1.626530612244898,-1.4055655319588503,-0.2604870914117258,0.13268136364338082
0.7346938775510203,1.76734693877551,-1.4566865811885894,-0.34368959324589726,0.09725778303458407
0.7346938775510203,1.9081632653061225,-1.5108288690610856,-0.4256661218541702,0.059324040838076436
0.7346938775510203,2.0489795918367344,-1.5683671874879543,-0.5066722225580084,0.018595162150222926
0.7346938775510203,2.1897959183673468,-1.6297467711355444,-0.5869412375424679,-0.025271574105842118
0.7346938775510203,2.330612244897959,-1.695501231225082,-0.6666866945298643,-0.07269125399023924
0.7346938775510203,2.4714285714285715,-1.7662758884567316,-0.7461038439534465,-0.12417136940477119
0.7346938775510203,2.6122448979591835,-1.842858116379651,-0.8253701675299311,-0.1803397339063829
0.7346938775510203,2.753061224489796,-1.9262163546668074,-0.9046446258285405,-0.2419841967688494
0.7346938775510203,2.8938775510204082,-2.0175485225819805,-0.9840654546168544,-0.31011048177455386
0.7346938775510203,3.03469387755102,-2.1183364084582843,-1.063745874916775,-0.3860291557903189
0.7346938775510203,3.1755102040816325,-2.2303885232458693,-1.1437671504894489,-0.47149106718167666
0.7346938775510203,3.316326530612245,-2.355809209424898,-1.2241682219048076,-0.5689075732121083
0.7346938775510203,3.457142857142857,-2.4966921045185306,-1.3049304140557347,-0.6817287720771372
0.7346938775510203,3.5979591836734692,-2.653905466587257,-1.3859560910715625,-0.8151378295498436
0.7346938775510203,3.7387755102040816,-2.823123837371404,-1.4670392199783258,-0.9774432318223822
0.7346938775510203,3.8795918367346935,-2.984189170145932,-1.5478270204027849,-1.183221805482266
0.7346938775510203,4.020408163265306,-3.0860570074369758,-1.6277713482769687,-1.461752439329856
0.7346938775510203,4.161224489795918,-3.0702525549094366,-1.7060732267405279,-1.8868515806013535
0.7346938775510203,4.302040816326531,-2.948210226637555,-1.7816282715797624,-2.7540285076901356
0.7346938775510203,4.442857142857143,-2.783413701238718,-1.8529911542148103,-2.7396877332017247
0.7346938775510203,4.5836734693877546,-2.6182115056840805,-1.9183892737479684,-1.8487051140043311
0.7346938775510203,4.724489795918367,-2.467083581879992,-1.9758232565261207,-1.3989367626674187
0.7346938775510203,4.865306122448979,-2.3323273385295926,-2.0232860022573074,-1.095537848027327
0.7346938775510203,5.006122448979592,-2.212536499464402,-2.0590877076444887,-0.8647826310367737
0.7346938775510203,5.146938775510204,-2.10555447257623,-2.082208181912229,-0.6774074698712239
0.7346938775510203,5.2877551020408164,-2.009343509561549,-2.092541363354688,-0.5188316960604356
0.7346938775510203,5.428571428571429,-1.9221841128943415,-2.0909187167467436,-0.380736621873558
0.7346938775510203,5.56938775510204,-1.842675655560377,-2.0788997379389444,-0.2579257589956112
0.7346938775510203,5.710204081632653,-1.7696872381684827,-2.05842917363011,-0.14693389644990562
0.7346938775510203,5.851020408163265,-1.7023040531551847,-2.0314988372805547,-0.045333258176591965
0.7346938775510203,5.9918367346938775,-1.6397813858871202,-1.9999068342605373,0.04864444088551188
0.7346938775510203,6.13265306122449,-1.58150803240408,-1.9651364169991312,0.13632835220714545
0.7346938775510203,6.273469387755102,-1.5269779892391584,-1.9283298941776368,0.2187438910538756
0.7346938775510203,6.414285714285714,-1.4757687203690961,-1.8903183874554514,0.29669978638757727
0.7346938775510203,6.555102040816326,-1.4275244625151098,-1.8516752219774348,0.37084615623273237
0.7346938775510203,6.6959183673469385,-1.3819433318126488,-1.8127730260222523,0.4417143609294099
0.7346938775510203,6.836734693877551,-1.338767300636949,-1.7738346785635588,0.5097452111359235
0.7346938775510203,6.977551020408163,-1.2977743428055517,-1.7349748883098408,0.5753093721307035
0.7346938775510203,7.118367346938776,-1.2587722180478398,-1.6962324653284224,0.638722246991249
0.7346938775510203,7.259183673469387,-1.2215935273054068,-1.6575944061609593,0.7002553659438598
0.7346938775510203,7.4,-1.1860917347942797,-1.6190136929457244,0.7601449588368767
0.7551020408163265,0.5,-1.0748812561401757,0.49032136970822393,0.34728011463168973
0.7551020408163265,0.6408163265306123,-1.1102880472519494,0.3843959657220401,0.32612601925688156
0.7551020408163265,0.7816326530612245,-1.1470696720653875,0.28292106319492294,0.30350020259099897
0.7551020408163265,0.9224489795918367,-1.1853548313465332,0.18538308714375773,0.27936751154411904
0.7551020408163265,1.063265306122449,-1.2252852354240786,0.09127962898438297,0.2536669878910493
0.7551020408163265,1.2040816326530612,-1.2670190532827157,0.0001446119564630901,0.2263132322005604
0.7551020408163265,1.3448979591836734,-1.3107347629953072,-0.08844525409776546,0.19719628162122646
0.7551020408163265,1.4857142857142858,-1.3566356525061118,-0.17487139287341233,0.16618017631538082
0.7551020408163265,1.626530612244898,-1.4049552490811252,-0.25947707246370555,0.13310024201617307
0.7551020408163265,1.76734693877551,-1.4559640144396984,-0.3425718829067945,0.09775897223823994
0.7551020408163265,1.9081632653061225,-1.509977736849432,-0.42443610365449974,0.059920248833128506
0.7551020408163265,2.0489795918367344,-1.567368187431624,-0.5053245666265543,0.019301475526930283
0.7551020408163265,2.1897959183673468,-1.6285767930472757,-0.5854698607526547,-0.024437054033071927
0.7551020408163265,2.330612244897959,-1.6941323254189047,-0.6650847254109374,-0.07170655869630675
0.7551020408163265,2.4714285714285715,-1.764673903346905,-0.7443635969623277,-0.12300949767795384
0.7551020408163265,2.6122448979591835,-1.8409808954302198,-0.823483133777635,-0.17896702254881694
0.7551020408163265,2.753061224489796,-1.9240113702188144,-0.9026014860974455,-0.2403579913246474
0.7551020408163265,2.8938775510204082,-2.014949864495081,-0.9818561541636286,-0.3081756931712829
0.7551020408163265,3.03469387755102,-2.115261290399038,-1.0613597620674176,-0.3837130268086952
0.7551020408163265,3.1755102040816325,-2.226734365932524,-1.1411932461862306,-0.4686948744503742
0.7551020408163265,3.316326530612245,-2.3514553917041265,-1.221395678224809,-0.5654928443241201
0.7551020408163265,3.457142857142857,-2.491520386874923,-1.3019492638580645,-0.6774930003845063
0.7551020408163265,3.5979591836734692,-2.6478845504999886,-1.3827584188669428,-0.809768403315662
0.7551020408163265,3.7387755102040816,-2.8165898254135113,-1.4636209441359866,-0.9704210396604289
0.7551020408163265,3.8795918367346935,-2.978547833322517,-1.5441904877699297,-1.1735905858565896
0.7551020408163265,4.020408163265306,-3.0843235914710467,-1.6239289689153171,-1.4474455571456222
0.7551020408163265,4.161224489795918,-3.074402224201429,-1.7020522191888316,-1.8619654066690314
0.7551020408163265,4.302040816326531,-2.956217570342041,-1.7774762823491115,-2.6887418753124805
0.7551020408163265,4.442857142857143,-2.7925378614701817,-1.848781797463596,-2.8162237740089937
0.7551020408163265,4.5836734693877546,-2.6271508696232,-1.914225575776491,-1.880127438444465
0.7551020408163265,4.724489795918367,-2.4754568279534648,-1.9718359483437626,-1.4191405862713409
0.7551020408163265,4.865306122448979,-2.340094492363571,-2.0196235109990566,-1.1108936972792511
0.7551020408163265,5.006122448979592,-2.2197578504892563,-2.055897035336131,-0.8774724924778724
0.7551020408163265,5.146938775510204,-2.1123095698004617,-2.0796106811124035,-0.6884319351573377
0.7551020408163265,5.2877551020408164,-2.015706754270634,-2.0906118876313036,-0.528732637671438
0.7551020408163265,5.428571428571429,-1.9282189479192988,-2.089676498041676,-0.3898411674681936
0.7551020408163265,5.56938775510204,-1.8484345539471618,-2.0783136480206506,-0.2664472893895672
0.7551020408163265,5.710204081632653,-1.7752132526398088,-2.0584330922694356,-0.155020044770708
0.7551020408163265,5.851020408163265,-1.7076325579365306,-2.0320096602067834,-0.053091070623291985
0.7551020408163265,5.9918367346938775,-1.644941610600431,-2.0008394334581303,0.041134267450836245
0.7551020408163265,6.13265306122449,-1.586524309783503,-1.9664133273089395,0.12900287930907123
0.7551020408163265,6.273469387755102,-1.5318707405587166,-1.9298860084930203,0.21155255257170627
0.7551020408163265,6.414285714285714,-1.4805552248866147,-1.8921022301791135,0.28960082730715403
0.7551020408163265,6.555102040816326,-1.4322194575728717,-1.85364825217772,0.36380420911586103
0.7551020408163265,6.6959183673469385,-1.386559482437232,-1.8149080626917415,0.4346987411166485
0.7551020408163265,6.836734693877551,-1.3433155679032605,-1.7761140942047564,0.5027286720654794
0.7551020408163265,6.977551020408163,-1.3022642768677442,-1.7373888856934157,0.5682672070698053
0.7551020408163265,7.118367346938776,-1.2632121900996938,-1.6987775812856818,0.6316315854666379
0.7551020408163265,7.259183673469387,-1.2259909155687243,-1.6602722986047318,0.6930946044553178
0.7551020408163265,7.4,-1.190453074961202,-1.6218301166188662,0.752893340057912
0.7755102040816326,0.5,-1.074793339869406,0.49057255689611073,0.3473331208699888
0.7755102040816326,0.6408163265306123,-1.1101614659180692,0.3847340930331619,0.3262041235763843
0.7755102040816326,0.7816326530612245,-1.1468981713912711,0.2833487635889011,0.3036082117673068
0.7755102040816326,0.9224489795918367,-1.1851317394834082,0.18590231953234493,0.2795105885250184
0.7755102040816326,1.063265306122449,-1.225003279793328,0.09189219036466692,0.2538507781146203
0.7755102040816326,1.2040816326530612,-1.266670169092819,0.0008524480192560637,0.2265440054243709
0.7755102040816326,1.3448979591836734,-1.3103098798666057,-0.0876398526371648,0.1974810955223139
0.7755102040816326,1.4857142857142858,-1.3561244454108914,-0.17396566764440283,0.16652707036374645
0.7755102040816326,1.626530612244898,-1.4043458376367735,-0.25846771234572835,0.13351847305224424
0.7755102040816326,1.76734693877551,-1.4552425908270663,-0.341454962108824,0.09825930727418009
0.7755102040816326,1.9081632653061225,-1.5091280966165102,-0.42320703134316184,0.06051533592098346
0.7755102040816326,2.0489795918367344,-1.5663711288124234,-0.503978043540746,0.02000632267223706
0.7755102040816326,2.1897959183673468,-1.627409338122136,-0.5839998399460765,-0.02360444966078843
0.7755102040816326,2.330612244897959,-1.692766699768762,-0.6634843780117498,-0.07072436851175101
0.7755102040816326,2.4714285714285715,-1.7630761894446778,-0.7426252864085185,-0.12185091004019018
0.7755102040816326,2.6122448979591835,-1.8391092511820746,-0.8215984065965125,-0.17759863842612106
0.7755102040816326,2.753061224489796,-1.9218136907352952,-0.9005610908462247,-0.23873752537566523
0.7755102040816326,2.8938775510204082,-2.0123608040025758,-0.9796501052420202,-0.30624859355257233
0.7755102040816326,3.03469387755102,-2.112198790977327,-1.058977486009155,-0.3814073337091275
0.7755102040816326,3.1755102040816325,-2.2230966973123785,-1.1386238434349194,-0.4659130923535962
0.7755102040816326,3.316326530612245,-2.347122592538753,-1.218628375535246,-0.5620984750918016
0.7755102040816326,3.457142857142857,-2.486373431411485,-1.298974151437958,-0.6732868909349163
0.7755102040816326,3.5979591836734692,-2.64188550334899,-1.3795676007027942,-0.804444058989214
0.7755102040816326,3.7387755102040816,-2.8100491345775858,-1.4602102828686139,-0.9634716480136871
0.7755102040816326,3.8795918367346935,-2.972804840972251,-1.5405621517992372,-1.1640882526542877
0.7755102040816326,4.020408163265306,-3.082339781992216,-1.6200949900759463,-1.4334046095836468
0.7755102040816326,4.161224489795918,-3.0783004803354577,-1.6980391446581506,-1.8378168763178522
0.7755102040816326,4.302040816326531,-2.9641202857357953,-1.7733306951520649,-2.627255225827601
0.7755102040816326,4.442857142857143,-2.8016589284923987,-1.84457579874038,-2.8980974585682464
0.7755102040816326,4.5836734693877546,-2.636124634549074,-1.9100602854785116,-1.9125978293342987
0.7755102040816326,4.724489795918367,-2.483872986259049,-1.967840065214748,-1.439749240803748
0.7755102040816326,4.865306122448979,-2.3479031969310182,-2.0159438194281156,-1.1264664391374062
0.7755102040816326,5.006122448979592,-2.2270166522880825,-2.0526799244379506,-0.8902991582305317
0.7755102040816326,5.146938775510204,-2.119097668441822,-2.076978363484418,-0.6995512952834281
0.7755102040816326,5.2877551020408164,-2.0220989259221667,-2.088641498489009,-0.5387035003908122
0.7755102040816326,5.428571428571429,-1.9342791700005082,-2.088390356058921,-0.3989993263659391
0.7755102040816326,5.56938775510204,-1.8542158113129201,-2.077683682512667,-0.2750110205030813
0.7755102040816326,5.710204081632653,-1.7807590370846675,-2.058395560032136,-0.16313994724458392
0.7755102040816326,5.851020408163265,-1.7129786050033557,-2.0324828967326525,-0.06087608273144702
0.7755102040816326,5.9918367346938775,-1.6501174422814646,-2.00173888415031,0.03360219640152094
0.7755102040816326,6.13265306122449,-1.5915544938600164,-1.9676614617940358,0.12165996452910696
0.7755102040816326,6.273469387755102,-1.5367758868879906,-1.9314172663317564,0.204347649007286
0.7755102040816326,6.414285714285714,-1.4853527640025903,-1.8938644850929534,0.2824917897026063
0.7755102040816326,6.555102040816326,-1.4369242479027853,-1.8556022480067795,0.35675541068615146
0.7755102040816326,6.6959183673469385,-1.391184286119514,-1.8170259041675476,0.42767935032637094
0.7755102040816326,6.836734693877551,-1.3478714229521138,-1.778377480663162,0.49571136772629165
0.7755102040816326,6.977551020408163,-1.3067607943085249,-1.739787395482759,0.5612272801651756
0.7755102040816326,7.118367346938776,-1.2676577884305682,-1.7013071800409385,0.6245462188962555
0.7755102040816326,7.259183673469387,-1.230393009149992,-1.6629341050034572,0.6859423145246346
0.7755102040816326,7.4,-1.1948182259356424,-1.6246293906330858,0.7456535316179554
0.7959183673469387,0.5,-1.074705468925224,0.4908236460199916,0.3473860966259919
0.7959183673469387,0.6408163265306123,-1.1100349633761546,0.38507207535677335,0.3262821737165029
0.7959183673469387,0.7816326530612245,-1.1467267950372588,0.2837762682990479,0.30371613389959806
0.7959183673469387,0.9224489795918367,-1.184908832104506,0.18642130156113004,0.2796535344323683
0.7959183673469387,1.063265306122449,-1.2247215868865855,0.09250444077781707,0.25403437941368306
0.7959183673469387,1.2040816326530612,-1.2663216484458697,0.001559905563685187,0.22677451459501433
0.7959183673469387,1.3448979591836734,-1.3098854895692162,-0.086834908176319,0.19776554839918126
0.7959183673469387,1.4857142857142858,-1.3556138965631894,-0.17306049155500766,0.16687347864174013
0.7959183673469387,1.626530612244898,-1.403737295996965,-0.25745901069057225,0.13393605800338013
0.7959183673469387,1.76734693877551,-1.4545223078821017,-0.34033883020921707,0.09875879004389473
0.7959183673469387,1.9081632653061225,-1.5082799446609099,-0.42197890388588194,0.06110930496289723
0.7959183673469387,2.0489795918367344,-1.5653760061253226,-0.5026326517264287,0.020709707863873363
0.7959183673469387,2.1897959183673468,-1.6262443982206505,-0.5825311728220061,-0.022773754616025637
0.7959183673469387,2.330612244897959,-1.691404342307517,-0.6618856487717175,-0.06974467344624889
0.7959183673469387,2.4714285714285715,-1.7614827291541122,-0.7408889077772123,-0.12069559232969528
0.7959183673469387,2.6122448979591835,-1.8372431577918125,-0.8197159813508381,-0.17623455930168122
0.7959183673469387,2.753061224489796,-1.9196232787122705,-0.8985234309843246,-0.23712276672398708
0.7959183673469387,2.8938775510204082,-2.0097812870597043,-0.9774472972943479,-0.3043291334738437
0.7959183673469387,3.03469387755102,-2.1091488344656675,-1.056599033029815,-0.37911199914211613
0.7959183673469387,3.1755102040816325,-2.2194754186868244,-1.1360589249317268,-0.4631455968167899
0.7959183673469387,3.316326530612245,-2.3428107099540942,-1.2158662925938355,-0.5587242596846891
0.7959183673469387,3.457142857142857,-2.4812512358715826,-1.2960050516407746,-0.6691100863690742
0.7959183673469387,3.5979591836734692,-2.635908817511063,-1.3763836081191942,-0.7991641362392087
0.7959183673469387,3.7387755102040816,-2.8035039617962982,-1.456807207278841,-0.9565937208729509
0.7959183673469387,3.8795918367346935,-2.9669659085029942,-1.536941987981177,-1.1547117115479626
0.7959183673469387,4.020408163265306,-3.0801102168849335,-1.616269400931089,-1.419620638320734
0.7959183673469387,4.161224489795918,-3.081941550322323,-1.6940340227006727,-1.8143666091125927
0.7959183673469387,4.302040816326531,-2.9719111082926326,-1.7691914071290613,-2.5692951401580375
0.7959183673469387,4.442857142857143,-2.8107735828808735,-1.8403733081667133,-2.9855932113313868
0.7959183673469387,4.5836734693877546,-2.6451318726709925,-1.9058936614025856,-1.9461911361660644
0.7959183673469387,4.724489795918367,-2.49233204618442,-1.9638360357173603,-1.460781012771248
0.7959183673469387,4.865306122448979,-2.355753735751471,-2.0122474149294898,-1.1422632771130354
0.7959183673469387,5.006122448979592,-2.2343132554279346,-2.049436911249931,-0.903266306705613
0.7959183673469387,5.146938775510204,-2.125919110396366,-2.074311727319676,-0.7107677428806612
0.7959183673469387,5.2877551020408164,-2.0285203357303554,-2.0866305662273295,-0.5487457332879617
0.7959183673469387,5.428571428571429,-1.9403650564832065,-2.0870604776848616,-0.4082121317341534
0.7959183673469387,5.56938775510204,-1.8600196741243067,-2.077009838742584,-0.2836177339229258
0.7959183673469387,5.710204081632653,-1.7863248117149853,-2.058316418333176,-0.17129422478973655
0.7959183673469387,5.851020408163265,-1.7183423929678214,-2.03291828409028,-0.0686888088625208
0.7959183673469387,5.9918367346938775,-1.655309062077572,-2.0026048718615286,0.026047784915303688
0.7959183673469387,6.13265306122449,-1.5965987519097542,-1.9688804956514032,0.11429921319050564
0.7959183673469387,6.273469387755102,-1.5416935846950015,-1.9329233606024885,0.19712881760406914
0.7959183673469387,6.414285714285714,-1.4901614859550818,-1.8956048821115878,0.27537232836066383
0.7959183673469387,6.555102040816326,-1.4416389759190475,-1.8575369862439965,0.3496994262332161
0.7959183673469387,6.6959183673469385,-1.3958178812830913,-1.8191263786553789,0.4206558504826893
0.7959183673469387,6.836734693877551,-1.3524350019875482,-1.780624720273299,0.48869294962388127
0.7959183673469387,6.977551020408163,-1.3112640308344286,-1.742170355833294,0.554189224871878
0.7959183673469387,7.118367346938776,-1.2721091498527168,-1.7038212543722102,0.6174657567710671
0.7959183673469387,7.259183673469387,-1.2347999474111322,-1.6655798783474842,0.6787980681580992
0.7959183673469387,7.4,-1.1991873311414742,-1.6274116289541278,0.7384250600407941
0.8163265306122448,0.5,-1.0746176432835797,0.49107463739730955,0.3474390419248688
0.8163265306122448,0.6408163265306123,-1.109908539579825,0.3854099126913669,0.3263601697119904
0.8163265306122448,0.7816326530612245,-1.1465555429163785,0.2842035773087311,0.30382396905399817
0.8163265306122448,0.9224489795918367,-1.1846861090540584,0.1869400331610092,0.27979634938466647
0.8163265306122448,1.063265306122449,-1.2244401564417502,0.09311638061179128,0.25421779199385325
0.8163265306122448,1.2040816326530612,-1.2659734909175782,0.0022669845913390095,0.22700476003793876
0.8163265306122448,1.3448979591836734,-1.3094615914262306,-0.0860304206497826,0.19804964077108383
0.8163265306122448,1.4857142857142858,-1.3551040049054763,-0.172155864424242,0.16721940196103793
0.8163265306122448,1.626530612244898,-1.4031296225374872,-0.256450967132824,0.13435299811777454
0.8163265306122448,1.76734693877551,-1.4538031631442507,-0.3392234865681764,0.09925742244256937
0.8163265306122448,1.9081632653061225,-1.5074332772958536,-0.42075172016696155,0.06170215880918389
0.8163265306122448,2.0489795918367344,-1.5643828138883107,-0.5012883896165462,0.02141163536103238
0.8163265306122448,2.1897959183673468,-1.625081965242385,-0.5810638570155502,-0.021944962557307598
0.8163265306122448,2.330612244897959,-1.6900452411029614,-0.6602885345776927,-0.06876746432072232
0.8163265306122448,2.4714285714285715,-1.7598935049801028,-0.7391544565757191,-0.11954353047429296
0.8163265306122448,2.6122448979591835,-1.8353825896631042,-0.8178358518902503,-0.1748747640725493
0.8163265306122448,2.753061224489796,-1.917440096868933,-0.8964884989768362,-0.2355136834299317
0.8163265306122448,2.8938775510204082,-2.0072112599720606,-0.9752477201587697,-0.30241726395105994
0.8163265306122448,3.03469387755102,-2.106111345567974,-1.0542243895426595,-0.37682694659235055
0.8163265306122448,3.1755102040816325,-2.2158704315498405,-1.1334984728925204,-0.4603922657923887
0.8163265306122448,3.316326530612245,-2.3385196405700297,-1.2131094082822087,-0.5553699952996024
0.8163265306122448,3.457142857142857,-2.476153789644633,-1.2930419394442736,-0.6649622355990551
0.8163265306122448,3.5979591836734692,-2.6299549497112475,-1.373206373353473,-0.7939280482477808
0.8163265306122448,3.7387755102040816,-2.7969564012417596,-1.4534116884950956,-0.949785957996446
0.8163265306122448,3.8795918367346935,-2.9610366256382123,-1.533329971633123,-1.1454579763633876
0.8163265306122448,4.020408163265306,-3.077639886171358,-1.6124521900517035,-1.406085121202073
0.8163265306122448,4.161224489795918,-3.0853200491890047,-1.6900366457793101,-1.7915790622648544
0.8163265306122448,4.302040816326531,-2.9795825439086197,-1.7650588324907657,-2.5145781795376365
0.8163265306122448,4.442857142857143,-2.8198783136569703,-1.836174471511261,-3.0786717946411044
0.8163265306122448,4.5836734693877546,-2.6541715718606165,-1.9017259562753792,-1.9809902912907822
0.8163265306122448,4.724489795918367,-2.500833971893212,-1.9598241401787166,-1.4822550661874767
0.8163265306122448,4.865306122448979,-2.3636463845417364,-2.008534780431003,-1.158291770423975
0.8163265306122448,5.006122448979592,-2.241648010391962,-2.04616853013582,-0.9163777604642668
0.8163265306122448,5.146938775510204,-2.1327742399802463,-2.0716112742537622,-0.7220835415618332
0.8163265306122448,5.2877551020408164,-2.0349712979346952,-2.084579469782666,-0.5588608253952357
0.8163265306122448,5.428571428571429,-1.9464768876405265,-2.085687061958508,-0.4174806414152312
0.8163265306122448,5.56938775510204,-1.865846391463647,-2.0762921265858023,-0.29226822747002157
0.8163265306122448,5.710204081632653,-1.7919107989940006,-2.0581955190706895,-0.179483509483846
0.8163265306122448,5.851020408163265,-1.723724122328813,-2.0333155670895207,-0.07652977148431439
0.8163265306122448,5.9918367346938775,-1.6605166527123465,-2.0034370859922954,0.018470584538293505
0.8163265306122448,6.13265306122449,-1.601657252491147,-1.9700701050600518,0.10692022665009478
0.8163265306122448,6.273469387755102,-1.546623991454842,-1.9344039838371736,0.18989569223319516
0.8163265306122448,6.414285714285714,-1.4949815397679629,-1.8973231487752171,0.268242096540694
0.8163265306122448,6.555102040816326,-1.4463637844777333,-1.8594522389233972,0.34263591836534824
0.8163265306122448,6.6959183673469385,-1.400460406776436,-1.821209309532032,0.4136279061432883
0.8163265306122448,6.836734693877551,-1.357006441237569,-1.7828556917661333,0.4816730685953789
0.8163265306122448,6.977551020408163,-1.3157741220185566,-1.7445376995026085,0.5471526771766952
0.8163265306122448,7.118367346938776,-1.2765664107772894,-1.706319791617076,0.6103898116380734
0.8163265306122448,7.259183673469387,-1.239211869072689,-1.6682096654738714,0.6716614423817495
0.8163265306122448,7.4,-1.203560533080882,-1.6301769383177365,0.7312074588853636
0.836734693877551,0.5,-1.0745298629221622,0.4913255310376575,0.3474919567829048
0.836734693877551,0.6408163265306123,-1.109782194482713,0.3857476050355762,0.32643811159758496
0.836734693877551,0.7816326530612245,-1.1463844149417097,0.2846306906014038,0.3039317172965977
0.836734693877551,0.9224489795918367,-1.1844635701836097,0.18745851438753589,0.27993903349684357
0.836734693877551,1.063265306122449,-1.2241589881999446,0.09372800984144479,0.2544010160536181
0.836734693877551,1.2040816326530612,-1.2656256960843455,0.002973685103686382,0.22723474207804908
0.836734693877551,1.3448979591836734,-1.3090381847621069,-0.08522638999261628,0.1983333731562309
0.836734693877551,1.4857142857142858,-1.3545947693827733,-0.17125178607215302,0.1675648411313315
0.836734693877551,1.626530612244898,-1.4025228156387255,-0.2554435813088917,0.13476929464005857
0.836734693877551,1.76734693877551,-1.453085154160964,-0.33810893054888874,0.09975520635912072
0.836734693877551,1.9081632653061225,-1.5065880908464384,-0.4195254792473916,0.062293900299496496
0.836734693877551,2.0489795918367344,-1.5633915466422603,-0.4999452556511509,0.0221121094045161
0.836734693877551,2.1897959183673468,-1.6239220311229525,-0.5795978903247896,-0.021118067173971453
0.836734693877551,2.330612244897959,-1.6886893842941006,-0.6586930321984233,-0.06779273175199985
0.836734693877551,2.4714285714285715,-1.758308499527644,-0.7374219283333597,-0.11839471049064632
0.836734693877551,2.6122448979591835,-1.833527521357323,-0.815958012195489,-0.1735192317865237
0.836734693877551,2.753061224489796,-1.9152641081787594,-0.8944562867652558,-0.23391024381672093
0.836734693877551,2.8938775510204082,-2.004650669426851,-0.9730513629707607,-0.3005129364580059
0.836734693877551,3.03469387755102,-2.1030862494246416,-1.0518535419674735,-0.37455210036823494
0.836734693877551,3.1755102040816325,-2.2122816376505794,-1.1309424714348577,-0.457652977310133
0.836734693877551,3.316326530612245,-2.3342492797101286,-1.2103577015722553,-0.5520354821043382
0.836734693877551,3.457142857142857,-2.4710810742008187,-1.290084789961573,-0.6608429936632971
0.836734693877551,3.5979591836734692,-2.624024330293915,-1.3700359462538554,-0.7887350451586259
0.836734693877551,3.7387755102040816,-2.790408447502034,-1.4500236976852814,-0.9430470936414139
0.836734693877551,3.8795918367346935,-2.955022450016962,-1.5297260830214667,-1.1363241542726241
0.836734693877551,4.020408163265306,-3.0749341049580208,-1.6086433454287279,-1.3927899448431877
0.836734693877551,4.161224489795918,-3.08843095364475,-1.686047478079152,-1.7694187062909825
0.836734693877551,4.302040816326531,-2.987126962854207,-1.7609328619128068,-2.4628357962099465
0.836734693877551,4.442857142857143,-2.828969411427458,-1.83197943101746,-3.17658795665179
0.836734693877551,4.5836734693877546,-2.6632426307952666,-1.8975574170821348,-2.01708747999363
0.836734693877551,4.724489795918367,-2.509378692246264,-1.9558047950647028,-1.5041922612630934
0.836734693877551,4.865306122448979,-2.371581410528727,-2.0048063928222195,-1.1745598576486038
0.836734693877551,5.006122448979592,-2.2490212672973793,-2.042875314154096,-0.9296374950429402
0.836734693877551,5.146938775510204,-2.139663403858224,-2.0688775089072076,-0.7335010290759043
0.836734693877551,5.2877551020408164,-2.041452129790316,-2.08248859656026,-0.5690503072895441
0.836734693877551,5.428571428571429,-1.9526149466987939,-2.0842703198904187,-0.42680593878641016
0.836734693877551,5.56938775510204,-1.8716962150579555,-2.0755305684737904,-0.30096331572388
0.836734693877551,5.710204081632653,-1.797517223667968,-2.058032724783995,-0.18770844490838093
0.836734693877551,5.851020408163265,-1.7291239955160882,-2.0336744980157,-0.0843995011839718
0.836734693877551,5.9918367346938775,-1.6657403985166777,-2.00423522006079,0.01087014100892709
0.836734693877551,6.13265306122449,-1.6067301654798167,-1.9712299674225253,0.09952260215825526
0.836734693877551,6.273469387755102,-1.5515672656936166,-1.9358588275872808,0.18264790399262043
0.836734693877551,6.414285714285714,-1.4998130752692342,-1.8990190099867335,0.2611007458349805
0.836734693877551,6.555102040816326,-1.451098816909947,-1.8613477755091872,0.3355645464995348
0.836734693877551,6.6959183673469385,-1.4051120028110355,-1.8232745203733633,0.40659519807036504
0.836734693877551,6.836734693877551,-1.361585877136527,-1.785070267442888,0.4746513792348509
0.836734693877551,6.977551020408163,-1.3202912033245684,-1.7468893539839794,0.5401172752129599
0.836734693877551,7.118367346938776,-1.281029707273737,-1.7088027750875014,0.6033179980240071
0.836734693877551,7.259183673469387,-1.2436289122602813,-1.6708235067366541,0.6645320192646198
0.836734693877551,7.4,-1.2079379733768318,-1.6329254185917066,0.7240002682264712
0.8571428571428571,0.5,-1.0744421278186616,0.49157632695079323,0.3475448412163732
0.8571428571428571,0.6408163265306123,-1.1096559280384728,0.38608515238821595,0.32651599940800285
0.8571428571428571,0.7816326530612245,-1.1462134110263844,0.28505760816060743,0.3040393786934321
0.8571428571428571,0.9224489795918367,-1.1842412153377084,0.18797674516862517,0.2800815868871082
0.8571428571428571,1.063265306122449,-1.2238780819026045,0.0943393284416724,0.25458405179120475
0.8571428571428571,1.2040816326530612,-1.2652782635232702,0.003680007101985751,0.22746446103970622
0.8571428571428571,1.3448979591836734,-1.3086152689026704,-0.08442281614037507,0.19861674607178081
0.8571428571428571,1.4857142857142858,-1.3540861889426525,-0.17034825631979256,0.16790979696032313
0.8571428571428571,1.626530612244898,-1.4019168736856376,-0.2544368528569798,0.13518494881130377
0.8571428571428571,1.76734693877551,-1.4523682784876546,-0.33699516151750947,0.10025214367622101
0.8571428571428571,1.9081632653061225,-1.5057443816521827,-0.41830018010433223,0.06288453226263378
0.8571428571428571,2.0489795918367344,-1.5624021989508325,-0.4986032482773447,0.022811134216800578
0.8571428571428571,2.1897959183673468,-1.622764587836487,-0.5781332704845891,-0.020293062186481
0.8571428571428571,2.330612244897959,-1.6873367600815166,-0.6570991384179709,-0.06682046640898001
0.8571428571428571,2.4714285714285715,-1.7567276955017792,-0.7356913185657598,-0.11724911848341825
0.8571428571428571,2.6122448979591835,-1.8316779275941188,-0.8140824562621937,-0.1721679416414523
0.8571428571428571,2.753061224489796,-1.9130952758596038,-0.8924267863267705,-0.232312416462639
0.8571428571428571,2.8938775510204082,-2.0020994624418678,-0.9708582158206985,-0.29861610292133317
0.8571428571428571,3.03469387755102,-2.1000734716139227,-1.0494864768035774,-0.3722873855876427
0.8571428571428571,3.1755102040816325,-2.208708938955019,-1.1283909029181491,-0.4549276123896731
0.8571428571428571,3.316326530612245,-2.329999521236777,-1.207611146377319,-0.5487205295256466
0.8571428571428571,3.457142857142857,-2.466033063507519,-1.2871335784552584,-0.656752021557539
0.8571428571428571,3.5979591836734692,-2.618117353141329,-1.3668722602318417,-0.7835845658453561
0.8571428571428571,3.7387755102040816,-2.783861998770043,-1.446643206054836,-0.9363758953764397
0.8571428571428571,3.8795918367346935,-2.9489286993700854,-1.5261302874165499,-1.127307479876219
0.8571428571428571,4.020408163265306,-3.071998485389118,-1.6048428544966264,-1.3797273793019227
0.8571428571428571,4.161224489795918,-3.091269717988575,-1.6820663078585174,-1.7478551364045656
0.8571428571428571,4.302040816326531,-2.994536559145063,-1.75681355779839,-2.413816455662389
0.8571428571428571,4.442857142857143,-2.838042961695888,-1.8277883243644182,-3.2771875346697823
0.8571428571428571,4.5836734693877546,-2.6723438538609874,-1.8933882859712474,-2.0545855262740504
0.8571428571428571,4.724489795918367,-2.5179661040794312,-1.9517783610155819,-1.5266148107013968
0.8571428571428571,4.865306122448979,-2.379559071535428,-2.0010627233808527,-1.1910758827426862
0.8571428571428571,5.006122448979592,-2.25643337561678,-2.0395577938669267,-0.9430496456689574
0.8571428571428571,5.146938775510204,-2.1465869509597177,-2.066110938549368,-0.7450226206589874
0.8571428571428571,5.2877551020408164,-2.0479631515674077,-2.0803583420962726,-0.5793157527126582
0.8571428571428571,5.428571428571429,-1.9587795198625855,-2.082810474274456,-0.43618913365683765
0.8571428571428571,5.56938775510204,-1.8775693993173324,-2.07472519939024,-0.3097038305640119
0.8571428571428571,5.710204081632653,-1.8031443128045153,-2.0578279088216185,-0.1959696865008333
0.8571428571428571,5.851020408163265,-1.7345422169242664,-2.0339948368631307,-0.09229853692350004
0.8571428571428571,5.9918367346938775,-1.6709804854605623,-2.004998971948574,0.0032459940737098797
0.8571428571428571,6.13265306122449,-1.6118176620951217,-1.9723597615813624,0.09210593271421655
0.8571428571428571,6.273469387755102,-1.556523567014491,-1.9372875825512252,0.17538508108416975
0.8571428571428571,6.414285714285714,-1.504656243121338,-1.9006921882040415,0.25394792608652195
0.8571428571428571,6.555102040816326,-1.4558442173018469,-1.8632233612597995,0.32848497303349966
0.8571428571428571,6.6959183673469385,-1.4097728053848793,-1.8253218208162907,0.3995573281023115
0.8571428571428571,6.836734693877551,-1.366173446372019,-1.7872683143176666,0.46762753942528323
0.8571428571428571,6.977551020408163,-1.3248154101816083,-1.74922524245144,0.5330826591630445
0.8571428571428571,7.118367346938776,-1.2854991750558522,-1.7112701833693642,0.5962499325947905
0.8571428571428571,7.259183673469387,-1.2480512145539646,-1.6734214363165896,0.6574093857928964
0.8571428571428571,7.4,-1.2123197927252773,-1.6356571679028256,0.716803030523962
0.8775510204081632,0.5,-1.0743544379507683,0.49182702514665533,0.3475976952415606
0.8775510204081632,0.6408163265306123,-1.109529740200768,0.3864225547482037,0.32659383317796103
0.8775510204081632,0.7816326530612245,-1.1460425310841988,0.28548433010005114,0.30414695331246394
0.8775510204081632,0.9224489795918367,-1.1840190443634115,0.18849472547718654,0.28022400967244127
0.8775510204081632,1.063265306122449,-1.2235974372915046,0.09495033638736264,0.25476689940458197
0.8775510204081632,1.2040816326530612,-1.2649311928121283,0.004385950587340148,0.22769391724673219
0.8775510204081632,1.3448979591836734,-1.308192843175103,-0.08361969902911637,0.1988997600338338
0.8775510204081632,1.4857142857142858,-1.3535782625352235,-0.169445274989241,0.1682542702537793
0.8775510204081632,1.626530612244898,-1.401311795067737,-0.25343078141708664,0.13559996186904164
0.8775510204081632,1.76734693877551,-1.4516525336876818,-0.33588217884313776,0.10074823627032506
0.8775510204081632,1.9081632653061225,-1.5049021460660785,-0.4170758217322412,0.06347405751670553
0.8775510204081632,2.0489795918367344,-1.5614147654003396,-0.4972623659492534,0.02350871400214605
0.8775510204081632,2.1897959183673468,-1.621609627394622,-0.5766699952361278,-0.019469941346001354
0.8775510204081632,2.330612244897959,-1.685987356726975,-0.6555068500356458,-0.06585065901231668
0.8775510204081632,2.4714285714285715,-1.7551510757062752,-0.7339626228197763,-0.11610674064479093
0.8775510204081632,2.6122448979591835,-1.8298337832505789,-0.8122091780918421,-0.17082087298334916
0.8775510204081632,2.753061224489796,-1.9109335633731153,-0.8903999893843474,-0.2307201702127323
0.8775510204081632,2.8938775510204082,-1.9995575863633221,-0.9686682654652176,-0.2967267157354166
0.8775510204081632,3.03469387755102,-2.097072938154263,-1.0471231806284598,-0.3700327281679084
0.8775510204081632,3.1755102040816325,-2.2051522377079675,-1.125843750440328,-0.4522160530220488
0.8775510204081632,3.316326530612245,-2.325770258731558,-1.2048697327894633,-0.5454249302617923
0.8775510204081632,3.457142857142857,-2.461009724426106,-1.2841882802652873,-0.6526889862237462
0.8775510204081632,3.5979591836734692,-2.6122343846903204,-1.363715287523423,-0.7784760038220474
0.8775510204081632,3.7387755102040816,-2.7773188600321057,-1.4432701848513427,-0.9297711629271737
0.8775510204081632,3.8795918367346935,-2.9427605496771454,-1.5225425642385668,-1.1184052539533431
0.8775510204081632,4.020408163265306,-3.0688389078939524,-1.6010507041473947,-1.366890054670428
0.8775510204081632,4.161224489795918,-3.0938322444032615,-1.6780931481177623,-1.7268592488593686
0.8775510204081632,4.302040816326531,-3.0018033799184565,-1.752700980164428,-2.36728994755422
0.8775510204081632,4.442857142857143,-2.847094838306817,-1.8236012855252666,-3.3757590459325986
0.8775510204081632,4.5836734693877546,-2.681473945889951,-1.8892187989140607,-2.0935995197405455
0.8775510204081632,4.724489795918367,-2.5265960683914246,-1.9477451929488956,-1.5495465406731619
0.8775510204081632,4.865306122448979,-2.387579615151234,-1.997304236522524,-1.2078486230176955
0.8775510204081632,5.006122448979592,-2.263884684086594,-2.036216493111795,-0.9566185099843306
0.8775510204081632,5.146938775510204,-2.153545232386949,-2.0633120752547947,-0.7566508144681975
0.8775510204081632,5.2877551020408164,-2.054504686542505,-2.078189109730532,-0.5896587802841461
0.8775510204081632,5.428571428571429,-1.9649708963407995,-2.081307759479799,-0.4456313631996271
0.8775510204081632,5.56938775510204,-1.8834662013571513,-2.073876069947148,-0.31849062378767806
0.8775510204081632,5.710204081632653,-1.8087922958258245,-2.0575809554808946,-0.2042679019216549
0.8775510204081632,5.851020408163265,-1.7399789929442686,-2.0342763515620352,-0.10022742629380008
0.8775510204081632,5.9918367346938775,-1.6762371011811081,-2.0057280441414607,-0.004402322698043275
0.8775510204081632,6.13265306122449,-1.6169199149293434,-1.973459168044052,0.08466980691258678
0.8775510204081632,6.273469387755102,-1.5614930561215545,-1.9386899386274854,0.16810684869178288
0.8775510204081632,6.414285714285714,-1.5095111948033266,-1.902342404649895,0.24678328396448027
0.8775510204081632,6.555102040816326,-1.4606001303097986,-1.8650787581355348,0.32139685790942135
0.8775510204081632,6.6959183673469385,-1.4144429542930301,-1.8273510338671812,0.3925139699294485
0.8775510204081632,6.836734693877551,-1.37076928571371,-1.789449695633579,0.46060120547624445
0.8775510204081632,6.977551020408163,-1.3293468779204436,-1.7515452796444673,0.5260484725943054
0.8775510204081632,7.118367346938776,-1.2899749496123556,-1.7137219882347823,0.5891852364910949
0.8775510204081632,7.259183673469387,-1.2524789129894,-1.6760034857158788,0.6502931298138325
0.8775510204081632,7.4,-1.2167061312603618,-1.63837226526062,0.7096153038827482
0.8979591836734693,0.5,-1.0742667932961922,0.4920776256353971,0.3476505188747449
0.8979591836734693,0.6408163265306123,-1.1094036309232758,0.3867598121146879,0.3266716129421611
0.8979591836734693,0.7816326530612245,-1.1458717750278002,0.2859108562737054,0.30425444121780115
0.8979591836734693,0.9224489795918367,-1.1837970571079135,0.18901245528619387,0.2803663019697346
0.8979591836734693,1.063265306122449,-1.2233170541087435,0.09556103365340746,0.2549495590914477
0.8979591836734693,1.2040816326530612,-1.2645844835293942,0.005091515560659111,0.22792311102243468
0.8979591836734693,1.3448979591836734,-1.3077709069079375,-0.08281703859537949,0.1991824155574457
0.8979591836734693,1.4857142857142858,-1.3530709891131252,-0.16854284190357363,0.1685982618154854
0.8979591836734693,1.626530612244898,-1.4007075781790774,-0.25242536663099663,0.13601433504726967
0.8979591836734693,1.76734693877551,-1.450937917332309,-0.33476998189781676,0.10124348601169482
0.8979591836734693,1.9081632653061225,-1.5040613804546334,-0.4158524031223078,0.06406247886915226
0.8979591836734693,2.0489795918367344,-1.5604292405996276,-0.4959226071280042,0.024204852946729943
0.8979591836734693,2.1897959183673468,-1.6204571418462226,-0.5752080623309254,-0.01864869843426579
0.8979591836734693,2.330612244897959,-1.6846411625530697,-0.6539161638659355,-0.06488330033405695
0.8979591836734693,2.4714285714285715,-1.7535786230414672,-0.7322358367676205,-0.11496756325317531
0.8979591836734693,2.6122448979591835,-1.8279950633597095,-0.8103381717160755,-0.16947800530555482
0.8979591836734693,2.753061224489796,-1.9087789344199289,-0.8883758884115905,-0.22913347414578616
0.8979591836734693,2.8938775510204082,-1.9970249889714424,-0.9664815050101578,-0.2948447276840967
0.8979591836734693,3.03469387755102,-2.0940845755062347,-1.044763640095509,-0.3677880548152362
0.8979591836734693,3.1755102040816325,-2.201611436442836,-1.1233009971979289,-0.4495181826536541
0.8979591836734693,3.316326530612245,-2.3215613839464626,-1.2021334345610892,-0.5421484999681752
0.8979591836734693,3.457142857142857,-2.4560110170943363,-1.2812488709189827,-0.6486535602254616
0.8979591836734693,3.5979591836734692,-2.6063757633936175,-1.3605650004908587,-0.7734087652059378
0.8979591836734693,3.7387755102040816,-2.7707807462426115,-1.4399046053629623,-0.9232317270880417
0.8979591836734693,3.8795918367346935,-2.93652302923624,-1.5189628881885555,-1.1096148763328952
0.8979591836734693,4.020408163265306,-3.065461492009536,-1.5972668807552703,-1.3542709393744115
0.8979591836734693,4.161224489795918,-3.0961149227869336,-1.6741280106360608,-1.706403955008078
0.8979591836734693,4.302040816326531,-3.0089193434015065,-1.7485951866912839,-2.323047697647641
0.8979591836734693,4.442857142857143,-2.8561206971581563,-1.819418444672556,-3.463633703148871
0.8979591836734693,4.5836734693877546,-2.690631506658812,-1.8850491850243114,-2.1342587534707964
0.8979591836734693,4.724489795918367,-2.5352684079432075,-1.9437056392313083,-1.5730130486656078
0.8979591836734693,4.865306122448979,-2.3956432777550822,-1.9935313906063457,-1.2248873197876828
0.8979591836734693,5.006122448979592,-2.2713755394907302,-2.032851943983587,-0.9703485800948328
0.8979591836734693,5.146938775510204,-2.1605386013031347,-2.0604814287774467,-0.7683881906698617
0.8979591836734693,5.2877551020408164,-2.0610770609879543,-2.0759813102674483,-0.6000810552899218
0.8979591836734693,5.428571428571429,-1.971189368365682,-2.0797624213338395,-0.4551337930422544
0.8979591836734693,5.56938775510204,-1.8893868810613048,-2.072983237485782,-0.32732456185578185
0.8979591836734693,5.710204081632653,-1.8144614045449752,-2.057291760137717,-0.21260377143103082
0.8979591836734693,5.851020408163265,-1.7454345320004463,-2.0345188181991696,-0.10818672577461377
0.8979591836734693,5.9918367346938775,-1.6815104350088104,-2.0064221481677396,-0.012075285084001233
0.8979591836734693,6.13265306122449,-1.6220370979752436,-1.9745278692005024,0.07721380879424898
0.8979591836734693,6.273469387755102,-1.5664758948581867,-1.9400655856511237,0.1608128288490865
0.8979591836734693,6.414285714285714,-1.5143780827546727,-1.9039693764321288,0.23960646656779316
0.8979591836734693,6.555102040816326,-1.4653667012538354,-1.8669137255611592,0.3142998599976905
0.8979591836734693,6.6959183673469385,-1.4191225923132895,-1.8293619532954135,0.38546482268187854
0.8979591836734693,6.836734693877551,-1.375373532140985,-1.7916142697882622,0.45357203458112827
0.8979591836734693,6.977551020408163,-1.3338857419705838,-1.7538493779718525,0.519014360767681
0.8979591836734693,7.118367346938776,-1.2944571662709048,-1.7161581541628392,0.5821235358473205
0.8979591836734693,7.259183673469387,-1.2569121441280064,-1.6785696725785362,0.6431828506458452
0.8979591836734693,7.4,-1.221097128262031,-1.6410707896314318,0.7024366471663838
0.9183673469387754,0.5,-1.0741791938331233,0.4923281285798011,0.3477033121364333
0.9183673469387754,0.6408163265306123,-1.1092776001597051,0.3870969244869253,0.326749338735279
0.9183673469387754,0.7816326530612245,-1.145701142770338,0.2863371866397144,0.3043618424749391
0.9183673469387754,0.9224489795918367,-1.1835752534185682,0.18952993456869263,0.28050846389575895
0.9183673469387754,1.063265306122449,-1.2230369320967185,0.09617142021471052,0.2551320310492808
0.9183673469387754,1.2040816326530612,-1.2642381352542151,0.0057967020227070835,0.22815204268956554
0.9183673469387754,1.3448979591836734,-1.3073494594310644,-0.08201483477620507,0.19946471315661865
0.9183673469387754,1.4857142857142858,-1.352564367631512,-0.1676409568868766,0.16894177244728723
0.9183673469387754,1.626530612244898,-1.4001042214182344,-0.25142060814227724,0.13642806957647313
0.9183673469387754,1.76734693877551,-1.4502244270006686,-0.33365857005652344,0.10173789476444217
0.9183673469387754,1.9081632653061225,-1.503222081197757,-0.41462992326759157,0.0646497991168255
0.9183673469387754,2.0489795918367344,-1.5594456191799508,-0.49458397028169304,0.024899555218711567
0.9183673469387754,2.1897959183673468,-1.6193071232771667,-0.5737474695308636,-0.017829327263329555
0.9183673469387754,2.330612244897959,-1.6832981659428263,-0.6523270767384362,-0.06391838119725098
0.9183673469387754,2.4714285714285715,-1.7520103205063775,-0.7305109560248749,-0.1138315726731705
0.9183673469387754,2.6122448979591835,-1.8261617431094632,-0.8084694311974174,-0.16813931824683676
0.9183673469387754,2.753061224489796,-1.9066313529413401,-0.886354475331545,-0.2275522976033757
0.9183673469387754,2.8938775510204082,-1.9945016183342443,-0.9642979243220487,-0.2929700920186042
0.9183673469387754,3.03469387755102,-2.091108310574578,-1.0424078419361609,-0.3655532930120896
0.9183673469387754,3.1755102040816325,-2.198086438000113,-1.1207626264852206,-0.44683388616253106
0.9183673469387754,3.316326530612245,-2.317372788003617,-1.1994022311785386,-0.538891050133416
0.9183673469387754,3.457142857142857,-2.451036895288476,-1.2783153260541629,-0.6446454217517836
0.9183673469387754,3.5979591836734692,-2.6005418010150505,-1.3574213716046222,-0.7683822683962671
0.9183673469387754,3.7387755102040816,-2.764249285475534,-1.4365464389323668,-0.916756448649089
0.9183673469387754,3.8795918367346935,-2.930221016143778,-1.515391233834718,-1.1009338329342049
0.9183673469387754,4.020408163265306,-3.06187256705207,-1.5934913701842317,-1.3418633200944041
0.9183673469387754,4.161224489795918,-3.0981146528060943,-1.6701709212166185,-1.6864639714254783
0.9183673469387754,4.302040816326531,-3.015876259055834,-1.7444962328131528,-2.2809017778844924
0.9183673469387754,4.442857142857143,-2.865115970231684,-1.8152399280569138,-3.5278328080336223
0.9183673469387754,4.5836734693877546,-2.6998150250743986,-1.8808796691907164,-2.176709059487638
0.9183673469387754,4.724489795918367,-2.543982904656241,-1.9396600419619552,-1.5970418829382595
0.9183673469387754,4.865306122448979,-2.40375028353114,-1.98974463919049,-1.2422017116739457
0.9183673469387754,5.006122448979592,-2.278906287619855,-2.029464663813843,-0.9842445183816801
0.9183673469387754,5.146938775510204,-2.1675674128553917,-2.057619511296739,-0.7802374176544175
0.9183673469387754,5.2877551020408164,-2.067680604157836,-2.0737353616357583,-0.610584291559694
0.9183673469387754,5.428571428571429,-1.9774352312187904,-2.078174716686577,-0.46469761802672094
0.9183673469387754,5.56938775510204,-1.895331701070191,-2.072046775234525,-0.33620653289457364
0.9183673469387754,5.710204081632653,-1.820151873173592,-2.0569602302942664,-0.22097798927547418
0.9183673469387754,5.851020408163265,-1.7509090445793785,-2.0347220212226462,-0.11617700101305363
0.9183673469387754,5.9918367346938775,-1.686800677948001,-2.0070809942917482,-0.019773371615795197
0.9183673469387754,6.13265306122449,-1.627169386661913,-1.9755655495190223,0.06973751772238515
0.9183673469387754,6.273469387755102,-1.571472246226403,-1.9414142130130192,0.15350264031806238
0.9183673469387754,6.414285714285714,-1.5192570602958058,-1.9055728197920063,0.23241711773049165
0.9183673469387754,6.555102040816326,-1.4701440761052813,-1.868728019698855,0.3071936364233188
0.9183673469387754,6.6959183673469385,-1.4238118601158405,-1.8313543863984312,0.3784095439667993
0.9183673469387754,6.836734693877551,-1.3799863228122033,-1.7937618916534706,0.4465396829048574
0.9183673469387754,6.977551020408163,-1.338432137730219,-1.7561374440332278,0.5119799703352134
0.9183673469387754,7.118367346938776,-1.2989459600989401,-1.718578641708345,0.5750644580304787
0.9183673469387754,7.259183673469387,-1.2613510441525138,-1.6811200119951832,0.6360781493757165
0.9183673469387754,7.4,-1.2254929223120772,-1.6437528131769081,0.6952666249828263
0.9387755102040816,0.5,-1.0740916395390576,0.49257853391047,0.34775607504096434
0.9387755102040816,0.6408163265306123,-1.1091516478637597,0.38743389186437244,0.32682701059199387
0.9387755102040816,0.7816326530612245,-1.145530634225131,0.2867633211831632,0.30446915714973305
0.9387755102040816,0.9224489795918367,-1.183353633142819,0.19004716329778545,0.2806504955671818
0.9387755102040816,1.063265306122449,-1.2227570709981643,0.0967814960461974,0.25531431547527356
0.9387755102040816,1.2040816326530612,-1.2638921475664282,0.006501509974063664,0.2283807125703514
0.9387755102040816,1.3448979591836734,-1.3069285000757171,-0.08121308750911804,0.1997466533443195
0.9387755102040816,1.4857142857142858,-1.352058397048056,-0.16673961976424476,0.169284802949084
0.9387755102040816,1.626530612244898,-1.399501723188287,-0.2504165055962737,0.136841166683653
0.9387755102040816,1.76734693877551,-1.449512060279879,-0.3325479426835261,0.10223146438654258
0.9387755102040816,1.9081632653061225,-1.5023842446887032,-0.41340838116571443,0.06523602104601814
0.9387755102040816,2.0489795918367344,-1.5584638957948804,-0.49324645388536315,0.025592824968366748
0.9387755102040816,2.1897959183673468,-1.6181595638101522,-0.5722882146080737,-0.017011821675416247
0.9387755102040816,2.330612244897959,-1.6819583553393262,-0.6507395854977439,-0.06295589247558553
0.9387755102040816,2.4714285714285715,-1.750446151196884,-0.7287879762289102,-0.11269875535445849
0.9387755102040816,2.6122448979591835,-1.8243337978416783,-0.8066029506288701,-0.1668047915903094
0.9387755102040816,2.753061224489796,-1.904490783116468,-0.8843357422878496,-0.22597661017061976
0.9387755102040816,2.8938775510204082,-1.99198742286276,-0.9621175105788335,-0.29110276241735117
0.9387755102040816,3.03469387755102,-2.0881440707095678,-1.0400557729567022,-0.3633283710082201
0.9387755102040816,3.1755102040816325,-2.1945771455449576,-1.1182286216944495,-0.44416304983511284
0.9387755102040816,3.316326530612245,-2.3132043612076756,-1.19667610220821,-0.5356523949456569
0.9387755102040816,3.457142857142857,-2.4460873067720748,-1.2753876214401003,-0.6406642544537267
0.9387755102040816,3.5979591836734692,-2.594732783875364,-1.354284373458702,-0.7633959437231657
0.9387755102040816,3.7387755102040816,-2.7577260220418083,-1.4331956569506439,-0.9103442174031198
0.9387755102040816,3.8795918367346935,-2.9238592360797018,-1.5118275756233146,-1.0923596920395913
0.9387755102040816,4.020408163265306,-3.058078642892128,-1.5897241578183796,-1.3296607830802432
0.9387755102040816,4.161224489795918,-3.0998288668101184,-1.666221858574882,-1.6670157985877656
0.9387755102040816,4.302040816326531,-3.0226658499097305,-1.7404041717362388,-2.2406833208880257
0.9387755102040816,4.442857142857143,-2.87407586000008,-1.8110658583427588,-3.554507309063833
0.9387755102040816,4.5836734693877546,-2.7090228732297454,-1.876710470922262,-2.221115575665498
0.9387755102040816,4.724489795918367,-2.5527392968540954,-1.9356087381647453,-1.6216627474481786
0.9387755102040816,4.865306122448979,-2.4119008433778473,-1.9859444290661212,-1.2598020709344746
0.9387755102040816,5.006122448979592,-2.286477271998761,-2.0260551704215346,-0.9983111913515984
0.9387755102040816,5.146938775510204,-2.1746320240134827,-2.0547268369540013,-0.792201258018038
0.9387755102040816,5.2877551020408164,-2.0743156482672878,-2.0714516885487284,-0.6211702534410511
0.9387755102040816,5.428571428571429,-1.983708783249153,-2.0765449132414737,-0.4743240633490277
0.9387755102040816,5.56938775510204,-1.901300926848866,-2.0710667684410202,-0.34513744416896086
0.9387755102040816,5.710204081632653,-1.8258639384315791,-2.056586282971749,-0.2293912611795543
0.9387755102040816,5.851020408163265,-1.7564027432710205,-2.0348857536711122,-0.1241988270753545
0.9387755102040816,5.9918367346938775,-1.6921080229148766,-2.00770429738038,-0.027497065718308403
0.9387755102040816,6.13265306122449,-1.6323169578755756,-1.976571895806852,0.06224050818594174
0.9387755102040816,6.273469387755102,-1.5764822744177636,-1.9427355100073103,0.1461758984729151
0.9387755102040816,6.414285714285714,-1.524148281677185,-1.907152449243435,0.22521487885249322
0.9387755102040816,6.555102040816326,-1.4749324014410794,-1.8705213942725691,0.3000778407228288
0.9387755102040816,6.6959183673469385,-1.428510898810132,-1.833328129191125,0.3713477982125646
0.9387755102040816,6.836734693877551,-1.3846077953400435,-1.795892409064411,0.43950381227692215
0.9387755102040816,6.977551020408163,-1.3429862006525244,-1.7584093792619142,0.5049449496912161
0.9387755102040816,7.118367346938776,-1.3034414659975928,-1.7209834057748554,0.568007633326302
0.9387755102040816,7.259183673469387,-1.2657957488498446,-1.6836545133103,0.6289786309438091
0.9387755102040816,7.4,-1.2298936513443135,-1.646418401421432,0.6881048074582992
0.9591836734693877,0.5,-1.0740041303913448,0.49282884152644046,0.34780880760153365
0.9591836734693877,0.6408163265306123,-1.1090257739891531,0.3877707142466685,0.3269046285469727
0.9591836734693877,0.7816326530612245,-1.1453602493055506,0.2871892598893154,0.3045763853079965
0.9591836734693877,0.9224489795918367,-1.1831321961283725,0.19056414146600217,0.28079239710080445
0.9591836734693877,1.063265306122449,-1.2224774705561319,0.09739126112281646,0.255496412566384
0.9591836734693877,1.2040816326530612,-1.2635465200465443,0.007205939415139915,0.22860912098649672
0.9591836734693877,1.3448979591836734,-1.306508028174457,-0.08041179673213864,0.20002823663248198
0.9591836734693877,1.4857142857142858,-1.3515530763229227,-0.16583883036175393,0.16962735411882474
0.9591836734693877,1.626530612244898,-1.3989000818967814,-0.24941305864009275,0.13725362759230061
0.9591836734693877,1.76734693877551,-1.448800814765471,-0.33143809909427396,0.10272419672992182
0.9591836734693877,1.9081632653061225,-1.501547867333982,-0.41218777581884214,0.06582114743253827
0.9591836734693877,2.0489795918367344,-1.5574840651201614,-0.49191005642095614,0.02628466632816246
0.9591836734693877,2.1897959183673468,-1.617014455604455,-0.5708302953449828,-0.016196175542688675
0.9591836734693877,2.330612244897959,-1.680621719245334,-0.6491536870033683,-0.0619958250930545
0.9591836734693877,2.4714285714285715,-1.7488860983050916,-0.7270668930381708,-0.11156909783145928
0.9591836734693877,2.6122448979591835,-1.8225112030712334,-0.8047387256822078,-0.16547440426845336
0.9591836734693877,2.753061224489796,-1.902357189361006,-0.8823196814661678,-0.22440638167712687
0.9591836734693877,2.8938775510204082,-1.98948235134164,-0.959940254086418,-0.2892426930184999
0.9591836734693877,3.03469387755102,-2.0851917836738174,-1.0377074198850698,-0.3611132181633885
0.9591836734693877,3.1755102040816325,-2.19108346258408,-1.1156989663138823,-0.44150556134471935
0.9591836734693877,3.316326530612245,-2.3090559930945775,-1.1939550274833755,-0.5324323512434845
0.9591836734693877,3.457142857142857,-2.4411621936288874,-1.2724657329559061,-0.6367097473274097
0.9591836734693877,3.5979591836734692,-2.5889489740478733,-1.3511539787642597,-0.7584492331357943
0.9591836734693877,3.7387755102040816,-2.7512124195650536,-1.4298522308613133,-0.9039939511763149
0.9591836734693877,3.8795918367346935,-2.9174422608485195,-1.5082718878818717,-1.0838901007815969
0.9591836734693877,4.020408163265306,-3.0540863810778336,-1.5859652285620867,-1.317657196826275
0.9591836734693877,4.161224489795918,-3.10125554195062,-1.6622808466910335,-1.6480373714768215
0.9591836734693877,4.302040816326531,-3.0292797770963875,-1.7363190545238836,-2.20224072372941
0.9591836734693877,4.442857142857143,-2.8829953343253063,-1.8068963545900043,-3.5367586178966555
0.9591836734693877,4.5836734693877546,-2.7182532985642185,-1.8725418281789774,-2.2676662102113583
0.9591836734693877,4.724489795918367,-2.5615372763995152,-1.9315520547998593,-1.6469077170973043
0.9591836734693877,4.865306122448979,-2.420095153773954,-1.9821312008595888,-1.277699243185238
0.9591836734693877,5.006122448979592,-2.294088833690107,-2.022623977882419,-1.012553675151248
0.9591836734693877,5.146938775510204,-2.1817327934599993,-2.0518039216024317,-0.8042825716728937
0.9591836734693877,5.2877551020408164,-2.0809825284731773,-2.0691307221641644,-0.6318407578736333
0.9591836734693877,5.428571428571429,-1.9900103258896609,-2.0748732894443678,-0.4840143858266609
0.9591836734693877,5.56938775510204,-1.9072948267457512,-2.0700433120373076,-0.35411822081973976
0.9591836734693877,5.710204081632653,-1.8315978395141417,-2.056169847348177,-0.2378443075018347
0.9591836734693877,5.851020408163265,-1.7619158427972093,-2.035009817367215,-0.1322527887597943
0.9591836734693877,5.9918367346938775,-1.6974326645448534,-2.0082917807443073,-0.03524686042341951
0.9591836734693877,6.13265306122449,-1.6374799899952164,-1.977546597419792,0.054722349655061696
0.9591836734693877,6.273469387755102,-1.5815061448375791,-1.9440291660415097,0.13883221514829752
0.9591836734693877,6.414285714285714,-1.5290519021420304,-1.908707976731926,0.2179993898065585
0.9591836734693877,6.555102040816326,-1.479731824433622,-1.8722935999639587,0.2929521245115242
0.9591836734693877,6.6959183673469385,-1.4332198494414738,-1.8352829811844986,0.3642792326273697
0.9591836734693877,6.836734693877551,-1.3892380875155868,-1.7980056681299925,0.43246408139379205
0.9591836734693877,6.977551020408163,-1.3475480662793784,-1.7606650802372448,0.49790894882493325
0.9591836734693877,7.118367346938776,-1.3079438187340007,-1.7233723957722715,0.5609526946971247
0.9591836734693877,7.259183673469387,-1.2702463935580417,-1.6861731802597384,0.6218839028012748
0.9591836734693877,7.4,-1.2342994526731432,-1.6490676154312822,0.6809507679925106
0.9795918367346939,0.5,-1.0739166663676905,0.4930790514400583,0.34786150983439973
0.9795918367346939,0.6408163265306123,-1.1088999784896403,0.3881073916336385,0.3269821926348634
0.9795918367346939,0.7816326530612245,-1.1451899879250231,0.287615002743614,0.3046835270155
0.9795918367346939,0.9224489795918367,-1.1829109422237125,0.19108086916364087,0.2809341686146802
0.9795918367346939,1.063265306122449,-1.2221981305145264,0.09800071549200316,0.2556783225200325
0.9795918367346939,1.2040816326530612,-1.2632012522757647,0.007909990346160618,0.2288372682591765
0.9795918367346939,1.3448979591836734,-1.306088043061196,-0.07961096238376762,0.2003094635320015
0.9795918367346939,1.4857142857142858,-1.3510484044187772,-0.1649385885064942,0.16996942675255422
0.9795918367346939,1.626530612244898,-1.3982992959557377,-0.24841026692259868,0.13766545352244816
0.9795918367346939,1.76734693877551,-1.4480906880589715,-0.33032903876329983,0.10321609364031854
0.9795918367346939,1.9081632653061225,-1.5007129455533177,-0.41096810623369134,0.06640518104177406
0.9795918367346939,2.0489795918367344,-1.5565061218532874,-0.4905747763890249,0.026975083413622394
0.9795918367346939,2.1897959183673468,-1.6158717908557503,-0.5693737095341957,-0.015382382767057595
0.9795918367346939,2.330612244897959,-1.6792882462229308,-0.6475693781296724,-0.06103817002353719
0.9795918367346939,2.4714285714285715,-1.747330145118705,-0.7253477021327468,-0.11044258672222308
0.9795918367346939,2.6122448979591835,-1.820693934404436,-0.802876747399972,-0.16414813835228492
0.9795918367346939,2.753061224489796,-1.9002305363257417,-0.8803062850936477,-0.22284158219453126
0.9795918367346939,2.8938775510204082,-1.9869863528890872,-0.957766145354698,-0.2873898383245166
0.9795918367346939,3.03469387755102,-2.0822513777825487,-1.035362770002265,-0.35890776350663345
0.9795918367346939,3.1755102040816325,-2.1876052929817464,-1.1131736439300117,-0.438861309726767
0.9795918367346939,3.316326530612245,-2.304927572560649,-1.1912389867626498,-0.5292307384595589
0.9795918367346939,3.457142857142857,-2.436261492577077,-1.2695496366538248,-0.6327815945945565
0.9795918367346939,3.5979591836734692,-2.5831906105067524,-1.3480301603502134,-0.7535415898885882
0.9795918367346939,3.7387755102040816,-2.7447098640088665,-1.4265161321664122,-0.8977045948949808
0.9795918367346939,3.8795918367346935,-2.9109745076147733,-1.504724144831947,-1.0755227817899669
0.9795918367346939,4.020408163265306,-3.049902566524704,-1.5822145668364906,-1.3058466959935904
0.9795918367346939,4.161224489795918,-3.102393216508362,-1.6583478928486421,-1.6295080720491728
0.9795918367346939,4.302040816326531,-3.035709666562686,-1.732240930034613,-2.1654378467681594
0.9795918367346939,4.442857142857143,-2.8918691219240213,-1.8027315323894817,-3.4798719579038755
0.9795918367346939,4.5836734693877546,-2.7275044239471318,-1.868373903223342,-2.3165750877237463
0.9795918367346939,4.724489795918367,-2.5703764855772007,-1.9274903144428035,-1.6728115114059816
0.9795918367346939,4.865306122448979,-2.428333395562112,-1.9783053889976556,-1.2959046908650018
0.9795918367346939,5.006122448979592,-2.3017413108468996,-2.019171596228285,-1.0269772678705478
0.9795918367346939,5.146938775510204,-2.188870081419964,-2.0488512834871795,-0.8164843221019242
0.9795918367346939,5.2877551020408164,-2.0876815828447466,-2.066772899742309,-0.6425976765691404
0.9795918367346939,5.428571428571429,-1.9963401636738571,-2.073160134156716,-0.49376987496404023
0.9795918367346939,5.56938775510204,-1.9133136719569073,-2.068976515552517,-0.3631498111608081
0.9795918367346939,5.710204081632653,-1.8373538181482525,-2.0557108642159014,-0.24633786296565274
0.9795918367346939,5.851020408163265,-1.767448560050411,-2.0350940231082943,-0.14033948088061593
0.9795918367346939,5.9918367346938775,-1.7027747992986122,-2.0088431735119734,-0.04302325610136772
0.9795918367346939,6.13265306122449,-1.6426586629201383,-1.978489346423574,0.04718260641530788
0.9795918367346939,6.273469387755102,-1.5865440241386015,-1.9452948708225037,0.13147119850998876
0.9795918367346939,6.414285714285714,-1.5339680779129068,-1.9102391132479601,0.21077028746710236
0.9795918367346939,6.555102040816326,-1.4845424940724212,-1.874044379954897,0.2858161557690346
0.9795918367346939,6.6959183673469385,-1.4379388546408656,-1.8372187304039456,0.3572035178588162
0.9795918367346939,6.836734693877551,-1.3938773373160847,-1.8001015108353773,0.4254201465848091
0.9795918367346939,6.977551020408163,-1.3521178701528265,-1.762904439479031,0.4908716169131523
0.9795918367346939,7.118367346938776,-1.3124531529776913,-1.7257455558732893,0.5538992776040355
0.9795918367346939,7.259183673469387,-1.27470311332291,-1.6886760113668133,0.6147935763776675
0.9795918367346939,7.4,-1.2387104630635821,-1.6517005068217316,0.673804088042077
1.0,0.5,-1.0738292474458155,0.4933291636643019,0.3479141817558466
1.0,0.6408163265306123,-1.108774261318996,0.38844392402532163,0.32705970289030706
1.0,0.7816326530612245,-1.145019849997017,0.2880405497316827,0.30479058233796974
1.0,0.9224489795918367,-1.1826898712757221,0.19159734619824137,0.2810758102229701
1.0,1.063265306122449,-1.2219190506169542,0.0986098591128746,0.25586004553256286
1.0,1.2040816326530612,-1.2628563438359561,0.00861366276718924,0.22906515470902133
1.0,1.3448979591836734,-1.3056685440711826,-0.07881058440299275,0.20059033455272848
1.0,1.4857142857142858,-1.3505443803007595,-0.16403889402653313,0.17031102164437367
1.0,1.626530612244898,-1.3976993637816175,-0.24740813009442122,0.13807664569067551
1.0,1.76734693877551,-1.4473816777706163,-0.3292207610766261,0.10370715695748452
1.0,1.9081632653061225,-1.4998794757795688,-0.4097493714214672,0.06698812462868732
1.0,2.0489795918367344,-1.5555300607142033,-0.4892406122767724,0.027664080321368394
1.0,2.1897959183673468,-1.6147315617958633,-0.5679184549784342,-0.014570437280049272
1.0,2.330612244897959,-1.6779579248931333,-0.6459866557658207,-0.06008291829049245
1.0,2.4714285714285715,-1.7457782750203794,-0.7236303992139419,-0.10931920872797644
1.0,2.6122448979591835,-1.8188819676584247,-0.8010170115272376,-0.16282597303984825
1.0,2.753061224489796,-1.8981107888950104,-0.8782955454386268,-0.221282182033605
1.0,2.8938775510204082,-1.984499376976526,-0.9555951741041043,-0.28554415327452076
1.0,3.03469387755102,-2.0793227816960256,-1.0330218101722715,-0.3567119378906351
1.0,3.1755102040816325,-2.1841425409745363,-1.1106526382224988,-0.43623018536105707
1.0,3.316326530612245,-2.3008189879014203,-1.1885279600002228,-0.5260473785775761
1.0,3.457142857142857,-2.431385135276569,-1.266639308692748,-0.6288794955849786
1.0,3.5979591836734692,-2.5774579102286914,-1.344912891166955,-0.748672478238204
1.0,3.7387755102040816,-2.738219666648695,-1.4231873324273736,-0.8914751196967339
1.0,3.8795918367346935,-2.9044602387740537,-1.501184320595336,-1.0672555300295947
1.0,4.020408163265306,-3.0455340799665107,-1.5784721567327578,-1.2942236663826356
1.0,4.161224489795918,-3.1032409987990337,-1.6544230032734122,-1.611408578552401
1.0,4.302040816326531,-3.0419471378957765,-1.7281698451969447,-2.1301523103163347
1.0,4.442857142857143,-2.9006917064632334,-1.7985715281391417,-3.397232861849452
1.0,4.5836734693877546,-2.7367742324753044,-1.86420688856789,-2.3680879008562408
1.0,4.724489795918367,-2.5792565138737378,-1.9234238334507958,-1.6994117845107797
1.0,4.865306122448979,-2.436615732654648,-1.9744674216843245,-1.314430540897724
1.0,5.006122448979592,-2.3094350382437487,-2.015698532248066,-1.0415875027303765
1.0,5.146938775510204,-2.196044249522817,-2.045869438231681,-0.828809579450591
1.0,5.2877551020408164,-2.094413152329416,-2.0643786643039914,-0.6534429383022283
1.0,5.428571428571429,-2.0026986042529225,-2.07140574639828,-0.5035918541630471
1.0,5.56938775510204,-1.919357736588755,-2.0678665006767623,-0.37223318523152943
1.0,5.710204081632653,-1.8431321186242204,-2.055209285940183,-0.25487267699678867
1.0,5.851020408163265,-1.7730011141235225,-2.035138190860636,-0.14845950857500956
1.0,5.9918367346938775,-1.7081346254990093,-2.009358210957793,-0.05082676053231313
1.0,6.13265306122449,-1.6478531581048836,-1.9793998379122977,0.03962083740084659
1.0,6.273469387755102,-1.5915960802471882,-1.9465323145456654,0.12409245292186868
1.0,6.414285714285714,-1.5388969662277652,-1.9117455683173863,0.20352720614287054
1.0,6.555102040816326,-1.4893645589218696,-1.8757734803186046,0.2786695792643471
1.0,6.6959183673469385,-1.442668057082799,-1.8391351658411448,0.3501203110488809
1.0,6.836734693877551,-1.3985256835167352,-1.8021797682894414,0.41837167619297794
1.0,6.977551020408163,-1.3566957482100799,-1.7651273428100898,0.48383260950598866
1.0,7.118367346938776,-1.3169696036851712,-1.7281028228013413,0.5468470255792026
1.0,7.259183673469387,-1.279166042864381,-1.6911629995000035,0.6077072660347621
1.0,7.4,-1.2431268187584927,-1.6543171201467737,0.666664354697542
