B,Lp,Obj_mass,Obj_concentration,Obj_retentate_concentration
0.0,0.5,-1.0743063858582704,-0.33819221549541667,0.7403775994286409
0.0,0.6408163265306123,-1.109766716340672,-0.2837591035777119,0.7125118125413822
0.0,0.7816326530612245,-1.146682731801176,-0.24541263037386965,0.6829584478173094
0.0,0.9224489795918367,-1.1851809858556002,-0.21766935857467706,0.651539014696794
0.0,1.063265306122449,-1.225403669953092,-0.19709908609748222,0.6180477136450713
0.0,1.2040816326530612,-1.2675119118388378,-0.18150242937334218,0.5822450631443997
0.0,1.3448979591836734,-1.3116896320644005,-0.16943277549295177,0.543849848193841
0.0,1.4857142857142858,-1.3581482073679945,-0.159915938805238,0.5025286968932262
0.0,1.626530612244898,-1.4071322328169906,-0.15228173534222558,0.45788230715048345
0.0,1.76734693877551,-1.4589267506520285,-0.1460601118181476,0.40942688479982603
0.0,1.9081632653061225,-1.5138664286819437,-0.1409155001232616,0.35656861651771155
0.0,2.0489795918367344,-1.5723473336374338,-0.13660439938262556,0.2985677414823492
0.0,2.1897959183673468,-1.6348421704119243,-0.13294741548068734,0.23448669461978253
0.0,2.330612244897959,-1.7019201535549353,-0.12981049580140072,0.1631129838359107
0.0,2.4714285714285715,-1.7742730386282026,-0.1270921280987723,0.08284043049210725
0.0,2.6122448979591835,-1.8527491875158457,-0.12471447276802236,-0.008521538169452315
0.0,2.753061224489796,-1.9383975849853419,-0.12261713415477221,-0.11407010101197777
0.0,2.8938775510204082,-2.0325225049856384,-0.12075272781085113,-0.2383892667142104
0.0,3.03469387755102,-2.13674409926762,-0.11908368530607734,-0.3886842410582222
0.0,3.1755102040816325,-2.253041411732981,-0.11757992477793507,-0.5772582767831673
0.0,3.316326530612245,-2.3836934067552,-0.1162171333694597,-0.8278489051947931
0.0,3.457142857142857,-2.5308385198127676,-0.11497548716056136,-1.1964722129876275
0.0,3.5979591836734692,-2.6947611093902384,-0.11383868774159235,-1.8842301456451673
0.0,3.7387755102040816,-2.868329040099986,-0.11279322984129479,-3.088759303580071
0.0,3.8795918367346935,-3.0229993798506674,-0.11182783974733654,-1.506672787858825
0.0,4.020408163265306,-3.0963437191151804,-0.11093304064297617,-0.9636023511842029
0.0,4.161224489795918,-3.0405860630003767,-0.11010081360072009,-0.6218794002105025
0.0,4.302040816326531,-2.8940392795631174,-0.10932433088699546,-0.3693030297861085
0.0,4.442857142857143,-2.7220914505145615,-0.10859774471779983,-0.16720168134233543
0.0,4.5836734693877546,-2.557629033533564,-0.10791601861678295,0.0024275687251861613
0.0,4.724489795918367,-2.4096225576159087,-0.1072747919260542,0.1494466705554094
0.0,4.865306122448979,-2.2783265955696415,-0.10667027019465189,0.2798504181783261
0.0,5.006122448979592,-2.161706206682561,-0.10609913597383122,0.39755874672937797
0.0,5.146938775510204,-2.057462395118162,-0.1055584757931987,0.5052777304814581
0.0,5.2877551020408164,-1.9635695087611043,-0.10504571999149204,0.6049558551616412
0.0,5.428571428571429,-1.878362021547784,-0.10455859297420447,0.6980443938542131
0.0,5.56938775510204,-1.8004980513810886,-0.10409507173959484,0.7856547202472202
0.0,5.710204081632653,-1.7288990747537971,-0.10365335125378682,0.8686581542770561
0.0,5.851020408163265,-1.6626939828237268,-0.10323181533988433,0.9477516463940721
0.0,5.9918367346938775,-1.601173621158816,-0.10282901209661667,1.0235025243637093
0.0,6.13265306122449,-1.543755505088539,-0.10244363308092036,1.0963799828972833
0.0,6.273469387755102,-1.4899568287894052,-0.10207449556811525,1.1667775011128583
0.0,6.414285714285714,-1.4393738706606543,-0.10172052741144466,1.2350293049764234
0.0,6.555102040816326,-1.3916662273465925,-0.10138075403440937,1.301422797026641
0.0,6.6959183673469385,-1.3465446468049864,-0.10105428724128686,1.3662078600806324
0.0,6.836734693877551,-1.3037615736799602,-0.10074031554550739,1.4296041045440682
0.0,6.977551020408163,-1.2631037346364553,-0.1004380957897576,1.4918065407349332
0.0,7.118367346938776,-1.2243862741398746,-0.10014694584196353,1.5529900642574643
0.0,7.259183673469387,-1.1874480768113143,-0.09986623823318605,1.613313074967953
0.0,7.4,-1.1521480073590906,-0.09959539458626464,1.6729204259982176
0.04081632653061224,0.5,-1.0744572106142414,-0.6610211041048366,0.7466268033557628
0.04081632653061224,0.6408163265306123,-1.1099506147394107,-0.5522232674590494,0.7191990752992725
0.04081632653061224,0.7816326530612245,-1.1468983440247047,-0.4751768246067898,0.6901102501264623
0.04081632653061224,0.9224489795918367,-1.1854279359711741,-0.41878472795522725,0.6591907043600218
0.04081632653061224,1.063265306122449,-1.225682404848813,-0.3762567057601607,0.6262437943620897
0.04081632653061224,1.2040816326530612,-1.2678236056907972,-0.34334337639417706,0.5910401239684528
0.04081632653061224,1.3448979591836734,-1.3120361427591307,-0.3172961199733852,0.5533101525517206
0.04081632653061224,1.4857142857142858,-1.3585320767815532,-0.2962797917186328,0.512734537919302
0.04081632653061224,1.626530612244898,-1.4075567273266802,-0.2790339967118618,0.46893134397511865
0.04081632653061224,1.76734693877551,-1.4593959420344234,-0.2646712406975437,0.42143881146714485
0.04081632653061224,1.9081632653061225,-1.5143853192538907,-0.25255266843000723,0.3696917358406107
0.04081632653061224,2.0489795918367344,-1.5729220337940648,-0.24220926987718658,0.3129883760003298
0.04081632653061224,2.1897959183673468,-1.635480140800613,-0.2332905773898185,0.2504429650252808
0.04081632653061224,2.330612244897959,-1.7026305296057602,-0.22553047236860424,0.18091557571445765
0.04081632653061224,2.4714285714285715,-1.775067059778963,-0.21872391291221754,0.10290503368648428
0.04081632653061224,2.6122448979591835,-1.8536407572696338,-0.2127107919226031,0.014378739367757238
0.04081632653061224,2.753061224489796,-1.9394039781597032,-0.20736454895608664,-0.08751121769320819
0.04081632653061224,2.8938775510204082,-2.0336651921358446,-0.20258400705948243,-0.20693112733153096
0.04081632653061224,3.03469387755102,-2.1380494954979374,-0.1982874377175663,-0.35032859462289523
0.04081632653061224,3.1755102040816325,-2.2545408287716358,-0.19440818718172764,-0.5284752350478755
0.04081632653061224,3.316326530612245,-2.385419828055349,-0.19089141278352093,-0.7614742927350553
0.04081632653061224,3.457142857142857,-2.532812601130562,-0.18769162013180643,-1.0941044867539182
0.04081632653061224,3.5979591836734692,-2.6969430863221033,-0.1847707834347016,-1.6667185225735872
0.04081632653061224,3.7387755102040816,-2.87047661574464,-0.1820968968249198,-4.607596360495445
0.04081632653061224,3.8795918367346935,-3.02438857300079,-0.1796428466642116,-1.6960274169933425
0.04081632653061224,4.020408163265306,-3.09588906875389,-0.17738552685110826,-1.0629960729588612
0.04081632653061224,4.161224489795918,-3.038240726298833,-0.17530513962785776,-0.6898607747470904
0.04081632653061224,4.302040816326531,-2.890900441982627,-0.1733846338423457,-0.4212917368994582
0.04081632653061224,4.442857142857143,-2.718936361246723,-0.17160925714604247,-0.20950400346427359
0.04081632653061224,4.5836734693877546,-2.5547144820106973,-0.1699661923218376,-0.03338137276379976
0.04081632653061224,4.724489795918367,-2.406983822033259,-0.16844426029167123,0.11829127806291498
0.04081632653061224,4.865306122448979,-2.275935368142667,-0.1670336788266398,0.252192126121994
0.04081632653061224,5.006122448979592,-2.1595229750108427,-0.16572585929715536,0.3726229773673219
0.04081632653061224,5.146938775510204,-2.0554509342390945,-0.16451324600186945,0.4825206917361518
0.04081632653061224,5.2877551020408164,-1.9616997693914389,-0.1633891731137909,0.5839810245690696
0.04081632653061224,5.428571428571429,-1.8766097914493745,-0.1623477519143708,0.6785537692343423
0.04081632653061224,5.56938775510204,-1.7988439209951952,-0.1613837742410505,0.7674187749453748
0.04081632653061224,5.710204081632653,-1.7273274079833145,-0.1604926299075512,0.8514963387416087
0.04081632653061224,5.851020408163265,-1.6611920724905496,-0.15967023907138284,0.9315194459216366
0.04081632653061224,5.9918367346938775,-1.5997310340510846,-0.15891299301044168,1.0080825144894558
0.04081632653061224,6.13265306122449,-1.5423635821978874,-0.1582177071385659,1.0816755823855628
0.04081632653061224,6.273469387755102,-1.4886083030486839,-0.15758157659892033,1.1527083030874663
0.04081632653061224,6.414285714285714,-1.438062583399253,-0.15700214289321132,1.2215277929630017
0.04081632653061224,6.555102040816326,-1.3903869038211194,-0.15647726362231068,1.288431764316798
0.04081632653061224,6.6959183673469385,-1.3452927256502605,-0.1560050873311345,1.3536784919717137
0.04081632653061224,6.836734693877551,-1.302533076216084,-0.15558403495445805,1.4174945840162678
0.04081632653061224,6.977551020408163,-1.261895157774723,-0.1552127800713719,1.4800808091787065
0.04081632653061224,7.118367346938776,-1.2231945078636217,-0.1548902369479578,1.5416169432395175
0.04081632653061224,7.259183673469387,-1.186270337650432,-0.15461555036270105,1.6022655681282634
0.04081632653061224,7.4,-1.150981783070916,-0.15438808736789764,1.6621751187839124
0.08163265306122448,0.5,-1.074597913688762,-1.098271533187508,0.7523324993586384
0.08163265306122448,0.6408163265306123,-1.1101231124922282,-0.8997020768361625,0.7253589100267454
0.08163265306122448,0.7816326530612245,-1.1471015674849403,-0.7606901785606764,0.6967439363471527
0.08163265306122448,0.9224489795918367,-1.1856616882050592,-0.6609991730619365,0.6663274455447721
0.08163265306122448,1.063265306122449,-1.2259472333552335,-0.5869501404016877,0.6339222735414796
0.08163265306122448,1.2040816326530612,-1.268120729225646,-0.5302015413607305,0.5993091577458773
0.08163265306122448,1.3448979591836734,-1.3123674224214312,-0.48555641094552315,0.5622300025066124
0.08163265306122448,1.4857142857142858,-1.358900025655185,-0.449654531554469,0.5223789621799038
0.08163265306122448,1.626530612244898,-1.4079645564924252,-0.4202443608109987,0.47939056407907893
0.08163265306122448,1.76734693877551,-1.4598476442794013,-0.395769079797278,0.4328237110859482
0.08163265306122448,1.9081632653061225,-1.5148857948328898,-0.3751225358582214,0.382139783431249
0.08163265306122448,2.0489795918367344,-1.5734772666428174,-0.35749998335895017,0.3266720912870026
0.08163265306122448,2.1897959183673468,-1.636097437616227,-0.3423037129803108,0.26558225606383223
0.08163265306122448,2.330612244897959,-1.7033188394473375,-0.32908159942043586,0.1977962265812096
0.08163265306122448,2.4714285714285715,-1.7758373967275465,-0.3174860348815943,0.1219073450590378
0.08163265306122448,2.6122448979591835,-1.854506751182729,-0.30724584346746003,0.03602379415419646
0.08163265306122448,2.753061224489796,-1.9403825698601267,-0.2981466796464612,-0.06248288413613406
0.08163265306122448,2.8938775510204082,-2.0347774438784967,-0.2900170919234079,-0.17741680803112572
0.08163265306122448,3.03469387755102,-2.1393213248509966,-0.28271844872782737,-0.31458194941631074
0.08163265306122448,3.1755102040816325,-2.256002950903195,-0.2761375473039031,-0.48348520851636834
0.08163265306122448,3.316326530612245,-2.3871045455322,-0.2701811130830726,-0.7013559766392035
0.08163265306122448,3.457142857142857,-2.5347399004566205,-0.2647716560396565,-1.0047329927584148
0.08163265306122448,3.5979591836734692,-2.6990729046603046,-0.25984431146548415,-1.496794566500589
0.08163265306122448,3.7387755102040816,-2.872568124586235,-0.25534440406356224,-2.8477110943158106
0.08163265306122448,3.8795918367346935,-3.025726725588134,-0.25122555531828406,-1.9319776771360542
0.08163265306122448,4.020408163265306,-3.0954166494694166,-0.2474481956000719,-1.1725051062751988
0.08163265306122448,4.161224489795918,-3.0359336020530083,-0.24397838036145528,-0.7618894309008284
0.08163265306122448,4.302040816326531,-2.8878323786782474,-0.24078685075543108,-0.47533425238840754
0.08163265306122448,4.442857142857143,-2.7158571212415312,-0.23784827515465468,-0.2529865261293189
0.08163265306122448,4.5836734693877546,-2.5518701937921917,-0.23514063244933284,-0.06992052474627503
0.08163265306122448,4.724489795918367,-2.404407741195431,-0.2326447127962628,0.08666320749798606
0.08163265306122448,4.865306122448979,-2.2735997788310383,-0.2303437041819164,0.22421930678751156
0.08163265306122448,5.006122448979592,-2.1573894931265016,-0.2282228568962504,0.3474756333479258
0.08163265306122448,5.146938775510204,-2.053484393343384,-0.226269197931461,0.45962169527492425
0.08163265306122448,5.2877551020408164,-1.9598709910571193,-0.22447129263792548,0.5629127149452506
0.08163265306122448,5.428571428571429,-1.8748952649139605,-0.2228190590905458,0.6590044558874391
0.08163265306122448,5.56938775510204,-1.7972247843281666,-0.22130358958235885,0.7491493506410638
0.08163265306122448,5.710204081632653,-1.725788468654435,-0.2199170287733585,0.8343198249579971
0.08163265306122448,5.851020408163265,-1.65972097653653,-0.2186524399049183,0.9152866786995063
0.08163265306122448,5.9918367346938775,-1.598317634745176,-0.21750371428548984,0.9926727399631183
0.08163265306122448,6.13265306122449,-1.540999450415332,-0.21646548374682345,1.0669895638205211
0.08163265306122448,6.273469387755102,-1.4872863680638653,-0.21553305727064975,1.1386637761046767
0.08163265306122448,6.414285714285714,-1.4367768457252656,-0.21470234920721143,1.2080557311754843
0.08163265306122448,6.555102040816326,-1.389132227166639,-0.21396984168526428,1.27547387566556
0.08163265306122448,6.6959183673469385,-1.344064665489639,-0.21333252933893382,1.341185091659684
0.08163265306122448,6.836734693877551,-1.3013277509864987,-0.21278789506015455,1.4054230606624654
0.08163265306122448,6.977551020408163,-1.2607091517149545,-0.21233388118195146,1.4683945642463327
0.08163265306122448,7.118367346938776,-1.2220247865258513,-0.21196886101823678,1.5302843312327628
0.08163265306122448,7.259183673469387,-1.1851141837196562,-0.21169162662140706,1.5912592076128063
0.08163265306122448,7.4,-1.1498367439493913,-0.21150137466830574,1.6514712849760147
0.12244897959183673,0.5,-1.0747293716806297,-1.6190692585157298,0.7575554414528769
0.12244897959183673,0.6408163265306123,-1.1102851457617287,-1.3757837083922502,0.7310465578103675
0.12244897959183673,0.7816326530612245,-1.147293365896609,-1.1385760436497938,0.7029106177649079
0.12244897959183673,0.9224489795918367,-1.185883215228201,-0.968126733717521,0.6729973633635288
0.12244897959183673,1.063265306122449,-1.2261991268449304,-0.845076460810346,0.6411292494193478
0.12244897959183673,1.2040816326530612,-1.268404247880435,-0.7531615059028264,0.6070970849264475
0.12244897959183673,1.3448979591836734,-1.31268442959099,-0.6822660868114723,0.570653933276895
0.12244897959183673,1.4857142857142858,-1.359253007021218,-0.6261005649482995,0.5315069025903439
0.12244897959183673,1.626530612244898,-1.4083566708857091,-0.5806128773826056,0.4893061310506673
0.12244897959183673,1.76734693877551,-1.4602828095776863,-0.5430926141401963,0.4436299165402805
0.12244897959183673,1.9081632653061225,-1.515368814081193,-0.5116648718001566,0.39396439188879234
0.12244897959183673,2.0489795918367344,-1.5740140028699876,-0.4849945128846486,0.33967526326191017
0.12244897959183673,2.1897959183673468,-1.6366950499048962,-0.462106720492201,0.27996764442878336
0.12244897959183673,2.330612244897959,-1.703986097706865,-0.44227419066482454,0.21382749610624746
0.12244897959183673,2.4714285714285715,-1.7765850976888533,-0.42494394394064217,0.13993357633234946
0.12244897959183673,2.6122448979591835,-1.8553482601355324,-0.40968849887283804,0.056520105013295685
0.12244897959183673,2.753061224489796,-1.941334504479745,-0.39617248591383936,-0.03884711809859291
0.12244897959183673,2.8938775510204082,-2.0358604709917523,-0.3841293175438601,-0.1496561399539979
0.12244897959183673,3.03469387755102,-2.140560879480036,-0.37334456603369526,-0.28115961615120316
0.12244897959183673,3.1755102040816325,-2.257429170158878,-0.3636439139184184,-0.4418086390262767
0.12244897959183673,3.316326530612245,-2.388749074372988,-0.35488427888255525,-0.6465235367263821
0.12244897959183673,3.457142857142857,-2.5366220861857505,-0.3469471857191146,-0.9256339981593744
0.12244897959183673,3.5979591836734692,-2.70115243110897,-0.3397337496185886,-1.357924934026851
0.12244897959183673,3.7387755102040816,-2.8746056833017604,-0.33316083503114313,-2.3145118835083474
0.12244897959183673,3.8795918367346935,-3.0270161783199567,-0.32715808583899336,-2.2478645189171016
0.12244897959183673,4.020408163265306,-3.0949282344033313,-0.3216655963608909,-1.2947848824795571
0.12244897959183673,4.161224489795918,-3.0336642951208503,-0.3166320777268221,-0.8386096194008753
0.12244897959183673,4.302040816326531,-2.8848329234754724,-0.3120133958534837,-0.5316657738453052
0.12244897959183673,4.442857142857143,-2.712851101346869,-0.3077714115271642,-0.2977563736963444
0.12244897959183673,4.5836734693877546,-2.5490936897858805,-0.30387301649233556,-0.1072457365317896
0.12244897959183673,4.724489795918367,-2.4018921236392217,-0.30028936558072494,0.05452991857377368
0.12244897959183673,4.865306122448979,-2.27131792859954,-0.2969952689935347,0.19591217316842946
0.12244897959183673,5.006122448979592,-2.1553040929184606,-0.2939686387870784,0.3221036430653774
0.12244897959183673,5.146938775510204,-2.0515612892690926,-0.2911900830809964,0.4365714748990951
0.12244897959183673,5.2877551020408164,-1.9580818505981552,-0.2886425363801094,0.5417443034396845
0.12244897959183673,5.428571428571429,-1.8732172441741017,-0.28631096697194447,0.6393913255775195
0.12244897959183673,5.56938775510204,-1.7956395604692843,-0.2841821210291021,0.7308428144765262
0.12244897959183673,5.710204081632653,-1.7242812638551832,-0.2822443159300888,0.8171258299656271
0.12244897959183673,5.851020408163265,-1.658279774444214,-0.2804872592027226,0.8990511267777804
0.12244897959183673,5.9918367346938775,-1.5969325612032677,-0.27890189993431314,0.9772712417704018
0.12244897959183673,6.13265306122449,-1.5396623049734435,-0.27748030095378684,1.052320388350327
0.12244897959183673,6.273469387755102,-1.4859902627462622,-0.2762155316109543,1.1246425906406363
0.12244897959183673,6.414285714285714,-1.4355159390137586,-0.2751015761580977,1.194612033767481
0.12244897959183673,6.555102040816326,-1.3879015097231298,-0.274133257454584,1.2625480879202036
0.12244897959183673,6.6959183673469385,-1.3428598059564183,-0.27330617425330506,1.3287266406720701
0.12244897959183673,6.836734693877551,-1.3001449674725034,-0.27261664742625247,1.3933886962316802
0.12244897959183673,6.977551020408163,-1.259545110244139,-0.27206167547420934,1.4567470295051463
0.12244897959183673,7.118367346938776,-1.2208765251794262,-0.2716389004800817,1.5189915189074283
0.12244897959183673,7.259183673469387,-1.1839790484032482,-0.27134657990614147,1.5802933089841615
0.12244897959183673,7.4,-1.1487123393493397,-0.27118356987074266,1.640808236026169
0.16326530612244897,0.5,-1.0748523729001895,-1.4534124753255893,0.7623484037438584
0.16326530612244897,0.6408163265306123,-1.1104375596524638,-1.7869795100289256,0.7363103073916712
0.16326530612244897,0.7816326530612245,-1.147474613050054,-1.6467708604105549,0.708655247436759
0.16326530612244897,0.9224489795918367,-1.1860934020287197,-1.3827949953570373,0.6792429890928104
0.16326530612244897,1.063265306122449,-1.2264389723721245,-1.1796112052429495,0.6479056387872832
0.16326530612244897,1.2040816326530612,-1.2686750467505723,-1.0316030070283067,0.6144439369285284
0.16326530612244897,1.3448979591836734,-1.3129880462651313,-0.9208558424299861,0.5786217599572164
0.16326530612244897,1.4857142857142858,-1.359591900928518,-0.8353042763119574,0.540158631988084
0.16326530612244897,1.626530612244898,-1.4087339511376014,-0.7673807804491406,0.49871949112528985
0.16326530612244897,1.76734693877551,-1.4607023228067604,-0.712224780445737,0.4539008646550205
0.16326530612244897,1.9081632653061225,-1.5158352705901772,-0.666598766474108,0.4052119754657619
0.16326530612244897,2.0489795918367344,-1.574533149893638,-0.6282702358818394,0.3520485423817277
0.16326530612244897,2.1897959183673468,-1.6372739046767661,-0.5956521503579076,0.2936557061192739
0.16326530612244897,2.330612244897959,-1.7046332576239303,-0.5675863299983154,0.22907428037415015
0.16326530612244897,2.4714285714285715,-1.7773111496386467,-0.5432082342676995,0.15706049623782226
0.16326530612244897,2.6122448979591835,-1.8561663135792184,-0.5218597338529,0.07596189248720814
0.16326530612244897,2.753061224489796,-1.9422608641106334,-0.5030311738952582,-0.016482915256609842
0.16326530612244897,2.8938775510204082,-2.036915420121162,-0.48632188114727176,-0.12348448360761262
0.16326530612244897,3.03469387755102,-2.14176938538139,-0.4714126229203794,-0.2498196764171192
0.16326530612244897,3.1755102040816325,-2.2588208097798823,-0.4580460042037779,-0.40304950509743837
0.16326530612244897,3.316326530612245,-2.3903548569855726,-0.4460122606190739,-0.5962130063190094
0.16326530612244897,3.457142857142857,-2.538460748565638,-0.4351387922766296,-0.8548535286727227
0.16326530612244897,3.5979591836734692,-2.7031834402924377,-0.4252823413950243,-1.2409158697838123
0.16326530612244897,3.7387755102040816,-2.876591303023339,-0.4163230597901498,-1.9929813493467607
0.16326530612244897,3.8795918367346935,-3.028259141890579,-0.4081599744868516,-2.73391238083142
0.16326530612244897,4.020408163265306,-3.094425453734158,-0.40070744680795656,-1.4336796697824798
0.16326530612244897,4.161224489795918,-3.0314323612047005,-0.3938924339475366,-0.9208274252921955
0.16326530612244897,4.302040816326531,-2.88189999547333,-0.38765228191657813,-0.590560499848492
0.16326530612244897,4.442857142857143,-2.7099158027563615,-0.3819329931687757,-0.3439330744248056
0.16326530612244897,4.5836734693877546,-2.546382613832265,-0.37668784441421693,-0.14541802243144142
0.16326530612244897,4.724489795918367,-2.3994349047634183,-0.37187623009153836,0.021857595357072365
0.16326530612244897,4.865306122448979,-2.269088006301912,-0.36746274804439705,0.16724981785680956
0.16326530612244897,5.006122448979592,-2.153265188564769,-0.3634164419182034,0.29649331688604297
0.16326530612244897,5.146938775510204,-2.0496802226484485,-0.35971017696860036,0.4133608369283825
0.16326530612244897,5.2877551020408164,-1.9563310935958107,-0.3563201198977827,0.5204691515701427
0.16326530612244897,5.428571428571429,-1.8715745965256956,-0.3532253057894253,0.6197095306630813
0.16326530612244897,5.56938775510204,-1.7940872046039908,-0.35040727996983295,0.7124951082984192
0.16326530612244897,5.710204081632653,-1.7228048302513126,-0.3478497928406302,0.7999110233588544
0.16326530612244897,5.851020408163265,-1.6568675720804862,-0.34553854206599505,0.8828099947832532
0.16326530612244897,5.9918367346938775,-1.5955749794490333,-0.34346096099729184,0.9618757113033612
0.16326530612244897,6.13265306122449,-1.5383513580220853,-0.34160603383837296,1.037665936652062
0.16326530612244897,6.273469387755102,-1.4847192429926206,-0.33996414130805075,1.1106428690148473
0.16326530612244897,6.414285714285714,-1.434279153554312,-0.33852692984209903,1.1811949416124883
0.16326530612244897,6.555102040816326,-1.3866940783443866,-0.33728720258092665,1.2496529053840524
0.16326530612244897,6.6959183673469385,-1.3416775045003908,-0.33623882630862323,1.316301826988355
0.16326530612244897,6.836734693877551,-1.2989841056335782,-0.33537665337126715,1.381390212984214
0.16326530612244897,6.977551020408163,-1.2584024350909089,-0.3346964547581544,1.445137037595252
0.16326530612244897,7.118367346938776,-1.2197491447859425,-0.3341948699936477,1.5077373980311877
0.16326530612244897,7.259183673469387,-1.182864371653825,-0.33386936503258535,1.5693668957132376
0.16326530612244897,7.4,-1.1476080251998118,-0.33371819615305537,1.6301851303048642
0.2040816326530612,0.5,-1.0749676274491216,-0.9993118013613033,0.7667573799309468
0.2040816326530612,0.6408163265306123,-1.110581118249005,-1.4161421017213711,0.7411925071151437
0.2040816326530612,0.7816326530612245,-1.1476461014446415,-1.828053381770577,0.7140174507361818
0.2040816326530612,0.9224489795918367,-1.1862930550589998,-1.8863916508112035,0.6851020293593022
0.2040816326530612,1.063265306122449,-1.2266675818275394,-1.635491750365079,0.6542879008953026
0.2040816326530612,1.2040816326530612,-1.26893393849208,-1.4006920943292573,0.6213854973486904
0.2040816326530612,1.3448979591836734,-1.313279085099501,-1.2253083882173077,0.586169177877169
0.2040816326530612,1.4857142857142858,-1.359917521008774,-1.0938512970712715,0.5483703466853418
0.2040816326530612,1.626530612244898,-1.409097214138362,-0.9924293557544708,0.5076679643831283
0.2040816326530612,1.76734693877551,-1.4611070072914372,-0.9119831036406045,0.4636757090783139
0.2040816326530612,1.9081632653061225,-1.5162859981263976,-0.8466767866048613,0.4159243819122522
0.2040816326530612,2.0489795918367344,-1.5750355566039236,-0.7926403800697065,0.3638375681710632
0.2040816326530612,2.1897959183673468,-1.6378348713686683,-0.7472191072273315,0.3066973447245797
0.2040816326530612,2.330612244897959,-1.7052612152815427,-0.7085340681186875,0.24359481063034155
0.2040816326530612,2.4714285714285715,-1.77801648243696,-0.6752186425856035,0.17335671284750098
0.2040816326530612,2.6122448979591835,-1.8569618833767283,-0.6462550479140245,0.09443287643153912
0.2040816326530612,2.753061224489796,-1.9431626723615443,-0.6208696300614638,0.004716369226133994
0.2040816326530612,2.8938775510204082,-2.037943378123762,-0.5984637454491936,-0.09875840572182494
0.2040816326530612,3.03469387755102,-2.1429480064381723,-0.5785668928520592,-0.22035490246450634
0.2040816326530612,3.1755102040816325,-2.2601791274480654,-0.5608041653920927,-0.36687711689489694
0.2040816326530612,3.316326530612245,-2.391923266282789,-0.5448731622943639,-0.5498123662717771
0.2040816326530612,3.457142857142857,-2.5402574011644323,-0.5305273002717154,-0.7909424689033955
0.2040816326530612,3.5979591836734692,-2.7051676252556285,-0.5175635340098897,-1.140123503040711
0.2040816326530612,3.7387755102040816,-2.878526898709559,-0.5058132109617947,-1.7636159135645757
0.2040816326530612,3.8795918367346935,-3.029457707013036,-0.4951351138660037,-3.8806960394023164
0.2040816326530612,4.020408163265306,-3.093909819608572,-0.4854101753922004,-1.5950550271431412
0.2040816326530612,4.161224489795918,-3.0292373314449272,-0.47653731897108426,-1.0095678588177348
0.2040816326530612,4.302040816326531,-2.8790315652166267,-0.4684302732788642,-0.6523433405424203
0.2040816326530612,4.442857142857143,-2.7070488347462516,-0.46101498502576316,-0.3916522473262634
0.2040816326530612,4.5836734693877546,-2.543734729877156,-0.4542276045870577,-0.18450401947610792
0.2040816326530612,4.724489795918367,-2.3970340931854395,-0.4480128397419534,-0.011391190116607377
0.2040816326530612,4.865306122448979,-2.266908276324386,-0.44232263131935634,0.1382096849442681
0.2040816326530612,5.006122448979592,-2.151271253031146,-0.4371150678964884,0.27063009956808914
0.2040816326530612,5.146938775510204,-2.0478398376889646,-0.43235350343154977,0.3899797493196826
0.2040816326530612,5.2877551020408164,-1.9546175040423244,-0.4280058185376593,0.4990800115592428
0.2040816326530612,5.428571428571429,-1.8699662202312648,-0.42404381226779697,0.5999536285900652
0.2040816326530612,5.56938775510204,-1.7925667132083853,-0.4204426989095583,0.6941020916203855
0.2040816326530612,5.710204081632653,-1.721358243219797,-0.4171806786458744,0.7826720810094209
0.2040816326530612,5.851020408163265,-1.6554835109036572,-0.4142385812517101,0.8665605667530452
0.2040816326530612,5.9918367346938775,-1.5942440870963608,-0.41159956756462435,0.9464838440839208
0.2040816326530612,6.13265306122449,-1.5370658563501192,-0.40924887296442275,1.023024259017563
0.2040816326530612,6.273469387755102,-1.4834725967586724,-0.4071735921216849,1.0966628979716628
0.2040816326530612,6.414285714285714,-1.433065814280986,-0.4053624965629189,1.1678029692861769
0.2040816326530612,6.555102040816326,-1.3855092878765194,-0.4038058810539399,1.23678696534544
0.2040816326530612,6.6959183673469385,-1.340517142696414,-0.4024954310016863,1.3039093961935813
0.2040816326530612,6.836734693877551,-1.2978445716255147,-0.4014241115054053,1.369426469999361
0.2040816326530612,6.977551020408163,-1.2572805537836524,-0.4005860707754723,1.4335635422531388
0.2040816326530612,7.118367346938776,-1.2186420926025436,-0.3999765645110822,1.4965210362116943
0.2040816326530612,7.259183673469387,-1.1817696170942589,-0.39959188958017383,1.5584790588615836
0.2040816326530612,7.4,-1.146523279990442,-0.3994293243229051,1.619601125322519
0.24489795918367346,0.5,-1.0750757757561442,-0.6816217384110078,0.770822570635512
0.24489795918367346,0.6408163265306123,-1.11071651335495,-1.0019174956047179,0.7457304073188075
0.24489795918367346,0.7816326530612245,-1.1478085517972436,-1.370436656601141,0.7190322975263814
0.24489795918367346,0.9224489795918367,-1.1864829100644676,-1.7795825512937757,0.6906080061317066
0.24489795918367346,1.063265306122449,-1.2268856983025203,-2.036875786053682,0.6603085664610157
0.24489795918367346,1.2040816326530612,-1.2691816704498409,-1.8905586490571455,0.6279538499092476
0.24489795918367346,1.3448979591836734,-1.3135582962933166,-1.6367327553912379,0.5933283074243781
0.24489795918367346,1.4857142857142858,-1.3602306207179315,-1.43169714828934,0.5561746813610985
0.24489795918367346,1.626530612244898,-1.4094472185293554,-1.2766424512936874,0.5161852417524933
0.24489795918367346,1.76734693877551,-1.4614976300027491,-1.1572583473574571,0.47298983484711266
0.24489795918367346,1.9081632653061225,-1.5167217755529878,-1.0628673541425881,0.42613944668530734
0.24489795918367346,2.0489795918367344,-1.5755220181144718,-0.9864408047576437,0.3750835862837303
0.24489795918367346,2.1897959183673468,-1.6383787663228175,-0.923320832886209,0.3191384999605115
0.24489795918367346,2.330612244897959,-1.7058708141089534,-0.8703305101257991,0.25744151828500544
0.24489795918367346,2.4714285714285715,-1.7787019731588736,-0.8252354825014776,0.18888377315505026
0.24489795918367346,2.6122448979591835,-1.8577358880371209,-0.7864196430653463,0.11200775905879662
0.24489795918367346,2.753061224489796,-1.9440408982570017,-0.7526849422731817,0.024845170989511976
0.24489795918367346,2.8938775510204082,-2.0389453755801665,-0.7231240419036032,-0.07535224069540127
0.24489795918367346,3.03469387755102,-2.144097848026586,-0.6970368682350642,-0.19258648340814868
0.24489795918367346,3.1755102040816325,-2.261505319870932,-0.6738744122817354,-0.33301255787417766
0.24489795918367346,3.316326530612245,-2.3934556090638917,-0.6531999415478613,-0.5068238601362777
0.24489795918367346,3.457142857142857,-2.5420134880243443,-0.6346616218513854,-0.7327964072554279
0.24489795918367346,3.5979591836734692,-2.7071065983034956,-0.6179728182693266,-1.0518343152257308
0.24489795918367346,3.7387755102040816,-2.8804142931593426,-0.6028976750864057,-1.586098046693073
0.24489795918367346,3.8795918367346935,-3.0306138527558035,-0.5892403494968989,-3.4285698994430875
0.24489795918367346,4.020408163265306,-3.093382720540448,-0.5768369444864194,-1.7885328789060024
0.24489795918367346,4.161224489795918,-3.0270787053918458,-0.5655492501741762,-1.1061652772722708
0.24489795918367346,4.302040816326531,-2.8762256962924946,-0.5552600073279691,-0.7173999440720392
0.24489795918367346,4.442857142857143,-2.7042479029441484,-0.5458691058576186,-0.44106817869069925
0.24489795918367346,4.5836734693877546,-2.541147880411017,-0.5372906395999087,-0.2245780456410022
0.24489795918367346,4.724489795918367,-2.394687789090647,-0.5294505432301078,-0.04525667085865137
0.24489795918367346,4.865306122448979,-2.2647770770643825,-0.5222846870534311,0.10876786821901357
0.24489795918367346,5.006122448979592,-2.1493208277706755,-0.5157373406610495,0.24449877202848205
0.24489795918367346,5.146938775510204,-2.0460388401052407,-0.5097599226699734,0.36641793510213444
0.24489795918367346,5.2877551020408164,-1.9529399218237804,-0.5043099649851372,0.477569619052546
0.24489795918367346,5.428571428571429,-1.8683910641310142,-0.49935026418777295,0.5801182357946791
0.24489795918367346,5.56938775510204,-1.7910771248988517,-0.4948481816709314,0.6756596252314423
0.24489795918367346,5.710204081632653,-1.7199406165162794,-0.4907750477996551,0.7654057340567779
0.24489795918367346,5.851020408163265,-1.6541267677592038,-0.48710567211811545,0.8503001648026157
0.24489795918367346,5.9918367346938775,-1.5929391143178686,-0.4838179298641211,0.9310933974399035
0.24489795918367346,6.13265306122449,-1.5358050759117015,-0.48089241018849954,1.0083934364299543
0.24489795918367346,6.273469387755102,-1.4822496394260616,-0.4783121194723421,1.0827010115369473
0.24489795918367346,6.414285714285714,-1.4318752706860722,-0.4760622293326728,1.1544346410560278
0.24489795918367346,6.555102040816326,-1.3843465175630656,-0.4741298634725115,1.2239489379419883
0.24489795918367346,6.6959183673469385,-1.3393781259437543,-0.47250391158470156,1.291548145687608
0.24489795918367346,6.836734693877551,-1.2967257940321462,-0.47117487198964864,1.3574963831681397
0.24489795918367346,6.977551020408163,-1.2561789153879328,-0.470134714813886,1.4220255461726616
0.24489795918367346,7.118367346938776,-1.2175548354097117,-0.46937676678203133,1.4853415085268964
0.24489795918367346,7.259183673469387,-1.180694266865308,-0.4688956087336326,1.5476289781845467
0.24489795918367346,7.4,-1.1454575997773273,-0.4686869811995495,1.6090554138398852
0.2857142857142857,0.5,-1.0751773961788682,-0.4555159994779426,0.7745792115097848
0.2857142857142857,0.6408163265306123,-1.1108443721910326,-0.7150163708996542,0.7499568672018806
0.2857142857142857,0.7816326530612245,-1.1479626200660344,-1.0003026403886333,0.7237308978080398
0.2857142857142857,0.9224489795918367,-1.1866636394920462,-1.3242133987562275,0.6957908130182636
0.2857142857142857,1.063265306122449,-1.2270940037498974,-1.6955964577660918,0.6659967836705262
0.2857142857142857,1.2040816326530612,-1.2694189303745755,-2.051484782533946,0.6341778203524172
0.2857142857142857,1.3448979591836734,-1.3138263724806378,-2.112781844997123,0.6001280767813182
0.2857142857142857,1.4857142857142858,-1.3605318984296442,-1.88933036998946,0.5636011252467911
0.2857142857142857,1.626530612244898,-1.409784670310894,-1.6569967985737455,0.5243018616519699
0.2857142857142857,1.76734693877551,-1.4618749065458712,-1.4747757917333408,0.48187533859623566
0.2857142857142857,1.9081632653061225,-1.5171433312636282,-1.3342616701777072,0.4358914590889501
0.2857142857142857,2.0489795918367344,-1.5759932798128158,-1.223643074938521,0.3858239524534902
0.2857142857142857,2.1897959183673468,-1.6389063568248643,-1.1344880518024496,0.3310207473460875
0.2857142857142857,2.330612244897959,-1.7064628483868625,-1.0611372212407966,0.27066174695527795
0.2857142857142857,2.4714285714285715,-1.779368449505849,-0.9997428307701361,0.20369706318073022
0.2857142857142857,2.6122448979591835,-1.858489196045166,-0.9476176420557217,0.12875343590270594
0.2857142857142857,2.753061224489796,-1.9448964598251401,-0.9028322303765577,0.04398747708441372
0.2857142857142857,2.8938775510204082,-2.039922390589149,-0.8639657889143787,-0.053155308082080265
0.2857142857142857,3.03469387755102,-2.1452199612486567,-0.8299484292525742,-0.1663590905703753
0.2857142857142857,3.1755102040816325,-2.2628005254894212,-0.7999586350756245,-0.30121845399118913
0.2857142857142857,3.316326530612245,-2.3949531315995554,-0.7733547357102497,-0.46683723310098324
0.2857142857142857,3.457142857142857,-2.5437303866353678,-0.749627969169808,-0.6795545006716255
0.2857142857142857,3.5979591836734692,-2.709001899215226,-0.7283696229217104,-0.9734736950782736
0.2857142857142857,3.7387755102040816,-2.882255223288857,-0.7092474640911155,-1.4418530020113767
0.2857142857142857,3.8795918367346935,-3.031729451916747,-0.6919886229951261,-2.6124835050090143
0.2857142857142857,4.020408163265306,-3.0928454367091995,-0.6763669143415967,-2.031588334255238
0.2857142857142857,4.161224489795918,-3.024955951810865,-0.6621932708701699,-1.2124014047581317
0.2857142857142857,4.302040816326531,-2.873480505151449,-0.6493084574528969,-0.7861959816989313
0.2857142857142857,4.442857142857143,-2.701510811996851,-0.6375774880025677,-0.4923572636540196
0.2857142857142857,4.5836734693877546,-2.5386200111735833,-0.6268852300958563,-0.2657221347628534
0.2857142857142857,4.724489795918367,-2.392394177165674,-0.6171329628968122,-0.07978242057080086
0.2857142857142857,4.865306122448979,-2.2626928209981334,-0.6082356267213049,0.0788989198318254
0.2857142857142857,5.006122448979592,-2.1474125170198315,-0.6001196232754668,0.21808333604156538
0.2857142857142857,5.146938775510204,-2.044275990461973,-0.5927210372307918,0.3426647175546064
0.2857142857142857,5.2877551020408164,-1.9512972344264021,-0.5859841798748074,0.45593048384074913
0.2857142857142857,5.428571428571429,-1.8668481197527182,-0.5798604018341305,0.5601978552841274
0.2857142857142857,5.56938775510204,-1.7896175169194353,-0.5743071149726674,0.6571635193352048
0.2857142857142857,5.710204081632653,-1.7185510986328243,-0.5692869705191226,0.7481086782903529
0.2857142857142857,5.851020408163265,-1.6527965512672171,-0.5647671833153398,0.8340261025802566
0.2857142857142857,5.9918367346938775,-1.5916593207385263,-0.5607189601353862,0.9157021322899395
0.2857142857142857,6.13265306122449,-1.534568319984106,-0.5571170190144519,0.9937715620505013
0.2857142857142857,6.273469387755102,-1.4810497118784751,-0.5539391819625763,1.068755554859179
0.2857142857142857,6.414285714285714,-1.4307068962296543,-0.5511660267020914,1.141088495143241
0.2857142857142857,6.555102040816326,-1.3832051689319542,-0.5487805912924982,1.2111375160816718
0.2857142857142857,6.6959183673469385,-1.3382598805611967,-0.5467681173167105,1.2792168920218252
0.2857142857142857,6.836734693877551,-1.2956272209784347,-0.5451158228910691,1.3455988720461252
0.2857142857142857,6.977551020408163,-1.2550969872487086,-0.5438127112964168,1.4105220569454093
0.2857142857142857,7.118367346938776,-1.2164868576732188,-0.542849396079116,1.4741978974139136
0.2857142857142857,7.259183673469387,-1.1796378212567626,-0.5422179437914219,1.5368157934758382
0.2857142857142857,7.4,-1.1444104986161787,-0.5419117248942033,1.5985472189250058
0.32653061224489793,0.5,-1.0752730117068237,-0.28446953606350034,0.7780582687043724
0.32653061224489793,0.6408163265306123,-1.1109652641983947,-0.5059718832232654,0.7539009508192284
0.32653061224489793,0.7816326530612245,-1.1481089041511714,-0.7403752086558912,0.7281409259513436
0.32653061224489793,0.9224489795918367,-1.186835858685666,-0.9949184932688011,0.700677175684117
0.32653061224489793,1.063265306122449,-1.227293124565152,-1.2796332397724297,0.6713787234528813
0.32653061224489793,1.2040816326530612,-1.2696463525664716,-1.6058376252755056,0.640083395454989
0.32653061224489793,1.3448979591836734,-1.314083954699898,-1.9655243121744534,0.6065946493210953
0.32653061224489793,1.4857142857142858,-1.3608220022516702,-2.2219863267881026,0.570676389444012
0.32653061224489793,1.626530612244898,-1.41011022598414,-2.1417365585833097,0.5320454826351544
0.32653061224489793,1.76734693877551,-1.4622395047894614,-1.9062339331973737,0.4903613465189347
0.32653061224489793,1.9081632653061225,-1.517551348041698,-1.6951001375975527,0.4452116714235391
0.32653061224489793,2.0489795918367344,-1.5764500423228294,-1.529236352703394,0.3960927176552474
0.32653061224489793,2.1897959183673468,-1.6394183647024363,-1.398974459578392,0.34238182916370785
0.32653061224489793,2.330612244897959,-1.7070380666339495,-1.2946045230824144,0.28329834025882955
0.32653061224489793,2.4714285714285715,-1.7800166935007544,-1.2092245971478008,0.21784657720547276
0.32653061224489793,2.6122448979591835,-1.8592226296007455,-1.138105696730682,0.144730027548185
0.32653061224489793,2.753061224489796,-1.945730227929359,-1.0779614955022936,0.06221830429447663
0.32653061224489793,2.8938775510204082,-2.0408753524830843,-1.0264516551075058,-0.032069619930721334
0.32653061224489793,3.03469387755102,-2.146315345095137,-0.9818672276621707,-0.14153700050519416
0.32653061224489793,3.1755102040816325,-2.2640658291252214,-0.9429312484433825,-0.2712912122551877
0.32653061224489793,3.316326530612245,-2.3964170222835084,-0.9086698193211463,-0.4295104387156966
0.32653061224489793,3.457142857142857,-2.545409410150599,-0.8783267113380296,-0.6305331561358081
0.32653061224489793,3.5979591836734692,-2.7108549972155713,-0.8513053335772364,-0.9031836898633712
0.32653061224489793,3.7387755102040816,-2.884051345406445,-0.8271284345367026,-1.3207728143572213
0.32653061224489793,3.8795918367346935,-3.032806278778456,-0.8054095583391755,-2.206511559056813
0.32653061224489793,4.020408163265306,-3.092299157948623,-0.7858322297668617,-2.3614218889175898
0.32653061224489793,4.161224489795918,-3.022868521499302,-0.7681348819884445,-1.3307303685596044
0.32653061224489793,4.302040816326531,-2.8707941765963505,-0.7520993586143666,-0.8592994574711885
0.32653061224489793,4.442857142857143,-2.6988354604719738,-0.7375423046470171,-0.5457226415616432
0.32653061224489793,4.5836734693877546,-2.5361491573319648,-0.7243085661839551,-0.30802757171217593
0.32653061224489793,4.724489795918367,-2.390151521572363,-0.7122660193105705,-0.11501580105381502
0.32653061224489793,4.865306122448979,-2.260653988957195,-0.7013015248259951,0.048575647951781625
0.32653061224489793,5.006122448979592,-2.145544983733668,-0.6913177208652348,0.1913669200648431
0.32653061224489793,5.146938775510204,-2.042550100456066,-0.6822304570161896,0.3187089590647482
0.32653061224489793,5.2877551020408164,-1.9496883747633635,-0.6739667155645462,0.434154861181259
0.32653061224489793,5.428571428571429,-1.8653364188068329,-0.6664629284005346,0.5401868521112387
0.32653061224489793,5.56938775510204,-1.7881870026893794,-0.6596636006046197,0.6386095102942975
0.32653061224489793,5.710204081632653,-1.7171888710757488,-0.6535201630411018,0.7307775718351526
0.32653061224489793,5.851020408163265,-1.6514920997896785,-0.6479900326481538,0.8177356765234723
0.32653061224489793,5.9918367346938775,-1.5904039933451068,-0.6430358217131643,0.9003078034809192
0.32653061224489793,6.13265306122449,-1.5333549171758007,-0.638624670018678,0.9791567295359204
0.32653061224489793,6.273469387755102,-1.4798721785892326,-0.6347276869375821,1.0548248767925137
0.32653061224489793,6.414285714285714,-1.4295600864513556,-0.6313194672000325,1.1277630769859919
0.32653061224489793,6.555102040816326,-1.3820846651110354,-0.6283776817807676,1.1983514061173832
0.32653061224489793,6.6959183673469385,-1.3371618535263514,-0.6258827168860229,1.2669144709048388
0.32653061224489793,6.836734693877551,-1.2945483204856476,-0.6238173530736237,1.3337328812536882
0.32653061224489793,6.977551020408163,-1.2540342559200857,-0.6221664906289462,1.3990521102890432
0.32653061224489793,7.118367346938776,-1.215437662226389,-0.6209168877727556,1.4630893121073734
0.32653061224489793,7.259183673469387,-1.1785997974025675,-0.6200569215567182,1.5260386789312956
0.32653061224489793,7.4,-1.1433815064380515,-0.6195763526517863,1.5880757716604041
0.36734693877551017,0.5,-1.0753630958611884,-0.14907330594394613,0.7812870247595283
0.36734693877551017,0.6408163265306123,-1.11107970705706,-0.34483283550456745,0.7575884319174951
0.36734693877551017,0.7816326530612245,-1.1482479498024567,-0.5466283451816153,0.732287064374259
0.36734693877551017,0.9224489795918367,-1.1870001314999108,-0.7585592810943654,0.7052910488312376
0.36734693877551017,1.063265306122449,-1.2274836369297553,-0.986169598535527,0.6764779432586434
0.36734693877551017,1.2040816326530612,-1.2698645224979275,-1.2370187165897046,0.6456940476065358
0.36734693877551017,1.3448979591836734,-1.314331636724106,-1.5208287473758189,0.6127517282415086
0.36734693877551017,1.4857142857142858,-1.3611015346034476,-1.8445278884245226,0.5774247374330701
0.36734693877551017,1.626530612244898,-1.4104244979628382,-2.174340559326285,0.5394412979621581
0.36734693877551017,1.76734693877551,-1.4625920490049076,-2.3227790805263706,0.4984743929881179
0.36734693877551017,1.9081632653061225,-1.5179464643367442,-2.1724021107377527,0.45412841590408604
0.36734693877551017,2.0489795918367344,-1.5768929625300703,-1.9446084338042058,0.4059207554363272
0.36734693877551017,2.1897959183673468,-1.639915470715799,-1.749747479164957,0.353256163341565
0.36734693877551017,2.330612244897959,-1.7075971779301728,-1.5951518073994044,0.29539042317298236
0.36734693877551017,2.4714285714285715,-1.7806474451407053,-1.4718663871760531,0.23137766186659336
0.36734693877551017,2.6122448979591835,-1.8599369662736704,-1.371726258090416,0.15999165389744327
0.36734693877551017,2.753061224489796,-1.9465430283032206,-1.28886754871126,0.07960486359535174
0.36734693877551017,2.8938775510204082,-2.0418051436505764,-1.2191943130302707,-0.012008140098146472
0.36734693877551017,3.03469387755102,-2.1473849512417162,-1.1598074060679018,-0.11800096786128796
0.36734693877551017,3.1755102040816325,-2.26530226505192,-1.1086092915375612,-0.24305490664980697
0.36734693877551017,3.316326530612245,-2.3978484145366874,-1.0640473944206095,-0.39455565594674163
0.36734693877551017,3.457142857142857,-2.5470518146376704,-1.0249479530723304,-0.5851800618425257
0.36734693877551017,3.5979591836734692,-2.712667296344084,-0.990406630452656,-0.8395798783858417
0.36734693877551017,3.7387755102040816,-2.885804237174342,-0.9597148487829863,-1.2167456137707322
0.36734693877551017,3.8795918367346935,-3.0338460143669645,-0.9323092237618481,-1.9360806805481345
0.36734693877551017,4.020408163265306,-3.091744974731114,-0.9077357976676382,-2.883967814518994
0.36734693877551017,4.161224489795918,-3.020815856895573,-0.885624643904628,-1.46466727544982
0.36734693877551017,4.302040816326531,-2.8681649599577055,-0.8656711129230077,-0.9374137044437975
0.36734693877551017,4.442857142857143,-2.696219835352446,-0.8476219969597232,-0.6013999890680185
0.36734693877551017,4.5836734693877546,-2.5337334387681154,-0.8312651541219843,-0.3515963931193878
0.36734693877551017,4.724489795918367,-2.387958160411693,-0.816421523405795,-0.15100848051532745
0.36734693877551017,4.865306122448979,-2.258659125407273,-0.8029389675086002,0.017768904450280655
0.36734693877551017,5.006122448979592,-2.143716945987052,-0.7906874660273945,0.164331689947754
0.36734693877551017,5.146938775510204,-2.0408600300685693,-0.7795553214425491,0.294539019403984
0.36734693877551017,5.2877551020408164,-1.9481123179291062,-0.7694461162199872,0.41223472997769695
0.36734693877551017,5.428571428571429,-1.863855030682008,-0.7602762803269871,0.520079433741898
0.36734693877551017,5.56938775510204,-1.7867847294908212,-0.7519731155724713,0.6199932436403558
0.36734693877551017,5.710204081632653,-1.715853146142769,-0.7444731650525204,0.7134090237068699
0.36734693877551017,5.851020408163265,-1.6502126808190067,-0.7377208865024916,0.8014261673498893
0.36734693877551017,5.9918367346938775,-1.5891724461108983,-0.7316675399938537,0.8849081672709519
0.36734693877551017,6.13265306122449,-1.5321642212391877,-0.7262702534964507,0.9645470432805128
0.36734693877551017,6.273469387755102,-1.4787164275795581,-0.721491244976017,1.0409073427288502
0.36734693877551017,6.414285714285714,-1.4284342591330745,-0.7172971440629216,1.114456954025446
0.36734693877551017,6.555102040816326,-1.3809844495904013,-0.7136584185370877,1.1855893309025547
0.36734693877551017,6.6959183673469385,-1.3360835109871754,-0.7105488642370025,1.2546397316293647
0.36734693877551017,6.836734693877551,-1.293488578595333,-0.707945147316454,1.3218973634977869
0.36734693877551017,6.977551020408163,-1.252990225014375,-0.7058264066234852,1.3876147457274353
0.36734693877551017,7.118367346938776,-1.2144067682864323,-0.7041738636616247,1.452014868038677
0.36734693877551017,7.259183673469387,-1.177579728374882,-0.7029704599756823,1.5152968166568406
0.36734693877551017,7.4,-1.1423701687819974,-0.7022004903215174,1.5776403155969816
0.4081632653061224,0.5,-1.0754480779245223,-0.03835122146653309,0.7842895749775591
0.4081632653061224,0.6408163265306123,-1.111188172014228,-0.21544870095982774,0.7610422229841342
0.4081632653061224,0.7816326530612245,-1.1483802558267797,-0.39468352093978376,0.7361913811520944
0.4081632653061224,0.9224489795918367,-1.1871569753284283,-0.5786114144626561,0.7096539560230345
0.4081632653061224,1.063265306122449,-1.227666071495631,-0.7704753897461218,0.6813156989362374
0.4081632653061224,1.2040816326530612,-1.2700739813606141,-0.9744729040924608,0.6510310323344122
0.4081632653061224,1.3448979591836734,-1.314569969240652,-1.1961856599908385,0.6186208386073341
0.4081632653061224,1.4857142857142858,-1.361371055938074,-1.4430246883493274,0.5838682526211257
0.4081632653061224,1.626530612244898,-1.410728057652776,-1.7235234674016597,0.5465122721711824
0.4081632653061224,1.76734693877551,-1.4629331235015992,-2.0381685003720302,0.5062387010535618
0.4081632653061224,1.9081632653061225,-1.5183292800389403,-2.3277842825071793,0.46266765248909986
0.4081632653061224,2.0489795918367344,-1.5773226586575153,-2.3963353778872163,0.41533631005404276
0.4081632653061224,2.1897959183673468,-1.6403983144224583,-2.2210103742233898,0.36367499072859105
0.4081632653061224,2.330612244897959,-1.7081408479421671,-2.0042326788861424,0.3069733222656874
0.4081632653061224,2.4714285714285715,-1.7812614049579905,-1.8206553012279345,0.2443314893417722
0.4081632653061224,2.6122448979591835,-1.8606329496504241,-1.6733139583249037,0.17458778442056527
0.4081632653061224,2.753061224489796,-1.9473356464612934,-1.5543549732830284,0.09620770029065408
0.4081632653061224,2.8938775510204082,-2.0427126035201812,-1.4567159278501076,0.007106822682392215
0.4081632653061224,3.03469387755102,-2.1484296852735065,-1.3752333718263638,-0.09564574293292102
0.4081632653061224,3.1755102040816325,-2.2665108190335412,-1.3062346186583558,-0.2163566354726862
0.4081632653061224,3.316326530612245,-2.3992483914126543,-1.2470801988687175,-0.36172802506972485
0.4081632653061224,3.457142857142857,-2.548658799708986,-1.1958358120061425,-0.5430430249386939
0.4081632653061224,3.5979591836734692,-2.714440137895554,-1.1510542364851424,-0.7816024635920845
0.4081632653061224,3.7387755102040816,-2.887515405963034,-1.1116312554748555,-1.125789567346685
0.4081632653061224,3.8795918367346935,-3.0348502523986096,-1.0767093825577494,-1.7341052210257957
0.4081632653061224,4.020408163265306,-3.091183896383098,-1.0456120462221665,-4.315854446942659
0.4081632653061224,4.161224489795918,-3.0187973829713295,-1.0177979487943716,-1.6195061334768444
0.4081632653061224,4.302040816326531,-2.865591165950528,-0.9928285820962961,-1.0214243417396611
0.4081632653061224,4.442857142857143,-2.6936620070629167,-0.9703447251785087,-0.6596649985441211
0.4081632653061224,4.5836734693877546,-2.5313710563929943,-0.9500492439995096,-0.3965431791479296
0.4081632653061224,4.724489795918367,-2.385812503335612,-0.9316941782816772,-0.18781696964408232
0.4081632653061224,4.865306122448979,-2.2567068363449305,-0.915070962972324,-0.01355260482735765
0.4081632653061224,5.006122448979592,-2.1419271753375355,-0.9000029280774251,0.1369587758005254
0.4081632653061224,5.146938775510204,-2.03920468563658,-0.8863394728350015,0.2701427204592764
0.4081632653061224,5.2877551020408164,-1.946568080194443,-0.8739514711096168,0.39016178089285913
0.4081632653061224,5.428571428571429,-1.8624030617144045,-0.8627276383467236,0.49986965778371883
0.4081632653061224,5.56938775510204,-1.7854098779906284,-0.8525716156987828,0.6013102877808733
0.4081632653061224,5.710204081632653,-1.7145431665273192,-0.8433995942158974,0.6959996066759954
0.4081632653061224,5.851020408163265,-1.648957589085988,-0.8351383937518705,0.7850948350912937
0.4081632653061224,5.9918367346938775,-1.5879640180792571,-0.8277238661401376,0.8695009707749867
0.4081632653061224,6.13265306122449,-1.530995609169041,-0.8210995612668892,0.9499406055942358
0.4081632653061224,6.273469387755102,-1.4775818685490254,-0.8152156201731047,1.0270013199642933
0.4081632653061224,6.414285714285714,-1.4273288523027663,-0.8100278115121138,1.101168695945323
0.4081632653061224,6.555102040816326,-1.3799039851518744,-0.8054967149072929,1.1728500199350016
0.4081632653061224,6.6959183673469385,-1.3350243374113648,-0.8015869904577722,1.2423915319981567
0.4081632653061224,6.836734693877551,-1.2924474989235262,-0.7982667208037721,1.310091282403007
0.4081632653061224,6.977551020408163,-1.2519644150007545,-0.7955068272916483,1.3762090157666076
0.4081632653061224,7.118367346938776,-1.2133937112550977,-0.793280492190197,1.4409736943602756
0.4081632653061224,7.259183673469387,-1.1765771628515425,-0.7915626090442557,1.5045894075220627
0.4081632653061224,7.4,-1.141376046048151,-0.7903292167145384,1.5672401067391
0.44897959183673464,0.5,-1.075528347557413,0.05440169615387196,0.7870872491700114
0.44897959183673464,0.6408163265306123,-1.111291088605682,-0.10844706462040364,0.7642827412792631
0.44897959183673464,0.7816326530612245,-1.1485062787295157,-0.2710805974777171,0.7398736538184333
0.44897959183673464,0.9224489795918367,-1.1873068655297496,-0.43524875329754426,0.713785281608689
0.44897959183673464,1.063265306122449,-1.2278409176829794,-0.6030432928299075,0.6859112134094574
0.44897959183673464,1.2040816326530612,-1.2702752300008655,-0.7769908767819282,0.6561136387648663
0.44897959183673464,1.3448979591836734,-1.3147994636137215,-0.9602419997550394,0.6242215706993804
0.44897959183673464,1.4857142857142858,-1.361631088287065,-1.1568633715145635,0.5900270777172646
0.44897959183673464,1.626530612244898,-1.4110214388484623,-1.3722184788524296,0.5532793855554342
0.44897959183673464,1.76734693877551,-1.4632632755698605,-1.6131808805987724,0.5136764244574226
0.44897959183673464,1.9081632653061225,-1.5187003583163634,-1.8865376497822415,0.47085311917991746
0.44897959183673464,2.0489795918367344,-1.5777397127894575,-2.1866298756405027,0.42436523013312316
0.44897959183673464,2.1897959183673468,-1.6408675004548545,-2.4399954583583594,0.37366696199796606
0.44897959183673464,2.330612244897959,-1.708669708040615,-2.468375114856316,0.3180794383421678
0.44897959183673464,2.4714285714285715,-1.7818592344881345,-2.2917080912808476,0.2567454194431769
0.44897959183673464,2.6122448979591835,-1.861311275087809,-2.0849853246101158,0.1885624816560044
0.44897959183673464,2.753061224489796,-1.9481088281290913,-1.9085098947317722,0.11208142986956666
0.44897959183673464,2.8938775510204082,-2.0435985350186683,-1.7651401311296167,0.025345237370258816
0.44897959183673464,3.03469387755102,-2.1494504128445127,-1.6482212330148363,-0.07437762371714805
0.44897959183673464,3.1755102040816325,-2.2676924322794965,-1.5514986690141654,-0.19106241450638206
0.44897959183673464,3.316326530612245,-2.400617985361801,-1.4702770837783627,-0.3308178115176003
0.44897959183673464,3.457142857142857,-2.5502315118276893,-1.4011548112650694,-0.5037470037645845
0.44897959183673464,3.5979591836734692,-2.716174804793201,-1.3416539610799747,-0.7284228990482206
0.44897959183673464,3.7387755102040816,-2.889186290955806,-1.289939319501875,-1.045167792325837
0.44897959183673464,3.8795918367346935,-3.0358205052126808,-1.2446262140158977,-1.5735270187595283
0.44897959183673464,4.020408163265306,-3.0906168518121317,-1.2046505829755858,-3.3298468220860604
0.44897959183673464,4.161224489795918,-3.0168125154759142,-1.1691811730327704,-1.803769563282924
0.44897959183673464,4.302040816326531,-2.863071164863422,-1.1375586730040304,-1.1124684902780626
0.44897959183673464,4.442857142857143,-2.691160126158407,-1.1092530751745868,-0.7208430532972722
0.44897959183673464,4.5836734693877546,-2.5290602871541035,-1.083833235939801,-0.44299728509998987
0.44897959183673464,4.724489795918367,-2.383713026720266,-1.060944640773938,-0.22550330336230806
0.44897959183673464,4.865306122448979,-2.2547957857502476,-1.0402929798016325,-0.04542255402558404
0.44897959183673464,5.006122448979592,-2.1401744929931747,-1.0216318048977495,0.10922815526479975
0.44897959183673464,5.146938775510204,-2.0375830172443794,-1.004753151018476,0.24550729852110864
0.44897959183673464,5.2877551020408164,-1.9450547164613183,-0.9894802624186276,0.3679273924245607
0.44897959183673464,5.428571428571429,-1.8609796526171325,-0.9756619429714618,0.47955140563026066
0.44897959183673464,5.56938775510204,-1.7840616598463366,-0.9631680856091744,0.582556111808772
0.44897959183673464,5.710204081632653,-1.7132582030719892,-0.9518860822095342,0.6785458365338877
0.44897959183673464,5.851020408163265,-1.647726145322025,-0.9417179492381756,0.7687389116545722
0.44897959183673464,5.9918367346938775,-1.5867780723381684,-0.9325779662688237,0.8540839499114973
0.44897959183673464,6.13265306122449,-1.5298484803697336,-0.9243907209186504,0.9353355187910086
0.44897959183673464,6.273469387755102,-1.4764679322119398,-0.9170894892698247,1.0131051832817943
0.44897959183673464,6.414285714285714,-1.4262433239227157,-0.9106148408753924,1.087896886403646
0.44897959183673464,6.555102040816326,-1.3788427534449224,-0.9049134490756746,1.1601322194604944
0.44897959183673464,6.6959183673469385,-1.3339838352041815,-0.8999370322629724,1.230168748478772
0.44897959183673464,6.836734693877551,-1.2914246020470843,-0.895641393015622,1.2983136199957361
0.44897959183673464,6.977551020408163,-1.250956362551253,-0.8919855551060194,1.3648339907065345
0.44897959183673464,7.118367346938776,-1.2123980420822653,-0.8889309067788681,1.4299649369236347
0.44897959183673464,7.259183673469387,-1.1755916643946716,-0.8864403709916725,1.4939156533919178
0.44897959183673464,7.4,-1.1403987131241475,-0.8844775489697425,1.5568744203163811
0.4897959183673469,0.5,-1.0756042588997348,0.13355025052915395,0.7896989713093491
0.4897959183673469,0.6408163265306123,-1.111388848855592,-0.01797739605036312,0.7673282222134843
0.4897959183673469,0.7816326530612245,-1.1486264368456762,-0.16780368139672017,0.7433516475330455
0.4897959183673469,0.9224489795918367,-1.1874502394266782,-0.3172260680101592,0.717702522485173
0.4897959183673469,1.063265306122449,-1.2280086273723978,-0.46772031037965367,0.6902819094538711
0.4897959183673469,1.2040816326530612,-1.2704687325377724,-0.6209604652638508,0.6609594099638341
0.4897959183673469,1.3448979591836734,-1.315020595236104,-0.7788938319325382,0.6295717906166044
0.4897959183673469,1.4857142857142858,-1.3618821184724028,-0.943866958601673,0.5959196239755493
0.4897959183673469,1.626530612244898,-1.4113051407363861,-1.1188125129910662,0.5597618463610571
0.4897959183673469,1.76734693877551,-1.4635830183941085,-1.3075066917535612,0.5208078672529695
0.4897959183673469,1.9081632653061225,-1.5190602285463135,-1.514855824516332,0.4787065823282139
0.4897959183673469,2.0489795918367344,-1.578144673225071,-1.746876691825181,0.43303121202311834
0.4897959183673469,2.1897959183673468,-1.6413235994950957,-2.0085523727412653,0.3832583213021956
0.4897959183673469,2.330612244897959,-1.7091843551744617,-2.2908591326446746,0.3287383784405029
0.4897959183673469,2.4714285714285715,-1.782441562149513,-2.5214847664194426,0.2686536342348683
0.4897959183673469,2.6122448979591835,-1.8619726092001074,-2.5464155373097683,0.2019563449675838
0.4897959183673469,2.753061224489796,-1.9488632810158046,-2.384089959069413,0.127275358812533
0.4897959183673469,2.8938775510204082,-2.044463695914768,-2.187004201369013,0.04276947981441227
0.4897959183673469,3.03469387755102,-2.150447958062806,-2.014589358152471,-0.05411338344976589
0.4897959183673469,3.1755102040816325,-2.268848005727504,-1.8724906062016535,-0.16705438287912844
0.4897959183673469,3.316326530612245,-2.4019581915203516,-1.7555561641127087,-0.3016435970337082
0.4897959183673469,3.457142857142857,-2.5517710485339364,-1.6582226275538008,-0.46697771987648223
0.4897959183673469,3.5979591836734692,-2.7178725190557733,-1.5761216097913047,-0.6793812313552618
0.4897959183673469,3.7387755102040816,-2.8908182627648404,-1.5060145803679197,-0.9729179503944643
0.4897959183673469,3.8795918367346935,-3.0367582061988254,-1.4455090871088632,-1.4406975346431956
0.4897959183673469,4.020408163265306,-3.090044702728198,-1.3928157678988637,-2.6086247020907143
0.4897959183673469,4.161224489795918,-3.0148606668981617,-1.3465748338342522,-2.032521318212271
0.4897959183673469,4.302040816326531,-2.8606033842158154,-1.3057355767263779,-1.2120403957384709
0.4897959183673469,4.442857142857143,-2.6887124188308857,-1.2694732233578747,-0.7853220846089394
0.4897959183673469,4.5836734693877546,-2.526799480333601,-1.2371310961944528,-0.49110554412534246
0.4897959183673469,4.724489795918367,-2.381658270769424,-1.2081794671579549,-0.26413581161496363
0.4897959183673469,4.865306122448979,-2.2529246921607022,-1.1821859900663687,-0.07787729785874933
0.4897959183673469,5.006122448979592,-2.138457768091165,-1.1587940497424662,0.08111856391073496
0.4897959183673469,5.146938775510204,-2.035994016670585,-1.1377066701114225,0.22061935496389945
0.4897959183673469,5.2877551020408164,-1.9435713185181254,-1.1186743498126297,0.34552260510504823
0.4897959183673469,5.428571428571429,-1.8595839771047369,-1.1014857754300444,0.4591183753938527
0.4897959183673469,5.56938775510204,-1.7827393165259686,-1.08596062649683,0.563726084996286
0.4897959183673469,5.710204081632653,-1.7119975538029633,-1.0719438929597178,0.6610441770330607
0.4897959183673469,5.851020408163265,-1.6465176952106537,-1.0593013878836084,0.7523556035762452
0.4897959183673469,5.9918367346938775,-1.5856139951510297,-1.0479161162257553,0.8386548330097165
0.4897959183673469,6.13265306122449,-1.5287222557606424,-1.037685304579321,0.9207298852778407
0.4897959183673469,6.273469387755102,-1.4753740693905784,-1.0285179561195459,0.9992173124856983
0.4897959183673469,6.414285714285714,-1.425177150708286,-1.0203327719551558,1.0746401152341545
0.4897959183673469,6.555102040816326,-1.3778002538129754,-1.0130563769702496,1.1474346831695161
0.4897959183673469,6.6959183673469385,-1.3329615235396657,-1.0066217541930265,1.2179702653605107
0.4897959183673469,6.836734693877551,-1.2904194245981164,-1.0009668234169604,1.2865633667551324
0.4897959183673469,6.977551020408163,-1.2499656196811844,-0.9960331566351237,1.3534887493745453
0.4897959183673469,7.118367346938776,-1.2114193262836483,-0.9917647085715435,1.4189877486273665
0.4897959183673469,7.259183673469387,-1.1746228106057959,-0.9881065823447135,1.4832747772961865
0.4897959183673469,7.4,-1.1394377582920987,-0.9850037536688874,1.546542522592517
0.5306122448979591,0.5,-1.0756761342020267,0.20208278133373175,0.7921415674273369
0.5306122448979591,0.6408163265306123,-1.1114818110038585,0.059834596459908095,0.7701949884864205
0.5306122448979591,0.7816326530612245,-1.1487411140256352,-0.0797430829942641,0.7466413548985895
0.5306122448979591,0.9224489795918367,-1.1875874998446134,-0.21767638273183365,0.7214215059109068
0.5306122448979591,1.063265306122449,-1.2281696183596142,-0.3550872830852418,0.6944436112855643
0.5306122448979591,1.2040816326530612,-1.2706549195226409,-0.49318334960904603,0.6655843330685238
0.5306122448979591,1.3448979591836734,-1.3152338065689917,-0.633285083954523,0.6346878248796071
0.5306122448979591,1.4857142857142858,-1.3621246009364292,-0.7768797233025012,0.6015627520287171
0.5306122448979591,1.626530612244898,-1.411579630622684,-0.9257017841649299,0.5659772738800227
0.5306122448979591,1.76734693877551,-1.463892833629418,-1.0818467403352616,0.5276516733211204
0.5306122448979591,1.9081632653061225,-1.519409388777725,-1.2479267580941675,0.48624803972537445
0.5306122448979591,2.0489795918367344,-1.5785380570418286,-1.4272677245605072,0.44135602563565834
0.5306122448979591,2.1897959183673468,-1.6417671507828184,-1.6240859084161086,0.3924731595120042
0.5306122448979591,2.330612244897959,-1.7096853545836217,-1.8432966280712493,0.3389773048460987
0.5306122448979591,2.4714285714285715,-1.7830089835578333,-2.0883422032907166,0.2800873992896951
0.5306122448979591,2.6122448979591835,-1.8626175836295586,-2.3502788820081464,0.2148062597954418
0.5306122448979591,2.753061224489796,-1.9495996801909243,-2.5706535235760883,0.14183438321276262
0.5306122448979591,2.8938775510204082,-2.0453088121937695,-2.6220905335026647,0.05943610972809085
0.5306122448979591,3.03469387755102,-2.1514231045889654,-2.4923641380704504,-0.0347786632397304
0.5306122448979591,3.1755102040816325,-2.2699783964313807,-2.3089065028295903,-0.14422855828757147
0.5306122448979591,3.316326530612245,-2.403269949353275,-2.139691371283001,-0.27404842312665684
0.5306122448979591,3.457142857142857,-2.5532784619422717,-1.997060445765747,-0.43246898978760107
0.5306122448979591,3.5979591836734692,-2.719534470192716,-1.8783899987597044,-0.6339420465575809
0.5306122448979591,3.7387755102040816,-2.8924126417520264,-1.7790080083174844,-0.9075843558051262
0.5306122448979591,3.8795918367346935,-3.037664717882856,-1.6948677985367737,-1.3277624979414053
0.5306122448979591,4.020408163265306,-3.0894682399653597,-1.6228463075991602,-2.2265219513431487
0.5306122448979591,4.161224489795918,-3.0129412458126086,-1.5605876036438355,-2.3364522413749467
0.5306122448979591,4.302040816326531,-2.8581863072950466,-1.5063082670175072,-1.3221588745987334
0.5306122448979591,4.442857142857143,-2.686317183517362,-1.4586418593978965,-0.8535698018935742
0.5306122448979591,4.5836734693877546,-2.5245870542160467,-1.4165267091893556,-0.5410356134094702
0.5306122448979591,4.724489795918367,-2.379646835614441,-1.3791258707751883,-0.303790065163571
0.5306122448979591,4.865306122448979,-2.251092326710834,-1.345770587034322,-0.11095615545865059
0.5306122448979591,5.006122448979592,-2.1367759148823153,-1.3159196781812472,0.052607354306696295
0.5306122448979591,5.146938775510204,-2.034436715373273,-1.2891300859522052,0.1954648058988745
0.5306122448979591,5.2877551020408164,-1.9421170132019834,-1.265035146643361,0.322938094717342
0.5306122448979591,5.428571428571429,-1.8582152402611845,-1.2433283657317413,0.43856406534004855
0.5306122448979591,5.56938775510204,-1.781442117818294,-1.2237511288336882,0.544815465013381
0.5306122448979591,5.710204081632653,-1.7107605425598729,-1.2060832002963846,0.6434910299689923
0.5306122448979591,5.851020408163265,-1.645331608141838,-1.1901353490743356,0.7359420845234724
0.5306122448979591,5.9918367346938775,-1.5844711946513508,-1.1757434932641797,0.8232113318914612
0.5306122448979591,6.13265306122449,-1.5276163766567765,-1.1627639841534319,0.9061218023449202
0.5306122448979591,6.273469387755102,-1.4742997500070276,-1.1510697764106907,0.9853360886768278
0.5306122448979591,6.414285714285714,-1.4241298273036707,-1.1405472175496296,1.0613969765520932
0.5306122448979591,6.555102040816326,-1.3767760025218976,-1.1310933338761868,1.1347561706053912
0.5306122448979591,6.6959183673469385,-1.3319569376030074,-1.1226134604069404,1.2057949727529405
0.5306122448979591,6.836734693877551,-1.2894315184181169,-1.1150191153650009,1.2748395193421798
0.5306122448979591,6.977551020408163,-1.2489917529582217,-1.1082260800257586,1.342172377730975
0.5306122448979591,7.118367346938776,-1.2104571436126195,-1.102152535290666,1.4080412935539437
0.5306122448979591,7.259183673469387,-1.1736701926459256,-1.096717257830603,1.472666007798637
0.5306122448979591,7.4,-1.1384927829892328,-1.091837801259306,1.5362437047019684
0.5714285714285714,0.5,-1.0757442670569821,0.26212926617568855,0.7944300294259129
0.5714285714285714,0.6408163265306123,-1.1115703028332249,0.12767783333517782,0.7728976819565426
0.5714285714285714,0.7816326530612245,-1.1488506629190784,-0.003458639951709676,0.7497572033320626
0.5714285714285714,0.9224489795918367,-1.1877190183021766,-0.13213367095536413,0.7249565786360013
0.5714285714285714,1.063265306122449,-1.2283242773672747,-0.2592526305979357,0.6984107202679259
0.5714285714285714,1.2040816326530612,-1.2708341908676262,-0.385749930107325,0.6700030060259654
0.5714285714285714,1.3448979591836734,-1.3154395098747083,-0.512596062833156,0.6395846215508454
0.5714285714285714,1.4857142857142858,-1.362358960392087,-0.6408212460467666,0.6069719321038419
0.5714285714285714,1.626530612244898,-1.4118453464311442,-0.7715516914509756,0.5719418599451792
0.5714285714285714,1.76734693877551,-1.464193173780446,-0.9060591245909879,0.5342249947551205
0.5714285714285714,1.9081632653061225,-1.5197483080304413,-1.0458267449460847,0.4934958985715647
0.5714285714285714,2.0489795918367344,-1.5789203521886814,-1.192636145977872,0.44935970811530734
0.5714285714285714,2.1897959183673468,-1.6421986642096198,-1.3486779939113709,0.401333636555138
0.5714285714285714,2.330612244897959,-1.7101732418054079,-1.5166750529814241,0.3488211678072118
0.5714285714285714,2.4714285714285715,-1.783562064532872,-1.6999472721945494,0.2910754126932253
0.5714285714285714,2.6122448979591835,-1.8632467991961676,-1.9021193608870375,0.22714596784007865
0.5714285714285714,2.753061224489796,-1.9503186680554698,-2.1253029714009624,0.1557993477556472
0.5714285714285714,2.8938775510204082,-2.0461345756275846,-2.3625705173224896,0.0753963024502502
0.5714285714285714,3.03469387755102,-2.1523766036573426,-2.574822338968867,-0.016306494022354602
0.5714285714285714,3.1755102040816325,-2.2710844243730124,-2.6691644725882693,-0.12249252392591106
0.5714285714285714,3.316326530612245,-2.4045541665413612,-2.597452597751073,-0.24789455023031165
0.5714285714285714,3.457142857142857,-2.554754754245459,-2.44212745539936,-0.39999408330311753
0.5714285714285714,3.5979591836734692,-2.72116176909487,-2.2807726249380664,-0.5916673018766182
0.5714285714285714,3.7387755102040816,-2.893970679607984,-2.138285964862027,-0.8480582503257158
0.5714285714285714,3.8795918367346935,-3.038541341800733,-2.0172660685160273,-1.229783784328119
0.5714285714285714,4.020408163265306,-3.088888195830534,-1.9148887737901987,-1.966684492650598
0.5714285714285714,4.161224489795918,-3.0110536571524538,-1.827748449393079,-2.795666827402515
0.5714285714285714,4.302040816326531,-2.855818471996939,-1.7529353703689527,-1.4456463384800549
0.5714285714285714,4.442857142857143,-2.6839727884333313,-1.688150367361751,-0.9261572697533696
0.5714285714285714,4.5836734693877546,-2.5224214919903583,-1.6316097511357541,-0.5929802000604039
0.5714285714285714,4.724489795918367,-2.3776773790974834,-1.5819265620994922,-0.34454993011641166
0.5714285714285714,4.865306122448979,-2.2492975098447245,-1.538012742670926,-0.14470178643663578
0.5714285714285714,5.006122448979592,-2.135127890677923,-1.4990047899023693,0.023670365356409543
0.5714285714285714,5.146938775510204,-2.0329101824104683,-1.4642090131820826,0.17002881234715114
0.5714285714285714,5.2877551020408164,-1.940690960691294,-1.43306137806329,0.30016413986911866
0.5714285714285714,5.428571428571429,-1.8568726770476716,-1.4050978908718945,0.417881758353174
0.5714285714285714,5.56938775510204,-1.7801693605677922,-1.3799325470739918,0.5258193910599225
0.5714285714285714,5.710204081632653,-1.7095465179160874,-1.3572406411077718,0.6258827342598404
0.5714285714285714,5.851020408163265,-1.6441672763015416,-1.3367460266639224,0.7194954978735786
0.5714285714285714,5.9918367346938775,-1.5833491000054083,-1.318211215696879,0.8077511455175723
0.5714285714285714,6.13265306122449,-1.5265303039697264,-1.301429554773326,0.8915093660395635
0.5714285714285714,6.273469387755102,-1.4732444623653402,-1.2862189737233525,0.9714598990645748
0.5714285714285714,6.414285714285714,-1.4231008658955815,-1.2724168550506678,1.0481660781426074
0.5714285714285714,6.555102040816326,-1.3757695324911858,-1.2598757624746502,1.1220954585612697
0.5714285714285714,6.6959183673469385,-1.330969628488802,-1.248459787939073,1.193641781240178
0.5714285714285714,6.836734693877551,-1.2884604503723498,-1.2380413398062349,1.2631410931487481
0.5714285714285714,6.977551020408163,-1.248034343260673,-1.2284983017465725,1.3308839778940706
0.5714285714285714,7.118367346938776,-1.2095110872190329,-1.219711338147897,1.3971247445333501
0.5714285714285714,7.259183673469387,-1.1727334152132498,-1.2115613834161847,1.4620885871067042
0.5714285714285714,7.4,-1.137563401798735,-1.2039271707720156,1.5259772678337908
0.6122448979591836,0.5,-1.075808925273687,0.31525820428245904,0.7965777424871954
0.6122448979591836,0.6408163265306123,-1.1116546246264425,0.18749020012607534,0.7754494639424792
0.6122448979591836,0.7816326530612245,-1.1489554079137658,0.06346907371251119,0.7527122349055145
0.6122448979591836,0.9224489795918367,-1.1878451378859913,-0.05754288931640373,0.7283207709356043
0.6122448979591836,1.063265306122449,-1.228472962794502,-0.1763106548919322,0.7021963682786343
0.6122448979591836,1.2040816326530612,-1.2710069184355108,-0.2935986108236461,0.6742287833973964
0.6122448979591836,1.3448979591836734,-1.315638089711387,-0.41016875758361665,0.6442758917517084
0.6122448979591836,1.4857142857142858,-1.3625855941443892,-0.526791288459692,0.6121613841398514
0.6122448979591836,1.626530612244898,-1.4121026989445025,-0.6442623114046028,0.5776705109510306
0.6122448979591836,1.76734693877551,-1.4644844643823858,-0.7634272054926196,0.5405436387542295
0.6122448979591836,1.9081632653061225,-1.5200774283643457,-0.8852098251355601,0.5004671320989165
0.6122448979591836,2.0489795918367344,-1.5792920195760403,-1.0106487060941596,0.4570607367208995
0.6122448979591836,2.1897959183673468,-1.642618622386613,-1.140941925145988,0.40986017599133806
0.6122448979591836,2.330612244897959,-1.7106485245969008,-1.2775011957114133,0.3582929343464696
0.6122448979591836,2.4714285714285715,-1.7841013419972234,-1.4220115966820126,0.3016439952640817
0.6122448979591836,2.6122448979591835,-1.863860827413734,-1.576477869745417,0.239006379992203
0.6122448979591836,2.753061224489796,-1.9510208565900773,-1.743189086096849,0.16920752066807532
0.6122448979591836,2.8938775510204082,-2.0469416463530083,-1.9243794359177797,0.09069651493111199
0.6122448979591836,3.03469387755102,-2.1533091727167633,-2.1208817934683375,0.0013634344843399101
0.6122448979591836,3.1755102040816325,-2.272166875051423,-2.327725287719628,-0.10176376671344445
0.6122448979591836,3.316326530612245,-2.405811708638494,-2.522501285418736,-0.223061112498374
0.6122448979591836,3.457142857142857,-2.556200891847716,-2.6505588129891224,-0.3693574081293997
0.6122448979591836,3.5979591836734692,-2.722755497419573,-2.6555501381355238,-0.5521923692788889
0.6122448979591836,3.7387755102040816,-2.8954935768980543,-2.5574176413716914,-0.7934747109905488
0.6122448979591836,3.8795918367346935,-3.039389298067553,-2.4213124757870146,-1.1434558637881624
0.6122448979591836,4.020408163265306,-3.088305247482157,-2.286824153982727,-1.770524746881146
0.6122448979591836,4.161224489795918,-3.009197309112569,-2.1666272756105847,-3.7935558494562396
0.6122448979591836,4.302040816326531,-2.8534984560117316,-2.0623380725335716,-1.5866241364455729
0.6122448979591836,4.442857142857143,-2.6816776617304656,-1.972353098942041,-1.0037924323320084
0.6122448979591836,4.5836734693877546,-2.5203013398391505,-1.8944888448214288,-0.6471623183385379
0.6122448979591836,4.724489795918367,-2.3757486139125343,-1.8267341897903178,-0.3865088771837705
0.6122448979591836,4.865306122448979,-2.24753910935544,-1.7674100515777484,-0.17916059215948155
0.6122448979591836,5.006122448979592,-2.1335126936239486,-1.715156130694227,-0.005718237847465169
0.6122448979591836,5.146938775510204,-2.031413522727046,-1.6688774297212794,0.14429572095436827
0.6122448979591836,5.2877551020408164,-1.939292353085416,-1.6276894528043657,0.27719060300220033
0.6122448979591836,5.428571428571429,-1.8555555510330524,-1.5908720903081117,0.3970645135182658
0.6122448979591836,5.56938775510204,-1.778920367461129,-1.5578332195943962,0.5067328782948997
0.6122448979591836,5.710204081632653,-1.708354851832464,-1.5280805474356647,0.6082155548408226
0.6122448979591836,5.851020408163265,-1.643024113263524,-1.501199939889601,0.703012940808582
0.6122448979591836,5.9918367346938775,-1.5822471602506147,-1.4768386711165138,0.7922719455575176
0.6122448979591836,6.13265306122449,-1.5254635171558943,-1.4546923264941949,0.8768906576931396
0.6122448979591836,6.273469387755102,-1.4722077121837787,-1.4344944726410567,0.9575871250324599
0.6122448979591836,6.414285714285714,-1.4220897948355824,-1.4160083437948678,1.0349460250630789
0.6122448979591836,6.555102040816326,-1.3747803919345605,-1.399020065374282,1.1094513238306312
0.6122448979591836,6.6959183673469385,-1.3299991618020925,-1.3833329967045056,1.181509602446227
0.6122448979591836,6.836734693877551,-1.2875058018868797,-1.3687629288004328,1.251467114473649
0.6122448979591836,6.977551020408163,-1.247092985537281,-1.3551339500960973,1.319622666447139
0.6122448979591836,7.118367346938776,-1.208580764060389,-1.3422747570610427,1.3862372954070215
0.6122448979591836,7.259183673469387,-1.171812095212264,-1.3300153628334437,1.4515417659487675
0.6122448979591836,7.4,-1.136649240927842,-1.3181840974678793,1.5157425177739015
0.6530612244897959,0.5,-1.0758703534316774,0.3626560572036646,0.7985966813053956
0.6530612244897959,0.6408163265306123,-1.1117350518077684,0.24071188058048656,0.7778621889488231
0.6530612244897959,0.7816326530612245,-1.1490556477530391,0.12280263919861117,0.7555182628950319
0.6530612244897959,0.9224489795918367,-1.1879661757538862,0.008272201326017565,0.7315259408674458
0.6530612244897959,1.063265306122449,-1.2286160071674797,-0.10354854750196997,0.7058125519879324
0.6530612244897959,1.2040816326530612,-1.2711734483909725,-0.21331221270068196,0.6782739044150445
0.6530612244897959,1.3448979591836734,-1.3158299051710165,-0.321649207297717,0.648774234148303
0.6530612244897959,1.4857142857142858,-1.3628048742517953,-0.42917244988444525,0.6171442010643148
0.6530612244897959,1.626530612244898,-1.412352073840893,-0.5364869951769513,0.5831769731879579
0.6530612244897959,1.76734693877551,-1.4647671059376335,-0.6442024147099965,0.5466221976438415
0.6530612244897959,1.9081632653061225,-1.5203971667953675,-0.7529472181943812,0.5071774178817818
0.6530612244897959,2.0489795918367344,-1.5796534949050656,-0.8633851966779328,0.4644761790814733
0.6530612244897959,2.1897959183673468,-1.6430274824039706,-0.9762339536672449,0.41807163421197563
0.6530612244897959,2.330612244897959,-1.7111116847509582,-1.092285635461899,0.36741378584791295
0.6530612244897959,2.4714285714285715,-1.784627326457396,-1.212429332434003,0.31181739821342425
0.6530612244897959,2.6122448979591835,-1.864460212324589,-1.337672429979135,0.2504158785730146
0.6530612244897959,2.753061224489796,-1.951706829278966,-1.469152748898859,0.18209299817186822
0.6530612244897959,2.8938775510204082,-2.047730654416684,-1.6081201019953335,0.10537902680247631
0.6530612244897959,3.03469387755102,-2.154221496983966,-1.7558308287123048,0.018285630172304525
0.6530612244897959,3.1755102040816325,-2.2732265002032186,-1.9132139392393268,-0.08196840037342384
0.6530612244897959,3.316326530612245,-2.4070434057171193,-2.0799598326269786,-0.19944124296450574
0.6530612244897959,3.457142857142857,-2.557617796289749,-2.2522561455964887,-0.3403899164508767
0.6530612244897959,3.5979591836734692,-2.7243166886165198,-2.418008114157683,-0.5152111665748276
0.6530612244897959,3.7387755102040816,-2.89698248445547,-2.550713348622727,-0.7431475785709813
0.6530612244897959,3.8795918367346935,-3.0402097568370197,-2.6144177491523717,-1.0664560177588114
0.6530612244897959,4.020408163265306,-3.0877200088576484,-2.5940931246155166,-1.6135079261357153
0.6530612244897959,4.161224489795918,-3.0073716113664375,-2.5138741464405046,-3.700869409613394
0.6530612244897959,4.302040816326531,-2.851224905168097,-2.409296182890786,-1.7514494111924683
0.6530612244897959,4.442857142857143,-2.679430301077961,-2.302817348227288,-1.0873667769887516
0.6530612244897959,4.5836734693877546,-2.518225197636292,-2.2038304022998645,-0.7038424171955411
0.6530612244897959,4.724489795918367,-2.373859301967089,-2.114987348811505,-0.4297716670300751
0.6530612244897959,4.865306122448979,-2.245816037908401,-2.0362323857288076,-0.21438318917399418
0.6530612244897959,5.006122448979592,-2.131929361520662,-1.9666048381784427,-0.035586108590901666
0.6530612244897959,5.146938775510204,-2.0299458766414147,-1.9049470901223102,0.11824903266376988
0.6530612244897959,5.2877551020408164,-1.9379204129511296,-1.8501574542259194,0.2540068910039867
0.6530612244897959,5.428571428571429,-1.8542631527623141,-1.8012656269757028,0.37610512974466126
0.6530612244897959,5.56938775510204,-1.7776944856485666,-1.7574413387273875,0.4875507969188947
0.6530612244897959,5.710204081632653,-1.707184939013172,-1.7179805622483957,0.590485687035226
0.6530612244897959,5.851020408163265,-1.6419015536779262,-1.682285811312946,0.6864914837698132
0.6530612244897959,5.9918367346938775,-1.5811648440044708,-1.6498468508442912,0.7767713987236016
0.6530612244897959,6.13265306122449,-1.5244155138428528,-1.620223719362802,0.8622637612810781
0.6530612244897959,6.273469387755102,-1.4711890220670092,-1.5930324776019316,0.9437161509902555
0.6530612244897959,6.414285714285714,-1.4210961588060325,-1.5679334162828837,1.0217354286674183
0.6530612244897959,6.555102040816326,-1.3738081446068227,-1.5446213342417336,1.0968225550956827
0.6530612244897959,6.6959183673469385,-1.329045117998241,-1.5228175222454425,1.169397363552406
0.6530612244897959,6.836734693877551,-1.2865671675238262,-1.5022631148203107,1.2398166137307631
0.6530612244897959,6.977551020408163,-1.2461672872454737,-1.4827135691105329,1.3083875633094004
0.6530612244897959,7.118367346938776,-1.207665792991815,-1.4639340291992708,1.3753781410242711
0.6530612244897959,7.259183673469387,-1.1709058618433628,-1.4456954988509176,1.441024807078677
0.6530612244897959,7.4,-1.1357499384291636,-1.4277717073943108,1.5055387705258587
0.6938775510204082,0.5,-1.0759287751790811,0.40524067855838297,0.8004975787999985
0.6938775510204082,0.6408163265306123,-1.1118118373340025,0.2884407646048554,0.7801465545483207
0.6938775510204082,0.7816326530612245,-1.1491516579433536,0.17586378883633558,0.7581860074153592
0.6938775510204082,0.9224489795918367,-1.188082425480229,0.06691375504989187,0.734582899395569
0.6938775510204082,1.063265306122449,-1.228753719363498,-0.03900980979947518,0.7092702507208257
0.6938775510204082,1.2040816326530612,-1.2713341033507737,-0.14248226606083345,0.6821496055422999
0.6938775510204082,1.3448979591836734,-1.3160152919196364,-0.24404653017200362,0.6530912448127423
0.6938775510204082,1.4857142857142858,-1.3630171494777503,-0.34421505393718316,0.621932458151538
0.6938775510204082,1.626530612244898,-1.4125938335919521,-0.4434757540789599,0.5884739437637453
0.6938775510204082,1.76734693877551,-1.4650414757391477,-0.5422996125186311,0.5524741640412447
0.6938775510204082,1.9081632653061225,-1.5207079170471947,-0.6411489258146934,0.513641260262728
0.6938775510204082,2.0489795918367344,-1.5800051903843686,-0.7404858039669067,0.47162182690353766
0.6938775510204082,2.1897959183673468,-1.6434256775089264,-0.8407807465094397,0.4259854501514154
0.6938775510204082,2.330612244897959,-1.7115631797326358,-0.9425210516588894,0.37620329185674034
0.6938775510204082,2.4714285714285715,-1.7851405034373966,-1.0462187023226739,0.3216179884562274
0.6938775510204082,2.6122448979591835,-1.8650454721604042,-1.15241676763413,0.26140057746645495
0.6938775510204082,2.753061224489796,-1.9523771426795544,-1.2616921530940879,0.19448704456708352
0.6938775510204082,2.8938775510204082,-2.048502201708863,-1.3746506078004617,0.11948242487128284
0.6938775510204082,3.03469387755102,-2.155114232048128,-1.4919046294863614,0.034509528094248676
0.6938775510204082,3.1755102040816325,-2.274264019136145,-1.6140163782805692,-0.06304003742196848
0.6938775510204082,3.316326530612245,-2.408250053466097,-1.741368803306551,-0.17694005449322064
0.6938775510204082,3.457142857142857,-2.5590063532959597,-1.8738928884728736,-0.31294404129687897
0.6938775510204082,3.5979591836734692,-2.725846335291746,-2.0105200443047613,-0.48046394887015526
0.6938775510204082,3.7387755102040816,-2.8984385033913678,-2.148160283005359,-0.6965222400702208
0.6938775510204082,3.8795918367346935,-3.0410038327607984,-2.2800809223501846,-0.9970900970296789
0.6938775510204082,4.020408163265306,-3.0871330601592044,-2.394276119071479,-1.4830020672889113
0.6938775510204082,4.161224489795918,-3.005575975890547,-2.474426379462297,-2.7874906489849014
0.6938775510204082,4.302040816326531,-2.8489965017636485,-2.5070509281823528,-1.9507099583807492
0.6938775510204082,4.442857142857143,-2.677229260048268,-2.4914117271233134,-1.178026112538259
0.6938775510204082,4.5836734693877546,-2.5161917290391145,-2.4401666859179243,-0.7633265383649795
0.6938775510204082,4.724489795918367,-2.3720082560382134,-2.369840720517733,-0.474456100904347
0.6938775510204082,4.865306122448979,-2.2441272463873507,-2.2930432664785894,-0.2504251687084277
0.6938775510204082,5.006122448979592,-2.130376965586324,-2.217026508125801,-0.06596307762866023
0.6938775510204082,5.146938775510204,-2.028506413284905,-2.1452168140669787,0.0918711431234057
0.6938775510204082,5.2877551020408164,-1.9365743916998461,-2.0788860887817595,0.230601908431389
0.6938775510204082,5.428571428571429,-1.8529947993022373,-2.0182318808164217,0.35499616536786927
0.6938775510204082,5.56938775510204,-1.7764910867950474,-1.962962894017134,0.46826790658396344
0.6938775510204082,5.710204081632653,-1.7060361955048362,-1.9125924287878295,0.5726892373707198
0.6938775510204082,5.851020408163265,-1.640799051845304,-1.8665784431484096,0.6699281369022206
0.6938775510204082,5.9918367346938775,-1.5801016382875894,-1.8243864728104733,0.761247142803447
0.6938775510204082,6.13265306122449,-1.523385809012489,-1.7855152274798667,0.8476267516348656
0.6938775510204082,6.273469387755102,-1.4701879311389245,-1.749504254344363,0.9298453683872557
0.6938775510204082,6.414285714285714,-1.420119517428899,-1.7159333418546354,1.008532910587728
0.6938775510204082,6.555102040816326,-1.3728523681181952,-1.684418467945633,1.0842079426946174
0.6938775510204082,6.6959183673469385,-1.3281070905665504,-1.6546066243062147,1.1573039908334464
0.6938775510204082,6.836734693877551,-1.2856441550139768,-1.626170594431401,1.2281886312363786
0.6938775510204082,6.977551020408163,-1.245256868467625,-1.598804219273111,1.2971777986400332
0.6938775510204082,7.118367346938776,-1.2067658050067125,-1.5722183470299174,1.3645464866582697
0.6938775510204082,7.259183673469387,-1.1700143557613705,-1.5461375745311876,1.4305369798019116
0.6938775510204082,7.4,-1.1348651436215893,-1.5202977987220558,1.4953653537839309
0.7346938775510203,0.5,-1.0759843952512183,0.4437357235815193,0.8022900743977358
0.7346938775510203,0.6408163265306123,-1.111885213767537,0.33153184140793407,0.7823122337966918
0.7346938775510203,0.7816326530612245,-1.1492436927944634,0.22366777786550276,0.7607252157843476
0.7346938775510203,0.9224489795918367,-1.1881941591164649,0.11959376727921162,0.7375015207519373
0.7346938775510203,1.063265306122449,-1.228886386617369,0.018760692837240193,0.7125795301739479
0.7346938775510203,1.2040816326530612,-1.2714891842743041,-0.07935091603477239,0.6858662201128144
0.7346938775510203,1.3448979591836734,-1.3161945640332995,-0.17522294764653434,0.6572376143458685
0.7346938775510203,1.4857142857142858,-1.3632227470432337,-0.2693004086481605,0.6265373097921663
0.7346938775510203,1.626530612244898,-1.4128283191501834,-0.36199559967519135,0.5935731690057006
0.7346938775510203,1.76734693877551,-1.4653079295238682,-0.45369352375282473,0.5581120330845725
0.7346938775510203,1.9081632653061225,-1.5210100511244355,-0.5447574774528909,0.5198720990378037
0.7346938775510203,2.0489795918367344,-1.5803474962634916,-0.6355343524050878,0.4785123144365898
0.7346938775510203,2.1897959183673468,-1.6438136186994459,-0.7263594209819353,0.4336177789252753
0.7346938775510203,2.330612244897959,-1.7120034442349956,-0.8175603587578834,0.3846795635453341
0.7346938775510203,2.4714285714285715,-1.7856413350021292,-0.9094602659297667,0.33106643346681636
0.7346938775510203,2.6122448979591835,-1.8656171008498732,-1.0023792304637649,0.27198455065876337
0.7346938775510203,2.753061224489796,-1.9530323280480504,-1.096633535242596,0.2064183901882217
0.7346938775510203,2.8938775510204082,-2.0492568634385773,-1.1925313776882769,0.13304200936343358
0.7346938775510203,3.03469387755102,-2.155988005257851,-1.290362381045093,0.050080083389471154
0.7346938775510203,3.1755102040816325,-2.2752801210996907,-1.3903771786042207,-0.0449187908233967
0.7346938775510203,3.316326530612245,-2.4094324148005284,-1.4927503874463126,-0.15547295314612403
0.7346938775510203,3.457142857142857,-2.5603674148798192,-1.5975159293495342,-0.2868902411502812
0.7346938775510203,3.5979591836734692,-2.727345386388002,-1.7044581797743672,-0.44772906213072733
0.7346938775510203,3.7387755102040816,-2.899862687795163,-1.812934441342572,-0.6531444901466149
0.7346938775510203,3.8795918367346935,-3.0417725835067007,-1.9216027519755707,-0.9340842851378703
0.7346938775510203,4.020408163265306,-3.086544930103055,-2.028044069421852,-1.3716397149161732
0.7346938775510203,4.161224489795918,-3.00380981933026,-2.1283486019056137,-2.358774259325691
0.7346938775510203,4.302040816326531,-2.8468119756594734,-2.2169183200715086,-2.204073301253275
0.7346938775510203,4.442857142857143,-2.675073148417196,-2.287004129740665,-1.2772773780334925
0.7346938775510203,4.5836734693877546,-2.5141996465347614,-2.3324531757621982,-0.8259785422584317
0.7346938775510203,4.724489795918367,-2.3701943376976153,-2.3502333843983423,-0.5206952894807901
0.7346938775510203,4.865306122448979,-2.2424717348885097,-2.341976638461686,-0.2873471930808664
0.7346938775510203,5.006122448979592,-2.1288546173673635,-2.313128185159742,-0.09688105289283144
0.7346938775510203,5.146938775510204,-2.0270943348896893,-2.2705057181695385,0.06514346890220307
0.7346938775510203,5.2877551020408164,-1.935253566658872,-2.220188840821684,0.20696398279253203
0.7346938775510203,5.428571428571429,-1.8517498320079357,-2.1666298357539886,0.33372987331703863
0.7346938775510203,5.56938775510204,-1.77530956251742,-2.1126843996278883,0.4488787226273653
0.7346938775510203,5.710204081632653,-1.704908058167525,-2.0599974363546694,0.5548222387121644
0.7346938775510203,5.851020408163265,-1.6397160813515808,-2.0094056643167115,0.6533198842418159
0.7346938775510203,5.9918367346938775,-1.5790570480573463,-1.9612444703880934,0.7456968019298532
0.7346938775510203,6.13265306122449,-1.5223739338952107,-1.915553051354054,0.8329776913092591
0.7346938775510203,6.273469387755102,-1.4692039934506709,-1.8722027928355607,0.9159731560848009
0.7346938775510203,6.414285714285714,-1.419159444937075,-1.8309745544737468,0.9953370900028783
0.7346938775510203,6.555102040816326,-1.3719126542863707,-1.7916041805614529,1.0716062907598063
0.7346938775510203,6.6959183673469385,-1.3271846864983565,-1.7538088182104783,1.1452284242740918
0.7346938775510203,6.836734693877551,-1.284736384759624,-1.7173018445763608,1.2165822175750138
0.7346938775510203,6.977551020408163,-1.2443613614384694,-1.681801133530136,1.2859925132820524
0.7346938775510203,7.118367346938776,-1.2058804427897063,-1.6470335930755653,1.3537415480737474
0.7346938775510203,7.259183673469387,-1.1691372288956579,-1.612737609076959,1.4200775636954859
0.7346938775510203,7.4,-1.133994516631408,-1.5786644247446788,1.485221602705971
0.7755102040816326,0.5,-1.076037401285243,0.4787210940575912,0.8039828408886135
0.7755102040816326,0.6408163265306123,-1.1119553951939913,0.37066314485684493,0.7843679888740115
0.7755102040816326,0.7816326530612245,-1.1493319873686827,0.2670104511628494,0.7631447659373042
0.7755102040816326,0.9224489795918367,-1.188301629046302,0.16725017038076473,0.7402908392572479
0.7755102040816326,1.063265306122449,-1.2290142763115108,0.07087319230261765,0.7157496339588905
0.7755102040816326,1.2040816326530612,-1.2716389722306851,-0.022597766827499078,0.6894332661562835
0.7755102040816326,1.3448979591836734,-1.3163680156865534,-0.1136001046390873,0.6612232140170706
0.7755102040816326,1.4857142857142858,-1.3634219742690064,-0.20253142766772983,0.6309690754583578
0.7755102040816326,1.626530612244898,-1.4130558515184855,-0.2897528645786548,0.5984855319551562
0.7755102040816326,1.76734693877551,-1.4655668029768087,-0.3755934187121441,0.5635473935616244
0.7755102040816326,1.9081632653061225,-1.521303920821971,-0.4603543705095422,0.5258824061948997
0.7755102040816326,2.0489795918367344,-1.5806807823105853,-0.5443132418158545,0.48516122386053956
0.7755102040816326,2.1897959183673468,-1.6441916960301914,-0.6277271435185887,0.4409836083763969
0.7755102040816326,2.330612244897959,-1.7124328915344822,-0.7108352839326892,0.39285938956725036
0.7755102040816326,2.4714285714285715,-1.7861302611862941,-0.7938605307439107,0.3401818633342649
0.7755102040816326,2.6122448979591835,-1.8661755694660733,-0.877009802572061,0.2821900328479343
0.7755102040816326,2.753061224489796,-1.9536728927404725,-0.9604728310717987,0.21791348942805372
0.7755102040816326,2.8938775510204082,-2.049995189693803,-1.0444190447388102,0.146090149889326
0.7755102040816326,3.03469387755102,-2.1568434171606117,-1.128991420403916,0.06503828343574723
0.7755102040816326,3.1755102040816325,-2.2762754667283436,-1.214296413303345,-0.02755047241453836
0.7755102040816326,3.316326530612245,-2.4105912216972913,-1.3003882484794849,-0.13496418411149194
0.7755102040816326,3.457142857142857,-2.561701795950802,-1.3872451066184777,-0.2621144976200094
0.7755102040816326,3.5979591836734692,-2.7288147556394104,-1.4747343788424538,-0.4168153115388434
0.7755102040816326,3.7387755102040816,-2.901256048709755,-1.5625630245448463,-0.6126376623885038
0.7755102040816326,3.8795918367346935,-3.042517016156474,-1.650210356444948,-0.8764568278490795
0.7755102040816326,4.020408163265306,-3.0859561055755003,-1.7368409117819086,-1.2747470976654134
0.7755102040816326,4.161224489795918,-3.002072570008093,-1.8212065043536485,-2.0776459767557824
0.7755102040816326,4.302040816326531,-2.8446701006369626,-1.901554815720041,-2.555017380393851
0.7755102040816326,4.442857142857143,-2.672960630007561,-1.975597190850538,-1.3871586718613322
0.7755102040816326,4.5836734693877546,-2.5122477127292075,-2.0406076398691066,-0.8922354929421753
0.7755102040816326,4.724489795918367,-2.368416450439464,-2.0937334333472046,-0.5686407416630133
0.7755102040816326,4.865306122448979,-2.2408485361574035,-2.1325300139690673,-0.32521635542786786
0.7755102040816326,5.006122448979592,-2.1273614602367825,-2.155578862033196,-0.12837453549291453
0.7755102040816326,5.146938775510204,-2.0257088765744444,-2.1629091855224147,0.03804637800777943
0.7755102040816326,5.2877551020408164,-1.933957243715318,-2.1559838916948935,0.1830809258511906
0.7755102040816326,5.428571428571429,-1.850527614145737,-2.137258296197285,0.3122981537487463
0.7755102040816326,5.56938775510204,-1.7741493287168921,-2.1095599067165725,0.4293776953203227
0.7755102040816326,5.710204081632653,-1.703799983297111,-2.0755652257270527,0.5368806201238899
0.7755102040816326,5.851020408163265,-1.638652133099206,-2.0375028158127737,0.6366636319304484
0.7755102040816326,5.9918367346938775,-1.5780305923487226,-1.9970645269751786,0.7301179012948428
0.7755102040816326,6.13265306122449,-1.5213794345118707,-1.9554445186801923,0.8183146009338503
0.7755102040816326,6.273469387755102,-1.468236778247594,-1.913431314180168,0.9020978977211649
0.7755102040816326,6.414285714285714,-1.4182155316819645,-1.8715072929992298,0.982146639216377
0.7755102040816326,6.555102040816326,-1.3709886084256204,-1.8299350196364221,1.0590164138343334
0.7755102040816326,6.6959183673469385,-1.3262775257051673,-1.7888247702827895,1.1331696196454184
0.7755102040816326,6.836734693877551,-1.2838434891759496,-1.748184422708836,1.2049964300724614
0.7755102040816326,6.977551020408163,-1.2434804099452308,-1.707955014580877,1.2748308566052087
0.7755102040816326,7.118367346938776,-1.2050093601339404,-1.66803573142818,1.3429625499059994
0.7755102040816326,7.259183673469387,-1.1682741438970163,-1.6283012426134538,1.4096458470367759
0.7755102040816326,7.4,-1.1331377279457426,-1.5886137005753944,1.4751068605806807
0.8163265306122448,0.5,-1.0760879654747861,0.5106680892927197,0.8055836959165954
0.8163265306122448,0.6408163265306123,-1.1120225789209923,0.4063808412526707,0.7863217715326855
0.8163265306122448,0.7816326530612245,-1.1494167591773399,0.3065265655584884,0.7654527584617689
0.8163265306122448,0.9224489795918367,-1.188405069675933,0.2106229352274928,0.7429591347126256
0.8163265306122448,1.063265306122449,-1.2291376376531795,0.11819316023415406,0.7187890642795318
0.8163265306122448,1.2040816326530612,-1.271783729976343,0.028793054859130127,0.6928595244072231
0.8163265306122448,1.3448979591836734,-1.3165359226860973,-0.057980988053374594,0.665057172297465
0.8163265306122448,1.4857142857142858,-1.3636151200396591,-0.14249181181418108,0.635237316233622
0.8163265306122448,1.626530612244898,-1.4132767331822833,-0.22506435401925248,0.6032211303654927
0.8163265306122448,1.76734693877551,-1.4658184131133494,-0.3059894705466382,0.568791008441172
0.8163265306122448,1.9081632653061225,-1.5215898590558672,-0.38552776448186077,0.5316837721531263
0.8163265306122448,2.0489795918367344,-1.581005399129731,-0.46391300030477917,0.49158117923503064
0.8163265306122448,2.1897959183673468,-1.6445602800326171,-0.5413548879754605,0.4480968649900484
0.8163265306122448,2.330612244897959,-1.712851914849118,-0.6180411526408285,0.400758356801285
0.8163265306122448,2.4714285714285715,-1.7866077012825476,-0.6941387753955189,0.3489820142103049
0.8163265306122448,2.6122448979591835,-1.8667213275284962,-0.7697943404960743,0.29203759630115655
0.8163265306122448,2.753061224489796,-1.9542993215684827,-0.8451332398062859,0.22899674842638265
0.8163265306122448,2.8938775510204082,-2.0507177067243916,-0.9202577846799188,0.1586565920172245
0.8163265306122448,3.03469387755102,-2.157681043054967,-0.9952436027764768,0.07942159671427235
0.8163265306122448,3.1755102040816325,-2.2772506894270963,-1.0701342079549403,-0.010885908157410166
0.8163265306122448,3.316326530612245,-2.4117271765767265,-1.1449332250006592,-0.1153456994401972
0.8163265306122448,3.457142857142857,-2.5630102802025774,-1.2195935678606067,-0.23851572512875935
0.8163265306122448,3.5979591836734692,-2.730255319676405,-1.294003139033902,-0.3875568894658224
0.8163265306122448,3.7387755102040816,-2.902619555131951,-1.3679662203372032,-0.5746859829188233
0.8163265306122448,3.8795918367346935,-3.0432380898267173,-1.441180905261064,-0.8234351211288489
0.8163265306122448,4.020408163265306,-3.085367028478945,-1.5132119094734973,-1.1891709224712455
0.8163265306122448,4.161224489795918,-3.000363644684968,-1.5834632000562017,-1.8691401359810076
0.8163265306122448,4.302040816326531,-2.8425696929365705,-1.6511516294577027,-3.1376088238731765
0.8163265306122448,4.442857142857143,-2.670890420037725,-1.7152940195672732,-1.5105228729413658
0.8163265306122448,4.5836734693877546,-2.510334741168219,-1.7747174895023476,-0.9626283594442416
0.8163265306122448,4.724489795918367,-2.366673540665208,-1.8281088867578816,-0.6184657743285145
0.8163265306122448,4.865306122448979,-2.2392567208756047,-1.874116474720233,-0.36410679023524856
0.8163265306122448,5.006122448979592,-2.12589666906495,-1.9115021226438227,-0.16048084891748232
0.8163265306122448,5.146938775510204,-2.024349298070287,-1.9393218730581074,0.010558846347598664
0.8163265306122448,5.2877551020408164,-1.9326847541625598,-1.9570882813319204,0.15893993351378716
0.8163265306122448,5.428571428571429,-1.8493275353170329,-1.964860503031394,0.2906926857746509
0.8163265306122448,5.56938775510204,-1.7730098197634083,-1.9632277975484282,0.4097590211300383
0.8163265306122448,5.710204081632653,-1.702711445399337,-1.953193503605778,0.5188601966617823
0.8163265306122448,5.851020408163265,-1.6376067162064174,-1.93600198820904,0.6199562561531121
0.8163265306122448,5.9918367346938775,-1.577021811119091,-1.9129629860590165,0.7145080688924004
0.8163265306122448,6.13265306122449,-1.5204018738405776,-1.8853138811554642,0.803635543741365
0.8163265306122448,6.273469387755102,-1.4672858679760639,-1.854135152706588,0.8882179470335504
0.8163265306122448,6.414285714285714,-1.4172873727594433,-1.8203145818083784,0.9689600252848224
0.8163265306122448,6.555102040816326,-1.370079846961515,-1.7845462927996714,1.0464370893891448
0.8163265306122448,6.6959183673469385,-1.3253852394696959,-1.7473499355308364,1.1211265184207286
0.8163265306122448,6.836734693877551,-1.2829651138872442,-1.7090984842943895,1.19343036828765
0.8163265306122448,6.977551020408163,-1.24261366951629,-1.6700473420342599,1.26369199992865
0.8163265306122448,7.118367346938776,-1.2041522220311802,-1.6303608494356328,1.3322087358786487
0.8163265306122448,7.259183673469387,-1.1674247740990706,-1.5901350225590123,1.3992411342999442
0.8163265306122448,7.4,-1.1322944580773109,-1.5494158345395648,1.4650204795267867
0.8571428571428571,0.5,-1.0761362460029005,0.5399644736892196,0.8070996990733649
0.8571428571428571,0.6408163265306123,-1.1120869470202412,0.43913087517107646,0.7881808104284558
0.8571428571428571,0.7816326530612245,-1.1494982097200386,0.342730026659581,0.7676565973201049
0.8571428571428571,0.9224489795918367,-1.1885046989589008,0.2503055849346392,0.7455140078594967
0.8571428571428571,1.063265306122449,-1.2292567031087895,0.16140771673962573,0.7217056539420506
0.8571428571428571,1.2040816326530612,-1.271923703396165,0.07561913187865874,0.6961531076390872
0.8571428571428571,1.3448979591836734,-1.31669854384267,-0.007437132562636423,0.668747943040332
0.8571428571428571,1.4857142857142858,-1.3638024561510185,-0.08809739101820191,0.6393509030694043
0.8571428571428571,1.626530612244898,-1.413491249404385,-0.16665990808925465,0.6077893463852192
0.8571428571428571,1.76734693877551,-1.4660630595756292,-0.2433884247241428,0.5738528882972551
0.8571428571428571,1.9081632653061225,-1.5218681811394525,-0.3185156974005983,0.5372869829980813
0.8571428571428571,2.0489795918367344,-1.5813216793807985,-0.3922466624656799,0.49778393043130365
0.8571428571428571,2.1897959183673468,-1.6449197228803545,-0.4647610272177765,0.4549705073315556
0.8571428571428571,2.330612244897959,-1.7132608885202911,-0.5362152515320475,0.4083909578864062
0.8571428571428571,2.4714285714285715,-1.7870740550646602,-0.6067438282309419,0.35748335598425013
0.8571428571428571,2.6122448979591835,-1.8672548042265658,-0.6764598860660561,0.3015463071963721
0.8571428571428571,2.753061224489796,-1.9549120780325184,-0.7454549373047562,0.23969072514480486
0.8571428571428571,2.8938775510204082,-2.051424918315753,-0.813797978788608,0.17076872776552218
0.8571428571428571,3.03469387755102,-2.158501434281758,-0.8815335012200101,0.09326435433063433
0.8571428571428571,3.1755102040816325,-2.2782063969277244,-0.9486785615685023,0.005119660795261557
0.8571428571428571,3.316326530612245,-2.412840953932064,-1.0152187581285461,-0.0965561316047471
0.8571428571428571,3.457142857142857,-2.56429362058982,-1.081102858464986,-0.21600395806597464
0.8571428571428571,3.5979591836734692,-2.7316679207866743,-1.1462361685022897,-0.3598090567280362
0.8571428571428571,3.7387755102040816,-2.9039541365146753,-1.2104724091176313,-0.5390221453445018
0.8571428571428571,3.8795918367346935,-3.0439367183062283,-1.273604794365069,-0.7744002826297133
0.8571428571428571,4.020408163265306,-3.0847781158711367,-1.3353556944138931,-1.1126857955094278
0.8571428571428571,4.161224489795918,-2.998682485016596,-1.3953679056219759,-1.7039700771125321
0.8571428571428571,4.302040816326531,-2.840509609460968,-1.4531961678579914,-5.555280894706504
0.8571428571428571,4.442857142857143,-2.66886128260222,-1.5083046383483745,-1.6515401524631137
0.8571428571428571,4.5836734693877546,-2.5084595887533454,-1.5600713778187694,-1.0378119352471553
0.8571428571428571,4.724489795918367,-2.36496459518548,-1.6078039021111965,-0.6703699977533033
0.8571428571428571,4.865306122448979,-2.237695394844256,-1.6507700616155354,-0.40410078561965745
0.8571428571428571,5.006122448979592,-2.1244594494974347,-1.6882443454998282,-0.1932404537050611
0.8571428571428571,5.146938775510204,-2.0230148867969917,-1.7195678521531657,-0.017341513156350106
0.8571428571428571,5.2877551020408164,-1.9314354521721422,-1.7442142276522208,0.13452749443792883
0.8571428571428571,5.428571428571429,-1.8481490049024898,-1.7618496667529915,0.26890474316607954
0.8571428571428571,5.56938775510204,-1.7718904915579865,-1.7723732283403355,0.39001676289344644
0.8571428571428571,5.710204081632653,-1.701641937960141,-1.7759277458997518,0.5007567018156134
0.8571428571428571,5.851020408163265,-1.63657935583908,-1.772878131448936,0.6031945528304135
0.8571428571428571,5.9918367346938775,-1.5760302562063346,-1.7637629099773335,0.6988647998599054
0.8571428571428571,6.13265306122449,-1.519440828014441,-1.74923123901565,0.788938529294171
0.8571428571428571,6.273469387755102,-1.4663508601722333,-1.7299786763039815,0.874331689137387
0.8571428571428571,6.414285714285714,-1.4163745891671424,-1.7066921416607646,0.9557760264211892
0.8571428571428571,6.555102040816326,-1.3691860009911359,-1.6800097972728973,1.0338671620293716
0.8571428571428571,6.6959183673469385,-1.324507470870407,-1.6504967565478057,1.1090980747446426
0.8571428571428571,6.836734693877551,-1.2821009093495015,-1.618634455568262,1.1818830071025441
0.8571428571428571,6.977551020408163,-1.241760803821893,-1.5848199226843454,1.252575065879404
0.8571428571428571,7.118367346938776,-1.2033087022420987,-1.549371488306292,1.3214793243339014
0.8571428571428571,7.259183673469387,-1.1665888024550302,-1.5125379213227654,1.3888627290597237
0.8571428571428571,7.4,-1.1314643986561137,-1.4745088032908045,1.454961850483591
0.8979591836734693,0.5,-1.07618238837461,0.5669327522412922,0.8085372362672232
0.8979591836734693,0.6408163265306123,-1.112148667663314,0.46928170183157764,0.7899516887005317
0.8979591836734693,0.7816326530612245,-1.1495765258828632,0.3760423471539012,0.7697630606897539
0.8979591836734693,0.9224489795918367,-1.1886007197726076,0.2867810348040738,0.7479624468730318
0.8979591836734693,1.063265306122449,-1.2293716897806468,0.20107104475956267,0.7245066298057297
0.8979591836734693,1.2040816326530612,-1.2720591228073035,0.11851762211412241,0.6993215223521
0.8979591836734693,1.3448979591836734,-1.3168561222644086,0.038765537586055804,0.672303366297263
0.8979591836734693,1.4857142857142858,-1.3639842385478795,-0.03850052261641826,0.6433180776782137
0.8979591836734693,1.626530612244898,-1.413699669442952,-0.11355838773049659,0.6121989089226555
0.8979591836734693,1.76734693877551,-1.466301025792897,-0.18665173060389942,0.5787423557141329
0.8979591836734693,1.9081632653061225,-1.5221391858914537,-0.2579934459270052,0.5427020894779928
0.8979591836734693,2.0489795918367344,-1.5816299389258686,-0.32776868045471796,0.5037804283169464
0.8979591836734693,2.1897959183673468,-1.6452703595271665,-0.3961373682259035,0.46161661000419857
0.8979591836734693,2.330612244897959,-1.7136601691518667,-0.46323623129960156,0.4157706871927185
0.8979591836734693,2.4714285714285715,-1.787529703920488,-0.5291801882076876,0.3657012051830219
0.8979591836734693,2.6122448979591835,-1.8677764095812228,-0.5940632319978392,0.31073386433898165
0.8979591836734693,2.753061224489796,-1.955511605472712,-0.6579586345040774,0.25001630599458874
0.8979591836734693,2.8938775510204082,-2.052117307349895,-0.7209187793493647,0.18245186520637147
0.8979591836734693,3.03469387755102,-2.1593051194674473,-0.7829740987081478,0.10659808383702088
0.8979591836734693,3.1755102040816325,-2.279143172523244,-0.8441318053555891,0.02050707675208249
0.8979591836734693,3.316326530612245,-2.413933201738999,-0.9043736536984311,-0.07853996262557353
0.8979591836734693,3.457142857142857,-2.5655525408744304,-0.9636533260859561,-0.19449879165131262
0.8979591836734693,3.5979591836734692,-2.73305336855126,-1.021893219129278,-0.33344473609176734
0.8979591836734693,3.7387755102040816,-2.905260685459983,-1.0789806830536328,-0.5054177998299921
0.8979591836734693,3.8795918367346935,-3.0446137725303437,-1.1347641524613399,-0.7288489485448653
0.8979591836734693,4.020408163265306,-3.0841897467581707,-1.1890490703913725,-1.0436607359787335
0.8979591836734693,4.161224489795918,-2.997028534376797,-1.2415948854440002,-1.567613568350773
0.8979591836734693,4.302040816326531,-2.8384887465896393,-1.2921124000211808,-3.269292947743892
0.8979591836734693,4.442857142857143,-2.666872028474983,-1.3402642651205015,-1.816659670737941
0.8979591836734693,4.5836734693877546,-2.506621156997547,-1.3856684052379444,-1.118606140701389
0.8979591836734693,4.724489795918367,-2.3632886392799652,-1.4279055871629027,-0.7245849691236698
0.8979591836734693,4.865306122448979,-2.236163697308777,-1.4665330921949995,-0.4452900546887796
0.8979591836734693,5.006122448979592,-2.123049036448045,-1.5011038904683847,-0.22669732949505259
0.8979591836734693,5.146938775510204,-2.021704956011088,-1.5311914683858834,-0.04567861549328244
0.8979591836734693,5.2877551020408164,-1.9302087150128862,-1.5564182303737528,0.10982936156950111
0.8979591836734693,5.428571428571429,-1.8469914529016482,-1.5764844124062094,0.2469252232016575
0.8979591836734693,5.56938775510204,-1.7707908179553753,-1.5911930707314161,0.3701447569318632
0.8979591836734693,5.710204081632653,-1.7005909716642815,-1.6004673391634838,0.4825657541017934
0.8979591836734693,5.851020408163265,-1.6355695934357903,-1.6043565017204182,0.5863752649667405
0.8979591836734693,5.9918367346938775,-1.5750554955474378,-1.6030297156962876,0.683185586484466
0.8979591836734693,6.13265306122449,-1.5184958873865462,-1.596758852592225,0.7742215575710247
0.8979591836734693,6.273469387755102,-1.4654313644565822,-1.5858936177563283,0.8604374809763423
0.8979591836734693,6.414285714285714,-1.4154768055420137,-1.570833158114414,0.9425932123013007
0.8979591836734693,6.555102040816326,-1.368306711724668,-1.551998351154507,1.0213054376007564
0.8979591836734693,6.6959183673469385,-1.3236438752073125,-1.5298077849857712,1.0970832704386673
0.8979591836734693,6.836734693877551,-1.2812505462532713,-1.504659357994839,1.170353527482118
0.8979591836734693,6.977551020408163,-1.2409214907015882,-1.476917663256208,1.2414792706167235
0.8979591836734693,7.118367346938776,-1.2024784855202235,-1.4469068393302196,1.3107735648424281
0.8979591836734693,7.259183673469387,-1.1657659191236456,-1.4149077789050348,1.3785098978861023
0.8979591836734693,7.4,-1.1306472447021512,-1.3811586229275556,1.4449302513538897
0.9387755102040816,0.5,-1.0762265265567992,0.5918437375998643,0.8099020946947054
0.9387755102040816,0.6408163265306123,-1.1122078963758608,0.49714097546127567,0.7916404115438644
0.9387755102040816,0.7816326530612245,-1.1496518811655903,0.40681324739993874,0.7717783642278937
0.9387755102040816,0.9224489795918367,-1.1886933211289525,0.3204471569185373,0.7503108869690797
0.9387755102040816,1.063265306122449,-1.2294828006127745,0.23763626644571972,0.7271986694240862
0.9387755102040816,1.2040816326530612,-1.272190204160858,0.15800520737747256,0.7023717237957665
0.9387755102040816,1.3448979591836734,-1.3170088865026788,0.08121701533197241,0.6757307227753034
0.9387755102040816,1.4857142857142858,-1.364160708454762,0.0069735615286210875,0.6471465078277029
0.9387755102040816,1.626530612244898,-1.4139022476420808,-0.06498675016607164,0.6164579496022876
0.9387755102040816,1.76734693877551,-1.4665325800483782,-0.13489216296560647,0.58346810377248
0.9387755102040816,1.9081632653061225,-1.5224031567295675,-0.20294082863326177,0.5479384691357053
0.9387755102040816,2.0489795918367344,-1.5819304778723375,-0.2693037538308681,0.5095808922382015
0.9387755102040816,2.1897959183673468,-1.645612508746007,-0.33412731649328503,0.46804643822316727
0.9387755102040816,2.330612244897959,-1.714050096642424,-0.3975353050657487,0.4229101267797495
0.9387755102040816,2.4714285714285715,-1.7879750119011095,-0.4596304517047938,0.3736498259665498
0.9387755102040816,2.6122448979591835,-1.868286535506667,-0.5204955329514332,0.3196167224610639
0.9387755102040816,2.753061224489796,-1.9560983282244686,-0.580193910688847,0.2599928621206573
0.9387755102040816,2.8938775510204082,-2.0527953352743444,-0.6387698551474407,0.19372929842195483
0.9387755102040816,3.03469387755102,-2.160092605675231,-0.6962481429999543,0.11945179976878698
0.9387755102040816,3.1755102040816325,-2.2800615762906546,-0.7526336645916011,0.03531370279704658
0.9387755102040816,3.316326530612245,-2.4150045427290343,-0.8079103123017479,-0.06124681579029993
0.9387755102040816,3.457142857142857,-2.5667877370370045,-0.8620397764362516,-0.1739280864567131
0.9387755102040816,3.5979591836734692,-2.734412441467627,-0.9149600498334147,-0.30835176902209915
0.9387755102040816,3.7387755102040816,-2.9065400566807775,-0.9665836902544308,-0.47367673221525
0.9387755102040816,3.8795918367346935,-3.0452700829234622,-1.0167962268918678,-0.6863662457495698
0.9387755102040816,4.020408163265306,-3.0836022708521056,-1.0654545284064945,-0.9808654701797647
0.9387755102040816,4.161224489795918,-2.9954012442898703,-1.1123860774410834,-1.4518028357971398
0.9387755102040816,4.302040816326531,-2.8365060380315534,-1.1573882816772165,-2.6446569689077903
0.9387755102040816,4.442857142857143,-2.6649215130043484,-1.2002298440951442,-2.0166491471075383
0.9387755102040816,4.5836734693877546,-2.504818389062422,-1.2406534867941794,-1.2060570062711349
0.9387755102040816,4.724489795918367,-2.3616447348798286,-1.2783805018058927,-0.7813814629960344
0.9387755102040816,4.865306122448979,-2.2346607994651584,-1.313118344027377,-0.4877772614769471
0.9387755102040816,5.006122448979592,-2.121664692695277,-1.3445704579377733,-0.26089941795112526
0.9387755102040816,5.146938775510204,-2.0204188436032897,-1.3724487620454044,-0.074478057536852
0.9387755102040816,5.2877551020408164,-1.9290039419815854,-1.3964878843928683,0.08483049578362083
0.9387755102040816,5.428571428571429,-1.8458543291274812,-1.416460175180966,0.2247446139920683
0.9387755102040816,5.56938775510204,-1.7697102907734499,-1.4321897336172313,0.3501366207924854
0.9387755102040816,5.710204081632653,-1.6995580736451927,-1.4435640934280882,0.46428285358234456
0.9387755102040816,5.851020408163265,-1.6345769858288899,-1.4505417980425854,0.569495074271734
0.9387755102040816,5.9918367346938775,-1.5740971110786102,-1.453154735836134,0.6674678806090684
0.9387755102040816,6.13265306122449,-1.5175666557639436,-1.451505099774875,0.759482611516158
0.9387755102040816,6.273469387755102,-1.4645270034048494,-1.4457573064225333,0.8465336773173568
0.9387755102040816,6.414285714285714,-1.4145936605328375,-1.4361261298609838,0.9294102022070023
0.9387755102040816,6.555102040816326,-1.367441631979654,-1.4228627088669634,1.0087507336163608
0.9387755102040816,6.6959183673469385,-1.3227941174431253,-1.4062399581424998,1.0850810669014326
0.9387755102040816,6.836734693877551,-1.2804136991796404,-1.3865390780053475,1.1588409821439791
0.9387755102040816,6.977551020408163,-1.2400954152765744,-1.364037903265564,1.2304037795669984
0.9387755102040816,7.118367346938776,-1.2016612670805107,-1.3390017886352183,1.3000907358625187
0.9387755102040816,7.259183673469387,-1.164955828884877,-1.311677063986916,1.3681820232776123
0.9387755102040816,7.4,-1.1298427080076565,-1.2822869984332244,1.4349251269181627
0.9795918367346939,0.5,-1.0762687840537573,0.6149267904785733,0.8111995275641616
0.9795918367346939,0.6408163265306123,-1.1122647771621694,0.5229679571091471,0.793252465849896
0.9795918367346939,0.7816326530612245,-1.1497244368334745,0.4353358298539584,0.7737082164536627
0.9795918367346939,0.9224489795918367,-1.188782679338938,0.35163539152491563,0.7525652626970234
0.9795918367346939,1.063265306122449,-1.229590225510799,0.27147834750211103,0.7297879515599148
0.9795918367346939,1.2040816326530612,-1.272317150101751,0.1945063881671231,0.7053101652238863
0.9795918367346939,1.3448979591836734,-1.3171570516230857,0.12039829935556964,0.6790367825220122
0.9795918367346939,1.4857142857142858,-1.3643320934048389,0.04887043397843707,0.6508433355197016
0.9795918367346939,1.626530612244898,-1.4140992244536368,-0.020325478202474725,0.6205740530522499
0.9795918367346939,1.76734693877551,-1.4667579764900698,-0.08740538263747523,0.5880382484878095
0.9795918367346939,1.9081632653061225,-1.5226603626495694,-0.15255606589589243,0.5530048821231391
0.9795918367346939,2.0489795918367344,-1.5822235815473775,-0.21593801893057157,0.5151948707027573
0.9795918367346939,2.1897959183673468,-1.6459464741019365,-0.27768795007956604,0.4742705161595852
0.9795918367346939,2.330612244897959,-1.7144309951647756,-0.3379208470627122,0.42982102344497436
0.9795918367346939,2.4714285714285715,-1.7884103268492981,-0.396731618197398,0.3813425423241141
0.9795918367346939,2.6122448979591835,-1.8687855567953788,-0.4541962892980086,0.32821020217427976
0.9795918367346939,2.753061224489796,-1.9566726529529617,-0.5103729242124547,0.2696384250973406
0.9795918367346939,2.8938775510204082,-2.0534594456915105,-0.5653020557320468,0.2046226963600763
0.9795918367346939,3.03469387755102,-2.160864379561325,-0.6190069634990844,0.1318522578784696
0.9795918367346939,3.1755102040816325,-2.2809621462552214,-0.6714936167116029,0.04957379994798564
0.9795918367346939,3.316326530612245,-2.416055575632212,-0.7227503192315203,-0.044630848172057716
0.9795918367346939,3.457142857142857,-2.5679998786149776,-0.7727472782733313,-0.15422688349558464
0.9795918367346939,3.5979591836734692,-2.735745888356865,-0.8214360252101955,-0.2844306844586154
0.9795918367346939,3.7387755102040816,-2.907793073048756,-0.8687487049147604,-0.44362862536047737
0.9795918367346939,3.8795918367346935,-3.0459064424981483,-0.9145974951239693,-0.6466066575084005
0.9795918367346939,4.020408163265306,-3.0830160081513087,-0.9588744186519665,-0.9233487567026097
0.9795918367346939,4.161224489795918,-2.9938000746990268,-1.0014508686422734,-1.3513800842956984
0.9795918367346939,4.302040816326531,-2.834560453807906,-1.042178318517335,-2.2903438493591484
0.9795918367346939,4.442857142857143,-2.6630086333580256,-1.080889543275285,-2.2715933955968253
0.9795918367346939,4.5836734693877546,-2.503050267834219,-1.1174008064025267,-1.3015284731661596
0.9795918367346939,4.724489795918367,-2.360031978883908,-1.1515149890501473,-0.8410789206982783
0.9795918367346939,4.865306122448979,-2.2331859028132057,-1.1830263370383192,-0.5316778712021365
0.9795918367346939,5.006122448979592,-2.120305707678689,-1.2117262739310817,-0.29589912876156677
0.9795918367346939,5.146938775510204,-2.0191559109804813,-1.2374106155576237,-0.10376729349095375
0.9795918367346939,5.2877551020408164,-1.9278205533866957,-1.2598876411360849,0.059514990691871335
0.9795918367346939,5.428571428571429,-1.8447371023830823,-1.2789867100928916,0.20235296798852312
0.9795918367346939,5.56938775510204,-1.768648419046304,-1.2945665526256558,0.3299857367737263
0.9795918367346939,5.710204081632653,-1.6985427867306584,-1.3065227199916178,0.44590336628386507
0.9795918367346939,5.851020408163265,-1.6336011044853798,-1.314793310771145,0.5525505901936818
0.9795918367346939,5.9918367346938775,-1.573154698462439,-1.3193622622970964,0.6517090972041869
0.9795918367346939,6.13265306122449,-1.5166527496157765,-1.3202600221241232,0.7447196524260588
0.9795918367346939,6.273469387755102,-1.4636374115347512,-1.3175613601409677,0.8326186219596023
0.9795918367346939,6.414285714285714,-1.413724804336649,-1.3113806737420346,0.916225614359039
0.9795918367346939,6.555102040816326,-1.3665904255127443,-1.30186539883814,0.9962018708318118
0.9795918367346939,6.6959183673469385,-1.3219578731633874,-1.2891881024266278,1.073090436783296
0.9795918367346939,6.836734693877551,-1.279590054228665,-1.273538234709882,1.1473444634921228
0.9795918367346939,6.977551020408163,-1.2392822728436994,-1.2551140505992662,1.2193477788445726
0.9795918367346939,7.118367346938776,-1.2008567498459166,-1.2341153158841456,1.2894300897832578
0.9795918367346939,7.259183673469387,-1.16415824116342,-1.210737145075076,1.3578784090877503
0.9795918367346939,7.4,-1.1290505052184436,-1.1851651997113781,1.4249458552099452
1.0204081632653061,0.5,-1.076309274848941,0.6363776661997939,0.8124343114855707
1.0204081632653061,0.6408163265306123,-1.1123194434876273,0.5469829874175602,0.7947928731219873
1.0204081632653061,0.7816326530612245,-1.1497943429323734,0.4618579875623591,0.7755578680931248
1.0204081632653061,0.9224489795918367,-1.1888689590284915,0.3806245520329837,0.754731054929314
1.0204081632653061,1.063265306122449,-1.2296941423497705,0.3029108843053106,0.732280201284366
1.0204081632653061,1.2040816326530612,-1.272440150993046,0.22837396106981697,0.7081428419585856
1.0204081632653061,1.3448979591836734,-1.3173008201611296,0.15670644929007138,0.6822278487283727
1.0204081632653061,1.4857142857142858,-1.3644986081957673,0.08763721952194294,0.6544152217448954
1.0204081632653061,1.626530612244898,-1.4142908273599664,0.02092926495081769,0.624554302196931
1.0204081632653061,1.76734693877551,-1.4669774560616535,-0.043623232866282835,0.5924603761953672
1.0204081632653061,1.9081632653061225,-1.5229110591128094,-0.10619796816450484,0.5579095215432588
1.0204081632653061,2.0489795918367344,-1.5825095213937705,-0.16694730913497263,0.5206312960684012
1.0204081632653061,2.1897959183673468,-1.6462725448584101,-0.22600078010104843,0.4802986871738528
1.0204081632653061,2.330612244897959,-1.7148031740743779,-0.28346713948253244,0.43651435831397606
1.0204081632653061,2.4714285714285715,-1.7888359807314527,-0.33943607673523174,0.38879173694641006
1.0204081632653061,2.6122448979591835,-1.869273832063699,-0.3939795153418071,0.33652858822655585
1.0204081632653061,2.753061224489796,-1.957234968126935,-0.447152691775069,0.2789696626697307
1.0204081632653061,2.8938775510204082,-2.054110063648749,-0.4989948099559654,0.2151521261165865
1.0204081632653061,3.03469387755102,-2.1616209083188322,-0.549529573001327,0.1438241779418487
1.0204081632653061,3.1755102040816325,-2.281845399499994,-0.598765483560322,0.06331885479224666
1.0204081632653061,3.316326530612245,-2.4170868763081397,-0.6466958756789064,-0.028650229747007358
1.0204081632653061,3.457142857142857,-2.5691896099513807,-0.6932989463091026,-0.13533649461398883
1.0204081632653061,3.5979591836734692,-2.7370544299059305,-0.738537686672456,-0.2615928688237173
1.0204081632653061,3.7387755102040816,-2.9090205244026315,-0.7823597190384928,-0.4151250198444539
1.0204081632653061,3.8795918367346935,-3.046523605193916,-0.8246972612429059,-0.6092778618381788
1.0204081632653061,4.020408163265306,-3.0824312527401023,-0.8654674484381444,-0.8703601845745205
1.0204081632653061,4.161224489795918,-2.992224498013779,-0.904572251288904,-1.262910530557614
1.0204081632653061,4.302040816326531,-2.832650997695077,-0.9418995862210529,-2.043264094681581
1.0204081632653061,4.442857142857143,-2.661132329362059,-0.9773241173237287,-2.62620074091794
1.0204081632653061,4.5836734693877546,-2.501315814121649,-1.010709450069265,-1.4068460977096673
1.0204081632653061,4.724489795918367,-2.3584495015403153,-1.0419101132494046,-0.9040579296868728
1.0204081632653061,4.865306122448979,-2.231738238037917,-1.070774907715527,-0.5771224023986755
1.0204081632653061,5.006122448979592,-2.1189713962598384,-1.0971506551332022,-0.3317539370745735
1.0204081632653061,5.146938775510204,-2.017915542052567,-1.1208868003130645,-0.13357583229666858
1.0204081632653061,5.2877551020408164,-1.9266579896698088,-1.1418404268731903,0.0338660021280759
1.0204081632653061,5.428571428571429,-1.843639259622218,-1.1598816435246107,0.17973986757967525
1.0204081632653061,5.56938775510204,-1.7676047283776888,-1.1748988102688496,0.3096852391184089
1.0204081632653061,5.710204081632653,-1.6975446689123224,-1.1868034168541406,0.4274225202684274
1.0204081632653061,5.851020408163265,-1.6326415348328571,-1.195534147956316,0.5355383428823459
1.0204081632653061,5.9918367346938775,-1.5722278665122753,-1.201059674629252,0.6359066102613755
1.0204081632653061,6.13265306122449,-1.5157537977086475,-1.2033801042298344,0.7299306191504455
1.0204081632653061,6.273469387755102,-1.4627622348943932,-1.2025267871996104,0.8186906474089788
1.0204081632653061,6.414285714285714,-1.412869898073415,-1.1985605550224554,0.9030380651568884
1.0204081632653061,6.555102040816326,-1.365752766549795,-1.1915686540055586,0.9836576720970033
1.0204081632653061,6.6959183673469385,-1.3211348280142237,-1.1816605409727319,1.0611103584312305
1.0204081632653061,6.836734693877551,-1.2787793070071227,-1.1689630426151865,1.1358630689160791
1.0204081632653061,6.977551020408163,-1.23848176789906,-1.1536151921589168,1.2083104627466268
1.0204081632653061,7.118367346938776,-1.2000646460824358,-1.1357630922176436,1.2787908971336839
1.0204081632653061,7.259183673469387,-1.1633728750882544,-1.1155551568306095,1.3475983897656842
1.0204081632653061,7.4,-1.1282703610606077,-1.0931379624069226,1.4149918152393193
1.0612244897959182,0.5,-1.0763481042612113,0.6563645908129979,0.8136107969150614
1.0612244897959182,0.6408163265306123,-1.1123720191832052,0.5693747149050036,0.7962662361143145
1.0612244897959182,0.7816326530612245,-1.149861739219517,0.48659106271424213,0.7773321560985494
1.0612244897959182,0.9224489795918367,-1.1889523140410978,0.40765123911565804,0.7568133325889764
1.0612244897959182,1.063265306122449,-1.2297947178778925,0.3321986362331888,0.7346807303495192
1.0612244897959182,1.2040816326530612,-1.272559385806791,0.2599041345911633,0.7108753310049845
1.0612244897959182,1.3448979591836734,-1.3174403830254249,0.19047286214222714,0.6853097970823467
1.0612244897959182,1.4857142857142858,-1.3646604557639292,0.1236447448576864,0.6578683861052377
1.0612244897959182,1.626530612244898,-1.4144772717408924,0.05919253956291536,0.6284053191046154
1.0612244897959182,1.76734693877551,-1.4671912473147033,-0.0030809808298970106,0.5967415861042294
1.0612244897959182,1.9081632653061225,-1.5231554889084322,-0.06334599391740998,0.5626600588908786
1.0612244897959182,2.0489795918367344,-1.582788555821069,-0.1217483506321792,0.525898533905898
1.0612244897959182,2.1897959183673468,-1.6465909967944985,-0.17841201965057665,0.48614016878808913
1.0612244897959182,2.330612244897959,-1.7151669287247808,-0.2334411577575995,0.44300040837058335
1.0612244897959182,2.4714285714285715,-1.7892522913499356,-0.2869218365963725,0.3960090448421854
1.0612244897959182,2.6122448979591835,-1.8697517046183059,-0.33892341164950907,0.3445852175175062
1.0612244897959182,2.753061224489796,-1.9577856472117914,-0.3894996999774391,0.2880022112749525
1.0612244897959182,2.8938775510204082,-2.0547475969755777,-0.4386897734043522,0.2253362330524598
1.0612244897959182,3.03469387755102,-2.16236264077462,-0.4865186656060751,0.15539044143736921
1.0612244897959182,3.1755102040816325,-2.282711833166522,-0.5329978835649333,0.07657786525706445
1.0612244897959182,3.316326530612245,-2.4180989989290795,-0.5781256805122235,-0.013266695446470408
1.0612244897959182,3.457142857142857,-2.57035755139713,-0.6218873614573368,-0.11720373014116262
1.0612244897959182,3.5979591836734692,-2.7383387598130886,-0.6642555063709199,-0.23975905383938897
1.0612244897959182,3.7387755102040816,-2.910223169837998,-0.7051901059948822,-0.3880356720305299
1.0612244897959182,3.8795918367346935,-3.0471222933727335,-0.7446388104173534,-0.5741325004149251
1.0612244897959182,4.020408163265306,-3.081848274328674,-0.7825374932698763,-0.8212973425193079
1.0612244897959182,4.161224489795918,-2.990673986204731,-0.8188103565802708,-1.1839905948762033
1.0612244897959182,4.302040816326531,-2.830776710133222,-0.8533710747917065,-1.8541538170465666
1.0612244897959182,4.442857142857143,-2.659291577682485,-0.886123523929157,-3.2204524281478273
1.0612244897959182,4.5836734693877546,-2.499614084903189,-0.9169636107853238,-1.5245324105853062
1.0612244897959182,4.724489795918367,-2.3568964649458484,-0.9457807216124805,-0.9707769743581868
1.0612244897959182,4.865306122448979,-2.230317063518858,-0.9724601775457792,-0.6242592060377484
1.0612244897959182,5.006122448979592,-2.1176610976043513,-0.9968858209291239,-0.3685270776391402
1.0612244897959182,5.146938775510204,-2.0166971422505293,-1.018943169407432,-0.16393545915369498
1.0612244897959182,5.2877551020408164,-1.9255157104920708,-1.0385227527862706,0.007865655441118257
1.0612244897959182,5.428571428571429,-1.842560305186196,-1.0555237142826013,0.156894388250648
1.0612244897959182,5.56938775510204,-1.7665787602222651,-1.069857300401711,0.28922799624900397
1.0612244897959182,5.710204081632653,-1.6965632927612524,-1.0814501857590109,0.40883539843162925
1.0612244897959182,5.851020408163265,-1.6316978757705838,-1.0902473794020697,0.5184547804049097
1.0612244897959182,5.9918367346938775,-1.5713162365796598,-1.0962143858574935,0.6200577481196191
1.0612244897959182,6.13265306122449,-1.5148694406244159,-1.0993386421027593,0.7151134269553544
1.0612244897959182,6.273469387755102,-1.461901130661928,-1.0996299634650586,0.8047480747225231
1.0612244897959182,6.414285714285714,-1.412028613351534,-1.0971199902419377,0.8898461656796213
1.0612244897959182,6.555102040816326,-1.36492833927192,-1.0918607768702175,0.9711169595719162
1.0612244897959182,6.6959183673469385,-1.3203246772188393,-1.0839225402251456,1.0491398134749486
1.0612244897959182,6.836734693877551,-1.2779811623814363,-1.0733908097080855,1.1243959021563594
1.0612244897959182,6.977551020408163,-1.2376936137235433,-1.060363183070945,1.1972910303289268
1.0612244897959182,7.118367346938776,-1.1992846765478613,-1.0449458349509402,1.268172434640947
1.0612244897959182,7.259183673469387,-1.1625994580240333,-1.0272500797220099,1.3373413064883881
1.0612244897959182,7.4,-1.1275020087109107,-1.007389138151238,1.405062402532831
1.1020408163265305,0.5,-1.0763853696946488,0.675033053175137,0.8147329525396848
1.1020408163265305,0.6408163265306123,-1.1124226192843298,0.5903057637929936,0.7976767803123079
1.1020408163265305,0.7816326530612245,-1.1499267559995665,0.5097165683246001,0.7790355425494778
1.1020408163265305,0.9224489795918367,-1.1890328883156258,0.4329178171319483,0.7588167899922766
1.1020408163265305,1.063265306122449,-1.2298921085849575,0.35956702362828136,0.7369944734487834
1.1020408163265305,1.2040816326530612,-1.272675022947294,0.28934787419000135,0.713512826588416
1.1020408163265305,1.3448979591836734,-1.317575920304055,0.22197684572619664,0.6882881111564195
1.1020408163265305,1.4857142857142858,-1.3648178279777332,0.1572038087764918,0.6612086427266635
1.1020408163265305,1.626530612244898,-1.4146587616587545,0.09481016922798759,0.6321333011950709
1.1020408163265305,1.76734693877551,-1.4673995672137878,0.03460616674204651,0.6008885290188734
1.1020408163265305,1.9081632653061225,-1.5233938829149491,-0.02357196158298524,0.5672636851840571
1.1020408163265305,2.0489795918367344,-1.58306093095671,-0.07986465588202198,0.5310044276851408
1.1020408163265305,2.1897959183673468,-1.6469020930031772,-0.13439141355853312,0.4918036022958153
1.1020408163265305,2.330612244897959,-1.7155225412928428,-0.18725283900808412,0.4492888034328531
1.1020408163265305,2.4714285714285715,-1.7896595625746192,-0.23853237707155076,0.4030053401981393
1.1020408163265305,2.6122448979591835,-1.8702195032530486,-0.28829771677349514,0.35239255813691306
1.1020408163265305,2.753061224489796,-1.9583250478928784,-0.3366020263557526,0.29675062298618743
1.1020408163265305,2.8938775510204082,-2.055372437149937,-0.3834848324504616,0.23519236740218305
1.1020408163265305,3.03469387755102,-2.163090008155858,-0.42897284123685275,0.16657226327899807
1.1020408163265305,3.1755102040816325,-2.283561925428653,-0.4730805740986027,0.08937759081176906
1.1020408163265305,3.316326530612245,-2.4190924768948197,-0.5158107917760811,0.0015548400933629637
1.1020408163265305,3.457142857142857,-2.5715043004333826,-0.5571549634335523,-0.09978023892924465
1.1020408163265305,3.5979591836734692,-2.739599546239084,-0.5970936560942341,-0.21885805798396663
1.1020408163265305,3.7387755102040816,-2.911401739151196,-0.6355968379972483,-0.3622457089086362
1.1020408163265305,3.8795918367346935,-3.0477031959684617,-0.6726242744017097,-0.5409581351624736
1.1020408163265305,4.020408163265306,-3.081267319947449,-0.7081262017254834,-0.775669333491082
1.1020408163265305,4.161224489795918,-2.9891480376206334,-0.7420434442206884,-1.1128742569954047
1.1020408163265305,4.302040816326531,-2.8289366653864643,-0.7743088028876685,-1.701419746111738
1.1020408163265305,4.442857142857143,-2.657485392600809,-0.8048472717247345,-6.139276128896182
1.1020408163265305,4.5836734693877546,-2.497944171674779,-0.8335777797900167,-1.6582144727503016
1.1020408163265305,4.724489795918367,-2.3553720616005207,-0.8604144240991602,-1.0417953436837815
1.1020408163265305,4.865306122448979,-2.228921664159602,-0.8852681718592266,-0.6732579029340668
1.1020408163265305,5.006122448979592,-2.1163741741442075,-0.908048788509861,-0.406288361786067
1.1020408163265305,5.146938775510204,-2.0155001375802133,-0.9286671178795437,-0.19488049199383933
1.1020408163265305,5.2877551020408164,-1.9243931939285017,-0.9470374209306082,-0.018505046293833993
1.1020408163265305,5.428571428571429,-1.8414997600627085,-0.9630799128648947,0.13380505858269456
1.1020408163265305,5.56938775510204,-1.7655700712310602,-0.9767232115043073,0.26860659193560954
1.1020408163265305,5.710204081632653,-1.6955982448023024,-0.987906689119792,0.390136927134342
1.1020408163265305,5.851020408163265,-1.630769739135254,-0.996582597894892,0.5012962644245039
1.1020408163265305,5.9918367346938775,-1.5704194420863407,-1.002717723208268,0.6041597903450138
1.1020408163265305,6.13265306122449,-1.5139993302818864,-1.0062946136620983,0.7002659651810837
1.1020408163265305,6.273469387755102,-1.4610537667132732,-1.0073121944744232,0.7907892121585736
1.1020408163265305,6.414285714285714,-1.4112006319138508,-1.0057857138142545,0.8766485213463472
1.1020408163265305,6.555102040816326,-1.3641168374942534,-1.0017461209178078,0.9585785551500915
1.1020408163265305,6.6959183673469385,-1.3195271251643337,-0.9952388534838158,1.0371777856927826
1.1020408163265305,6.836734693877551,-1.277195334040014,-0.9863221255023997,1.1129420714177194
1.1020408163265305,6.977551020408163,-1.2369175321657024,-0.9750648801905711,1.1862886871003198
1.1020408163265305,7.118367346938776,-1.1985165702185094,-0.9615444162236643,1.257573985490331
1.1020408163265305,7.259183673469387,-1.1618377252574472,-0.9458439531541853,1.3271065067062207
1.1020408163265305,7.4,-1.1267451890369753,-0.928050201478362,1.395157018969956
1.1428571428571428,0.5,-1.0764211613515526,0.6925096055339397,0.8158044046609254
1.1428571428571428,0.6408163265306123,-1.1124713507477368,0.6099171844462452,0.7990283906253893
1.1428571428571428,0.7816326530612245,-1.1499895148912884,0.531391429418446,0.7806721496567406
1.1428571428571428,0.9224489795918367,-1.1891108166406263,0.45659859728605234,0.7607457802882275
1.1428571428571428,1.063265306122449,-1.2299864614449774,0.38520944023453907,0.7392260206153756
1.1428571428571428,1.2040816326530612,-1.2727872210169204,0.31691955383221254,0.7160601721980917
1.1428571428571428,1.3448979591836734,-1.3177076020169745,0.2514558772761822,0.6911679148148917
1.1428571428571428,1.4857142857142858,-1.3649709063893398,0.18857735385988572,0.6644414327086551
1.1428571428571428,1.626530612244898,-1.414835490606433,0.12807318867463327,0.6357440574966948
1.1428571428571428,1.76734693877551,-1.4676026218662752,0.06976026966144577,0.6049074422755796
1.1428571428571428,1.9081632653061225,-1.5236264608385024,0.013480435854965837,0.5717271482217774
1.1428571428571428,2.0489795918367344,-1.5833268813972847,-0.040902112826190065,0.5359563392124593
1.1428571428571428,2.1897959183673468,-1.6472060845997782,-0.0935031375765566,0.49729709752138607
1.1428571428571428,2.330612244897959,-1.7158702814723807,-0.14442037431200364,0.4553885770205895
1.1428571428571428,2.4714285714285715,-1.7900580852212584,-0.19373525801920638,0.4097908149673485
1.1428571428571428,2.6122448979591835,-1.8706775430411495,-0.2415143367145227,0.35996228046004103
1.1428571428571428,2.753061224489796,-1.9588535133281646,-0.28781053567781484,0.3052284936054412
1.1428571428571428,2.8938775510204082,-2.0559849601972906,-0.3326640867818907,0.2447366972785816
1.1428571428571428,3.03469387755102,-2.1638034250349794,-0.3761034164404362,0.1773893469518793
1.1428571428571428,3.1755102040816325,-2.284396136409467,-0.41814586064963566,0.10174277223504669
1.1428571428571428,3.316326530612245,-2.4200678238809834,-0.4587981767537515,0.01584662308379696
1.1428571428571428,3.457142857142857,-2.5726304327309726,-0.49805710754692933,-0.08302194724582386
1.1428571428571428,3.5979591836734692,-2.7408374328392884,-0.5359098700719649,-0.19882573361126105
1.1428571428571428,3.7387755102040816,-2.912556934225571,-0.5723345478019785,-0.337653314277952
1.1428571428571428,3.8795918367346935,-3.048266970718161,-0.6073005801153761,-0.5095711831537592
1.1428571428571428,4.020408163265306,-3.0806886156339948,-0.6407693814235893,-0.7330708815911007
1.1428571428571428,4.161224489795918,-2.9876461342984193,-0.6726946829313147,-1.0482500972069972
1.1428571428571428,4.302040816326531,-2.8271299550761135,-0.7030236503114754,-1.5736494566433072
1.1428571428571428,4.442857142857143,-2.655712824136083,-0.7316971308001268,-3.2984072798465838
1.1428571428571428,4.5836734693877546,-2.4963051989563603,-0.7586511573808598,-1.8133811538721623
1.1428571428571428,4.724489795918367,-2.353875512232704,-0.7838179349069089,-1.1178052812115093
1.1428571428571428,4.865306122448979,-2.2275513501956827,-0.807127071371115,-0.7243136947461022
1.1428571428571428,5.006122448979592,-2.1151100105254166,-0.8285072250310693,-0.4451151440851404
1.1428571428571428,5.146938775510204,-2.0143239737546264,-0.8478876392609054,-0.22644807033942524
1.1428571428571428,5.2877551020408164,-1.923289935719717,-0.8651999410095472,-0.045266326059100345
1.1428571428571428,5.428571428571429,-1.840457161209411,-0.8803799883996685,0.1104598166620394
1.1428571428571428,5.56938775510204,-1.764578232623508,-0.8933696588410707,0.24781330515148228
1.1428571428571428,5.710204081632653,-1.6946491250157274,-0.9041185680196155,0.3713218719940729
1.1428571428571428,5.851020408163265,-1.6298567492020806,-0.9125856655765026,0.4840590650294108
1.1428571428571428,5.9918367346938775,-1.5695371280505457,-0.9187405076025593,0.5882099649266285
1.1428571428571428,6.13265306122449,-1.5131431294843871,-0.9225642687093701,0.6853860945751905
1.1428571428571428,6.273469387755102,-1.4602198212108775,-0.9240503515560904,0.776812353856725
1.1428571428571428,6.414285714285714,-1.410385645239412,-0.923204539218184,0.8634437316661201
1.1428571428571428,6.555102040816326,-1.3633179643215914,-0.9200447512408163,0.9460412800725072
1.1428571428571428,6.6959183673469385,-1.3187418851100978,-0.9146003962431377,1.0252232612280199
1.1428571428571428,6.836734693877551,-1.2764215441472693,-0.906911318550905,1.1015006884801815
1.1428571428571428,6.977551020408163,-1.2361532532444555,-0.8970264899175093,1.1753026438293164
1.1428571428571428,7.118367346938776,-1.197760064004077,-0.8850023727261849,1.2469948392348036
1.1428571428571428,7.259183673469387,-1.1610874197474321,-0.8709011929556679,1.3168933442844892
1.1428571428571428,7.4,-1.1259996503390808,-0.8547891287762169,1.3852750726446228
1.183673469387755,0.5,-1.0764555628480967,0.7089049037654573,0.8168284719630629
1.183673469387755,0.6408163265306123,-1.1125183131535388,0.6283320235192479,0.8003246440515694
1.183673469387755,0.7816326530612245,-1.1500501295156391,0.5517521332631428,0.7822457907401915
1.183673469387755,0.9224489795918367,-1.1891862253545422,0.4788446983780934,0.7626043454093672
1.183673469387755,1.063265306122449,-1.230077914629221,0.409292949432536,0.7413796465103565
1.183673469387755,1.2040816326530612,-1.2728961295108931,0.3428036432574769,0.7185218894453893
1.183673469387755,1.3448979591836734,-1.3178355888101296,0.27911345605210713,0.6939540005435776
1.183673469387755,1.4857142857142858,-1.3651198629032524,0.2179897118485895,0.6675718535034252
1.183673469387755,1.626530612244898,-1.415007642153955,0.15922874840155682,0.6392430347645514
1.183673469387755,1.76734693877551,-1.467800607175553,0.10265347823131599,0.608804181511169
1.183673469387755,1.9081632653061225,-1.5238534318584123,0.04811074831833793,0.5760567864299587
1.183673469387755,2.0489795918367344,-1.583586630846147,-0.004531155099284561,0.5407611854520932
1.183673469387755,2.1897959183673468,-1.6475032114103292,-0.05538476380922636,0.5026282733989543
1.183673469387755,2.330612244897959,-1.7162104071887543,-0.1045453970975637,0.4613082123793933
1.183673469387755,2.4714285714285715,-1.7904481377509551,-0.15209286323852048,0.41637503164010864
1.183673469387755,2.6122448979591835,-1.8711261260138927,-0.19809287056356484,0.3673053212310819
1.183673469387755,2.753061224489796,-1.9593713728530084,-0.24259829408487277,0.31344854232619335
1.183673469387755,2.8938775510204082,-2.056585527325702,-0.28565013355460345,0.2539843104492935
1.183673469387755,3.03469387755102,-2.164503290123371,-0.3272784416227784,0.18786002040857755
1.183673469387755,3.1755102040816325,-2.28521490898253,-0.3675030808719232,0.11369632527183404
1.183673469387755,3.316326530612245,-2.421025534746132,-0.4063342850385766,0.029638351413223383
1.183673469387755,3.457142857142857,-2.5737365031433814,-0.443773278870157,-0.0668885757130583
1.183673469387755,3.5979591836734692,-2.7420530399403558,-0.47981282429176675,-0.17960407790854388
1.183673469387755,3.7387755102040816,-2.9136894303721137,-0.5144376522594799,-0.31416783508992097
1.183673469387755,3.8795918367346935,-3.0488142472051876,-0.5476249902543144,-0.47981233848312344
1.183673469387755,4.020408163265306,-3.0801123679265983,-0.5793451922009962,-0.6931635415665447
1.183673469387755,4.161224489795918,-2.986167790621777,-0.6095620728989554,-0.98911154552908
1.183673469387755,4.302040816326531,-2.8253557153364457,-0.6382339579046755,-1.4640746875827075
1.183673469387755,4.442857142857143,-2.6539729559724745,-0.6653138654483063,-2.6874929438821042
1.183673469387755,4.5836734693877546,-2.4946963227370103,-0.690750839356206,-1.9989263587932078
1.183673469387755,4.724489795918367,-2.352406067769001,-0.7144907422752228,-1.1996771943143723
1.183673469387755,4.865306122448979,-2.226205456114031,-0.7364772247451935,-0.7776528238353082
1.183673469387755,5.006122448979592,-2.11386801268873,-0.7566530429524093,-0.4850934724610432
1.183673469387755,5.146938775510204,-2.0131681153521113,-0.7749612277369277,-0.25867848723419673
1.183673469387755,5.2877551020408164,-1.9222054484978577,-0.7913464558998641,-0.07243975118248792
1.183673469387755,5.428571428571429,-1.839432060880502,-0.8057564550247018,0.08684596235362066
1.183673469387755,5.56938775510204,-1.763602829598409,-0.8181433522104895,0.22684008843150721
1.183673469387755,5.710204081632653,-1.6937155462338098,-0.828464967642361,0.35238482099639046
1.183673469387755,5.851020408163265,-1.6289585421806227,-0.8366860417679328,0.4667393550141673
1.183673469387755,5.9918367346938775,-1.5686689506215465,-0.8427792285104334,0.5722054451881055
1.183673469387755,6.13265306122449,-1.5123005115137331,-0.8467259183896313,0.6704716468542583
1.183673469387755,6.273469387755102,-1.4593989822012665,-0.8485167911774244,0.7628157784597916
1.183673469387755,6.414285714285714,-1.4095833541962273,-0.8481520428467978,0.8502303894681819
1.183673469387755,6.555102040816326,-1.3625314317880426,-0.845641324153162,0.9335039540604038
1.183673469387755,6.6959183673469385,-1.3179686788617178,-0.8410034076658476,1.0132752280740365
1.183673469387755,6.836734693877551,-1.275659523067308,-0.8342655225947677,1.090070868797801
1.183673469387755,6.977551020408163,-1.2354005148463794,-0.8254625056463062,1.1643321153203847
1.183673469387755,7.118367346938776,-1.1970149024354708,-0.8146356522214694,1.2364342911125967
1.183673469387755,7.259183673469387,-1.1603482918388028,-0.8018314757319306,1.306701179291485
1.183673469387755,7.4,-1.1252651480716886,-0.7871003493782701,1.3754159777185773
1.2244897959183672,0.5,-1.0764886517824468,0.7243161672524268,0.817808196161553
1.2244897959183672,0.6408163265306123,-1.1125635992622005,0.6456581481016371,0.801568838856581
1.2244897959183672,0.7816326530612245,-1.1501087061282118,0.5709180467789337,0.7837599980797252
1.2244897959183672,0.9224489795918367,-1.1892592329879301,0.49978790358837544,0.7643962430297586
1.2244897959183672,1.063265306122449,-1.230166598136429,0.4319627733897005,0.743459336760425
1.2244897959183672,1.2040816326530612,-1.2730018894478414,0.3671599391280117,0.7209022043003582
1.2244897959183672,1.3448979591836734,-1.3179600325788465,0.30512521013142685,0.6966508560718006
1.2244897959183672,1.4857142857142858,-1.3652648604374087,0.24563372110307713,0.6706046856771433
1.2244897959183672,1.626530612244898,-1.415175390596079,0.188488421007273,0.6426353477604043
1.2244897959183672,1.76734693877551,-1.4679937094821838,0.1335177526967004,0.6125842495093987
1.2244897959183672,1.9081632653061225,-1.5240749952711146,0.08057312542902795,0.5802585596109988
1.2244897959183672,2.0489795918367344,-1.5838403927637728,0.029526507685921202,0.5454254717180274
1.2244897959183672,2.1897959183673468,-1.647793702592069,-0.019731758567337367,0.5078042952194957
1.2244897959183672,2.330612244897959,-1.7165431652110477,-0.06729487771461509,0.46705568433926603
1.2244897959183672,2.4714285714285715,-1.7908299870116176,-0.11324127135111593,0.4227669785524785
1.2244897959183672,2.6122448979591835,-1.8715655418801336,-0.1576359623671889,0.3744319441999199
1.2244897959183672,2.753061224489796,-1.9598789427077001,-0.20053185105901117,0.32142268230600696
1.2244897959183672,2.8938775510204082,-2.0571744857258216,-0.24197067259937535,0.26294930640628983
1.2244897959183672,3.03469387755102,-2.165189986997929,-0.2819839403246425,0.19800135819478845
1.2244897959183672,3.1755102040816325,-2.286018669658022,-0.3205937311656788,0.12525951179589753
1.2244897959183672,3.316326530612245,-2.4219660863651096,-0.35781327001260516,0.04295742890782509
1.2244897959183672,3.457142857142857,-2.5748230466286857,-0.3936475762986375,-0.05134322162880627
1.2244897959183672,3.5979591836734692,-2.7432469656079768,-0.42809404398187534,-0.16114048057209435
1.2244897959183672,3.7387755102040816,-2.914799877506191,-0.46114288675659415,-0.291708218074805
1.2244897959183672,3.8795918367346935,-3.049345626237171,-0.49277767964173036,-0.45154192376874364
1.2244897959183672,4.020408163265306,-3.0795387652922654,-0.5229759792890334,-0.6556617961823925
1.2244897959183672,4.161224489795918,-2.984712523135118,-0.5517096471583398,-0.9346672750473235
1.2244897959183672,4.302040816326531,-2.823613105949639,-0.5789458255666674,-1.368348845069078
1.2244897959183672,4.442857142857143,-2.6522649042793724,-0.6046470681585199,-2.3372639534218482
1.2244897959183672,4.5836734693877546,-2.4931167291757537,-0.6287725364161817,-2.2307202007558073
1.2244897959183672,4.724489795918367,-2.3509630032501296,-0.6512786469074767,-1.2885279142936221
1.2244897959183672,4.865306122448979,-2.224883339574713,-0.6721198517715136,-0.8335395706600713
1.2244897959183672,5.006122448979592,-2.112647606953029,-0.6912497201418296,-0.5263194651612382
1.2244897959183672,5.146938775510204,-2.012032045026229,-0.708621852912956,-0.2916155707689945
1.2244897959183672,5.2877551020408164,-1.9211392611047993,-0.7241909580676329,-0.10004836441028649
1.2244897959183672,5.428571428571429,-1.8384240259967297,-0.7379139473827147,0.06295010475678983
1.2244897959183672,5.56938775510204,-1.7626434607546393,-0.7497509866559752,0.20567854380090428
1.2244897959183672,5.710204081632653,-1.692797133663911,-0.7596664884443223,0.3333201749696269
1.2244897959183672,5.851020408163265,-1.6280747657648753,-0.7676300804163122,0.4493332038599946
1.2244897959183672,5.9918367346938775,-1.5678145766672098,-0.7736173909072509,0.5561433465328626
1.2244897959183672,6.13265306122449,-1.511471159705973,-0.7776107192574183,0.6555204210791671
1.2244897959183672,6.273469387755102,-1.4585909472349488,-0.7795995188056734,0.7487977477107738
1.2244897959183672,6.414285714285714,-1.4087934686731296,-0.7795806417451562,0.837007079846188
1.2244897959183672,6.555102040816326,-1.3617569605378146,-0.7775583621068713,0.9209653948626768
1.2244897959183672,6.6959183673469385,-1.3172072364554444,-0.7735442217016124,1.0013326756070593
1.2244897959183672,6.836734693877551,-1.2749090090814679,-0.767556598674223,1.078651732151105
1.2244897959183672,6.977551020408163,-1.2346590624834552,-0.7596201480278718,1.1533763219203752
1.2244897959183672,7.118367346938776,-1.1962808373793452,-0.7497649769352694,1.2258916415583372
1.2244897959183672,7.259183673469387,-1.1596200990048264,-0.7380257413237853,1.2965293775897127
1.2244897959183672,7.4,-1.124541444623137,-0.7244406110323408,1.3655791544212441
1.2653061224489794,0.5,-1.0765205002375478,0.7388291962952866,0.8187463694306593
1.2653061224489794,0.6408163265306123,-1.1126072956099808,0.6619905906777733,0.8027640204983054
1.2653061224489794,0.7816326530612245,-1.1501653441906077,0.5889940922731038,0.7852180478892612
1.2653061224489794,0.9224489795918367,-1.189329950838472,0.5195437514271957,0.7661249708334004
1.2653061224489794,1.063265306122449,-1.2302526343914688,0.4533458721667874,0.7454688118434547
1.2653061224489794,1.2040816326530612,-1.2731046339665595,0.3901277105440883,0.7232050705833741
1.2653061224489794,1.3448979591836734,-1.31808107705273,0.3296436972875351,0.6992626880006706
1.2653061224489794,1.4857142857142858,-1.365406053457523,0.2716762980280102,0.6735444169813447
1.2653061224489794,1.626530612244898,-1.4153389015249758,0.21603464839021363,0.6459258036106524
1.2653061224489794,1.76734693877551,-1.4681821061291813,0.16255233217882817,0.6162528224743857
1.2653061224489794,1.9081632653061225,-1.5242913410585883,0.11108497456655633,0.5843380770061097
1.2653061224489794,2.0489795918367344,-1.5840883709369913,0.06150792502466407,0.5499553215761418
1.2653061224489794,2.1897959183673468,-1.6480777772276027,0.013714143884167081,0.5128319081541632
1.2653061224489794,2.330612244897959,-1.7168687917742451,-0.03238766050460612,0.4726384973399848
1.2653061224489794,2.4714285714285715,-1.7912038885772883,-0.0768746680802537,0.4289750988475949
1.2653061224489794,2.6122448979591835,-1.8719960686156258,-0.11981129528356034,0.3813517843846813
1.2653061224489794,2.753061224489796,-1.9603765266313324,-0.1612504696238637,0.3291620850004025
1.2653061224489794,2.8938775510204082,-2.057752169254466,-0.2012345743023307,0.2716448775571576
1.2653061224489794,3.03469387755102,-2.1658638848717904,-0.23979639646141793,0.2078292899414697
1.2653061224489794,3.1755102040816325,-2.286807829253564,-0.2769599219399623,0.1364520903555988
1.2653061224489794,3.316326530612245,-2.4228899384596025,-0.31274092948307675,0.05582919463389948
1.2653061224489794,3.457142857142857,-2.5758905791987114,-0.3471476454486069,-0.036351997645013144
1.2653061224489794,3.5979591836734692,-2.744419786598859,-0.3801813422755437,-0.1433870827532694
1.2653061224489794,3.7387755102040816,-2.915888901361785,-0.4118367815441286,-0.2702017104546245
1.2653061224489794,3.8795918367346935,-3.0498616827188116,-0.44210275702279933,-0.4246371643336916
1.2653061224489794,4.020408163265306,-3.078967979401553,-0.4709626936730317,-0.6203225875146017
1.2653061224489794,4.161224489795918,-2.983279857443334,-0.4983949653321142,-0.8842842848421228
1.2653061224489794,4.302040816326531,-2.8219013142282714,-0.5243737671327436,-1.2835142407497617
1.2653061224489794,4.442857142857143,-2.6505878162919974,-0.5488692677975935,-2.0919600172826085
1.2653061224489794,4.5836734693877546,-2.491565633199411,-0.5718486339906818,-2.541589367283374
1.2653061224489794,4.724489795918367,-2.349545619914431,-0.5932765933806288,-1.3858226826107527
1.2653061224489794,4.865306122448979,-2.2235843804450175,-0.61311607431032,-0.8922853389024151
1.2653061224489794,5.006122448979592,-2.1114482391742064,-0.6313291073100599,-0.5689009692912339
1.2653061224489794,5.146938775510204,-2.010915262753573,-0.647877562656577,-0.32530712475181384
1.2653061224489794,5.2877551020408164,-1.920090917918327,-0.6627240057925203,-0.12811683083976483
1.2653061224489794,5.428571428571429,-1.837432637589945,-0.6758325821513069,0.038758105141740065
1.2653061224489794,5.56938775510204,-1.7616997375973378,-0.6871698495963178,0.184319898986399
1.2653061224489794,5.710204081632653,-1.6918935243535398,-0.6967055579256165,0.31412213362498087
1.2653061224489794,5.851020408163265,-1.6272050786681849,-0.7044134271332961,0.4318365713308605
1.2653061224489794,5.9918367346938775,-1.5669736833633405,-0.7102717799784202,0.5400207229137851
1.2653061224489794,6.13265306122449,-1.5106547670991852,-0.714264088612144,0.6405301820534183
1.2653061224489794,6.273469387755102,-1.4577954230293817,-0.7163793916627575,0.7347565046126336
1.2653061224489794,6.414285714285714,-1.4080157072524642,-0.7166125317060611,0.8237723792655935
1.2653061224489794,6.555102040816326,-1.3609942794806047,-0.7149642152424729,0.908424416656787
1.2653061224489794,6.6959183673469385,-1.316457295862574,-0.7114409570945923,0.9893945940908054
1.2653061224489794,6.836734693877551,-1.274169748076296,-0.7060547989961417,1.067242400785336
1.2653061224489794,6.977551020408163,-1.2339286490031587,-0.6988229291404027,1.1424344888724198
1.2653061224489794,7.118367346938776,-1.1955576277977422,-0.6897670813571258,1.2153661962452482
1.2653061224489794,7.259183673469387,-1.1589026055795295,-0.678912862009445,1.2863773104406706
1.2653061224489794,7.4,-1.1238283090554555,-0.666288949213918,1.3557640286187618
1.3061224489795917,0.5,-1.0765511752468044,0.7525200245653932,0.8196455586599775
1.3061224489795917,0.6408163265306123,-1.1126494829924394,0.677413436316074,0.8039130048585792
1.3061224489795917,0.7816326530612245,-1.150220136891586,0.6060729256389996,0.7866229826796263
1.3061224489795917,0.9224489795918367,-1.1893984835110516,0.5382140438321917,0.7677937882334716
1.3061224489795917,1.063265306122449,-1.2303361387642249,0.4735538252575271,0.7474115483593008
1.3061224489795917,1.2040816326530612,-1.2732044888632696,0.4118290102314017,0.7254341913649281
1.3061224489795917,1.3448979591836734,-1.3181988583568005,0.35280220771548104,0.7017934434971722
1.3061224489795917,1.4857142857142858,-1.3655435885394354,0.2962628170186167,0.676395264494708
1.3061224489795917,1.626530612244898,-1.415498332362394,0.24202579464938245,0.6491189246154068
1.3061224489795917,1.76734693877551,-1.46836596599786,0.18992955172051643,0.6198147739879835
1.3061224489795917,1.9081632653061225,-1.5245026504231272,0.13983365530304798,0.5883006227242803
1.3061224489795917,2.0489795918367344,-1.5843307600285916,0.09161660568877289,0.5543565070718887
1.3061224489795917,2.1897959183673468,-1.6483556448657395,0.04517379587011732,0.5177174679240578
1.3061224489795917,2.330612244897959,-1.717187513116491,0.0004157080197325199,0.47806372007353715
1.3061224489795917,2.4714285714285715,-1.7915700876445864,-0.04273368197089079,0.4350073431566901
1.3061224489795917,2.6122448979591835,-1.8724179730428572,-0.08433821297282056,0.3880739034679871
1.3061224489795917,2.753061224489796,-1.96086441654284,-0.12445080392544296,0.33667723812462974
1.3061224489795917,2.8938775510204082,-2.058318899040464,-0.16311437684523244,0.28008338323616305
1.3061224489795917,3.03469387755102,-2.1665253392028476,-0.2003628010979059,0.21735869766421015
1.3061224489795917,3.1755102040816325,-2.2875827839175686,-0.23622169414772104,0.14729247181159844
1.3061224489795917,3.316326530612245,-2.423797534395114,-0.27070898517416625,0.06827712031652482
1.3061224489795917,3.457142857142857,-2.5769395986834445,-0.30383562568107897,-0.02188371754216891
1.3061224489795917,3.5979591836734692,-2.7455720593573707,-0.33560613662777095,-0.12630022822395706
1.3061224489795917,3.7387755102040816,-2.9169571046099785,-0.3660190714455048,-0.2495827728996346
1.3061224489795917,3.8795918367346935,-3.0503629665604883,-0.3950675463217946,-0.3989894990823312
1.3061224489795917,4.020408163265306,-3.078400168758149,-0.42273978363496423,-0.5869375997233681
1.3061224489795917,4.161224489795918,-2.98186933097826,-0.4490195613788192,-0.8374486400902704
1.3061224489795917,4.302040816326531,-2.8202195539563397,-0.47388673362744477,-1.207466999419196
1.3061224489795917,4.442857142857143,-2.6489408689790093,-0.49731763350903996,-1.903720919409869
1.3061224489795917,4.5836734693877546,-2.4900422773538327,-0.5192858604433235,-3.0197506555467233
1.3061224489795917,4.724489795918367,-2.3481532432809344,-0.5397628120402199,-1.493537535211667
1.3061224489795917,4.865306122448979,-2.2223079798281233,-0.5587181598369063,-0.9542606244817788
1.3061224489795917,5.006122448979592,-2.1102693737868856,-0.5761206761283904,-0.6129595826101543
1.3061224489795917,5.146938775510204,-2.0098172851207496,-0.5919388078354821,-0.3598054393301534
1.3061224489795917,5.2877551020408164,-1.9190599782391051,-0.606141380955077,-0.156671603554193
1.3061224489795917,5.428571428571429,-1.8364574901787216,-0.6186983238681854,0.014255013199457593
1.3061224489795917,5.56938775510204,-1.7607712839786844,-0.6295813448122247,0.1627549793705205
1.3061224489795917,5.710204081632653,-1.6910043667819992,-0.6387645519188466,0.29478468868603225
1.3061224489795917,5.851020408163265,-1.6263491501958192,-0.6462250916251502,0.41424530073810484
1.3061224489795917,5.9918367346938775,-1.5661459577947923,-0.6519436641950087,0.5238345631029444
1.3061224489795917,6.13265306122449,-1.5098510360326043,-0.6559049725926771,0.6254986581161645
1.3061224489795917,6.273469387755102,-1.4570121251016284,-0.6580980814736824,0.7206902732123297
1.3061224489795917,6.414285714285714,-1.4072497968833095,-0.6585166364252724,0.8105248546749982
1.3061224489795917,6.555102040816326,-1.3602431255318166,-0.6571589370491645,0.8958798312263196
1.3061224489795917,6.6959183673469385,-1.3157186026903112,-0.6540279341694779,0.9774599741099121
1.3061224489795917,6.836734693877551,-1.2734414932974765,-0.649131047304863,1.0558420003632838
1.3061224489795917,6.977551020408163,-1.2332090343284956,-0.6424798957451302,1.1315058449424582
1.3061224489795917,7.118367346938776,-1.1948450394757753,-0.6340898543852923,1.20485726515521
1.3061224489795917,7.259183673469387,-1.1581955825292327,-0.6239795381264885,1.2762443544981814
1.3061224489795917,7.4,-1.12312551686609,-0.6121701751824865,1.3459700315686522
1.346938775510204,0.5,-1.0765807392161344,0.7654562909448802,0.8205081270695735
1.346938775510204,0.6408163265306123,-1.1126902369157832,0.6920013854094202,0.805018399006425
1.346938775510204,0.7816326530612245,-1.1502731716246815,0.622236724882281,0.787977631488267
1.346938775510204,0.9224489795918367,-1.1894649294156436,0.5558888815850185,0.7694057361625326
1.346938775510204,1.063265306122449,-1.2304172200858186,0.4926851609193189,0.7492907987576242
1.346938775510204,1.2040816326530612,-1.273301573060083,0.4323713534305439,0.7275930386219424
1.346938775510204,1.3448979591836734,-1.3183135054493686,0.37471784211232806,0.7042468298047685
1.346938775510204,1.4857142857142858,-1.3656776048479773,0.31952061940529536,0.6791611946963241
1.346938775510204,1.626530612244898,-1.4156538328631374,0.2666001557308622,0.6522189690454974
1.346938775510204,1.76734693877551,-1.4685454500131456,0.2157994277619102,0.6232746968620843
1.346938775510204,1.9081632653061225,-1.5247090963057772,0.1669817221403905,0.5921511791801964
1.346938775510204,2.0489795918367344,-1.5845677460806276,0.12002850942713136,0.5586344703444066
1.346938775510204,2.1897959183673468,-1.6486275060516038,0.0748374761654054,0.5224669687858958
1.346938775510204,2.330612244897959,-1.7174995460286526,0.03132078274051976,0.48333801705289586
1.346938775510204,2.4714285714285715,-1.7919288193915681,-0.010596488422506503,0.4408712031155619
1.346938775510204,2.6122448979591835,-1.8728315114112934,-0.05097759973211618,0.3946068309656303
1.346938775510204,2.753061224489796,-1.9613428930472336,-0.08987540428159195,0.34397799859437334
1.346938775510204,2.8938775510204082,-2.058874984122956,-0.12733324708318947,0.288276416019447
1.346938775510204,3.03469387755102,-2.167174692794984,-0.16338590988056223,0.22660353461104704
1.346938775510204,3.1755102040816325,-2.288343914947725,-0.19806034452504756,0.15779777093112002
1.346938775510204,3.316326530612245,-2.4246893018667364,-0.23137634479471955,0.08032298574374028
1.346938775510204,3.457142857142857,-2.577970585615121,-0.26334713643475016,-0.007909620490734274
1.346938775510204,3.5979591836734692,-2.7467043208758044,-0.29397997679184945,-0.1098399912454684
1.346938775510204,3.7387755102040816,-2.918005067821198,-0.32327659396949265,-0.22979216441701691
1.346938775510204,3.8795918367346935,-3.050850004046838,-0.35123370569471557,-0.3745024710154386
1.346938775510204,4.020408163265306,-3.077835470261433,-0.3778435366906028,-0.5553259156313554
1.346938775510204,4.161224489795918,-2.9804804888021037,-0.40309425095824264,-0.793736981567257
1.346938775510204,4.302040816326531,-2.8185670643827754,-0.42697042054492224,-1.1386571604184983
1.346938775510204,4.442857142857143,-2.6473232667342863,-0.44945340203934836,-1.7514128106692426
1.346938775510204,4.5836734693877546,-2.4885459304508424,-0.47052200887917284,-4.132615389931034
1.346938775510204,4.724489795918367,-2.3467852221293857,-0.49015306176630735,-1.6144285358447195
1.346938775510204,4.865306122448979,-2.2210535591794214,-0.508321692326551,-1.019911041137208
1.346938775510204,5.006122448979592,-2.1091104932548186,-0.5250021127736109,-0.658633118172093
1.346938775510204,5.146938775510204,-2.008737644634913,-0.5401680766637265,-0.3951678860554464
1.346938775510204,5.2877551020408164,-1.9180460156596195,-0.5537934690074908,-0.18574111045681685
1.346938775510204,5.428571428571429,-1.8354981912896637,-0.5658529042496427,-0.010575002931878049
1.346938775510204,5.56938775510204,-1.7598577356443625,-0.5763222891493409,0.14097417756281194
1.346938775510204,5.710204081632653,-1.6901293203970311,-0.5851793233642506,0.2753016033483273
1.346938775510204,5.851020408163265,-1.6255066598550902,-0.5924040304648233,0.3965551118277672
1.346938775510204,5.9918367346938775,-1.5653310965763296,-0.5979791846578955,0.5075817868017819
1.346938775510204,6.13265306122449,-1.5090596778154968,-0.601890680694448,0.6104235389180577
1.346938775510204,6.273469387755102,-1.4562407774592672,-0.6041278436883624,0.7065972567745974
1.346938775510204,6.414285714285714,-1.406495472571503,-0.6046836263382427,0.7972630621790877
1.346938775510204,6.555102040816326,-1.3595032432975924,-0.6035546829305547,0.8833304465288683
1.346938775510204,6.6959183673469385,-1.3149909099173875,-0.6007413949217393,0.9655278061161882
1.346938775510204,6.836734693877551,-1.2727240050565984,-0.5962477510716967,1.0444496583243135
1.346938775510204,6.977551020408163,-1.2324999852125427,-0.5900811520973777,1.120589622694362
1.346938775510204,7.118367346938776,-1.1941428448145817,-0.5822520756982495,1.1943641635093203
1.346938775510204,7.259183673469387,-1.157498807214505,-0.5727736700923917,1.2661298914046286
1.346938775510204,7.4,-1.12243284977395,-0.5616612580017679,1.3361965998814351
1.3877551020408163,0.5,-1.076609250297848,0.7776983788816142,0.8213362534658121
1.3877551020408163,0.6408163265306123,-1.1127296280189576,0.7058210566991753,0.8060826198029325
1.3877551020408163,0.7816326530612245,-1.1503245304301803,0.6375586597375287,0.7892846279744113
1.3877551020408163,0.9224489795918367,-1.1895293811868104,0.5726483542768631,0.7709636547868558
1.3877551020408163,1.063265306122449,-1.2304959810854235,0.5108272803952322,0.751109608872822
1.3877551020408163,1.2040816326530612,-1.2733959991268005,0.4518498833849164,0.7296848706674747
1.3877551020408163,1.3448979591836734,-1.3184251406640413,0.39549397545889137,0.7066263321673335
1.3877551020408163,1.4857142857142858,-1.3658082346378577,0.34156182919628125,0.6818459417429428
1.3877551020408163,1.626530612244898,-1.4158055455597365,0.28987916831246563,0.655229950176907
1.3877551020408163,1.76734693877551,-1.4687207115961867,0.24029330774818886,0.6266369231305802
1.3877551020408163,1.9081632653061225,-1.5249108438240366,0.19267107331794364,0.5958944484079768
1.3877551020408163,2.0489795918367344,-1.5847995069774614,0.14689675930408844,0.5627943492125422
1.3877551020408163,2.1897959183673468,-1.6488935527881503,0.1028702388564261,0.5270860691184234
1.3877551020408163,2.330612244897959,-1.7178050984072863,0.060505273141818874,0.4884676944372904
1.3877551020408163,2.4714285714285715,-1.7922803095550597,0.01972805349202007,0.446573744041811
1.3877551020408163,2.6122448979591835,-1.8732369299341782,-0.0195241165385533,0.40095860315129944
1.3877551020408163,2.753061224489796,-1.961812226029867,-0.05730395379299539,0.3510736401774774
1.3877551020408163,2.8938775510204082,-2.0594207219890395,-0.09365511018577907,0.2962348617922473
1.3877551020408163,3.03469387755102,-2.167812274764269,-0.12861309990749545,0.23557677666848173
1.3877551020408163,3.1755102040816325,-2.289091590566732,-0.16220601787526576,0.16798400715669345
1.3877551020408163,3.316326530612245,-2.425565653638145,-0.19445519439320355,0.09198703352503713
1.3877551020408163,3.457142857142857,-2.578984003898139,-0.22537578247060544,0.00559686963414922
1.3877551020408163,3.5979591836734692,-2.747817089542793,-0.25497734416974704,-0.09396976432256753
1.3877551020408163,3.7387755102040816,-2.91903335058212,-0.2832642734992446,-0.2107761676528908
1.3877551020408163,3.8795918367346935,-3.051323298878585,-0.310236307920825,-0.3510900062905377
1.3877551020408163,4.020408163265306,-3.077274014500743,-0.33588901122778275,-0.52533086709215
1.3877551020408163,4.161224489795918,-2.9791128835639578,-0.36021421324950376,-0.7527965251727956
1.3877551020408163,4.302040816326531,-2.816943109251558,-0.3832003405067054,-1.0759098859272764
1.3877551020408163,4.442857142857143,-2.6457342443245646,-0.4048329423455318,-1.6238203388889345
1.3877551020408163,4.5836734693877546,-2.4870758866236513,-0.4250951305108177,-3.7466352201405773
1.3877551020408163,4.724489795918367,-2.3454409274932844,-0.4439681493501696,-1.7525056935232752
1.3877551020408163,4.865306122448979,-2.2198205594578413,-0.46143160961078306,-1.0897791738760803
1.3877551020408163,5.006122448979592,-2.107971097176509,-0.4774641703725518,-0.7060786370743025
1.3877551020408163,5.146938775510204,-2.007675889082254,-0.49204392199025915,-0.43145761414686945
1.3877551020408163,5.2877551020408164,-1.917048617508375,-0.5051488870280212,-0.2153559658417761
1.3877551020408163,5.428571428571429,-1.8345543608950743,-0.51675752230268,-0.0357487340459219
1.3877551020408163,5.56938775510204,-1.7589587397534654,-0.5268491938397581,0.1189674214544311
1.3877551020408163,5.710204081632653,-1.68926805517995,-0.5354045863050532,0.2556663995675346
1.3877551020408163,5.851020408163265,-1.624677296956741,-0.5424061507451028,0.37876159320694625
1.3877551020408163,5.9918367346938775,-1.5645288055025657,-0.5478384616546493,0.49125924055695847
1.3877551020408163,6.13265306122449,-1.5082804124015148,-0.5516885241781578,0.595302473056396
1.3877551020408163,6.273469387755102,-1.455481112266605,-0.5539460412573745,0.6924756356514298
1.3877551020408163,6.414285714285714,-1.4057524770984897,-0.5546035908416145,0.783985546268276
1.3877551020408163,6.555102040816326,-1.358774384794947,-0.5536566907252423,0.8707750651448373
1.3877551020408163,6.6959183673469385,-1.3142739776204144,-0.5511038427423064,0.9535970799077644
1.3877551020408163,6.836734693877551,-1.272017050493453,-0.5469464502626256,1.0330645039989594
1.3877551020408163,6.977551020408163,-1.2318012749936356,-0.5411886720827734,1.1096850581366073
1.3877551020408163,7.118367346938776,-1.1934508226055205,-0.5338371645120109,1.183886211325897
1.3877551020408163,7.259183673469387,-1.1568120631798586,-0.5249007525860246,1.256033307644556
1.3877551020408163,7.4,-1.1217500955135098,-0.5143900305869337,1.3264431751855954
1.4285714285714284,0.5,-1.0766367627377633,0.7893003750849408,0.822131949407899
1.4285714285714284,0.6408163265306123,-1.112767722445986,0.7189320603846707,0.8071079107284075
1.4285714285714284,0.7816326530612245,-1.15037429037312,0.6521041303371128,0.7905464266908081
1.4285714285714284,0.9224489795918367,-1.1895919261166585,0.5885639275303286,0.772470199763553
1.4285714285714284,1.063265306122449,-1.2305725188205818,0.5280580284527243,0.7528708338824727
1.4285714285714284,1.2040816326530612,-1.2734878736232835,0.4703491760191827,0.7317127483195188
1.4285714285714284,1.3448979591836734,-1.3185338800572417,0.41522229053652265,0.7089352301989453
1.4285714285714284,1.4857142857142858,-1.3659356036293941,0.3624856520344702,0.6844530242610916
1.4285714285714284,1.626530612244898,-1.415953606217649,0.31197000407825914,0.6581556536422591
1.4285714285714284,1.76734693877551,-1.468891897115183,0.26352680777836857,0.6299055423657645
1.4285714285714284,1.9081632653061225,-1.525108050740965,0.21702627070467578,0.5995348716129651
1.4285714285714284,2.0489795918367344,-1.5850262129072434,0.17235539092034546,0.5668409977943074
1.4285714285714284,2.1897959183673468,-1.6491539690017942,0.12941614389768175,0.5315801148597654
1.4285714285714284,2.330612244897959,-1.7181043693660907,0.08812385148818301,0.49345866054560894
1.4285714285714284,2.4714285714285715,-1.7926247748179915,0.04840577331811398,0.452121635258145
1.4285714285714284,2.6122448979591835,-1.8736344652320525,0.010199831511516226,0.40713679883249787
1.4285714285714284,2.753061224489796,-1.9622726751506616,-0.026546497419333057,0.3579728968995018
1.4285714285714284,2.8938775510204082,-2.059956399138442,-0.06187706672882038,0.30396895411843144
1.4285714285714284,3.03469387755102,-2.168438403752727,-0.09582797529868702,0.24429069867682773
1.4285714285714284,3.1755102040816325,-2.2898261658286683,-0.12842824438293476,0.17786614328833728
1.4285714285714284,3.316326530612245,-2.426426988154668,-0.15970050507351827,0.10328810786382922
1.4285714285714284,3.457142857142857,-2.579980301626178,-0.18966152723319707,0.01866035619578014
1.4285714285714284,3.5979591836734692,-2.7489108659709367,-0.2183228152841949,-0.07865592328333697
1.4285714285714284,3.7387755102040816,-2.9200424922805723,-0.24569101220461803,-0.19248592926312869
1.4285714285714284,3.8795918367346935,-3.0517833334597686,-0.2717683934786979,-0.3286749851793849
1.4285714285714284,4.020408163265306,-3.076715917292642,-0.29655332734951967,-0.49681502812452705
1.4285714285714284,4.161224489795918,-2.977766085918054,-0.32004069577859645,-0.7143308000493059
1.4285714285714284,4.302040816326531,-2.815346981071079,-0.3422221601139735,-1.018313919586965
1.4285714285714284,4.442857142857143,-2.644173063279407,-0.3630867781731425,-1.51427144645599
1.4285714285714284,4.5836734693877546,-2.4856314641403063,-0.38262124680150317,-2.91162473991014
1.4285714285714284,4.724489795918367,-2.3441197517442074,-0.40081041081375296,-1.9139323552427674
1.4285714285714284,4.865306122448979,-2.2186084397106227,-0.41763762980523045,-1.164535129630856
1.4285714285714284,5.006122448979592,-2.10685070163501,-0.43308520393240196,-0.7554762590514951
1.4285714285714284,5.146938775510204,-2.0066315809044957,-0.4471348391389703,-0.46874436970690003
1.4285714285714284,5.2877551020408164,-1.9160673843052407,-0.459767967705356,-0.24554921064018267
1.4285714285714284,5.428571428571429,-1.8336256309444976,-0.47096622922682413,-0.061284015700433826
1.4285714285714284,5.56938775510204,-1.7580739544384385,-0.48071186773980545,0.09672413894774132
1.4285714285714284,5.710204081632653,-1.6884202512521442,-0.4889880685764229,0.23587234190921877
1.4285714285714284,5.851020408163265,-1.6238607602439223,-0.49577934167706883,0.36086019432537436
1.4285714285714284,5.9918367346938775,-1.563738799203882,-0.5010718229154495,0.4748636934430044
1.4285714285714284,6.13265306122449,-1.5075129680584836,-0.5048535307071441,0.5801330656189101
1.4285714285714284,6.273469387755102,-1.4547328695613435,-0.507114597938565,0.678323564970885
1.4285714285714284,6.414285714285714,-1.405020560724293,-0.5078474266488258,0.7706908401275566
1.4285714285714284,6.555102040816326,-1.3580563091845015,-0.5070467483659126,0.8582124842179905
1.4285714285714284,6.6959183673469385,-1.3135675727340026,-0.5047096705669535,0.941666784164563
1.4285714285714284,6.836734693877551,-1.271320403351752,-0.5008356217144927,1.021685668289099
1.4285714285714284,6.977551020408163,-1.2311126833654453,-0.49542623621412385,1.098791390408791
1.4285714285714284,7.118367346938776,-1.1927687577733552,-0.48848515287566374,1.1734227322602528
1.4285714285714284,7.259183673469387,-1.1561351399428461,-0.48001774045768053,1.24595399445991
1.4285714285714284,7.4,-1.1210770476137695,-0.47003077087023726,1.3167092039499053
1.4693877551020407,0.5,-1.076663327188007,0.800310878853253,0.8228970746833058
1.4693877551020407,0.6408163265306123,-1.1128045821888237,0.7313879232899824,0.8080963567523272
1.4693877551020407,0.7816326530612245,-1.1504225239245187,0.6659317892672815,0.7917653179144171
1.4693877551020407,0.9224489795918367,-1.1896526465302246,0.6036996019420423,0.7739278567144445
1.4693877551020407,1.063265306122449,-1.2306469250439502,0.5444470065454744,0.7545771528658256
1.4693877551020407,1.2040816326530612,-1.2735772975404973,0.4879447065389092,0.7336795496089015
1.4693877551020407,1.3448979591836734,-1.318639833841546,0.4339844426664494,0.7111766127367307
1.4693877551020407,1.4857142857142858,-1.3660598314360706,0.38238025266451975,0.6869857606272493
1.4693877551020407,1.626530612244898,-1.4160981442111205,0.33296769171901713,0.6609996533783563
1.4693877551020407,1.76734693877551,-1.469059146271212,0.28560219698265255,0.6330844184368478
1.4693877551020407,1.9081632653061225,-1.5253008678492501,0.2401572221734501,0.6030766470905822
1.4693877551020407,2.0489795918367344,-1.5852480267637028,0.1965223673209121,0.5707790059436777
1.4693877551020407,2.1897959183673468,-1.6494089309576252,0.15460164134471693,0.5359541609659126
1.4693877551020407,2.330612244897959,-1.7183975502426627,0.11431188860972775,0.498316545644621
1.4693877551020407,2.4714285714285715,-1.7929624233592367,0.0755814343926336,0.4575211779136813
1.4693877551020407,2.6122448979591835,-1.8740243448415481,0.03834884559442559,0.41314857197186367
1.4693877551020407,2.753061224489796,-1.9627244903109833,0.002561855418608327,0.36468400259048106
1.4693877551020407,2.8938775510204082,-2.060482291557117,-0.031823491717403195,0.311488323586743
1.4693877551020407,3.03469387755102,-2.1690533858439682,-0.06484373998514756,0.25275675984036416
1.4693877551020407,3.1755102040816325,-2.290547983827432,-0.09652868586021829,0.18745822278129157
1.4693877551020407,3.316326530612245,-2.427273690188225,-0.12690199479326522,0.11424377749664369
1.4693877551020407,3.457142857142857,-2.5809599116291984,-0.15598183565045026,0.0313036568817475
1.4693877551020407,3.5979591836734692,-2.749986133746633,-0.18378133733174648,-0.0638674890963393
1.4693877551020407,3.7387755102040816,-2.921033013131198,-0.21030904347950938,-0.17487689622787136
1.4693877551020407,3.8795918367346935,-3.0522305697908814,-0.23556937256468574,-0.307188049482146
1.4693877551020407,4.020408163265306,-3.0761612828900424,-0.2595630577559943,-0.4696573969643937
1.4693877551020407,4.161224489795918,-2.9764396673417752,-0.2822875526709446,-0.6780873941084858
1.4693877551020407,4.302040816326531,-2.813777979602583,-0.30373726210333396,-0.9651465905190727
1.4693877551020407,4.442857142857143,-2.6426389997955644,-0.3239041363741039,-1.4184718577211801
1.4693877551020407,4.5836734693877546,-2.484212004436584,-0.3427778678605055,-2.4991054259409013
1.4693877551020407,4.724489795918367,-2.342821107672391,-0.3603463700475474,-2.108910925249676
1.4693877551020407,4.865306122448979,-2.2174166786580285,-0.37659609304483677,-1.2450194260406695
1.4693877551020407,5.006122448979592,-2.1057488384881102,-0.39151240250817004,-0.8070339391263573
1.4693877551020407,5.146938775510204,-2.005604296628076,-0.4050799896942642,-0.5071054648501622
1.4693877551020407,5.2877551020408164,-1.915101929228285,-0.41728314234063474,-0.27635658624615184
1.4693877551020407,5.428571428571429,-1.8327116449094403,-0.42810616089642994,-0.08719982363283141
1.4693877551020407,5.56938775510204,-1.7572030483856564,-0.43753370395842467,0.07423321948273125
1.4693877551020407,5.710204081632653,-1.6875855984926524,-0.4455510678146412,0.2159124202400888
1.4693877551020407,5.851020408163265,-1.6230567575371135,-0.45214451782075193,0.3428462169475917
1.4693877551020407,5.9918367346938775,-1.5629608008134015,-0.4573015456484815,0.45839183253936966
1.4693877551020407,6.13265306122449,-1.5067570810670814,-0.46101108392223344,0.5649128755947538
1.4693877551020407,6.273469387755102,-1.4539957969951298,-0.46326370892666274,0.6641391766227556
1.4693877551020407,6.414285714285714,-1.404299480939305,-0.4640517745568982,0.7573774627547364
1.4693877551020407,6.555102040816326,-1.3573487825205184,-0.4633694666991416,0.8456414947209148
1.4693877551020407,6.6959183673469385,-1.3128714688030683,-0.46121284753658176,0.9297359058953518
1.4693877551020407,6.836734693877551,-1.2706338437185132,-0.45757981818796833,1.0103122832148224
1.4693877551020407,6.977551020408163,-1.2304339961639374,-0.45247002440315603,1.0879078615444642
1.4693877551020407,7.118367346938776,-1.1920964411881025,-0.44588469562934513,1.1629730538426228
1.4693877551020407,7.259183673469387,-1.15546783277985,-0.4378264094737421,1.2358913474964366
1.4693877551020407,7.4,-1.1204135052178366,-0.4282988201017266,1.3069941374159033
1.510204081632653,0.5,-1.0766889909812718,0.8107736764316913,0.8236333512953453
1.510204081632653,0.6408163265306123,-1.112840265408198,0.7432368511572915,0.8090498979299208
1.510204081632653,0.7816326530612245,-1.1504692992919687,0.6790944080770324,0.7929434409765489
1.510204081632653,0.9224489795918367,-1.1897116201127402,0.6181128912708609,0.7753389544919704
1.510204081632653,1.063265306122449,-1.2307192865749632,0.5600566656178076,0.7562310823126662
1.510204081632653,1.2040816326530612,-1.2736643666433805,0.5047040848203694,0.7355879831008449
1.510204081632653,1.3448979591836734,-1.3187431067329454,0.4518534419765315,0.7133533914824781
1.510204081632653,1.4857142857142858,-1.3661810319228502,0.40132430733498403,0.6894472823923541
1.510204081632653,1.626530612244898,-1.4162392828972894,0.3529568536048509,0.6637653262317674
1.510204081632653,1.76734693877551,-1.4692225924706805,0.30661034658983677,0.6361772049230412
1.510204081632653,1.9081632653061225,-1.5254894393562954,0.2621613643967254,0.6065237466884144
1.510204081632653,2.0489795918367344,-1.5854651045294659,0.21950202095090615,0.5746127171266942
1.510204081632653,2.1897959183673468,-1.6496586076469393,0.1785382998494206,0.5402129911471533
1.510204081632653,2.330612244897959,-1.7186848245716733,0.13918853890281485,0.503046662528132
1.510204081632653,2.4714285714285715,-1.7932934551921353,0.10138212808172806,0.46277833038574234
1.510204081632653,2.6122448979591835,-1.8744067876296073,0.06505830793212519,0.4190006815697389
1.510204081632653,2.753061224489796,-1.963167912142217,0.030165126263808486,0.3712147268943879
1.510204081632653,2.8938775510204082,-2.0609986652413017,-0.0033413860413615075,0.31880204263806455
1.510204081632653,3.03469387755102,-2.1696575170266583,-0.03549809795913683,0.26098576044252864
1.510204081632653,3.1755102040816325,-2.291257374370782,-0.06633541517359445,0.19677329311199637
1.510204081632653,3.316326530612245,-2.428106131959215,-0.09587790420310625,0.12487049707127153
1.510204081632653,3.457142857142857,-2.581923252267887,-0.12414482906125755,0.04354796886983629
1.510204081632653,3.5979591836734692,-2.7510433601111024,-0.15115074264813239,-0.049575879246708004
1.510204081632653,3.7387755102040816,-2.922005414665561,-0.1769057818150055,-0.15790833035027896
1.510204081632653,3.8795918367346935,-3.0526654506072037,-0.2014161793015734,-0.286566602431433
1.510204081632653,4.020408163265306,-3.075610204822564,-0.22468467164748995,-0.44375089277221685
1.510204081632653,4.161224489795918,-2.975133211853991,-0.24671088864767468,-0.6438502315383975
1.510204081632653,4.302040816326531,-2.81223544166534,-0.26749155455163737,-0.9158273346284952
1.510204081632653,4.442857142857143,-2.6411313656183535,-0.2870210591668987,-1.3334964012683392
1.510204081632653,4.5836734693877546,-2.4828168711091934,-0.30529162341566385,-2.2242909732663976
1.510204081632653,4.724489795918367,-2.341544427669579,-0.32229374225632734,-2.3562280070696207
1.510204081632653,4.865306122448979,-2.216244770445336,-0.33801646627938436,-1.3323072787513295
1.510204081632653,5.006122448979592,-2.104665054771154,-0.3524477387164566,-0.8609935431662402
1.510204081632653,5.146938775510204,-2.0045936263495627,-0.36557475861405564,-0.5466269273232
1.510204081632653,5.2877551020408164,-1.9141518776266544,-0.37738422004279193,-0.3078168480667987
1.510204081632653,5.428571428571429,-1.8318120573215517,-0.38786266277847187,-0.11351638013958713
1.510204081632653,5.56938775510204,-1.7563457004343956,-0.3969967878473199,0.05148297196782307
1.510204081632653,5.710204081632653,-1.6867637961652053,-0.4047736858233834,0.19577933106007256
1.510204081632653,5.851020408163265,-1.6222650054029968,-0.4111811265680476,0.32471480607669945
1.510204081632653,5.9918367346938775,-1.5621945416567518,-0.4162077814566696,0.44184025817190864
1.510204081632653,6.13265306122449,-1.506012495432183,-0.4198434031231414,0.5496394132103541
1.510204081632653,6.273469387755102,-1.4532696495124797,-0.4220790031690123,0.6499205741245707
1.510204081632653,6.414285714285714,-1.4035890021829813,-0.4229069682191712,0.7440439186252461
1.510204081632653,6.555102040816326,-1.3566515775114427,-0.4223211070385797,0.8330608807985085
1.510204081632653,6.6959183673469385,-1.3121854457491653,-0.42031669073801814,0.9178034299615248
1.510204081632653,6.836734693877551,-1.2699571578329696,-0.4168904264588973,0.9989434815580402
1.510204081632653,6.977551020408163,-1.2297650051577111,-0.41204037639086155,1.0770337161238244
1.510204081632653,7.118367346938776,-1.1914336694543657,-0.4057658267019576,1.1525365072154423
1.510204081632653,7.259183673469387,-1.1548099425495915,-0.3980670803129699,1.225844766653324
1.510204081632653,7.4,-1.1197592728931651,-0.3889452265419089,1.297297431388991
1.5510204081632653,0.5,-1.0767137984244362,0.8207283454762025,0.8243423745107554
1.5510204081632653,0.6408163265306123,-1.1128748267081991,0.7545223851802811,0.8099703415907687
1.5510204081632653,0.7816326530612245,-1.1505146807129887,0.6916396120349394,0.7940827964309933
1.5510204081632653,0.9224489795918367,-1.1897689202470934,0.6318556426164664,0.7767056774216958
1.5510204081632653,1.063265306122449,-1.2307896856029468,0.5749432287003143,0.7578349880453792
1.5510204081632653,1.2040816326530612,-1.273749171799971,0.5206880854352609,0.7374406001481987
1.5510204081632653,1.3448979591836734,-1.3188437982949883,0.46889480781380155,0.7154683134959728
1.5510204081632653,1.4857142857142858,-1.3662993135200985,0.41938828822268825,0.6918405495803674
1.5510204081632653,1.626530612244898,-1.4163771399694067,0.3720131485944784,0.666455865356952
1.5510204081632653,1.76734693877551,-1.4693823631883307,0.32663233954923004,0.6391873592603623
1.5510204081632653,1.9081632653061225,-1.5256739032503956,0.2831254575984413,0.6098799309392872
1.5510204081632653,2.0489795918367344,-1.5856775956541507,0.24138705222402926,0.5783462448374308
1.5510204081632653,2.1897959183673468,-1.6499031611696817,0.20132503074022057,0.5443611359281322
1.5510204081632653,2.330612244897959,-1.718966368618444,0.16285919862877093,0.5076540417270557
1.5510204081632653,2.4714285714285715,-1.7936180625970612,0.12592001324162616,0.4678987315986032
1.5510204081632653,2.6122448979591835,-1.8747820041872765,0.0904474151878071,0.42469951901324965
1.5510204081632653,2.753061224489796,-1.9636031723949978,0.05638982012139433,0.37757240820028154
1.5510204081632653,2.8938775510204082,-2.0615057765883646,0.023703323961666675,0.3259186664076455
1.5510204081632653,3.03469387755102,-2.1702510826519146,-0.007649161297714804,0.2689878553251932
1.5510204081632653,3.1755102040816325,-2.291954657334491,-0.03769851817630382,0.20582371416264214
1.5510204081632653,3.316326530612245,-2.428924671500376,-0.0664700366851386,0.13518349774528754
1.5510204081632653,3.457142857142857,-2.582870727900095,-0.09398393264687818,0.055413016195448486
1.5510204081632653,3.5979591836734692,-2.752082996800727,-0.12025593058809625,-0.03575463749542021
1.5510204081632653,3.7387755102040816,-2.9229601816054034,-0.14529749682853257,-0.14154288750815222
1.5510204081632653,3.8795918367346935,-3.0530884002242233,-0.16911643474515928,-0.2667539641745218
1.5510204081632653,4.020408163265306,-3.0750627666470636,-0.19171717367922378,-0.41900030881395267
1.5510204081632653,4.161224489795918,-2.97384631263269,-0.21310119164646713,-0.6114327789619275
1.5510204081632653,4.302040816326531,-2.810718720151581,-0.23326718486690984,-0.8698814621346921
1.5510204081632653,4.442857142857143,-2.6396494915612028,-0.25221161151454774,-1.2572613736184566
1.5510204081632653,4.5836734693877546,-2.4814454490361957,-0.2699288375070729,-2.01872230089284
1.5510204081632653,4.724489795918367,-2.340289162900852,-0.28641154623775655,-2.696803153000158
1.5510204081632653,4.865306122448979,-2.215092226290849,-0.30165099027623266,-1.427804340188417
1.5510204081632653,5.006122448979592,-2.1035989120914924,-0.31563729538516544,-0.9176386794047944
1.5510204081632653,5.146938775510204,-2.003599172961464,-0.3283597849324136,-0.5874048955402021
1.5510204081632653,5.2877551020408164,-1.9132168665569853,-0.33980719025156203,-0.33997212368211194
1.5510204081632653,5.428571428571429,-1.8309265333332456,-0.3499679547451888,-0.14025527793068854
1.5510204081632653,5.56938775510204,-1.755501599196215,-0.3588305158354014,0.02846107870721473
1.5510204081632653,5.710204081632653,-1.6859545525650113,-0.3663835000586178,0.17546545736473876
1.5510204081632653,5.851020408163265,-1.6214852288274948,-0.37261597329880713,0.30646094029316906
1.5510204081632653,5.9918367346938775,-1.5614397609526536,-0.37751763568844265,0.42520547889160165
1.5510204081632653,6.13265306122449,-1.505278962595772,-0.3810789733215952,0.5343101371366153
1.5510204081632653,6.273469387755102,-1.452554189118554,-0.3832914136792255,0.6356658321330984
1.5510204081632653,6.414285714285714,-1.402888895605815,-0.38414742588021117,0.7306886966627782
1.5510204081632653,6.555102040816326,-1.3559644732801113,-0.383640561410437,0.8204694190349563
1.5510204081632653,6.6959183673469385,-1.3115092896513707,-0.3817654876762398,0.9058683385598125
1.5510204081632653,6.836734693877551,-1.2692901378571522,-0.3785179694314144,0.9875783964853395
1.5510204081632653,6.977551020408163,-1.2291055078348543,-0.3738947957227147,1.0661682009745115
1.5510204081632653,7.118367346938776,-1.1907802447331555,-0.36789367102434367,1.1421124269519694
1.5510204081632653,7.259183673469387,-1.154161275486927,-0.3605130283822857,1.215813655858184
1.5510204081632653,7.4,-1.1191141604474943,-0.35175183080783906,1.2876185460176781
1.5918367346938773,0.5,-1.0767377909871407,0.8302107355066521,0.8250256259762391
1.5918367346938773,0.6408163265306123,-1.1129083174070733,0.7652839571380279,0.8108593733573622
1.5918367346938773,0.7816326530612245,-1.1505587287582473,0.7036105081210708,0.7951852568930298
1.5918367346938773,0.9224489795918367,-1.1898246162877097,0.6449747328991877,0.7780300760451725
1.5918367346938773,1.063265306122449,-1.230858200012269,0.589157470009112,0.7593910960939848
1.5918367346938773,1.2040816326530612,-1.273831799296622,0.5359515170693329,0.7392398061042069
1.5918367346938773,1.3448979591836734,-1.3189420032569572,0.4851675383052653,0.7175239726322149
1.5918367346938773,1.4857142857142858,-1.3664147795991513,0.4366355531738403,0.6941683589197695
1.5918367346938773,1.626530612244898,-1.4165118277761788,0.3902044730485094,0.6690742925635702
1.5918367346938773,1.76734693877551,-1.4695385802837586,0.34574080596026835,0.6421181557661767
1.5918367346938773,1.9081632653061225,-1.5258543916190017,0.30312706844518134,0.6131487629975594
1.5918367346938773,2.0489795918367344,-1.585885643373828,0.26226017456873885,0.5819834877277402
1.5918367346938773,2.1897959183673468,-1.6501427470940664,0.22304990822389764,0.5484028901702439
1.5918367346938773,2.330612244897959,-1.719242351721006,0.18541752465283032,0.5121434501871851
1.5918367346938773,2.4714285714285715,-1.7939364304985617,0.14929454615458557,0.4728877224433548
1.5918367346938773,2.6122448979591835,-1.8751501972588105,0.11462163909359203,0.43025113309927676
1.5918367346938773,2.753061224489796,-1.9640304943408669,0.08134763579317497,0.38376398074161566
1.5918367346938773,2.8938775510204082,-2.062003872898673,0.04942876212897492,0.3328462697889615
1.5918367346938773,3.03469387755102,-2.1708343581185856,0.018827807898221555,0.2767726099137024
1.5918367346938773,3.1755102040816325,-2.292640141166115,-0.01048647147070913,0.2146210532827619
1.5918367346938773,3.316326530612245,-2.4297296565184876,-0.038539951737592185,0.145197190822648
1.5918367346938773,3.457142857142857,-2.5838027295775103,-0.06535363730337215,0.0669171801735826
1.5918367346938773,3.5979591836734692,-2.7531054803170982,-0.09094422855123693,-0.022379340685497375
1.5918367346938773,3.7387755102040816,-2.9238977810257363,-0.11532434421826379,-0.12574626103081743
1.5918367346938773,3.8795918367346935,-3.0534998254957957,-0.13850309415462095,-0.2476986549028941
1.5918367346938773,4.020408163265306,-3.0745190427097104,-0.16048636045996287,-0.39532062817540853
1.5918367346938773,4.161224489795918,-2.9725785718625026,-0.1812771966685525,-0.5806729136586859
1.5918367346938773,4.302040816326531,-2.8092271881586517,-0.20087597992436815,-0.826916197021697
1.5918367346938773,4.442857142857143,-2.638192732549045,-0.21928091455513699,-1.188230400135536
1.5918367346938773,4.5836734693877546,-2.480097143510042,-0.2364882500595408,-1.8549436741873575
1.5918367346938773,4.724489795918367,-2.3390547838595475,-0.25249245669866066,-3.2528335935450716
1.5918367346938773,4.865306122448979,-2.21395857323612,-0.267286752063329,-1.5333980942241954
1.5918367346938773,5.006122448979592,-2.1025499860212964,-0.28086305040246096,-0.977304950016862
1.5918367346938773,5.146938775510204,-2.0026205520181914,-0.29321250930654874,-0.6295472627138277
1.5918367346938773,5.2877551020408164,-1.9122965443089703,-0.30432559788593144,-0.3728683284604952
1.5918367346938773,5.428571428571429,-1.830054748376059,-0.31419238624441853,-0.16743960023837187
1.5918367346938773,5.56938775510204,-1.7546704426775075,-0.3228027981129448,0.0051545448734806746
1.5918367346938773,5.710204081632653,-1.6851575847008613,-0.33014678202117387,0.15496284687582876
1.5918367346938773,5.851020408163265,-1.620717160895779,-0.3362145253234339,0.2880794214405717
1.5918367346938773,5.9918367346938775,-1.5606962055311469,-0.34099662865030406,0.4084839061679779
1.5918367346938773,6.13265306122449,-1.5045562411766333,-0.34448423270910206,0.518922451558703
1.5918367346938773,6.273469387755102,-1.4518491846117885,-0.346669155935294,0.6213729947350616
1.5918367346938773,6.414285714285714,-1.4021989388466407,-0.3475439798109862,0.7173102691154957
1.5918367346938773,6.555102040816326,-1.3552872551413007,-0.34710208372724444,0.8078658777198974
1.5918367346938773,6.6959183673469385,-1.3108427925363035,-0.3453376718176337,0.8939296107375938
1.5918367346938773,6.836734693877551,-1.2686325816812625,-0.34224575837345045,0.9762161611393214
1.5918367346938773,6.977551020408163,-1.2284553072172217,-0.3378220999606369,1.0553105648753491
1.5918367346938773,7.118367346938776,-1.1901359745374376,-0.33206310294651104,1.1317001507491107
1.5918367346938773,7.259183673469387,-1.1535216430373978,-0.3249656512570073,1.2057974228582142
1.5918367346938773,7.4,-1.1184779827596532,-0.31652693238252944,1.2779569456571613
1.6326530612244896,0.5,-1.0767610075445622,0.8392534051458643,0.8256844822308699
1.6326530612244896,0.6408163265306123,-1.1129407857694498,0.7755573720255455,0.8117185670758923
1.6326530612244896,0.7816326530612245,-1.1506015005519015,0.7150462086389725,0.7962525770404923
1.6326530612244896,0.9224489795918367,-1.1898787738569714,0.6575126702972058,0.779314077004188
1.6326530612244896,1.063265306122449,-1.2309249036484806,0.602745377231002,0.7609015030062328
1.6326530612244896,1.2040816326530612,-1.273912331114547,0.5505439588436215,0.7409878705456461
1.6326530612244896,1.3448979591836734,-1.3190378117847035,0.5007249274368762,0.7195228200419139
1.6326530612244896,1.4857142857142858,-1.3665275287141396,0.45312324656505876,0.6964333570513754
1.6326530612244896,1.626530612244898,-1.416643453613629,0.4075919684238608,0.671623469658305
1.6326530612244896,1.76734693877551,-1.4696913603100787,0.3640010396199269,0.6449726976310739
1.6326530612244896,1.9081632653061225,-1.5260310309670195,0.32223580630749543,0.6163336214724551
1.6326530612244896,2.0489795918367344,-1.5860893850326359,0.2821954818144631,0.5855281435139238
1.6326530612244896,2.1897959183673468,-1.6503775147700472,0.24379168167698972,0.5523423281506109
1.6326530612244896,2.330612244897959,-1.719512936673405,0.20694709385113255,0.5165194129698503
1.6326530612244896,2.4714285714285715,-1.7942487367841062,0.17159430955327004,0.47775036547098576
1.6326530612244896,2.6122448979591835,-1.8755115620604679,0.13767473590823145,0.43566125305630976
1.6326530612244896,2.753061224489796,-1.9644500932986628,0.1051376646800625,0.3897960140949444
1.6326530612244896,2.8938775510204082,-2.0624931927351198,0.07393951652507154,0.3395924815602272
1.6326530612244896,3.03469387755102,-2.1714076093496035,0.044043035535304795,0.28434904342303674
1.6326530612244896,3.1755102040816325,-2.293314123942907,0.015416716228366975,0.22317619480927406
1.6326530612244896,3.316326530612245,-2.4305214226104117,-0.011965781965821633,0.1549250344220255
1.6326530612244896,3.457142857142857,-2.5847196355260755,-0.03812611287899014,0.07807761612277622
1.6326530612244896,3.5979591836734692,-2.7541112330715936,-0.06308179495768021,-0.009427243381190475
1.6326530612244896,3.7387755102040816,-2.924818664194797,-0.08684642000176505,-0.11048686300394997
1.6326530612244896,3.8795918367346935,-3.053900116593435,-0.10943021136636832,-0.22935378026571238
1.6326530612244896,4.020408163265306,-3.0739790987617983,-0.1308402880900325,-0.37263562445899623
1.6326530612244896,4.161224489795918,-2.97132960075843,-0.15108105291474186,-0.5514288515819
1.6326530612244896,4.302040816326531,-2.807760240424653,-0.17015430837877468,-0.7866029938388578
1.6326530612244896,4.442857142857143,-2.6367604589043054,-0.18805980580661022,-1.1252374153622013
1.6326530612244896,4.5836734693877546,-2.47877137936514,-0.20479532540821394,-1.7191491545011424
1.6326530612244896,4.724489795918367,-2.337840773816716,-0.2203569537949194,-5.118280610128408
1.6326530612244896,4.865306122448979,-2.2128433534938003,-0.23473949384282086,-1.6517069878974389
1.6326530612244896,5.006122448979592,-2.1015178655658593,-0.24793647407880612,-1.040393528843227
1.6326530612244896,5.146938775510204,-2.001657391003447,-0.2599405964701426,-0.6731757126455422
1.6326530612244896,5.2877551020408164,-1.9113905699948317,-0.27074382134112773,-0.40655564470151934
1.6326530612244896,5.428571428571429,-1.8291963877136843,-0.280337616406876,-0.19509407629744574
1.6326530612244896,5.56938775510204,-1.753851937932297,-0.28871318535879903,-0.018450357071474115
1.6326530612244896,5.710204081632653,-1.6843726179505962,-0.2958616198980142,0.13426318851610639
1.6326530612244896,5.851020408163265,-1.6199605425219135,-0.30177408235189185,0.2695648635882246
1.6326530612244896,5.9918367346938775,-1.559963629544855,-0.3064419637229223,0.39167184879979405
1.6326530612244896,6.13265306122449,-1.503844096715349,-0.3098569893704153,0.5034737031228814
1.6326530612244896,6.273469387755102,-1.4511544113515418,-0.3120113411358417,0.6070400732126173
1.6326530612244896,6.414285714285714,-1.4015189157856187,-0.3128977290852562,0.7039070905334909
1.6326530612244896,6.555102040816326,-1.3546197143971426,-0.3125094224653463,0.79524901614014
1.6326530612244896,6.6959183673469385,-1.3101857521682623,-0.3108402676478001,0.8819862218508651
1.6326530612244896,6.836734693877551,-1.267984292726248,-0.3078846770094434,0.9648559082808535
1.6326530612244896,6.977551020408163,-1.2278142116710054,-0.30363756306744544,1.044460058265923
1.6326530612244896,7.118367346938776,-1.189500671562886,-0.2980942588425048,1.1212990192127816
1.6326530612244896,7.259183673469387,-1.1528908616811189,-0.29125035564865676,1.1957954790754892
1.6326530612244896,7.4,-1.117850559609413,-0.2831015484766858,1.268312098690518
1.673469387755102,0.5,-1.0767834845702229,0.8478859928611215,0.826320224064037
1.673469387755102,0.6408163265306123,-1.1129722772416308,0.7853752179490169,0.8125493938521888
1.673469387755102,0.7816326530612245,-1.1506430500389355,0.725982299843052,0.7972864028099832
1.673469387755102,0.9224489795918367,-1.1899314550587925,0.6695080933036621,0.7805594927401756
1.673469387755102,1.063265306122449,-1.2309898665713241,0.6157487161726877,0.7623681850007509
1.673469387755102,1.2040816326530612,-1.2739908451948212,0.5645103877347372,0.7426869366933169
1.673469387755102,1.3448979591836734,-1.3191313097652293,0.5156152609603352,0.7214671738248926
1.673469387755102,1.4857142857142858,-1.3666376549016126,0.468903071494269,0.6986380499513889
1.673469387755102,1.626530612244898,-1.4167721200166659,0.4242308723958836,0.6741061089044855
1.673469387755102,1.76734693877551,-1.4698408148082283,0.38147193805185414,0.6477539279800565
1.673469387755102,1.9081632653061225,-1.5262039425147196,0.3405143593781435,0.6194377122723631
1.673469387755102,2.0489795918367344,-1.58628895242842,0.3012595872634409,0.5889837219164924
1.673469387755102,2.1897959183673468,-1.6506076076198426,0.26362103165582446,0.5561833132366296
1.673469387755102,2.330612244897959,-1.719778279832739,0.22752279341740567,0.5207862117945438
1.673469387755102,2.4714285714285715,-1.794555152667894,0.19289852628435952,0.482491463022908
1.673469387755102,2.6122448979591835,-1.8758662866618743,0.1596904034311157,0.4409353097302545
1.673469387755102,2.753061224489796,-1.964862176743789,0.12784821033856453,0.39567472062642245
1.673469387755102,2.8938775510204082,-2.0629739663144178,0.09732861458017109,0.3461645154475176
1.673469387755102,3.03469387755102,-2.1719710931507765,0.06809438518712152,0.2917256683111028
1.673469387755102,3.1755102040816325,-2.2939768937702807,0.04011384175215981,0.23149938441242268
1.673469387755102,3.316326530612245,-2.431300293874101,0.01336029623681011,0.1643796122436198
1.673469387755102,3.457142857142857,-2.5856218116823717,-0.012188473671087658,0.0889103581348016
1.673469387755102,3.5979591836734692,-2.7551006635689284,-0.03655062899793989,0.003122767606195157
1.673469387755102,3.7387755102040816,-2.925723266929714,-0.059740596662696016,-0.09573554507040463
1.673469387755102,3.8795918367346935,-3.0542896478102324,-0.08176954696467584,-0.21167651532447446
1.673469387755102,4.020408163265306,-3.0734429926673874,-0.10264565541469962,-0.35087670387324493
1.673469387755102,4.161224489795918,-2.970099027363672,-0.12237443009224254,-0.523576412813978
1.673469387755102,4.302040816326531,-2.806317284115263,-0.14095905952797358,-0.7486638442282408
1.673469387755102,4.442857142857143,-2.6353520670887702,-0.15840044103279663,-1.0673774287664626
1.673469387755102,4.5836734693877546,-2.4774675992280737,-0.174697761060046,-1.6034081370359723
1.673469387755102,4.724489795918367,-2.336646638308638,-0.18984845396028227,-3.4989476945879483
1.673469387755102,4.865306122448979,-2.2117461238891187,-0.20384873112292431,-1.7865148106957074
1.673469387755102,5.006122448979592,-2.10050215262082,-0.21669348366285615,-1.107389492827277
1.673469387755102,5.146938775510204,-2.000709328927664,-0.2283767498478675,-0.7184281924370691
1.673469387755102,5.2877551020408164,-1.9104986131307167,-0.2388917757405017,-0.44108907908728046
1.673469387755102,5.428571428571429,-1.828351146080124,-0.24823123631870772,-0.22324525398487988
1.673469387755102,5.56938775510204,-1.7530458007383012,-0.25638744326285995,-0.042368148670446186
1.673469387755102,5.710204081632653,-1.683599385767847,-0.26335248086993307,0.11335778691320614
1.673469387755102,5.851020408163265,-1.6192151221514754,-0.26911836318738785,0.2509116806810694
1.673469387755102,5.9918367346938775,-1.5592417942221273,-0.27367717639477235,0.37476550697690125
1.673469387755102,6.13265306122449,-1.503142301423733,-0.27702116882911443,0.48796117772879544
1.673469387755102,6.273469387755102,-1.4504696510323931,-0.2791428576004461,0.5926650452376447
1.673469387755102,6.414285714285714,-1.4008486163430964,-0.2800350892245915,0.6904775965355464
1.673469387755102,6.555102040816326,-1.3539616481195274,-0.27969106719003944,0.7826175838070766
1.673469387755102,6.6959183673469385,-1.309537971862984,-0.27810436080411255,0.8700371430525329
1.673469387755102,6.836734693877551,-1.2673450797560666,-0.2752688962619912,0.9534967699325174
1.673469387755102,6.977551020408163,-1.2271820347196458,-0.2711788919221236,1.0336159320917644
1.673469387755102,7.118367346938776,-1.1888741535126477,-0.2658287854161931,1.1109083756187454
1.673469387755102,7.259183673469387,-1.1522687527670321,-0.259213084201122,1.1858072393693002
1.673469387755102,7.4,-1.1172317155237321,-0.25132622036350055,1.2586834773837812
1.7142857142857142,0.5,-1.0768052563140185,0.8561355378140266,0.8269340445934786
1.7142857142857142,0.6408163265306123,-1.1130028346487746,0.794767234269476,0.8133532301245004
1.7142857142857142,0.7816326530612245,-1.1506834281939942,0.7364512338297909,0.7982882794565
1.7142857142857142,0.9224489795918367,-1.1899827187168084,0.6809962129342019,0.7817680293828947
1.7142857142857142,1.063265306122449,-1.2310531553019706,0.6282055173380012,0.7637930065685917
1.7142857142857142,1.2040816326530612,-1.2740674156871659,0.5778917162086242,0.7443390300405426
1.7142857142857142,1.3448979591836734,-1.3192225790600882,0.5298824104012602,0.7233592279392503
1.7142857142857142,1.4857142857142858,-1.3667452479315656,0.48402194411593435,0.7007848121476962
1.7142857142857142,1.626530612244898,-1.4168979250102745,0.44017124003566604,0.6765247826732286
1.7142857142857142,1.76734693877551,-1.4699870505557644,0.3982067959088742,0.6504646400922688
1.7142857142857142,1.9081632653061225,-1.5263732424488443,0.3580193686765286,0.6224640789516996
1.7142857142857142,2.0489795918367344,-1.5864844720131768,0.3195125851256134,0.5923535574972356
1.7142857142857142,2.1897959183673468,-1.650833163449193,0.282601617588929,0.5599295175968199
1.7142857142857142,2.330612244897959,-1.7200385317566853,0.24721195584820202,0.5249479255705539
1.7142857142857142,2.4714285714285715,-1.7948558429876644,0.21327831832024793,0.4871155739656878
1.7142857142857142,2.6122448979591835,-1.8762145522893057,0.18074365676578497,0.44607845493022297
1.7142857142857142,2.753061224489796,-1.9652669448726192,0.14955828149581413,0.40140599058370535
1.7142857142857142,2.8938775510204082,-2.063446415810512,0.11967915282679055,0.35256919884823007
1.7142857142857142,3.03469387755102,-2.172525057629935,0.09106912508923558,0.2989105272006123
1.7142857142857142,3.1755102040816325,-2.2946287287320026,0.06369643048266302,0.23960024537008345
1.7142857142857142,3.316326530612245,-2.4320665853356416,0.037534076993799126,0.173572885268557
1.7142857142857142,3.457142857142857,-2.5865096122419144,0.012559448687154525,0.09943041256954473
1.7142857142857142,3.5979591836734692,-2.7560741671524696,-0.011246190446474133,0.015290350914390058
1.7142857142857142,3.7387755102040816,-2.926612010221367,-0.03389796007453113,-0.0814653586666386
1.7142857142857142,3.8795918367346935,-3.054668778376553,-0.05540783463072123,-0.1946276446898319
1.7142857142857142,4.020408163265306,-3.072910776532642,-0.07578488003702784,-0.3299820071394101
1.7142857142857142,4.161224489795918,-2.9688864646088633,-0.09503563589697843,-0.49700433924938975
1.7142857142857142,4.302040816326531,-2.8048977529261614,-0.11316429217459495,-0.7128621408126757
1.7142857142857142,4.442857142857143,-2.633966971156205,-0.13017293501808105,-1.013933464692358
1.7142857142857142,4.5836734693877546,-2.4761852667091553,-0.14606185707470962,-1.5027432116421022
1.7142857142857142,4.724489795918367,-2.3354718957485017,-0.16082969786561926,-2.8390045983993626
1.7142857142857142,4.865306122448979,-2.2106664552419093,-0.1744738617922447,-1.9435849712724147
1.7142857142857142,5.006122448979592,-2.0995024615126465,-0.1869904257314258,-1.1788870280525041
1.7142857142857142,5.146938775510204,-1.9997760158850764,-0.1983745843858739,-0.7654619666733458
1.7142857142857142,5.2877551020408164,-1.9096203532434284,-0.20862069732469238,-0.4765291138956232
1.7142857142857142,5.428571428571429,-1.8275187273507436,-0.21772248699382296,-0.25192168615042454
1.7142857142857142,5.56938775510204,-1.7522517552590258,-0.22567322836551032,-0.06661421274648578
1.7142857142857142,5.710204081632653,-1.6828376293894283,-0.2324658718505009,0.09223753405247032
1.7142857142857142,5.851020408163265,-1.6184806554611575,-0.23809317760852017,0.2321140736999674
1.7142857142857142,5.9918367346938775,-1.5585304676225398,-0.2425478455156478,0.35776096601721286
1.7142857142857142,6.13265306122449,-1.5024506339547157,-0.24582259204962706,0.47238209718468543
1.7142857142857142,6.273469387755102,-1.4497946914735047,-0.24791024251570404,0.5782458524814352
1.7142857142857142,6.414285714285714,-1.400187836263252,-0.24880378186298932,0.6770202027000183
1.7142857142857142,6.555102040816326,-1.3533128589547143,-0.24849637995473417,0.76997031972175
1.7142857142857142,6.6959183673469385,-1.3088992602921472,-0.2469813911734961,0.8580813407615611
1.7142857142857142,6.836734693877551,-1.2667147567063102,-0.24425234660483436,0.9421378769387871
1.7142857142857142,6.977551020408163,-1.2265585949011222,-0.2403028896778884,1.0227774399505565
1.7142857142857142,7.118367346938776,-1.1882562429362078,-0.23512670764446894,1.1005275656716995
1.7142857142857142,7.259183673469387,-1.151655142348912,-0.2287173925491604,1.1758321218453969
1.7142857142857142,7.4,-1.1166212796147703,-0.221068302417081,1.2490705576682994
1.7551020408163265,0.5,-1.076826354964243,0.8640267589717816,0.8275270564777178
1.7551020408163265,0.6408163265306123,-1.1130324983379483,0.8037605918515983,0.8141313654633585
1.7551020408163265,0.7816326530612245,-1.150722683229532,0.7464826780567809,0.7992596589212834
1.7551020408163265,0.9224489795918367,-1.1900326206148766,0.6920092012395828,0.7829412938798459
1.7551020408163265,1.063265306122449,-1.2311148330378692,0.6401504943454874,0.7651777280901917
1.7551020408163265,1.2040816326530612,-1.2741421131771908,0.5907252538168447,0.7459460663342202
1.7551020408163265,1.3448979591836734,-1.3193116977273425,0.5435663396395237,0.725201060408809
1.7551020408163265,1.4857142857142858,-1.3668503935407879,0.4985225532288165,0.7028758952171181
1.7551020408163265,1.626530612244898,-1.417020962358879,0.4554585593865126,0.6788819323520816
1.7551020408163265,1.76734693877551,-1.4701301698320413,0.4142539814530595,0.6531074868328611
1.7551020408163265,1.9081632653061225,-1.5265390422224672,0.374802165312181,0.625415615177696
1.7551020408163265,2.0489795918367344,-1.5866760652201335,0.3370088615958069,0.595640817849735
1.7551020408163265,2.1897959183673468,-1.6510543147209202,0.30079096695762875,0.5635844316315584
1.7551020408163265,2.330612244897959,-1.7202938372304357,0.2660753397485308,0.5290084256633201
1.7551020408163265,2.4714285714285715,-1.7951509664965584,0.2327977615742807,0.49162702912890466
1.7551020408163265,2.6122448979591835,-1.876556533645568,0.2009019743800314,0.45109557954539264
1.7551020408163265,2.753061224489796,-1.9656645907870414,0.1703388390014782,0.4069954105672443
1.7551020408163265,2.8938775510204082,-2.0639107558486263,0.14106564754345302,0.3588129981455018
1.7551020408163265,3.03469387755102,-2.1730697426468253,0.11304539200334267,0.3059112244617372
1.7551020408163265,3.1755102040816325,-2.295269899027278,0.0862462736420629,0.2474879525903566
1.7551020408163265,3.316326530612245,-2.432820600332946,0.060641104273376725,0.18251596981702123
1.7551020408163265,3.457142857142857,-2.587383380035983,0.036206932637966274,0.10965183999210615
1.7551020408163265,3.5979591836734692,-2.757032125788967,0.012924569405707893,0.027093799563022547
1.7551020408163265,3.7387755102040816,-2.9274853009548627,-0.009221717235904463,-0.0676513387923227
1.7551020408163265,3.8795918367346935,-3.055037853533125,-0.03024453674456469,-0.1781712565116131
1.7551020408163265,4.020408163265306,-3.072382490431005,-0.050153784637863595,-0.30989523246815903
1.7551020408163265,4.161224489795918,-2.967691557797306,-0.06895680355706914,-0.47161522962904623
1.7551020408163265,4.302040816326531,-2.8035010892522663,-0.08665871621082231,-0.6789940390507577
1.7551020408163265,4.442857142857143,-2.6326046038911555,-0.10326257253180644,-0.9643279841523021
1.7551020408163265,4.5836734693877546,-2.474923864208887,-0.11876962611817407,-1.4138240978604828
1.7551020408163265,4.724489795918367,-2.3343160804356407,-0.13317967967425406,-2.4728211925564465
1.7551020408163265,4.865306122448979,-2.2096039318480307,-0.14649103656923623,-2.132339643715513
1.7551020408163265,5.006122448979592,-2.098518418014286,-0.15870085549346094,-1.255625023499952
1.7551020408163265,5.146938775510204,-1.9988571126507708,-0.16980531146710362,-0.814457428005544
1.7551020408163265,5.2877551020408164,-1.9087554794913495,-0.17979975656525427,-0.5129424714302188
1.7551020408163265,5.428571428571429,-1.8266988441813286,-0.1886788178766236,-0.2811541454253506
1.7551020408163265,5.56938775510204,-1.751469533757525,-0.19643661123999606,-0.09120486805207523
1.7551020408163265,5.710204081632653,-1.6820870975439137,-0.20306684542112655,0.07089288055498766
1.7551020408163265,5.851020408163265,-1.6177569051818719,-0.2085629367577318,0.21316602137983606
1.7551020408163265,5.9918367346938775,-1.55782942436257,-0.21291812846824867,0.34065418971544886
1.7551020408163265,6.13265306122449,-1.50176887917867,-0.21612555665691846,0.45673361566270093
1.7551020408163265,6.273469387755102,-1.4491293263773484,-0.21817832876180254,0.5637803981902332
1.7551020408163265,6.414285714285714,-1.3995363769190317,-0.21906956689607274,0.6635333033137905
1.7551020408163265,6.555102040816326,-1.3526731549443716,-0.21879243031057208,0.7573059515770129
1.7551020408163265,6.6959183673469385,-1.30826943129943,-0.21734010651688188,0.8461177761522243
1.7551020408163265,6.836734693877551,-1.2660931424962,-0.21470580413775156,0.9307783586284732
1.7551020408163265,6.977551020408163,-1.2259437155792505,-0.21088268757802917,1.011943835656802
1.7551020408163265,7.118367346938776,-1.1876467670648936,-0.205863811742397,1.0901559373028566
1.7551020408163265,7.259183673469387,-1.1510498610672044,-0.19964198772328917,1.1658695732091355
1.7551020408163265,7.4,-1.1160190854728345,-0.19220966269304476,1.2394728413013867
1.7959183673469385,0.5,-1.0768468108013722,0.8715822997581709,0.8281002987402719
1.7959183673469385,0.6408163265306123,-1.113061306427969,0.8123802000421408,0.8148850084561335
1.7959183673469385,0.7816326530612245,-1.15076086074172,0.756103792329918,0.8002019072772166
1.7959183673469385,0.9224489795918367,-1.190081213658772,0.702576507424254,0.7840808022142538
1.7959183673469385,1.063265306122449,-1.231174959853228,0.6516154061192687,0.7665240129609341
1.7959183673469385,1.2040816326530612,-1.2742150048938017,0.6030451056675676,0.7475098588378514
1.7959183673469385,1.3448979591836734,-1.3193987402340497,0.5567035476614068,0.7269946406848924
1.7959183673469385,1.4857142857142858,-1.3669531736685983,0.5124438421422822,0.7049134356471142
1.7959183673469385,1.626530612244898,-1.4171413218035787,0.47013427950395603,0.6811798765800895
1.7959183673469385,1.76734693877551,-1.47027027064494,0.4296575147517764,0.6556849893532883
1.7959183673469385,1.9081632653061225,-1.5267014487540869,0.39090940777023614,0.6282950711096753
1.7959183673469385,2.0489795918367344,-1.5868638486889997,0.35379778393345057,0.598848515551031
1.7959183673469385,2.1897959183673468,-1.6512711888613996,0.31824122394976684,0.5671513803391279
1.7959183673469385,2.330612244897959,-1.7205443356490866,0.2841679436100744,0.5329713958760338
1.7959183673469385,2.4714285714285715,-1.7954406761457338,0.2515147771198837,0.49602994546091655
1.7959183673469385,2.6122448979591835,-1.8768923991912243,0.22022626554882202,0.4559913300202395
1.7959183673469385,2.753061224489796,-1.9660553008774635,0.19025384209310947,0.4124482837639894
1.7959183673469385,2.8938775510204082,-2.0643671937100816,0.1615551657226272,0.3649020444099004
1.7959183673469385,3.03469387755102,-2.1736053794208843,0.13409342395987012,0.3127349203512607
1.7959183673469385,3.1755102040816325,-2.295900664804112,0.10783680550324976,0.2551710764518629
1.7959183673469385,3.316326530612245,-2.4335626330162303,0.08275803075066708,0.19121937824126214
1.7959183673469385,3.457142857142857,-2.5882434470723426,0.058833878276831376,0.11958783398252074
1.7959183673469385,3.5979591836734692,-2.7579749113910883,0.036044781676150925,0.03855031041673925
1.7959183673469385,3.7387755102040816,-2.9283435319014894,0.014374539174534863,-0.05427038172360605
1.7959183673469385,3.8795918367346935,-3.0553972035801094,-0.0061900740924217745,-0.16227406414563417
1.7959183673469385,4.020408163265306,-3.0718581734588604,-0.025659576233696475,-0.29056547379600034
1.7959183673469385,4.161224489795918,-2.9665139526125253,-0.04404205158130982,-0.44732171631959555
1.7959183673469385,4.302040816326531,-2.8021267590496746,-0.061343414314474876,-0.6468834224505978
1.7959183673469385,4.442857142857143,-2.631264423037126,-0.077567502704514,-0.9180896611786904
1.7959183673469385,4.5836734693877546,-2.473682878158472,-0.09271658002797181,-1.3343108162262725
1.7959183673469385,4.724489795918367,-2.3331787413608946,-0.10679120121572672,-2.2192928544895074
1.7959183673469385,4.865306122448979,-2.2085581509447336,-0.11979061873540284,-2.369811534381872
1.7959183673469385,5.006122448979592,-2.0975496607582307,-0.13171288489391325,-1.3385377477780878
1.7959183673469385,5.146938775510204,-1.9979522902484876,-0.14255505086148532,-0.8656228921579762
1.7959183673469385,5.2877551020408164,-1.907903690426798,-0.15231331206711995,-0.5504030087283278
1.7959183673469385,5.428571428571429,-1.8258912177078934,-0.16098309792238513,-0.31097586841003244
1.7959183673469385,5.56938775510204,-1.7506988762761264,-0.16855925660514856,-0.11615745229773976
1.7959183673469385,5.710204081632653,-1.6813475462144873,-0.1750361650670428,0.04931380277582598
1.7959183673469385,5.851020408163265,-1.6170436407614117,-0.18040781813750098,0.19406126015812492
1.7959183673469385,5.9918367346938775,-1.557138445428248,-0.1846679419337335,0.3234410132651827
1.7959183673469385,6.13265306122449,-1.5010968279603019,-0.18781004852311778,0.4410128160092471
1.7959183673469385,6.273469387755102,-1.4484733551506095,-0.18982750373683263,0.5492665453963108
1.7959183673469385,6.414285714285714,-1.3988940451147311,-0.19071356291362365,0.6500152702159909
1.7959183673469385,6.555102040816326,-1.3520423493296196,-0.19046139141291443,0.7446231949422708
1.7959183673469385,6.6959183673469385,-1.3076483037462818,-0.18906404738337776,0.8341454045803977
1.7959183673469385,6.836734693877551,-1.265480060878879,-0.18651447489485964,0.9194173423980111
1.7959183673469385,6.977551020408163,-1.2253372247710494,-0.18280543785854214,1.0011143725064529
1.7959183673469385,7.118367346938776,-1.187045557666329,-0.17792945433623816,1.0797928404035237
1.7959183673469385,7.259183673469387,-1.1504527438878729,-0.1718786735887004,1.1559189651334079
1.7959183673469385,7.4,-1.1154249708757753,-0.1646447529127523,1.2298897667513875
1.8367346938775508,0.5,-1.0768666523330233,0.8788229410000509,0.8286547425270753
1.8367346938775508,0.6408163265306123,-1.113089294893901,0.8206489187530716,0.8156152937574505
1.8367346938775508,0.7816326530612245,-1.15079800393403,0.7653395165835128,0.8011163105318534
1.8367346938775508,0.9224489795918367,-1.1901285480601258,0.7127251507620151,0.7851879848849388
1.8367346938775508,1.063265306122449,-1.2312335928936318,0.662629372337197,0.7678334341726458
1.8367346938775508,1.2040816326530612,-1.2742861549095923,0.614882518907832,0.7490321250850552
1.8367346938775508,1.3448979591836734,-1.3194837776827142,0.5693274426433973,0.7287418368799683
1.8367346938775508,1.4857142857142858,-1.3670536666544353,0.5258214233210152,0.7068994620799156
1.8367346938775508,1.626530612244898,-1.4172590892581525,0.48423626350161775,0.6834208188783221
1.8367346938775508,1.76734693877551,-1.4704074469691304,0.44445755962285766,0.6581995453226981
1.8367346938775508,1.9081632653061225,-1.526860564670458,0.40638361864698835,0.6311050631892283
1.8367346938775508,2.0489795918367344,-1.5870479344968613,0.36992428826042495,0.6019795182626978
1.8367346938775508,2.1897959183673468,-1.6514839083132085,0.33499980068100477,0.5706335146720855
1.8367346938775508,2.330612244897959,-1.72079016120869,0.30153970283802684,0.5368403390763413
1.8367346938775508,2.4714285714285715,-1.7957251193517079,0.2694818829447127,0.500328239354962
1.8367346938775508,2.6122448979591835,-1.877222311467254,0.2387716839776634,0.4607701240649308
1.8367346938775508,2.753061224489796,-1.9664392548734089,0.20936114001141418,0.4177696245414778
1.8367346938775508,2.8938775510204082,-2.0648159296004476,0.18120828344901482,0.370842133618842
1.8367346938775508,3.03469387755102,-2.174132192887949,0.15427653294842092,0.31938849916040385
1.8367346938775508,3.1755102040816325,-2.2965212781754145,0.12853415924643988,0.26265774834732103
1.8367346938775508,3.316326530612245,-2.434292968143493,0.10395380777849714,0.19969302010572773
1.8367346938775508,3.457142857142857,-2.589090134933776,0.08051206617117512,0.1292507883156587
1.8367346938775508,3.5979591836734692,-2.7589028820253794,0.05818906648513553,0.04967584770196255
1.8367346938775508,3.7387755102040816,-2.929187084175665,0.036968207483840075,-0.041300845459909384
1.8367346938775508,3.8795918367346935,-3.0557471468002406,0.016835777930732244,-0.14690562934809354
1.8367346938775508,4.020408163265306,-3.0713378570105427,-0.0022193023041090724,-0.27194624992237376
1.8367346938775508,4.161224489795918,-2.9653533029391004,-0.020205744793441626,-0.4240455280677264
1.8367346938775508,4.302040816326531,-2.8007742421374933,-0.037130146690394814,-0.6163766965930302
1.8367346938775508,4.442857142857143,-2.6299458830105977,-0.052997069660150456,-0.8748263015298557
1.8367346938775508,4.5836734693877546,-2.472461824691296,-0.06780953090533527,-1.2624993526493686
1.8367346938775508,4.724489795918367,-2.3320594416520777,-0.08156886360412481,-2.025848041400811
1.8367346938775508,4.865306122448979,-2.2075287222103173,-0.09427510573773483,-2.691983684892416
1.8367346938775508,5.006122448979592,-2.0965958380329646,-0.10592709054069735,-1.4288315094156798
1.8367346938775508,5.146938775510204,-1.9970612295940402,-0.1165226347225762,-0.9192007034147337
1.8367346938775508,5.2877551020408164,-1.9070646932314452,-0.12605867355728317,-0.5889928177444645
1.8367346938775508,5.428571428571429,-1.8250955772097932,-0.13453133645772217,-0.34142283404402823
1.8367346938775508,5.56938775510204,-1.7499395303924958,-0.14193611915447432,-0.14149041397213558
1.8367346938775508,5.710204081632653,-1.680618738331144,-0.1482679860816068,0.027489765998973806
1.8367346938775508,5.851020408163265,-1.6163406381868684,-0.15352144446622526,0.17479327060523614
1.8367346938775508,5.9918367346938775,-1.5564573179181087,-0.15769064980449293,0.3061171357824545
1.8367346938775508,6.13265306122449,-1.5004342769622767,-0.16076945218520208,0.42521670584252774
1.8367346938775508,6.273469387755102,-1.44782658270489,-0.1627514535386441,0.5347021147459472
1.8367346938775508,6.414285714285714,-1.3982606529125812,-0.16363003713917412,0.6364644513377083
1.8367346938775508,6.555102040816326,-1.3514202603882004,-0.1633983863566443,0.7319207524880696
1.8367346938775508,6.6959183673469385,-1.3070357013226925,-0.16204945942764096,0.8221631750593951
1.8367346938775508,6.836734693877551,-1.2648753402798094,-0.1595759828360889,0.9080539528013735
1.8367346938775508,6.977551020408163,-1.2247389550413716,-0.15597038341077432,0.990288305695235
1.8367346938775508,7.118367346938776,-1.1864524508908887,-0.15122472264092182,1.0694376266063816
1.8367346938775508,7.259183673469387,-1.1498636301166265,-0.14533058308995866,1.145979750367534
1.8367346938775508,7.4,-1.1148387778830464,-0.13827893913225148,1.220320842333852
1.8775510204081631,0.5,-1.0768859064151037,0.8857677896390489,0.8291912965975492
1.8775510204081631,0.6408163265306123,-1.113116497740653,0.8285877727004681,0.8163232872814341
1.8775510204081631,0.7816326530612245,-1.1508341537433635,0.7742127831966277,0.8020040801022833
1.8775510204081631,0.9224489795918367,-1.1901746715398351,0.7224799692941984,0.7862641931489224
1.8775510204081631,1.063265306122449,-1.2312907865545466,0.673219148370632,0.7691074803596276
1.8775510204081631,1.2040816326530612,-1.2743556243130343,0.6262661834883236,0.750514493091287
1.8775510204081631,1.3448979591836734,-1.319566877975548,0.5814686746599295,0.7304444220579166
1.8775510204081631,1.4857142857142858,-1.3671519474332192,0.5386879381977852,0.7088359020278835
1.8775510204081631,1.626530612244898,-1.4173743470143378,0.497799182673539,0.6856068546723388
1.8775510204081631,1.76734693877551,-1.4705417889170342,0.45869085655848973,0.6606534366716618
1.8775510204081631,1.9081632653061225,-1.5270164885173556,0.42126365147544925,0.6338480819896806
1.8775510204081631,2.0489795918367344,-1.5872284303906645,0.3854293861070365,0.6050365567720805
1.8775510204081631,2.1897959183673468,-1.6516925910173534,0.3511099102581026,0.5740338473453276
1.8775510204081631,2.330612244897959,-1.7210314431818816,0.3182360826484167,0.5406185911870769
1.8775510204081631,2.4714285714285715,-1.7960044382350366,0.2867468373263428,0.5045256396089216
1.8775510204081631,2.6122448979591835,-1.8775464272647224,0.25658832420934113,0.4654361637361503
1.8775510204081631,2.753061224489796,-1.9668166270438463,0.22771318235471855,0.4229642644897887
1.8775510204081631,2.8938775510204082,-2.065257157236763,0.2000798625948099,0.37663882672171395
1.8775510204081631,3.03469387755102,-2.1746503994532747,0.17365204175005694,0.32587838915006595
1.8775510204081631,3.1755102040816325,-2.297131983189598,0.1483981033436698,0.2699556609893612
1.8775510204081631,3.316326530612245,-2.4350118815126964,0.12429067500056022,0.20794624604097386
1.8775510204081631,3.457142857142857,-2.5899237551579186,0.10130621213008345,0.13865235878283008
1.8775510204081631,3.5979591836734692,-2.759816385231665,0.07942461105723486,0.060485399565268355
1.8775510204081631,3.7387755102040816,-2.9300163250563536,0.05862894337899856,-0.028722743503303068
1.8775510204081631,3.8795918367346935,-3.0560879887876675,0.03890509010694849,-0.13203775033709053
1.8775510204081631,4.020408163265306,-3.070821566999319,0.020241493800032102,-0.2539950857522558
1.8775510204081631,4.161224489795918,-2.9642092706910517,0.002628904999466456,-0.40171627592808895
1.8775510204081631,4.302040816326531,-2.7994430339397005,-0.01393986373545943,-0.5873392113608793
1.8775510204081631,4.442857142857143,-2.6286484757073136,-0.029470000483560497,-0.8342115784526367
1.8775510204081631,4.5836734693877546,-2.471260230679587,-0.04396517807446209,-1.1971084098722298
1.8775510204081631,4.724489795918367,-2.3309577580255914,-0.05742740846698026,-1.8698282736498768
1.8775510204081631,4.865306122448979,-2.206515268929458,-0.06985738729801938,-3.1997020212979526
1.8775510204081631,5.006122448979592,-2.095656609196423,-0.08125471675282843,-1.5281010571047122
1.8775510204081631,5.146938775510204,-1.9961836211220518,-0.09161779914985439,-0.9754751056087804
1.8775510204081631,5.2877551020408164,-1.9062382039879424,-0.10094424757115018,-0.6288034616568304
1.8775510204081631,5.428571428571429,-1.824311659847582,-0.10923080767672987,-0.372534082200272
1.8775510204081631,5.56938775510204,-1.7491912509084369,-0.11647354567546088,-0.1672234146297805
1.8775510204081631,5.710204081632653,-1.6799004435741263,-0.12266794570375636,0.005409685994352824
1.8775510204081631,5.851020408163265,-1.6156476797187416,-0.12780896938009315,0.15535526065343844
1.8775510204081631,5.9918367346938775,-1.5557858348552729,-0.13189115550210487,0.2886781123076116
1.8775510204081631,6.13265306122449,-1.4997810284420803,-0.13490865809794694,0.40934221348103844
1.8775510204081631,6.273469387755102,-1.4471888192658358,-0.13685529506118932,0.5200848822410319
1.8775510204081631,6.414285714285714,-1.3976360174469473,-0.13772457145840356,0.6228791692030478
1.8775510204081631,6.555102040816326,-1.3508067112607207,-0.13750969665275153,0.7191973131387639
1.8775510204081631,6.6959183673469385,-1.306431452399861,-0.13620355290454317,0.8101700293079854
1.8775510204081631,6.836734693877551,-1.2642788136342664,-0.1337986864245921,0.8966873116627946
1.8775510204081631,6.977551020408163,-1.2241487433148366,-0.13028723981093263,0.979464889460653
1.8775510204081631,7.118367346938776,-1.1858672871391933,-0.1256608845596693,1.0590896490647237
1.8775510204081631,7.259183673469387,-1.1492823631918152,-0.1199107155491903,1.1360513590002983
1.8775510204081631,7.4,-1.114260352542877,-0.11302711582122277,1.2107655572583462
1.9183673469387754,0.5,-1.0769045983871557,0.8924344409612225,0.8297108119492185
1.9183673469387754,0.6408163265306123,-1.1131429471434242,0.8362161301161443,0.8170099911812162
1.9183673469387754,0.7816326530612245,-1.1508693489905444,0.7827447185670569,0.8028663584513673
1.9183673469387754,0.9224489795918367,-1.1902196294313863,0.7318638410620759,0.7873107041316154
1.9183673469387754,1.063265306122449,-1.23134659263396,0.6834093654903044,0.7703475613396191
1.9183673469387754,1.2040816326530612,-1.2744234714010276,0.6372224931699638,0.7519585071568512
1.9183673469387754,1.3448979591836734,-1.3196481060234224,0.5931554212676219,0.7321040798110884
1.9183673469387754,1.4857142857142858,-1.3672480877205484,0.5510733710631568,0.7107245881777151
1.9183673469387754,1.626530612244898,-1.4174871739647348,0.5108548537516603,0.6877399782060829
1.9183673469387754,1.76734693877551,-1.4706733829759886,0.4723910912608984,0.6630488352294959
1.9183673469387754,1.9081632653061225,-1.5271693149734622,0.43558509233898074,0.6365265004821857
1.9183673469387754,2.0489795918367344,-1.587405439994966,0.4003506002743736,0.6080222331043091
1.9183673469387754,2.1897959183673468,-1.6518973504880723,0.36661104898823477,0.577355245737582
1.9183673469387754,2.330612244897959,-1.721268306129613,0.33429858893764564,0.5443093314434788
1.9183673469387754,2.4714285714285715,-1.7962787698739837,0.3033531899133291,0.5086256970047924
1.9183673469387754,2.6122448979591835,-1.877864897968755,0.27372181311505583,0.4699934496305512
1.9183673469387754,2.753061224489796,-1.9671875850216243,0.24535771134246268,0.4280367345062009
1.9183673469387754,2.8938775510204082,-2.065691063652403,0.2182197754360562,0.38229734867223897
1.9183673469387754,3.03469387755102,-2.175160208820235,0.1922719688518022,0.3322107192823225
1.9183673469387754,3.1755102040816325,-2.2977330161048934,0.1674828244093721,0.27707209841337715
1.9183673469387754,3.316326530612245,-2.4357196403086045,0.1438249958492594,0.21598788793990542
1.9183673469387754,3.457142857142857,-2.590744609690602,0.12127485706168666,0.1478035192065226
1.9183673469387754,3.5979591836734692,-2.760715757771454,0.09981212580268112,0.0709930185344035
1.9183673469387754,3.7387755102040816,-2.9308316102230676,0.07941960964427537,-0.01651738578623259
1.9183673469387754,3.8795918367346935,-3.0564200231677554,0.060082850425166846,-0.11764432370113637
1.9183673469387754,4.020408163265306,-3.0703093243297497,0.041789886515960745,-0.23667306878767663
1.9183673469387754,4.161224489795918,-2.9630815256518614,0.02453100802945128,-0.38027043492928053
1.9183673469387754,4.302040816326531,-2.7981326448981405,0.00829851795468428,-0.5596522773326477
1.9183673469387754,4.442857142857143,-2.6273717020596767,-0.006913314424202787,-0.7959689616569541
1.9183673469387754,4.5836734693877546,-2.4700776376730835,-0.02110873274554052,-1.137150652941328
1.9183673469387754,4.724489795918367,-2.3298732802478286,-0.03429034146320001,-1.7393746206930476
1.9183673469387754,4.865306122448979,-2.205517421016632,-0.04645943739793704,-4.526283494229429
1.9183673469387754,5.006122448979592,-2.0947316438517025,-0.057616220732979534,-1.6385169886447697
1.9183673469387754,5.146938775510204,-1.9953191644114305,-0.06775968443927695,-1.0347825271030744
1.9183673469387754,5.2877551020408164,-1.9054239469948602,-0.07688801312302995,-0.6699375402403384
1.9183673469387754,5.428571428571429,-1.8235392103507393,-0.08499849551737866,-0.40435207957954167
1.9183673469387754,5.56938775510204,-1.7484537996351701,-0.09208770244209534,-0.19337744315322059
1.9183673469387754,5.710204081632653,-1.6791924381009868,-0.09815157836964607,-0.016938113574149555
1.9183673469387754,5.851020408163265,-1.6149645536979005,-0.10318548936587035,0.13574014745827842
1.9183673469387754,5.9918367346938775,-1.5551237949696648,-0.10718431693190417,0.271119344990332
1.9183673469387754,6.13265306122449,-1.499136890053698,-0.11014248877212326,0.39338618334114167
1.9183673469387754,6.273469387755102,-1.4465598802021176,-0.11205402018580049,0.5054125768710357
1.9183673469387754,6.414285714285714,-1.3970199607485658,-0.11291253199833179,0.6092577193753783
1.9183673469387754,6.555102040816326,-1.3502015297966241,-0.11271126423587756,0.7064515511914777
1.9183673469387754,6.6959183673469385,-1.3058353898767203,-0.11144304280536843,0.7981649019542354
1.9183673469387754,6.836734693877551,-1.2636903182573835,-0.1091002639350197,0.8853165393679177
1.9183673469387754,6.977551020408163,-1.2235664307437628,-0.10567482993520232,0.9686433776467844
1.9183673469387754,7.118367346938776,-1.1852899109184005,-0.10115807786763692,1.0487482622226938
1.9183673469387754,7.259183673469387,-1.148708790542992,-0.09554068147165766,1.126133222589742
1.9183673469387754,7.4,-1.1136895448102577,-0.0888125098681204,1.2012234036648155
1.9591836734693877,0.5,-1.0769227521536058,0.8988391297384635,0.8302140867433642
1.9591836734693877,0.6408163265306123,-1.1131686735471407,0.8435518678737178,0.8176763487201484
1.9591836734693877,0.7816326530612245,-1.150903626512738,0.7909548220741677,0.8037042243774808
1.9591836734693877,0.9224489795918367,-1.1902634648520638,0.7408978746320533,0.7883287260077143
1.9591836734693877,1.063265306122449,-1.231401060501773,0.6932227398164671,0.7715550132866631
1.9591836734693877,1.2040816326530612,-1.2744897518149974,0.6477757800558924,0.7533656330451914
1.9591836734693877,1.3448979591836734,-1.3197275238564181,0.6044136375489648,0.7337224114054031
1.9591836734693877,1.4857142857142858,-1.3673421561974317,0.5630053202012089,0.712567263917613
1.9591836734693877,1.626530612244898,-1.4175976457144621,0.5234325408127745,0.6898220877099003
1.9591836734693877,1.76734693877551,-1.4708023121528664,0.48558921530796084,0.6653878106576676
1.9591836734693877,1.9081632653061225,-1.527319135015243,0.4493806082564234,0.6391425804932946
1.9591836734693877,2.0489795918367344,-1.5875790629890927,0.4147223416871777,0.6109390280683755
1.9591836734693877,2.1897959183673468,-1.6520982960242327,0.3815394003108654,0.5806004438885087
1.9591836734693877,2.330612244897959,-1.7215008701164909,0.3497652061481859,0.5479155908898017
1.9591836734693877,2.4714285714285715,-1.7965482464830944,0.31934075484656804,0.5126317947480153
1.9591836734693877,2.6122448979591835,-1.8781778697482927,0.29021381771889226,0.47444579267649484
1.9591836734693877,2.753061224489796,-1.9675522910431014,0.26233827124200504,0.4329913689627095
1.9591836734693877,2.8938775510204082,-2.0661178298342477,0.23567346201771192,0.3878226873470624
1.9591836734693877,3.03469387755102,-2.175661823951278,0.21018366512774694,0.33839130937662226
1.9591836734693877,3.1755102040816325,-2.2983246057138693,0.1858375941187613,0.2840139637430945
1.9591836734693877,3.316326530612245,-2.436416503399025,0.16260796724724655,0.22382629544505153
1.9591836734693877,3.457142857142857,-2.5915529913472923,0.14047110906838495,0.15671463914337888
1.9591836734693877,3.5979591836734692,-2.761601326011424,0.11940664131407008,0.08121190225856809
1.9591836734693877,3.7387755102040816,-2.9316332838973858,0.09939713444661169,-0.004667319144936336
1.9591836734693877,3.8795918367346935,-3.056743532155097,0.08042785527721136,-0.10370114410243549
1.9591836734693877,4.020408163265306,-3.06980114518387,0.06248650467137649,-0.21994446515232588
1.9591836734693877,4.161224489795918,-2.961969745282713,0.045562979381945604,-0.3596504824681143
1.9591836734693877,4.302040816326531,-2.7968425999723103,0.029649143212200482,-0.53321074721324
1.9591836734693877,4.442857142857143,-2.6261150783349985,0.014738795573162176,-0.7598625800520913
1.9591836734693877,4.5836734693877546,-2.4689136011900956,0.0008271911068851394,-1.0818491306405236
1.9591836734693877,4.724489795918367,-2.328805610662994,-0.012088779694831036,-1.627496733738612
1.9591836734693877,4.865306122448979,-2.2045348238467795,-0.024010959619150934,-3.7115755602530824
1.9591836734693877,5.006122448979592,-2.093820621430162,-0.03494005018369823,-1.7631415690310486
1.9591836734693877,5.146938775510204,-1.9944675678468304,-0.044875584751428686,-1.0975252439740506
1.9591836734693877,5.2877551020408164,-1.9046216545248102,-0.05381624315312775,-0.7125105446198242
1.9591836734693877,5.428571428571429,-1.8227779807768998,-0.06175979678800414,-0.436923141743753
1.9591836734693877,5.56938775510204,-1.7477269451116504,-0.06870326237308268,-0.21997494350474936
1.9591836734693877,5.710204081632653,-1.6784945043445458,-0.07464299369389059,-0.0395659479266214
1.9591836734693877,5.851020408163265,-1.6142910543316158,-0.07957471728678399,0.11594053641422018
1.9591836734693877,5.9918367346938775,-1.5544710025003872,-0.08349362185228497,0.2534360736368943
1.9591836734693877,6.13265306122449,-1.4985016746749216,-0.08639438159564786,0.37734537097330506
1.9591836734693877,6.273469387755102,-1.4459395858431667,-0.08827119216415613,0.4906828781487366
1.9591836734693877,6.414285714285714,-1.3964123096216072,-0.08911778428442554,0.5955983712200666
1.9591836734693877,6.555102040816326,-1.3496045483881685,-0.0889274320449168,0.6936821254653499
1.9591836734693877,6.6959183673469385,-1.3052473510456923,-0.08769291978383041,0.7861467200016975
1.9591836734693877,6.836734693877551,-1.263109695685455,-0.08540651919889883,0.8739407516994988
1.9591836734693877,6.977551020408163,-1.2229918625863967,-0.08205992874112851,0.9578230234083479
1.9591836734693877,7.118367346938776,-1.1847201707170139,-0.07764419765789554,1.0384128215989719
1.9591836734693877,7.259183673469387,-1.148142763464075,-0.07214963498116578,1.11622477484147
1.9591836734693877,7.4,-1.1131262084225066,-0.06556566194630556,1.1916938764754836
2.0,0.5,-1.0769403902902261,0.9049968582282668,0.830701870015641
2.0,0.6408163265306123,-1.113193705795693,0.8506115109703869,0.8183232483890649
2.0,0.7816326530612245,-1.150937021292023,0.7988611184684494,0.8045186964230447
2.0,0.9224489795918367,-1.1903062188381737,0.7496015824405795,0.7893194025445492
2.0,1.063265306122449,-1.2314542372231274,0.7026802627880528,0.7727311033675955
2.0,1.2040816326530612,-1.2745545186964287,0.6579485138088482,0.7547372629785813
2.0,1.3448979591836734,-1.3198051908313224,0.6152672804853835,0.735300938388294
2.0,1.4857142857142858,-1.3674342186392685,0.5745092399875064,0.7143655888893999
2.0,1.626530612244898,-1.417705834801993,0.5355592108996086,0.6918549918992648
2.0,1.76734693877551,-1.4709286561664523,0.49831372843585847,0.6676723359799897
2.0,1.9081632653061225,-1.5274660361143788,0.4626802520950907,0.6416984791472534
2.0,2.0489795918367344,-1.5877493953107917,0.4285762381262876,0.6137893082631645
2.0,2.1897959183673468,-1.6522955329901,0.39592818625319437,0.5837720561291895
2.0,2.330612244897959,-1.7217292509120314,0.36467077935082276,0.5514402609220226
2.0,2.4714285714285715,-1.796812995703787,0.33474601756786404,0.5165471604124314
2.0,2.6122448979591835,-1.8784854837216747,0.30610248481263647,0.4787968253039339
2.0,2.753061224489796,-1.9679109019200316,0.2786946862332509,0.43783229617896346
2.0,2.8938775510204082,-2.066537630839208,0.2524824388582162,0.39321958849647864
2.0,3.03469387755102,-2.176155441328809,0.22743034970919773,0.34442568908394366
2.0,3.1755102040816325,-2.2989069736706025,0.20350734001687673,0.29078780442895963
2.0,3.316326530612245,-2.437102721704669,0.18068622614149416,0.23146936941599291
2.0,3.457142857142857,-2.5923491835739965,0.1589433324609005,0.16539542393278864
2.0,3.5979591836734692,-2.7624734064736307,0.1382581970535232,0.09115443765464724
2.0,3.7387755102040816,-2.932421679190201,0.11861322823684084,0.006843777909723548
2.0,3.8795918367346935,-3.057058787112326,0.09999346535855022,-0.09018572709537954
2.0,4.020408163265306,-3.0692970413381677,0.08238632410749172,-0.20377637662036818
2.0,4.161224489795918,-2.960873614489598,0.06578136855459013,-0.3398041530758704
2.0,4.302040816326531,-2.795572438040923,0.05017008599800379,-0.5079210379574247
2.0,4.442857142857143,-2.6248781350898254,0.03554586026902336,-0.7256895524423503
2.0,4.5836734693877546,-2.4677676911678477,0.02190352932714609,-1.0305816226911586
2.0,4.724489795918367,-2.3277543636826956,0.009239517491392747,-1.5297259781044736
2.0,4.865306122448979,-2.2035671333856186,-0.0024484770228019558,-2.961374656485925
2.0,5.006122448979592,-2.092923230848991,-0.013161616649243873,-1.9064959673552482
2.0,5.146938775510204,-1.993628548443251,-0.022899894014617814,-1.164189754916758
2.0,5.2877551020408164,-1.9038310665829434,-0.03166243314805385,-0.75665312845791
2.0,5.428571428571429,-1.8220277302219097,-0.03944743200996064,-0.47029792179194807
2.0,5.56938775510204,-1.7470104623986202,-0.046252303593891146,-0.24703995812789142
2.0,5.710204081632653,-1.6778064307772906,-0.05207376589301009,-0.06248682243266002
2.0,5.851020408163265,-1.6136269814691133,-0.056907867803766214,0.09594870283091447
2.0,5.9918367346938775,-1.5538272670504503,-0.0607500733812776,0.23562336924250393
2.0,6.13265306122449,-1.4978752002460776,-0.06359527983048968,0.3612164408820895
2.0,6.273469387755102,-1.4453277613280018,-0.06543784777861902,0.4758934135183601
2.0,6.414285714285714,-1.3958128954372695,-0.06627161098143008,0.5818993636461113
2.0,6.555102040816326,-1.3490156038384342,-0.06608988031538958,0.6808876783747837
2.0,6.6959183673469385,-1.3046671774212373,-0.06488541000106536,0.7741144014074743
2.0,6.836734693877551,-1.2625367915558232,-0.06265036862300787,0.8625590605269798
2.0,6.977551020408163,-1.2224248880571043,-0.05937628096490922,0.9470030789249629
2.0,7.118367346938776,-1.1841579188754492,-0.05505394817487969,1.0280826835889703
2.0,7.259183673469387,-1.147584137015991,-0.04967336253625694,1.106325451423599
2.0,7.4,-1.1125702007809661,-0.043223553670306294,1.182176473248619
