B,Lp,Obj_mass,Obj_concentration,Obj_retentate_concentration
0.0,0.5,-0.6861915652629749,1.8826470684538175,3.3053895747387374
0.0,0.6408163265306123,-0.7508672905484907,1.8849470833633812,3.2269191772241324
0.0,0.7816326530612245,-0.8149462328929136,1.8863460834304184,3.147981015013804
0.0,0.9224489795918367,-0.8785589589207152,1.887280517134621,3.0685363574491373
0.0,1.063265306122449,-0.9418367618287731,1.8879454852097257,2.9885323938170947
0.0,1.2040816326530612,-1.0049029903362428,1.8884408023738768,2.907901492127359
0.0,1.3448979591836734,-1.0678634667824152,1.8888227091919885,2.8265602111942316
0.0,1.4857142857142858,-1.1307955241519938,1.889125267552526,2.7444079583950445
0.0,1.626530612244898,-1.1937349879155466,1.889370291613806,2.6613252047791573
0.0,1.76734693877551,-1.2566602915349983,1.8895723837502274,2.5771711271702498
0.0,1.9081632653061225,-1.319472853285778,1.8897416745699973,2.491780540925016
0.0,2.0489795918367344,-1.3819730018817695,1.889885401892411,2.404959904495471
0.0,2.1897959183673468,-1.4438312948688221,1.8900088651840363,2.316482116664065
0.0,2.330612244897959,-1.504556350121634,1.8901160261409127,2.226079721160435
0.0,2.4714285714285715,-1.5634627076283147,1.89020989975095,2.1334359427640557
0.0,2.6122448979591835,-1.6196461108700415,1.8902928164965758,2.038172769633862
0.0,2.753061224489796,-1.6719786879902894,1.8903666026520274,1.9398348618255608
0.0,2.8938775510204082,-1.7191412750779989,1.8904327070087332,1.8378674885450463
0.0,3.03469387755102,-1.759710655144554,1.8904922916672668,1.731585686702276
0.0,3.1755102040816325,-1.7923100867530024,1.8905462981924823,1.6201301362641294
0.0,3.316326530612245,-1.815808588231958,1.890595496538973,1.5024023106170998
0.0,3.457142857142857,-1.8295236961238561,1.8906405217193318,1.3769660653116382
0.0,3.5979591836734692,-1.8333623127024994,1.8906819016207983,1.2418924709202184
0.0,3.7387755102040816,-1.8278455559423867,1.8907200783325375,1.0945034672225278
0.0,3.8795918367346935,-1.8140076483161462,1.8907554246645015,0.9309232145567888
0.0,4.020408163265306,-1.7932090132447147,1.8907882570562522,0.7452335897513132
0.0,4.161224489795918,-1.766929878891815,1.8908188457523023,0.5277209093069577
0.0,4.302040816326531,-1.7365986916568064,1.8908474228838126,0.26071508522552067
0.0,4.442857142857143,-1.703482126728578,1.890874188937064,-0.09351909515389864
0.0,4.5836734693877546,-1.6686346743858573,1.8908993179641205,-0.6431485080590522
0.0,4.724489795918367,-1.632892485370643,1.8909229618096242,-2.1452090356055673
0.0,4.865306122448979,-1.596892909397303,1.890945253559947,-1.102151466996528
0.0,5.006122448979592,-1.56110545751903,1.890966310373513,-0.41193783332592093
0.0,5.146938775510204,-1.5258647889927928,1.8909862358182365,-0.052963055692029214
0.0,5.2877551020408164,-1.491400911265942,1.8910051218101354,0.18567464225701993
0.0,5.428571428571429,-1.4578647194407366,1.8910230502305723,0.3616023923928949
0.0,5.56938775510204,-1.4253484217387307,1.8910400942816386,0.49905294196647626
0.0,5.710204081632653,-1.3939014478002125,1.891056319627436,0.610530678593431
0.0,5.851020408163265,-1.3635425325183879,1.8910717853594676,0.7033365595517882
0.0,5.9918367346938775,-1.3342687373383784,1.8910865448165326,0.7821048683695095
0.0,6.13265306122449,-1.3060621603446714,1.8911006462841808,0.8499607356308752
0.0,6.273469387755102,-1.2788948525420298,1.8911141335937085,0.9091107577440175
0.0,6.414285714285714,-1.252732345180373,1.8911270466371817,0.9611702514510984
0.0,6.555102040816326,-1.2275362933690044,1.8911394218115696,1.0073565913919786
0.0,6.6959183673469385,-1.2032662620752548,1.8911512924036433,1.0486095974758465
0.0,6.836734693877551,-1.1798810699932947,1.8911626889241957,1.0856694200367003
0.0,6.977551020408163,-1.1573396992514853,1.891173639399491,1.1191291242869013
0.0,7.118367346938776,-1.1356019317486634,1.8911841696261136,1.1494708710578294
0.0,7.259183673469387,-1.1146287444641998,1.891194303394597,1.1770916328275451
0.0,7.4,-1.0943826060128095,1.8912040626860975,1.2023219970052743
0.04081632653061224,0.5,-0.6945168500604623,1.6872356226016982,3.3039611306368513
0.04081632653061224,0.6408163265306123,-0.7611953034266256,1.7040124345763177,3.2243399846043532
0.04081632653061224,0.7816326530612245,-0.8274358542152408,1.7139743856874137,3.1439873197871977
0.04081632653061224,0.9224489795918367,-0.8934182914650781,1.7200425714613503,3.0628019104792616
0.04081632653061224,1.063265306122449,-0.9593268342255523,1.7236643511022067,2.9806657025483636
0.04081632653061224,1.2040816326530612,-1.0253493307698895,1.7256388361599093,2.8974378811160264
0.04081632653061224,1.3448979591836734,-1.0916732867686452,1.7264436821976865,2.812950125045217
0.04081632653061224,1.4857142857142858,-1.1584801355679335,1.7263823599493406,2.7270015420725726
0.04081632653061224,1.626530612244898,-1.225937729123191,1.7256572893047144,2.639352493835754
0.04081632653061224,1.76734693877551,-1.2941903293654797,1.7244089950679313,2.5497166930704482
0.04081632653061224,1.9081632653061225,-1.3633448293498855,1.7227383864603285,2.457750780035687
0.04081632653061224,2.0489795918367344,-1.4334513500976227,1.7207200701907357,2.3630403784294134
0.04081632653061224,2.1897959183673468,-1.5044756963092385,1.7184106478508034,2.2650810834597963
0.04081632653061224,2.330612244897959,-1.5762605176945308,1.7158540676977545,2.1632520771382797
0.04081632653061224,2.4714285714285715,-1.6484717271958793,1.7130851812416696,2.0567787562995847
0.04081632653061224,2.6122448979591835,-1.7205275706761285,1.7101321694542375,1.9446784135012734
0.04081632653061224,2.753061224489796,-1.7915113944780858,1.7070182334478075,1.825678989007014
0.04081632653061224,2.8938775510204082,-1.8600782483628897,1.7037627964893176,1.6980931688234127
0.04081632653061224,3.03469387755102,-1.9243830937370405,1.7003823720117912,1.5596148442327
0.04081632653061224,3.1755102040816325,-1.982084261864824,1.696891200132569,1.4069724536133228
0.04081632653061224,3.316326530612245,-2.0304977704489864,1.693301720242558,1.2352985455167904
0.04081632653061224,3.457142857142857,-2.066963900740286,1.6896249260080156,1.0368814429925137
0.04081632653061224,3.5979591836734692,-2.0893982463702585,1.6858706328084085,0.7983910452900601
0.04081632653061224,3.7387755102040816,-2.096849186308882,1.6820476844278691,0.4935928068679431
0.04081632653061224,3.8795918367346935,-2.089791318437566,1.6781641118284134,0.058267123584822625
0.04081632653061224,4.020408163265306,-2.0699862940386633,1.6742272535959104,-0.7615377392250463
0.04081632653061224,4.161224489795918,-2.039993366842278,1.6702438545342886,-1.4073145126380877
0.04081632653061224,4.302040816326531,-2.002587765973985,1.6662201391577665,-0.2207350764579289
0.04081632653061224,4.442857142857143,-1.960315327315574,1.6621618733915602,0.2410403213959947
0.04081632653061224,4.5836734693877546,-1.9152639976770987,1.6580744100409541,0.526376684878204
0.04081632653061224,4.724489795918367,-1.8690141506732951,1.6539627352058615,0.7301181179053173
0.04081632653061224,4.865306122448979,-1.8226906290417344,1.6498314884976382,0.8867584893123395
0.04081632653061224,5.006122448979592,-1.777053241178223,1.6456849985242166,1.0127758493339085
0.04081632653061224,5.146938775510204,-1.732588693883198,1.641527301883599,1.1173327239202393
0.04081632653061224,5.2877551020408164,-1.6895884877267113,1.637362162994448,1.2060504336912097
0.04081632653061224,5.428571428571429,-1.6482090575693862,1.6331930909900116,1.2826252490547343
0.04081632653061224,5.56938775510204,-1.6085157993745576,1.6290233528312839,1.3496163826022647
0.04081632653061224,5.710204081632653,-1.5705142902078526,1.6248559889430048,1.408868000832874
0.04081632653061224,5.851020408163265,-1.5341719273077385,1.6206938256915555,1.461752041035075
0.04081632653061224,5.9918367346938775,-1.4994326934419717,1.6165394839221432,1.5093160517435669
0.04081632653061224,6.13265306122449,-1.4662271441659618,1.612395393192496,1.5523773564777557
0.04081632653061224,6.273469387755102,-1.4344790394742937,1.6082637993287259,1.5915854156517206
0.04081632653061224,6.414285714285714,-1.4041097147871133,1.6041467736718387,1.6274644418110236
0.04081632653061224,6.555102040816326,-1.3750408969765913,1.600046224767777,1.660443284578258
0.04081632653061224,6.6959183673469385,-1.3471964672432626,1.5959639089734565,1.6908769696497887
0.04081632653061224,6.836734693877551,-1.320503518372498,1.5919014305962422,1.7190624258514384
0.04081632653061224,6.977551020408163,-1.2948929188217924,1.5878602589810622,1.7452503845025729
0.04081632653061224,7.118367346938776,-1.2702996116517742,1.583841730036775,1.76965423085451
0.04081632653061224,7.259183673469387,-1.246662650858286,1.5798470638369342,1.792456986536426
0.04081632653061224,7.4,-1.223925147329414,1.5758773624519693,1.8138166512464868
0.08163265306122448,0.5,-0.7013708443801161,1.4916488313666652,3.30316724936128
0.08163265306122448,0.6408163265306123,-0.7698946845947525,1.5205719753516753,3.222653752875298
0.08163265306122448,0.7816326530612245,-0.8381046813839675,1.5376862151858461,3.1411790912283424
0.08163265306122448,0.9224489795918367,-0.9062172928746447,1.5479500005954772,3.0585958929670305
0.08163265306122448,1.063265306122449,-0.9744556915669148,1.5538588245058857,2.9747342390869336
0.08163265306122448,1.2040816326530612,-1.0430552163429219,1.5568083209634653,2.889393039513941
0.08163265306122448,1.3448979591836734,-1.1122643094206808,1.5576418574227404,2.802332371564725
0.08163265306122448,1.4857142857142858,-1.1823437455844212,1.5569004137810527,2.713264837916131
0.08163265306122448,1.626530612244898,-1.2535648833710218,1.5549479930299668,2.6218446915093576
0.08163265306122448,1.76734693877551,-1.3262067647741227,1.5520393674806447,2.527653517279829
0.08163265306122448,1.9081632653061225,-1.4005512418677437,1.5483589236677346,2.430180783623084
0.08163265306122448,2.0489795918367344,-1.4768745496726987,1.544044021410046,2.3287968911181287
0.08163265306122448,2.1897959183673468,-1.5554326179058418,1.5391996346679993,2.2227149032018887
0.08163265306122448,2.330612244897959,-1.6364356772543547,1.5339078362239937,2.1109348290861725
0.08163265306122448,2.4714285714285715,-1.72000489158421,1.5282341263830796,1.992160078882365
0.08163265306122448,2.6122448979591835,-1.8060995871549124,1.5222317643255248,1.8646675886465924
0.08163265306122448,2.753061224489796,-1.894397948322916,1.5159447951393308,1.726097171144068
0.08163265306122448,2.8938775510204082,-1.9841085488709,1.5094102078525302,1.5730912357486369
0.08163265306122448,3.03469387755102,-2.0736914747098334,1.502659498712659,1.4006361778819028
0.08163265306122448,3.1755102040816325,-2.1604952332684597,1.495719821109847,1.2007493336342738
0.08163265306122448,3.316326530612245,-2.2404072266469814,1.488614843211224,0.9595332531423002
0.08163265306122448,3.457142857142857,-2.307806265341709,1.4813653957829265,0.6493275460475478
0.08163265306122448,3.5979591836734692,-2.3563058042918352,1.473989965602983,0.2010045342841362
0.08163265306122448,3.7387755102040816,-2.3805887002800348,1.4665050776282604,-0.6751750856232595
0.08163265306122448,3.8795918367346935,-2.378657503293102,1.4589255935772507,-1.0624378396816305
0.08163265306122448,4.020408163265306,-2.3528440592791764,1.4512649460668583,0.004300029787752986
0.08163265306122448,4.161224489795918,-2.3086618963664214,1.4435353284797272,0.4483524565186283
0.08163265306122448,4.302040816326531,-2.25253651542847,1.4357478406797586,0.7269384664401932
0.08163265306122448,4.442857142857143,-2.190041517864338,1.4279126286909658,0.9273469336127531
0.08163265306122448,4.5836734693877546,-2.1252277923631113,1.4200389664928508,1.0821515945293665
0.08163265306122448,4.724489795918367,-2.0607074372231615,1.4121353555842358,1.2071171857235083
0.08163265306122448,4.865306122448979,-1.9980114599576824,1.4042095942220345,1.3110802371515895
0.08163265306122448,5.006122448979592,-1.937949077535476,1.396268840696368,1.3994918893900608
0.08163265306122448,5.146938775510204,-1.8808803418215405,1.3883196677821368,1.4759508877832426
0.08163265306122448,5.2877551020408164,-1.826899379599741,1.3803681102596972,1.542956545554454
0.08163265306122448,5.428571428571429,-1.7759500877756376,1.372419709139327,1.6023142468129992
0.08163265306122448,5.56938775510204,-1.727896575798304,1.364479546620992,1.65536975895786
0.08163265306122448,5.710204081632653,-1.682565039370018,1.3565522850330656,1.7031523414069014
0.08163265306122448,5.851020408163265,-1.639768063087006,1.3486421942562437,1.7464662053466506
0.08163265306122448,5.9918367346938775,-1.599318369003053,1.3407531849136933,1.785951217148306
0.08163265306122448,6.13265306122449,-1.5610362217911984,1.332888830523758,1.822124392061026
0.08163265306122448,6.273469387755102,-1.524753124475774,1.3250523948069612,1.8554091482992001
0.08163265306122448,6.414285714285714,-1.4903133227868695,1.3172468519953997,1.886156342843997
0.08163265306122448,6.555102040816326,-1.457574081833915,1.3094749121195266,1.9146597179004936
0.08163265306122448,6.6959183673469385,-1.4264052515624994,1.3017390352192533,1.941167484493579
0.08163265306122448,6.836734693877551,-1.3966885163708738,1.294041451329103,1.965891091078862
0.08163265306122448,6.977551020408163,-1.368316457246105,1.2863841797006599,1.9890120252811443
0.08163265306122448,7.118367346938776,-1.3411916047980157,1.2787690544230812,2.010687097504466
0.08163265306122448,7.259183673469387,-1.3152254495278062,1.2711976963166325,2.031052597585678
0.08163265306122448,7.4,-1.2903375837791535,1.2636715842259425,2.050227700741833
0.12244897959183673,0.5,-0.7071709812295132,1.2922562516794758,3.3027561051961962
0.12244897959183673,0.6408163265306123,-0.7773954431640132,1.3304031530982832,3.221544848116249
0.12244897959183673,0.7816326530612245,-0.8474121508382805,1.3529124855376173,3.1391685264195264
0.12244897959183673,0.9224489795918367,-0.9174623957853061,1.3661474874802209,3.055444119623716
0.12244897959183673,1.063265306122449,-0.987795992305992,1.3733914691121136,2.9701589038535112
0.12244897959183673,1.2040816326530612,-1.0586812702599062,1.3765133419250215,2.883060305157413
0.12244897959183673,1.3448979591836734,-1.130409891702737,1.376657780964448,2.793845744733453
0.12244897959183673,1.4857142857142858,-1.2033002197492668,1.374567041358618,2.7021504580810904
0.12244897959183673,1.626530612244898,-1.2777006442353236,1.370745102468346,2.607531637180066
0.12244897959183673,1.76734693877551,-1.3539933770413972,1.3655474718476772,2.509446969770211
0.12244897959183673,1.9081632653061225,-1.4325987482030063,1.3592332108218945,2.4072247226103487
0.12244897959183673,2.0489795918367344,-1.5139795485073086,1.351996483635801,2.3000210440607
0.12244897959183673,2.1897959183673468,-1.5986442141106219,1.343986480661486,2.1867572433185494
0.12244897959183673,2.330612244897959,-1.6871462214380644,1.3353204018635565,2.066024780947082
0.12244897959183673,2.4714285714285715,-1.7800742159651044,1.3260921698759898,1.9359358157191207
0.12244897959183673,2.6122448979591835,-1.8780216433399777,1.3163784238398597,1.793877113959884
0.12244897959183673,2.753061224489796,-1.9815129813270262,1.306242727538695,1.6360813658437396
0.12244897959183673,2.8938775510204082,-2.0908404196751205,1.295738584689589,1.4568247464034059
0.12244897959183673,3.03469387755102,-2.205720909293909,1.2849116339073143,1.2467758361527417
0.12244897959183673,3.1755102040816325,-2.324612681431447,1.2738012711811169,0.9891227196927915
0.12244897959183673,3.316326530612245,-2.4434705850310685,1.2624418681963192,0.6485181582441296
0.12244897959183673,3.457142857142857,-2.5539080090553146,1.2508636976129974,0.1267721662122951
0.12244897959183673,3.5979591836734692,-2.6418627700968154,1.2390936446916252,-1.169899140363005
0.12244897959183673,3.7387755102040816,-2.690259461383783,1.2271557598973026,-0.46475590221806623
0.12244897959183673,3.8795918367346935,-2.6884236608674255,1.2150716978013987,0.28211187163533513
0.12244897959183673,4.020408163265306,-2.640722893961858,1.2028610641490647,0.6599458800119599
0.12244897959183673,4.161224489795918,-2.5628298224382964,1.1905416948826433,0.9100258137426913
0.12244897959183673,4.302040816326531,-2.470962197222606,1.1781298814202799,1.094690877377237
0.12244897959183673,4.442857142857143,-2.3760939169174127,1.1656405832215915,1.239595552484267
0.12244897959183673,4.5836734693877546,-2.2840431293683183,1.1530875445439186,1.3578181417086763
0.12244897959183673,4.724489795918367,-2.197344895890789,1.1404834568820097,1.4569338998795962
0.12244897959183673,4.865306122448979,-2.11679603799712,1.127840062876688,1.5417234626860534
0.12244897959183673,5.006122448979592,-2.042366540997094,1.115168254306337,1.6153962625867402
0.12244897959183673,5.146938775510204,-1.9736724207675778,1.102478156093224,1.6802101296305076
0.12244897959183673,5.2877551020408164,-1.910206046513967,1.0897792004686728,1.737812774485768
0.12244897959183673,5.428571428571429,-1.8514430571938132,1.0770801924313773,1.78944268732264
0.12244897959183673,5.56938775510204,-1.796888725684937,1.064389366802162,1.8360536535662337
0.12244897959183673,5.710204081632653,-1.746095269640345,1.0517144416872621,1.8783952808571758
0.12244897959183673,5.851020408163265,-1.6986655958654482,1.039062661029487,1.9170669566122858
0.12244897959183673,5.9918367346938775,-1.654251049969133,1.0264408455142222,1.9525551350427672
0.12244897959183673,6.13265306122449,-1.6125467785203873,1.013855419766021,1.98525970462091
0.12244897959183673,6.273469387755102,-1.5732864739492753,1.0013124488314766,2.015513151876766
0.12244897959183673,6.414285714285714,-1.536237286657915,0.9888176759637336,2.043594685252136
0.12244897959183673,6.555102040816326,-1.5011951818557154,0.9763765446047984,2.0697408711952248
0.12244897959183673,6.6959183673469385,-1.4679808803459111,0.9639942271812159,2.0941537488904216
0.12244897959183673,6.836734693877551,-1.4364363663476807,0.9516756485378604,2.11700711110242
0.12244897959183673,6.977551020408163,-1.4064218846243803,0.9394254995735877,2.138451437644267
0.12244897959183673,7.118367346938776,-1.3778134530231454,0.9272482745902952,2.158617778484986
0.12244897959183673,7.259183673469387,-1.3505006689437071,0.9151482699810038,2.177620907862875
0.12244897959183673,7.4,-1.3243849282364626,0.9031296086187255,2.1955618151916396
0.16326530612244897,0.5,-0.7121761989551346,1.0890501401514552,3.302587977513152
0.16326530612244897,0.6408163265306123,-0.7839719760776742,1.1309301545338377,3.220827986403919
0.16326530612244897,0.7816326530612245,-0.855655778172448,1.1556886094586658,3.1377204940379957
0.16326530612244897,0.9224489795918367,-0.9274833730983285,1.1697488325458218,3.0530537889502933
0.16326530612244897,1.063265306122449,-0.9997203379655513,1.1766599243493188,2.966578829520743
0.16326530612244897,1.2040816326530612,-1.0726550214643755,1.1785281983011007,2.877998081840644
0.16326530612244897,1.3448979591836734,-1.1466060535533174,1.1766807687524048,2.786953088485569
0.16326530612244897,1.4857142857142858,-1.221928640579127,1.1719961242595547,2.6930087646812804
0.16326530612244897,1.626530612244898,-1.29902151846631,1.1650802618187546,2.595632361470077
0.16326530612244897,1.76734693877551,-1.3783356239652693,1.156366111853534,2.494164332126282
0.16326530612244897,1.9081632653061225,-1.4603852810308706,1.1461725117066355,2.387776815842468
0.16326530612244897,2.0489795918367344,-1.545762594120126,1.1347406277647067,2.275412881355469
0.16326530612244897,2.1897959183673468,-1.6351556147827604,1.1222573194655305,2.155694671730413
0.16326530612244897,2.330612244897959,-1.7293704399366168,1.1088705517570192,2.0267793975806523
0.16326530612244897,2.4714285714285715,-1.829356099299401,1.094699861833872,1.8861231500815199
0.16326530612244897,2.6122448979591835,-1.93622750292674,1.0798436333721353,1.7300714125954744
0.16326530612244897,2.753061224489796,-2.0512719389910465,1.064384256104087,1.5530974176270114
0.16326530612244897,2.8938775510204082,-2.175898910815964,1.0483918607277454,1.346248211038408
0.16326530612244897,3.03469387755102,-2.311424928790633,1.0319270686878257,1.093543384711737
0.16326530612244897,3.1755102040816325,-2.458407376651168,1.0150430479210826,0.7618884546045146
0.16326530612244897,3.316326530612245,-2.614814120380114,0.9977870787729074,0.26207295349283527
0.16326530612244897,3.457142857142857,-2.771586260703791,0.9802017618479232,-0.8844719860756473
0.16326530612244897,3.5979591836734692,-2.9048335150052176,0.9623259643886675,-0.4829900907853923
0.16326530612244897,3.7387755102040816,-2.9740712751937166,0.9441955710171775,0.3263466563885306
0.16326530612244897,3.8795918367346935,-2.95094997106338,0.9258440889208273,0.719805519597249
0.16326530612244897,4.020408163265306,-2.8540244343669605,0.90730314870549,0.9770767000445477
0.16326530612244897,4.161224489795918,-2.7249574284711535,0.8886029132426234,1.1659256047485478
0.16326530612244897,4.302040816326531,-2.5922952286704573,0.8697724149763861,1.3135973279358855
0.16326530612244897,4.442857142857143,-2.467955743036626,0.8508398886079414,1.4338054872876893
0.16326530612244897,4.5836734693877546,-2.3551843408803004,0.8318329663496841,1.534428923598563
0.16326530612244897,4.724489795918367,-2.2538716763727393,0.8127789345056871,1.6204117173968184
0.16326530612244897,4.865306122448979,-2.162856480365519,0.7937049134184617,1.6950591554043748
0.16326530612244897,5.006122448979592,-2.0807848548791497,0.7746380257714757,1.7606890238934068
0.16326530612244897,5.146938775510204,-2.0063981842161596,0.7556055371180974,1.818988492938797
0.16326530612244897,5.2877551020408164,-1.938609499403342,0.7366349782421804,1.8712231093976623
0.16326530612244897,5.428571428571429,-1.876505629678585,0.7177542477332107,1.9183658509717256
0.16326530612244897,5.56938775510204,-1.8193263912833721,0.6989916940104997,1.961180334555454
0.16326530612244897,5.710204081632653,-1.7664394233567324,0.6803761764896621,2.0002764330701814
0.16326530612244897,5.851020408163265,-1.7173169636849128,0.6619371070518555,2.0361485892201174
0.16326530612244897,5.9918367346938775,-1.6715162421847565,0.643704462632008,2.0692029507968455
0.16326530612244897,6.13265306122449,-1.6286635392211604,0.6257087862325462,2.0997769272450073
0.16326530612244897,6.273469387755102,-1.5884414064241241,0.6079811518566574,2.128153692043057
0.16326530612244897,6.414285714285714,-1.5505784834771534,0.590553105717057,2.154573037002703
0.16326530612244897,6.555102040816326,-1.5148413815108572,0.5734565828536661,2.1792396579082336
0.16326530612244897,6.6959183673469385,-1.4810281748465888,0.5567237871778529,2.2023295637771727
0.16326530612244897,6.836734693877551,-1.4489632013079048,0.5403870564950279,2.223995088384502
0.16326530612244897,6.977551020408163,-1.418492829334966,0.5244786836325305,2.244368868325879
0.16326530612244897,7.118367346938776,-1.3894820268598937,0.5090307164424789,2.2635670245251855
0.16326530612244897,7.259183673469387,-1.3618115768696604,0.49407473212913827,2.28169171592878
0.16326530612244897,7.4,-1.335375736500433,0.47964158366903853,2.298833252191598
0.2040816326530612,0.5,-0.7165595625642678,0.8894096162169826,3.302579315439193
0.2040816326530612,0.6408163265306123,-0.7898118861173282,0.9233014943694348,3.2203865808114007
0.2040816326530612,0.7816326530612245,-0.8630415283303605,0.9436088588018792,3.13668258616003
0.2040816326530612,0.9224489795918367,-0.9365098416877119,0.9540107731606563,3.0512316985710473
0.2040816326530612,1.063265306122449,-1.0104884930795786,0.9571790946207465,2.963753411246311
0.2040816326530612,1.2040816326530612,-1.085273983594783,0.9549304128881111,2.8739103485624216
0.2040816326530612,1.3448979591836734,-1.1611965870368772,0.9485060698850244,2.7812936705656766
0.2040816326530612,1.4857142857142858,-1.2386280895282888,0.9387732162647205,2.685403870841028
0.2040816326530612,1.626530612244898,-1.3179903667609618,0.9263534761144199,2.5856244526547085
0.2040816326530612,1.76734693877551,-1.3997660690470866,0.9117041759918292,2.4811847680714814
0.2040816326530612,1.9081632653061225,-1.4845124457936323,0.89517035557987,2.371106060707066
0.2040816326530612,2.0489795918367344,-1.572879350494649,0.8770187440319664,2.254120779819544
0.2040816326530612,2.1897959183673468,-1.6656324562152869,0.8574605905223633,2.12854750152476
0.2040816326530612,2.330612244897959,-1.7636824283097967,0.8366673182239897,1.9920887980112045
0.2040816326530612,2.4714285714285715,-1.868119603834765,0.8147815770678222,1.8414871110304978
0.2040816326530612,2.6122448979591835,-1.9802497402495067,0.7919252423414516,1.6718993664681132
0.2040816326530612,2.753061224489796,-2.1016145175437377,0.7682053586892861,1.4756600536609303
0.2040816326530612,2.8938775510204082,-2.2339465897219717,0.7437186944294788,1.2395369226772759
0.2040816326530612,3.03469387755102,-2.3789119908611824,0.7185553400305105,0.9375415540131797
0.2040816326530612,3.1755102040816325,-2.5372196360845582,0.6928016386125974,0.506290776656129
0.2040816326530612,3.316326530612245,-2.705970132298103,0.6665426630336757,-0.3023819138941678
0.2040816326530612,3.457142857142857,-2.871896501340629,0.6398643683118896,-0.995890945538179
0.2040816326530612,3.5979591836734692,-3.0002646401578583,0.6128555107679889,0.2175119433462045
0.2040816326530612,3.7387755102040816,-3.039976756119157,0.5856093827102296,0.6843235371207758
0.2040816326530612,3.8795918367346935,-2.975038834065898,0.5582253999720445,0.9725451508814986
0.2040816326530612,4.020408163265306,-2.8473242136037826,0.5308105303887358,1.178486494167137
0.2040816326530612,4.161224489795918,-2.7030909228145803,0.5034805391507258,1.337005567017227
0.2040816326530612,4.302040816326531,-2.564909518618063,0.4763610004668765,1.4647142185394983
0.2040816326530612,4.442857142857143,-2.4396261685136738,0.44958798250878035,1.570835786323914
0.2040816326530612,4.5836734693877546,-2.327848326441093,0.42330840315351786,1.6610233992179737
0.2040816326530612,4.724489795918367,-2.228261560010076,0.3976797096796928,1.7389916936011844
0.2040816326530612,4.865306122448979,-2.139174723599808,0.3728690565299031,1.8073113762588198
0.2040816326530612,5.006122448979592,-2.0590068071922714,0.34905164255757365,1.8678343206246222
0.2040816326530612,5.146938775510204,-1.9864075205857357,0.3264081901425494,1.9219379589143388
0.2040816326530612,5.2877551020408164,-1.9202590994398265,0.3051214881875596,1.970673935855823
0.2040816326530612,5.428571428571429,-1.8596446897689498,0.285372033833144,2.0148628069744894
0.2040816326530612,5.56938775510204,-1.8038120152322599,0.267332868835509,2.055156674754833
0.2040816326530612,5.710204081632653,-1.7521409880489869,0.2511638382980578,2.0920819819238465
0.2040816326530612,5.851020408163265,-1.7041171528129566,0.2370056400565339,2.1260695296681877
0.2040816326530612,5.9918367346938775,-1.6593105847177512,0.22497401065633957,2.157476095233694
0.2040816326530612,6.13265306122449,-1.6173593321865598,0.21515471793035104,2.186600227989142
0.2040816326530612,6.273469387755102,-1.5779564590792106,0.20759962076347616,2.213694105375767
0.2040816326530612,6.414285714285714,-1.540839857659412,0.20232435530076204,2.2389725129134885
0.2040816326530612,6.555102040816326,-1.5057842417477814,0.19930783440097202,2.262619756871957
0.2040816326530612,6.6959183673469385,-1.4725947634946068,0.19849362756803993,2.284795064938151
0.2040816326530612,6.836734693877551,-1.4411019246518546,0.19979308016143085,2.3056368452863207
0.2040816326530612,6.977551020408163,-1.4111574785097876,0.20308985255349388,2.3252660859532295
0.2040816326530612,7.118367346938776,-1.3826311025699392,0.20824545004321893,2.3437890962489307
0.2040816326530612,7.259183673469387,-1.3554077078110753,0.21510517109925514,2.3612997177943926
0.2040816326530612,7.4,-1.3293851798262615,0.22350419630995277,2.3778811668566933
0.24489795918367346,0.5,-0.7204430692807587,0.715603516915985,3.3026774346080683
0.24489795918367346,0.6408163265306123,-0.7950499643791835,0.7188858849449445,3.220143510618627
0.24489795918367346,0.7816326530612245,-0.8697190249326633,0.72036727607558,3.1359511305575163
0.24489795918367346,0.9224489795918367,-0.9447095810133967,0.7170956718364631,3.0498441194856696
0.24489795918367346,1.063265306122449,-1.0202907369585517,0.7088322780635627,2.961514268181303
0.24489795918367346,1.2040816326530612,-1.0967561735781144,0.6960343057034184,2.870588531709182
0.24489795918367346,1.3448979591836734,-1.174433219407437,0.6792670718351516,2.7766123334488926
0.24489795918367346,1.4857142857142858,-1.2536903849526755,0.6590431851384562,2.6790269081236855
0.24489795918367346,1.626530612244898,-1.3349452275689309,0.6357912120823541,2.5771376571869733
0.24489795918367346,1.76734693877551,-1.4186735291495758,0.6098624019229473,2.470068763599165
0.24489795918367346,1.9081632653061225,-1.5054203134623312,0.581546849507953,2.356696208297928
0.24489795918367346,2.0489795918367344,-1.5958127626825467,0.5510902784051982,2.2355457082298447
0.24489795918367346,2.1897959183673468,-1.6905742355989053,0.5187094569090683,2.1046309659373765
0.24489795918367346,2.330612244897959,-1.7905365696368432,0.48460597006775086,1.9611850934939274
0.24489795918367346,2.4714285714285715,-1.8966431448251657,0.44897899510946276,1.801187648772436
0.24489795918367346,2.6122448979591835,-2.0099239325265557,0.41203766488126276,1.6184669323973884
0.24489795918367346,2.753061224489796,-2.1313968181397387,0.3740135398191575,1.4028180663096246
0.24489795918367346,2.8938775510204082,-2.261785730868635,0.33517356538338233,1.135468444312591
0.24489795918367346,3.03469387755102,-2.4008005811198365,0.29583357305303287,0.7755687852341704
0.24489795918367346,3.1755102040816325,-2.545438672903306,0.2563719612181405,0.20129475410953657
0.24489795918367346,3.316326530612245,-2.6864937899479973,0.21724259097845347,-1.6692729426129977
0.24489795918367346,3.457142857142857,-2.8036969054477026,0.1789850572030071,-0.08561048570692634
0.24489795918367346,3.5979591836734692,-2.866727585837516,0.14222946950147078,0.5580438981695621
0.24489795918367346,3.7387755102040816,-2.854960159996716,0.10769185729623902,0.9075291890256412
0.24489795918367346,3.8795918367346935,-2.7794821824229197,0.07615578737705841,1.1446222632682233
0.24489795918367346,4.020408163265306,-2.670588690281574,0.04843644902545978,1.3220015310800148
0.24489795918367346,4.161224489795918,-2.552860516386302,0.025326066014136474,1.4623493024579572
0.24489795918367346,4.302040816326531,-2.438805532990648,0.007524392746765819,1.5775260272333753
0.24489795918367346,4.442857142857143,-2.333093051596827,-0.004435751812135999,1.6745157243978936
0.24489795918367346,4.5836734693877546,-2.2367362645910958,-0.010252783799529507,1.7577775653874734
0.24489795918367346,4.724489795918367,-2.149308479850499,-0.009894843148807453,1.8303313105971737
0.24489795918367346,4.865306122448979,-2.069915931740501,-0.003601680457363781,1.8943158046421775
0.24489795918367346,5.006122448979592,-1.997588785909976,0.008150479152431651,1.951300440381077
0.24489795918367346,5.146938775510204,-1.9314246912392583,0.024711563786630048,2.0024701404240854
0.24489795918367346,5.2877551020408164,-1.870631408395739,0.04533221313021969,2.04874088414641
0.24489795918367346,5.428571428571429,-1.8145300355332954,0.06923486626293339,2.0908348917067414
0.24489795918367346,5.56938775510204,-1.7625442244299323,0.095670858449863,2.129331292232973
0.24489795918367346,5.710204081632653,-1.7141857717504894,0.12395890899475169,2.1647012377298323
0.24489795918367346,5.851020408163265,-1.6690404729131734,0.15350602747179296,2.197332914063169
0.24489795918367346,5.9918367346938775,-1.626755675144311,0.18381425612059502,2.2275497051168793
0.24489795918367346,6.13265306122449,-1.5870297626217653,0.21447761487333536,2.2556236916070094
0.24489795918367346,6.273469387755102,-1.5496035057668711,0.2451736944333051,2.281785762765826
0.24489795918367346,6.414285714285714,-1.5142529544270413,0.2756523890079336,2.306233418278676
0.24489795918367346,6.555102040816326,-1.4807836551736173,0.3057242314786691,2.3291367908988914
0.24489795918367346,6.6959183673469385,-1.4490259297040147,0.33524935140558576,2.3506433816644274
0.24489795918367346,6.836734693877551,-1.4188310117262928,0.36412767622609915,2.370881819586116
0.24489795918367346,6.977551020408163,-1.3900678758283478,0.39229058258485827,2.3899648774197764
0.24489795918367346,7.118367346938776,-1.3626206169642696,0.41969399802095725,2.407991916657754
0.24489795918367346,7.259183673469387,-1.3363863028302863,0.44631271852754156,2.4250508685281114
0.24489795918367346,7.4,-1.3112731399047264,0.47213600435842373,2.4412198910422362
0.2857142857142857,0.5,-0.7239162224893412,0.6072037827270428,3.302847785748923
0.2857142857142857,0.6408163265306123,-0.7997867548073142,0.5514414590661632,3.2200458038187625
0.2857142857142857,0.7816326530612245,-0.8758009911534151,0.5094407436928934,3.135452984016128
0.2857142857142857,0.9224489795918367,-0.9522097236608001,0.47219672566622856,3.0487950831866675
0.2857142857142857,1.063265306122449,-1.029271717412882,0.4353582450135744,2.959739196275531
0.2857142857142857,1.2040816326530612,-1.1072676333632563,0.39683262966413224,2.867880105726733
0.2857142857142857,1.3448979591836734,-1.1865079352378811,0.35561431961423623,2.772721530301155
0.2857142857142857,1.4857142857142858,-1.2673384967095065,0.31123179729844136,2.6736500770773484
0.2857142857142857,1.626530612244898,-1.350145270464503,0.26349178635925347,2.5698983080030158
0.2857142857142857,1.76734693877551,-1.4353582178267468,0.21236923497502538,2.4604910572648007
0.2857142857142857,1.9081632653061225,-1.5234537241791088,0.15797492718445919,2.344165067384946
0.2857142857142857,2.0489795918367344,-1.6149533063013302,0.10057185546928936,2.2192445016513407
0.2857142857142857,2.1897959183673468,-1.7104138651265668,0.04063100910785275,2.083439722142266
0.2857142857142857,2.330612244897959,-1.8103997014118727,-0.0210749788553516,1.9335049222522391
0.2857142857142857,2.4714285714285715,-1.9154165817842255,-0.08334112724577251,1.7646163415039677
0.2857142857142857,2.6122448979591835,-2.025768628657099,-0.14437489462420453,1.5691434478433015
0.2857142857142857,2.753061224489796,-2.14126224787669,-0.20165932813499035,1.3339259799680463
0.2857142857142857,2.8938775510204082,-2.2606221348373468,-0.251930245645713,1.0331534447747825
0.2857142857142857,3.03469387755102,-2.3804280950212253,-0.2914163694708159,0.6040404268717368
0.2857142857142857,3.1755102040816325,-2.493498393428182,-0.3164676985141082,-0.19751021636354907
0.2857142857142857,3.316326530612245,-2.5874670648093634,-0.32449646054197134,-0.9269923895670215
0.2857142857142857,3.457142857142857,-2.646298482155769,-0.3148272756760593,0.3058402726125133
0.2857142857142857,3.5979591836734692,-2.6578481068013824,-0.2889328016916226,0.7755768911231202
0.2857142857142857,3.7387755102040816,-2.6229409197954556,-0.2498899200049364,1.0651552567821445
0.2857142857142857,3.8795918367346935,-2.554704578962494,-0.20142420712523126,1.2719665586553999
0.2857142857142857,4.020408163265306,-2.4690988874371658,-0.14706838546177944,1.4311363607841563
0.2857142857142857,4.161224489795918,-2.3779920685488882,-0.08970218206786443,1.5593748821446016
0.2857142857142857,4.302040816326531,-2.2881488169780435,-0.03144090973563974,1.665950330532862
0.2857142857142857,4.442857142857143,-2.2027624947546633,0.026278730162809738,1.7565393324444196
0.2857142857142857,4.5836734693877546,-2.1230244017181077,0.0825454586936208,1.8348701604850752
0.2857142857142857,4.724489795918367,-2.049127247313835,0.13682336806174258,1.903522072586967
0.2857142857142857,4.865306122448979,-1.9808100191773896,0.18883132934254374,1.9643526088118393
0.2857142857142857,5.006122448979592,-1.9176324624434986,0.2384545935944251,2.0187431677950265
0.2857142857142857,5.146938775510204,-1.8591070140318238,0.2856835750395798,2.0677482948269783
0.2857142857142857,5.2877551020408164,-1.8047589461721458,0.33057279568926534,2.1121907446538515
0.2857142857142857,5.428571428571429,-1.7541512359795974,0.37321387300854875,2.1527243364591913
0.2857142857142857,5.56938775510204,-1.7068924724526318,0.4137181181038593,2.1898768894487364
0.2857142857142857,5.710204081632653,-1.6626369037174855,0.4522054487620013,2.224080344161989
0.2857142857142857,5.851020408163265,-1.62108107481755,0.48879752993136544,2.2556924223715433
0.2857142857142857,5.9918367346938775,-1.581959324487355,0.5236135442562534,2.2850124835027144
0.2857142857142857,6.13265306122449,-1.5450390517882748,0.5567677052364719,2.3122934219360305
0.2857142857142857,6.273469387755102,-1.5101163164354714,0.5883680973857957,2.3377506335454497
0.2857142857142857,6.414285714285714,-1.4770118881676486,0.6185159788552406,2.3615689724044873
0.2857142857142857,6.555102040816326,-1.4455678096464901,0.647305671373511,2.3839081560115503
0.2857142857142857,6.6959183673469385,-1.4156444407090378,0.6748246919789493,2.404907035057254
0.2857142857142857,6.836734693877551,-1.3871179350038867,0.7011540393785444,2.424686999026193
0.2857142857142857,6.977551020408163,-1.359878096453551,0.7263685743274683,2.4433547199689793
0.2857142857142857,7.118367346938776,-1.333826555213369,0.7505374350539454,2.4610043821452456
0.2857142857142857,7.259183673469387,-1.308875218969316,0.7737244726108072,2.47771951105923
0.2857142857142857,7.4,-1.2849449696654165,0.7959886256748492,2.4935744689086805
0.32653061224489793,0.5,-0.727046761523857,0.5936712360360951,3.303067027771059
0.32653061224489793,0.6408163265306123,-0.8040994845307043,0.47539429219574225,3.2200559935867403
0.32653061224489793,0.7816326530612245,-0.8813748020067611,0.37388109648505125,3.135135046327093
0.32653061224489793,0.9224489795918367,-0.9591093731500892,0.28110067614530154,3.048013745257331
0.32653061224489793,1.063265306122449,-1.0375446080094957,0.19168307437683585,2.958336953627054
0.32653061224489793,1.2040816326530612,-1.1169386441806628,0.10199723579225763,2.865670273046431
0.32653061224489793,1.3448979591836734,-1.1975718159698299,0.00957439055509419,2.769479278492115
0.32653061224489793,1.4857142857142858,-1.2797486229853614,-0.08717051596535916,2.669100161544801
0.32653061224489793,1.626530612244898,-1.3637967567973688,-0.18891771020923753,2.563697594824002
0.32653061224489793,1.76734693877551,-1.450062207240057,-0.295038114721222,2.452202783063924
0.32653061224489793,1.9081632653061225,-1.538897812757813,-0.40263357164187946,2.3332195623198566
0.32653061224489793,2.0489795918367344,-1.6306401027278148,-0.5049148898128765,2.2048767930423265
0.32653061224489793,2.1897959183673468,-1.725565061001073,-0.5895750710698479,2.064585513303344
0.32653061224489793,2.330612244897959,-1.823806284372571,-0.639942123731443,1.9086165158214798
0.32653061224489793,2.4714285714285715,-1.9252074358002764,-0.6426171859638485,1.7313111737037166
0.32653061224489793,2.6122448979591835,-2.029064925280868,-0.5975792546644256,1.523461942944007
0.32653061224489793,2.753061224489796,-2.1337034745726955,-0.5182401711837867,1.2685282246978686
0.32653061224489793,2.8938775510204082,-2.235849965227656,-0.4213830551866834,0.9319003575514582
0.32653061224489793,3.03469387755102,-2.3299217089161317,-0.3194990902303318,0.41836713335093484
0.32653061224489793,3.1755102040816325,-2.4077653151565372,-0.21962943331709936,-0.8248859855372096
0.32653061224489793,3.316326530612245,-2.4599488683303425,-0.1250280710553359,-0.21887717146845476
0.32653061224489793,3.457142857142857,-2.47932407575311,-0.036853440436494446,0.5476167187302718
0.32653061224489793,3.5979591836734692,-2.4650089165980877,0.044764464601107966,0.9311649665840565
0.32653061224489793,3.7387755102040816,-2.422968962561335,0.12015316219260876,1.1843391408755666
0.32653061224489793,3.8795918367346935,-2.362548092495899,0.18981422281938207,1.3711329630381006
0.32653061224489793,4.020408163265306,-2.2924968998351782,0.25428928433713943,1.5176924575125514
0.32653061224489793,4.161224489795918,-2.21912234377602,0.31410017470417184,1.6372942302218125
0.32653061224489793,4.302040816326531,-2.146281487307509,0.36972498463765563,1.737609314695556
0.32653061224489793,4.442857142857143,-2.0760548168880524,0.42159116064515895,1.8234705965600995
0.32653061224489793,4.5836734693877546,-2.009415222624779,0.4700763552904406,1.8981186762578313
0.32653061224489793,4.724489795918367,-1.9467017636430481,0.5155123789544317,1.963831353843647
0.32653061224489793,4.865306122448979,-1.8879127909646052,0.5581904382582336,2.0222698374450436
0.32653061224489793,5.006122448979592,-1.8328755938748174,0.5983661817102607,2.074682207400711
0.32653061224489793,5.146938775510204,-1.7813409468469237,0.6362645025039775,2.1220293416905425
0.32653061224489793,5.2877551020408164,-1.7330342254522513,0.6720837404568286,2.1650662744698526
0.32653061224489793,5.428571428571429,-1.6876820907062575,0.7059993610136616,2.204396680930965
0.32653061224489793,5.56938775510204,-1.645025611036741,0.7381670948045453,2.240510469999623
0.32653061224489793,5.710204081632653,-1.6048259634009636,0.7687256251717619,2.2738104125291274
0.32653061224489793,5.851020408163265,-1.566866174776912,0.7977988453998965,2.3046314174638036
0.32653061224489793,5.9918367346938775,-1.5309507831645246,0.825497800888412,2.3332547764668705
0.32653061224489793,6.13265306122449,-1.4969044934566094,0.8519223649609067,2.359918869140113
0.32653061224489793,6.273469387755102,-1.4645704267609678,0.8771625478116718,2.3848273444351364
0.32653061224489793,6.414285714285714,-1.433808251905968,0.9012998095170842,2.4081554181672806
0.32653061224489793,6.555102040816326,-1.4044923654718933,0.92440801825441,2.430054846721067
0.32653061224489793,6.6959183673469385,-1.3765102088353787,0.9465543476515487,2.450657849004736
0.32653061224489793,6.836734693877551,-1.3497607441172907,0.9678000360007738,2.4700802495153806
0.32653061224489793,6.977551020408163,-1.324153097679925,0.9882010478607162,2.4884240195323812
0.32653061224489793,7.118367346938776,-1.2996053625780537,1.0078086421606913,2.5057793470969187
0.32653061224489793,7.259183673469387,-1.2760435481121408,1.0266698794716362,2.5222263418958133
0.32653061224489793,7.4,-1.2534006775749644,1.0448280243116062,2.5378364313190898
0.36734693877551017,0.5,-0.7298872478278434,0.6579351305465875,3.3033190268037753
0.36734693877551017,0.6408163265306123,-0.8080488841803019,0.5119807402338425,3.2201469533579408
0.36734693877551017,0.7816326530612245,-0.886509751680336,0.3784768111356907,3.1349578729523313
0.36734693877551017,0.9224489795918367,-0.9654875593805222,0.25232138092944856,3.0474466069072648
0.36734693877551017,1.063265306122449,-1.0452000163158366,0.1305037230885281,2.957237850448854
0.36734693877551017,1.2040816326530612,-1.1258738745981247,0.01204465173124459,2.863870624870105
0.36734693877551017,1.3448979591836734,-1.2077467352760232,-0.10154422475356292,2.766775543375139
0.36734693877551017,1.4857142857142858,-1.2910637409986532,-0.20540231140939766,2.6652422455157856
0.36734693877551017,1.626530612244898,-1.3760687155576745,-0.2906920042031304,2.5583721867130853
0.36734693877551017,1.76734693877551,-1.4629873930451045,-0.345883387712689,2.4450085412228018
0.36734693877551017,1.9081632653061225,-1.5519981378781198,-0.3616490577231785,2.323628773958995
0.36734693877551017,2.0489795918367344,-1.6431823630882518,-0.33704215397282006,2.1921735443190378
0.36734693877551017,2.1897959183673468,-1.7364422825102166,-0.2804814246632562,2.047760690247626
0.36734693877551017,2.330612244897959,-1.8313678317325428,-0.20435590381668428,1.8861776271705393
0.36734693877551017,2.4714285714285715,-1.9270299283077896,-0.11941809199612403,1.7009080363187614
0.36734693877551017,2.6122448979591835,-2.0216824982761468,-0.03277605274296622,1.4810629473023504
0.36734693877551017,2.753061224489796,-2.112393633142946,0.05161754195328433,1.2062944290717275
0.36734693877551017,2.8938775510204082,-2.19473732924671,0.13186609497296403,0.8311396122962945
0.36734693877551017,3.03469387755102,-2.2628823594262757,0.2072423859029712,0.2119844293868166
0.36734693877551017,3.1755102040816325,-2.3105681048505007,0.2776321738141105,-3.286778674678713
0.36734693877551017,3.316326530612245,-2.333109419079603,0.34322009015222493,0.1310208327617407
0.36734693877551017,3.457142857142857,-2.3294874743484524,0.40432148758859343,0.7178114585547868
0.36734693877551017,3.5979591836734692,-2.3028819297297436,0.4612955175840858,1.0497290957975403
0.36734693877551017,3.7387755102040816,-2.2591562187453,0.5145018724522302,1.2784628011133143
0.36734693877551017,3.8795918367346935,-2.2046172165917675,0.5642805758965292,1.451065190033036
0.36734693877551017,4.020408163265306,-2.144503325476877,0.6109437021217363,1.588393882111498
0.36734693877551017,4.161224489795918,-2.082523095418456,0.6547732305768922,1.701539644875549
0.36734693877551017,4.302040816326531,-2.0210271655008545,0.6960218516258557,1.7971058915975249
0.36734693877551017,4.442857142857143,-1.9613748292619662,0.7349151203668735,1.8793421550846272
0.36734693877551017,4.5836734693877546,-1.9042733716421971,0.7716541029964157,1.9511434023510543
0.36734693877551017,4.724489795918367,-1.8500277879427078,0.8064180971572737,2.0145696328241818
0.36734693877551017,4.865306122448979,-1.7987062729639252,0.8393671310530866,2.071138103342979
0.36734693877551017,5.006122448979592,-1.7502440443873954,0.8706443839285258,2.121997912034248
0.36734693877551017,5.146938775510204,-1.7045063205668376,0.9003781891192937,2.1680396860165208
0.36734693877551017,5.2877551020408164,-1.6613256857118621,0.9286838649364808,2.2099672435878657
0.36734693877551017,5.428571428571429,-1.6205237450945336,0.9556653040600691,2.248346060340834
0.36734693877551017,5.56938775510204,-1.5819233295271282,0.9814163320773265,2.2836369860786796
0.36734693877551017,5.710204081632653,-1.5453550333056547,1.00602190728151,2.3162203065834515
0.36734693877551017,5.851020408163265,-1.5106604247349682,1.0295591450199375,2.3464132728265557
0.36734693877551017,5.9918367346938775,-1.477693305789198,1.0520982133131662,2.3744831253241587
0.36734693877551017,6.13265306122449,-1.4463198654260483,1.0737031075686514,2.400656929875737
0.36734693877551017,6.273469387755102,-1.4164182273080346,1.0944323371294555,2.4251291135647612
0.36734693877551017,6.414285714285714,-1.3878776804337467,1.1143394604680563,2.4480673419096033
0.36734693877551017,6.555102040816326,-1.3605977883078486,1.1334736884358059,2.469617104360972
0.36734693877551017,6.6959183673469385,-1.3344874636001782,1.151880261905207,2.48990538588283
0.36734693877551017,6.836734693877551,-1.3094640605738046,1.1696008772495374,2.5090436114937558
0.36734693877551017,6.977551020408163,-1.285452528943034,1.1866740289347828,2.5271300286119307
0.36734693877551017,7.118367346938776,-1.2623846340590168,1.203135316324938,2.54425165459682
0.36734693877551017,7.259183673469387,-1.240198250683071,1.219017719091755,2.5604858818070317
0.36734693877551017,7.4,-1.2188367241066556,1.2343518438804375,2.5759018105909766
0.4081632653061224,0.5,-0.7324793088585166,0.7579273241553782,3.3035924319685654
0.4081632653061224,0.6408163265306123,-0.8116836445460985,0.6179224870720411,3.2202986676389185
0.4081632653061224,0.7816326530612245,-0.8912618370750708,0.4926628296917918,3.1348916069789285
0.4081632653061224,0.9224489795918367,-0.9714084888484162,0.3806215571929063,3.0470525081092656
0.4081632653061224,1.063265306122449,-1.052311856702735,0.28259440381254436,2.9563876584453026
0.4081632653061224,1.2040816326530612,-1.1341590450161008,0.20126145992178254,2.86241178740563
0.4081632653061224,1.3448979591836734,-1.2171329871229672,0.14037724343537963,2.7645234139410677
0.4081632653061224,1.4857142857142858,-1.3014023583982572,0.10333248611213981,2.661969186140521
0.4081632653061224,1.626530612244898,-1.3871029186545847,0.0914458154837921,2.5537917558112775
0.4081632653061224,1.76734693877551,-1.474306628523191,0.10297943293281267,2.438751719472563
0.4081632653061224,1.9081632653061225,-1.5629724799960751,0.1335968147755712,2.315206812566593
0.4081632653061224,2.0489795918367344,-1.652870171817309,0.17783864005639435,2.1809172348213695
0.4081632653061224,2.1897959183673468,-1.743465285718778,0.23055495966500172,2.0327154951868143
0.4081632653061224,2.330612244897959,-1.8337552061775457,0.28766537534115005,1.8659096489269362
0.4081632653061224,2.4714285714285715,-1.9220557442634139,0.3462909759533438,1.6731112618468076
0.4081632653061224,2.6122448979591835,-2.005773201253205,0.4045633481809547,1.4416605939243299
0.4081632653061224,2.753061224489796,-2.0812719704758984,0.4613525705524213,1.1469805343263404
0.4081632653061224,2.8938775510204082,-2.1440534821549395,0.5160271094744403,0.7303772914838539
0.4081632653061224,3.03469387755102,-2.1894952847752958,0.5682754852943126,-0.02555160408208153
0.4081632653061224,3.1755102040816325,-2.2141514763640755,0.6179845241531118,-1.038191639975887
0.4081632653061224,3.316326530612245,-2.21705619787952,0.665159992734863,0.35669087071836086
0.4081632653061224,3.457142857142857,-2.200149290026049,0.7098762008372408,0.8462922067349641
0.4081632653061224,3.5979591836734692,-2.1674889953470755,0.7522445650211858,1.1438452324129766
0.4081632653061224,3.7387755102040816,-2.1238548365713563,0.7923942871016598,1.3550735406655932
0.4081632653061224,3.8795918367346935,-2.0735957688986018,0.8304606601027504,1.5171166994685508
0.4081632653061224,4.020408163265306,-2.020089973506832,0.8665781614728884,1.6474155673721589
0.4081632653061224,4.161224489795918,-1.9656943087261898,0.9008765007469827,1.7555676713999329
0.4081632653061224,4.302040816326531,-1.9119254030863722,0.9334785293784292,1.8474201202470961
0.4081632653061224,4.442857142857143,-1.8596900557922473,0.9644992637017739,1.9267984461850785
0.4081632653061224,4.5836734693877546,-1.809483905390627,0.9940456067847552,1.9963415334575787
0.4081632653061224,4.724489795918367,-1.7615384498889357,1.022216450888169,2.057945626959938
0.4081632653061224,4.865306122448979,-1.7159217528823225,1.0491030431027335,2.1130183866828616
0.4081632653061224,5.006122448979592,-1.6726044185986921,1.0747893878352608,2.1626328896150495
0.4081632653061224,5.146938775510204,-1.6315017278509942,1.0993528463825424,2.2076253401667887
0.4081632653061224,5.2877551020408164,-1.5924999550496715,1.1228646112352645,2.248659618989556
0.4081632653061224,5.428571428571429,-1.5554725761581591,1.145390222371586,2.286271234362301
0.4081632653061224,5.56938775510204,-1.5202900192270008,1.1669900611046486,2.32089813158325
0.4081632653061224,5.710204081632653,-1.4868253667617535,1.1877198027734406,2.3529027956634083
0.4081632653061224,5.851020408163265,-1.4549575268658983,1.207630833742587,2.382588445334957
0.4081632653061224,5.9918367346938775,-1.424572836700226,1.2267706352526213,2.410211117608079
0.4081632653061224,6.13265306122449,-1.3955657137533164,1.2451831289882889,2.4359888305872395
0.4081632653061224,6.273469387755102,-1.3678387300897035,1.2629089957587984,2.460108634686921
0.4081632653061224,6.414285714285714,-1.3413023594165292,1.2799859683608894,2.4827321053695997
0.4081632653061224,6.555102040816326,-1.3158745322378311,1.2964490512205828,2.5039996976736076
0.4081632653061224,6.6959183673469385,-1.2914801257615045,1.3123308097708768,2.52403417315293
0.4081632653061224,6.836734693877551,-1.268050403320624,1.3276615421820632,2.542943401164116
0.4081632653061224,6.977551020408163,-1.2455224607373823,1.3424694871774616,2.56082261982222
0.4081632653061224,7.118367346938776,-1.2238387101357833,1.356780981102546,2.577756276494846
0.4081632653061224,7.259183673469387,-1.2029463814400019,1.370620623189963,2.593819562217439
0.4081632653061224,7.4,-1.1827970667067222,1.384011417635885,2.6090796807415146
0.44897959183673464,0.5,-0.7348564807182978,0.8640006851876026,3.303879150328371
0.44897959183673464,0.6408163265306123,-0.8150434402126887,0.7429105036480365,3.220496136637689
0.44897959183673464,0.7816326530612245,-0.895677026306172,0.6405137898389548,3.1349132919565585
0.44897959183673464,0.9224489795918367,-0.9769251414124072,0.5564955398609515,3.046799285366533
0.44897959183673464,1.063265306122449,-1.0589413726985413,0.4915877619097056,2.9557435205250946
0.44897959183673464,1.2040816326530612,-1.1418654791887421,0.44660385243587325,2.8612384688369503
0.44897959183673464,1.3448979591836734,-1.2258144691699122,0.42156823688952866,2.762653154934009
0.44897959183673464,1.4857142857142858,-1.3108644091744817,0.41520172945120626,2.6591945267555945
0.44897959183673464,1.626530612244898,-1.397020502350175,0.4249602962319073,2.549850599512936
0.44897959183673464,1.76734693877551,-1.4841708998787169,0.4475331698301882,2.433304674408883
0.44897959183673464,1.9081632653061225,-1.5720178904540223,0.4794791125577272,2.3078014201884587
0.44897959183673464,2.0489795918367344,-1.659979273555268,0.5177127457023594,2.170928773632217
0.44897959183673464,2.1897959183673468,-1.74705529001906,0.5597393304816979,2.019243196843134
0.44897959183673464,2.330612244897959,-1.8316677191001618,0.6036860023901864,1.8475808948261652
0.44897959183673464,2.4714285714285715,-1.9115062289227787,0.6482224907576368,1.647674805028635
0.44897959183673464,2.6122448979591835,-1.9834695412352934,0.6924453878317592,1.4050210676869217
0.44897959183673464,2.753061224489796,-2.0438502644796084,0.7357666386584812,1.0904040042966592
0.44897959183673464,2.8938775510204082,-2.088912071504619,0.7778219134002848,0.6291643251710336
0.44897959183673464,3.03469387755102,-2.1158333911022673,0.8184012792285419,-0.3130515263775225
0.44897959183673464,3.1755102040816325,-2.1236490651145106,0.8573991576330916,-0.45152650418948026
0.44897959183673464,3.316326530612245,-2.113625107782228,0.894779203717733,0.5191339352152022
0.44897959183673464,3.457142857142857,-2.088803377448181,0.930550088447426,0.9476334359347377
0.44897959183673464,3.5979591836734692,-2.0530332609684074,0.9647489825579532,1.2207175785191569
0.44897959183673464,3.7387755102040816,-2.010054981440076,0.9974303917950701,1.4188268556677264
0.44897959183673464,3.8795918367346935,-1.9629665178001263,1.0286586573329382,1.5727317800618377
0.44897959183673464,4.020408163265306,-1.9140717611412141,1.0585029755340463,1.6975167218857863
0.44897959183673464,4.161224489795918,-1.8649548769582251,1.087034102933722,1.8017052326719423
0.44897959183673464,4.302040816326531,-1.8166373139663268,1.114322238350751,1.8905849956913297
0.44897959183673464,4.442857142857143,-1.7697363476301664,1.1404356808801526,1.9676615310644643
0.44897959183673464,4.5836734693877546,-1.7245941171417027,1.1654400167436214,2.0353774709879047
0.44897959183673464,4.724489795918367,-1.6813723916072352,1.1893976660386982,2.0955020620072022
0.44897959183673464,4.865306122448979,-1.6401183294274613,1.2123676656779792,2.1493571830138944
0.44897959183673464,5.006122448979592,-1.6008085889096935,1.2344056281619957,2.1979558766512852
0.44897959183673464,5.146938775510204,-1.5633782535665663,1.255563726677767,2.2420911521127045
0.44897959183673464,5.2877551020408164,-1.5277395470544175,1.2758908849831023,2.282394979804023
0.44897959183673464,5.428571428571429,-1.4937936951669208,1.2954328711657894,2.3193788246642435
0.44897959183673464,5.56938775510204,-1.4614383598949485,1.3142324782836539,2.3534621767026036
0.44897959183673464,5.710204081632653,-1.4305721734921784,1.3323297020734206,2.3849931295113835
0.44897959183673464,5.851020408163265,-1.4010974035844104,1.3497619196852237,2.414263521858467
0.44897959183673464,5.9918367346938775,-1.372921421234996,1.3665640652379816,2.4415202795526567
0.44897959183673464,6.13265306122449,-1.3459574091758528,1.382768799606459,2.466974045918426
0.44897959183673464,6.273469387755102,-1.32012459178535,1.3984066706755849,2.490805842781422
0.44897959183673464,6.414285714285714,-1.2953481795207376,1.4135062651007586,2.513172277827091
0.44897959183673464,6.555102040816326,-1.2715591392662988,1.4280943597863671,2.5342096567279224
0.44897959183673464,6.6959183673469385,-1.2486938611228422,1.442196019444528,2.554037291618974
0.44897959183673464,6.836734693877551,-1.226693802581015,1.4558347691087348,2.572760127521248
0.44897959183673464,6.977551020408163,-1.2055050953384014,1.4690326743655064,2.5904709205674017
0.44897959183673464,7.118367346938776,-1.1850781682049683,1.4818104551255202,2.6072520049060817
0.44897959183673464,7.259183673469387,-1.1653673842973782,1.4941875785837662,2.6231767550559333
0.44897959183673464,7.4,-1.1463306948176275,1.5061823606679825,2.638310811812237
0.4897959183673469,0.5,-0.7370461763091544,0.9635028394410627,3.3041733552360983
0.4897959183673469,0.6408163265306123,-0.8181610470065996,0.8625460073010232,3.2207279737612162
0.4897959183673469,0.7816326530612245,-0.8997935613007955,0.7821849303019595,3.13500504284777
0.4897959183673469,0.9224489795918367,-0.9820818122601392,0.7215286845510535,3.0466614718793594
0.4897959183673469,1.063265306122449,-1.0651399800203079,0.6798295720956439,2.955271118505458
0.4897959183673469,1.2040816326530612,-1.1490533157743419,0.6558837185626374,2.860306017288032
0.4897959183673469,1.3448979591836734,-1.2338623253122454,0.6477980801249708,2.7611080670503974
0.4897959183673469,1.4857142857142858,-1.319535366774127,0.6530991583667577,2.6568475636186397
0.4897959183673469,1.626530612244898,-1.4059265218588117,0.6690459844006145,2.546461815610976
0.4897959183673469,1.76734693877551,-1.4927141025077502,0.6929686837917364,2.4285619216612857
0.4897959183673469,1.9081632653061225,-1.5793149385617844,0.7225101170642547,2.3012860963047026
0.4897959183673469,2.0489795918367344,-1.6647725373805633,0.7557378576761119,2.1620585069874054
0.4897959183673469,2.1897959183673468,-1.7476272750908255,0.7911533341086544,2.0071699599177197
0.4897959183673469,2.330612244897959,-1.8257997060556568,0.8276426543759708,1.8309953145616547
0.4897959183673469,2.4714285714285715,-1.8965570204316073,0.8644054467591535,1.6243897105733058
0.4897959183673469,2.6122448979591835,-1.9566743773690207,0.9008834849282388,1.370948325824359
0.4897959183673469,2.753061224489796,-2.0028977088634545,0.9366990603655261,1.0364272341623966
0.4897959183673469,2.8938775510204082,-2.0326888025973107,0.9716058141902485,0.5270741717203196
0.4897959183673469,3.03469387755102,-2.0449920653518148,1.0054513134128928,-0.6909256175106719
0.4897959183673469,3.1755102040816325,-2.040606748664471,1.0381493840811598,-0.13341633296904287
0.4897959183673469,3.316326530612245,-2.0219246798780866,1.0696600205523519,0.6434553080964643
0.4897959183673469,3.457142857142857,-1.9922047176207986,1.0999749674824257,1.0300155292108935
0.4897959183673469,3.5979591836734692,-1.954796222903914,1.1291074562371395,1.2848411035162708
0.4897959183673469,3.7387755102040816,-1.9126162422707047,1.1570849230938391,1.4727856322859116
0.4897959183673469,3.8795918367346935,-1.8679385087602658,1.1839438754647171,1.6202489231844885
0.4897959183673469,4.020408163265306,-1.8223999762392002,1.2097262988380917,1.7406097543833912
0.4897959183673469,4.161224489795918,-1.777108373155417,1.2344771318443506,1.841588551322381
0.4897959183673469,4.302040816326531,-1.7327724422697175,1.25824252278236,1.928045223974038
0.4897959183673469,4.442857142857143,-1.6898177380723352,1.2810686344000572,2.003236588943576
0.4897959183673469,4.5836734693877546,-1.6484768201419415,1.3030008452399255,2.0694508666838556
0.4897959183673469,4.724489795918367,-1.6088546923042448,1.324083210852886,2.1283563987211798
0.4897959183673469,4.865306122448979,-1.5709743493415698,1.3443581372285887,2.1812063682667384
0.4897959183673469,5.006122448979592,-1.5348076589995248,1.3638661835788375,2.228965456192635
0.4897959183673469,5.146938775510204,-1.5002959368834303,1.3826459746626816,2.272391629263673
0.4897959183673469,5.2877551020408164,-1.4673634377058329,1.4007341274004474,2.312090914644574
0.4897959183673469,5.428571428571429,-1.4359261393241454,1.4181653318517025,2.348555121578226
0.4897959183673469,5.56938775510204,-1.405897304550441,1.434972353564755,2.3821886089617164
0.4897959183673469,5.710204081632653,-1.3771909660570552,1.451186110142845,2.4133276366025758
0.4897959183673469,5.851020408163265,-1.3497240242090196,1.4668357527165525,2.4422546626572115
0.4897959183673469,5.9918367346938775,-1.3234174377159669,1.4819487505321454,2.4692090862306864
0.4897959183673469,6.13265306122449,-1.2981968279743117,1.496550980699306,2.4943954465531384
0.4897959183673469,6.273469387755102,-1.2739927070850245,1.5106668181791383,2.5179897670191225
0.4897959183673469,6.414285714285714,-1.2507404696466253,1.524319223923242,2.5401445262059505
0.4897959183673469,6.555102040816326,-1.228380240649219,1.5375298299661335,2.560992596456727
0.4897959183673469,6.6959183673469385,-1.206856641416154,1.5503190302071161,2.5806503937761636
0.4897959183673469,6.836734693877551,-1.1861185042899172,1.5627060281356138,2.599220443051353
0.4897959183673469,6.977551020408163,-1.1661185888433987,1.5747089559369243,2.616793429038681
0.4897959183673469,7.118367346938776,-1.1468132750850404,1.5863449141203647,2.633449920808839
0.4897959183673469,7.259183673469387,-1.128162276837275,1.5976300452854288,2.6492617796908973
0.4897959183673469,7.4,-1.1101283667825346,1.6085795947244892,2.664293335857306
0.5306122448979591,0.5,-0.7390710849633172,1.0528078870392963,3.304470825174009
0.5306122448979591,0.6408163265306123,-0.8210638642462105,0.9696136924134588,3.2209854426800724
0.5306122448979591,0.7816326530612245,-0.9036436232360313,0.9070973506968926,3.1351527685411855
0.5306122448979591,0.9224489795918367,-0.98691595548678,0.8634845725901061,3.0466186747454707
0.5306122448979591,1.063265306122449,-1.0709513309660392,0.836906403555857,2.9549426606607376
0.5306122448979591,1.2040816326530612,-1.1557738375801077,0.8251789739639344,2.859577965224972
0.5306122448979591,1.3448979591836734,-1.2413375794969816,0.8258587931666636,2.759841526791745
0.5306122448979591,1.4857142857142858,-1.327489200111896,0.8364393035576162,2.654869815048764
0.5306122448979591,1.626530612244898,-1.4139131810534102,0.8545614793574638,2.5435531341282993
0.5306122448979591,1.76734693877551,-1.500056312985878,0.878161474468251,2.4244352686274504
0.5306122448979591,1.9081632653061225,-1.5850302831362277,0.9055357417860626,2.2955544841313773
0.5306122448979591,2.0489795918367344,-1.6674996994177627,0.9353403092698434,2.1541798345674086
0.5306122448979591,2.1897959183673468,-1.7455813718656898,0.9665513535913222,1.9963477027010876
0.5306122448979591,2.330612244897959,-1.816811561048803,0.9984103651460171,1.8159846301153018
0.5306122448979591,2.4714285714285715,-1.8782713863193685,1.0303685335260873,1.6030754916174763
0.5306122448979591,2.6122448979591835,-1.9269603961749495,1.062037546970432,1.3392743209021214
0.5306122448979591,2.753061224489796,-1.960417981645156,1.093149274561079,0.9849459603197696
0.5306122448979591,2.8938775510204082,-1.9774048000263678,1.123524184647562,0.423685050075408
0.5306122448979591,3.03469387755102,-1.9783078994021348,1.1530473090702835,-1.278247960960606
0.5306122448979591,3.1755102040816325,-1.9650254515025207,1.1816502886999647,0.07898787905170356
0.5306122448979591,3.316326530612245,-1.9404032760118541,1.2092981155187825,0.7424155412952728
0.5306122448979591,3.457142857142857,-1.9075423210271356,1.2359794152157781,1.0984736839542455
0.5306122448979591,3.5979591836734692,-1.869270282841877,1.2616993640936172,1.339199268201163
0.5306122448979591,3.7387755102040816,-1.827879633530744,1.2864745360626422,1.519065655704204
0.5306122448979591,3.8795918367346935,-1.785080587330499,1.3103291714455976,1.661323552902582
0.5306122448979591,4.020408163265306,-1.7420712094911637,1.3332924731410927,1.7780708333522002
0.5306122448979591,4.161224489795918,-1.6996472936600495,1.3553966669182451,1.8764088208305705
0.5306122448979591,4.302040816326531,-1.6583096271657571,1.3766756018661814,1.9608616643911254
0.5306122448979591,4.442857142857143,-1.6183521823037053,1.3971637580570755,2.034488356755526
0.5306122448979591,4.5836734693877546,-1.5799285509114307,1.4168955445742561,2.099453033382881
0.5306122448979591,4.724489795918367,-1.543099533904753,1.435904813131822,2.1573422964582947
0.5306122448979591,4.865306122448979,-1.5078661898031418,1.4542245264163272,2.209353315470213
0.5306122448979591,5.006122448979592,-1.4741923214411403,1.4718865393327498,2.2564111209685884
0.5306122448979591,5.146938775510204,-1.4420195538335716,1.488921464273982,2.299244848057828
0.5306122448979591,5.2877551020408164,-1.4112773213062388,1.5053586057290007,2.338439039031489
0.5306122448979591,5.428571428571429,-1.3818893706970314,1.5212258882827774,2.3744692312624225
0.5306122448979591,5.56938775510204,-1.353777982946049,1.5365499148481712,2.4077271931936948
0.5306122448979591,5.710204081632653,-1.3268665866296245,1.5513559465196007,2.438539320885633
0.5306122448979591,5.851020408163265,-1.3010813564333041,1.5656679472586597,2.4671802367828937
0.5306122448979591,5.9918367346938775,-1.276352119780975,1.5795086286105735,2.49388304147371
0.5306122448979591,6.13265306122449,-1.252612813458888,1.5928995005099007,2.518847158344278
0.5306122448979591,6.273469387755102,-1.2298016479044083,1.6058609259694778,2.5422444157905013
0.5306122448979591,6.414285714285714,-1.2078610859844465,1.618412176569603,2.564223822841646
0.5306122448979591,6.555102040816326,-1.1867377086638966,1.6305714893099068,2.5849153605284196
0.5306122448979591,6.6959183673469385,-1.1663820134642264,1.642356122230681,2.6044330220458463
0.5306122448979591,6.836734693877551,-1.1467481800287382,1.653782415010822,2.622877268970822
0.5306122448979591,6.977551020408163,-1.127793809676392,1.664865814908298,2.640337056820996
0.5306122448979591,7.118367346938776,-1.10947968499266,1.6756209668713702,2.656891461748214
0.5306122448979591,7.259183673469387,-1.091769516446449,1.6860617347326554,2.6726110669108225
0.5306122448979591,7.4,-1.0746297079285974,1.6962012530545867,2.6875590993612923
0.5714285714285714,0.5,-0.7409501917331155,1.1318189015323181,3.3047684923061658
0.5714285714285714,0.6408163265306123,-0.8237750336379748,1.0635373938149557,3.221261781402308
0.5714285714285714,0.7816326530612245,-0.9072545647742565,1.0150225508085353,3.1353452596241533
0.5714285714285714,0.9224489795918367,-0.9914595520515985,0.9838265593647632,3.0466544041701837
0.5714285714285714,1.063265306122449,-1.0764128477047166,0.967477053854078,2.954735420088696
0.5714285714285714,1.2040816326530612,-1.162071201020653,0.9634486666691507,2.859024238038317
0.5714285714285714,1.3448979591836734,-1.248293088172821,0.9692760380694128,2.758814820355694
0.5714285714285714,1.4857142857142858,-1.3347905533815108,0.9826930205775145,2.65321243392639
0.5714285714285714,1.626530612244898,-1.421062185542173,1.0017321086840234,2.5410638606442055
0.5714285714285714,1.76734693877551,-1.506306092525658,1.0247653652388642,2.4208502461185715
0.5714285714285714,1.9081632653061225,-1.5893182456703796,1.0504967269228784,2.290516260272468
0.5714285714285714,2.0489795918367344,-1.6683963759696925,1.077925196812516,2.147184549903538
0.5714285714285714,2.1897959183673468,-1.7412951644938974,1.106296059340522,1.9866489143022592
0.5714285714285714,2.330612244897959,-1.8053087439574034,1.135051552759699,1.8024026863747242
0.5714285714285714,2.4714285714285715,-1.857564950095189,1.1637868644239977,1.583574030067552
0.5714285714285714,2.6122448979591835,-1.8955549760421182,1.1922135403778098,1.3098521306314879
0.5714285714285714,2.753061224489796,-1.9177704819563048,1.2201304048091677,0.9358808588253297
0.5714285714285714,2.8938775510204082,-1.9241657245337331,1.2474010714716388,0.318564225853208
0.5714285714285714,3.03469387755102,-1.9161830123174535,1.273936868147627,-3.0732653368513607
0.5714285714285714,3.1755102040816325,-1.8963258162402539,1.2996840245165797,0.23477927513877425
0.5714285714285714,3.316326530612245,-1.8675246186149637,1.3246141288841462,0.8233723598788333
0.5714285714285714,3.457142857142857,-1.8325867033715748,1.3487170507829016,1.1563179707967695
0.5714285714285714,3.5979591836734692,-1.7938763916036573,1.3719957112745338,1.385867559155396
0.5714285714285714,3.7387755102040816,-1.753213872708562,1.3944622213991356,1.5591855253539506
0.5714285714285714,3.8795918367346935,-1.7119104201529083,1.416135038460031,1.6971673905260234
0.5714285714285714,4.020408163265306,-1.6708614205027807,1.4370368713814572,1.8109208095861253
0.5714285714285714,4.161224489795918,-1.6306483946052708,1.4571931443342891,1.9070582004447378
0.5714285714285714,4.302040816326531,-1.591627778592933,1.4766308762058669,1.989834583343183
0.5714285714285714,4.442857142857143,-1.5540002007923204,1.4953778572529806,2.062148617634528
0.5714285714285714,4.5836734693877546,-1.5178613369759364,1.5134620614340695,2.126063013563326
0.5714285714285714,4.724489795918367,-1.4832378950365666,1.5309112195043195,2.1830971034816398
0.5714285714285714,4.865306122448979,-1.450112480868759,1.5477525248927038,2.234401706328836
0.5714285714285714,5.006122448979592,-1.4184404980993033,1.5640124248400784,2.28086889318985
0.5714285714285714,5.146938775510204,-1.3881614942581753,1.579716486205,2.3232037364158784
0.5714285714285714,5.2877551020408164,-1.3592066807254601,1.5948893092509124,2.3619728184421604
0.5714285714285714,5.428571428571429,-1.3315038565322335,1.6095544892395652,2.3976379800006127
0.5714285714285714,5.56938775510204,-1.304980549891935,1.6237345607527685,2.4305804247715974
0.5714285714285714,5.710204081632653,-1.279566019667455,1.6374510522762071,2.461118226446169
0.5714285714285714,5.851020408163265,-1.2551924199153404,1.650724463637885,2.489519390570205
0.5714285714285714,5.9918367346938775,-1.231795460307469,1.6635742995170353,2.5160116914636443
0.5714285714285714,6.13265306122449,-1.2093147172417003,1.6760191018276291,2.540790220462382
0.5714285714285714,6.273469387755102,-1.1876937186839616,1.6880764848819463,2.5640232499350972
0.5714285714285714,6.414285714285714,-1.1668798871062038,1.699763174409921,2.5858568452006754
0.5714285714285714,6.555102040816326,-1.1468243955087842,1.7110950477276805,2.60641853200816
0.5714285714285714,6.6959183673469385,-1.1274819727437688,1.722087174469594,2.6258202413235225
0.5714285714285714,6.836734693877551,-1.1088106831011229,1.732753856859357,2.6441606958944406
0.5714285714285714,6.977551020408163,-1.0907716985798566,1.7431086753459504,2.6615273566294566
0.5714285714285714,7.118367346938776,-1.0733290601471992,1.7531645028596192,2.6779980457885544
0.5714285714285714,7.259183673469387,-1.0564494696743914,1.7629335785767748,2.6936422538974423
0.5714285714285714,7.4,-1.0401020694605574,1.7724275188295264,2.7085222692382738
0.6122448979591836,0.5,-0.74269953481673,1.2015666139485348,3.3050641284183393
0.6122448979591836,0.6408163265306123,-0.8263142788376392,1.145710053560884,3.2215517183098994
0.6122448979591836,0.7816326530612245,-0.9106498392576419,1.108269640659373,3.1355735249928705
0.6122448979591836,0.9224489795918367,-0.9957401446516189,1.0863891927131892,3.0467552128743653
0.6122448979591836,1.063265306122449,-1.0815568838938079,1.0773429649574235,2.9546306528676474
0.6122448979591836,1.2040816326530612,-1.1679837475260493,1.0785707393979098,2.8586198213304312
0.6122448979591836,1.3448979591836734,-1.2547750168455873,1.0877642706028523,2.757995528193139
0.6122448979591836,1.4857142857142858,-1.3414963897809067,1.1029346791706207,2.6518342727742783
0.6122448979591836,1.626530612244898,-1.4274464989915663,1.1224369290818417,2.538942587433671
0.6122448979591836,1.76734693877551,-1.511562154410192,1.1449557688694942,2.417743434853535
0.6122448979591836,1.9081632653061225,-1.5923218024063226,1.1694677023019402,2.286094056458112
0.6122448979591836,2.0489795918367344,-1.6676829450591402,1.1951932700589587,2.140979357494483
0.6122448979591836,2.1897959183673468,-1.7351178408876267,1.221549219661437,1.9779627988473494
0.6122448979591836,2.330612244897959,-1.791829454904176,1.2481057736225,1.7901212894330587
0.6122448979591836,2.4714285714285715,-1.835196172616505,1.2745509442923406,1.5657451566449991
0.6122448979591836,2.6122448979591835,-1.8633744794728508,1.3006619276189852,1.2825510314646957
0.6122448979591836,2.753061224489796,-1.8758283750880205,1.3262828212011057,0.8891712482673773
0.6122448979591836,2.8938775510204082,-1.873506112977805,1.351307558284986,0.2112525828891724
0.6122448979591836,3.03469387755102,-1.8585587753476063,1.3756669899360594,-1.6336103888006086
0.6122448979591836,3.1755102040816325,-1.8337656891383638,1.3993191761119306,0.3554112378453134
0.6122448979591836,3.316326530612245,-1.8019537089989404,1.4222421214872043,0.8909437984312631
0.6122448979591836,3.457142857142857,-1.7656064516556558,1.4444283523218564,1.2058348112844226
0.6122448979591836,3.5979591836734692,-1.7266981430987562,1.4658808750876906,1.4263442441242071
0.6122448979591836,3.7387755102040816,-1.686688358739952,1.4866101667252514,1.5942693914178985
0.6122448979591836,3.8795918367346935,-1.6465971023865087,1.5066319324210096,1.7286919830728107
0.6122448979591836,4.020408163265306,-1.6071028892317087,1.5259654414650825,1.8399362229589433
0.6122448979591836,4.161224489795918,-1.5686342135947473,1.5446322862578457,1.9342208387724957
0.6122448979591836,4.302040816326531,-1.5314436795515458,1.5626554709055878,2.015581408429233
0.6122448979591836,4.442857142857143,-1.4956637305122786,1.5800587292783266,2.0867846423036305
0.6122448979591836,4.5836734693877546,-1.4613467283887827,1.596866033400359,2.1498091709854026
0.6122448979591836,4.724489795918367,-1.4284929851352748,1.6131012334078427,2.2061182469655005
0.6122448979591836,4.865306122448979,-1.3970700051131655,1.6287877950551881,2.2568238638774116
0.6122448979591836,5.006122448979592,-1.3670255152073112,1.643948621975676,2.3027903806843146
0.6122448979591836,5.146938775510204,-1.3382961773375688,1.6586059267088404,2.3447025705361018
0.6122448979591836,5.2877551020408164,-1.3108133531686925,1.6727811534668349,2.383111820491208
0.6122448979591836,5.428571428571429,-1.2845068509383304,1.6864949337150006,2.4184683767696127
0.6122448979591836,5.56938775510204,-1.2593072957996518,1.6997670283066786,2.4511444518044243
0.6122448979591836,5.710204081632653,-1.2351476240947254,1.7126163719739553,2.481451044153744
0.6122448979591836,5.851020408163265,-1.211963920285446,1.725061042738725,2.5096505210720386
0.6122448979591836,5.9918367346938775,-1.1896958709633179,1.7371182870013941,2.53596611346294
0.6122448979591836,6.13265306122449,-1.1682869449528905,1.7488045401942236,2.560589213183999
0.6122448979591836,6.273469387755102,-1.147684402450786,1.7601354529760957,2.5836850530889848
0.6122448979591836,6.414285714285714,-1.1278391959875733,1.771125920412813,2.605397180747209
0.6122448979591836,6.555102040816326,-1.108705806437524,1.7817901128791045,2.6258510204312273
0.6122448979591836,6.6959183673469385,-1.0902420432532236,1.792141508081047,2.6451567373159146
0.6122448979591836,6.836734693877551,-1.072408827683516,1.8021929231078586,2.663411561107759
0.6122448979591836,6.977551020408163,-1.0551699714513862,1.8119565460857059,2.68070168722119
0.6122448979591836,7.118367346938776,-1.0384919618207233,1.8214439732118664,2.6971038397540026
0.6122448979591836,7.259183673469387,-1.0223437435640608,1.8306662163362835,2.7126865894871157
0.6122448979591836,7.4,-1.006696535070974,1.839633765646997,2.7275114152521995
0.6530612244897959,0.5,-0.7443327784405386,1.2633090365398434,3.305356122596964
0.6530612244897959,0.6408163265306123,-0.8286985459259243,1.2178755644627375,3.2218511198222117
0.6530612244897959,0.7816326530612245,-0.9138497126209884,1.1893625274658064,3.1358303014521103
0.6530612244897959,0.9224489795918367,-0.9997816340826026,1.174711537466916,3.046910052874533
0.6530612244897959,1.063265306122449,-1.0864116200308072,1.1711466302888223,2.954612783919425
0.6530612244897959,1.2040816326530612,-1.1735450139365486,1.1762095867997084,2.858343753447904
0.6530612244897959,1.3448979591836734,-1.2608239804196617,1.1877994324544978,2.75735629787944
0.6530612244897959,1.4857142857142858,-1.3476572562273612,1.2041825178433012,2.650700411254941
0.6530612244897959,1.626530612244898,-1.4331316841202166,1.2239711334283845,2.5371454483364393
0.6530612244897959,1.76734693877551,-1.5159146073721785,1.2460816687094192,2.4150604245054654
0.6530612244897959,1.9081632653061225,-1.5941732550146916,1.2696844937621865,2.282221108598175
0.6530612244897959,2.0489795918367344,-1.6655636335327646,1.2941544995175724,2.135483215289777
0.6530612244897959,2.1897959183673468,-1.7273664936945066,1.3190270144286003,1.9701923441433273
0.6530612244897959,2.330612244897959,-1.7768399061057534,1.343960949521369,1.7790270707691196
0.6530612244897959,2.4714285714285715,-1.8117740734511962,1.3687092337204467,1.5494633828069608
0.6530612244897959,2.6122448979591835,-1.8310785996688943,1.3930956813626119,1.2572529098971348
0.6530612244897959,2.753061224489796,-1.835121157880959,1.4169972302996012,0.8447702287808494
0.6530612244897959,2.8938775510204082,-1.8256222259072847,1.4403304423389856,0.1012478973618591
0.6530612244897959,3.03469387755102,-1.8051686627400074,1.4630413182720363,-0.9976058257295003
0.6530612244897959,3.1755102040816325,-1.776609369020331,1.485097641914771,0.4521768154685418
0.6530612244897959,3.316326530612245,-1.742580571828974,1.5064832400647024,0.948211537933679
0.6530612244897959,3.457142857142857,-1.7052560751177674,1.527193681060711,1.2486658030789648
0.6530612244897959,3.5979591836734692,-1.6662877016516129,1.5472330535195695,1.461743763511042
0.6530612244897959,3.7387755102040816,-1.6268557917090518,1.5666115536407894,1.6251708897310662
0.6530612244897959,3.8795918367346935,-1.5877619252775215,1.5853436776278063,1.7565989134941575
0.6530612244897959,4.020408163265306,-1.5495242493045644,1.6034468696605941,1.8657204030897063
0.6530612244897959,4.161224489795918,-1.5124584183900167,1.620940507200269,1.9584319606025504
0.6530612244897959,4.302040816326531,-1.4767400899102394,1.637845150645404,2.038587707495551
0.6530612244897959,4.442857142857143,-1.442450612985025,1.6541819763704892,2.108844379325195
0.6530612244897959,4.5836734693877546,-1.4096093310783344,1.6699723663284387,2.1711101000344692
0.6530612244897959,4.724489795918367,-1.3781959298843516,1.6852376011300894,2.2268008566178854
0.6530612244897959,4.865306122448979,-1.348165660014166,1.6999986418877575,2.2769957974772694
0.6530612244897959,5.006122448979592,-1.3194595801271216,1.714275970392091,2.3225357561279023
0.6530612244897959,5.146938775510204,-1.2920113648628793,1.7280894813994958,2.3640882286131704
0.6530612244897959,5.2877551020408164,-1.2657517708904582,1.7414584096561672,2.4021916360260853
0.6530612244897959,5.428571428571429,-1.2406115107559113,1.75440128505487,2.4372863215011757
0.6530612244897959,5.56938775510204,-1.2165230527273225,1.7669359153440012,2.4697367770914473
0.6530612244897959,5.710204081632653,-1.193421683889082,1.7790793450856248,2.4998479562373173
0.6530612244897959,5.851020408163265,-1.1712461320464773,1.7908479074464039,2.527877379964518
0.6530612244897959,5.9918367346938775,-1.149938825678197,1.8022572002042636,2.55404437421989
0.6530612244897959,6.13265306122449,-1.12944597225032,1.8133221122417544,2.5785371496985214
0.6530612244897959,6.273469387755102,-1.1097174978108821,1.824056843052308,2.601518323328946
0.6530612244897959,6.414285714285714,-1.0907069083999046,1.8344749276497747,2.6231292747842674
0.6530612244897959,6.555102040816326,-1.0723711034739414,1.8445892617374064,2.6434936183456017
0.6530612244897959,6.6959183673469385,-1.054670165377935,1.8544121280944177,2.6627199976443454
0.6530612244897959,6.836734693877551,-1.0375671395729495,1.8639552228315042,2.680904355076218
0.6530612244897959,6.977551020408163,-1.0210278186103308,1.8732296852803008,2.698131792378539
0.6530612244897959,7.118367346938776,-1.005020526943552,1.8822461204553318,2.714478101737361
0.6530612244897959,7.259183673469387,-0.9895159240790935,1.8910146331602045,2.7300110375073854
0.6530612244897959,7.4,-0.9744868057456001,1.8995448309337013,2.744791398149927
0.6938775510204082,0.5,-0.7458616526704075,1.3182270368550946,3.30564332174357
0.6938775510204082,0.6408163265306123,-0.8309424993008444,1.2816387452130877,3.222156730445355
0.6938775510204082,0.7816326530612245,-0.9168718184207795,1.2604733241241373,3.136109685343318
0.6938775510204082,0.9224489795918367,-1.0036049012516333,1.2516107468963886,3.0471097878108946
0.6938775510204082,1.063265306122449,-1.091001764456584,1.252336359123877,2.954668785187005
0.6938775510204082,1.2040816326530612,-1.1787845254294962,1.2603504753372636,2.8581783518591926
0.6938775510204082,1.3448979591836734,-1.26647593603077,1.2737628182244254,2.7568738992192805
0.6938775510204082,1.4857142857142858,-1.3533182735886697,1.2910619322434194,2.6497810183550956
0.6938775510204082,1.626530612244898,-1.438176947774164,1.3110667747829055,2.535634767119668
0.6938775510204082,1.76734693877551,-1.5194459121437682,1.3328713861934653,2.4127542300121982
0.6938775510204082,1.9081632653061225,-1.5949947391967283,1.3557909795237482,2.2788394304513755
0.6938775510204082,2.0489795918367344,-1.6622259694296608,1.3793142542246257,2.130625270119287
0.6938775510204082,2.1897959183673468,-1.7183244596997982,1.403063610683891,1.963252049436773
0.6938775510204082,2.330612244897959,-1.7607353267351866,1.4267632450775052,1.7690190778537198
0.6938775510204082,2.4714285714285715,-1.7877753188766627,1.4502142429421403,1.5346154303793873
0.6938775510204082,2.6122448979591835,-1.7991267462258063,1.4732754281394003,1.2338496172415174
0.6938775510204082,2.753061224489796,-1.7959455449765287,1.4958488179448666,0.8026408341177225
0.6938775510204082,2.8938775510204082,-1.7805184590830876,1.517868639186089,-0.012014850361321858
0.6938775510204082,3.03469387755102,-1.7556677067251243,1.539293069199502,-0.662185418773994
0.6938775510204082,3.1755102040816325,-1.7241890518618188,1.560098032456242,0.5317440798729527
0.6938775510204082,3.316326530612245,-1.688495566432474,1.5802725468233378,0.9973298927264498
0.6938775510204082,3.457142857142857,-1.650481016603843,1.5998152298257895,1.2860267963967378
0.6938775510204082,3.5979591836734692,-1.6115318211108858,1.6187316749791576,1.4929158233701392
0.6938775510204082,3.7387755102040816,-1.5726088448689868,1.6370324804924838,1.6525522569830264
0.6938775510204082,3.8795918367346935,-1.5343460340758959,1.6547317673997188,1.781438724639237
0.6938775510204082,4.020408163265306,-1.497139784125737,1.6718460663085501,1.8887506315115363
0.6938775510204082,4.161224489795918,-1.4612202911756675,1.688393479318134,1.980117510864655
0.6938775510204082,4.302040816326531,-1.4267047362060419,1.704393053975271,2.0592416761627623
0.6938775510204082,4.442857142857143,-1.3936353197045086,1.7198643179117623,2.128687238737554
0.6938775510204082,4.5836734693877546,-1.362005764786743,1.7348269275097798,2.1903026214433092
0.6938775510204082,4.724489795918367,-1.3317794585202787,1.749300414992922,2.245463623813855
0.6938775510204082,4.865306122448979,-1.3029017043110396,1.7633040033754208,2.295221367012052
0.6938775510204082,5.006122448979592,-1.2753078983172033,1.7768564692249154,2.3403965568462577
0.6938775510204082,5.146938775510204,-1.248928915574154,1.7899760542635363,2.3816418715951544
0.6938775510204082,5.2877551020408164,-1.2236945999874316,1.802680401074626,2.419484591191372
0.6938775510204082,5.428571428571429,-1.1995359733182975,1.8149865152391913,2.454356528247449
0.6938775510204082,5.56938775510204,-1.1763865815251648,1.8269107434383554,2.486615545324032
0.6938775510204082,5.710204081632653,-1.1541832720950245,1.8384687754197586,2.5165613418853443
0.6938775510204082,5.851020408163265,-1.1328665671743388,1.8496756115128015,2.5444472780445646
0.6938775510204082,5.9918367346938775,-1.112380831380093,1.8605456223631256,2.5704892987110095
0.6938775510204082,6.13265306122449,-1.092674235127215,1.8710925273316172,2.5948728610011313
0.6938775510204082,6.273469387755102,-1.0736986451110273,1.8813294260762756,2.6177583192932206
0.6938775510204082,6.414285714285714,-1.0554094458152063,1.891268815989966,2.6392851763046044
0.6938775510204082,6.555102040816326,-1.0377653319050184,1.9009226153261385,2.659575478608131
0.6938775510204082,6.6959183673469385,-1.0207280865463002,1.9103021866627856,2.6787365519167645
0.6938775510204082,6.836734693877551,-1.0042623572751128,1.9194183605890245,2.6968632243519552
0.6938775510204082,6.977551020408163,-0.98833543666588,1.928281459796289,2.714039648823287
0.6938775510204082,7.118367346938776,-0.97291705280636,1.936901322378121,2.7303408074587696
0.6938775510204082,7.259183673469387,-0.957979171957991,1.9452873252512446,2.7458337627441383
0.6938775510204082,7.4,-0.9434958165899978,1.9534484115342263,2.760578700136314
0.7346938775510203,0.5,-0.7472962961894801,1.3673410805960682,3.305924914516583
0.7346938775510203,0.6408163265306123,-0.8330589109603694,1.3383533681030186,3.2224659781106255
0.7346938775510203,0.7816326530612245,-0.9197315952991871,1.3233543885794063,3.1364068527123687
0.7346938775510203,0.9224489795918367,-1.007228298998505,1.3192531924604893,3.0473468186823847
0.7346938775510203,1.063265306122449,-1.0953491092163872,1.323455127988884,2.9547876946546165
0.7346938775510203,1.2040816326530612,-1.1837284246195892,1.3338379755987664,2.858108611865126
0.7346938775510203,1.3448979591836734,-1.2717628936786813,1.3487093590258885,2.7565284864105015
0.7346938775510203,1.4857142857142858,-1.3585199252089961,1.3667487492148334,2.649050460833652
0.7346938775510203,1.626530612244898,-1.4426359714918633,1.3869437191334333,2.5343779957228114
0.7346938775510203,1.76734693877551,-1.522231642438322,1.4085288152487014,2.410784044975361
0.7346938775510203,1.9081632653061225,-1.594898666625504,1.430931780541134,2.275898373459302
0.7346938775510203,2.0489795918367344,-1.657840646054991,1.453728956449499,2.1263432285021246
0.7346938775510203,2.1897959183673468,-1.7082413551553566,1.4766096423687816,1.9570661376768468
0.7346938775510203,2.330612244897959,-1.7438447389133473,1.499348327853028,1.7600068883640954
0.7346938775510203,2.4714285714285715,-1.7635648452791526,1.5217834439045204,1.5210983526093844
0.7346938775510203,2.6122448979591835,-1.7678278284757163,1.543801241046896,1.2122410053583172
0.7346938775510203,2.753061224489796,-1.7584453351589213,1.5653236531350814,0.7627529229629779
0.7346938775510203,2.8938775510204082,-1.7380958274652374,1.5862991841035734,-0.1291882327810509
0.7346938775510203,3.03469387755102,-1.7096964061320887,1.6066960786355933,-0.4402920440278615
0.7346938775510203,3.1755102040816325,-1.6759208410525477,1.6264972004019733,0.5983723271994696
0.7346938775510203,3.316326530612245,-1.638954776180103,1.6456961912405625,1.0398609358534716
0.7346938775510203,3.457142857142857,-1.6004453646418266,1.664294586567662,1.3188416352679146
0.7346938775510203,3.5979591836734692,-1.5615599790389916,1.682299646483636,1.520521902321401
0.7346938775510203,3.7387755102040816,-1.5230844543025892,1.6997227242962207,1.6769366889495854
0.7346938775510203,3.8795918367346935,-1.485521475200759,1.7165780374718265,1.8036506833613613
0.7346938775510203,4.020408163265306,-1.4491729164457714,1.732881741878188,1.9094104052718077
0.7346938775510203,4.161224489795918,-1.414202778209251,1.748651237786461,1.9996215273924598
0.7346938775510203,4.302040816326531,-1.3806828353655844,1.7639046441799637,2.0778581304059656
0.7346938775510203,4.442857142857143,-1.3486247071798305,1.7786604128690573,2.1466056203750754
0.7346938775510203,4.5836734693877546,-1.3180019123987343,1.7929370338554054,2.2076614638516086
0.7346938775510203,4.724489795918367,-1.2887648088631118,1.8067528253157092,2.2623670336286636
0.7346938775510203,4.865306122448979,-1.2608505893648885,1.8201257763065566,2.311749367753251
0.7346938775510203,5.006122448979592,-1.2341898851187212,1.833073438416145,2.356611837821817
0.7346938775510203,5.146938775510204,-1.2087110633906823,1.8456128451221305,2.397594334099969
0.7346938775510203,5.2877551020408164,-1.1843429682394944,1.8577604644125076,2.435214505053858
0.7346938775510203,5.428571428571429,-1.1610166141256757,1.869532165975093,2.4698967788541766
0.7346938775510203,5.56938775510204,-1.1386661789960513,1.8809432047184043,2.5019932668989338
0.7346938775510203,5.710204081632653,-1.1172295365556033,1.8920082166444596,2.531799133251499
0.7346938775510203,5.851020408163265,-1.0966484864293262,1.9027412291293102,2.55956409025103
0.7346938775510203,5.9918367346938775,-1.0768687677642057,1.913155638962102,2.585501168838027
0.7346938775510203,6.13265306122449,-1.0578399939588692,1.9232642755088007,2.6097934300245904
0.7346938775510203,6.273469387755102,-1.0395154679727976,1.9330793829162352,2.632599258954542
0.7346938775510203,6.414285714285714,-1.0218519793001655,1.9426126492843945,2.654056525966633
0.7346938775510203,6.555102040816326,-1.0048095767261858,1.9518752278533475,2.67428591427607
0.7346938775510203,6.6959183673469385,-0.9883513351997846,1.9608777587447477,2.693393603936324
0.7346938775510203,6.836734693877551,-0.9724431245177291,1.9696303868261367,2.7114734523392805
0.7346938775510203,6.977551020408163,-0.9570533901066888,1.9781427897986545,2.7286087885426786
0.7346938775510203,7.118367346938776,-0.94215294218995,1.9864241957141182,2.7448738901729324
0.7346938775510203,7.259183673469387,-0.9277147610564338,1.9944834050238338,2.760335214644432
0.7346938775510203,7.4,-0.9137138154286863,2.002328811395122,2.7750524298996013
0.7755102040816326,0.5,-0.7486455263911896,1.4115058880140476,3.3062003460403253
0.7755102040816326,0.6408163265306123,-0.8350589698133368,1.3891282465595185,3.2227768268916073
0.7755102040816326,0.7816326530612245,-0.9224426364550455,1.3793949548944853,3.1367178439829875
0.7755102040816326,0.9224489795918367,-1.0106680464361908,1.3793007230784415,3.047614792768485
0.7755102040816326,1.063265306122449,-1.0994729766048659,1.3863997137178197,2.9549602399595236
0.7755102040816326,1.2040816326530612,-1.1883999783653192,1.3987485760927731,2.8581217333087547
0.7755102040816326,1.3448979591836734,-1.276713488714606,1.414835402447611,2.7563030152170547
0.7755102040816326,1.4857142857142858,-1.363298692480183,1.433503928570513,2.648486597138514
0.7755102040816326,1.626530612244898,-1.4465575845191283,1.4538816782219184,2.533346870227865
0.7755102040816326,1.76734693877551,-1.5243411101805246,1.4753172726932422,2.4091142479812877
0.7755102040816326,1.9081632653061225,-1.5939881534906037,1.4973286613138106,2.2733534760271548
0.7755102040816326,2.0489795918367344,-1.6525617736953762,1.5195620167742094,2.1225820528057673
0.7755102040816326,2.1897959183673468,-1.6973343974755757,1.5417598800608039,1.9515671197186444
0.7755102040816326,2.330612244897959,-1.7264378253375827,1.5637368762691606,1.7519091104012972
0.7755102040816326,2.4714285714285715,-1.739416428310972,1.5853614114222954,1.5088180575857837
0.7755102040816326,2.6122448979591835,-1.7373806331568606,1.6065419399500205,1.1923334600525881
0.7755102040816326,2.753061224489796,-1.7226664649936732,1.6272167034592293,0.7250806298786999
0.7755102040816326,2.8938775510204082,-1.6982041259170193,1.6473460656812775,-0.25104518058206415
0.7755102040816326,3.03469387755102,-1.6669106341021354,1.6669067879490933,-0.27836385437891636
0.7755102040816326,3.1755102040816325,-1.6313025357994084,1.6858877458273636,0.6549431144214343
0.7755102040816326,3.316326530612245,-1.5933476828725517,1.7042867201365366,1.0769712449183457
0.7755102040816326,3.457142857142857,-1.5544785803258285,1.7221079888820625,1.3478274836958872
0.7755102040816326,3.5979591836734692,-1.5156807992608239,1.7393605168588402,1.5450861684857993
0.7755102040816326,3.7387755102040816,-1.4775986771755407,1.7560565934921204,1.6987440803103444
0.7755102040816326,3.8795918367346935,-1.4406303038136383,1.7722108067995663,1.8235903662412305
0.7755102040816326,4.020408163265306,-1.4050027622530148,1.7878392711034328,1.9280120814015635
0.7755102040816326,4.161224489795918,-1.3708277756836154,1.8029590472087147,2.0172255317554257
0.7755102040816326,4.302040816326531,-1.3381412046637504,1.8175877046916367,2.094695601293056
0.7755102040816326,4.442857142857143,-1.3069303719173095,1.8317429974578172,2.1628403282521442
0.7755102040816326,4.5836734693877546,-1.2771526276877971,1.8454426249085152,2.2234133974100385
0.7755102040816326,4.724489795918367,-1.2487477963953413,1.858704051445653,2.277726504464448
0.7755102040816326,4.865306122448979,-1.2216464157950502,1.8715443805678509,2.3267858766535556
0.7755102040816326,5.006122448979592,-1.1957751164579196,1.883980265661964,2.371379871982099
0.7755102040816326,5.146938775510204,-1.171060069550525,1.8960278444590917,2.4121372869462827
0.7755102040816326,5.2877551020408164,-1.1474291396802379,1.9077027017805543,2.4495674036494948
0.7755102040816326,5.428571428571429,-1.124813171814193,1.9190198452606257,2.484088226969354
0.7755102040816326,5.56938775510204,-1.103146705611297,1.9299936943937264,2.5160468617093765
0.7755102040816326,5.710204081632653,-1.082368312998369,1.9406380788164843,2.545734515292265
0.7755102040816326,5.851020408163265,-1.0624206925516675,1.9509662437637227,2.573397741923211
0.7755102040816326,5.9918367346938775,-1.0432506139182274,1.9609908678109749,2.5992469971046277
0.7755102040816326,6.13265306122449,-1.024808749746489,1.970724049597912,2.623463273456102
0.7755102040816326,6.273469387755102,-1.0070494898347317,1.9801773655297372,2.6462032316188804
0.7755102040816326,6.414285714285714,-0.9899306933244826,1.9893618638063337,2.6676033186525765
0.7755102040816326,6.555102040816326,-0.9734134457982846,1.9982880871195967,2.6877830272550227
0.7755102040816326,6.6959183673469385,-0.9574618167070398,2.0069660959580764,2.7068475364666003
0.7755102040816326,6.836734693877551,-0.9420426229867093,2.0154054882820507,2.72488985906688
0.7755102040816326,6.977551020408163,-0.9271252052131789,2.023615420254457,2.741992604227678
0.7755102040816326,7.118367346938776,-0.9126812181261198,2.031604626798387,2.7582294352481758
0.7755102040816326,7.259183673469387,-0.8986844355468216,2.0393814411903093,2.773666282245823
0.7755102040816326,7.4,-0.8851105711561795,2.04695381450599,2.788362358738216
0.8163265306122448,0.5,-0.7499170548031752,1.4514295498977943,3.306469254586682
0.8163265306122448,0.6408163265306123,-0.8369525300256738,1.4348642063341408,3.223087664340146
0.8163265306122448,0.7816326530612245,-0.925016971298627,1.429695868715276,3.13703939679266
0.8163265306122448,0.9224489795918367,-1.0139385481325247,1.4330389659313807,3.0479083751984346
0.8163265306122448,1.063265306122449,-1.1033905809869615,1.4426084472069836,2.9551785410546256
0.8163265306122448,1.2040816326530612,-1.1928199896977851,1.456633270153957,2.858206744480145
0.8163265306122448,1.3448979591836734,-1.2813534487140978,1.4737643283226596,2.756182777683942
0.8163265306122448,1.4857142857142858,-1.3676875757997673,1.4929875885242563,2.6480702111598324
0.8163265306122448,1.626530612244898,-1.4499863168720721,1.5135486271559748,2.532516732727509
0.8163265306122448,1.76734693877551,-1.525837895887642,1.5348907396901208,2.40771360139245
0.8163265306122448,1.9081632653061225,-1.5923574621124816,1.556606047232186,2.2711655333621072
0.8163265306122448,2.0489795918367344,-1.646527457905067,1.5783978986964593,2.119292903966343
0.8163265306122448,2.1897959183673468,-1.6857905825005188,1.6000524113826826,1.9466946352781422
0.8163265306122448,2.330612244897959,-1.7087326318861116,1.621417146763884,1.744652171782424
0.8163265306122448,2.4714285714285715,-1.7155312667934992,1.6423852363913747,1.4976881476257713
0.8163265306122448,2.6122448979591835,-1.7079049636398127,1.6628835863289813,1.1740388042895564
0.8163265306122448,2.753061224489796,-1.688593962212369,1.6828641209074895,0.689600258118743
0.8163265306122448,2.8938775510204082,-1.6606720533906358,1.7022972753825432,-0.3785243929517136
0.8163265306122448,3.03469387755102,-1.6269941846623683,1.7211671531542632,-0.15347054431884663
0.8163265306122448,3.1755102040816325,-1.5899049451511997,1.739467912541879,0.7034934334365518
0.8163265306122448,3.316326530612245,-1.5511702129158107,1.7572010644890237,1.1095535247653234
0.8163265306122448,3.457142857142857,-1.5120364828449961,1.7743734483926143,1.3735512949240045
0.8163265306122448,3.5979591836734692,-1.473337387133938,1.7909957120173254,1.5670303986345355
0.8163265306122448,3.7387755102040816,-1.4356014325467823,1.807081169014237,1.7183160675215086
0.8163265306122448,3.8795918367346935,-1.3991420761637614,1.8226449402919553,1.8415492783140581
0.8163265306122448,4.020408163265306,-1.3641262340145635,1.8377033075601896,1.944813135001013
0.8163265306122448,4.161224489795918,-1.330623652474418,1.8522732303867295,2.033162538955088
0.8163265306122448,4.302040816326531,-1.298641325032382,1.8663719815336364,2.1099687588404548
0.8163265306122448,4.442857142857143,-1.2681469804184113,1.8800168780856785,2.1775918282061855
0.8163265306122448,4.5836734693877546,-1.239084859614903,1.89322508490989,2.2377475979784047
0.8163265306122448,4.724489795918367,-1.2113861793970744,1.9060134662987354,2.2917220528906097
0.8163265306122448,4.865306122448979,-1.1849759779327038,1.9183984843614135,2.3405033491882543
0.8163265306122448,5.006122448979592,-1.1597775228878242,1.9303961283148454,2.384866784491272
0.8163265306122448,5.146938775510204,-1.1357150836053476,1.9420218628774502,2.4254314908036565
0.8163265306122448,5.2877551020408164,-1.1127156140519614,1.9532906007851603,2.4626994519612446
0.8163265306122448,5.428571428571429,-1.0907097154967609,1.964216686312054,2.49708306569404
0.8163265306122448,5.56938775510204,-1.0696321244096496,1.9748138899366008,2.528925061599245
0.8163265306122448,5.710204081632653,-1.0494218941234263,1.985095410172921,2.5585131877429568
0.8163265306122448,5.851020408163265,-1.0300223823464676,1.995073882470248,2.5860912311169955
0.8163265306122448,5.9918367346938775,-1.0113811163916875,2.004761390750889,2.6118674156626644
0.8163265306122448,6.13265306122449,-0.9934495926108052,2.0141694893791744,2.6360208885007466
0.8163265306122448,6.273469387755102,-0.9761830219964398,2.0233091952856084,2.6587068271445626
0.8163265306122448,6.414285714285714,-0.9595400925462118,2.032191045466812,2.6800604240852826
0.8163265306122448,6.555102040816326,-0.9434826959754506,2.0408250896967455,2.7002001308329846
0.8163265306122448,6.6959183673469385,-0.9279756787255318,2.049220920229413,2.7192302520705467
0.8163265306122448,6.836734693877551,-0.9129865996007103,2.057387687435849,2.7372430602670845
0.8163265306122448,6.977551020408163,-0.8984855038738155,2.0653341224423647,2.7543205359427714
0.8163265306122448,7.118367346938776,-0.884444712302232,2.0730685559787316,2.770535805460015
0.8163265306122448,7.259183673469387,-0.870838626624738,2.0805989373776197,2.7859543385209684
0.8163265306122448,7.4,-0.8576435511194732,2.0879328528937693,2.800634951959788
0.8571428571428571,0.5,-0.7511176604464921,1.48769763673904,3.306731424162202
0.8571428571428571,0.6408163265306123,-0.8387483124064614,1.476293821933889,3.2233972145182914
0.8571428571428571,0.7816326530612245,-0.9274652950825764,1.475134953608264,3.1373688147858174
0.8571428571428571,0.9224489795918367,-1.0170526547544456,1.4814745804199094,3.048223068086983
0.8571428571428571,1.063265306122449,-1.1071173257075142,1.4931909515443835,2.955435872620722
0.8571428571428571,1.2040816326530612,-1.1970071361206396,1.5086754456661196,2.8583542004335283
0.8571428571428571,1.3448979591836734,-1.2857059785613265,1.5267254300762427,2.756155027054634
0.8571428571428571,1.4857142857142858,-1.3717165247214287,1.546451019621851,2.6477845545035885
0.8571428571428571,1.626530612244898,-1.4529628624356883,1.5671988272455377,2.5318659805772605
0.8571428571428571,1.76734693877551,-1.5267803104891564,1.5884921872312219,2.406554598996382
0.8571428571428571,1.9081632653061225,-1.5900924653271886,1.60998549336476,2.269299837629654
0.8571428571428571,2.0489795918367344,-1.6398606277073586,1.631429957513614,2.1164322768213237
0.8571428571428571,2.1897959183673468,-1.6737693710381891,1.652648179680464,1.942394499429822
0.8571428571428571,2.330612244897959,-1.6909032620816586,1.6735153675307581,1.7381693293153533
0.8571428571428571,2.4714285714285715,-1.6920538288365046,1.6939455031016948,1.4876289874476059
0.8571428571428571,2.6122448979591835,-1.6794649042978844,1.7138811534845535,1.1572734780723244
0.8571428571428571,2.753061224489796,-1.65617632224654,1.733285953248625,0.6562885327064952
0.8571428571428571,2.8938775510204082,-1.6253241963154477,1.7521390461870048,-0.5127957415114889
0.8571428571428571,3.03469387755102,-1.5896626266561762,1.7704309647760799,-0.053671022685848946
0.8571428571428571,3.1755102040816325,-1.5513616924587945,1.7881605665303237,0.7455141036861043
0.8571428571428571,3.316326530612245,-1.5120032130969827,1.805332748175892,1.1383050295365202
0.8571428571428571,3.457142857142857,-1.4726725543930645,1.821956738235135,1.3964683581177617
0.8571428571428571,3.5979591836734692,-1.4340754246368714,1.838044817663526,1.5866985481429843
0.8571428571428571,3.7387755102040816,-1.3966444199752082,1.8536113604582287,1.7359339812628791
0.8571428571428571,3.8795918367346935,-1.3606235849498876,1.86867211518687,1.8577690831913358
0.8571428571428571,4.020408163265306,-1.3261307329303598,1.8832436664746075,1.9600280658680516
0.8571428571428571,4.161224489795918,-1.2932014095727073,1.8973430310276365,2.047627391886714
0.8571428571428571,4.302040816326531,-1.2618190773046087,1.9109873592215052,2.1238576310391712
0.8571428571428571,4.442857142857143,-1.231935453936027,1.9241937125865232,2.191028622190286
0.8571428571428571,4.5836734693877546,-1.2034840246376435,1.9369789045055281,2.2508233784681013
0.8571428571428571,4.724489795918367,-1.176388901457888,1.9493593805654343,2.3045055146311033
0.8571428571428571,4.865306122448979,-1.1505705446972532,1.9613511382127968,2.353047435265272
0.8571428571428571,5.006122448979592,-1.125949386596987,1.9729696733352566,2.397213035517913
0.8571428571428571,5.146938775510204,-1.1024480573060818,1.9842299410848934,2.4376129988695
0.8571428571428571,5.2877551020408164,-1.079992688285445,1.9951463380396062,2.4747429235081992
0.8571428571428571,5.428571428571429,-1.0585136098861956,2.0057326928418107,2.5090102958833786
0.8571428571428571,5.56938775510204,-1.0379456564455556,2.016002266335052,2.540754012473238
0.8571428571428571,5.710204081632653,-1.0182282196351706,2.025967757958501,2.570258788674125
0.8571428571428571,5.851020408163265,-0.9993051466132947,2.0356413163232006,2.5977659841359584
0.8571428571428571,5.9918367346938775,-0.9811245451010512,2.045034553935659,2.6234818601876877
0.8571428571428571,6.13265306122449,-0.9636385406378686,2.0541585704541445,2.64758396221814
0.8571428571428571,6.273469387755102,-0.9468029907596615,2.06302394335616,2.6702261485313548
0.8571428571428571,6.414285714285714,-0.9305772326968509,2.0716407901658522,2.6915425189323257
0.8571428571428571,6.555102040816326,-0.9149237933190969,2.0800187580469838,2.7116506119703025
0.8571428571428571,6.6959183673469385,-0.8998081331749522,2.088167051511068,2.730653963994251
0.8571428571428571,6.836734693877551,-0.885198400483956,2.0960944547119276,2.7486442006048817
0.8571428571428571,6.977551020408163,-0.87106520088302,2.10380934668776,2.765702751353164
0.8571428571428571,7.118367346938776,-0.8573813862837818,2.1113197230679877,2.78190227273374
0.8571428571428571,7.259183673469387,-0.8441218601776004,2.118633213921071,2.797307831853547
0.8571428571428571,7.4,-0.8312633994745577,2.1257571013783245,2.811977898951465
0.8979591836734693,0.5,-0.7522533308431858,1.5207956777263567,3.3069867487435824
0.8979591836734693,0.6408163265306123,-0.8404540692259947,1.5140158691116323,3.2237044703032547
0.8979591836734693,0.7816326530612245,-0.9297971575823604,1.5164184588166065,3.1377038638502155
0.8979591836734693,0.9224489795918367,-1.0200218781858867,1.5254060286677689,3.048555065790989
0.8979591836734693,1.063265306122449,-1.1106670485641033,1.5390173942258072,2.9557264729926307
0.8979591836734693,1.2040816326530612,-1.2009782506527782,1.5557954034137362,2.8585559385590784
0.8979591836734693,1.3448979591836734,-1.2897920805090954,1.574669357704999,2.756208672979715
0.8979591836734693,1.4857142857142858,-1.3754127985376612,1.5948586378549807,2.647614973007542
0.8979591836734693,1.626530612244898,-1.455524471483664,1.6157974419178738,2.5313756156177445
0.8979591836734693,1.76734693877551,-1.5272218062920746,1.6370778358276061,2.405612930176743
0.8979591836734693,1.9081632653061225,-1.587271134081689,1.658407409481401,2.2677255512307233
0.8979591836734693,2.0489795918367344,-1.6326700368543685,1.6795781794421532,2.1139612838959674
0.8979591836734693,2.1897959183673468,-1.6614055984077105,1.7004438636699035,1.9386179120011775
0.8979591836734693,2.330612244897959,-1.673087060460728,1.7209033093710717,1.7323998479740303
0.8979591836734693,2.4714285714285715,-1.6690848594642358,1.740888402733076,1.478566946365293
0.8979591836734693,2.6122448979591835,-1.652085845090846,1.7603552362869586,1.1419579268171804
0.8979591836734693,2.753061224489796,-1.625341380522765,1.7792776316046142,0.6251211644592992
0.8979591836734693,2.8938775510204082,-1.5919902555056824,1.7976423757970463,-0.655358264555844
0.8979591836734693,3.03469387755102,-1.554662957551918,1.8154457050104271,0.02804178208944398
0.8979591836734693,3.1755102040816325,-1.5153594959004644,1.832690701044225,0.7821273637754568
0.8979591836734693,3.316326530612245,-1.475495547559068,1.8493853550068848,1.1637799386903045
0.8979591836734693,3.457142857142857,-1.43601664744295,1.865541126485909,1.416949316274122
0.8979591836734693,3.5979591836734692,-1.3975199977035409,1.8811718675549849,1.6043744317428303
0.8979591836734693,3.7387755102040816,-1.3603579466414577,1.896293019141943,1.751831978613463
0.8979591836734693,3.8795918367346935,-1.3247169236221041,1.9109210118599314,1.8724521366672842
0.8979591836734693,4.020408163265306,-1.2906741552253802,1.9250728193738236,1.9738372728895597
0.8979591836734693,4.161224489795918,-1.2582369669406364,1.9387656251930505,2.0607845074152755
0.8979591836734693,4.302040816326531,-1.2273693991727486,1.9520165789528678,2.1365145318378715
0.8979591836734693,4.442857142857143,-1.1980099322734494,1.9648426167374593,2.203293576732653
0.8979591836734693,4.5836734693877546,-1.170083131956652,1.9772603315318977,2.2627760458750434
0.8979591836734693,4.724489795918367,-1.1435071913358203,1.9892858847622363,2.316206031941616
0.8979591836734693,4.865306122448979,-1.1181987324387614,2.0009349393939813,2.3645421656588996
0.8979591836734693,5.006122448979592,-1.0940757869922173,2.0122226252636914,2.408538359185202
0.8979591836734693,5.146938775510204,-1.0710595747668317,2.0231635106518864,2.4487978913920263
0.8979591836734693,5.2877551020408164,-1.049075495288837,2.033771593359519,2.485810759130319
0.8979591836734693,5.428571428571429,-1.0280536079458296,2.044060298769367,2.5199801382356406
0.8979591836734693,5.56938775510204,-1.0079287850989112,2.0540424843941874,2.551641558588948
0.8979591836734693,5.710204081632653,-0.9886406603104986,2.0637304509058563,2.5810770719833225
0.8979591836734693,5.851020408163265,-0.9701334525122121,2.073135955772558,2.6085259055776726
0.8979591836734693,5.9918367346938775,-0.9523557195855588,2.082270229451381,2.6341925960642487
0.8979591836734693,6.13265306122449,-0.9352600769272038,2.0911439938618352,2.6582532874053717
0.8979591836734693,6.273469387755102,-0.9188029068314427,2.0997674886073505,2.6808606614422086
0.8979591836734693,6.414285714285714,-0.9029440497054265,2.1081504635849244,2.7021478755501387
0.8979591836734693,6.555102040816326,-0.8876465447886764,2.116302241047964,2.722231661357243
0.8979591836734693,6.6959183673469385,-0.8728763446810224,2.124231706095646,2.741214882231223
0.8979591836734693,6.836734693877551,-0.8586020701576992,2.131947335038529,2.759188594607757
0.8979591836734693,6.977551020408163,-0.8447947778011883,2.1394572134940733,2.7762337454925543
0.8979591836734693,7.118367346938776,-0.8314277477331635,2.146769057963426,2.792422581000725
0.8979591836734693,7.259183673469387,-0.8184762878922187,2.153890229740701,2.8078198154491854
0.8979591836734693,7.4,-0.8059175568896038,2.160827754950528,2.8224836161932
0.9387755102040816,0.5,-0.7533293774121049,1.5511281817258749,3.3072352051370135
0.9387755102040816,0.6408163265306123,-0.8420767200123548,1.5485231249699902,3.2240086402814208
0.9387755102040816,0.7816326530612245,-0.9320211193474679,1.5541201480844045,3.138042689396485
0.9387755102040816,0.9224489795918367,-1.022856570127418,1.5654746656473808,3.048901138561317
0.9387755102040816,1.063265306122449,-1.1140522263145638,1.5807805063573246,2.9560453890849394
0.9387755102040816,1.2040816326530612,-1.2047485557104036,1.5987210668111909,2.8588048797192323
0.9387755102040816,1.3448979591836734,-1.293630822583746,1.6183448323283554,2.7563340319357668
0.9387755102040816,1.4857142857142858,-1.378801271621268,1.6389681177024864,2.647548598995964
0.9387755102040816,1.626530612244898,-1.4577052879531163,1.6601019016812828,2.5310288720376475
0.9387755102040816,1.76734693877551,-1.527211350226066,1.6813980595725877,2.4048670357831226
0.9387755102040816,1.9081632653061225,-1.5839640403737962,1.7026102901659073,2.266415186142742
0.9387755102040816,2.0489795918367344,-1.6250513696021291,1.723565931223336,2.1118450572849885
0.9387755102040816,2.1897959183673468,-1.6488124021123267,1.7441456571149916,1.9353207954894824
0.9387755102040816,2.330612244897959,-1.6553910291617149,1.764268842521073,1.72728831305144
0.9387755102040816,2.4714285714285715,-1.646691788657579,1.7838829808544032,1.4704337734683397
0.9387755102040816,2.6122448979591835,-1.6257667661332955,1.8029560157681486,1.128016147151411
0.9387755102040816,2.753061224489796,-1.5960065234573781,1.8214707521751237,0.5960716864835034
0.9387755102040816,2.8938775510204082,-1.5605097342197605,1.8394207698347427,-0.8081933830402932
0.9387755102040816,3.03469387755102,-1.5217713731313667,1.856807421197187,0.09612729572360991
0.9387755102040816,3.1755102040816325,-1.4816296111780503,1.8736376199258256,0.8141979135772767
0.9387755102040816,3.316326530612245,-1.4413508868377534,1.8899222032000924,1.1864253959212068
0.9387755102040816,3.457142857142857,-1.4017590146110035,1.9056747187646055,1.4352995440990655
0.9387755102040816,3.5979591836734692,-1.3633584956608327,1.9209105237694735,1.6202946979916333
0.9387755102040816,3.7387755102040816,-1.3264338956336978,1.9356461154797404,1.7662068189825892
0.9387755102040816,3.8795918367346935,-1.2911233063859717,1.9498986350570622,1.8857693940653206
0.9387755102040816,4.020408163265306,-1.2574700290879908,1.963685501634614,1.9863937724981071
0.9387755102040816,4.161224489795918,-1.2254578379988488,1.9770241401552886,2.072773771584973
0.9387755102040816,4.302040816326531,-1.1950345655767598,1.9899317864616248,2.1480693616441235
0.9387755102040816,4.442857142857143,-1.1661276325805432,2.0024253448052622,2.214508766632458
0.9387755102040816,4.5836734693877546,-1.1386541355535023,2.01452128748892,2.273721403853237
0.9387755102040816,4.724489795918367,-1.1125272948838756,2.0262355890502284,2.3269342787321907
0.9387755102040816,4.865306122448979,-1.0876604917110724,2.037583677858499,2.375093953245289
0.9387755102040816,5.006122448979592,-1.0639697159808434,2.0485804125293248,2.4189455793117385
0.9387755102040816,5.146938775510204,-1.0413749734927664,2.0592400696985314,2.459085936176828
0.9387755102040816,5.2877551020408164,-1.019801018120154,2.0695763383384693,2.4960000976629155
0.9387755102040816,5.428571428571429,-0.999177651502073,2.079602326729801,2.5300874504737183
0.9387755102040816,5.56938775510204,-0.9794397493255832,2.0893305719841817,2.5616805635437894
0.9387755102040816,5.710204081632653,-0.9605271212915109,2.098773054264739,2.5910591456963443
0.9387755102040816,5.851020408163265,-0.9423842737251562,2.107941213962358,2.618460548433261
0.9387755102040816,5.9918367346938775,-0.9249601200808957,2.116845970084632,2.6440877915298926
0.9387755102040816,6.13265306122449,-0.9082076697743942,2.125497740178908,2.66811578122587
0.9387755102040816,6.273469387755102,-0.8920837129324216,2.133906460927918,2.690696186912089
0.9387755102040816,6.414285714285714,-0.8765485167313453,2.1420816150032747,2.711961303786725
0.9387755102040816,6.555102040816326,-0.8615655200014583,2.1500322278401285,2.73202717815918
0.9387755102040816,6.6959183673469385,-0.8471010777736181,2.1577669237421753,2.750996076174339
0.9387755102040816,6.836734693877551,-0.8331241945973421,2.1652939218271254,2.768958555822499
0.9387755102040816,6.977551020408163,-0.8196062935522627,2.172621061452332,2.785995141830377
0.9387755102040816,7.118367346938776,-0.8065210023630743,2.1797558201829603,2.8021777186317673
0.9387755102040816,7.259183673469387,-0.7938439585661404,2.1867053343299028,2.8175706937961604
0.9387755102040816,7.4,-0.7815526316029765,2.1934764121683235,2.8322319697440346
0.9795918367346939,0.5,-0.7543505308905446,1.579034108729156,3.3074768322535384
0.9795918367346939,0.6408163265306123,-0.8436224645524723,1.5802241864135156,3.2243091068108236
0.9795918367346939,0.7816326530612245,-0.934144882123374,1.5887107027168987,3.1383837499548686
0.9795918367346939,0.9224489795918367,-1.025566071685643,1.6022017923833576,3.049258538068168
0.9795918367346939,1.063265306122449,-1.1172841461121528,1.619039334888227,2.956388349903696
0.9795918367346939,1.2040816326530612,-1.2083318610220606,1.638036893747875,2.8590948644952867
0.9795918367346939,1.3448979591836734,-1.2972395664430387,1.6583510180931151,2.7565226210113236
0.9795918367346939,1.4857142857142858,-1.3819046916861804,1.6793846526598757,2.64757409753252
0.9795918367346939,1.626530612244898,-1.4595366425930891,1.700716747040672,2.5308109069985747
0.9795918367346939,1.76734693877551,-1.5267937658993258,1.722051817415581,2.4042977377403063
0.9795918367346939,1.9081632653061225,-1.5802348704644882,1.7431840240642755,2.2653441673217274
0.9795918367346939,2.0489795918367344,-1.617088389983327,1.7639716749408632,2.110052246061324
0.9795918367346939,2.1897959183673468,-1.6360840307659854,1.784319101849834,1.9324632353647058
0.9795918367346939,2.330612244897959,-1.6378973872942106,1.8041637370632262,1.7227840478495948
0.9795918367346939,2.4714285714285715,-1.6249169122477671,1.8234668521282567,1.463166075444423
0.9795918367346939,2.6122448979591835,-1.6004890137034233,1.8422069016859581,1.1153753512335016
0.9795918367346939,2.753061224489796,-1.568085164793454,1.8603747038892444,0.5691105378088761
0.9795918367346939,2.8938775510204082,-1.530733999006779,1.8779699391683538,-0.9740164422367658
0.9795918367346939,3.03469387755102,-1.4907903329300256,1.8949985926423685,0.15359603818451445
0.9795918367346939,3.1755102040816325,-1.4499405696683045,1.911471081211413,0.842405215982423
0.9795918367346939,3.316326530612245,-1.409317369343268,1.9274008747434923,1.2066069486624857
0.9795918367346939,3.457142857142857,-1.3696381945243177,1.9428034807766892,1.4517733284498495
0.9795918367346939,3.5979591836734692,-1.3313278019192765,1.9576956956609104,1.6346585178741877
0.9795918367346939,3.7387755102040816,-1.294613006496474,1.9720950525791536,1.7792252579614103
0.9795918367346939,3.8795918367346935,-1.2595909554116513,1.9860194156830129,1.8978664536227146
0.9795918367346939,4.020408163265306,-1.226276307041662,1.9994866851554278,1.997828357352965
0.9795918367346939,4.161224489795918,-1.1946329819283155,2.01251457919786,2.0837150873667643
0.9795918367346939,4.302040816326531,-1.1645951526992502,2.0251204824143167,2.1586337099567223
0.9795918367346939,4.442857142857143,-1.1360809124529854,2.0373213366687692,2.224779250200589
0.9795918367346939,4.5836734693877546,-1.1090010481645667,2.0491335669369346,2.2837592561976847
0.9795918367346939,4.724489795918367,-1.0832645690452136,2.060573035963531,2.336785754659541
0.9795918367346939,4.865306122448979,-1.058782101591771,2.0716550125065303,2.3847947141961625
0.9795918367346939,5.006122448979592,-1.035467890817454,2.082394159774477,2.4285235930010867
0.9795918367346939,5.146938775510204,-1.0132408955578904,2.092804533978788,2.468563454035053
0.9795918367346939,5.2877551020408164,-0.9920253030891172,2.1028995862035904,2.505395041505124
0.9795918367346939,5.428571428571429,-0.9717506768491438,2.1126921754039243,2.539414407904271
0.9795918367346939,5.56938775510204,-0.9523518762138199,2.122194583155528,2.5709515163810543
0.9795918367346939,5.710204081632653,-0.9337688418460199,2.1314185312994534,2.6002840132925673
0.9795918367346939,5.851020408163265,-0.9159463064082781,2.1403752020519424,2.62764759944712
0.9795918367346939,5.9918367346938775,-0.8988334685675441,2.1490752587709365,2.653243959989072
0.9795918367346939,6.13265306122449,-0.8823836565557833,2.1575288676654805,2.677246912244713
0.9795918367346939,6.273469387755102,-0.8665539956623562,2.165745719559182,2.6998072303756393
0.9795918367346939,6.414285714285714,-0.8513050926213881,2.1737350578168844,2.721056468148488
0.9795918367346939,6.555102040816326,-0.8366007203113749,2.1815056740468117,2.741110052486882
0.9795918367346939,6.6959183673469385,-0.8224075621561748,2.1890659689631318,2.760069732540246
0.9795918367346939,6.836734693877551,-0.808694936616037,2.196423943941673,2.778025628576573
0.9795918367346939,6.977551020408163,-0.7954345672922515,2.2035872288937,2.7950578951858547
0.9795918367346939,7.118367346938776,-0.7826003674817973,2.210563100708281,2.8112381021244914
0.9795918367346939,7.259183673469387,-0.7701682446105932,2.217358500129417,2.8266303863698
0.9795918367346939,7.4,-0.7581159233447432,2.223980051595674,2.841292420767989
1.0204081632653061,0.5,-0.755321020544357,1.6047992420513468,3.3077117152578555
1.0204081632653061,0.6408163265306123,-0.8450968773081654,1.609460432698902,3.2246053926891483
1.0204081632653061,0.7816326530612245,-0.9361753984193241,1.6205798600210424,3.1387257635192487
1.0204081632653061,0.9224489795918367,-1.0281588393756413,1.6360157955845192,3.049624920282062
1.0204081632653061,1.063265306122449,-1.1203730509506966,1.6542506219673083,2.956751662257518
1.0204081632653061,1.2040816326530612,-1.2117407311932076,1.6742184362938108,2.8594205179497205
1.0204081632653061,1.3448979591836734,-1.3006341601406484,1.6951741579306223,2.756766987176848
1.0204081632653061,1.4857142857142858,-1.3847439034757834,1.7165986753641937,2.647681453878318
1.0204081632653061,1.626530612244898,-1.4610473099806103,1.738131628772038,2.5307085417327393
1.0204081632653061,1.76734693877551,-1.5260100503325076,1.7595243220659356,2.403887927784895
1.0204081632653061,1.9081632653061225,-1.5761409371634398,1.7806067976483702,2.264490464625363
1.0204081632653061,2.0489795918367344,-1.608854091334796,1.8012648171032928,2.108554590038373
1.0204081632653061,2.1897959183673468,-1.6232984487394304,1.821423705859961,1.9300090036779738
1.0204081632653061,2.330612244897959,-1.6206682839391753,1.8410369564338696,1.7188406158868015
1.0204081632653061,2.4714285714285715,-1.6037837417573655,1.8600781351186055,1.4567048745051425
1.0204081632653061,2.6122448979591835,-1.5762225197129123,1.8785351156655192,1.1039657237782672
1.0204081632653061,2.753061224489796,-1.5414907731921945,1.8964059339251464,0.5442043751423662
1.0204081632653061,2.8938775510204082,-1.5025268470979893,1.913695799187895,-1.156714650387213
1.0204081632653061,3.03469387755102,-1.4615455076587904,1.9304149250226341,0.2025737111819389
1.0204081632653061,3.1755102040816325,-1.420092125360914,1.9465769530155714,0.8672921956932066
1.0204081632653061,3.316326530612245,-1.3791794756784397,1.9621978008502248,1.2246269090221233
1.0204081632653061,3.457142857142857,-1.3394317187380318,1.9772948206971244,1.4665844311979424
1.0204081632653061,3.5979591836734692,-1.301204565126503,1.9918861844851832,1.6476349323161608
1.0204081632653061,3.7387755102040816,-1.2646752365403588,2.005990435581109,1.7910297191833133
1.0204081632653061,3.8795918367346935,-1.2299058963664913,2.019626163012563,1.9088682245353668
1.0204081632653061,4.020408163265306,-1.1968868019249213,2.0328117695913472,2.0082536078401123
1.0204081632653061,4.161224489795918,-1.1655649851847958,2.045565302913115,2.0937119261812756
1.0204081632653061,4.302040816326531,-1.1358630038889899,2.0579043413712617,2.1683040699255995
1.0204081632653061,4.442857142857143,-1.107691016871926,2.069845916276725,2.234196021607779
1.0204081632653061,4.5836734693877546,-1.0809544382071226,2.081406461368439,2.2929761664263477
1.0204081632653061,4.724489795918367,-1.0555586851543648,2.0926017838607023,2.345843383353063
1.0204081632653061,4.865306122448979,-1.0314120277346845,2.103447052652603,2.3937243400802344
1.0204081632653061,5.006122448979592,-1.0084272125101128,2.1139567934020094,2.4373497297080906
1.0204081632653061,5.146938775510204,-0.986522293204098,2.124144898867392,2.477305587428754
1.0204081632653061,5.2877551020408164,-0.9656209609454188,2.13402463795017,2.5140688477627684
1.0204081632653061,5.428571428571429,-0.9456525628981753,2.1436086742077487,2.5480326284322263
1.0204081632653061,5.56938775510204,-0.9265519317844227,2.1529090853434814,2.5795245991546167
1.0204081632653061,5.710204081632653,-0.90825910789353,2.1619373845446854,2.608820591226988
1.0204081632653061,5.851020408163265,-0.8907190051404063,2.170704543368123,2.6361548525160656
1.0204081632653061,5.9918367346938775,-0.8738810544554507,2.17922101453771,2.6617278943564893
1.0204081632653061,6.13265306122449,-0.8576988455512966,2.1874967557242537,2.685712576690661
1.0204081632653061,6.273469387755102,-0.8421297795832697,2.1955412525143196,2.7082588868950626
1.0204081632653061,6.414285714285714,-0.8271347397456589,2.203363540992955,2.7294977335645076
1.0204081632653061,6.555102040816326,-0.8126777868240211,2.2109722353638195,2.7495439829268746
1.0204081632653061,6.6959183673469385,-0.79872586373396,2.2183755273146626,2.7684989479058615
1.0204081632653061,6.836734693877551,-0.7852485526279992,2.2255812395394043,2.7864523600744415
1.0204081632653061,6.977551020408163,-0.7722178256649094,2.23259682353942,2.803484050106931
1.0204081632653061,7.118367346938776,-0.759607832246684,2.239429383823636,2.8196653126967894
1.0204081632653061,7.259183673469387,-0.7473947030482272,2.2460856951413035,2.8350600499169345
1.0204081632653061,7.4,-0.7355563734720563,2.252572222084634,2.849725733630821
1.0612244897959182,0.5,-0.7562446405362329,1.6286660253422736,3.3079399733374557
1.0612244897959182,0.6408163265306123,-0.846504986942596,1.6365192019509278,3.2248971345153583
1.0612244897959182,0.7816326530612245,-0.9381189640795145,1.650053179972642,3.1390676639237363
1.0612244897959182,0.9224489795918367,-1.0306425520111877,1.6672722643958635,3.0499982821854195
1.0612244897959182,1.063265306122449,-1.1233282627367065,1.68679168361961,2.9571321247997577
1.0612244897959182,1.2040816326530612,-1.214986628366354,1.7076572439759663,2.859777137271853
1.0612244897959182,1.3448979591836734,-1.3038291046911292,1.7292137669933882,2.757060564148555
1.0612244897959182,1.4857142857142858,-1.3873380422056971,1.7510126988583181,2.6478617954637995
1.0612244897959182,1.626530612244898,-1.4622637358760144,1.7727482803972912,2.5307100435813146
1.0612244897959182,1.76734693877551,-1.5248976689871547,1.7942137558322846,2.4036223043450184
1.0612244897959182,1.9081632653061225,-1.5717336845272123,1.8152712788443859,2.263834280467572
1.0612244897959182,2.0489795918367344,-1.6004118115672794,1.835831177329713,2.1073265562192063
1.0612244897959182,2.1897959183673468,-1.6105196930760457,1.85583758383155,1.9279251505408528
1.0612244897959182,2.330612244897959,-1.6037497301534787,1.875258409867151,1.715415391720049
1.0612244897959182,2.4714285714285715,-1.5833018883072327,1.8940782939335565,1.4509952293970176
1.0612244897959182,2.6122448979591835,-1.5529301829710382,1.9122936253772098,1.0937202273025293
1.0612244897959182,2.753061224489796,-1.5161393016973035,1.9299089958161302,0.5213155953418271
1.0612244897959182,2.8938775510204082,-1.4757642507734656,1.9469346638058758,-1.3621676833271867
1.0612244897959182,3.03469387755102,-1.433882884396133,1.9633847293324445,0.24461525127266598
1.0612244897959182,3.1755102040816325,-1.391910251452244,1.9792758198616474,0.8892990000190926
1.0612244897959182,3.316326530612245,-1.3507516041800958,1.9946261395049831,1.2407378663034148
1.0612244897959182,3.457142857142857,-1.3109489048702447,2.009454781582831,1.479914082710374
1.0612244897959182,3.5979591836734692,-1.272797714694889,2.0237812332230294,1.6593685019672018
1.0612244897959182,3.7387755102040816,-1.236432358553902,2.037625019474135,1.8017427011690323
1.0612244897959182,3.8795918367346935,-1.2018848741774697,2.0510054494915364,1.9188825802522056
1.0612244897959182,4.020408163265306,-1.1691245622096005,2.0639414407234526,2.0177670465731143
1.0612244897959182,4.161224489795918,-1.138083970760786,2.0764513945667282,2.10285413251703
1.0612244897959182,4.302040816326531,-1.108675702048747,2.088553116319419,2.1771643846128135
1.0612244897959182,4.442857142857143,-1.0808031135316565,2.1002637654817757,2.2428383614728555
1.0612244897959182,4.5836734693877546,-1.054367010631239,2.1115998266495746,2.3014476466591005
1.0612244897959182,4.724489795918367,-1.0292697254269956,2.122577097769796,2.3541795827734164
1.0612244897959182,4.865306122448979,-1.0054175007882182,2.1332106920801466,2.4019526633590975
1.0612244897959182,5.006122448979592,-0.9827217901001072,2.1435150443065334,2.445491635744287
1.0612244897959182,5.146938775510204,-0.9610998622778534,2.153503929018584,2.485378113967585
1.0612244897959182,5.2877551020408164,-0.9404749742123625,2.163190477495542,2.5220856813791097
1.0612244897959182,5.428571428571429,-0.9207762789257011,2.1725872012328407,2.5560048738510615
1.0612244897959182,5.56938775510204,-0.9019385779152372,2.181706015779205,2.5874613438271292
1.0612244897959182,5.710204081632653,-0.8839019887744167,2.1905582658874647,2.616729326169449
1.0612244897959182,5.851020408163265,-0.8666115731119849,2.1991547508155334,2.6440417915834478
1.0612244897959182,5.9918367346938775,-0.8500169536050831,2.2075057497606556,2.66959821951183
1.0612244897959182,6.13265306122449,-0.8340719369885418,2.215621046668727,2.693570629357549
1.0612244897959182,6.273469387755102,-0.8187341540617077,2.223509955188359,2.716108318045534
1.0612244897959182,6.414285714285714,-0.8039647214297518,2.2311813420579125,2.7373416231298204
1.0612244897959182,6.555102040816326,-0.7897279283422696,2.238643650000513,2.7573849421421586
1.0612244897959182,6.6959183673469385,-0.7759909516392494,2.2459049249564265,2.7763391709961054
1.0612244897959182,6.836734693877551,-0.7627235817996509,2.2529728157082864,2.794293726248925
1.0612244897959182,6.977551020408163,-0.7498980010615385,2.2598546260229124,2.811328149689528
1.0612244897959182,7.118367346938776,-0.7374885554357266,2.2665573123383296,2.827513496197147
1.0612244897959182,7.259183673469387,-0.7254715614874293,2.273087506764228,2.8429134641737055
1.0612244897959182,7.4,-0.7138251296069852,2.2794515339609185,2.8575853497086894
1.1020408163265305,0.5,-0.7571248058026168,1.6508413824235795,3.308161750288409
1.1020408163265305,0.6408163265306123,-0.8478513436610734,1.661644061755546,3.225184061287236
1.1020408163265305,0.7816326530612245,-0.9399812970235811,1.677404849265788,3.1394085652021686
1.1020408163265305,0.9224489795918367,-1.03302420183195,1.6962690866700447,3.0503769094846866
1.1020408163265305,1.063265306122449,-1.126158287919186,1.7169773532291144,2.957526956371947
1.1020408163265305,1.2040816326530612,-1.2180800352411278,1.7386791343283365,2.86016059758912
1.1020408163265305,1.3448979591836734,-1.3068376972279308,1.7608017307273343,2.757397552422217
1.1020408163265305,1.4857142857142858,-1.3897047009003574,1.7829608133354795,2.6481072421376544
1.1020408163265305,1.626530612244898,-1.463210239582825,1.8049000731107556,2.530804941556702
1.1020408163265305,1.76734693877551,-1.523490830798831,1.8264506292466236,2.4034871489302922
1.1020408163265305,1.9081632653061225,-1.567059178333213,1.8475035997442102,2.2633577826626308
1.1020408163265305,2.0489795918367344,-1.5918162903593949,1.8679914744507824,2.10634502700863
1.1020408163265305,2.1897959183673468,-1.5977999681253052,1.8878753727948712,1.9261816511912475
1.1020408163265305,2.330612244897959,-1.5871748400611814,1.9071362573647255,1.7124691885627255
1.1020408163265305,2.4714285714285715,-1.5634707943228845,1.9257688172812055,1.44598590607509
1.1020408163265305,2.6122448979591835,-1.5305709214619228,1.9437771993554132,1.0845744914348443
1.1020408163265305,2.753061224489796,-1.4919505798125998,1.9611719929348521,0.500402052724209
1.1020408163265305,2.8938775510204082,-1.450333673989128,1.9779680987138293,-1.5999404959099355
1.1020408163265305,3.03469387755102,-1.4076661445321792,1.994183210277362,0.2808910299569779
1.1020408163265305,3.1755102040816325,-1.3652430168522578,2.0098367341971626,0.9087869895901359
1.1020408163265305,3.316326530612245,-1.3238729573031685,2.0249490190561086,1.2551528040839965
1.1020408163265305,3.457142857142857,-1.2840252094117481,2.0395408060723668,1.4919171171329584
1.1020408163265305,3.5979591836734692,-1.2459426344277689,2.053632840831638,1.6699837067376475
1.1020408163265305,3.7387755102040816,-1.2097222060764459,2.067245600523523,1.8114702406311942
1.1020408163265305,3.8795918367346935,-1.175369834446691,2.0803991051531256,1.928003248784125
1.1020408163265305,4.020408163265306,-1.1428366889154702,2.093112792265639,2.026453647131014
1.1020408163265305,4.161224489795918,-1.1120428039634702,2.105405433249041,2.11122016129107
1.1020408163265305,4.302040816326531,-1.0828921862652157,2.117295084519485,2.185288083887878
1.1020408163265305,4.442857142857143,-1.0552823217683296,2.1287990628282962,2.250775720294813
1.1020408163265305,4.5836734693877546,-1.0291100360856085,2.1399339364959276,2.3092399284843195
1.1020408163265305,4.724489795918367,-1.0042749951516214,2.1507155292722353,2.3618579304187923
1.1020408163265305,4.865306122448979,-0.980681687880945,2.1611589349221356,2.40954104379679
1.1020408163265305,5.006122448979592,-0.9582404465417161,2.171278533821303,2.453008793739312
1.1020408163265305,5.146938775510204,-0.9368678573552204,2.181088019020156,2.4928389098540493
1.1020408163265305,5.2877551020408164,-0.9164867969585302,2.1906004200040496,2.5295020310803773
1.1020408163265305,5.428571428571429,-0.8970262453323863,2.199828131340195,2.5633864247814944
1.1020408163265305,5.56938775510204,-0.8784209715827038,2.2087829405166732,2.594815971292398
1.1020408163265305,5.710204081632653,-0.8606111546290827,2.2174760567117344,2.624063503551117
1.1020408163265305,5.851020408163265,-0.8435419782845373,2.2259181384883138,2.6513608713022925
1.1020408163265305,5.9918367346938775,-0.8271632254526642,2.2341193216339925,2.676906648974042
1.1020408163265305,6.13265306122449,-0.8114288850258767,2.2420892456495487,2.7008721188854983
1.1020408163265305,6.273469387755102,-0.7962967808593775,2.249837079573654,2.723405973629522
1.1020408163265305,6.414285714285714,-0.7817282259129181,2.2573715470717644,2.7446380512189648
1.1020408163265305,6.555102040816326,-0.7676877040227104,2.2647009498033586,2.76468233408047
1.1020408163265305,6.6959183673469385,-0.7541425781714772,2.2718331894413293,2.7836393771272565
1.1020408163265305,6.836734693877551,-0.7410628311790799,2.278775797307517,2.8015982877871295
1.1020408163265305,6.977551020408163,-0.7284208090726308,2.2855359278802023,2.818638380000055
1.1020408163265305,7.118367346938776,-0.716191026029761,2.2921204153823767,2.83483049474075
1.1020408163265305,7.259183673469387,-0.704349954211146,2.298535768008836,2.8502381534931382
1.1020408163265305,7.4,-0.692875850466801,2.304788190447532,2.8649185017044796
1.1428571428571428,0.5,-0.7579645993068108,1.6715029498654685,3.308377207235352
1.1428571428571428,0.6408163265306123,-0.8491400765606655,1.685042860483437,3.225465977125371
1.1428571428571428,0.7816326530612245,-0.941767604536878,1.7028675486861868,3.1397477323032126
1.1428571428571428,0.9224489795918367,-1.0353101726689602,1.7232579182216063,3.050759333223561
1.1428571428571428,1.063265306122449,-1.1288709081790527,1.74507271492089,2.957933736140055
1.1428571428571428,1.2040816326530612,-1.2210305606753902,1.767557818892298,2.8605672730226233
1.1428571428571428,1.3448979591836734,-1.3096721553718236,1.7902164760798598,2.7577728178836676
1.1428571428571428,1.4857142857142858,-1.3918600783652046,1.8127231097134369,2.648410778764375
1.1428571428571428,1.626530612244898,-1.4639091962828596,1.834866461314799,2.5309838690524025
1.1428571428571428,1.76734693877551,-1.5218207448429444,1.8565120773390669,2.4034701350718772
1.1428571428571428,1.9081632653061225,-1.5621585756620209,1.8775773820873618,2.2630448758117003
1.1428571428571428,2.0489795918367344,-1.5831146539477239,1.8980150003588203,2.1055890310060486
1.1428571428571428,2.1897959183673468,-1.5851814793752141,1.9178015042618397,1.9247510999674833
1.1428571428571428,2.330612244897959,-1.5709664800280245,1.9369297528008993,1.709965932117525
1.1428571428571428,2.4714285714285715,-1.544282568344726,1.9554036214047286,1.44162908964087
1.1428571428571428,2.6122448979591835,-1.5091017927466137,1.9732343707276476,1.076466700818226
1.1428571428571428,2.753061224489796,-1.46884903672303,1.9904381116544474,0.4814169549735531
1.1428571428571428,2.8938775510204082,-1.4261331921335691,2.0070340377584146,-1.8872717493190148
1.1428571428571428,3.03469387755102,-1.3827743478899803,2.023043182824263,0.3123029550599073
1.1428571428571428,3.1755102040816325,-1.3399571875870924,2.0384875519878562,0.9260561579878952
1.1428571428571428,3.316326530612245,-1.2984034427681055,2.053389512489461,1.2680527921405909
1.1428571428571428,3.457142857142857,-1.2585177592448562,2.0677713691659463,1.5027267418747283
1.1428571428571428,3.5979591836734692,-1.2204965771988199,2.0816550729968673,1.6795884106565724
1.1428571428571428,3.7387755102040816,-1.184404148699126,2.095062023474562,1.8203046627805644
1.1428571428571428,3.8795918367346935,-1.1502235768595015,2.108012939898535,1.9363121221759563
1.1428571428571428,4.020408163265306,-1.1178902378179247,2.1205277801803097,2.034387846559085
1.1428571428571428,4.161224489795918,-1.0873132820451525,2.1326256962004213,2.1188788790531943
1.1428571428571428,4.302040816326531,-1.0583892454542403,2.1443250128958895,2.1927397288645576
1.1428571428571428,4.442857142857143,-1.0310105123975506,2.1556432262448446,2.2580692420394484
1.1428571428571428,4.5836734693877546,-1.0050704505504502,2.166597013859774,2.316411385679032
1.1428571428571428,4.724489795918367,-0.9804664080898406,2.177202253119208,2.368934515908298
1.1428571428571428,4.865306122448979,-0.9571013489759779,2.187474046114237,2.4165436567961347
1.1428571428571428,5.006122448979592,-0.9348846286662366,2.197426749474689,2.45995375803101
1.1428571428571428,5.146938775510204,-0.9137322376437736,2.2070740041298422,2.4997391409263936
1.1428571428571428,5.2877551020408164,-0.8935667191655268,2.2164287668245573,2.5363678625612365
1.1428571428571428,5.428571428571429,-0.874316899639109,2.2255033440076772,2.570226201166599
1.1428571428571428,5.56938775510204,-0.8559175165708038,2.234309423242338,2.601636483537388
1.1428571428571428,5.710204081632653,-0.8383087986303763,2.242858105108373,2.6308703146365815
1.1428571428571428,5.851020408163265,-0.8214360321639448,2.2511599337395145,2.6581585627649145
1.1428571428571428,5.9918367346938775,-0.8052491354472936,2.2592249266003943,2.6836990106048293
1.1428571428571428,6.13265306122449,-0.7897022517670166,2.2670626027083784,2.7076622964508648
1.1428571428571428,6.273469387755102,-0.7747533687186197,2.274682009872915,2.7301965849324
1.1428571428571428,6.414285714285714,-0.760363965817537,2.2820917503665425,2.7514312789160322
1.1428571428571428,6.555102040816326,-0.7464986918306098,2.289300005771446,2.7714799993950705
1.1428571428571428,6.6959183673469385,-0.73312507022173,2.296314559359215,2.7904429997943785
1.1428571428571428,6.836734693877551,-0.7202132345913345,2.303142820308773,2.8084091406758334
1.1428571428571428,6.977551020408163,-0.707735687791099,2.309791846899317,2.8254575057084717
1.1428571428571428,7.118367346938776,-0.6956670729518538,2.3162683451365575,2.8416587738003067
1.1428571428571428,7.259183673469387,-0.6839839965201951,2.3225787211362823,2.85707630831165
1.1428571428571428,7.4,-0.6726648384089216,2.3287290756195085,2.8717671256270623
1.183673469387755,0.5,-0.7587668122991716,1.690804068922736,3.308586517016238
1.183673469387755,0.6408163265306123,-0.850374942674698,1.7068940818003706,3.2257427472871587
1.183673469387755,0.7816326530612245,-0.9434826410489655,1.7266401295828242,3.1400845569447715
1.183673469387755,0.9224489795918367,-1.037506307179315,1.7484529987582946,3.0511442935887785
1.183673469387755,1.063265306122449,-1.131473258837383,1.7713028041971401,2.9583503533185795
1.183673469387755,1.2040816326530612,-1.2238470314823315,1.794525217904635,2.8609939699306928
1.183673469387755,1.3448979591836734,-1.3123437251420658,1.8176936546245233,2.758181806015567
1.183673469387755,1.4857142857142858,-1.3938191089507914,1.8405365263882962,2.648766146927041
1.183673469387755,1.626530612244898,-1.4643811995813625,1.8628838334970432,2.531238429890287
1.183673469387755,1.76734693877551,-1.5199158598959164,1.8846325962346369,2.4035601645217666
1.183673469387755,1.9081632653061225,-1.5570685705271563,1.905724276357535,2.262881003848537
1.183673469387755,2.0489795918367344,-1.5743473200027194,1.9261299056561398,2.1050395099189965
1.183673469387755,2.1897959183673468,-1.572698022537483,1.9458402013725808,1.9236084430770117
1.183673469387755,2.330612244897959,-1.5551394184782963,1.9648589334649433,1.7078723737159842
1.183673469387755,2.4714285714285715,-1.5257241305648543,1.9831984243994387,1.43788012837231
1.183673469387755,2.6122448979591835,-1.488479439555227,2.000876496291436,1.0693375257465272
1.183673469387755,2.753061224489796,-1.4467639989167702,2.017914371084457,0.4643089176651336
1.183673469387755,2.8938775510204082,-1.4030705475438356,2.0343352324646253,-2.2605438026323754
1.183673469387755,3.03469387755102,-1.3590999162308954,2.0501632334059057,0.3395599123902265
1.183673469387755,3.1755102040816325,-1.3159354202252365,2.0654228184476184,0.9413580217324378
1.183673469387755,3.316326530612245,-1.274220364874816,2.080138261346247,1.2795929155338719
1.183673469387755,3.457142857142857,-1.2343017831998246,2.094333354112254,1.5124582884246995
1.183673469387755,3.5979591836734692,-1.19633501972765,2.108031203584579,1.6882766192531962
1.183673469387755,3.7387755102040816,-1.1603554996797836,2.121254102583929,1.8283267921344009
1.183673469387755,3.8795918367346935,-1.1263262968012722,2.134023455232875,1.9438811188231808
1.183673469387755,4.020408163265306,-1.0941689480383634,2.1463597379958106,2.0416351749934707
1.183673469387755,4.161224489795918,-1.063783078205461,2.1582824890668695,2.1258910272583265
1.183673469387755,4.302040816326531,-1.0350586904471948,2.1698103140945135,2.1995763505587016
1.183673469387755,4.442857142857143,-1.0078837101413025,2.1809609050211263,2.26477300689733
1.183673469387755,4.5836734693877546,-0.9821484831563697,2.191751068442331,2.3230137020040362
1.183673469387755,4.724489795918367,-0.9577483325493171,2.2021967570026044,2.3754590412482943
1.183673469387755,4.865306122448979,-0.9345848887380032,2.2123131054082084,2.4230085481036876
1.183673469387755,5.006122448979592,-0.912566653263473,2.2221144691814065,2.466373167123155
1.183673469387755,5.146938775510204,-0.8916090947421528,2.2316144616635785,2.5061242396715384
1.183673469387755,5.2877551020408164,-0.8716344636153548,2.240825991017756,2.542727564907476
1.183673469387755,5.428571428571429,-0.8525714503341558,2.2497612992289038,2.57656768222148
1.183673469387755,5.56938775510204,-0.8343547627170123,2.2584319971691196,2.607965560959952
1.183673469387755,5.710204081632653,-0.8169246706378643,2.266849099391909,2.6371917338629496
1.183673469387755,5.851020408163265,-0.8002265474726982,2.2750230574332746,2.6644762129386352
1.183673469387755,5.9918367346938775,-0.7842104270977415,2.282963791497957,2.6900160908816004
1.183673469387755,6.13265306122449,-0.7688305847746825,2.29068072030753,2.713981445368414
1.183673469387755,6.273469387755102,-0.7540451480667523,2.298182789681193,2.7365199821871298
1.183673469387755,6.414285714285714,-0.7398157388162447,2.3054784993785833,2.757760726202594
1.183673469387755,6.555102040816326,-0.7261071465115351,2.3125759283041263,2.777816985585688
1.183673469387755,6.6959183673469385,-0.7128870313544671,2.3194827582168713,2.796788753061649
1.183673469387755,6.836734693877551,-0.7001256580365401,2.326206298072318,2.8147646711794674
1.183673469387755,6.977551020408163,-0.6877956541102835,2.332753507715753,2.831823640576562
1.183673469387755,7.118367346938776,-0.6758717803532037,2.3391309969515035,2.8480361860449954
1.183673469387755,7.259183673469387,-0.6643307539527545,2.3453450779094416,2.8634655406342953
1.183673469387755,7.4,-0.6531510585405756,2.351401759780561,2.8781686104046393
1.2244897959183672,0.5,-0.7595339787192495,1.708877802795946,3.308789859827819
1.2244897959183672,0.6408163265306123,-0.8515593691634606,1.7273518958141165,3.2260142867617514
1.2244897959183672,0.7816326530612245,-0.9451307580188152,1.7488936411684943,3.140418537551121
1.2244897959183672,0.9224489795918367,-1.039617965109404,1.7720380054588452,3.05153070957
1.2244897959183672,1.063265306122449,-1.1339718969005326,1.7958600910326992,2.9587749647209245
1.2244897959183672,1.2040816326530612,-1.226537572493903,1.8197793749489968,2.8614378702071326
1.2244897959183672,1.3448979591836734,-1.3148627769061625,1.8434343114019354,2.758620468202441
1.2244897959183672,1.4857142857142858,-1.3955955774535678,1.866603127046852,2.6491677522432497
1.2244897959183672,1.626530612244898,-1.464645210144822,1.8891537858352794,2.5315610829085387
1.2244897959183672,1.76734693877551,-1.5178020891700577,1.9110122293331588,2.40374722543753
1.2244897959183672,1.9081632653061225,-1.5518218125455967,1.932142001200654,2.262852979015549
1.2244897959183672,2.0489795918367344,-1.565548818784766,1.952531053105994,2.10467911545786
1.2244897959183672,2.1897959183673468,-1.5603763486840672,1.9721831218119694,1.9227307442907344
1.2244897959183672,2.330612244897959,-1.539702061889503,1.9911120386215526,1.706157836389813
1.2244897959183672,2.4714285714285715,-1.5077788290043905,2.009337934743303,1.4346973049577292
1.2244897959183672,2.6122448979591835,-1.4686610618289988,2.026884714940933,1.0631300647854498
1.2244897959183672,2.753061224489796,-1.425629720378104,2.043778355256242,0.4490221610160114
1.2244897959183672,2.8938775510204082,-1.381062215539928,2.060045764656089,-2.821935950278946
1.2244897959183672,3.03469387755102,-1.336546891499345,2.0757140207963074,0.36322850657709466
1.2244897959183672,3.1755102040816325,-1.2930739371316886,2.0908098664308468,0.9549053195168006
1.2244897959183672,3.316326530612245,-1.2512157350593291,2.1053593812588964,1.2899069019625604
1.2244897959183672,3.457142857142857,-1.2112677377260506,2.1193877748086845,1.521212193231207
1.2244897959183672,3.5979591836734692,-1.1733487375921192,2.132919263617437,1.6961306947002652
1.2244897959183672,3.7387755102040816,-1.1374686316516212,2.1459770054768055,1.835607731141908
1.2244897959183672,3.8795918367346935,-1.1035728077936782,2.15858307441128,1.9507736980282406
1.2244897959183672,4.020408163265306,-1.0715706068312003,2.1707584608064128,2.04825358581524
1.2244897959183672,4.161224489795918,-1.0413532698518913,2.182523091904144,2.1323104199673084
1.2244897959183672,4.302040816326531,-1.0128050554216077,2.193895862405055,2.2058485483179897
1.2244897959183672,4.442857142857143,-0.9858099703087497,2.204894673017813,2.270935052641506
1.2244897959183672,4.5836734693877546,-0.9602557057637338,2.215536474427138,2.3290928322185214
1.2244897959183672,4.724489795918367,-0.9360358062535564,2.225837312029344,2.3814757393630956
1.2244897959183672,4.865306122448979,-0.9130507310910336,2.235812371842989,2.428978503946843
1.2244897959183672,5.006122448979592,-0.8912082318409259,2.2454760277418337,2.472308580024287
1.2244897959183672,5.146938775510204,-0.8704233185078777,2.254841885220997,2.512034712419954
1.2244897959183672,5.2877551020408164,-0.8506179838020301,2.263922824007047,2.5486207330775774
1.2244897959183672,5.428571428571429,-0.8317207979443987,2.2727310411050192,2.582449667851572
1.2244897959183672,5.56938775510204,-0.8136664415579017,2.281278090095762,2.6138413050040747
1.2244897959183672,5.710204081632653,-0.7963952192023118,2.289574918511946,2.643065245066333
1.2244897959183672,5.851020408163265,-0.7798525790238744,2.2976319035821597,2.6703507565909734
1.2244897959183672,5.9918367346938775,-0.7639886544311586,2.3054588859587515,2.6958943339628596
1.2244897959183672,6.13265306122449,-0.7487578343937523,2.313065201203093,2.7198655693485865
1.2244897959183672,6.273469387755102,-0.7341183669652468,2.320459709532497,2.7424117718962404
1.2244897959183672,6.414285714285714,-0.7200319963444686,2.3276508237838196,2.763661640473134
1.2244897959183672,6.555102040816326,-0.7064636328317929,2.3346465355598567,2.7837282136214734
1.2244897959183672,6.6959183673469385,-0.6933810537822268,2.341454439246645,2.802711260437784
1.2244897959183672,6.836734693877551,-0.6807546359464416,2.3480817572877526,2.8206992368050754
1.2244897959183672,6.977551020408163,-0.6685571099647223,2.3545353585947066,2.837770892978333
1.2244897959183672,7.118367346938776,-0.6567633464695906,2.360821785954062,2.853996604850393
1.2244897959183672,7.259183673469387,-0.6453501468472131,2.3669472525951725,2.8694395128735324
1.2244897959183672,7.4,-0.6342960857527095,2.3729176931449976,2.884156424005934
1.2653061224489794,0.5,-0.7602684047967132,1.7258401912612746,3.308987419883471
1.2653061224489794,0.6408163265306123,-0.8526964897197628,1.7465502037481246,3.2262805509797783
1.2653061224489794,0.7816326530612245,-0.9467159471737955,1.7697761071916782,3.140749262616554
1.2653061224489794,0.9224489795918367,-1.0416500739443293,1.7941714359847605,3.0519176535418278
1.2653061224489794,1.063265306122449,-1.136372860259318,1.8189103196947078,2.9592059588535826
1.2653061224489794,1.2040816326530612,-1.2291096763077662,1.843490605973269,2.861896483117536
1.2653061224489794,1.3448979591836734,-1.3172388876178327,1.86761121342335,2.759085199582556
1.2653061224489794,1.4857142857142858,-1.3972022220578022,1.8910965023273885,2.6496105845536095
1.2653061224489794,1.626530612244898,-1.4647186899853333,1.9138495162364062,2.5319450424396046
1.2653061224489794,1.76734693877551,-1.515503016481093,1.9358228934057025,2.4040222707239294
1.2653061224489794,1.9081632653061225,-1.546447297131271,1.957000559802724,2.262948833307624
1.2653061224489794,2.0489795918367344,-1.5567485320165986,1.977386095550086,2.1044920318284794
1.2653061224489794,2.1897959183673468,-1.5482373277528307,1.9969952791844745,1.9220969783523902
1.2653061224489794,2.330612244897959,-1.5246578513930433,2.01585126477172,1.7047939875848024
1.2653061224489794,2.4714285714285715,-1.490427652218072,2.033981436251271,1.4320416300531646
1.2653061224489794,2.6122448979591835,-1.449605053211146,2.051415362079405,1.057789796701161
1.2653061224489794,2.753061224489796,-1.4053852504796758,2.0681834594366544,0.4354968266959964
1.2653061224489794,2.8938775510204082,-1.3600325197634513,2.0843161292425374,-4.223802082105618
1.2653061224489794,3.03469387755102,-1.3150294379593914,2.09984320127626,0.38376820338844
1.2653061224489794,3.1755102040816325,-1.2712805936040519,2.114793590471141,0.9668794202211407
1.2653061224489794,3.316326530612245,-1.2292940711005242,2.1291950917457463,1.2991107737915712
1.2653061224489794,3.457142857142857,-1.1893189729181473,2.143074268466794,1.5290763896063972
1.2653061224489794,3.5979591836734692,-1.1514414378012803,2.1564564038053087,1.7032231510009623
1.2653061224489794,3.7387755102040816,-1.1156486465616375,2.169365493185773,1.8422103209737857
1.2653061224489794,3.8795918367346935,-1.081870291342835,2.1818242651044755,1.9570461010281845
1.2653061224489794,4.020408163265306,-1.0500049090356849,2.193854217596259,2.0542945495698954
1.2653061224489794,4.161224489795918,-1.0199363235724161,2.2054756673256897,2.1381849312593677
1.2653061224489794,4.302040816326531,-0.9915437159503269,2.2167078035672465,2.211601396859905
1.2653061224489794,4.442857142857143,-0.964707631691766,2.227568745106139,2.276598220002396
1.2653061224489794,4.5836734693877546,-0.9393134186222355,2.2380755986377503,2.3346897975800234
1.2653061224489794,4.724489795918367,-0.9152530517891849,2.248244516171567,2.387024124826222
1.2653061224489794,4.865306122448979,-0.89242595740297,2.258090750557122,2.434491774907287
1.2653061224489794,5.006122448979592,-0.87073922611122,2.267628709177115,2.4777971717538794
1.2653061224489794,5.146938775510204,-0.8501074630718308,2.2768720061143304,2.5175068104863407
1.2653061224489794,5.2877551020408164,-0.8304524338148596,2.285833509893026,2.5540828191591305
1.2653061224489794,5.428571428571429,-0.8117026022350841,2.2945253886747414,2.587906912397494
1.2653061224489794,5.56938775510204,-0.7937926243997849,2.3029591549906314,2.619297856650255
1.2653061224489794,5.710204081632653,-0.7766628346055221,2.3111457053256093,2.648524446797587
1.2653061224489794,5.851020408163265,-0.7602587458033521,2.3190953580716487,2.6758153099182485
1.2653061224489794,5.9918367346938775,-0.7445305778232727,2.3268178894537894,2.701366424785888
1.2653061224489794,6.13265306122449,-0.729432818196158,2.3343225663227676,2.7253469661069483
1.2653061224489794,6.273469387755102,-0.7149238193483047,2.3416181773085274,2.747903902607396
1.2653061224489794,6.414285714285714,-0.7009654312685654,2.3487130617609155,2.7691656540671197
1.2653061224489794,6.555102040816326,-0.6875226685006702,2.3556151367764238,2.789245028887367
1.2653061224489794,6.6959183673469385,-0.674563409205722,2.362331921877449,2.808241605632588
1.2653061224489794,6.836734693877551,-0.6620581263943306,2.368870564660658,2.8262436820156136
1.2653061224489794,6.977551020408163,-0.6499796417020772,2.375237859959928,2.843329876242667
1.2653061224489794,7.118367346938776,-0.6383029080783191,2.381440271916356,2.859570459673244
1.2653061224489794,7.259183673469387,-0.6270048163568441,2.387483958398637,2.8750284627644747
1.2653061224489794,7.4,-0.61606400611703,2.3933747671310988,2.88976063262585
1.3061224489795917,0.5,-0.7609721945115259,1.7417928995170335,3.3091793828312563
1.3061224489795917,0.6408163265306123,-0.8537891761753839,1.7646059008255341,3.2265415282015484
1.3061224489795917,0.7816326530612245,-0.9482418780669517,1.7894163418027396,3.141076396770962
1.3061224489795917,0.9224489795918367,-1.043607173098881,1.814990878063715,3.0523043296510783
1.3061224489795917,1.063265306122449,-1.1386817196720436,1.8405971155655836,2.959641925319792
1.3061224489795917,1.2040816326530612,-1.2315702649105604,1.8658063308409447,2.862367604009682
1.3061224489795917,1.3448979591836734,-1.3194809154822997,1.8903738095257832,2.7595727848059544
1.3061224489795917,1.4857142857142858,-1.3986508245414147,1.914166780908288,2.6500901495842553
1.3061224489795917,1.626530612244898,-1.4646177244493164,1.9371208263353363,2.5323841924012815
1.3061224489795917,1.76734693877551,-1.5130400916904003,1.9592133280933366,2.404377111009688
1.3061224489795917,1.9081632653061225,-1.5409707266482342,1.9804471056351673,2.2631576887023446
1.3061224489795917,2.0489795918367344,-1.5479713531622838,2.0008402373067034,2.104463819674265
1.3061224489795917,2.1897959183673468,-1.5362969381104066,2.020419687339175,1.921687848450685
1.3061224489795917,2.330612244897959,-1.5100063798443162,2.039217285375764,1.703754643444895
1.3061224489795917,2.4714285714285715,-1.4736501341288903,2.05726717879699,1.4298766548300028
1.3061224489795917,2.6122448979591835,-1.4312714005247462,2.0746042319226063,1.0532645382845085
1.3061224489795917,2.753061224489796,-1.3859742079816697,2.0912630259833436,0.42366939078481547
1.3061224489795917,2.8938775510204082,-1.339912815784439,2.1072772466831267,-3.420642717710142
1.3061224489795917,3.03469387755102,-1.2944705563123193,2.1226793220431013,0.40155628549099914
1.3061224489795917,3.1755102040816325,-1.2504732643826846,2.137500225792786,0.9774360576132289
1.3061224489795917,3.316326530612245,-1.2083705845075001,2.1517693859122153,1.3073057605124996
1.3061224489795917,3.457142857142857,-1.1683698229516755,2.1655146611606026,1.5361282440220174
1.3061224489795917,3.5979591836734692,-1.1305278272204335,2.178762361107375,1.7096181205309173
1.3061224489795917,3.7387755102040816,-1.0948114736298795,2.1915372926048233,1.8481903373805733
1.3061224489795917,3.8795918367346935,-1.0611364593708241,2.2038628230323063,1.9627483756108197
1.3061224489795917,4.020408163265306,-1.0293917048308625,2.21576095060135,2.059803959902137
1.3061224489795917,4.161224489795918,-0.9994544403038718,2.2272523800857793,2.143557315088614
1.3061224489795917,4.302040816326531,-0.9711993373116498,2.2383565986157485,2.216875201468511
1.3061224489795917,4.442857142857143,-0.9445038698372294,2.2490919497973834,2.281800857162016
1.3061224489795917,4.5836734693877546,-0.9192513073593779,2.259475705538009,2.3398413499470623
1.3061224489795917,4.724489795918367,-0.8953322341462234,2.2695241355422784,2.392139626329103
1.3061224489795917,4.865306122448979,-0.8726451614711056,2.2792525713900273,2.4395826752263807
1.3061224489795917,5.006122448979592,-0.8510965945424661,2.2886754678656347,2.4828723118780474
1.3061224489795917,5.146938775510204,-0.830600780789172,2.2978064611653477,2.5225730924746683
1.3061224489795917,5.2877551020408164,-0.8110792846352726,2.3066584215978088,2.5591456779400623
1.3061224489795917,5.428571428571429,-0.7924604759128374,2.315243502975934,2.592970655735055
1.3061224489795917,5.56938775510204,-0.7746789887598609,2.323573190267033,2.6243659151456367
1.3061224489795917,5.710204081632653,-0.7576751833297235,2.331658342460623,2.6535995600400843
1.3061224489795917,5.851020408163265,-0.7413946292381717,2.3395092323903826,2.6808996683437463
1.3061224489795917,5.9918367346938775,-0.725787621758321,2.34713558459361,2.7064617783825353
1.3061224489795917,6.13265306122449,-0.7108087344356657,2.3545466097014094,2.730454708965935
1.3061224489795917,6.273469387755102,-0.6964164105558449,2.361751036726782,2.753025139459526
1.3061224489795917,6.414285714285714,-0.6825725920026482,2.3687571430702787,2.774301253087067
1.3061224489795917,6.555102040816326,-0.6692423836440231,2.3755727823809676,2.7943956639329413
1.3061224489795917,6.6959183673469385,-0.6563937507842701,2.3822054099255725,2.8134077902621715
1.3061224489795917,6.836734693877551,-0.6439972493642863,2.388662108831455,2.8314257971003025
1.3061224489795917,6.977551020408163,-0.6320257791535714,2.3949496093746765,2.8485281927943724
1.3061224489795917,7.118367346938776,-0.6204543662842498,2.401074311903382,2.8647851572452825
1.3061224489795917,7.259183673469387,-0.6092599697402324,2.4070423112425687,2.8802596446768667
1.3061224489795917,7.4,-0.5984212923488674,2.4128593932210807,2.895008339017305
1.346938775510204,0.5,-0.761647271744537,1.7568253916906964,3.309365933799172
1.346938775510204,0.6408163265306123,-0.8548400659757373,1.7816215261405688,3.226797233261807
1.346938775510204,0.7816326530612245,-0.9497119309851567,1.807927025358989,3.1413996691034796
1.346938775510204,0.9224489795918367,-1.045493452588809,1.8346164275764711,3.0526900556198724
1.346938775510204,1.063265306122449,-1.1409036242929107,1.8610456543664802,2.960081628754977
1.346938775510204,1.2040816326530612,-1.2339257436494502,1.8868549094516154,2.862849278924584
1.346938775510204,1.3448979591836734,-1.3215970648373914,1.9118521604855563,2.76008035189706
1.346938775510204,1.4857142857142858,-1.39995229273234,1.935944594953234,2.6506024093396574
1.346938775510204,1.626530612244898,-1.4643571338466377,1.959098078272443,2.5328730114570432
1.346938775510204,1.76734693877551,-1.5104328100069278,1.9813130112867543,2.4048043219567297
1.346938775510204,1.9081632653061225,-1.5354148427274144,2.0026097936055187,2.263469643497991
1.346938775510204,2.0489795918367344,-1.539238271895809,2.023020005436094,2.104581279300621
1.346938775510204,2.1897959183673468,-1.5245670992323792,2.0425810417874275,1.9214856252421726
1.346938775510204,2.330612244897959,-1.4957442901542162,2.061332836362718,1.703015578446274
1.346938775510204,2.4714285714285715,-1.4574250261811172,2.0793158675331966,1.428168299303025
1.346938775510204,2.6122448979591835,-1.4136219173307318,2.096569968736697,1.04950440429163
1.346938775510204,2.753061224489796,-1.367344504416087,2.1131336389250865,0.4134731552736256
1.346938775510204,2.8938775510204082,-1.320640750119019,2.129043663576779,-2.7311488617728474
1.346938775510204,3.03469387755102,-1.2748009799793107,2.144334930595621,0.4169059658305222
1.346938775510204,3.1755102040816325,-1.23057849094537,2.15904037014299,0.9867098235472137
1.346938775510204,3.316326530612245,-1.1883696783467523,2.1731909683657546,1.3145806425573736
1.346938775510204,3.457142857142857,-1.14834403263682,2.1868158256600037,1.5424361363283083
1.346938775510204,3.5979591836734692,-1.1105320244570416,2.1999422402408455,1.7153725597839806
1.346938775510204,3.7387755102040816,-1.0748823065725506,2.212595805743688,1.8535974814488232
1.346938775510204,3.8795918367346935,-1.0412980423641012,2.2248005124558325,1.9679252277114803
1.346938775510204,4.020408163265306,-1.0096595549490117,2.2365788506785598,2.0648228886645645
1.346938775510204,4.161224489795918,-0.9798381868976427,2.2479519106671604,2.148465890227642
1.346938775510204,4.302040816326531,-0.951704587019674,2.258939478973278,2.22170612986805
1.346938775510204,4.442857142857143,-0.9251334915830765,2.26956012864644,2.2865774095995297
1.346938775510204,4.5836734693877546,-0.9000063192388051,2.279831304210637,2.34458052904487
1.346938775510204,4.724489795918367,-0.876212416445415,2.2897694015210885,2.3968541170102897
1.346938775510204,4.865306122448979,-0.8536494809396831,2.2993898410189693,2.4442820978771103
1.346938775510204,5.006122448979592,-0.8322234977028706,2.3087071360289895,2.4875640589524246
1.346938775510204,5.146938775510204,-0.8118483970599739,2.317734955047534,2.5272628973749716
1.346938775510204,5.2877551020408164,-0.7924455646882789,2.326486182890018,2.5638380260051523
1.346938775510204,5.428571428571429,-0.7739432872245803,2.334972970333064,2.597669070896445
1.346938775510204,5.56938775510204,-0.7562761793674502,2.3432067864280395,2.6290731752649052
1.346938775510204,5.710204081632653,-0.7393846240212287,2.3511984641375876,2.6583178563731673
1.346938775510204,5.851020408163265,-0.7232142406648565,2.3589582421119895,2.6856307267978896
1.346938775510204,5.9918367346938775,-0.7077153908267256,2.366495804144471,2.711206952767014
1.346938775510204,6.13265306122449,-0.6928427234816874,2.3738203153043522,2.735215053350701
1.346938775510204,6.273469387755102,-0.6785547613665273,2.38094045534763,2.757801464930678
1.346938775510204,6.414285714285714,-0.664813526495774,2.387864449700238,2.7790941728524
1.346938775510204,6.555102040816326,-0.6515842023397139,2.3946000981466202,2.7992056294428314
1.346938775510204,6.6959183673469385,-0.6388348297190788,2.4011548008976353,2.8182351201891986
1.346938775510204,6.836734693877551,-0.6265360362439614,2.407535585366921,2.836270700913933
1.346938775510204,6.977551020408163,-0.6146607889509292,2.413749125980493,2.8533907898109123
1.346938775510204,7.118367346938776,-0.6031841767337301,2.4198017671995022,2.869665492727335
1.346938775510204,7.259183673469387,-0.592083213634919,2.42569954320796,2.8851577084682387
1.346938775510204,7.4,-0.5813366656118141,2.4314482013582173,2.8999240527239643
1.3877551020408163,0.5,-0.762295399404319,1.7710167172976459,3.3095472558722148
1.3877551020408163,0.6408163265306123,-0.8558515862320906,1.7976874301993142,3.2270477024326474
1.3877551020408163,0.7816326530612245,-0.9511292257432489,1.8254072012233546,3.141718863377932
1.3877551020408163,0.9224489795918367,-1.0473127869904728,1.8531534474085891,3.0530742472241026
1.3877551020408163,1.063265306122449,-1.1430433418416202,1.8803656124317167,2.9605239864427184
1.3877551020408163,1.2040816326530612,-1.2361820492224669,1.9067487165705608,2.8633397740989817
1.3877551020408163,1.3448979591836734,-1.3235949447656694,1.9321600832165111,2.7606053318654387
1.3877551020408163,1.4857142857142858,-1.4011167338914348,1.9565442498780008,2.6511437305309475
1.3877551020408163,1.626530612244898,-1.4639505753308106,1.9798953564514126,2.5334065079014843
1.3877551020408163,1.76734693877551,-1.507698877155605,2.0022352882238184,2.4052971634977993
1.3877551020408163,1.9081632653061225,-1.5297997303099187,2.023600859211316,2.263875672433853
1.3877551020408163,2.0489795918367344,-1.5305668917250153,2.04403626738112,2.1048323291002204
1.3877551020408163,2.1897959183673468,-1.5130563759576536,2.063588668396801,1.921474002153846
1.3877551020408163,2.330612244897959,-1.481865986110284,2.082305592115125,1.7025543689555316
1.3877551020408163,2.4714285714285715,-1.4417307906832668,2.10023346272878,1.4268846959849366
1.3877551020408163,2.6122448979591835,-1.3966203623960596,2.117416791436402,1.0464617658137145
1.3877551020408163,2.753061224489796,-1.349448046950974,2.133897774170548,0.40483878953296987
1.3877551020408163,2.8938775510204082,-1.3021595939810664,2.149716129848833,-2.396424481962244
1.3877551020408163,3.03469387755102,-1.255958227291454,2.1649090814503733,0.4300797899918898
1.3877551020408163,3.1755102040816325,-1.2115303424994277,2.179511422542441,0.9948177275671987
1.3877551020408163,3.316326530612245,-1.1692236951182797,2.1935556289016342,1.321013654727849
1.3877551020408163,3.457142857142857,-1.1291734523331811,2.2070719929015206,1.5480607591716016
1.3877551020408163,3.5979591836734692,-1.0913862469281268,2.2200887664102162,1.7205372545748026
1.3877551020408163,3.7387755102040816,-1.0557943102886684,2.2326323054801596,1.8584762049621917
1.3877551020408163,3.8795918367346935,-1.022289536838029,2.2447272083232557,1.9726167333618396
1.3877551020408163,4.020408163265306,-0.9907445313429045,2.256396448494035,2.0693882191747592
1.3877551020408163,4.161224489795918,-0.961025357173612,2.2676614981392365,2.1529451159158435
1.3877551020408163,4.302040816326531,-0.9329990598365215,2.2785424434426433,2.2261267440534787
1.3877551020408163,4.442857142857143,-0.9065379255302066,2.28905809006025,2.2909589183954737
1.3877551020408163,4.5836734693877546,-0.881521717983478,2.299226060479421,2.348937132810282
1.3877551020408163,4.724489795918367,-0.8578386778423394,2.3090628836807565,2.4011963622996206
1.3877551020408163,4.865306122448979,-0.8353857767843371,2.3185840770648563,2.4486179392255174
1.3877551020408163,5.006122448979592,-0.814068536106805,2.327804221034278,2.4918995670468904
1.3877551020408163,5.146938775510204,-0.7938006033717806,2.336737026991085,2.5316027451350718
1.3877551020408163,5.2877551020408164,-0.7745032057456613,2.345395402849874,2.568185831290212
1.3877551020408163,5.428571428571429,-0.7561045558947216,2.3537915065743613,2.602027643450097
1.3877551020408163,5.56938775510204,-0.7385392513422873,2.3619368014097715,2.633444697968742
1.3877551020408163,5.710204081632653,-0.7217476952208854,2.3698421039507824,2.6627040208599113
1.3877551020408163,5.851020408163265,-0.7056755511241767,2.37751762840856,2.6900328358600465
1.3877551020408163,5.9918367346938775,-0.6902732390646749,2.384973027299987,2.7156259993765572
1.3877551020408163,6.13265306122449,-0.6754954744019251,2.392217429381196,2.739651781855525
1.3877551020408163,6.273469387755102,-0.6613008496297068,2.3992594740791504,2.762256419052514
1.3877551020408163,6.414285714285714,-0.6476514568913501,2.406107343488608,2.7835677337654685
1.3877551020408163,6.555102040816326,-0.634512548201767,2.4127687918819545,2.8036980462312444
1.3877551020408163,6.6959183673469385,-0.6218522300488503,2.4192511724215895,2.8227465342555904
1.3877551020408163,6.836734693877551,-0.6096411920988112,2.4255614645229926,2.8408011657818553
1.3877551020408163,6.977551020408163,-0.5978524593720064,2.4317062940622804,2.8579402872072617
1.3877551020408163,7.118367346938776,-0.5864611746583802,2.4376919569206073,2.87423394573653
1.3877551020408163,7.259183673469387,-0.5754444017082346,2.44352443864478,2.8897449925940553
1.3877551020408163,7.4,-0.5647809490942916,2.449209433210759,2.904530010497258
1.4285714285714284,0.5,-0.7629181962818543,1.784436999307143,3.3097235290228384
1.4285714285714284,0.6408163265306123,-0.8568259747514838,1.8128835584885727,3.2272929891804494
1.4285714285714284,0.7816326530612245,-0.9524966470029901,1.8419443175354204,3.142033809740903
1.4285714285714284,0.9224489795918367,-1.0490687656023248,1.8706948129869203,3.0534564050624886
1.4285714285714284,1.063265306122449,-1.145105294113659,1.8986535579780006,2.960968049134235
1.4285714285714284,1.2040816326530612,-1.2383446921253496,1.9255866283514262,2.8638375496261714
1.4285714285714284,1.3448979591836734,-1.3254816206937077,1.9513976895668503,2.761145424017857
1.4285714285714284,1.4857142857142858,-1.4021535210280422,1.9760662815729066,2.651710839602308
1.4285714285714284,1.626530612244898,-1.4634106360498385,1.999613017452679,2.533980162690029
1.4285714285714284,1.76734693877551,-1.504854363790354,2.0220798955567787,2.4058495083134304
1.4285714285714284,1.9081632653061225,-1.5241430944914969,2.0435191034407643,2.264367538768873
1.4285714285714284,2.0489795918367344,-1.5219718843360381,2.0639866677720757,2.1052058981628683
1.4285714285714284,2.1897959183673468,-1.501770568497179,2.0835389064677563,1.9216379671257842
1.4285714285714284,2.330612244897959,-1.4683642009017648,2.102230491233474,1.7023502444966294
1.4285714285714284,2.4714285714285715,-1.4265459627347485,2.120113447479849,1.4259960425097202
1.4285714285714284,2.6122448979591835,-1.38023247837464,2.1372367021233636,1.0440912075679447
1.4285714285714284,2.753061224489796,-1.3322404369108716,2.1536459497538667,0.39769490786083267
1.4285714285714284,2.8938775510204082,-1.2844176488685266,2.1693836922444896,-2.1884208417859754
1.4285714285714284,3.03469387755102,-1.237885785972136,2.1844893743951928,0.441299719677756
1.4285714285714284,3.1755102040816325,-1.1932694524043292,2.1989995683190466,1.0018620428018346
1.4285714285714284,3.316326530612245,-1.1508718669324327,2.2129481765609285,1.3266740432982502
1.4285714285714284,3.457142857142857,-1.1107969488013727,2.2263666372885003,1.553056194253718
1.4285714285714284,3.5979591836734692,-1.0730297140871148,2.2392841231921796,1.7251576474276376
1.4285714285714284,3.7387755102040816,-1.0374875434714004,2.2517277297187284,1.8628664021866106
1.4285714285714284,3.8795918367346935,-1.004052160896262,2.263722648161353,1.976858937583744
1.4285714285714284,4.020408163265306,-0.9725892153144091,2.2752923262108924,2.073533180295775
1.4285714285714284,4.161224489795918,-0.9429600182369557,2.286458613679351,2.157026078323839
1.4285714285714284,4.302040816326531,-0.9150283751049613,2.2972418954336957,2.230166450531474
1.4285714285714284,4.442857142857143,-0.8886643711404469,2.307661211712642,2.2949734418559644
1.4285714285714284,4.5836734693877546,-0.8637462847621283,2.3177343668526365,2.35293811657179
1.4285714285714284,4.724489795918367,-0.8401613651646742,2.327478028622505,2.4051924005027563
1.4285714285714284,4.865306122448979,-0.8178059337108101,2.3369078177748883,2.452615465218355
1.4285714285714284,5.006122448979592,-0.796585096936601,2.346038389214573,2.4959034452093785
1.4285714285714284,5.146938775510204,-0.7764122498041286,2.3548835051461285,2.5356166775184055
1.4285714285714284,5.2877551020408164,-0.757208478194981,2.3634561048511915,2.5722126443039244
1.4285714285714284,5.428571428571429,-0.7389019289760542,2.3717683618353798,2.6060694943324
1.4285714285714284,5.56938775510204,-0.7214271845336114,2.3798317420969224,2.6375032262013467
1.4285714285714284,5.710204081632653,-0.7047246661003922,2.3876570542614446,2.6667804617051627
1.4285714285714284,5.851020408163265,-0.6887400765086515,2.3952544964247213,2.6941281057701043
1.4285714285714284,5.9918367346938775,-0.6734238875411828,2.402633698115729,2.719740761790644
1.4285714285714284,6.13265306122449,-0.6587308732401743,2.4098037596835695,2.7437864984934093
1.4285714285714284,6.273469387755102,-0.6446196874984491,2.4167732880371506,2.7664113896850075
1.4285714285714284,6.414285714285714,-0.6310524839967505,2.4235504294801267,2.787743127918211
1.4285714285714284,6.555102040816326,-0.6179945747054749,2.4301429000352117,2.807893928481921
1.4285714285714284,6.6959183673469385,-0.6054141232724543,2.436558012854886,2.8269628844179815
1.4285714285714284,6.836734693877551,-0.5932818731883468,2.442802706092376,2.8450378953301847
1.4285714285714284,6.977551020408163,-0.5815708995238863,2.4488835635609933,2.862197252484101
1.4285714285714284,7.118367346938776,-0.5702563913314407,2.4548068387016557,2.8785109588674076
1.4285714285714284,7.259183673469387,-0.5593154548188168,2.460578474571527,2.894041830275348
1.4285714285714284,7.4,-0.5487269373487459,2.4662041226754217,2.9088464214650362
1.4693877551020407,0.5,-0.763517151690283,1.7971486676203683,3.309894929243323
1.4693877551020407,0.6408163265306123,-0.8577652985789667,1.8272809283948805,3.227533160662716
1.4693877551020407,0.7816326530612245,-0.9538168666467114,1.857615909009393,3.142344377735663
1.4693877551020407,0.9224489795918367,-1.0507647187978542,1.8873227527812226,3.053836103243563
1.4693877551020407,1.063265306122449,-1.147093588498428,1.9159949053907548,2.9614129844964574
1.4693877551020407,1.2040816326530612,-1.2404187945327179,1.9434560497502529,2.8643412366314025
1.4693877551020407,1.3448979591836734,-1.327263660962368,1.969653453377275,2.7616985656014834
1.4693877551020407,1.4857142857142858,-1.4030713523100655,1.994599536815725,2.652300783633387
1.4693877551020407,1.626530612244898,-1.4627489185178417,2.0183397642918264,2.5345898795311492
1.4693877551020407,1.76734693877551,-1.5019138468794027,2.0409350147829284,2.406455779220196
1.4693877551020407,1.9081632653061225,-1.5184605128873248,2.062451915311715,2.2649377160936734
1.4693877551020407,2.0489795918367344,-1.5134653877115039,2.08295761300375,2.1056918308367547
1.4693877551020407,2.1897959183673468,-1.490713207372062,2.102517050760502,1.9219636871378
1.4693877551020407,2.330612244897959,-1.455230447709531,2.12119163391019,1.7023839545656956
1.4693877551020407,2.4714285714285715,-1.4118494068853393,2.1390386785372755,1.4254744693137424
1.4693877551020407,2.6122448979591835,-1.364425977080631,2.1561112910805473,1.0423494806295694
1.4693877551020407,2.753061224489796,-1.3156806760650346,2.1724584848908934,0.39196865941884934
1.4693877551020407,2.8938775510204082,-1.2673677178410208,2.1881254085422555,-2.046967920531903
1.4693877551020407,3.03469387755102,-1.2205324106626536,2.2031536252209274,0.4507548394931255
1.4693877551020407,3.1755102040816325,-1.1757422006419402,2.217581407854278,1.0079326084505502
1.4693877551020407,3.316326530612245,-1.1332594307410042,2.231444027697178,1.331623349883352
1.4693877551020407,3.457142857142857,-1.0931594905101065,2.2447740259893676,1.5574708084314453
1.4693877551020407,3.5979591836734692,-1.0554077305440461,2.2576014652373204,1.729274541469544
1.4693877551020407,3.7387755102040816,-1.019908055646193,2.269954158564233,1.8668039930524285
1.4693877551020407,3.8795918367346935,-0.9865329780241515,2.281857875625683,1.9806843608518578
1.4693877551020407,4.020408163265306,-0.9551418556441301,2.2933365291285326,2.0772877989593197
1.4693877551020407,4.161224489795918,-0.9255917073263686,2.3044123416039555,2.160736903733121
1.4693877551020407,4.302040816326531,-0.8977434146681857,2.315105995130318,2.2338518834744168
1.4693877551020407,4.442857142857143,-0.8714650784734713,2.3254367652117107,2.298646414885133
1.4693877551020407,4.5836734693877546,-0.8466336395322305,2.3354226410641714,2.356607933015681
1.4693877551020407,4.724489795918367,-0.8231354550116285,2.3450804334389637,2.408865867449
1.4693877551020407,4.865306122448979,-0.8008662618743227,2.354425871748737,2.4562976230823197
1.4693877551020407,5.006122448979592,-0.7797307944390371,2.3634736914946934,2.4995980537001556
1.4693877551020407,5.146938775510204,-0.7596422213556319,2.3722377122948863,2.5393265495875155
1.4693877551020407,5.2877551020408164,-0.740521502179626,2.3807309117710496,2.5759398815491785
1.4693877551020407,5.428571428571429,-0.7222967251315341,2.3889654861428977,2.6098156564725805
1.4693877551020407,5.56938775510204,-0.7049024592399858,2.396952911370742,2.6412694552954097
1.4693877551020407,5.710204081632653,-0.6882791420827444,2.4047039955626803,2.6705675751735747
1.4693877551020407,5.851020408163265,-0.6723725114259933,2.4122289277444255,2.6979366665047455
1.4693877551020407,5.9918367346938775,-0.6571330850897644,2.4195373216458793,2.723571131795949
1.4693877551020407,6.13265306122449,-0.6425156890801597,2.4266382561613558,2.747638880930943
1.4693877551020407,6.273469387755102,-0.6284790314931153,2.4335403124588533,2.770285861301066
1.4693877551020407,6.414285714285714,-0.6149853201343268,2.4402516076422183,2.7916396648040323
1.4693877551020407,6.555102040816326,-0.6019999194562138,2.446779825875755,2.811812426650121
1.4693877551020407,6.6959183673469385,-0.5894910429714404,2.4531322464463297,2.830903176150188
1.4693877551020407,6.836734693877551,-0.5774294808748409,2.4593157721969603,2.848999762438597
1.4693877551020407,6.977551020408163,-0.5657883514199546,2.4653369505825475,2.8661804369376993
1.4693877551020407,7.118367346938776,-0.5545428833683295,2.471201998088847,2.8825151715277215
1.4693877551020407,7.259183673469387,-0.5436702191286882,2.4769168204907563,2.898066758001234
1.4693877551020407,7.4,-0.5331492389047997,2.4824870319920507,2.9128917328117963
1.510204081632653,0.5,-0.7640936383871232,1.809207494828087,3.310061627964641
1.510204081632653,0.6408163265306123,-0.8586714703198893,1.8409428601722957,3.2277682948369324
1.510204081632653,0.7816326530612245,-0.9550923635707261,1.8724909906421165,3.1426504703753584
1.510204081632653,0.9224489795918367,-1.0524037416517713,1.9031103672755383,3.054212979673639
1.510204081632653,1.063265306122449,-1.149012046041369,1.93246552361939,2.9618580627992595
1.510204081632653,1.2040816326530612,-1.2424091239522497,1.9604345797099416,2.864849617463669
1.510204081632653,1.3448979591836734,-1.3289471785254359,1.9870059065031,2.7622629053802377
1.510204081632653,1.4857142857142858,-1.4038783059136908,2.0122228793821986,2.6529108956512992
1.510204081632653,1.626530612244898,-1.4619761189529155,2.0361543468926633,2.535231940852639
1.510204081632653,1.76734693877551,-1.4988905401008878,2.0588789560975522,2.407110893843686
1.510204081632653,1.9081632653061225,-1.5127656617575134,2.0804769308971873,2.26557931993464
1.510204081632653,2.0489795918367344,-1.5050573538030225,2.1010259002113996,2.1062808017843118
1.510204081632653,2.1897959183673468,-1.4798859668625342,2.1205989470891917,1.9224384053085244
1.510204081632653,2.330612244897959,-1.442455376429731,2.1392638416409677,1.7026376478626142
1.510204081632653,2.4714285714285715,-1.397620499919169,2.1570829096800113,1.4252939134662934
1.510204081632653,2.6122448979591835,-1.3491704878485433,2.174113222903233,1.0411954546493638
1.510204081632653,2.753061224489796,-1.2997308873602467,2.1904069500016696,0.38758631194610665
1.510204081632653,2.8938775510204082,-1.2509666366720578,2.206011761691938,-1.9472254679672425
1.510204081632653,3.03469387755102,-1.2038515156106733,2.220971245110581,0.45860731910427993
1.510204081632653,3.1755102040816325,-1.1589000158163896,2.2353253023650006,1.0131087003136843
1.510204081632653,3.316326530612245,-1.1163368791223651,2.2491105197417878,1.335916477153287
1.510204081632653,3.457142857142857,-1.076211375676764,2.2623605016141672,1.561348005210356
1.510204081632653,3.5979591836734692,-1.038470912434426,2.275106171460795,1.7329246908890914
1.510204081632653,3.7387755102040816,-1.0030071259859503,2.2873760390596383,1.870321417299237
1.510204081632653,3.8795918367346935,-0.9696841578660137,2.2991964382302683,1.98412242967157
1.510204081632653,4.020408163265306,-0.9383556572024393,2.3105917375219884,2.0806792861226775
1.510204081632653,4.161224489795918,-0.9088747518737071,2.321584526955499,2.164103111312815
1.510204081632653,4.302040816326531,-0.8810996759307084,2.3321957834793006,2.237207231716781
1.510204081632653,4.442857142857143,-0.8548967352868087,2.34244501817116,2.3020009564312782
1.510204081632653,4.5836734693877546,-0.8301416618773411,2.352350406821975,2.3599688240004877
1.510204081632653,4.724489795918367,-0.8067200077837319,2.3619289065122104,2.4122382749186673
1.510204081632653,4.865306122448979,-0.7845269831041255,2.371196359606052,2.4596853087982438
1.510204081632653,5.006122448979592,-0.7634669870997898,2.3801675871879358,2.5030037633635587
1.510204081632653,5.146938775510204,-0.7434529849720029,2.388856472495015,2.54275228176391
1.510204081632653,5.2877551020408164,-0.7244058232545976,2.397276035433746,2.579387069087929
1.510204081632653,5.428571428571429,-0.7062535375098219,2.4054385030316863,2.6132853124742836
1.510204081632653,5.56938775510204,-0.6889306850599687,2.413355366755398,2.644762265455148
1.510204081632653,5.710204081632653,-0.6723777182277509,2.421037440611365,2.674083973552851
1.510204081632653,5.851020408163265,-0.6565404060250836,2.4284949107035194,2.701476891765242
1.510204081632653,5.9918367346938775,-0.6413693072950345,2.4357373811745346,2.727135269663054
1.510204081632653,6.13265306122449,-0.6268192941370858,2.4427739155785297,2.7512268975865015
1.510204081632653,6.273469387755102,-0.6128491226176411,2.449613075258556,2.773897629185517
1.510204081632653,6.414285714285714,-0.5994210481738806,2.4562629539113217,2.7952749829141963
1.510204081632653,6.555102040816326,-0.5865004812802753,2.462731209444727,2.8154710366987175
1.510204081632653,6.6959183673469385,-0.5740556789538542,2.469025092725701,2.834584775467509
1.510204081632653,6.836734693877551,-0.5620574719130421,2.4751514765044895,2.8527040143050413
1.510204081632653,6.977551020408163,-0.5504790156575641,2.4811168769383065,2.869906978806222
1.510204081632653,7.118367346938776,-0.5392955729613117,2.486927478418092,2.8862636217986823
1.510204081632653,7.259183673469387,-0.5284843170296329,2.492589154102475,2.901836721457825
1.510204081632653,7.4,-0.518024155750457,2.4981074853132057,2.9166828050248683
1.5510204081632653,0.5,-0.7646489238711964,1.820663470026338,3.3102237916501083
1.5510204081632653,0.6408163265306123,-0.8595462627234645,1.8539260076390203,3.2279984780633946
1.5510204081632653,0.7816326530612245,-0.9563254412369279,1.8866312192016554,3.142952019098042
1.5510204081632653,0.9224489795918367,-1.0539887149232476,1.9181228916343158,3.0545867277117154
1.5510204081632653,1.063265306122449,-1.1508642263953295,1.94813306887637,2.9623026445269334
1.5510204081632653,1.2040816326530612,-1.2443201235668506,1.9765913888281101,2.865361608365888
1.5510204081632653,1.3448979591836734,-1.3305378684671707,2.0035250400519624,2.7628367803590934
1.5510204081632653,1.4857142857142858,-1.404581888840677,2.029006599086176,2.65353876460304
1.5510204081632653,1.626530612244898,-1.4611020991920365,2.0531269666216634,2.535902969140043
1.5510204081632653,1.76734693877551,-1.4957964136931203,2.075981549271264,2.4078102156653185
1.5510204081632653,1.9081632653061225,-1.5070705221786074,2.0976634044113185,2.2662860460997223
1.5510204081632653,2.0489795918367344,-1.4967558525779006,2.1182600641825045,2.106964239588362
1.5510204081632653,2.1897959183673468,-1.4692890107920347,2.137852312178715,1.9230503479123642
1.5510204081632653,2.330612244897959,-1.4300290551838437,2.1565139486698226,1.7030947623414536
1.5510204081632653,2.4714285714285715,-1.3838392548184013,2.1743120537467746,1.4254300024823223
1.5510204081632653,2.6122448979591835,-1.3344374844409397,2.1913074692210173,1.040590063734909
1.5510204081632653,2.753061224489796,-1.2843560521495232,2.2075553698845582,0.38447382031535426
1.5510204081632653,2.8938775510204082,-1.2351748587723794,2.2231058345750028,-1.8766128910222468
1.5510204081632653,3.03469387755102,-1.1878006488819863,2.238004387340552,0.46499708821018765
1.5510204081632653,3.1755102040816325,-1.1426987778889326,2.2522924936600286,1.0174605680420261
1.5510204081632653,3.316326530612245,-1.1000593223319464,2.2660080048430844,1.3396025786272105
1.5510204081632653,3.457142857142857,-1.059907578134013,2.27918555131314,1.564726863115584
1.5510204081632653,3.5979591836734692,-1.0221745314957627,2.2918568897815788,1.7361413014450675
1.5510204081632653,3.7387755102040816,-0.9867406181694373,2.304051207186643,1.8734480552169206
1.5510204081632653,3.8795918367346935,-0.9534623492106115,2.3157953876029036,1.987199844346511
1.5510204081632653,4.020408163265306,-0.9221881768186728,2.3271142462426035,2.0837323671158883
1.5510204081632653,4.161224489795918,-0.8927676908806423,2.3380307350596286,2.1671479155498954
1.5510204081632653,4.302040816326531,-0.8650567205969746,2.3485661232272577,2.240254520600147
1.5510204081632653,4.442857142857143,-0.8389199431433216,2.3587401568069595,2.305058133964762
1.5510204081632653,4.5836734693877546,-0.8142319946985641,2.368571199345071,2.363041071352172
1.5510204081632653,4.724489795918367,-0.7908776984320564,2.378076356624284,2.4153292503559065
1.5510204081632653,4.865306122448979,-0.7687517880504604,2.3872715875239083,2.462797597542749
1.5510204081632653,5.006122448979592,-0.7477583602755586,2.3961718026821854,2.50613917823246
1.5510204081632653,5.146938775510204,-0.7278101970595116,2.4047909529864593,2.545912068814468
1.5510204081632653,5.2877551020408164,-0.7088280430433439,2.4131421076245267,2.5825720527331715
1.5510204081632653,5.428571428571429,-0.6907398868462286,2.4212375276715954,2.616495999759495
1.5510204081632653,5.56938775510204,-0.6734802753484908,2.429088726152879,2.647998922440318
1.5510204081632653,5.710204081632653,-0.6569896741919038,2.436706528406576,2.677346682080489
1.5510204081632653,5.851020408163265,-0.6412138803871639,2.444101123105917,2.704765592494133
1.5510204081632653,5.9918367346938775,-0.6261034893907766,2.4512821101399314,2.7304497946181288
1.5510204081632653,6.13265306122449,-0.611613414261447,2.458258543163651,2.7545669952906913
1.5510204081632653,6.273469387755102,-0.5977024535384321,2.4650389688095067,2.77726298465052
1.5510204081632653,6.414285714285714,-0.584332904660606,2.4716314624901994,2.798665232682786
1.5510204081632653,6.555102040816326,-0.5714702179666551,2.478043660340784,2.818885780565425
1.5510204081632653,6.6959183673469385,-0.5590826898533526,2.4842827910275083,2.8380235880699827
1.5510204081632653,6.836734693877551,-0.5471411847407694,2.4903557004139496,2.856166449882447
1.5510204081632653,6.977551020408163,-0.535618890691223,2.496268878335311,2.8733925791671733
1.5510204081632653,7.118367346938776,-0.5244910995225589,2.5020284813822147,2.88977192077809
1.5510204081632653,7.259183673469387,-0.5137350105194365,2.507640354250382,2.905367248844366
1.5510204081632653,7.4,-0.5033295548037405,2.51311004939038,2.9202350896380964
1.5918367346938773,0.5,-0.7651841804950817,1.8315615360152744,3.310381581518257
1.5918367346938773,0.6408163265306123,-0.8603913213301115,1.866281225673594,3.2282238031208834
1.5918367346938773,0.7816326530612245,-0.9575182433341053,1.900091868240499,3.143248979485458
1.5918367346938773,0.9224489795918367,-1.0555223237429612,1.932418750653427,3.054957088967859
1.5918367346938773,1.063265306122449,-1.152653450192921,1.9630580961143826,2.96274616960421
1.5918367346938773,1.2040816326530612,-1.2461559392820538,1.9919883664629578,2.8658762444149075
1.5918367346938773,1.3448979591836734,-1.3320410417945883,2.0192734703434514,2.7634186955475535
1.5918367346938773,1.4857142857142858,-1.4051890816705659,2.045013583423979,2.6541822087048907
1.5918367346938773,1.626530612244898,-1.4601359522780353,2.069320444013816,2.5365998928544653
1.5918367346938773,1.76734693877551,-1.492642304424638,2.09230530032682,2.4085495106259924
1.5918367346938773,1.9081632653061225,-1.5013855644451826,2.1140733487413086,2.267052116219274
1.5918367346938773,2.0489795918367344,-1.4885673346126325,2.1347214983306753,2.1077342594138653
1.5918367346938773,2.1897959183673468,-1.4589212805140763,2.154337833018816,1.9237886408612768
1.5918367346938773,2.330612244897959,-1.4179411915376876,2.1730018782965272,1.7037399250422545
1.5918367346938773,2.4714285714285715,-1.3704864014206661,2.1907852353049484,1.4258599458886978
1.5918367346938773,2.6122448979591835,-1.3202001978411222,2.207752337497584,1.0404962489505345
1.5918367346938773,2.753061224489796,-1.2695237671624071,2.2239612289647988,0.38255736211725705
1.5918367346938773,2.8938775510204082,-1.2199560870146458,2.2394642918231478,-1.8279744618834646
1.5918367346938773,3.03469387755102,-1.1723410361527762,2.2543089068686544,0.47004554225148637
1.5918367346938773,3.1755102040816325,-1.1270983045684688,2.2685380416713987,1.0210507048483124
1.5918367346938773,3.316326530612245,-1.0843859429896012,2.2821907663539434,1.3427258066365098
1.5918367346938773,3.457142857142857,-1.044207187170555,2.2953027023917527,1.5676426655446647
1.5918367346938773,3.5979591836734692,-1.0064779565706272,2.307906413865757,1.7389544576345983
1.5918367346938773,3.7387755102040816,-0.9710684309037634,2.3200317460147604,1.8762105878033848
1.5918367346938773,3.8795918367346935,-0.9378281454519826,2.3317061197798115,1.9899408943958576
1.5918367346938773,4.020408163265306,-0.9066008074884758,2.3429547879712533,2.0864695653734495
1.5918367346938773,4.161224489795918,-0.87723278029035,2.353801058769912,2.1698924869601037
1.5918367346938773,4.302040816326531,-0.8495777020005911,2.364266490414791,2.243013853985144
1.5918367346938773,4.442857142857143,-0.8234987675935247,2.37437106302284,2.3078371917127254
1.5918367346938773,4.5836734693877546,-0.7988696170383255,2.384133328370712,2.3658432135925107
1.5918367346938773,4.724489795918367,-0.7755744116180532,2.393570542697446,2.4181567439828604
1.5918367346938773,4.865306122448979,-0.7535074530499082,2.4026987840706457,2.465651943113985
1.5918367346938773,5.006122448979592,-0.7325725640908384,2.4115330560881123,2.5090213283015337
1.5918367346938773,5.146938775510204,-0.7126823611196668,2.4200873811468275,2.548822577347575
1.5918367346938773,5.2877551020408164,-0.6937574968554069,2.428374881951972,2.5855111801517077
1.5918367346938773,5.428571428571429,-0.6757259176943133,2.436407858113491,2.619463788375367
1.5918367346938773,5.56938775510204,-0.6585221613124663,2.4441978489134395,2.650995251816493
1.5918367346938773,5.710204081632653,-0.6420867053069446,2.4517556956107827,2.6803713097663247
1.5918367346938773,5.851020408163265,-0.6263653718173272,2.4590915944120306,2.7078181846933806
1.5918367346938773,5.9918367346938775,-0.6113087890279059,2.466215145516918,2.733529949929051
1.5918367346938773,6.13265306122449,-0.5968719064206297,2.473135397391473,2.75767426220203
1.5918367346938773,6.273469387755102,-0.5830135601791325,2.4798608865867777,2.7803968757995117
1.5918367346938773,6.414285714285714,-0.5696960847581823,2.4863996747110764,2.8018252353494324
1.5918367346938773,6.555102040816326,-0.5568849658579699,2.492759380984082,2.82207136516473
1.5918367346938773,6.6959183673469385,-0.5445485329859256,2.498947214692985,2.8412342148193286
1.5918367346938773,6.836734693877551,-0.5326576809294334,2.504970000373104,2.859401573933683
1.5918367346938773,6.977551020408163,-0.5211856252990702,2.510834205025628,2.8766516546856162
1.5918367346938773,7.118367346938776,-0.5101076826382147,2.5165459613022407,2.8930544041558486
1.5918367346938773,7.259183673469387,-0.49940107419539825,2.5221110891339213,2.908672601219031
1.5918367346938773,7.4,-0.4890447503917309,2.5275351156136305,2.9235627788711973
1.6326530612244896,0.5,-0.7657004943162665,1.841942215884642,3.3105351533794947
1.6326530612244896,0.6408163265306123,-0.8612081760313509,1.8780543051832381,3.2284443675666368
1.6326530612244896,0.7816326530612245,-0.9586727677040695,1.912922649312436,3.1435413276012203
1.6326530612244896,0.9224489795918367,-1.057007074312907,1.9460504455206762,3.055323847080008
1.6326530612244896,1.063265306122449,-1.154382819143655,1.9772949916385374,2.963188148018732
1.6326530612244896,1.2040816326530612,-1.24792044411329,2.0066810815303278,2.8663926662592516
1.6326530612244896,1.3448979591836734,-1.333461656067335,2.0343074150616007,2.7640073061116137
1.6326530612244896,1.4857142857142858,-1.4057063793389513,2.06030029797688,2.6548392519325907
1.6326530612244896,1.626530612244898,-1.4590860635065894,2.084791195697161,2.5373199158836055
1.6326530612244896,1.76734693877551,-1.4894380163236438,2.1079063594611376,2.409324908520255
1.6326530612244896,1.9081632653061225,-1.4957199139326414,2.129762490309303,2.267872229033618
1.6326530612244896,2.0489795918367344,-1.4804968610304545,2.150465393756265,2.1085836015818233
1.6326530612244896,2.1897959183673468,-1.4487807357023552,2.170110088295277,1.9246432335825634
1.6326530612244896,2.330612244897959,-1.406181305576549,2.1887815455177724,1.7045588606431663
1.6326530612244896,2.4714285714285715,-1.3575434347191508,2.2065556740338517,1.426562433709109
1.6326530612244896,2.6122448979591835,-1.3064335217197491,2.223500335044025,1.0408788988079702
1.6326530612244896,2.753061224489796,-1.2552040201864059,2.2396763161946924,0.38176384101700866
1.6326530612244896,2.8938775510204082,-1.2052769484129626,2.2551382058302143,-1.7969541018946185
1.6326530612244896,3.03469387755102,-1.1574371828943006,2.26993516753879,0.4738585049588516
1.6326530612244896,3.1755102040816325,-1.1120619084829733,2.2841116141123754,1.0239349054960207
1.6326530612244896,3.316326530612245,-1.0692795277154579,2.2977077910777695,1.345325944004517
1.6326530612244896,3.457142857142857,-1.0290729301778798,2.3107602783985848,1.5701273638482078
1.6326530612244896,3.5979591836734692,-0.991344175586,2.3233024229631227,1.7413914883907025
1.6326530612244896,3.7387755102040816,-0.9559540276177778,2.335364710288337,1.8786333062156864
1.6326530612244896,3.8795918367346935,-0.922745626821551,2.34697508526067,1.9923677304521064
1.6326530612244896,4.020408163265306,-0.8915583361591608,2.3581592293458855,2.08891144764763
1.6326530612244896,4.161224489795918,-0.8622355679400459,2.368940801072557,2.1723561767521113
1.6326530612244896,4.302040816326531,-0.8346289586353807,2.3793416445598248,2.245503624334018
1.6326530612244896,4.442857142857143,-0.8086003503675291,2.389381972318443,2.3103557484261525
1.6326530612244896,4.5836734693877546,-0.7840224749769669,2.39908052450363,2.368392233941448
1.6326530612244896,4.724489795918367,-0.7607788910434974,2.408454708975334,2.4207372089988293
1.6326530612244896,4.865306122448979,-0.7387635074622151,2.4175207249960744,2.4682643511124884
1.6326530612244896,5.006122448979592,-0.7178798982650412,2.4262936719871244,2.5116658370169764
1.6326530612244896,5.146938775510204,-0.6980405297543114,2.434787646989088,2.551499101462592
1.6326530612244896,5.2877551020408164,-0.6791659714235498,2.443015830177901,2.588219460317526
1.6326530612244896,5.428571428571429,-0.6611841318740262,2.450990562553457,2.6222034358148982
1.6326530612244896,5.56938775510204,-0.6440295402608703,2.4587234146638006,2.6537657904193535
1.6326530612244896,5.710204081632653,-0.6276426850484208,2.46622524746106,2.6831721978502947
1.6326530612244896,5.851020408163265,-0.6119694109391464,2.473506268825407,2.7106488355770475
1.6326530612244896,5.9918367346938775,-0.5969603753638186,2.480576083442609,2.7363897469910587
1.6326530612244896,6.13265306122449,-0.5825705602343468,2.4874437386699104,2.760562569700097
1.6326530612244896,6.273469387755102,-0.5687588350433455,2.4941177651082347,2.7833130475706667
1.6326530612244896,6.414285714285714,-0.5554875669057047,2.5006062144734194,2.8047686214049055
1.6326530612244896,6.555102040816326,-0.5427222724912344,2.506916692979384,2.8250413164981394
1.6326530612244896,6.6959183673469385,-0.5304313100953904,2.513056394307921,2.8442300873676034
1.6326530612244896,6.836734693877551,-0.5185856007188648,2.5190321253328762,2.8624227314231323
1.6326530612244896,6.977551020408163,-0.5071583835440596,2.524850333794753,2.8796974708372
1.6326530612244896,7.118367346938776,-0.49612499601616356,2.5305171318300785,2.896124264338447
1.6326530612244896,7.259183673469387,-0.4854626777357125,2.536038317908797,2.911765903685069
1.6326530612244896,7.4,-0.47515039501564466,2.5414193969957806,2.9266789355856453
1.673469387755102,0.5,-0.76619887302409,1.8518421493514023,3.3106846575692632
1.673469387755102,0.6408163265306123,-0.861998251228686,1.8892865975341073,3.228660272378572
1.673469387755102,0.7816326530612245,-0.9597908788447072,1.925168407971065,3.143829056866515
1.673469387755102,0.9224489795918367,-1.0584453089337087,1.9590653036857373,3.0556868223317797
1.673469387755102,1.063265306122449,-1.15605523397793,1.990892759401667,2.963628151634033
1.673469387755102,1.2040816326530612,-1.2496172602162963,2.0207195924155665,2.8669101085471036
1.673469387755102,1.3448979591836734,-1.3348043430582324,2.048677514609176,2.764601401555422
1.673469387755102,1.4857142857142858,-1.4061398283787934,2.0749176116642953,2.6555081032310213
1.673469387755102,1.626530612244898,-1.4579601658286847,2.0995900568714023,2.53806049077917
1.673469387755102,1.76734693877551,-1.4861924131404216,2.122835335869234,2.4101328684354146
1.673469387755102,1.9081632653061225,-1.4900814998578125,2.1447810732256816,2.268741516830966
1.673469387755102,2.0489795918367344,-1.4725483020977943,2.1655415303798184,2.109505576890958
1.673469387755102,2.1897959183673468,-1.438864553075763,2.1852183249663,1.9256048313942482
1.673469387755102,2.330612244897959,-1.394738864350608,2.2039016183902267,1.705538308068043
1.673469387755102,2.4714285714285715,-1.3449926390939222,2.2216714303327474,1.4275175416709642
1.673469387755102,2.6122448979591835,-1.2931139151938849,2.2385988987610608,1.0417047861217972
1.673469387755102,2.753061224489796,-1.2413689864300148,2.2547474385635087,0.38202129902314225
1.673469387755102,2.8938775510204082,-1.191106705370214,2.27017375508139,-1.7808150910828175
1.673469387755102,3.03469387755102,-1.1430565276823872,2.2849287254860666,0.4765286241591618
1.673469387755102,3.1755102040816325,-1.0975560131059532,2.2990581549165108,1.0261631495668706
1.673469387755102,3.316326530612245,-1.0547060633401615,2.3126034237983553,1.3474389401821885
1.673469387755102,3.457142857142857,-1.0144707607456043,2.3256020398771025,1.5722099680523698
1.673469387755102,3.5979591836734692,-0.9767393845969942,2.3380881095496786,1.7434772815739985
1.673469387755102,3.7387755102040816,-0.9413640321359996,2.350092741506158,1.8807383788419116
1.673469387755102,3.8795918367346935,-0.9081819665546766,2.361644392043018,1.9945005995437324
1.673469387755102,4.020408163265306,-0.8770285628476046,2.372769162513482,2.0910768364995085
1.673469387755102,4.161224489795918,-0.8477445273496034,2.3834910559050537,2.174556713013501
1.673469387755102,4.302040816326531,-0.8201796629182022,2.3938321986463627,2.247740695127653
1.673469387755102,4.442857142857143,-0.7941945737136278,2.4038130338481336,2.3126299695331674
1.673469387755102,4.5836734693877546,-0.7696611615289801,2.413452489657542,2.370703723999572
1.673469387755102,4.724489795918367,-0.746462434665794,2.4227681263297076,2.4230857582526544
1.673469387755102,4.865306122448979,-0.7244919439009788,2.4317762657925335,2.470649529916613
1.673469387755102,5.006122448979592,-0.7036530368467787,2.4404921055857116,2.514087067343738
1.673469387755102,5.146938775510204,-0.6838580434038386,2.448929819997631,2.5539557063832423
1.673469387755102,5.2877551020408164,-0.6650274577057718,2.457102649699961,2.5907106982050916
1.673469387755102,5.428571428571429,-0.6470891537902119,2.465022980516897,2.624728522063554
1.673469387755102,5.56938775510204,-0.6299776534778582,2.472702417584704,2.656323918689686
1.673469387755102,5.710204081632653,-0.6136334548935015,2.480151845177952,2.6857625499673397
1.673469387755102,5.851020408163265,-0.5980024229845364,2.487381486419494,2.713270591388546
1.673469387755102,5.9918367346938775,-0.5830352413092419,2.4944009543061383,2.7390420910287876
1.673469387755102,6.13265306122449,-0.5686869206492832,2.5012192985295956,2.763244696333253
1.673469387755102,6.273469387755102,-0.554916359975322,2.5078450474416334,2.786024164252203
1.673469387755102,6.414285714285714,-0.5416859551292239,2.5142862463189224,2.807507951594533
1.673469387755102,6.555102040816326,-0.5289612499604256,2.5205504919239594,2.8278081012901484
1.673469387755102,6.6959183673469385,-0.5167106276341292,2.5266449656191368,2.847023586699216
1.673469387755102,6.836734693877551,-0.5049050317297108,2.5325764599286056,2.8652422249530933
1.673469387755102,6.977551020408163,-0.49351772145625833,2.538351406498597,2.882542258387987
1.673469387755102,7.118367346938776,-0.4825240518244063,2.543975900021222,2.8989936660859765
1.673469387755102,7.259183673469387,-0.4719012775936991,2.549455720488484,2.9146592601851977
1.673469387755102,7.4,-0.46162837796196676,2.554796353590632,2.929595607610973
1.7142857142857142,0.5,-0.7666802529780787,1.8612945512168604,3.310830238937143
1.7142857142857142,0.6408163265306123,-0.8627628749333017,1.9000155474816123,3.2288716208281523
1.7142857142857142,0.7816326530612245,-0.9608743191242739,1.9368697168470714,3.144112175384635
1.7142857142857142,0.9224489795918367,-1.0598392194805433,1.9715061155078666,3.0560458669756114
1.7142857142857142,1.063265306122449,-1.1576734107580695,2.0038956881876127,2.964065807015868
1.7142857142857142,1.2040816326530612,-1.251249778682805,2.034149132565826,2.867427889703323
1.7142857142857142,1.3448979591836734,-1.3360734339477371,2.0624295278929132,2.7651998918337437
1.7142857142857142,1.4857142857142858,-1.4064950608396487,2.0889114949976717,2.6561871380770103
1.7142857142857142,1.626530612244898,-1.4567653910495955,2.1137629771532858,2.5388192947688055
1.7142857142857142,1.76734693877551,-1.4829135023371174,2.1371379875402807,2.4109701483112196
1.7142857142857142,1.9081632653061225,-1.4844771883547803,2.1591745401301194,2.269655506412625
1.7142857142857142,2.0489795918367344,-1.464724509480956,2.1799949471305986,2.110494017288127
1.7142857142857142,2.1897959183673468,-1.4291692930250124,2.1997071165910307,1.9266648330430414
1.7142857142857142,2.330612244897959,-1.3836033862993808,2.218406163743865,1.7066659430907045
1.7142857142857142,2.4714285714285715,-1.3328170946632383,2.236176037985494,1.428706642916153
1.7142857142857142,2.6122448979591835,-1.2802193057780953,2.2530910147054177,1.042942502557884
1.7142857142857142,2.753061224489796,-1.2279928392180537,2.26921702826793,0.3832593631760759
1.7142857142857142,2.8938775510204082,-1.1774169997299193,2.2846128179655305,-1.777853993298556
1.7142857142857142,3.03469387755102,-1.1291691384510698,2.299330910367501,0.4781373210227095
1.7142857142857142,3.1755102040816325,-1.0835498195122149,2.3134184534739464,1.0277803477056946
1.7142857142857142,3.316326530612245,-1.0406343876496158,2.3269179246688947,1.3490973719174222
1.7142857142857142,3.457142857142857,-1.000369502886744,2.339867730329573,1.5739168834033637
1.7142857142857142,3.5979591836734692,-0.9626326330730376,2.3523027145506146,1.7452345557881281
1.7142857142857142,3.7387755102040816,-0.9272678795803605,2.3642545926670198,1.8825460826611566
1.7142857142857142,3.8795918367346935,-0.8941070906376318,2.375752320391264,1.9963580493348942
1.7142857142857142,4.020408163265306,-0.8629819712954725,2.38682241033547,2.092982995276174
1.7142857142857142,4.161224489795918,-0.8337307402420473,2.397489203989617,2.17651037076029
1.7142857142857142,4.302040816326531,-0.8062015165786737,2.4077751064315795,2.249740560017033
1.7142857142857142,4.442857142857143,-0.7802537687600186,2.4177007893209974,2.314674717349295
1.7142857142857142,4.5836734693877546,-0.7557586379737213,2.427285368060155,2.3727920267712452
1.7142857142857142,4.724489795918367,-0.7325986288861868,2.436546555600616,2.4252163013181534
1.7142857142857142,4.865306122448979,-0.7106669649402294,2.445500797698303,2.4728210227096006
1.7142857142857142,5.006122448979592,-0.6898667871368851,2.4541633917585015,2.516298249649645
1.7142857142857142,5.146938775510204,-0.6701103010552077,2.4625485915023857,2.5562053527045094
1.7142857142857142,5.2877551020408164,-0.6513179322413821,2.4706697003513898,2.5929976197204923
1.7142857142857142,5.428571428571429,-0.6334175234916228,2.478539152748618,2.627051567987942
1.7142857142857142,5.56938775510204,-0.6163435897886939,2.486168590440094,2.658681976658847
1.7142857142857142,5.710204081632653,-0.6000366379710861,2.493568924461061,2.6881545459266287
1.7142857142857142,5.851020408163265,-0.5844425511273807,2.5007503963568563,2.715695489141579
1.7142857142857142,5.9918367346938775,-0.5695120361531172,2.507722630661937,2.7414988914276255
1.7142857142857142,6.13265306122449,-0.555200129493745,2.5144946826021193,2.765732436671199
1.7142857142857142,6.273469387755102,-0.5414657561454533,2.5210750814279907,2.788541916861275
1.7142857142857142,6.414285714285714,-0.5282713373215941,2.5274718692285454,2.810054823229972
1.7142857142857142,6.555102040816326,-0.515582440474234,2.5336926362950405,2.830383231642736
1.7142857142857142,6.6959183673469385,-0.5033674702577007,2.5397445547008055,2.8496261472577014
1.7142857142857142,6.836734693877551,-0.4915973895850633,2.5456344055594573,2.867871417998951
1.7142857142857142,6.977551020408163,-0.4802454745715612,2.5513686072686004,2.88519731575195
1.7142857142857142,7.118367346938776,-0.4692870948164283,2.556953239840813,2.9016738480305104
1.7142857142857142,7.259183673469387,-0.45869951741024373,2.5623940674568533,2.9173638542894413
1.7142857142857142,7.4,-0.44846173180376825,2.567696559106318,2.9323239276919524
1.7551020408163265,0.5,-0.7671455054778753,1.8703296060327772,3.31097203689135
1.7551020408163265,0.6408163265306123,-0.8635032869550898,1.9102751513347949,3.2290785175594
1.7551020408163265,0.7816326530612245,-0.9619247188314479,1.9480633824358213,3.1443907036473195
1.7551020408163265,0.9224489795918367,-1.0611908595040014,1.9834116774891088,3.056400861168714
1.7551020408163265,1.063265306122449,-1.1592398955058225,2.0163439200293554,2.9645007891694877
1.7551020408163265,1.2040816326530612,-1.2528211775643479,2.047010694454551,2.8679454029315936
1.7551020408163265,1.3448979591836734,-1.3372729821331204,2.075604924004383,2.765801795019591
1.7551020408163265,1.4857142857142858,-1.4067773254251694,2.102323614126137,2.6568748820867256
1.7551020408163265,1.626530612244898,-1.4555083168093883,2.127351612511559,2.5395942084069283
1.7551020408163265,1.76734693877551,-1.4796085126295868,2.150855808070847,2.4118337772686256
1.7551020408163265,1.9081632653061225,-1.4789129015929472,2.1729841116697215,2.270610083969794
1.7551020408163265,2.0489795918367344,-1.4570274652713868,2.1938665124962666,2.111543231361924
1.7551020408163265,2.1897959183673468,-1.4196910371304563,2.2136169240815855,1.9278152746274997
1.7551020408163265,2.330612244897959,-1.3727645196365748,2.232335197382673,1.7079303092300904
1.7551020408163265,2.4714285714285715,-1.3210006714193692,2.2501090438110802,1.4301123240143758
1.7551020408163265,2.6122448979591835,-1.2677289945815227,2.2670157467701895,1.0445623914075317
1.7551020408163265,2.753061224489796,-1.2150515811438762,2.2831236602294354,0.38540955137773875
1.7551020408163265,2.8938775510204082,-1.164181625401087,2.298493480024637,-1.7870949248604495
1.7551020408163265,3.03469387755102,-1.1157474459691117,2.3131793222104684,0.4787563900443274
1.7551020408163265,3.1755102040816325,-1.0700150154786336,2.3272296313273206,1.0288269716985827
1.7551020408163265,3.316326530612245,-1.027035884943747,2.3406879459965206,1.3503308309966313
1.7551020408163265,3.457142857142857,-0.9867405425877319,2.353593543845502,1.5752722012031073
1.7551020408163265,3.5979591836734692,-0.948995516322904,2.3659819857925264,1.746684095704997
1.7551020408163265,3.7387755102040816,-0.9136375138045888,2.3778855781019512,1.884075004599711
1.7551020408163265,3.8795918367346935,-0.880493382701949,2.389333764252165,1.9979571061613992
1.7551020408163265,4.020408163265306,-0.8493914428429742,2.4003534597157583,2.094645789117193
1.7551020408163265,4.161224489795918,-0.8201676207342629,2.410969338678484,2.1782321209470124
1.7551020408163265,4.302040816326531,-0.7926684854686056,2.421204080928835,2.251517482131265
1.7551020408163265,4.442857142857143,-0.766752461199524,2.4310785844596294,2.316503682664243
1.7551020408163265,4.5836734693877546,-0.7422899904742646,2.440612150932507,2.374670362066018
1.7551020408163265,4.724489795918367,-0.719163115915175,2.4498226459789723,2.4271416647572743
1.7551020408163265,4.865306122448979,-0.697264761059832,2.45872663993426,2.4747913235958046
1.7551020408163265,5.006122448979592,-0.6764978778756253,2.4673395313871764,2.5183115940233054
1.7551020408163265,5.146938775510204,-0.6567745583814543,2.475675655462022,2.55826000553157
1.7551020408163265,5.2877551020408164,-0.6380151655439739,2.4837483803287363,2.5950919777360535
1.7551020408163265,5.428571428571429,-0.6201475136117467,2.4915701918281026,2.6291841404980834
1.7551020408163265,5.56938775510204,-0.6031061114641459,2.499152769931582,2.660851365954793
1.7551020408163265,5.710204081632653,-0.5868314735273997,2.506507056135925,2.6903594418591354
1.7551020408163265,5.851020408163265,-0.5712694991810592,2.5136433128702436,2.7179346553739516
1.7551020408163265,5.9918367346938775,-0.5563709161370216,2.520571178995834,2.7437711588487694
1.7551020408163265,6.13265306122449,-0.5420907835721871,2.5272997181922605,2.7680366970869574
1.7551020408163265,6.273469387755102,-0.528388049615078,2.533837463418377,2.790877117911788
1.7551020408163265,6.414285714285714,-0.5152251571924703,2.540192456012783,2.812419963231019
1.7551020408163265,6.555102040816326,-0.5025676953893253,2.5463722835690272,2.8327773575228523
1.7551020408163265,6.6959183673469385,-0.4903840862834427,2.5523841105337515,2.852048348565717
1.7551020408163265,6.836734693877551,-0.47864530954682355,2.558234709590178,2.8703208256872452
1.7551020408163265,6.977551020408163,-0.46732465543414686,2.563930488442372,2.887673099055968
1.7551020408163265,7.118367346938776,-0.4563975054817604,2.5694775149145155,2.9041752120881035
1.7551020408163265,7.259183673469387,-0.4458411366278699,2.5748815397682976,2.9198900379919204
1.7551020408163265,7.4,-0.435634546219111,2.580148017634208,2.934874201738539
1.7959183673469385,0.5,-0.7675954424060771,1.8789748099555743,3.31111018548681
1.7959183673469385,0.6408163265306123,-0.8642206462225984,1.9200963505007342,3.229281067821693
1.7959183673469385,0.7816326530612245,-0.962943605210111,1.9587828803021112,3.14466467256528
1.7959183673469385,0.9224489795918367,-1.062502155275181,1.9948172585452013,3.056751709432065
1.7959183673469385,1.063265306122449,-1.1607570773999465,2.02827393656416,2.964932816022086
1.7959183673469385,1.2040816326530612,-1.254334438174709,2.059341528988865,2.8684621082664084
1.7959183673469385,1.3448979591836734,-1.338406784062635,2.088241388237861,2.7664062263714317
1.7959183673469385,1.4857142857142858,-1.4069915158748756,2.1151918385985704,2.6575699964724278
1.7959183673469385,1.626530612244898,-1.4541950099679155,2.140393831397338,2.540383296501235
1.7959183673469385,1.76734693877551,-1.4762839640858079,2.1640265284281934,2.412721031123496
1.7959183673469385,1.9081632653061225,-1.4733937236828198,2.1862472820686936,2.271601463765397
1.7959183673469385,2.0489795918367344,-1.449458411106054,2.207193412758073,2.1126479640308693
1.7959183673469385,2.1897959183673468,-1.4104255023490808,2.2269845757291606,1.9290487783355246
1.7959183673469385,2.330612244897959,-1.36221210267452,2.245725155492012,1.7093207526623269
1.7959183673469385,2.4714285714285715,-1.309528012866394,2.2635064698361997,1.4317183084819443
1.7959183673469385,2.6122448979591835,-1.2556235650208256,2.2804086899616127,1.0465364793523446
1.7959183673469385,2.753061224489796,-1.2025228889331607,2.2965024964237144,0.38840556649248675
1.7959183673469385,2.8938775510204082,-1.1513763261126149,2.3118504692943347,-1.8081342756482743
1.7959183673469385,3.03469387755102,-1.1027660093661835,2.32650825808313,0.47844932142527435
1.7959183673469385,3.1755102040816325,-1.05692552111372,2.3405255604156068,1.0293395914399903
1.7959183673469385,3.316326530612245,-1.0138842217086235,2.3539469424693724,1.3511662657467567
1.7959183673469385,3.457142857142857,-0.9735575592294494,2.3668125272000156,1.576297950868931
1.7959183673469385,3.5979591836734692,-0.9358019079815901,2.379158572542166,1.747844957120931
1.7959183673469385,3.7387755102040816,-0.9004471240446263,2.3910179606575963,1.8853422170234133
1.7959183673469385,3.8795918367346935,-0.8673154270951516,2.402420611542041,1.9993134308310652
1.7959183673469385,4.020408163265306,-0.8362320074177971,2.4133938353057522,2.0960798269541536
1.7959183673469385,4.161224489795918,-0.8070306746633158,2.4239626330616333,2.179735761107388
1.7959183673469385,4.302040816326531,-0.7795565678808836,2.434149955315132,2.253084616423965
1.7959183673469385,4.442857142857143,-0.7536671487991532,2.443976924050619,2.318129500436129
1.7959183673469385,4.5836734693877546,-0.729232216769808,2.4534630259171673,2.3763509367713493
1.7959183673469385,4.724489795918367,-0.7061333895679998,2.4626262789473965,2.4288736978905976
1.7959183673469385,4.865306122448979,-0.6842633153282173,2.471483378518488,2.476571979562213
1.7959183673469385,5.006122448979592,-0.6635247726453878,2.480049825391174,2.5201383890177236
1.7959183673469385,5.146938775510204,-0.6438297495281715,2.4883400375874483,2.560130730617054
1.7959183673469385,5.2877551020408164,-0.6250985517478583,2.496367449871263,2.597004644355153
1.7959183673469385,5.428571428571429,-0.6072589674242422,2.504144601126799,2.631136939976339
1.7959183673469385,5.56938775510204,-0.5902454995879253,2.5116832128241273,2.6628426397381633
1.7959183673469385,5.710204081632653,-0.5739986695753077,2.518994258280954,2.69238765857216
1.7959183673469385,5.851020408163265,-0.5584643912406675,2.5260880235982306,2.7199983930276357
1.7959183673469385,5.9918367346938775,-0.5435934107797086,2.532974164396894,2.745869090702996
1.7959183673469385,6.13265306122449,-0.5293408076518981,2.539661755519462,2.7701675803537666
1.7959183673469385,6.273469387755102,-0.5156655502155142,2.5461593359454584,2.793039784625877
1.7959183673469385,6.414285714285714,-0.5025301007198452,2.552474949239261,2.8146133122769053
1.7959183673469385,6.555102040816326,-0.4899000659834927,2.558616181571416,2.8350003485121
1.7959183673469385,6.6959183673469385,-0.47774388394879813,2.564590193346057,2.854299996173047
1.7959183673469385,6.836734693877551,-0.46603254805960065,2.5704037507834316,2.87260019506606
1.7959183673469385,6.977551020408163,-0.4547393602373288,2.576063253221599,2.889979301717441
1.7959183673469385,7.118367346938776,-0.44383971158791913,2.581574758503807,2.9065074024361435
1.7959183673469385,7.259183673469387,-0.4333108866972646,2.5869440061629185,2.9222474101281337
1.7959183673469385,7.4,-0.4231318887050611,2.592176438566855,2.9372559867576222
1.8367346938775508,0.5,-0.7680308212470687,1.8872552655600732,3.311244813533123
1.8367346938775508,0.6408163265306123,-0.8649160373892989,1.9295073722115317,3.229479376850027
1.8367346938775508,0.7816326530612245,-0.9639324106868561,1.9690587311524914,3.144934121782101
1.8367346938775508,0.9224489795918367,-1.0637749156048582,2.0057550006126723,3.057098337562694
1.8367346938775508,1.063265306122449,-1.1622272008744592,2.039718977750611,2.9653616435694037
1.8367346938775508,1.2040816326530612,-1.2557923598738945,2.07117557444983,2.868977525538455
1.8367346938775508,1.3448979591836734,-1.339478398271967,2.100373256495626,2.767012388625722
1.8367346938775508,1.4857142857142858,-1.4071421972625664,2.127550677362176,2.6582712649792173
1.8367346938775508,1.626530612244898,-1.4528310663020458,2.1529241491744857,2.5411847910521987
1.8367346938775508,1.76734693877551,-1.4729457323893307,2.176684547810163,2.4136294102320752
1.8367346938775508,1.9081632653061225,-1.4679239961311847,2.1989982449615453,2.2726261594426216
1.8367346938775508,2.0489795918367344,-1.442017959612569,2.2200095716149937,2.11380336030771
1.8367346938775508,2.1897959183673468,-1.4013681352476768,2.2398436798716794,1.930358506042286
1.8367346938775508,2.330612244897959,-1.3519362077278183,2.258609300000428,1.710827363263615
1.8367346938775508,2.4714285714285715,-1.2983845144642538,2.276401211279832,1.433509383063141
1.8367346938775508,2.6122448979591835,-1.2438847963199473,2.2933023607758742,1.048838405922411
1.8367346938775508,2.753061224489796,-1.1903859729638466,2.3093856686253083,0.3921835281358405
1.8367346938775508,2.8938775510204082,-1.1389786152892392,2.3247155316061394,-1.84108012592038
1.8367346938775508,3.03469387755102,-1.0902013092036673,2.3393490801172856,0.47727240024500667
1.8367346938775508,3.1755102040816325,-1.0442572655347746,2.353337223915601,1.029351332762262
1.8367346938775508,3.316326530612245,-1.0011551146985556,2.3667255250669523,1.3516282721916921
1.8367346938775508,3.457142857142857,-0.9607962909430074,2.3795549272322227,1.5770143191002242
1.8367346938775508,3.5979591836734692,-0.9230277263761218,2.391862366483133,1.7487346459310025
1.8367346938775508,3.7387755102040816,-0.8876729149896495,2.403681286496899,1.8863634315847992
1.8367346938775508,3.8795918367346935,-0.8545497843818682,2.415042072986565,2.000441455285923
1.8367346938775508,4.020408163265306,-0.823480625480697,2.425972422598948,2.0972985854315804
1.8367346938775508,4.161224489795918,-0.7942972888911635,2.4364976576832635,2.1810340303030897
1.8367346938775508,4.302040816326531,-0.7668435914831685,2.4466409954854726,2.254454117265613
1.8367346938775508,4.442857142857143,-0.7409761061020629,2.4564237795243833,2.319563851781688
1.8367346938775508,4.5836734693877546,-0.7165640386629696,2.465865679876323,2.377845042127741
1.8367346938775508,4.724489795918367,-0.6934886154501031,2.4749848665366336,2.430423366202534
1.8367346938775508,4.865306122448979,-0.6716422311560286,2.483798160113263,2.4781736805941956
1.8367346938775508,5.006122448979592,-0.6509275049889885,2.492321164249414,2.5217890891876475
1.8367346938775508,5.146938775510204,-0.6312563294467545,2.500568381053081,2.561827779464309
1.8367346938775508,5.2877551020408164,-0.6125489578774067,2.508553313375255,2.598745694513453
1.8367346938775508,5.428571428571429,-0.5947331543521339,2.516288554898479,2.6329198879082707
1.8367346938775508,5.56938775510204,-0.5777434164097585,2.5237858705128855,2.664665582280049
1.8367346938775508,5.710204081632653,-0.56152027146301,2.531056267409791,2.6942488597261374
1.8367346938775508,5.851020408163265,-0.5460096462029734,2.538110057494489,2.721896258319863
1.8367346938775508,5.9918367346938775,-0.5311623033513586,2.5449569154482514,2.7478021471836462
1.8367346938775508,6.13265306122449,-0.5169333401723145,2.5516059293884954,2.772134460354484
1.8367346938775508,6.273469387755102,-0.5032817428027997,2.558065646643263,2.7950392129772688
1.8367346938775508,6.414285714285714,-0.4901699902924924,2.564344115167343,2.8166440955102634
1.8367346938775508,6.555102040816326,-0.4775637047091449,2.5704489219679143,2.8370613661785975
1.8367346938775508,6.6959183673469385,-0.4654313374223451,2.5763872255502847,2.8563901933438642
1.8367346938775508,6.836734693877551,-0.453743893330134,2.5821657878110083,2.8747185761138727
1.8367346938775508,6.977551020408163,-0.4424746837723068,2.5877910017605714,2.8921249249707306
1.8367346938775508,7.118367346938776,-0.43159910736635393,2.5932689173311907,2.9086793754995717
1.8367346938775508,7.259183673469387,-0.4210944543352093,2.598605264762336,2.9244448859020995
1.8367346938775508,7.4,-0.4109397316131142,2.6038054756025155,2.939478159476949
1.8775510204081631,0.5,-0.7684523496350744,1.8951939403456788,3.311376044737579
1.8775510204081631,0.6408163265306123,-0.8655904768084491,1.9385340251532173,3.2296735493304785
1.8775510204081631,0.7816326530612245,-0.9648924802314119,1.978918825522479,3.145199098216124
1.8775510204081631,0.9224489795918367,-1.0650108408872943,2.016254265714716,3.057440689938924
1.8775510204081631,1.063265306122449,-1.1636523764590179,2.0507094028652983,2.9657870615944644
1.8775510204081631,1.2040816326530612,-1.257197573605254,2.0825438268155896,2.8694912281420475
1.8775510204081631,1.3448979591836734,-1.3404911626320888,2.1120318900983217,2.7676195633369227
1.8775510204081631,1.4857142857142858,-1.4072336298673138,2.1394316546681633,2.6589775822969184
1.8775510204081631,1.626530612244898,-1.4514216471221326,2.164974102801288,2.541997075942416
1.8775510204081631,1.76734693877551,-1.4695991072888186,2.1888613052508985,2.4145566196152823
1.8775510204081631,1.9081632653061225,-1.4625074019200643,2.2112682606105554,2.2736809585731117
1.8775510204081631,2.0489795918367344,-1.434706190810613,2.232346012246549,2.1150049321487634
1.8775510204081631,2.1897959183673468,-1.3925141899151041,2.252224981294033,1.9317381168492074
1.8775510204081631,2.330612244897959,-1.34192717319489,2.2710180688331123,1.7124409199433381
1.8775510204081631,2.4714285714285715,-1.287556297149318,2.288823380470592,1.4354713296993504
1.8775510204081631,2.6122448979591835,-1.2324955809342444,2.305726534597544,1.0514433556453697
1.8775510204081631,2.753061224489796,-1.1786214497307248,2.3218026094993993,0.39668215400426554
1.8775510204081631,2.8938775510204082,-1.1269676153500396,2.3371177554303735,-1.8865666605826878
1.8775510204081631,3.03469387755102,-1.0780315645331489,2.351730534120492,0.4752756264517663
1.8775510204081631,3.1755102040816325,-1.0319879908098388,2.3656930289953064,1.0288922757391894
1.8775510204081631,3.316326530612245,-0.9888261275175424,2.3790517679360774,1.3517393476124406
1.8775510204081631,3.457142857142857,-0.9484343289066711,2.391848492029328,1.5774398411606727
1.8775510204081631,3.5979591836734692,-0.9106507298303184,2.404120797477379,1.749369274969087
1.8775510204081631,3.7387755102040816,-0.8752929052885693,2.4159026756853774,1.887153134341993
1.8775510204081631,3.8795918367346935,-0.842174794416575,2.427224967588807,2.0013545024768664
1.8775510204081631,4.020408163265306,-0.8111159968105037,2.4381157486726535,2.098314518485978
1.8775510204081631,4.161224489795918,-0.7819465462529753,2.448600656754502,2.1821387106488324
1.8775510204081631,4.302040816326531,-0.7545090347358843,2.458703171850749,2.2556372337731814
1.8775510204081631,4.442857142857143,-0.7286592124377079,2.468444856362261,2.3208175540166933
1.8775510204081631,4.5836734693877546,-0.7042657366787537,2.4778455623198563,2.379163139799994
1.8775510204081631,4.724489795918367,-0.6812094722096764,2.4869236108549644,2.4318008341137793
1.8775510204081631,4.865306122448979,-0.6593825799542126,2.4956959478563547,2.479606339553461
1.8775510204081631,5.006122448979592,-0.6386875323156381,2.5041782802649886,2.5232733923602844
1.8775510204081631,5.146938775510204,-0.6190361338953352,2.512385195205917,2.5633606646614315
1.8775510204081631,5.2877551020408164,-0.6003485898040339,2.5203302649603954,2.6003244795455394
1.8775510204081631,5.428571428571429,-0.5825526419634094,2.5280261396189307,2.6345421951599612
1.8775510204081631,5.56938775510204,-0.5655827825375735,2.535484628716566,2.6663292806438013
1.8775510204081631,5.710204081632653,-0.5493795443955553,2.542716774933523,2.6959520211606036
1.8775510204081631,5.851020408163265,-0.5338888655552996,2.5497329186150908,2.723637129133002
1.8775510204081631,5.9918367346938775,-0.5190615233454343,2.556542755096674,2.749579118463908
1.8775510204081631,6.13265306122449,-0.5048526306893695,2.563155387705405,2.773946048543819
1.8775510204081631,6.273469387755102,-0.4912211892566323,2.569579374238755,2.7968840433755227
1.8775510204081631,6.414285714285714,-0.47812969263096594,2.5758227689043083,2.8185208891013454
1.8775510204081631,6.555102040816326,-0.46554377585833506,2.5818931616321446,2.8389689283060986
1.8775510204081631,6.6959183673469385,-0.4534319015754815,2.5877977109081876,2.8583274047346423
1.8775510204081631,6.836734693877551,-0.4417650840207755,2.5935431762382763,2.876684384982397
1.8775510204081631,6.977551020408163,-0.43051664198083345,2.5991359462040515,2.894118340482896
1.8775510204081631,7.118367346938776,-0.41966197969241725,2.604582064627272,2.9106994621412885
1.8775510204081631,7.259183673469387,-0.40917839125175054,2.609887254249387,2.9264907586110946
1.8775510204081631,7.4,-0.39904488588198395,2.6150569379941904,2.941548979412982
1.9183673469387754,0.5,-0.7688606894867168,1.9028118897411375,3.31150399783864
1.9183673469387754,0.6408163265306123,-0.8662449178924918,1.9471999566745493,3.229863689016063
1.9183673469387754,0.7816326530612245,-0.9658250781003923,1.9883887067418131,3.1454596548127283
1.9183673469387754,0.9224489795918367,-1.0662115312287153,2.0263419365992954,3.0577787271574564
1.9183673469387754,1.063265306122449,-1.1650345907121165,2.0612730037394384,2.9662088899077155
1.9183673469387754,1.2040816326530612,-1.2585525541770475,2.093474660458052,2.870002837514026
1.9183673469387754,1.3448979591836734,-1.3414482103857015,2.12324600034254,2.76822710317654
1.9183673469387754,1.4857142857142858,-1.4072697912587195,2.150863635579369,2.659687943647842
1.9183673469387754,1.626530612244898,-1.4499715129319681,2.1765725753824188,2.5428186732650437
1.9183673469387754,1.76734693877551,-1.466248846006342,2.2005856015882426,2.415500551064593
1.9183673469387754,1.9081632653061225,-1.4571470411190839,2.223085974266591,2.2747628994499967
1.9183673469387754,2.0489795918367344,-1.427522735083251,2.2442311712244853,2.116248528804724
1.9183673469387754,2.1897959183673468,-1.383858792043036,2.2641566701791693,1.9331817283730015
1.9183673469387754,2.330612244897959,-1.332175625107126,2.2829793796180615,1.7141528404790192
1.9183673469387754,2.4714285714285715,-1.2770301781587543,2.3008006052195,1.4375908615815811
1.9183673469387754,2.6122448979591835,-1.2214398478303956,2.317708538722876,1.054327987408384
1.9183673469387754,2.753061224489796,-1.1672112265475991,2.333780340320572,0.40184289032078024
1.9183673469387754,2.8938775510204082,-1.115323914078649,2.349083854089232,-1.9458481447919738
1.9183673469387754,3.03469387755102,-1.0662365706730659,2.3636790266367207,0.4725034885021532
1.9183673469387754,3.1755102040816325,-1.0200970779112093,2.3776190786376525,1.0279897881913076
1.9183673469387754,3.316326530612245,-0.9768764915070226,2.39095147534376,1.3515201114680209
1.9183673469387754,3.457142857142857,-0.9364509364402065,2.403718733137213,1.5775915684537059
1.9183673469387754,3.5979591836734692,-0.8986503367161351,2.4159590911840785,1.7497637018245984
1.9183673469387754,3.7387755102040816,-0.8632867504014187,2.4277070753355767,1.8877247047989951
1.9183673469387754,3.8795918367346935,-0.8301704033822858,2.4389939716946354,2.002064893194031
1.9183673469387754,4.020408163265306,-0.7991183921763887,2.4498482269992183,2.09913915421807
1.9183673469387754,4.161224489795918,-0.7699590624857254,2.4602957889199106,2.183060717017483
1.9183673469387754,4.302040816326531,-0.7425338693484381,2.4703603963042444,2.2566443940363143
1.9183673469387754,4.442857142857143,-0.7166978000784008,2.480063827673414,2.321900640753588
1.9183673469387754,4.5836734693877546,-0.6923190038255822,2.489426115333373,2.3803149381237345
1.9183673469387754,4.724489795918367,-0.6692780108547429,2.4984657307330416,2.4330155380831475
1.9183673469387754,4.865306122448979,-0.6474667660311199,2.507199744766756,2.480879162972825
1.9183673469387754,5.006122448979592,-0.6267876062008891,2.5156439679964637,2.5246003085247715
1.9183673469387754,5.146938775510204,-0.6071522549545888,2.5238130732205892,2.5647382265674703
1.9183673469387754,5.2877551020408164,-0.5884808728329096,2.5317207031190496,2.601749692508265
1.9183673469387754,5.428571428571429,-0.5707011812219864,2.539379565202664,2.636012424541039
1.9183673469387754,5.56938775510204,-0.5537476672498151,2.546801515568511,2.667842183012986
1.9183673469387754,5.710204081632653,-0.5375608682968023,2.5539976341052677,2.697505492630001
1.9183673469387754,5.851020408163265,-0.5220867325269118,2.560978290591023,2.7252292656537773
1.9183673469387754,5.9918367346938775,-0.5072760500385526,2.567753202981859,2.7512081845944323
1.9183673469387754,6.13265306122449,-0.4930839474987259,2.5743314916094326,2.775610452947834
1.9183673469387754,6.273469387755102,-0.4794694398063667,2.580721726257543,2.7985823187099514
1.9183673469387754,6.414285714285714,-0.46639503379267083,2.5869319699700797,2.820251677538535
1.9183673469387754,6.555102040816326,-0.4538263746669876,2.592969816593469,2.8407309661428175
1.9183673469387754,6.6959183673469385,-0.44173193463357446,2.5988424266042327,2.860119513086251
1.9183673469387754,6.836734693877551,-0.4300827353674329,2.6045565588565096,2.8785054600857243
1.9183673469387754,6.977551020408163,-0.4188521013287277,2.610118599180327,2.895967346136234
1.9183673469387754,7.118367346938776,-0.40801544068095674,2.6155345869643094,2.9125754230225986
1.9183673469387754,7.259183673469387,-0.3975500498109228,2.6208102390596397,2.928392754667797
1.9183673469387754,7.4,-0.38743493874809354,2.625950971334178,2.9434761409759242
1.9591836734693877,0.5,-0.7692564605625843,1.9101284552127265,3.3116287867924203
1.9591836734693877,0.6408163265306123,-0.8668802560028407,1.955526877776027,3.2300498983702988
1.9591836734693877,0.7816326530612245,-0.9667313938941182,1.997491817147627,3.1457158494680826
1.9591836734693877,0.9224489795918367,-1.067378493856778,2.036042678650504,3.058112423965203
1.9591836734693877,1.063265306122449,-1.1663757152893308,2.0714352772533675,2.9666269750078675
1.9591836734693877,1.2040816326530612,-1.259859631442502,2.1039941065171144,2.8705120181624832
1.9591836734693877,1.3448979591836734,-1.3423524845630144,2.1340419303587588,2.7688344250370225
1.9591836734693877,1.4857142857142858,-1.4072543966321491,2.1618731089417627,2.6604014354646703
1.9591836734693877,1.626530612244898,-1.448485054521794,2.1877460780251883,2.5436482308421278
1.9591836734693877,1.76734693877551,-1.4628992216961652,2.211883879197314,2.4164592669864415
1.9591836734693877,1.9081632653061225,-1.451845497902667,2.2344776927793326,2.275869250083266
1.9591836734693877,2.0489795918367344,-1.4204668453248521,2.255691171462883,2.1175303093001974
1.9591836734693877,2.1897959183673468,-1.3753969915186113,2.2756646509405707,1.9346838813202023
1.9591836734693877,2.330612244897959,-1.3226724916250334,2.2945188941933603,1.7159551355476914
1.9591836734693877,2.4714285714285715,-1.2667936403232394,2.3123582887348975,1.439855563240277
1.9591836734693877,2.6122448979591835,-1.210702490403079,2.3292735077078617,1.057470365919807
1.9591836734693877,2.753061224489796,-1.1561383961761234,2.345343721497977,0.4076100048061073
1.9591836734693877,2.8938775510204082,-1.1040294360210077,2.36063841192083,-2.021003939708311
1.9591836734693877,3.03469387755102,-1.0547975550026634,2.3752188666390297,0.46899561627837316
1.9591836734693877,3.1755102040816325,-1.0085653936271415,2.3891394090452853,1.0266688241016473
1.9591836734693877,3.316326530612245,-0.9652869475603771,2.40244841485585,1.3509894983809565
1.9591836734693877,3.457142857142857,-0.9248268894539365,2.415189154632209,1.57748521571984
1.9591836734693877,3.5979591836734692,-0.8870074667729491,2.42740049413667,1.749931650337961
1.9591836734693877,3.7387755102040816,-0.8516355864001798,2.439117480961066,1.8880905212239845
1.9591836734693877,3.8795918367346935,-0.8185180109235627,2.450371836548667,2.0025840396179193
1.9591836734693877,4.020408163265306,-0.7874695047280386,2.461192371588988,2.0997831807457112
1.9591836734693877,4.161224489795918,-0.7583168421505166,2.471605338115736,2.183810176819372
1.9591836734693877,4.302040816326531,-0.7309004209457266,2.4816347298100525,2.2574852800190497
1.9591836734693877,4.442857142857143,-0.7050745197039552,2.4913025385677505,2.3228224328065465
1.9591836734693877,4.5836734693877546,-0.6807068159816771,2.500628975173184,2.3813094601812463
1.9591836734693877,4.724489795918367,-0.6576775299842017,2.5096326603975774,2.4340762522118573
1.9591836734693877,4.865306122448979,-0.6358784064813946,2.5183307897514964,2.482000714283167
1.9591836734693877,5.006122448979592,-0.6152116569385256,2.5267392775088595,2.525778221019809
1.9591836734693877,5.146938775510204,-0.5955889300301443,2.534872882660521,2.565968693191299
1.9591836734693877,5.2877551020408164,-0.5769303450583905,2.542745319086249,2.6030294264872205
1.9591836734693877,5.428571428571429,-0.5591636043267852,2.5503693527312628,2.6373385515755086
1.9591836734693877,5.56938775510204,-0.5422231900154931,2.557756887421871,2.669212161306415
1.9591836734693877,5.710204081632653,-0.5260496434562235,2.564919041754863,2.698917052885136
1.9591836734693877,5.851020408163265,-0.5105889215549881,2.5718662162550054,2.7266803645599174
1.9591836734693877,5.9918367346938775,-0.49579182563857477,2.578608153087617,2.7526969689271272
1.9591836734693877,6.13265306122449,-0.4816134943463049,2.5851539911390478,2.7771352310851904
1.9591836734693877,6.273469387755102,-0.46801295422059386,2.591512313987692,2.8001415378943615
1.9591836734693877,6.414285714285714,-0.4549527226476107,2.5976911944328647,2.8218439053175466
1.9591836734693877,6.555102040816326,-0.44239845397631367,2.603698232528061,2.842354875494489
1.9591836734693877,6.6959183673469385,-0.43031862791675823,2.6095405921203674,2.8617738698254622
1.9591836734693877,6.836734693877551,-0.4186842718902846,2.6152250329357214,2.8801891124002514
1.9591836734693877,6.977551020408163,-0.40746871441959903,2.620757939616971,2.8976792158349305
1.9591836734693877,7.118367346938776,-0.39664736606934115,2.6261453485972748,2.914314498055951
1.9591836734693877,7.259183673469387,-0.38619752410360003,2.6313929723254175,2.9301580827231715
1.9591836734693877,7.4,-0.3760981980256156,2.636506221035779,2.945266823996244
2.0,0.5,-0.7696402439192138,1.9171614359858715,3.3117505209158007
2.0,0.6408163265306123,-0.8674973328825142,1.9635347600970607,3.230232278301338
2.0,0.7816326530612245,-0.9676125480847694,2.006249713557545,3.14596774410104
2.0,0.9224489795918367,-1.0685131498960752,2.0453791689733585,3.058441767449259
2.0,1.063265306122449,-1.1676775151335579,2.0812196629071686,2.96704118711177
2.0,1.2040816326530612,-1.2611210006745976,2.1141260968556184,2.87101847333299
2.0,1.3448979591836734,-1.3432067514264838,2.1444439012538585,2.769441003843095
2.0,1.4857142857142858,-1.4071909173993447,2.17248443403042,2.66111722701438
2.0,1.626530612244898,-1.4469663214250874,2.198518995951648,2.544484511200912
2.0,1.76734693877551,-1.4595540676825691,2.222780466177627,2.4174309858109924
2.0,1.9081632653061225,-1.4466049003739028,2.2454676261785997,2.276997489208595
2.0,2.0489795918367344,-1.4135374586266607,2.2667500605881528,2.1188467178898835
2.0,2.1897959183673468,-1.3671238051793708,2.2867727770344666,1.9362395073778316
2.0,2.330612244897959,-1.3134090111629453,2.3056602496815213,1.7178403660429276
2.0,2.4714285714285715,-1.2568348006492085,2.3235198368161627,1.4422538345578322
2.0,2.6122448979591835,-1.2002692992856767,2.340444606539083,1.0608498938657718
2.0,2.753061224489796,-1.1453871418769415,2.3565156719684435,0.4139306348510223
2.0,2.8938775510204082,-1.0930673274534204,2.3718040997909373,-2.1153325087733466
2.0,3.03469387755102,-1.0436970484049592,2.38637247709975,0.46478733358389607
2.0,3.1755102040816325,-0.9973751542418358,2.400276197536986,1.0249521783538087
2.0,3.316326530612245,-0.9540396060309873,2.4135645215939157,1.3501649273785907
2.0,3.457142857142857,-0.9135443352777808,2.4262814539211055,1.577135290748288
2.0,3.5979591836734692,-0.8757044007909689,2.4384664711926223,1.7498858180645847
2.0,3.7387755102040816,-0.8403218917047798,2.450155130508079,1.8882620534473264
2.0,3.8795918367346935,-0.8072003350208278,2.4613795793255258,2.00292252887914
2.0,4.020408163265306,-0.7761523183836948,2.4721689850248483,2.100256522510342
2.0,4.161224489795918,-0.7470031509204245,2.4825498986393226,2.1843965008676665
2.0,4.302040816326531,-0.7195922454395318,2.492546564755226,2.258168894244363
2.0,4.442857142857143,-0.6937732209602115,2.5021811858256675,2.3235916015583227
2.0,4.5836734693877546,-0.6694133165990082,2.5114741492933597,2.382155104234591
2.0,4.724489795918367,-0.6463924646062712,2.520444224090008,2.4349911463655016
2.0,4.865306122448979,-0.6246022240993001,2.5291087298157438,2.4829789700603913
2.0,5.006122448979592,-0.603944690373977,2.53748368446281,2.5268149412524803
2.0,5.146938775510204,-0.5843314426373414,2.5455839334874337,2.5670597334615852
2.0,5.2877551020408164,-0.5656825619440181,2.5534232625554254,2.6041712265800365
2.0,5.428571428571429,-0.5479257327608577,2.5610144970286948,2.638528012942503
2.0,5.56938775510204,-0.5309954324795533,2.5683695894504113,2.6704465569077955
2.0,5.710204081632653,-0.5148322056484582,2.575499698224569,2.7001939587685473
2.0,5.851020408163265,-0.49938201677940763,2.5824152559317883,2.727997607525574
2.0,5.9918367346938775,-0.48459567696590344,2.5891260302898793,2.7540525859105123
2.0,6.13265306122449,-0.47042833520412486,2.595641180156257,2.778527437072407
2.0,6.273469387755102,-0.45683902797036213,2.601969304310954,2.801568700274739
2.0,6.414285714285714,-0.44379028151580835,2.6081184867385794,2.8233045230409326
2.0,6.555102040816326,-0.43124775765853696,2.61409633512847,2.8438475623865664
2.0,6.6959183673469385,-0.4191799419848406,2.619910018170361,2.8632973403982303
2.0,6.836734693877551,-0.40755786613651723,2.625566297837255,2.8817421703339483
2.0,6.977551020408163,-0.3963548612412153,2.6310715589898828,2.8992607441155243
2.0,7.118367346938776,-0.38554633890153295,2.636431836475761,2.915923450686191
2.0,7.259183673469387,-0.3751095959813894,2.6416528396695047,2.9317934776469823
2.0,7.4,-0.36502364025811,2.646739974479664,2.9469277370013627
