sigma,Lp,Obj_mass,Obj_concentration,Obj_retentate_concentration
0.0,0.5,-0.7950483301895016,0.6407762724558167,2.93168649247889
0.0,0.6408163265306123,-0.9107493375511049,0.6403015960251797,2.8409685430940415
0.0,0.7816326530612245,-1.0316376312517974,0.6541670616033702,2.740011482597305
0.0,0.9224489795918367,-1.1500594842021827,0.6713458973441249,2.6265617056583843
0.0,1.063265306122449,-1.2499015025236884,0.6876772679531351,2.4975881907312094
0.0,1.2040816326530612,-1.3066231040188352,0.70179360482218,2.349085424639326
0.0,1.3448979591836734,-1.2999472248587507,0.7134109774781636,2.1761490375359203
0.0,1.4857142857142858,-1.2325418276975697,0.7226440499304768,1.9747104066793073
0.0,1.626530612244898,-1.1272148257567405,0.7297342843279916,1.751034077276332
0.0,1.76734693877551,-1.0073294497773408,0.7349436619667119,1.557313515664034
0.0,1.9081632653061225,-0.8870723127244063,0.7385155908595585,1.5246974868025325
0.0,2.0489795918367344,-0.7728399399448374,0.7406629598044817,1.6858742727894933
0.0,2.1897959183673468,-0.666774625710149,0.7415670222523588,1.9094714437970652
0.0,2.330612244897959,-0.5690970376344232,0.7413802382518672,2.118775536449317
0.0,2.4714285714285715,-0.479269284035633,0.7402302441689979,2.299501009796234
0.0,2.6122448979591835,-0.3965145059450394,0.7382238043156563,2.454359662516486
0.0,2.753061224489796,-0.3200338735607317,0.7354503334793582,2.5883581123962873
0.0,2.8938775510204082,-0.24908932781320664,0.7319848908602462,2.7058215514260064
0.0,3.03469387755102,-0.18302862839195572,0.7278906616512851,2.8100773499331706
0.0,3.1755102040816325,-0.12128660602861387,0.7232209887205924,2.90363180721685
0.0,3.316326530612245,-0.06337745169019864,0.7180210342373906,2.988382498251059
0.0,3.457142857142857,-0.008884424654661006,0.7123291307789424,3.0657853534312163
0.0,3.5979591836734692,0.04255038491527722,0.7061778856699639,3.136974798858111
0.0,3.7387755102040816,0.09123525822531467,0.6995950752985667,3.2028483875183094
0.0,3.8795918367346935,0.1374367525242889,0.6926043948043383,3.264126554494553
0.0,4.020408163265306,0.18138634277884672,0.685226060640031,3.3213952639939928
0.0,4.161224489795918,0.2232859433852358,0.6774773159856988,3.375136875450847
0.0,4.302040816326531,0.263312478960415,0.6693728496871312,3.4257528146660006
0.0,4.442857142857143,0.30162166525342254,0.6609251458653144,3.473580470076744
0.0,4.5836734693877546,0.3383511411370934,0.6521447774902489,3.5189059614658604
0.0,4.724489795918367,0.37362307011309587,0.6430406540997687,3.561973916372161
0.0,4.865306122448979,0.4075463087343704,0.6336202312899574,3.602995047106118
0.0,5.006122448979592,0.4402182211661078,0.6238896913357406,3.642152090186093
0.0,5.146938775510204,0.47172620397558107,0.6138540961249668,3.6796045108879922
0.0,5.2877551020408164,0.5021489729052246,0.6035175226037467,3.715492266466586
0.0,5.428571428571429,0.531557653437858,0.5928831772702304,3.749938843106223
0.0,5.56938775510204,0.5600167089881156,0.5819535006133849,3.783053727972396
0.0,5.710204081632653,0.5875847341740282,0.5707302587329836,3.814934436777367
0.0,5.851020408163265,0.6143151355179108,0.5592146278765244,3.845668189095758
0.0,5.9918367346938775,0.6402567178361751,0.5474072688856507,3.8753333017267764
0.0,6.13265306122449,0.6654541912932106,0.5353083975456532,3.9040003551473346
0.0,6.273469387755102,0.68994861144942,0.5229178581802425,3.9317331761742493
0.0,6.414285714285714,0.7137777624958817,0.5102351857272924,3.9585896694551845
0.0,6.555102040816326,0.7369764921344458,0.497259673601857,3.984622525610114
0.0,6.6959183673469385,0.7595770051510761,0.4839904397694743,4.009879826802402
0.0,6.836734693877551,0.7816091215769204,0.4704264970312546,4.034405567244256
0.0,6.977551020408163,0.8031005043857588,0.4565668263594494,4.058240102410586
0.0,7.118367346938776,0.8240768608978858,0.44241045837755305,4.081420538530501
0.0,7.259183673469387,0.8445621214164957,0.42795654837775876,4.1039810707117335
0.0,7.4,0.8645785980889499,0.41320448726042003,4.125953279735645
0.02040816326530612,0.5,-0.7934163145808103,0.6392890600744132,2.9328443010857455
0.02040816326530612,0.6408163265306123,-0.9081855172176302,0.6374115899241086,2.8428911816160247
0.02040816326530612,0.7816326530612245,-1.0281874855793054,0.6500029326994822,2.742992676503089
0.02040816326530612,0.9224489795918367,-1.146380428518814,0.6660484808254332,2.630993685671121
0.02040816326530612,1.063265306122449,-1.2478642972233822,0.681353715190425,2.5040012892939965
0.02040816326530612,1.2040816326530612,-1.3094178216376515,0.6945177067523878,2.358189093003302
0.02040816326530612,1.3448979591836734,-1.3103513393143447,0.7052318536615536,2.1888122305273914
0.02040816326530612,1.4857142857142858,-1.250654832344293,0.7135938999606143,1.9915599081406066
0.02040816326530612,1.626530612244898,-1.1510084909858234,0.7198338759898459,1.7702297463977241
0.02040816326530612,1.76734693877551,-1.0346383642986519,0.724206052692488,1.5670481493303956
0.02040816326530612,1.9081632653061225,-0.9164525869128557,0.726948570135095,1.5044772046504433
0.02040816326530612,2.0489795918367344,-0.8034990422524071,0.7282706903339525,1.6431819474903098
0.02040816326530612,2.1897959183673468,-0.6983187838943095,0.7283511477012117,1.8625820376562847
0.02040816326530612,2.330612244897959,-0.6013470096477309,0.7273406524764517,2.073952103278281
0.02040816326530612,2.4714285714285715,-0.5121558161573981,0.7253656334364532,2.2575322128806525
0.02040816326530612,2.6122448979591835,-0.4300234471824703,0.7225320335243389,2.4148076830742418
0.02040816326530612,2.753061224489796,-0.3541779859971825,0.7189287384334516,2.5506526689186697
0.02040816326530612,2.8938775510204082,-0.28389385367627024,0.7146304939569503,2.6694782688434406
0.02040816326530612,3.03469387755102,-0.21852390368282298,0.7097003394734502,2.7747176737262023
0.02040816326530612,3.1755102040816325,-0.15750430865410692,0.7041916117064723,2.8689643267086855
0.02040816326530612,3.316326530612245,-0.10034874239574602,0.6981495753514445,2.954181622464215
0.02040816326530612,3.457142857142857,-0.04663908059208702,0.6916127550321333,3.0318742347711978
0.02040816326530612,3.5979591836734692,0.003984316868898496,0.6846140536120707,3.103212757341291
0.02040816326530612,3.7387755102040816,0.051831537919852864,0.6771816113995873,3.1691218490507165
0.02040816326530612,3.8795918367346935,0.09717088799198814,0.6693395382083954,3.2303425193896196
0.02040816326530612,4.020408163265306,0.1402354698441721,0.6611085597211012,3.2874765614351364
0.02040816326530612,4.161224489795918,0.18122868076166568,0.6525064893211332,3.3410186740180574
0.02040816326530612,4.302040816326531,0.2203287799205179,0.6435486551266564,3.3913800233933644
0.02040816326530612,4.442857142857143,0.2576926759326781,0.6342482511725978,3.4389057775474337
0.02040816326530612,4.5836734693877546,0.2934590701435857,0.6246166336486855,3.4838883376836183
0.02040816326530612,4.724489795918367,0.32775107110596,0.6146635719139381,3.526577454506356
0.02040816326530612,4.865306122448979,0.360678376044039,0.6043974629603013,3.5671880580342927
0.02040816326530612,5.006122448979592,0.392339097733122,0.5938255158317567,3.605906387103613
0.02040816326530612,5.146938775510204,0.42282130052999717,0.582953911731992,3.6428948387648736
0.02040816326530612,5.2877551020408164,0.45220429719546684,0.5717879439721827,3.678295842646781
0.02040816326530612,5.428571428571429,0.48055974832291865,0.5603321420479819,3.7122349846144957
0.02040816326530612,5.56938775510204,0.5079525983093471,0.5485903826501541,3.7448235465226003
0.02040816326530612,5.710204081632653,0.5344418753929402,0.5365659903592654,3.7761605874584765
0.02040816326530612,5.851020408163265,0.5600813782456078,0.5242618307364113,3.8063346618061034
0.02040816326530612,5.9918367346938775,0.5849202674770414,0.5116803972546278,3.8354252471783568
0.02040816326530612,6.13265306122449,0.609003577127975,0.49882389409104944,3.863503938808551
0.02040816326530612,6.273469387755102,0.6323726585726263,0.4856943161117422,3.890635454605861
0.02040816326530612,6.414285714285714,0.6550655671170235,0.4722935307416741,3.91687848560814
0.02040816326530612,6.555102040816326,0.6771173997842976,0.4586233557068394,3.94228641937959
0.02040816326530612,6.6959183673469385,0.698560591437273,0.44468564210320355,3.96690795846318
0.02040816326530612,6.836734693877551,0.7194251751610623,0.43048235998678264,3.9907876515302996
0.02040816326530612,6.977551020408163,0.7397390119032125,0.41601568800591154,4.01396635153434
0.02040816326530612,7.118367346938776,0.7595279935796465,0.40128810990032715,4.036481612624061
0.02040816326530612,7.259183673469387,0.7788162232053084,0.3863025188865245,4.058368035331838
0.02040816326530612,7.4,0.7976261750711933,0.3710623290564067,4.079657567799685
0.04081632653061224,0.5,-0.7917937328219014,0.6378244382005351,2.9339952516372265
0.04081632653061224,0.6408163265306123,-0.9056348409339494,0.6345451245839099,2.8447991577656317
0.04081632653061224,0.7816326530612245,-1.0247379284123264,0.6458565664346922,2.74594546057185
0.04081632653061224,0.9224489795918367,-1.1426321764834757,0.6607589856499528,2.635374034758129
0.04081632653061224,1.063265306122449,-1.2455647000741465,0.6750257481453621,2.5103250731548243
0.04081632653061224,1.2040816326530612,-1.3116448533049707,0.6872232295499848,2.3671465471733617
0.04081632653061224,1.3448979591836734,-1.3200038202224393,0.6970183957868494,2.2012612948631958
0.04081632653061224,1.4857142857142858,-1.268144938113494,0.7044921086888267,2.0082067488663093
0.04081632653061224,1.626530612244898,-1.1744719587619605,0.7098629510857861,1.7897948940213237
0.04081632653061224,1.76734693877551,-1.0618732141423266,0.7133774112524897,1.5795538845266053
0.04081632653061224,1.9081632653061225,-0.9459200421071338,0.7152682894432301,1.4887048812566275
0.04081632653061224,2.0489795918367344,-0.8343291287798456,0.7157411444310843,1.6017691064120718
0.04081632653061224,2.1897959183673468,-0.7300680995863326,0.7149721197702834,1.814997050105418
0.04081632653061224,2.330612244897959,-0.633806700814779,0.7131101047686115,2.028049876496255
0.04081632653061224,2.4714285714285715,-0.5452390342614781,0.7102802457509826,2.2145554951353574
0.04081632653061224,2.6122448979591835,-0.46370524054289386,0.7065876014941513,2.3743972543525227
0.04081632653061224,2.753061224489796,-0.3884640802720715,0.7021204573184555,2.5122306907841963
0.04081632653061224,2.8938775510204082,-0.31880452000380183,0.6969531773913885,2.6325385868429647
0.04081632653061224,3.03469387755102,-0.2540856231472753,0.6911485891242606,2.738861740039156
0.04081632653061224,3.1755102040816325,-0.19374548582915715,0.6847599497414159,2.83388514044503
0.04081632653061224,3.316326530612245,-0.1372975415630183,0.6778325579288501,2.9196420097339577
0.04081632653061224,3.457142857142857,-0.08432238333135662,0.6704050721093059,2.997688890842258
0.04081632653061224,3.5979591836734692,-0.034458640320515724,0.6625105906127103,3.069234886918075
0.04081632653061224,3.7387755102040816,0.012605642876617237,0.6541775380390779,3.1352335044882236
0.04081632653061224,3.8795918367346935,0.05714061608042675,0.6454303953096143,3.196447633845549
0.04081632653061224,4.020408163265306,0.09938112519847313,0.6362903035933198,3.2534958885917256
0.04081632653061224,4.161224489795918,0.13953217730569106,0.6267755674254433,3.3068860715256654
0.04081632653061224,4.302040816326531,0.1777734989592491,0.6169020741363772,3.3570396884427574
0.04081632653061224,4.442857142857143,0.2142633273080032,0.606683650735532,3.404310164364868
0.04081632653061224,4.5836734693877546,0.24914156225598424,0.5961323489775799,3.4489965676938685
0.04081632653061224,4.724489795918367,0.28253239353883086,0.5852587218377672,3.491354090437344
0.04081632653061224,4.865306122448979,0.31454649404862267,0.5740720286804782,3.531602145793343
0.04081632653061224,5.006122448979592,0.3452828587816559,0.5625804289972607,3.5699307000479252
0.04081632653061224,5.146938775510204,0.3748303519223924,0.5507911498049644,3.6065052755819815
0.04081632653061224,5.2877551020408164,0.40326901360913814,0.5387106329682059,3.6414709432003
0.04081632653061224,5.428571428571429,0.43067116820609513,0.5263446678604908,3.6749555373353084
0.04081632653061224,5.56938775510204,0.45710236802164933,0.5136985110230614,3.707072267481831
0.04081632653061224,5.710204081632653,0.48262220017163543,0.5007770012474247,3.7379218561427265
0.04081632653061224,5.851020408163265,0.5072849790513214,0.4875846608232922,3.7675943020137215
0.04081632653061224,5.9918367346938775,0.5311403429779206,0.47412579613812905,3.7961703441589534
0.04081632653061224,6.13265306122449,0.5542337701507322,0.4604045965497852,3.823722685822508
0.04081632653061224,6.273469387755102,0.5766070264152158,0.4464252287275897,3.850317023273404
0.04081632653061224,6.414285714285714,0.5982985552073529,0.4321919342021176,3.8760129158987295
0.04081632653061224,6.555102040816326,0.6193438182699266,0.41770912719371545,3.900864525735631
0.04081632653061224,6.6959183673469385,0.6397755943053289,0.40298149666248956,3.9249212493155166
0.04081632653061224,6.836734693877551,0.6596242415645767,0.3880141128650778,3.948228259978899
0.04081632653061224,6.977551020408163,0.6789179294096815,0.37281254076301,3.970826975478851
0.04081632653061224,7.118367346938776,0.6976828431086074,0.3573829583610668,3.9927554626675255
0.04081632653061224,7.259183673469387,0.7159433654155724,0.3417322873608673,4.014048789420656
0.04081632653061224,7.4,0.7337222380235843,0.32586832119433146,4.034739330854839
0.061224489795918366,0.5,-0.7901805621992164,0.6363825247795564,2.9351393946067366
0.061224489795918366,0.6408163265306123,-0.9030975074227393,0.6317026329183307,2.8466926139668995
0.061224489795918366,0.7816326530612245,-1.0212904751640624,0.6417286721785068,2.7488701839206326
0.061224489795918366,0.9224489795918367,-1.1388208697870823,0.6554783362676183,2.6397035207546367
0.061224489795918366,1.063265306122449,-1.2430177381010523,0.6686944296172381,2.5165610423187736
0.061224489795918366,1.2040816326530612,-1.3133194114669056,0.6799113225345705,2.375960096406522
0.061224489795918366,1.3448979591836734,-1.328891865734634,0.6887717919106945,2.2134967561539134
0.061224489795918366,1.4857142857142858,-1.2849681428939017,0.6953398709703169,2.024630615819133
0.061224489795918366,1.626530612244898,-1.197558784085581,0.699822658891981,1.8095947894472912
0.061224489795918366,1.76734693877551,-1.0890034326944373,0.7024588019420429,1.5944626491571623
0.061224489795918366,1.9081632653061225,-0.9754611907004571,0.703475687260551,1.4776575210198482
0.061224489795918366,2.0489795918367344,-0.8653291928483106,0.7030750951650022,1.5621877162454438
0.061224489795918366,2.1897959183673468,-0.7620296341389217,0.7014305055758532,1.766851324734929
0.061224489795918366,2.330612244897959,-0.6664882528245059,0.6986889163816227,1.981040247672977
0.061224489795918366,2.4714285714285715,-0.578534376681624,0.6949741289416421,2.170510187632911
0.061224489795918366,2.6122448979591835,-0.49757763774400116,0.6903902510799206,2.333068888065918
0.061224489795918366,2.753061224489796,-0.42291173679115346,0.6850249082141561,2.4730399689593066
0.061224489795918366,2.8938775510204082,-0.3538425604693135,0.6789520257068632,2.594957316207647
0.061224489795918366,3.03469387755102,-0.28973669553374365,0.6722341630647385,2.7024699187091503
0.061224489795918366,3.1755102040816325,-0.2300348753213707,0.6649244477916681,2.7983587297527897
0.061224489795918366,3.316326530612245,-0.17425066461272204,0.6570681629097004,2.884731046725672
0.061224489795918366,3.457142857142857,-0.12196354829785014,0.6487040486225527,2.963198642877397
0.061224489795918366,3.5979591836734692,-0.07281048483108944,0.639865372191325,3.0350116544504298
0.061224489795918366,3.7387755102040816,-0.026477645471038515,0.6305808073711575,3.1011543102740573
0.061224489795918366,3.8795918367346935,0.017307007395288645,0.6208751607704056,3.1624127797713175
0.061224489795918366,4.020408163265306,0.058780127724514165,0.6107699746255387,3.2194235515358467
0.061224489795918366,4.161224489795918,0.09814840805373247,0.6002840302239185,3.2727083380689796
0.061224489795918366,4.302040816326531,0.1355931228131014,0.5894337698072589,3.322699609151453
0.061224489795918366,4.442857142857143,0.17127391903570832,0.5782336538560287,3.369759537154456
0.061224489795918366,4.5836734693877546,0.20533197617578805,0.5666964650190267,3.4141942500435913
0.061224489795918366,4.724489795918367,0.23789264288406256,0.5548335680727402,3.4562646965185975
0.061224489795918366,4.865306122448979,0.26906764268589006,0.542655148689788,3.496195031616286
0.061224489795918366,5.006122448979592,0.298956923622598,0.5301703862688815,3.534179162191293
0.061224489795918366,5.146938775510204,0.32765021687422896,0.5173876625870113,3.570385914939334
0.061224489795918366,5.2877551020408164,0.3552283529844104,0.5043146913435004,3.604963153010114
0.061224489795918366,5.428571428571429,0.3817643798845714,0.4909587203544181,3.638041088150868
0.061224489795918366,5.56938775510204,0.4073245119788649,0.4773265550760736,3.6697349683257303
0.061224489795918366,5.710204081632653,0.4319689466168144,0.4634248109999467,3.7001472755382903
0.061224489795918366,5.851020408163265,0.4557525610278397,0.449259962986624,3.7293695362310966
0.061224489795918366,5.9918367346938775,0.4787255144932012,0.43483848341132086,3.757483824164858
0.061224489795918366,6.13265306122449,0.5009337688628629,0.420166969426453,3.784564016013398
0.061224489795918366,6.273469387755102,0.5224195402135499,0.40525224811019067,3.8106768437789147
0.061224489795918366,6.414285714285714,0.5432216922282733,0.39010150512771946,3.8358827862171725
0.061224489795918366,6.555102040816326,0.5633760798922779,0.37472241105426013,3.8602368253878483
0.061224489795918366,6.6959183673469385,0.5829158507483211,0.359123243644175,3.8837890915895277
0.061224489795918366,6.836734693877551,0.6018717097624974,0.3433130488642153,3.9065854198963104
0.061224489795918366,6.977551020408163,0.6202721528897881,0.3273017660044666,3.928667825152772
0.061224489795918366,7.118367346938776,0.638143673576976,0.3111003870300491,3.9500749156977366
0.061224489795918366,7.259183673469387,0.655510945903832,0.29472112302050746,3.9708422520917375
0.061224489795918366,7.4,0.6723969869901408,0.2781775814404129,3.991002659984098
0.08163265306122448,0.5,-0.788576778513049,0.6349634263225686,2.9362767801433742
0.08163265306122448,0.6408163265306123,-0.9005737007402332,0.6288845307341948,2.8485716911366854
0.08163265306122448,0.7816326530612245,-1.017846558177145,0.6376199533978897,2.751767190714762
0.08163265306122448,0.9224489795918367,-1.1349523735417768,0.6502074656655085,2.643982899533801
0.08163265306122448,1.063265306122449,-1.2402382100540263,0.6623608483852894,2.522710679631215
0.08163265306122448,1.2040816326530612,-1.3144582881114408,0.6725831746484281,2.3846320913512096
0.08163265306122448,1.3448979591836734,-1.3370062043938529,0.6804932755275583,2.2255197356623904
0.08163265306122448,1.4857142857142858,-1.3010811115964995,0.6861384232274537,2.040815360454322
0.08163265306122448,1.626530612244898,-1.220219386829373,0.6897142007199,1.8295142032693108
0.08163265306122448,1.76734693877551,-1.1159945239462017,0.6914513508305185,1.611403777346474
0.08163265306122448,1.9081632653061225,-1.0050596022139628,0.6915717753263892,1.4714687736416878
0.08163265306122448,2.0489795918367344,-0.8964964991634785,0.6902734032284815,1.5250715331068356
0.08163265306122448,2.1897959183673468,-0.7942096316172277,0.6877269793670108,1.7183376584219237
0.08163265306122448,2.330612244897959,-0.699403562814265,0.6840775442380098,1.9329062550455325
0.08163265306122448,2.4714285714285715,-0.6120573540740895,0.6794474916000744,2.1253339704729406
0.08163265306122448,2.6122448979591835,-0.5316586033966961,0.6739399228942436,2.290758992332729
0.08163265306122448,2.753061224489796,-0.4575407676823125,0.6676417539035778,2.4330243600432633
0.08163265306122448,2.8938775510204082,-0.38902937048030756,0.6606264265258429,2.556686003927367
0.08163265306122448,3.03469387755102,-0.32550005053781456,0.6529561944670451,2.665499987064934
0.08163265306122448,3.1755102040816325,-0.26639703217201804,0.6446840279823768,2.7623475596760922
0.08163265306122448,3.316326530612245,-0.2112344794678778,0.6358551729076369,2.8494145894985703
0.08163265306122448,3.457142857142857,-0.1595910145000307,0.6265084355975052,2.9283716999320832
0.08163265306122448,3.5979591836734692,-0.1111020408862616,0.6166772538066572,3.000512790537239
0.08163265306122448,3.7387755102040816,-0.06545189759958786,0.6063905628405429,3.0668548388799213
0.08163265306122448,3.8795918367346935,-0.02236665744077655,0.5956735225592764,3.1282088002346495
0.08163265306122448,4.020408163265306,0.0183921671384055,0.5845481213792099,3.18523016864009
0.08163265306122448,4.161224489795918,0.05703299194099437,0.5730336826193172,3.2384554244708883
0.08163265306122448,4.302040816326531,0.093738682383137,0.5611472920133419,3.2883286613445377
0.08163265306122448,4.442857142857143,0.12867033972028588,0.5489041622086763,3.3352213130640833
0.08163265306122448,4.5836734693877546,0.16197046552808753,0.5363179473644405,3.3794469717076963
0.08163265306122448,4.724489795918367,0.19376560745117108,0.523401015326078,3.4212726658474706
0.08163265306122448,4.865306122448979,0.22416857536889134,0.5101646855455862,3.4609275516666127
0.08163265306122448,5.006122448979592,0.2532803027639537,0.4966194441098493,3.498609689131716
0.08163265306122448,5.146938775510204,0.2811914151397993,0.48277513981860193,3.534491382318259
0.08163265306122448,5.2877551020408164,0.30798355670695227,0.46864116226039726,3.5687234300738515
0.08163265306122448,5.428571428571429,0.3337305159177771,0.4542266045206251,3.6014385405983274
0.08163265306122448,5.56938775510204,0.35849918495074845,0.4395404224897263,3.632754099646099
0.08163265306122448,5.710204081632653,0.3823503812513178,0.4245915913649114,3.66277443191132
0.08163265306122448,5.851020408163265,0.40533954989558973,0.40938925123486686,3.6915926622048936
0.08163265306122448,5.9918367346938775,0.42751737334749035,0.3939428670560402,3.719292259070518
0.08163265306122448,6.13265306122449,0.4489302951921708,0.3782623721007489,3.7459483210640605
0.08163265306122448,6.273469387755102,0.46962097620861,0.3623583221223247,3.7716286581477285
0.08163265306122448,6.414285714285714,0.48962869153109917,0.3462420796977768,3.7963947035860355
0.08163265306122448,6.555102040816326,0.5089896758145371,0.3299259159516913,3.8203022885120443
0.08163265306122448,6.6959183673469385,0.5277374307281804,0.31342328296869987,3.8434023028329007
0.08163265306122448,6.836734693877551,0.5459029903053011,0.2967489571290559,3.8657412617502964
0.08163265306122448,6.977551020408163,0.5635151555161971,0.2799191872503182,3.8873617927835875
0.08163265306122448,7.118367346938776,0.5806007041680313,0.26295195715916625,3.9083030582076383
0.08163265306122448,7.259183673469387,0.5971845750885579,0.245867159602852,3.9286011209556064
0.08163265306122448,7.4,0.6132900327215308,0.22868684594933475,3.94828926371751
0.1020408163265306,0.5,-0.7869823561798748,0.6335672519310613,2.9374074578627276
0.1020408163265306,0.6408163265306123,-0.8980635909410903,0.626091232648858,2.850436528519229
0.1020408163265306,0.7816326530612245,-1.0144075300732869,0.6335311249155698,2.7546368203261586
0.1020408163265306,0.9224489795918367,-1.131032280798918,0.6449473171123408,2.6482129152167215
0.1020408163265306,1.063265306122449,-1.2372406312328694,0.6560261372814039,2.528775449579641
0.1020408163265306,1.2040816326530612,-1.3150796645778642,0.6652399983456715,2.393164912470759
0.1020408163265306,1.3448979591836734,-1.344341256374968,0.6721841247315873,2.237331855861176
0.1020408163265306,1.4857142857142858,-1.3164417575526042,0.6768890564368776,2.0567484106721214
0.1020408163265306,1.626530612244898,-1.2424012228532424,0.6795388419272996,1.8494556571922862
0.1020408163265306,1.76734693877551,-1.1428077881308614,0.6803562620353258,1.6300192633324313
0.1020408163265306,1.9081632653061225,-1.0346955372757718,0.679557660023329,1.470114675096161
0.1020408163265306,2.0489795918367344,-0.9278263044316818,0.6773370409579837,1.4911190383417094
0.1020408163265306,2.1897959183673468,-0.8266133533823131,0.6738623470876383,1.6697223243907329
0.1020408163265306,2.330612244897959,-0.7325642099230032,0.6692765979042957,1.8836480516775336
0.1020408163265306,2.4714285714285715,-0.6458235408911644,0.6637007299936689,2.078963794263006
0.1020408163265306,2.6122448979591835,-0.5659663516401766,0.6572367882500592,2.2473996597689054
0.1020408163265306,2.753061224489796,-0.492371286681353,0.6499709420762786,2.3921233748400597
0.1020408163265306,2.8938775510204082,-0.42438660433447173,0.6419761242371108,2.517672541112624
0.1020408163265306,3.03469387755102,-0.361398761048753,0.6333142699103734,2.627906794829673
0.1020408163265306,3.1755102040816325,-0.3028564785608739,0.6240381846784234,2.7258117956562495
0.1020408163265306,3.316326530612245,-0.24827508929204886,0.6141930895815545,2.8136567182275027
0.1020408163265306,3.457142857142857,-0.19723266839145775,0.6038178961788799,2.8931749382771
0.1020408163265306,3.5979591836734692,-0.14936323334034768,0.5929462606444912,2.9657070807226735
0.1020408163265306,3.7387755102040816,-0.1043493735112427,0.5816074538828094,3.0323050714146844
0.1020408163265306,3.8795918367346935,-0.0619153057077735,0.5698270916285172,3.0938062836070856
0.1020408163265306,4.020408163265306,-0.021820715432496487,0.5576277200552526,3.150886436029596
0.1020408163265306,4.161224489795918,0.016144546891612863,0.5450293909057313,3.2040976990094308
0.1020408163265306,4.302040816326531,0.05216495374108085,0.5320500471614633,3.2538964944561153
0.1020408163265306,4.442857142857143,0.08640307870366205,0.5187059062684178,3.300664062313342
0.1020408163265306,4.5836734693877546,0.11900276268214666,0.5050118010375175,3.3447218856522425
0.1020408163265306,4.724489795918367,0.15009176722157128,0.4909814765212668,3.3863434096236373
0.1020408163265306,4.865306122448979,0.1797840002378499,0.4766278373183543,3.42576306055788
0.1020408163265306,5.006122448979592,0.20818138797295715,0.46196319246047934,3.4631832671663827
0.1020408163265306,5.146938775510204,0.23537545386593578,0.4469994782897735,3.4987799861464333
0.1020408163265306,5.2877551020408164,0.2614486547134111,0.43174845925045047,3.5327070936769447
0.1020408163265306,5.428571428571429,0.28647551555188566,0.416221933475508,3.565099910671343
0.1020408163265306,5.56938775510204,0.31052359716516487,0.40043193603732996,3.5960780565681594
0.1020408163265306,5.710204081632653,0.3336543237515555,0.38439091978243467,3.6257477773346802
0.1020408163265306,5.851020408163265,0.35592369399755214,0.36811195974364336,3.6542038608215837
0.1020408163265306,5.9918367346938775,0.3773828936898252,0.3516089445612915,3.6815312221365866
0.1020408163265306,6.13265306122449,0.39807882573837805,0.3348967864248823,3.707806225681947
0.1020408163265306,6.273469387755102,0.41805457045024635,0.31799162210034615,3.73309779348397
0.1020408163265306,6.414285714285714,0.437349786940992,0.30091106682564256,3.757468342862275
0.1020408163265306,6.555102040816326,0.45600106128070383,0.2836743615154632,3.7809745743654095
0.1020408163265306,6.6959183673469385,0.47404221585343664,0.26630270524861127,3.8036681542493023
0.1020408163265306,6.836734693877551,0.49150457793345087,0.24881944116579136,3.8255962905859944
0.1020408163265306,6.977551020408163,0.5084172180011259,0.23125031978296126,3.8468022324849023
0.1020408163265306,7.118367346938776,0.5248071599740046,0.2136237569478177,3.867325700998651
0.1020408163265306,7.259183673469387,0.5406995688247869,0.19597108585096415,3.887203264194299
0.1020408163265306,7.4,0.5561179149037406,0.17832681073288034,3.9064686608041934
0.12244897959183673,0.5,-0.7853972682568612,0.6321941004338371,2.938531477047378
0.12244897959183673,0.6408163265306123,-0.8955673346292182,0.6233231458772339,2.852287263853736
0.12244897959183673,0.7816326530612245,-1.0109746670272155,0.6294629070326233,2.75747940733382
0.12244897959183673,0.9224489795918367,-1.1270659178998588,0.6396988466781498,2.652394300406742
0.12244897959183673,1.063265306122449,-1.2340391858851736,0.649691363167644,2.534756797671918
0.12244897959183673,1.2040816326530612,-1.315202913775616,0.6578830371283613,2.401560958434938
0.12244897959183673,1.3448979591836734,-1.350895233330564,0.66384565215296,2.2489351617825264
0.12244897959183673,1.4857142857142858,-1.3310098584570411,0.6675931148590336,2.072420252476877
0.12244897959183673,1.626530612244898,-1.2640490461068907,0.6692979226423773,1.8693375496179188
0.12244897959183673,1.76734693877551,-1.1694000677756873,0.6691748266819287,1.6499748200891902
0.12244897959183673,1.9081632653061225,-1.0643455490119942,0.6674345464050117,1.4734161518689004
0.12244897959183673,2.0489795918367344,-0.95931153603768,0.6642670959002018,1.4610612749781164
0.12244897959183673,2.1897959183673468,-0.8592448799044603,0.6598375493476033,1.6213626173308109
0.12244897959183673,2.330612244897959,-0.7659813601922902,0.6542868521921403,1.833290340467976
0.12244897959183673,2.4714285714285715,-0.6798485540558022,0.6477344370672764,2.031337312819719
0.12244897959183673,2.6122448979591835,-0.600519376198083,0.6402812573155422,2.2029185274376943
0.12244897959183673,2.753061224489796,-0.5274237750407842,0.6320127212013129,2.3502717392889076
0.12244897959183673,2.8938775510204082,-0.45993626873105165,0.6230012462378023,2.477860729653774
0.12244897959183673,3.03469387755102,-0.39745616259834604,0.6133084598890159,2.589641892295982
0.12244897959183673,3.1755102040816325,-0.3394378486775267,0.6029870408830298,2.6887089916581015
0.12244897959183673,3.316326530612245,-0.2853985056664079,0.592082242067069,2.77741947097851
0.12244897959183673,3.457142857142857,-0.2349160515613837,0.580633160299727,2.8575736663817817
0.12244897959183673,3.5979591836734692,-0.18762333860198868,0.5686737887627584,2.930562148849094
0.12244897959183673,3.7387755102040816,-0.14320132873772634,0.5562338895929793,2.9974741882073332
0.12244897959183673,3.8795918367346935,-0.10137244641334055,0.5433397287991198,3.05917535025912
0.12244897959183673,4.020408163265306,-0.061894579070013944,0.5300146996978337,3.116362902982448
0.12244897959183673,4.161224489795918,-0.02455585887632042,0.5162798525619244,3.169605702351795
0.12244897959183673,4.302040816326531,0.010829789851863563,0.5021543469245998,3.219373257105533
0.12244897959183673,4.442857142857143,0.04442641292607066,0.4876558564968292,3.2660571975074664
0.12244897959183673,4.5836734693877546,0.07637919115969863,0.4728009420922204,3.309987351588979
0.12244897959183673,4.724489795918367,0.10681709853170424,0.45760534520968593,3.3514439377381247
0.12244897959183673,4.865306122448979,0.1358551370563381,0.44208430107382257,3.3906669355419656
0.12244897959183673,5.006122448979592,0.16359621869677324,0.42625281263704595,3.4278633683634716
0.12244897959183673,5.146938775510204,0.19013275418709857,0.4101259125916612,3.4632130261535616
0.12244897959183673,5.2877551020408164,0.215547998231533,0.3937189237228234,3.496873009014509
0.12244897959183673,5.428571428571429,0.2399171951831377,0.3770477124826677,3.528981369585076
0.12244897959183673,5.56938775510204,0.26330855424514976,0.3601289371126239,3.559660057282454
0.12244897959183673,5.710204081632653,0.28578408349653756,0.34298031609951496,3.5890173178469427
0.12244897959183673,5.851020408163265,0.30740030783074346,0.32562087564580533,3.6171496647966612
0.12244897959183673,5.9918367346938775,0.3282088878827303,0.30807122714900004,3.6441435114945198
0.12244897959183673,6.13265306122449,0.34825715507146604,0.29035384330067887,3.670076529393936
0.12244897959183673,6.273469387755102,0.36758857631717734,0.27249334215863563,3.6950187862408654
0.12244897959183673,6.414285714285714,0.38624315882410826,0.2545167806729596,3.719033705791659
0.12244897959183673,6.555102040816326,0.40425780374617637,0.2364539548414536,3.742178881179073
0.12244897959183673,6.6959183673469385,0.4216666164594039,0.21833770302910174,3.7645067683423643
0.12244897959183673,6.836734693877551,0.4385011792094424,0.20020420107254455,3.7860652785113738
0.12244897959183673,6.977551020408163,0.4547907914868982,0.18209325296516174,3.806898288676376
0.12244897959183673,7.118367346938776,0.47056268318210537,0.164048576289063,3.8270460828512234
0.12244897959183673,7.259183673469387,0.48584220265087336,0.14611803099166693,3.846545733181485
0.12244897959183673,7.4,0.5006529845081557,0.12835382225967734,3.86543143249656
0.14285714285714285,0.5,-0.7838214865212528,0.6308440671230731,2.939648886543059
0.14285714285714285,0.6408163265306123,-0.8930850755782814,0.6205806757093199,2.854124033270753
0.14285714285714285,0.7816326530612245,-1.0075491719428986,0.6254160080564037,2.7602952816899475
0.14285714285714285,0.9224489795918367,-1.123058350548704,0.6344630260595399,2.656527776010616
0.14285714285714285,1.063265306122449,-1.2306476850705537,0.6433577347725269,2.5406561498488816
0.14285714285714285,1.2040816326530612,-1.3148483993866602,0.6505135719732197,2.409822638279784
0.14285714285714285,1.3448979591836734,-1.3566701751742987,0.655479208114787,2.2603320484720673
0.14285714285714285,1.4857142857142858,-1.3447476945857162,0.6582519798396931,2.087823975182219
0.14285714285714285,1.626530612244898,-1.285105275933233,0.6589928091937127,1.8890922886869599
0.14285714285714285,1.76734693877551,-1.1957235325694924,0.657908371301451,1.6709668998758234
0.14285714285714285,1.9081632653061225,-1.093982058619023,0.6552036926685946,1.4810577431425458
0.14285714285714285,2.0489795918367344,-0.9909424290718654,0.6510647277063456,1.4356135610952456
0.14285714285714285,2.1897959183673468,-0.8921068786810578,0.6456536281668452,1.5737251239330394
0.14285714285714285,2.330612244897959,-0.7996656505876315,0.6391092156269309,1.7818923574670815
0.14285714285714285,2.4714285714285715,-0.7141480226317083,0.6315493810641194,1.982395028446668
0.14285714285714285,2.6122448979591835,-0.6353364753634085,0.6230739833985671,2.1572387479123534
0.14285714285714285,2.753061224489796,-0.5627191462388133,0.6137676557059583,2.3073989216529682
0.14285714285714285,2.8938775510204082,-0.4957008170615532,0.6037023293717718,2.4371897903535187
0.14285714285714285,3.03469387755102,-0.43369597043919295,0.5929393776338335,2.550653107461521
0.14285714285714285,3.1755102040816325,-0.3761660282766694,0.5815314316862933,2.6509937382189825
0.14285714285714285,3.316326530612245,-0.32263081247025194,0.5695238967201842,2.740662547772454
0.14285714285714285,3.457142857142857,-0.27266855179092553,0.5569562132660476,2.821531368521877
0.14285714285714285,3.5979591836734692,-0.2259112074019834,0.5438629170313792,2.895044226847132
0.14285714285714285,3.7387755102040816,-0.18203827531613073,0.5302745133972288,2.9623303526525495
0.14285714285714285,3.8795918367346935,-0.14077047943440876,0.5162182511812796,3.024285443966031
0.14285714285714285,4.020408163265306,-0.10186396292350351,0.5017187560185205,3.0816297594546542
0.14285714285714285,4.161224489795918,-0.06510516968979302,0.48679857531402143,3.1349499226684534
0.14285714285714285,4.302040816326531,-0.030306439797781404,0.4714786886332089,3.1847293517280324
0.14285714285714285,4.442857142857143,0.002697731547935553,0.45577893241787826,3.2313706977075025
0.14285714285714285,4.5836734693877546,0.03405385330404002,0.439718407270561,3.275212620675136
0.14285714285714285,4.724489795918367,0.06389210015251891,0.4233158469581152,3.316542495188154
0.14285714285714285,4.865306122448979,0.0923285546894103,0.406589967355172,3.355606155548339
0.14285714285714285,5.006122448979592,0.11946709853884613,0.3895598113091511,3.392615459518964
0.14285714285714285,5.146938775510204,0.14540101135142666,0.37224507978322124,3.4277542227607842
0.14285714285714285,5.2877551020408164,0.1702143262939664,0.354666458715568,3.461182924386045
0.14285714285714285,5.428571428571429,0.19398298308752462,0.3368459531819067,3.493042472823115
0.14285714285714285,5.56938775510204,0.21677581197079554,0.3188072257791672,3.523457247057295
0.14285714285714285,5.710204081632653,0.23865537642548754,0.3005759459837933,3.5525375736704645
0.14285714285714285,5.851020408163265,0.25967869767229296,0.2821801431265477,3.5803817586532563
0.14285714285714285,5.9918367346938775,0.2798978789542253,0.26365056741023796,3.6070777664445286
0.14285714285714285,6.13265306122449,0.29936064608673835,0.24502105471354937,3.632704617168454
0.14285714285714285,6.273469387755102,0.31811081790526763,0.226328914168291,3.657333558723608
0.14285714285714285,6.414285714285714,0.3361887142365506,0.20761527514775266,3.6810290493469617
0.14285714285714285,6.555102040816326,0.3536315134596785,0.18892545986257794,3.703849592805599
0.14285714285714285,6.6959183673469385,0.37047356636026757,0.170309296350962,3.7258484503817892
0.14285714285714285,6.836734693877551,0.3867466708033181,0.1518214060088939,3.7470742460940523
0.14285714285714285,6.977551020408163,0.40248031811989876,0.133521492294599,3.767571493815793
0.14285714285714285,7.118367346938776,0.41770190491322307,0.11547444263558317,3.787381043647178
0.14285714285714285,7.259183673469387,0.43243692490293795,0.09775040565560301,3.806540474600938
0.14285714285714285,7.4,0.44670913804924484,0.08042468820553668,3.825084432935058
0.16326530612244897,0.5,-0.7822549815227742,0.6295172423226153,2.9407597347912198
0.16326530612244897,0.6408163265306123,-0.8906169452753097,0.6178642224345067,2.8559469713787697
0.16326530612244897,0.7816326530612245,-1.0041321775120127,0.6213911462955789,2.763084768701258
0.16326530612244897,0.9224489795918367,-1.119014390400759,0.629240823689942,2.6606140516553762
0.16326530612244897,1.063265306122449,-1.2270795331334898,0.637026407205631,2.546474911368448
0.16326530612244897,1.2040816326530612,-1.3140372755818845,0.6431329198466276,2.4179523625424935
0.16326530612244897,1.3448979591836734,-1.3616719190340947,0.647086204155777,2.2715252009488824
0.16326530612244897,1.4857142857142858,-1.3576206850142065,0.6488671157029093,2.102954879033701
0.16326530612244897,1.626530612244898,-1.305510468327041,0.6486249874589053,1.908664495932701
0.16326530612244897,1.76734693877551,-1.2217255053990488,0.6465583611612715,1.6927262345332106
0.16326530612244897,1.9081632653061225,-1.1235728938461855,0.6428665075021248,1.492618573935299
0.16326530612244897,2.0489795918367344,-1.0227061022636923,0.6377312651318401,1.415414080539012
0.16326530612244897,2.1897959183673468,-0.9252003188928563,0.6313118111370661,1.5274021150379156
0.16326530612244897,2.330612244897959,-0.8336270342535437,0.6237448055951793,1.729561148685838
0.16326530612244897,2.4714285714285715,-0.7487375278121717,0.6151465769445675,1.9320834878963833
0.16326530612244897,2.6122448979591835,-0.6704367640913507,0.6056158915657802,2.110279155823559
0.16326530612244897,2.753061224489796,-0.5982788045745441,0.5952366540015731,2.26342864830766
0.16326530612244897,2.8938775510204082,-0.5317032403916511,0.5840803661894877,2.39559382407977
0.16326530612244897,3.03469387755102,-0.47014239654110185,0.5722082432842802,2.5108840765355125
0.16326530612244897,3.1755102040816325,-0.41306629424887337,0.5596730078587201,2.6126172725250303
0.16326530612244897,3.316326530612245,-0.3599983286720126,0.5465204032366792,2.7033429845735584
0.16326530612244897,3.457142857142857,-0.3105175935660546,0.5327904648538866,2.7850094258144376
0.16326530612244897,3.5979591836734692,-0.2642554908732687,0.5185185922310889,2.859117906815261
0.16326530612244897,3.7387755102040816,-0.22089024634421478,0.5037364527080482,2.9268404858011725
0.16326530612244897,3.8795918367346935,-0.1801410054193532,0.48847276565690323,2.9891051143524945
0.16326530612244897,4.020408163265306,-0.14176224158266182,0.47275398403001767,3.0466566187094553
0.16326530612244897,4.161224489795918,-0.10553875606192978,0.4566048978752788,3.100100572957366
0.16326530612244897,4.302040816326531,-0.07128133565669292,0.44004917707573216,3.1499351975874297
0.16326530612244897,4.442857142857143,-0.03882303973486442,0.4231098632892504,3.196574848818522
0.16326530612244897,4.5836734693877546,-0.008016050390941424,0.4058098510912202,3.24036754823534
0.16326530612244897,4.724489795918367,0.02127098952809991,0.38817233184312466,3.2816082399245707
0.16326530612244897,4.865306122448979,0.04915522430510219,0.3702212204547189,3.3205489376466346
0.16326530612244897,5.006122448979592,0.07574148512014665,0.35198159335797075,3.3574065909671784
0.16326530612244897,5.146938775510204,0.10112389830106332,0.33348012287116857,3.392369246736467
0.16326530612244897,5.2877551020408164,0.12538724976500754,0.3147455007387792,3.425600927585579
0.16326530612244897,5.428571428571429,0.14860814930038058,0.295808915196768,3.4572455306938807
0.16326530612244897,5.56938775510204,0.1708560211181436,0.2767044769604542,3.487429973698969
0.16326530612244897,5.710204081632653,0.19219395463702052,0.25746968751314026,3.51626675065625
0.16326530612244897,5.851020408163265,0.21267943596970307,0.23814591798952617,3.5438560297207338
0.16326530612244897,5.9918367346938775,0.2323649788925507,0.21877886231302582,3.570287383446771
0.16326530612244897,6.13265306122449,0.2512986711039716,0.1994189881110769,3.595641227425703
0.16326530612244897,6.273469387755102,0.2695246485659858,0.180121963845303,3.6199900239912486
0.16326530612244897,6.414285714285714,0.2870835090365485,0.16094903899109267,3.6433992949003553
0.16326530612244897,6.555102040816326,0.30401267353573974,0.14196736053389852,3.6659284787377517
0.16326530612244897,6.6959183673469385,0.3203467034121054,0.12325018296875212,3.687631659432815
0.16326530612244897,6.836734693877551,0.3361175791568702,0.10487695514051514,3.708558189597552
0.16326530612244897,6.977551020408163,0.3513549464611336,0.08693324038385523,3.728753225958958
0.16326530612244897,7.118367346938776,0.3660863335514704,0.06951042767002846,3.7482581902932663
0.16326530612244897,7.259183673469387,0.3803373450591876,0.052705207875597196,3.767111172520005
0.16326530612244897,7.4,0.3941318326614467,0.03661873018034537,3.785347274857332
0.18367346938775508,0.5,-0.7806977226425618,0.6282137116642699,2.9418640698189154
0.18367346938775508,0.6408163265306123,-0.8881630634204031,0.6151741802929678,2.857756211326812
0.18367346938775508,0.7816326530612245,-1.0007247494054512,0.6173890432668444,2.765848188907173
0.18367346938775508,0.9224489795918367,-1.114938601970782,0.6240332237055084,2.664653825671333
0.18367346938775508,1.063265306122449,-1.2233476990221788,0.6306985637458499,2.5522144669607765
0.18367346938775508,1.2040816326530612,-1.3127912920634444,0.6357424013834656,2.425952537872783
0.18367346938775508,1.3448979591836734,-1.3659100076831014,0.6386680718389491,2.2825175407373273
0.18367346938775508,1.4857142857142858,-1.3695980137671409,0.6394400162063476,2.1178101308739743
0.18367346938775508,1.626530612244898,-1.325203915426403,0.6381959695367821,1.9280093478632108
0.18367346938775508,1.76734693877551,-1.2473483741090936,0.6351262954321252,1.7150186752800174
0.18367346938775508,1.9081632653061225,-1.1530808240030201,0.6304244529224723,1.5076095704903592
0.18367346938775508,2.0489795918367344,-1.0545860968491954,0.6242681046097996,1.4009574502985225
0.18367346938775508,2.1897959183673468,-0.9585241538759465,0.6168134076285436,1.4831215441438392
0.18367346938775508,2.330612244897959,-0.8678746108798528,0.6081948503561522,1.6764688458220665
0.18367346938775508,2.4714285714285715,-0.7836325443751588,0.5985272100248966,1.8803598930268899
0.18367346938775508,2.6122448979591835,-0.705839684433763,0.5879081802454598,2.06195471702692
0.18367346938775508,2.753061224489796,-0.6341247039982568,0.5764209975052681,2.2182784098702646
0.18367346938775508,2.8938775510204082,-0.5679671601142078,0.5641368439950818,2.353001204681983
0.18367346938775508,3.03469387755102,-0.5068202670272587,0.5511169309347532,2.4702737066849916
0.18367346938775508,3.1755102040816325,-0.4501644526046759,0.537414295485315,2.57352703463579
0.18367346938775508,3.316326530612245,-0.39752776447308324,0.5230753146757338,2.665414791234743
0.18367346938775508,3.457142857142857,-0.34849081076713445,0.5081409887318484,2.7479668152782866
0.18367346938775508,3.5979591836734692,-0.30268482767757615,0.4926480462321469,2.822745884748159
0.18367346938775508,3.7387755102040816,-0.25978701261867115,0.4766298938341978,2.8909700328623114
0.18367346938775508,3.8795918367346935,-0.2195150796065654,0.4601174482416571,2.953601799033783
0.18367346938775508,4.020408163265306,-0.18162192546827632,0.4431398610569873,3.0114123076548993
0.18367346938775508,4.161224489795918,-0.14589076990408387,0.42572521351637127,3.065027376908412
0.18367346938775508,4.302040816326531,-0.11213088630818224,0.40790115082055206,3.114961008899756
0.18367346938775508,4.442857142857143,-0.0801739288830751,0.38969543814373636,3.161640010833997
0.18367346938775508,4.5836734693877546,-0.04987079586375304,0.3711365510338893,3.2054223421400554
0.18367346938775508,4.724489795918367,-0.02108897026661942,0.35225423037913695,3.2466109628482864
0.18367346938775508,4.865306122448979,0.006289731868895385,0.3330800435586291,3.285464419009149
0.18367346938775508,5.006122448979592,0.03237106866853689,0.31364795523476446,3.32220503183552
0.18367346938775508,5.146938775510204,0.05724998966328541,0.2939948857200517,3.357025302158884
0.18367346938775508,5.2877551020408164,0.08101201023623796,0.27416130971391117,3.390092974834788
0.18367346938775508,5.428571428571429,0.10373438277586113,0.2541918383249701,3.4215550800260903
0.18367346938775508,5.56938775510204,0.1254870977760378,0.23413580798967953,3.4515411887471816
0.18367346938775508,5.710204081632653,0.14633374214851963,0.2140478749427054,3.480166057746209
0.18367346938775508,5.851020408163265,0.16633223768380145,0.19398856963921476,3.507531793950597
0.18367346938775508,5.9918367346938775,0.18553547846682858,0.17402481675623868,3.533729640086713
0.18367346938775508,6.13265306122449,0.20399188285569153,0.1542303800924046,3.5588414571238727
0.18367346938775508,6.273469387755102,0.2217458731308699,0.13468620915029872,3.5829409646200494
0.18367346938775508,6.414285714285714,0.23883829365633227,0.11548061857390715,3.6060947806059054
0.18367346938775508,6.555102040816326,0.25530677647933187,0.09670929079846892,3.628363303014795
0.18367346938775508,6.6959183673469385,0.2711860618600466,0.07847501413028231,3.649801458806746
0.18367346938775508,6.836734693877551,0.2865082806638468,0.060887125712559935,3.6704593445733247
0.18367346938775508,6.977551020408163,0.3013032038255786,0.04406058316315443,3.690382775657658
0.18367346938775508,7.118367346938776,0.3155984606794653,0.02811459568947615,3.7096137539886183
0.18367346938775508,7.259183673469387,0.32941973666441177,0.013170902370758462,3.7281908856461663
0.18367346938775508,7.4,0.3427909435230003,-0.0006484893935298027,3.7461497291856793
0.2040816326530612,0.5,-0.7791496781430863,0.6269335554781539,2.942961939262483
0.2040816326530612,0.6408163265306123,-0.8857235385132262,0.6125109396654377,2.859551884682139
0.2040816326530612,0.7816326530612245,-0.9973278889988295,0.6134104121549228,2.7685858584984784
0.2040816326530612,0.9224489795918367,-1.1108353105854691,0.6188412324828428,2.668647784497626
0.2040816326530612,1.063265306122449,-1.219464694012823,0.6243754224215045,2.5578761795148743
0.2040816326530612,1.2040816326530612,-1.3111326041444578,0.628343403002452,2.433825558685886
0.2040816326530612,1.3448979591836734,-1.3693975318857305,0.6302262979292008,2.293312180329981
0.2040816326530612,1.4857142857142858,-1.3806532118502086,0.6299722350646053,2.1323884683380485
0.2040816326530612,1.626530612244898,-1.3441243546708381,0.6277073466492857,1.9470910616991386
0.2040816326530612,1.76734693877551,-1.2725295836452226,0.6236137710016987,1.7376440883387503
0.2040816326530612,1.9081632653061225,-1.1824630694185871,0.617879099003718,1.5255107310487472
0.2040816326530612,2.0489795918367344,-1.0865618395577965,0.6106767735544466,1.392535792922989
0.2040816326530612,2.1897959183673468,-0.9920749223098763,0.6021599124070809,1.4417441543557787
0.2040816326530612,2.330612244897959,-0.9024163838446839,0.5924608149737709,1.6228746874899909
0.2040816326530612,2.4714285714285715,-0.8188483291109256,0.581692730805326,1.8271988004106328
0.2040816326530612,2.6122448979591835,-0.7415649898484352,0.5699523506937165,2.0121774395838283
0.2040816326530612,2.753061224489796,-0.6702793958842088,0.5573223564857117,2.171858993540945
0.2040816326530612,2.8938775510204082,-0.6045169173311858,0.5438737712937146,2.309333909338632
0.2040816326530612,3.03469387755102,-0.5437551401506304,0.5296680448912601,2.4287555745196063
0.2040816326530612,3.1755102040816325,-0.4874869784623278,0.5147588362945844,2.5336661675651526
0.2040816326530612,3.316326530612245,-0.43524638149460165,0.49919357059811553,2.6268285358098904
0.2040816326530612,3.457142857142857,-0.38661622970597803,0.4830147400782517,2.710359759341809
0.2040816326530612,3.5979591836734692,-0.34122805629978553,0.466261061859447,2.7858886565290106
0.2040816326530612,3.7387755102040816,-0.2987583162583139,0.4489684976340447,2.854682698391219
0.2040816326530612,3.8795918367346935,-0.25892347089449963,0.4311711638503384,2.9177415820279764
0.2040816326530612,4.020408163265306,-0.2214749521214401,0.41290216447937333,2.9758646377825477
0.2040816326530612,4.161224489795918,-0.1861944708628779,0.3941943641884911,3.029699351511578
0.2040816326530612,4.302040816326531,-0.1528898400272671,0.37508113910743085,3.079776577061432
0.2040816326530612,4.442857142857143,-0.12139134461396053,0.35559709832477054,3.1265363900406995
0.2040816326530612,4.5836734693877546,-0.09154862783040615,0.3357788008144774,3.170347316593415
0.2040816326530612,4.724489795918367,-0.06322803812573904,0.3156654805736176,3.211520823625413
0.2040816326530612,4.865306122448979,-0.036310375236556336,0.2952997750525925,3.2503223733220974
0.2040816326530612,5.006122448979592,-0.010688977027397838,0.27472847384638627,3.2869799612469732
0.2040816326530612,5.146938775510204,0.013731905887275832,0.2540032696796507,3.3216907848805732
0.2040816326530612,5.2877551020408164,0.037038493519569844,0.2331815082577653,3.354626505379499
0.2040816326530612,5.428571428571429,0.05930865674631639,0.21232693457458635,3.385937442766765
0.2040816326530612,5.56938775510204,0.08061292678443892,0.1915104017149525,3.415755949422475
0.2040816326530612,5.710204081632653,0.10101536133998433,0.17081051694114185,3.44419914678982
0.2040816326530612,5.851020408163265,0.12057429114821984,0.15031419785883843,3.4713711660169024
0.2040816326530612,5.9918367346938775,0.13934296348116093,0.13011706538897314,3.4973649907273727
0.2040816326530612,6.13265306122449,0.1573700972405837,0.11032358777116152,3.5222639781859124
0.2040816326530612,6.273469387755102,0.17470037499273638,0.09104705858099633,3.5461431533589938
0.2040816326530612,6.414285714285714,0.19137485990298114,0.07240907601533884,3.569070268256849
0.2040816326530612,6.555102040816326,0.2074313672931649,0.0545386702588427,3.5911067124873437
0.2040816326530612,6.6959183673469385,0.22290478848266967,0.03757088458560546,3.6123082797909976
0.2040816326530612,6.836734693877551,0.2378273778498642,0.021644839476633888,3.632725829637511
0.2040816326530612,6.977551020408163,0.2522290035529899,0.006901172178121734,3.6524058481492285
0.2040816326530612,7.118367346938776,0.26613737093582446,-0.006521077877594375,3.671390933570849
0.2040816326530612,7.259183673469387,0.279578220144573,-0.018488070087442507,3.689720216618376
0.2040816326530612,7.4,0.29257550217348305,-0.028875129509322833,3.7074297250502726
0.22448979591836732,0.5,-0.7776108152228538,0.6256768491413618,2.9440533903579604
0.22448979591836732,0.6408163265306123,-0.8832984683055676,0.6098748853350456,2.861334121556835
0.22448979591836732,0.7816326530612245,-0.9939425360601193,0.6094559679878266,2.7712980895054873
0.22448979591836732,0.9224489795918367,-1.1067086094386742,0.6136658395541158,2.67259660428862
0.22448979591836732,1.063265306122449,-1.2154425548667953,0.618058212004649,2.5634613905295085
0.22448979591836732,1.2040816326530612,-1.3090835956459685,0.6209373277948833,2.441573803865956
0.22448979591836732,1.3448979591836734,-1.3721509210804788,0.6217624139859264,2.3039123826190973
0.22448979591836732,1.4857142857142858,-1.390764681959054,0.620465390057493,2.1466899434388647
0.22448979591836732,1.626530612244898,-1.3622107961804555,0.6171607826870914,1.965881549482895
0.22448979591836732,1.76734693877551,-1.2972017521751744,0.6120224659040034,1.760434012062624
0.22448979591836732,1.9081632653061225,-1.2116708239793934,0.6052321174785339,1.5458035927000517
0.22448979591836732,2.0489795918367344,-1.118608058159213,0.5969589286000893,1.390200858044128
0.22448979591836732,2.1897959183673468,-1.025846305809144,0.5873529462639943,1.4042395259499951
0.22448979591836732,2.330612244897959,-0.9372590031240912,0.5765443104355341,1.5691518725496316
0.22448979591836732,2.4714285714285715,-0.8543998056550615,0.5646447992617672,1.7726016129336717
0.22448979591836732,2.6122448979591835,-0.7776327291974021,0.5517501998964041,1.9608579469079361
0.22448979591836732,2.753061224489796,-0.7067660797965792,0.5379428001749013,2.1240740720787445
0.22448979591836732,2.8938775510204082,-0.6413776689304087,0.5232937181885813,2.2645067711185103
0.22448979591836732,3.03469387755102,-0.5809734328419812,0.5078649662395364,2.3862572256655934
0.22448979591836732,3.1755102040816325,-0.5250611618199627,0.49171127189321895,2.492972940624545
0.22448979591836732,3.316326530612245,-0.4731821541535829,0.47488165842318497,2.587530881969838
0.22448979591836732,3.457142857142857,-0.42492244282770836,0.45742082802223377,2.672141349197702
0.22448979591836732,3.5979591836734692,-0.37991440030224194,0.4393703979153888,2.7485042047655477
0.22448979591836732,3.7387755102040816,-0.33783407493667394,0.4207700180242779,2.8179401754631654
0.22448979591836732,3.8795918367346935,-0.29839688602049913,0.40165839324224567,2.8814889560244974
0.22448979591836732,4.020408163265306,-0.2613529359394115,0.38207425254480604,2.9399801874302605
0.22448979591836732,4.161224489795918,-0.2264825150679475,0.36205728018033073,2.9940845918956724
0.22448979591836732,4.302040816326531,-0.19359203391704968,0.3416490333975814,3.044351056278087
0.22448979591836732,4.442857142857143,-0.16251045118131183,0.3208938566870684,3.091233822138149
0.22448979591836732,4.5836734693877546,-0.13308618767404623,0.2998398084804314,3.1351126721748455
0.22448979591836732,4.724489795918367,-0.10518448400251161,0.27853961057223336,3.176308115250825
0.22448979591836732,4.865306122448979,-0.07868514714937751,0.25705159773348135,3.2150929517081073
0.22448979591836732,5.006122448979592,-0.05348063473856075,0.23544065538911188,3.251701182401421
0.22448979591836732,5.146938775510204,-0.029474420143699467,0.21377918761741313,3.286334964280391
0.22448979591836732,5.2877551020408164,-0.006579599540960272,0.19214805254529285,3.3191700926457828
0.22448979591836732,5.428571428571429,0.0152822924252431,0.17063732983467014,3.3503603445776804
0.22448979591836732,5.56938775510204,0.03618230451590448,0.1493470790192587,3.3800409935400038
0.22448979591836732,5.710204081632653,0.056184941707907075,0.12838784233867995,3.408331641434688
0.22448979591836732,5.851020408163265,0.0753489187956911,0.10788084887343707,3.435338534403547
0.22448979591836732,5.9918367346938775,0.09372781105291024,0.08795786712825715,3.4611564693770758
0.22448979591836732,6.13265306122449,0.11137061827185595,0.06876056404395167,3.485870373652313
0.22448979591836732,6.273469387755102,0.12832225512344245,0.05043927402619861,3.509556622553134
0.22448979591836732,6.414285714285714,0.14462397904372365,0.03315107555784549,3.5322841444671176
0.22448979591836732,6.555102040816326,0.16031376441369888,0.017057115793732397,3.554115353868561
0.22448979591836732,6.6959183673469385,0.1754266310487938,0.002319162050618771,3.5751069430851516
0.22448979591836732,6.836734693877551,0.1899949330884705,-0.010904570654677707,3.595310557781503
0.22448979591836732,6.977551020408163,0.20404861399876936,-0.022464185718009115,3.6147733758532663
0.22448979591836732,7.118367346938776,0.2176154323938064,-0.032223239061064834,3.633538605409685
0.22448979591836732,7.259183673469387,0.23072116226996428,-0.040063923512994766,3.651645915691068
0.22448979591836732,7.4,0.24338977112467344,-0.04589192914698146,3.6691318111142337
0.24489795918367346,0.5,-0.7760811000660998,0.6244436628446111,2.945138469948172
0.24489795918367346,0.6408163265306123,-0.8808879402630969,0.6072663958418829,2.8631030506319237
0.24489795918367346,0.7816326530612245,-0.9905695721375882,0.605526433583225,2.7739851888803817
0.24489795918367346,0.9224489795918367,-1.10256236787757,0.6085080643170355,2.676500949650459
0.24489795918367346,1.063265306122449,-1.2112928316982328,0.611748172383448,2.5689714200896825
0.24489795918367346,1.2040816326530612,-1.306666711759783,0.6135255913019935,2.4491996328907284
0.24489795918367346,1.3448979591836734,-1.374189683912655,0.6132779781536387,2.3143215282869813
0.24489795918367346,1.4857142857142858,-1.399916143797778,0.6109211367804939,2.160715705458903
0.24489795918367346,1.626530612244898,-1.3794034553147234,0.6065579939526392,1.9843592332598907
0.24489795918367346,1.76734693877551,-1.3212929310430968,0.6003541240054979,1.783248617860918
0.24489795918367346,1.9081632653061225,-1.2406487992439776,0.5924852569643876,1.5679961633549384
0.24489795918367346,2.0489795918367344,-1.1506941361118763,0.5831163024571582,1.393756998970711
0.24489795918367346,2.1897959183673468,-1.059828600567631,0.5723942609293743,1.371633633128219
0.24489795918367346,2.330612244897959,-0.9724074266325401,0.5604471358868351,1.5158185294634114
0.24489795918367346,2.4714285714285715,-0.8903013950411218,0.547385316679275,1.7166100139653482
0.24489795918367346,2.6122448979591835,-0.8140632001374214,0.5333038506601503,1.9079080764119207
0.24489795918367346,2.753061224489796,-0.7436086356841205,0.5182848699415802,2.0748199356624326
0.24489795918367346,2.8938775510204082,-0.6785754693524595,0.5023999083952891,2.2184266825345627
0.24489795918367346,3.03469387755102,-0.6185025355223646,0.48571198846753233,2.342699408292229
0.24489795918367346,3.1755102040816325,-0.56291525069837,0.46827749023161463,2.451380099889354
0.24489795918367346,3.316326530612245,-0.5113639320868227,0.45014779609181,2.5474640553662846
0.24489795918367346,3.457142857142857,-0.4634387888067121,0.4313707940076863,2.6332611080670936
0.24489795918367346,3.5979591836734692,-0.4187736641080923,0.41199222473263375,2.710547632977869
0.24489795918367346,3.7387755102040816,-0.3770445938937441,0.39205693607761827,2.7807018322280546
0.24489795918367346,3.8795918367346935,-0.3379662036172469,0.3716100806221698,2.844806543902951
0.24489795918367346,4.020408163265306,-0.3012874241615265,0.3506982789588723,2.903724049954001
0.24489795918367346,4.161224489795918,-0.26678722971213553,0.3293707587711885,2.9581500416144055
0.24489795918367346,4.302040816326531,-0.2342706974187466,0.3076805340653827,3.008652743604349
0.24489795918367346,4.442857142857143,-0.20356550662396758,0.2856855816441581,3.0557015538116543
0.24489795918367346,4.5836734693877546,-0.17451889186915664,0.26345001850543276,3.0996882715621803
0.24489795918367346,4.724489795918367,-0.14699501425282296,0.2410453189368737,3.1409430359046064
0.24489795918367346,4.865306122448979,-0.12087271294506662,0.21855152384738796,3.179746442397167
0.24489795918367346,5.006122448979592,-0.09604358516443214,0.1960584153395801,3.216338865663185
0.24489795918367346,5.146938775510204,-0.07241034746058438,0.1736666079801094,3.250927715346322
0.24489795918367346,5.2877551020408164,-0.049885436018718664,0.15148849803365974,3.283693143625841
0.24489795918367346,5.428571428571429,-0.02838980956349977,0.12964897764813282,3.3147925813192676
0.24489795918367346,5.56938775510204,-0.007851922911357214,0.10828578710744724,3.344364374854506
0.24489795918367346,5.710204081632653,0.011793155296484776,0.08754940478881981,3.372530729945542
0.24489795918367346,5.851020408163265,0.030604503261696697,0.06760230303202529,3.399400111501965
0.24489795918367346,5.9918367346938775,0.048636003498180376,0.04861743557789808,3.4250692165316776
0.24489795918367346,6.13265306122449,0.06593691310065755,0.030775817826552688,3.4496246069347736
0.24489795918367346,6.273469387755102,0.08255235978113616,0.01426310935008126,3.473144069758279
0.24489795918367346,6.414285714285714,0.09852377459164612,-0.0007348206557917085,3.4956977579014836
0.24489795918367346,6.555102040816326,0.11388927060075088,-0.0140372768509708,3.517349151648711
0.24489795918367346,6.6959183673469385,0.12868397533193418,-0.025474860166971845,3.538155873882315
0.24489795918367346,6.836734693877551,0.1429403232571672,-0.03489600366142586,3.5581703838484304
0.24489795918367346,6.977551020408163,0.15668831425232022,-0.042173413664794844,3.577440576694238
0.24489795918367346,7.118367346938776,0.16995574170913721,-0.04721000123515064,3.596010288679905
0.24489795918367346,7.259183673469387,0.18276839570258654,-0.04994358468219585,3.6139197440522963
0.24489795918367346,7.4,0.1951502423954132,-0.050350011401033734,3.6312059362344713
0.26530612244897955,0.5,-0.7745604978916437,0.6232340618154866,2.9462172244863805
0.26530612244897955,0.6408163265306123,-0.878492032058205,0.6046858441839218,2.864858799132036
0.26530612244897955,0.7816326530612245,-0.987209822457265,0.6016225223176841,2.7766474597756665
0.26530612244897955,0.9224489795918367,-1.0984002396498476,0.6033689266729491,2.68036147428209
0.26530612244897955,1.063265306122449,-1.2070265809778302,0.6054465810972395,2.5744075654754637
0.26530612244897955,1.2040816326530612,-1.3039043061433966,0.6061096696483036,2.4567053801159338
0.26530612244897955,1.3448979591836734,-1.3755361083464896,0.6047746099584342,2.324543084175725
0.26530612244897955,1.4857142857142858,-1.4080969783342423,0.601341201352431,2.174467809868912
0.26530612244897955,1.626530612244898,-1.3956447665255842,0.5959007779753013,2.0025080084563585
0.26530612244897955,1.76734693877551,-1.3447270282881663,0.5886105946491385,1.8059733798000237
0.26530612244897955,1.9081632653061225,-1.2693348075861406,0.5796403981899154,1.5916395698899066
0.26530612244897955,2.0489795918367344,-1.18278339580742,0.5691508095584006,1.4027869121919965
0.26530612244897955,2.1897959183673468,-1.0940081012649614,0.5572857931250955,1.3449249078554217
0.26530612244897955,2.330612244897959,-1.0078645172477785,0.5441712891935336,1.4635698651630433
0.26530612244897955,2.4714285714285715,-0.926566805471485,0.5299164424384748,1.6593246649137308
0.26530612244897955,2.6122448979591835,-0.8508768790737792,0.5146157720474682,1.8532449947390055
0.26530612244897955,2.753061224489796,-0.7808316546900175,0.49835156827214866,2.0239854514682243
0.26530612244897955,2.8938775510204082,-0.7161373673624932,0.4811962157296921,2.1709917110076855
0.26530612244897955,3.03469387755102,-0.6563709501710792,0.46321433599316153,2.2979951649263133
0.26530612244897955,3.1755102040816325,-0.601078609743395,0.44446472611368476,2.408814111459369
0.26530612244897955,3.316326530612245,-0.5498216140222619,0.4250021556064034,2.5065652381088346
0.26530612244897955,3.457142857142857,-0.5021955374173865,0.4048789675434581,2.593664500554637
0.26530612244897955,3.5979591836734692,-0.45783642903896105,0.3841466321666218,2.671970765525791
0.26530612244897955,3.7387755102040816,-0.41642077343848966,0.3628571915722006,2.742924376530627
0.26530612244897955,3.8795918367346935,-0.3776626930679829,0.34106470110157106,2.8076548066962785
0.26530612244897955,4.020408163265306,-0.3413101339403801,0.31882665598588866,2.867059567212495
0.26530612244897955,4.161224489795918,-0.30714087197528744,0.2962054680519531,2.921861248241647
0.26530612244897955,4.302040816326531,-0.2749587307315725,0.27326991880392715,2.9726488538874416
0.26530612244897955,4.442857142857143,-0.24459016696250135,0.25009666988763046,3.0199080292032985
0.26530612244897955,4.5836734693877546,-0.21588126697653034,0.22677178944120155,3.0640434273296955
0.26530612244897955,4.724489795918367,-0.18869514188880687,0.20339225355502033,3.1053954668954136
0.26530612244897955,4.865306122448979,-0.1629096869348277,0.18006738248346477,3.144253047973047
0.26530612244897955,5.006122448979592,-0.13841566081358206,0.15692013835353483,3.1808633169602505
0.26530612244897955,5.146938775510204,-0.11511504257604338,0.13408816779783098,3.2154392536141017
0.26530612244897955,5.2877551020408164,-0.09291962527238448,0.1117244435347835,3.2481656287110394
0.26530612244897955,5.428571428571429,-0.07174981071796555,0.08999734874519887,3.279203729571401
0.26530612244897955,5.56938775510204,-0.05153357496734614,0.06909000338243283,3.3086951448091164
0.26530612244897955,5.710204081632653,-0.032205578317603484,0.049198629296119234,3.3367648223130244
0.26530612244897955,5.851020408163265,-0.013706397172587287,0.03052975491223223,3.363523559073611
0.26530612244897955,5.9918367346938775,0.00401814027734397,0.01329612867157869,3.3890700451319873
0.26530612244897955,6.13265306122449,0.02101753072654901,-0.0022886922168059687,3.413492556891694
0.26530612244897955,6.273469387755102,0.03733709719851037,-0.01601706179555791,3.4368703580486666
0.26530612244897955,6.414285714285714,0.0530184257926067,-0.027694917470936595,3.459274878521381
0.26530612244897955,6.555102040816326,0.0680997521371192,-0.03714996166829271,3.4807707108264556
0.26530612244897955,6.6959183673469385,0.0826162940698538,-0.04423979344215175,3.5014164462997193
0.26530612244897955,6.836734693877551,0.09660055073463776,-0.0488591521065156,3.5212653929157294
0.26530612244897955,6.977551020408163,0.11008256210671255,-0.05094558310602981,3.5403661856584714
0.26530612244897955,7.118367346938776,0.12309014133676933,-0.05048282575115727,3.5587633150505336
0.26530612244897955,7.259183673469387,0.1356490792591466,-0.047501595929427265,3.576497577188607
0.26530612244897955,7.4,0.14778332817912226,-0.0420775334528886,3.5936064739514357
0.2857142857142857,0.5,-0.7730489730013125,0.6220481063607011,2.9472897000392684
0.2857142857142857,0.6408163265306123,-0.8761108119979365,0.6021335971306473,2.8666014928610553
0.2857142857142857,0.7816326530612245,-0.9838640588934897,0.5977449482251398,2.7792852009269726
0.2857142857142857,0.9224489795918367,-1.0942256705403137,0.5982494527895225,2.684178821371073
0.2857142857142857,1.063265306122449,-1.2026543619341112,0.5991547234436613,2.579771102233538
0.2857142857142857,1.2040816326530612,-1.3008185034990514,0.5986910565868604,2.4640933525033093
0.2857142857142857,1.3448979591836734,-1.3762149321318413,0.5962539655014139,2.3345805789287146
0.2857142857142857,1.4857142857142858,-1.415302460859061,0.591727360849268,2.187949058039215
0.2857142857142857,1.626530612244898,-1.4108804593061706,0.5851910028437651,2.020316351442889
0.2857142857142857,1.76734693877551,-1.3674244299595313,0.5767938028304962,1.8285157408723451
0.2857142857142857,1.9081632653061225,-1.2976594321661463,0.5666995077598185,1.616337168282527
0.2857142857142857,2.0489795918367344,-1.214832349766155,0.5550644513259998,1.4167032677808342
0.2857142857142857,2.1897959183673468,-1.128366402665599,0.5420296046346704,1.3249751685496702
0.2857142857142857,2.330612244897959,-1.0436305625575293,0.5277189574732599,1.413305210498375
0.2857142857142857,2.4714285714285715,-0.9632087685931481,0.5122405964515632,1.600930804665533
0.2857142857142857,2.6122448979591835,-0.8880943239348509,0.4956887954763573,1.796797561484304
0.2857142857142857,2.753061224489796,-0.818460451113386,0.4781464052436024,1.9714524396542714
0.2857142857142857,2.8938775510204082,-0.754091489733668,0.4596872342133857,2.1220901865976587
0.2857142857142857,3.03469387755102,-0.6946084202401834,0.44037826103850247,2.2520488180463936
0.2857142857142857,3.1755102040816325,-0.6395818826275795,0.42028173380185413,2.365194289084667
0.2857142857142857,3.316326530612245,-0.5885863311493628,0.399457093796273,2.464765857430021
0.2857142857142857,3.457142857142857,-0.5412240831193249,0.3779628090895058,2.5532923668915926
0.2857142857142857,3.5979591836734692,-0.49713425518376503,0.3558581552747855,2.632721684740626
0.2857142857142857,3.7387755102040816,-0.4559943181181564,0.33320496567965996,2.7045614695596147
0.2857142857142857,3.8795918367346935,-0.41751823209232414,0.3100694000600476,2.7699917201270003
0.2857142857142857,4.020408163265306,-0.381453174483571,0.28652374681523823,2.8299480610544503
0.2857142857142857,4.161224489795918,-0.3475758642926062,0.262648251436958,2.8851821202937757
0.2857142857142857,4.302040816326531,-0.3156889634831271,0.23853300150043524,2.9363052851063816
0.2857142857142857,4.442857142857143,-0.28561776686887835,0.21427981949323643,2.9838206615606886
0.2857142857142857,4.5836734693877546,-0.2572072558545961,0.19000412294850258,3.028146682243098
0.2857142857142857,4.724489795918367,-0.23031952299773872,0.1658366757803874,3.069634761116292
0.2857142857142857,4.865306122448979,-0.20483154348430738,0.14192511280486536,3.108582661864249
0.2857142857142857,5.006122448979592,-0.18063325769184654,0.11843504549161638,3.145244744870863
0.2857142857142857,5.146938775510204,-0.15762592484303106,0.09555057354492069,3.1798399114686458
0.2857142857142857,5.2877551020408164,-0.13572071084671175,0.07347393419118686,3.2125578315904777
0.2857142857142857,5.428571428571429,-0.11483747578581119,0.05242403485391434,3.243563879239491
0.2857142857142857,5.56938775510204,-0.09490373318556608,0.032633518612332525,3.273003067420408
0.2857142857142857,5.710204081632653,-0.07585375013498455,0.014344285071972919,3.3010032387151247
0.2857142857142857,5.851020408163265,-0.057627771696469494,-0.002198800591400114,3.3276776504281713
0.2857142857142857,5.9918367346938775,-0.04017135185653744,-0.016755906238407992,3.35312709163346
0.2857142857142857,6.13265306122449,-0.023434769726609832,-0.029101614601499994,3.37744163374778
0.2857142857142857,6.273469387755102,-0.0073725216601455,-0.039035098721638344,3.4007020909709333
0.2857142857142857,6.414285714285714,0.008057121099594904,-0.046390339364580986,3.4229812348575344
0.2857142857142857,6.555102040816326,0.02289250051949749,-0.05104531698299027,3.444344819527514
0.2857142857142857,6.6959183673469385,0.03716891233586758,-0.052929160068203286,3.4648524486736703
0.2857142857142857,6.836734693877551,0.050918905928009864,-0.05202636299407319,3.484558313135052
0.2857142857142857,6.977551020408163,0.06417254893540217,-0.0483775178809056,3.5035118217951777
0.2857142857142857,7.118367346938776,0.07695766154359643,-0.042076465329976824,3.5217581432151808
0.2857142857142857,7.259183673469387,0.08930002446716721,-0.03326423459263606,3.5393386727596368
0.2857142857142857,7.4,0.1012235639099219,-0.02212053469812035,3.5562914374537704
0.3061224489795918,0.5,-0.7715464888199638,0.6208858512261314,2.948355942293078
0.3061224489795918,0.6408163265306123,-0.8737443394567379,0.5996100150518929,2.8683312562059213
0.3061224489795918,0.7816326530612245,-0.9805330023208977,0.5938944241052644,2.7818987068865972
0.3061224489795918,0.9224489795918367,-1.0900419068010248,0.5931506767205278,2.6879536234640122
0.3061224489795918,1.063265306122449,-1.1981862367542861,0.5928739024167698,2.5850632839726586
0.3061224489795918,1.2040816326530612,-1.2974310760096148,0.5912712781113146,2.471365827339068
0.3061224489795918,1.3448979591836734,-1.3762529917046693,0.5877177456866335,2.344437581049179
0.3061224489795918,1.4857142857142858,-1.4215338695609634,0.5820814513278094,2.201162859195236
0.3061224489795918,1.626530612244898,-1.4250606585563297,0.5744306052927676,2.0377765524064952
0.3061224489795918,1.76734693877551,-1.38930282955709,0.5649057629169997,1.8508019485276663
0.3061224489795918,1.9081632653061225,-1.3255458055391602,0.5536646581911135,1.6417476339654642
0.3061224489795918,2.0489795918367344,-1.2467898987625896,0.5408593597009602,1.4348136832959215
0.3061224489795918,2.1897959183673468,-1.1628795907773541,0.5266279199708672,1.3123942753725961
0.3061224489795918,2.330612244897959,-1.0797026942835093,0.5110925330235356,1.3661389866684652
0.3061224489795918,2.4714285714285715,-1.000238707515617,0.4943604640150434,1.541732424929276
0.3061224489795918,2.6122448979591835,-0.9257360382603086,0.47652610930954065,1.7385159897914328
0.3061224489795918,2.753061224489796,-0.8565210608861346,0.45767341588253974,1.91709671303572
0.3061224489795918,2.8938775510204082,-0.7924671259778675,0.4378783300761399,2.0715997799220514
0.3061224489795918,3.03469387755102,-0.73324606737878,0.4172111906892573,2.204754823143857
0.3061224489795918,3.1755102040816325,-0.6784571576807354,0.3957389655500888,2.3204318033455924
0.3061224489795918,3.316326530612245,-0.6276906276397148,0.37352743536715455,2.421990793618625
0.3061224489795918,3.457142857142857,-0.5805571439711997,0.35064331886303957,2.5120802767806136
0.3061224489795918,3.5979591836734692,-0.5366998908114546,0.3271563770142354,2.592744207033455
0.3061224489795918,3.7387755102040816,-0.49579795491697665,0.30314158275111197,2.665563296330831
0.3061224489795918,3.8795918367346935,-0.4575655322661551,0.27868130728091006,2.731772408540922
0.3061224489795918,4.020408163265306,-0.42174928622962365,0.25386758471888526,2.7923485039635296
0.3061224489795918,4.161224489795918,-0.38812504255047664,0.22880443545593077,2.8480746385986824
0.3061224489795918,4.302040816326531,-0.3564944078053123,0.2036102102080958,2.899586367401868
0.3061224489795918,4.442857142857143,-0.32668158528530367,0.17841987388508262,2.9474056038040017
0.3061224489795918,4.5836734693877546,-0.29853049893212485,0.15338715068822886,2.991965588261463
0.3061224489795918,4.724489795918367,-0.2719022560164666,0.12868629660013184,3.0336295262634567
0.3061224489795918,4.865306122448979,-0.24667293813900942,0.10451325032145806,3.0727046580451662
0.3061224489795918,5.006122448979592,-0.22273168478134173,0.0810860126905684,3.109453049096877
0.3061224489795918,5.146938775510204,-0.1999790513917282,0.05864365104610393,3.144099909723084
0.3061224489795918,5.2877551020408164,-0.17832559105632292,0.03744374109364652,3.1768401184726933
0.3061224489795918,5.428571428571429,-0.15769063601341912,0.017757865533436907,3.207843384298211
0.3061224489795918,5.56938775510204,-0.13800124799615343,-0.00013516701872660772,3.2372583565702855
0.3061224489795918,5.710204081632653,-0.11919131289497766,-0.015958349836372634,3.2652159396490044
0.3061224489795918,5.851020408163265,-0.1012007583981752,-0.02944752009805358,3.291831984879698
0.3061224489795918,5.9918367346938775,-0.08397487598247265,-0.040363793003819315,3.3172094940270935
0.3061224489795918,6.13265306122449,-0.06746373171284081,-0.0485063757084659,3.3414404355505942
0.3061224489795918,6.273469387755102,-0.051621653179029586,-0.05372445154909427,3.364607253082953
0.3061224489795918,6.414285714285714,-0.036406781285455034,-0.05592672053103869,3.386784125477794
0.3061224489795918,6.555102040816326,-0.021780677831109447,-0.05508732417866688,3.408038026870554
0.3061224489795918,6.6959183673469385,-0.007707980720724963,-0.05124733101229154,3.42842962181593
0.3061224489795918,6.836734693877551,0.005843899612231336,-0.044511550827153835,3.448014026661146
0.3061224489795918,6.977551020408163,0.018905048234650237,-0.03504113740247029,3.466841459620718
0.3061224489795918,7.118367346938776,0.03150328292894882,-0.023042993045775124,3.4849577988071725
0.3061224489795918,7.259183673469387,0.04366436472994372,-0.00875732720184672,3.5024050631634935
0.3061224489795918,7.4,0.05541218523527138,0.007555226751091005,3.519221828771865
0.32653061224489793,0.5,-0.7700530079475806,0.6197473465387221,2.9494159965537414
0.32653061224489793,0.6408163265306123,-0.8713926652740347,0.597115451923835,2.8700482121761413
0.32653061224489793,0.7816326530612245,-0.9772173250402704,0.5900716603528723,2.784488268025798
0.32653061224489793,0.9224489795918367,-1.0858520033742798,0.5880736396673468,2.691686502443574
0.32653061224489793,1.063265306122449,-1.1936317739614417,0.5866054397350728,2.590285342318651
0.32653061224489793,1.2040816326530612,-1.293763335461519,0.5838518793378348,2.4785250514842083
0.32653061224489793,1.3448979591836734,-1.3756788597972256,0.579167684339003,2.354117681910132
0.32653061224489793,1.4857142857142858,-1.426798465747107,0.5724053567983369,2.214113115127655
0.32653061224489793,1.626530612244898,-1.438140970341629,0.5636215844728225,2.0548840637267323
0.32653061224489793,1.76734693877551,-1.4102782816968809,0.5529485599876914,1.8727741664260795
0.32653061224489793,1.9081632653061225,-1.352909549276897,0.5405380152952022,1.6675837660958601
0.32653061224489793,2.0489795918367344,-1.2785965151239256,0.5265377870474446,1.4563855250040327
0.32653061224489793,2.1897959183673468,-1.197517326995416,0.5110831279975276,1.3074467895679232
0.32653061224489793,2.330612244897959,-1.1160741940745353,0.49429462097247584,1.3233796720456497
0.32653061224489793,2.4714285714285715,-1.0376663163720423,0.4762790225233531,1.482196195891896
0.32653061224489793,2.6122448979591835,-0.9638222732540961,0.45713132228415077,1.6783864040292875
0.32653061224489793,2.753061224489796,-0.8950402082352057,0.4369372162502518,1.8607902314548046
0.32653061224489793,2.8938775510204082,-0.8312948027478667,0.41577573584669913,2.0193866406383845
0.32653061224489793,3.03469387755102,-0.7723165345474193,0.3937217937007294,2.1559964583655598
0.32653061224489793,3.1755102040816325,-0.7177381546718214,0.37084870893732974,2.274428497760223
0.32653061224489793,3.316326530612245,-0.6671686752367405,0.34723071622075485,2.378157413607039
0.32653061224489793,3.457142857142857,-0.6202289821450775,0.3229454592796859,2.4699577732399907
0.32653061224489793,3.5979591836734692,-0.5765674966792438,0.29807660958755405,2.551977279861866
0.32653061224489793,3.7387755102040816,-0.535865658431572,0.27271649963370703,2.625876072812175
0.32653061224489793,3.8795918367346935,-0.49783836644611784,0.2469688790177547,2.6929487379038335
0.32653061224489793,4.020408163265306,-0.4622320678173593,0.22095176660834323,2.7542171817583885
0.32653061224489793,4.161224489795918,-0.42882188761517614,0.1948003014743417,2.810498557632832
0.32653061224489793,4.302040816326531,-0.3974084998434748,0.16866960286531119,2.862454588053294
0.32653061224489793,4.442857142857143,-0.36781509669334533,0.1427373271139333,2.9106274959869265
0.32653061224489793,4.5836734693877546,-0.339884598967902,0.11720577922388774,2.9554664747345574
0.32653061224489793,4.724489795918367,-0.3134771650422581,0.09230320786400133,2.9973473961237813
0.32653061224489793,4.865306122448979,-0.2884680048642028,0.06828386913206894,3.0365876733118093
0.32653061224489793,5.006122448979592,-0.2647454789467331,0.04542637145487307,3.073457606390191
0.32653061224489793,5.146938775510204,-0.24220945331665011,0.02402978203986765,3.108189142572099
0.32653061224489793,5.2877551020408164,-0.2207698802958472,0.004407061640436597,3.1409827171854943
0.32653061224489793,5.428571428571429,-0.2003455743914379,-0.013124431214731867,3.172012651332717
0.32653061224489793,5.56938775510204,-0.18086315621942903,-0.028255272287332652,3.2014314528677046
0.32653061224489793,5.710204081632653,-0.16225614017438908,-0.040698594627066355,3.229373274073692
0.32653061224489793,5.851020408163265,-0.1444641448700561,-0.05020588862727899,3.2559567159141722
0.32653061224489793,5.9918367346938775,-0.1274322083458485,-0.05658239933820331,3.2812871199592113
0.32653061224489793,6.13265306122449,-0.11111019278719084,-0.059700232239231675,3.305458456027074
0.32653061224489793,6.273469387755102,-0.09545226569966574,-0.05950735522672153,3.3285548871067596
0.32653061224489793,6.414285714285714,-0.08041644643183431,-0.05603113875052112,3.3506520752758133
0.32653061224489793,6.555102040816326,-0.06596420896405927,-0.049375871872707144,3.371818278542023
0.32653061224489793,6.6959183673469385,-0.0520601329598584,-0.039714640948234736,3.3921152769220195
0.32653061224489793,6.836734693877551,-0.038671596434612134,-0.027276793795338775,3.411599158804894
0.32653061224489793,6.977551020408163,-0.02576850436107269,-0.012332752235419638,3.4303209919081743
0.32653061224489793,7.118367346938776,-0.013323048474908212,0.004821932320659734,3.448327398634547
0.32653061224489793,7.259183673469387,-0.0013094941175188835,0.023881618766968704,3.4656610515609234
0.32653061224489793,7.4,0.010296009453266697,0.044543498416258466,3.4823611019167675
0.3469387755102041,0.5,-0.7685684921957179,0.6186326368154913,2.9504699077516734
0.3469387755102041,0.6408163265306123,-0.8690558321553279,0.594650254950311,2.8717524824047307
0.3469387755102041,0.7816326530612245,-0.9739176530083941,0.5862773644564866,2.787054170676402
0.3469387755102041,0.9224489795918367,-1.0816588317638647,0.5830193886277435,2.6953780699188776
0.3469387755102041,1.063265306122449,-1.1890000550452111,0.580350677668424,2.5954384863215663
0.3469387755102041,1.2040816326530612,-1.289836043177102,0.5764344552307119,2.485573235008706
0.3469387755102041,1.3448979591836734,-1.3745224819780293,0.5706055735751164,2.363624476568435
0.3469387755102041,1.4857142857142858,-1.431109346840093,0.562701032907639,2.2268041154248643
0.3469387755102041,1.626530612244898,-1.4500835076707204,0.5527660268593428,2.0716369375667827
0.3469387755102041,1.76734693877551,-1.430266474246324,0.5409243918031486,1.8943878839410495
0.3469387755102041,1.9081632653061225,-1.379658916271848,0.527321867054281,1.6936085682872912
0.3469387755102041,2.0489795918367344,-1.3101834292474142,0.5121021355642792,1.4807003434222803
0.3469387755102041,2.1897959183673468,-1.2322418174703915,0.4953977837235994,1.3100084359489017
0.3469387755102041,2.330612244897959,-1.1527336710064422,0.47732803476981367,1.2864589319932829
0.3469387755102041,2.4714285714285715,-1.0754990482248772,0.4579995335874475,1.4230044671701236
0.3469387755102041,2.6122448979591835,-1.0023727866702394,0.43750843290857605,1.6164523238728383
0.3469387755102041,2.753061224489796,-0.9340452517356411,0.4159430363441522,1.802404945922368
0.3469387755102041,2.8938775510204082,-0.870606353899564,0.3933865876169378,1.9653047075809364
0.3469387755102041,3.03469387755102,-0.8118541333050538,0.3699201135214942,2.1056443699170213
0.3469387755102041,3.1755102040816325,-0.7574604161474996,0.3456253163578125,2.2270755506427844
0.3469387755102041,3.316326530612245,-0.7070564876059938,0.32058750933496183,2.3331744798720555
0.3469387755102041,3.457142857142857,-0.6602756336997339,0.29489867393701,2.426847502145513
0.3469387755102041,3.5979591836734692,-0.6167728830467053,0.2686606259191351,2.5103542879494696
0.3469387755102041,3.7387755102040816,-0.576232891207309,0.2419883344285575,2.5854414857107266
0.3469387755102041,3.8795918367346935,-0.5383718095749012,0.21501335397025473,2.6534688508807176
0.3469387755102041,4.020408163265306,-0.5029362194504375,0.1878873282667689,2.715507288282478
0.3469387755102041,4.161224489795918,-0.46970076717274484,0.16078545598534383,2.772411065414967
0.3469387755102041,4.302040816326531,-0.4384653406223057,0.13390964842702985,2.824870300666875
0.3469387755102041,4.442857142857143,-0.40905221460951663,0.1074910639246122,2.873449207602979
0.3469387755102041,4.5836734693877546,-0.3813033667631188,0.08179160243357618,2.9186142072872374
0.3469387755102041,4.724489795918367,-0.35507804642166474,0.057103742121828796,2.960754820723559
0.3469387755102041,4.865306122448979,-0.33025062038120295,0.03374808259133345,3.0001993904789614
0.3469387755102041,5.006122448979592,-0.306708686899015,0.012067918267797535,3.03722705401265
0.3469387755102041,5.146938775510204,-0.2843514362242476,-0.0075797188098322525,3.072076970195876
0.3469387755102041,5.2877551020408164,-0.2630882301536783,-0.024836783043578316,3.1049555082033033
0.3469387755102041,5.428571428571429,-0.24283737393948052,-0.03936042190377837,3.1360419091880134
0.3469387755102041,5.56938775510204,-0.22352505439734008,-0.050841678698437934,3.1654927890054703
0.3469387755102041,5.710204081632653,-0.20508442095940907,-0.059024970174536194,3.193445752119563
0.3469387755102041,5.851020408163265,-0.1874547894982935,-0.0637260016234662,3.2200223181662446
0.3469387755102041,5.9918367346938775,-0.17058095094698011,-0.06484560284097665,3.2453303095991703
0.3469387755102041,6.13265306122449,-0.15441256970355502,-0.062377300316917905,3.269465815138853
0.3469387755102041,6.273469387755102,-0.13890365906394628,-0.05640735460968537,3.2925148159230018
0.3469387755102041,6.414285714285714,-0.12401212256497847,-0.04710725143112114,3.314554540680481
0.3469387755102041,6.555102040816326,-0.10969935201044505,-0.03471988840953409,3.335654602493993
0.3469387755102041,6.6959183673469385,-0.0959298742529385,-0.019541623155648957,3.355877957572406
0.3469387755102041,6.836734693877551,-0.08267104007239084,-0.001902704968149459,3.375281718494326
0.3469387755102041,6.977551020408163,-0.06989274938727506,0.017851577167433717,3.3939178473692153
0.3469387755102041,7.118367346938776,-0.057567208048280485,0.03937728079339855,3.4118337497579145
0.3469387755102041,7.259183673469387,-0.045668711908345934,0.06234474201229947,3.429072785520387
0.3469387755102041,7.4,-0.034173454921673306,0.08644776006293377,3.4456747105149277
0.36734693877551017,0.5,-0.7670929026303951,0.6175417616383898,2.9515177204458154
0.36734693877551017,0.6408163265306123,-0.8667338750475636,0.5922147643440518,2.873444187170103
0.36734693877551017,0.7816326530612245,-0.9706345680784233,0.5825122408948785,2.7895966971358477
0.36734693877551017,0.9224489795918367,-1.0774650879652166,0.5779889756639844,2.6990289273908403
0.36734693877551017,1.063265306122449,-1.1842996823653826,0.5741109725844604,2.600523903581776
0.36734693877551017,1.2040816326530612,-1.2856693310940013,0.5690206190783285,2.492512554152098
0.36734693877551017,1.3448979591836734,-1.3728148199802974,0.5620332463347689,2.372961551698442
0.36734693877551017,1.4857142857142858,-1.4344851793831652,0.5529704887049484,2.2392404550546483
0.36734693877551017,1.626530612244898,-1.4608578147406954,0.5418660869624073,2.088035357737375
0.36734693877551017,1.76734693877551,-1.4491842161835138,0.5288355317331441,1.915609674927891
0.36734693877551017,1.9081632653061225,-1.4056952002903995,0.5140186041717326,1.7196299024219772
0.36734693877551017,2.0489795918367344,-1.3414718697806618,0.49755492809107493,1.5070928699197104
0.36734693877551017,2.1897959183673468,-1.26700667234187,0.4795746059298647,1.3195865984138608
0.36734693877551017,2.330612244897959,-1.1896640883807006,0.4601958116071686,1.2567994692421294
0.36734693877551017,2.4714285714285715,-1.1137414749255556,0.4395255570072534,1.3651127104029535
0.36734693877551017,2.6122448979591835,-1.0414065073588172,0.4176618998602041,1.5528460822487096
0.36734693877551017,2.753061224489796,-0.9735640810704094,0.3946967632644756,1.741819413765755
0.36734693877551017,2.8938775510204082,-0.9104349733583209,0.37071901041541033,1.9091954057195855
0.36734693877551017,3.03469387755102,-0.851894993938704,0.34581768392730744,2.0535549507684805
0.36734693877551017,3.1755102040816325,-0.7976615157959993,0.3200853757198326,2.178251881128476
0.36734693877551017,3.316326530612245,-0.7473921608641039,0.2936217731457741,2.286940842298807
0.36734693877551017,3.457142857142857,-0.700735164803562,0.26653737764651825,2.382664176231298
0.36734693877551017,3.5979591836734692,-0.6573537675294222,0.23895741055645692,2.4678022371183133
0.36734693877551017,3.7387755102040816,-0.6169368589360806,0.21102596493367243,2.5441960407703985
0.36734693877551017,3.8795918367346935,-0.5792024879848475,0.18291022164064008,2.6132766361631314
0.36734693877551017,4.020408163265306,-0.5438977826639371,0.15480467447854113,2.676168507918058
0.36734693877551017,4.161224489795918,-0.5107971754819338,0.1269350098328247,2.733766417742652
0.36734693877551017,4.302040816326531,-0.47969993668407623,0.09956125214832842,2.786791399285748
0.36734693877551017,4.442857142857143,-0.4504275324508289,0.07297958165440864,2.835831542277254
0.36734693877551017,4.5836734693877546,-0.4228210669506538,0.04752206187381633,2.8813719226299375
0.36734693877551017,4.724489795918367,-0.3967389250451615,0.02355340203651564,2.9238168047680273
0.36734693877551017,4.865306122448979,-0.3720546593859897,0.001463875435939439,2.963506309437151
0.36734693877551017,5.006122448979592,-0.3486551249713352,-0.01834232268916059,3.000729077043095
0.36734693877551017,5.146938775510204,-0.3264388483322222,-0.035463487514828376,3.0357320039643496
0.36734693877551017,5.2877551020408164,-0.30531460911438874,-0.04952105105574387,3.068727813824018
0.36734693877551017,5.428571428571429,-0.2852002092878383,-0.0601829320824428,3.099901006857415
0.36734693877551017,5.56938775510204,-0.26602140654962847,-0.06718705166398749,3.129412583239422
0.36734693877551017,5.710204081632653,-0.24771098939455952,-0.07036179724266171,3.157403826498488
0.36734693877551017,5.851020408163265,-0.2302079743830999,-0.06964016988908707,3.1839993616151614
0.36734693877551017,5.9918367346938775,-0.21345690846063065,-0.06506513657110542,3.2093096469726814
0.36734693877551017,6.13265306122449,-0.19740726130760403,-0.056785202538260714,3.2334330201899872
0.36734693877551017,6.273469387755102,-0.182012895046172,-0.045041000106412765,3.256457389987445
0.36734693877551017,6.414285714285714,-0.16723160028739648,-0.030145243610591472,3.2784616443072836
0.36734693877551017,6.555102040816326,-0.15302468947650893,-0.012459259575952843,3.2995168301128164
0.36734693877551017,6.6959183673469385,-0.13935663930823716,0.007630645098138636,3.3196871471094336
0.36734693877551017,6.836734693877551,-0.12619477582360433,0.02973434552459511,3.3390307899349287
0.36734693877551017,6.977551020408163,-0.11350899610424835,0.05347495595986172,3.3576006650438894
0.36734693877551017,7.118367346938776,-0.10127152203698017,0.07850114808176559,3.3754450043533746
0.36734693877551017,7.259183673469387,-0.08945668173901891,0.10449489295403581,3.3926078927706342
0.36734693877551017,7.4,-0.07804071526882603,0.1311752922002166,3.409129723777589
0.3877551020408163,0.5,-0.7656261996121564,0.6164747554467236,2.9525594788266516
0.3877551020408163,0.6408163265306123,-0.8644268215019102,0.5898093131229423,2.8751234454132684
0.3877551020408163,0.7816326530612245,-0.9673686101034096,0.5787769905789435,2.7921161257306837
0.3877551020408163,0.9224489795918367,-1.0732733003421062,0.5729834579585393,2.702639666290403
0.3877551020408163,1.063265306122449,-1.1795387898311136,0.5678876977602464,2.605542759882348
0.3877551020408163,1.2040816326530612,-1.2812826392686352,0.5616120139478075,2.499345148617651
0.3877551020408163,1.3448979591836734,-1.3705875069609097,0.553452576520768,2.38213247531321
0.3877551020408163,1.4857142857142858,-1.4369498203490794,0.5432157908501969,2.251426963446322
0.3877551020408163,1.626530612244898,-1.4704416371029425,0.5309239916391422,2.104081245334078
0.3877551020408163,1.76734693877551,-1.4669511001995068,0.5166843433519386,1.9364152562933814
0.3877551020408163,1.9081632653061225,-1.4309134542564943,0.5006307286619044,1.7454945895097125
0.3877551020408163,2.0489795918367344,-1.3723723996864738,0.48289882899067327,1.53497410759862
0.3877551020408163,2.1897959183673468,-1.3017556570812359,0.4636164891078399,1.335398056184671
0.3877551020408163,2.330612244897959,-1.2268416189674174,0.44290121271534233,1.235629162942073
0.3877551020408163,2.4714285714285715,-1.1523945005372698,0.4208609799086883,1.3097991101126996
0.3877551020408163,2.6122448979591835,-1.080941109482329,0.3975966385148456,1.4878337181960932
0.3877551020408163,2.753061224489796,-1.0136249667271995,0.3732049717593177,1.6789296515898289
0.3877551020408163,2.8938775510204082,-0.9508152513482189,0.34778218528157145,1.850888045445021
0.3877551020408163,3.03469387755102,-0.8924772182428312,0.32142766361719155,1.9995686040575202
0.3877551020408163,3.1755102040816325,-0.8383812786060918,0.2942479902577912,2.1278223260706053
0.3877551020408163,3.316326530612245,-0.7882161283212733,0.26636123968109127,2.23934393570447
0.3877551020408163,3.457142857142857,-0.7416479402868834,0.2379015494148785,2.3373133894555007
0.3877551020408163,3.5979591836734692,-0.6983500534220553,0.2090239954687102,2.424240814529936
0.3877551020408163,3.7387755102040816,-0.6580167883400506,0.1799096430155219,2.502070309192368
0.3877551020408163,3.8795918367346935,-0.6203688538594763,0.15077067939408154,2.572311121116372
0.3877551020408163,4.020408163265306,-0.5851544117287947,0.12185518985524707,2.636146490751811
0.3877551020408163,4.161224489795918,-0.5521479929368976,0.0934511110653897,2.6945155054912706
0.3877551020408163,4.302040816326531,-0.5211484493911167,0.06588862154669584,2.748172953722627
0.3877551020408163,4.442857142857143,-0.49197656568092585,0.03953996935309846,2.797732922002037
0.3877551020408163,4.5836734693877546,-0.46447265338305604,0.014815609845213287,2.843700745708053
0.3877551020408163,4.724489795918367,-0.43849428435477433,-0.00784451724054731,2.8864966598423396
0.3877551020408163,4.865306122448979,-0.4139142284480783,-0.02798548221282234,2.9264735105356143
0.3877551020408163,5.006122448979592,-0.39061861650421564,-0.04515786098153542,2.9639301814613495
0.3877551020408163,5.146938775510204,-0.3685053229695987,-0.05894340319971379,2.9991218922770315
0.3877551020408163,5.2877551020408164,-0.3474825518863338,-0.06898367647084061,3.032268188128242
0.3877551020408163,5.428571428571429,-0.3274676057337778,-0.0750081562179455,3.063559205246809
0.3877551020408163,5.56938775510204,-0.30838581514645186,-0.0768574518381372,3.093160634138122
0.3877551020408163,5.710204081632653,-0.29016960840604583,-0.07449756819357377,3.121217687284604
0.3877551020408163,5.851020408163265,-0.2727577031382903,-0.06802244826987877,3.14785830178645
0.3877551020408163,5.9918367346938775,-0.2560944024226982,-0.05764429279461184,3.173195743738461
0.3877551020408163,6.13265306122449,-0.24012898118669318,-0.04367352663792802,3.19733074332466
0.3877551020408163,6.273469387755102,-0.22481515025356844,-0.026492078560436314,3.220353257736532
0.3877551020408163,6.414285714285714,-0.21011058721251508,-0.0065243299126387325,3.2423439364581106
0.3877551020408163,6.555102040816326,-0.1959765249327454,0.015790305674164146,3.26337534737714
0.3877551020408163,6.6959183673469385,-0.182377389700155,0.040020398809839826,3.283513008318292
0.3877551020408163,6.836734693877551,-0.16928048234845552,0.06575972917459559,3.3028162599583637
0.3877551020408163,6.977551020408163,-0.15665569658571585,0.09263856815465898,3.3213390084165253
0.3877551020408163,7.118367346938776,-0.14447526965328344,0.12032970138961478,3.339130360119397
0.3877551020408163,7.259183673469387,-0.13271356102405063,0.14855028997021552,3.3562351669512274
0.3877551020408163,7.4,-0.12134685568558168,0.17706076061262288,3.3726944966571017
0.4081632653061224,0.5,-0.764168342833768,0.6154316475391179,2.9535952267196524
0.4081632653061224,0.6408163265306123,-0.8621346920226068,0.5874342269436155,2.8767903747537114
0.4081632653061224,0.7816326530612245,-0.9641202789699468,0.5750723101875502,2.7946127308924646
0.4081632653061224,0.9224489795918367,-1.0690858372692928,0.5680038963491048,2.7062108681620707
0.4081632653061224,1.063265306122449,-1.1747250549951627,0.5616822424532237,2.6104961994394236
0.4081632653061224,1.2040816326530612,-1.2766946664483305,0.55421031468713,2.5060731204422604
0.4081632653061224,1.3448979591836734,-1.3678725245332541,0.544865481492067,2.3911407868821217
0.4081632653061224,1.4857142857142858,-1.4385318489596324,0.5334390658891351,2.263368640811351
0.4081632653061224,1.626530612244898,-1.478821508300795,0.5199420433823762,2.11977792069752
0.4081632653061224,1.76734693877551,-1.4834912985154944,0.5044732869564191,1.9567878390193614
0.4081632653061224,1.9081632653061225,-1.4552035722721568,0.4871608550112532,1.7710825708972326
0.4081632653061224,2.0489795918367344,-1.4027844222675867,0.4681366337650382,1.5638410336356476
0.4081632653061224,2.1897959183673468,-1.336421359399013,0.447526490839468,1.3564797701011424
0.4081632653061224,2.330612244897959,-1.2642343122564992,0.42544772394631974,1.2237782400375583
0.4081632653061224,2.4714285714285715,-1.1914543975397553,0.402010019587487,1.2586827088427015
0.4081632653061224,2.6122448979591835,-1.1209924578453256,0.3773180575945754,1.4218772018329826
0.4081632653061224,2.753061224489796,-1.0542563317487708,0.351474991031181,1.6136666622868758
0.4081632653061224,2.8938775510204082,-0.9917831741785061,0.3245864564894784,1.790201540156545
0.4081632653061224,3.03469387755102,-0.9336410282958602,0.29676501385188686,1.943507946200417
0.4081632653061224,3.1755102040816325,-0.8796620184699567,0.2681350000794077,2.075635503678778
0.4081632653061224,3.316326530612245,-0.8295714480990639,0.23883775801902474,2.190257943953151
0.4081632653061224,3.457142857142857,-0.7830569349007709,0.20903729634745957,2.290690173932491
0.4081632653061224,3.5979591836734692,-0.7398041413101477,0.17892626645995188,2.3795812626182142
0.4081632653061224,3.7387755102040816,-0.6995142314876749,0.14873210916379978,2.4589880466709984
0.4081632653061224,3.8795918367346935,-0.6619114776566506,0.1187229236869769,2.530505763883917
0.4081632653061224,4.020408163265306,-0.6267456519112173,0.08921251162159678,2.5953822874190875
0.4081632653061224,4.161224489795918,-0.5937917529960376,0.060563639771720044,2.654605379643215
0.4081632653061224,4.302040816326531,-0.5628484503657565,0.03318832150078443,2.708966800321386
0.4081632653061224,4.442857142857143,-0.5337359972086541,0.007543652661559491,2.7591090331749473
0.4081632653061224,4.5836734693877546,-0.5062940075024263,-0.015878340573607676,2.805559480813718
0.4081632653061224,4.724489795918367,-0.4803792981034453,-0.03656803787106517,2.8487557247532025
0.4081632653061224,4.865306122448979,-0.4558638914898098,-0.05402308005321075,2.8890643984523074
0.4081632653061224,5.006122448979592,-0.4326332147249756,-0.06777963118849165,2.9267954570667283
0.4081632653061224,5.146938775510204,-0.41058450102508276,-0.07744708985584318,2.9622130967066673
0.4081632653061224,5.2877551020408164,-0.38962538398377844,-0.08274153791850943,2.9955442048084113
0.4081632653061224,5.428571428571429,-0.36967266772928814,-0.08351228279060996,3.026984971515081
0.4081632653061224,5.56938775510204,-0.35065125466232616,-0.07975635607151012,3.056706116587317
0.4081632653061224,5.710204081632653,-0.3324932106784506,-0.0716179538553662,3.084857059244159
0.4081632653061224,5.851020408163265,-0.31513695151290066,-0.05937290359822913,3.1115692775139325
0.4081632653061224,5.9918367346938775,-0.2985265330715066,-0.043401372055804924,3.1369590352270795
0.4081632653061224,6.13265306122449,-0.2826110321101352,-0.024154009926995068,3.161129613931458
0.4081632653061224,6.273469387755102,-0.2673440046849463,-0.0021171639065258978,3.1841731527959682
0.4081632653061224,6.414285714285714,-0.252683011920973,0.022218237327900528,3.2061721760619806
0.4081632653061224,6.555102040816326,-0.23858920365699351,0.04838128457425076,3.2272008688031235
0.4081632653061224,6.6959183673469385,-0.22502695221608734,0.07593817967710444,3.247326149111203
0.4081632653061224,6.836734693877551,-0.21196352981590227,0.10450223923320592,3.266608574683513
0.4081632653061224,6.977551020408163,-0.19936882323665436,0.13373804657166768,3.285103112562546
0.4081632653061224,7.118367346938776,-0.18721508142169904,0.16336129682703204,3.302859796820976
0.4081632653061224,7.259183673469387,-0.1754766914486282,0.19313580237666966,3.319924292733324
0.4081632653061224,7.4,-0.16412997934392468,0.22286887445197384,3.3363383830596876
0.42857142857142855,0.5,-0.7627192913570433,0.614412462077739,2.9546250075886173
0.42857142857142855,0.6408163265306123,-0.8598575004007885,0.5850898237242659,2.8784450915060726
0.42857142857142855,0.7816326530612245,-0.9608900365494816,0.571398891894428,2.7970867832017965
0.42857142857142855,0.9224489795918367,-1.0649049145622993,0.5630513563142747,2.709743104788705
0.42857142857142855,1.063265306122449,-1.1698657124001002,0.5554960112305137,2.6153853451527134
0.42857142857142855,1.2040816326530612,-1.2719233327459598,0.5468172260854782,2.5126985332140817
0.42857142857142855,1.3448979591836734,-1.3647019048872417,0.5362739261272229,2.3999899873879573
0.42857142857142855,1.4857142857142858,-1.4392640198488205,0.5236424994084501,2.275070609338201
0.42857142857142855,1.626530612244898,-1.4859931133094877,0.508922620003904,2.1351298250495976
0.42857142857142855,1.76734693877551,-1.4987354253305187,0.4922049167050113,1.9767167366099168
0.42857142857142855,1.9081632653061225,-1.4784517713961365,0.4736117145715563,1.7963014710670144
0.42857142857142855,2.0489795918367344,-1.432595938478534,0.45327128859374777,1.5932765755459433
0.42857142857142855,2.1897959183673468,-1.3709238014751177,0.43130786408605554,1.381803072812273
0.42857142857142855,2.330612244897959,-1.3018005516707232,0.40783909898752063,1.2215203269754882
0.42857142857142855,2.4714285714285715,-1.2309116297051954,0.382977242787968,1.213674527658822
0.42857142857142855,2.6122448979591835,-1.1615739006680683,0.3568320809632501,1.355716447300759
0.42857142857142855,2.753061224489796,-1.0954864412943406,0.3295149454024935,1.54602413694916
0.42857142857142855,2.8938775510204082,-1.0333760947964397,0.30114340860489586,1.7269482958820923
0.42857142857142855,3.03469387755102,-0.9754289144115854,0.2718466382725405,1.8851760737402732
0.42857142857142855,3.1755102040816325,-0.9215487924339442,0.24177124836161948,2.021521347961679
0.42857142857142855,3.316326530612245,-0.8715041131425308,0.21108774001525435,2.1395416724743406
0.42857142857142855,3.457142857142857,-0.8250080673485789,0.17999745185149688,2.2426773006665544
0.42857142857142855,3.5979591836734692,-0.7817612688034729,0.14873982783408862,2.3337250675862196
0.42857142857142855,3.7387755102040816,-0.7414734018347086,0.11759959984598406,2.414865160250817
0.42857142857142855,3.8795918367346935,-0.7038733712278941,0.08691315910837331,2.487787630291621
0.42857142857142855,4.020408163265306,-0.6687132453891829,0.057073117930359206,2.5538116793735166
0.42857142857142855,4.161224489795918,-0.6357689302360571,0.028529506076864747,2.6139786977966475
0.42857142857142855,4.302040816326531,-0.6048391929931288,0.001785846651955559,2.6691210819339797
0.42857142857142855,4.442857142857143,-0.575743933426593,-0.0226119738249829,2.719912433614966
0.42857142857142855,4.5836734693877546,-0.5483221786338327,-0.04409561669853251,2.766904265357827
0.42857142857142855,4.724489795918367,-0.5224300587507316,-0.06210357901849003,2.810553058199051
0.42857142857142855,4.865306122448979,-0.49793888881181136,-0.07611855800881225,2.8512404262759685
0.42857142857142855,5.006122448979592,-0.47473341425982934,-0.08570913171225124,2.889288325554036
0.42857142857142855,5.146938775510204,-0.45271023760022877,-0.0905696742567799,2.9249706588861955
0.42857142857142855,5.2877551020408164,-0.43177642486360734,-0.09055121408446054,2.9585222358149146
0.42857142857142855,5.428571428571429,-0.4118482806045775,-0.08567678728821562,2.9901457667352638
0.42857142857142855,5.56938775510204,-0.3928502746066251,-0.07613783878458517,3.020017377379115
0.42857142857142855,5.710204081632653,-0.37471410466218225,-0.06227245427690017,3.0482910020549516
0.42857142857142855,5.851020408163265,-0.35737787795617904,-0.044530192865368565,3.0751019133876873
0.42857142857142855,5.9918367346938775,-0.34078539618907244,-0.023430520767714156,3.100569583302791
0.42857142857142855,6.13265306122449,-0.3248855306713699,0.0004780965780582326,3.1248000203592743
0.42857142857142855,6.273469387755102,-0.3096316755337108,0.02665314692027087,3.1478876936462084
0.42857142857142855,6.414285714285714,-0.2949812682308657,0.054584232695432326,3.169917126992322
0.42857142857142855,6.555102040816326,-0.2808953684214645,0.08380992485508132,3.190964228817943
0.42857142857142855,6.6959183673469385,-0.26733828763217626,0.11392638108035154,3.2110974087592394
0.42857142857142855,6.836734693877551,-0.2542772624571382,0.1445895653237701,3.2303785195744172
0.42857142857142855,6.977551020408163,-0.24168216590134325,0.17551306009040465,3.2488636569150495
0.42857142857142855,7.118367346938776,-0.2295252517640358,0.20646321114429178,3.2666038413363494
0.42857142857142855,7.259183673469387,-0.21778092783072978,0.23725296031054732,3.283645602749243
0.42857142857142855,7.4,-0.20642555424917355,0.2677352922903695,3.300031483775629
0.44897959183673464,0.5,-0.7612790036486151,0.6134172180971293,2.95564886453901
0.44897959183673464,0.6408163265306123,-0.8575952540372095,0.5827764136633065,2.8800877106963902
0.44897959183673464,0.7816326530612245,-0.9576783085681665,0.5677574229148826,2.7995385494506158
0.44897959183673464,0.9224489795918367,-1.060732602778633,0.5581269057954739,2.713236938393346
0.44897959183673464,1.063265306122449,-1.164967568105263,0.5493304234331656,2.620211298739963
0.44897959183673464,1.2040816326530612,-1.266985753253391,0.5394344802671923,2.519223412150334
0.44897959183673464,1.3448979591836734,-1.3611074601703577,0.5276799183750737,2.4086835341503487
0.44897959183673464,1.4857142857142858,-1.4391826676022719,0.5138283400804688,2.2865380669468913
0.44897959183673464,1.626530612244898,-1.4919614156437335,0.4978681787151974,2.1501422830240196
0.44897959183673464,1.76734693877551,-1.5126223844700606,0.4798818856258304,1.996196198731682
0.44897959183673464,1.9081632653061225,-1.5005424916172792,0.4599861559466068,1.8210817468387703
0.44897959183673464,2.0489795918367344,-1.4616836533677344,0.4383058800740847,1.6229435205313325
0.44897959183673464,2.1897959183673468,-1.405169055663631,0.41496403925956143,1.4103682828402766
0.44897959183673464,2.330612244897959,-1.3394872995806277,0.3900793301467482,1.2285161605858166
0.44897959183673464,2.4714285714285715,-1.2707494260794165,0.36376757764660067,1.1768232861762145
0.44897959183673464,2.6122448979591835,-1.202695367580707,0.33614518196531606,1.2904684850852286
0.44897959183673464,2.753061224489796,-1.1373429667436228,0.30733379937427724,1.4761015815318108
0.44897959183673464,2.8938775510204082,-1.0756326392415858,0.27746597843426035,1.6609418984245992
0.44897959183673464,3.03469387755102,-1.017885768632828,0.24669156097933748,1.8243551860183915
0.44897959183673464,3.1755102040816325,-0.9640896695830601,0.21518486364529862,1.9652882837160486
0.44897959183673464,3.316326530612245,-0.9140633937188641,0.18315257356042516,2.0870359861954637
0.44897959183673464,3.457142857142857,-0.8675505758075626,0.15084220897645653,2.1931432538441586
0.44897959183673464,3.5979591836734692,-0.8242698951280435,0.1185507589679734,2.286562378526217
0.44897959183673464,3.7387755102040816,-0.7839415465784373,0.08663268274163932,2.3696084870711287
0.44897959183673464,3.8795918367346935,-0.7463003431789518,0.05550617882500328,2.444076433530237
0.44897959183673464,4.020408163265306,-0.7111014670757455,0.025655931857836996,2.5113644014462793
0.44897959183673464,4.161224489795918,-0.6781222532155287,-0.002369891722951644,2.572573093912273
0.44897959183673464,4.302040816326531,-0.6471619023963006,-0.027970979051713734,2.6285797209080526
0.44897959183673464,4.442857142857143,-0.6180401714249046,-0.05051672808444984,2.6800921032098706
0.44897959183673464,4.5836734693877546,-0.5905956324478172,-0.0693797456281505,2.72768818408523
0.44897959183673464,4.724489795918367,-0.5646838083887697,-0.08397964022618777,2.7718451006043683
0.44897959183673464,4.865306122448979,-0.5401753531831085,-0.09383264825380845,2.8129607953437423
0.44897959183673464,5.006122448979592,-0.5169543547485032,-0.09859947250832032,2.851370268800332
0.44897959183673464,5.146938775510204,-0.49491679493197777,-0.098122030744001,2.8873579496048705
0.44897959183673464,5.2877551020408164,-0.4739691734590443,-0.0924409029766379,2.921167218950994
0.44897959183673464,5.428571428571429,-0.45402729070445963,-0.08178926237044609,2.9530078269618953
0.44897959183673464,5.56938775510204,-0.43501517622136254,-0.06656475275847296,2.983061726222126
0.44897959183673464,5.710204081632653,-0.41686414986684306,-0.047285818866179885,3.0114877086009457
0.44897959183673464,5.851020408163265,-0.3995119994087805,-0.024541645804769023,3.038425122959147
0.44897959183673464,5.9918367346938775,-0.38290226092232116,0.0010555653420432683,3.063996882626113
0.44897959183673464,6.13265306122449,-0.3669835888538734,0.02890985242181089,3.0883119180777414
0.44897959183673464,6.273469387755102,-0.3517092038006701,0.05846945633252757,3.1114671915516596
0.44897959183673464,6.414285714285714,-0.33703640817809477,0.08924352876678082,3.133549364634813
0.44897959183673464,6.555102040816326,-0.3229261604291993,0.12080936972486085,3.1546361868268384
0.44897959183673464,6.6959183673469385,-0.30934270020919397,0.15281270104422331,3.1747976595240557
0.44897959183673464,6.836734693877551,-0.29625321776717256,0.1849634315347945,3.194097017126088
0.44897959183673464,6.977551020408163,-0.2836275617285021,0.21702894584460258,3.212591558559248
0.44897959183673464,7.118367346938776,-0.27143798022234744,0.24882638596011886,3.2303333555007456
0.44897959183673464,7.259183673469387,-0.25965889147202287,0.28021489247659975,3.247369859239626
0.44897959183673464,7.4,-0.24826667929981538,0.3110883698919886,3.2637444216552507
0.4693877551020408,0.5,-0.7598474376148057,0.612445929646261,2.9566668403215015
0.4693877551020408,0.6408163265306123,-0.8553479542505179,0.580494298962283,2.8817183460780345
0.4693877551020408,0.7816326530612245,-0.9544854864005875,0.5641485849519701,2.8019682926991765
0.4693877551020408,0.9224489795918367,-1.0565708342124394,0.5532316147402772,2.7166929217575717
0.4693877551020408,1.063265306122449,-1.1600370148007144,0.5431869113790652,2.624975141121965
0.4693877551020408,1.2040816326530612,-1.2618982220727302,0.5320638385672075,2.5256497433510523
0.4693877551020408,1.3448979591836734,-1.3571205425412023,0.519085510286865,2.4172248351314187
0.4693877551020408,1.4857142857142858,-1.4383270769012657,0.5039988965167662,2.297776252942456
0.4693877551020408,1.626530612244898,-1.4967405359174366,0.48678125947049333,2.1648213088652275
0.4693877551020408,1.76734693877551,-1.5251011103153618,0.4675069429975184,2.015224443579372
0.4693877551020408,1.9081632653061225,-1.5213607063118502,0.4462871469631456,1.8453724770806854
0.4693877551020408,2.0489795918367344,-1.4899135394727119,0.42324363995254227,1.652575247382007
0.4693877551020408,2.1897959183673468,-1.4390479381014036,0.39849864578559896,1.441268817921692
0.4693877551020408,2.330612244897959,-1.3772281228083945,0.37217267579275715,1.2438827550012814
0.4693877551020408,2.4714285714285715,-1.3109420595906143,0.3443863317816494,1.1500399118226163
0.4693877551020408,2.6122448979591835,-1.2443622250485509,0.31526440693399216,1.2277287799505834
0.4693877551020408,2.753061224489796,-1.1798523977590607,0.28494145456607844,1.4041700750277057
0.4693877551020408,2.8938775510204082,-1.1185925395375518,0.25356856307037023,1.592011127938742
0.4693877551020408,3.03469387755102,-1.0610589976733398,0.2213211094938328,1.7608060317618879
0.4693877551020408,3.1755102040816325,-1.007336015730966,0.18840755148086816,1.90672003976634
0.4693877551020408,3.316326530612245,-0.9573022157628103,0.15507906433241997,2.0325607634758396
0.4693877551020408,3.457142857142857,-0.9107374385813652,0.12163970709310887,2.141939786986408
0.4693877551020408,3.5979591836734692,-0.8673821297862468,0.08845629110732606,2.2379701227511335
0.4693877551020408,3.7387755102040816,-0.826969368700909,0.05596677956474454,2.323114329220877
0.4693877551020408,3.8795918367346935,-0.7892413994435751,0.02468523023517758,2.3992833844677857
0.4693877551020408,4.020408163265306,-0.7539574951489285,-0.004799373548091802,2.467963243669626
0.4693877551020408,4.161224489795918,-0.7208970477724553,-0.03183358097613799,2.530320441764915
0.4693877551020408,4.302040816326531,-0.689860088082221,-0.05572228492381433,2.587281810695676
0.4693877551020408,4.442857142857143,-0.6606664847286777,-0.07576570563707355,2.639592935146079
0.4693877551020408,4.5836734693877546,-0.6331545104001391,-0.09130959831385965,2.687860833908115
0.4693877551020408,4.724489795918367,-0.6071791754117423,-0.10180371775318293,2.7325852980518177
0.4693877551020408,4.865306122448979,-0.5826105257540223,-0.10685935156497381,2.7741821224653016
0.4693877551020408,5.006122448979592,-0.5593320188195708,-0.1062941794155457,2.813000530896513
0.4693877551020408,5.146938775510204,-0.5372390256913229,-0.1001538459308447,2.849336399339486
0.4693877551020408,5.2877551020408164,-0.5162374787768355,-0.08870470199730231,2.8834424092933704
0.4693877551020408,5.428571428571429,-0.4962426664676564,-0.07239956310803974,2.9155359327858297
0.4693877551020408,5.56938775510204,-0.4771781661166135,-0.05182494917661006,2.9458052185813024
0.4693877551020408,5.710204081632653,-0.4589749051566289,-0.027641471379177305,2.9744142980172232
0.4693877551020408,5.851020408163265,-0.4415703361893164,-0.000528207952891142,3.0015069096699554
0.4693877551020408,5.9918367346938775,-0.4249077133902726,0.028861710407397836,3.0272096676826488
0.4693877551020408,6.13265306122449,-0.40893545766654016,0.05993142215661519,3.051634640049559
0.4693877551020408,6.273469387755102,-0.393606599733821,0.09215718114987459,3.0748814634978436
0.4693877551020408,6.414285714285714,-0.3788782908133425,0.12509432891394529,3.0970390903210188
0.4693877551020408,6.555102040816326,-0.3647113722544102,0.15837563182759498,3.1181872410643785
0.4693877551020408,6.6959183673469385,-0.35106999632652014,0.19170497013598356,3.138397619974314
0.4693877551020408,6.836734693877551,-0.33792129173093344,0.224848730473722,3.1577349383475632
0.4693877551020408,6.977551020408163,-0.32523506783173806,0.2576264912143515,3.176257780690366
0.4693877551020408,7.118367346938776,-0.3129835526151977,0.2899020251194912,3.1940193416030738
0.4693877551020408,7.259183673469387,-0.3011411601556841,0.3215751416560471,3.211068055627014
0.4693877551020408,7.4,-0.2896842839181836,0.3525746019199693,3.2274481385920155
0.4897959183673469,0.5,-0.7584245506337906,0.6114986054809588,2.957678977334601
0.4897959183673469,0.6408163265306123,-0.8531155965736009,0.5782437736048828,2.883337110147414
0.4897959183673469,0.7816326530612245,-0.9513119287883177,0.560573053740687,2.8043762723317984
0.4897959183673469,0.9224489795918367,-1.0524214098084792,0.5483665553428244,2.7201115983783097
0.4897959183673469,1.063265306122449,-1.1550800476817917,0.537066922032538,2.6296779326045305
0.4897959183673469,1.2040816326530612,-1.2566762050041258,0.5247070898525688,2.531979473940217
0.4897959183673469,1.3448979591836734,-1.3527718358444645,0.5104927972791101,2.425617244408771
0.4897959183673469,1.4857142857142858,-1.4367388426732823,0.49415653666971115,2.308790417272864
0.4897959183673469,1.626530612244898,-1.5003533916599083,0.47566447781313764,2.1791734431495255
0.4897959183673469,1.76734693877551,-1.536132105509235,0.4550829371848931,2.033802854279623
0.4897959183673469,1.9081632653061225,-1.54079460018015,0.4325177781139984,1.8691377844108361
0.4897959183673469,2.0489795918367344,-1.517141968051072,0.4080879559040158,1.6819653569217585
0.4897959183673469,2.1897959183673468,-1.4724348927267923,0.38191551039030563,1.473724908659083
0.4897959183673469,2.330612244897959,-1.4149410197177203,0.3541236650477835,1.2663601551456007
0.4897959183673469,2.4714285714285715,-1.3514527883574106,0.32483921214393346,1.1347423077470409
0.4897959183673469,2.6122448979591835,-1.2865738327543037,0.294197423033343,1.1696368136314172
0.4897959183673469,2.753061224489796,-1.2230392525173777,0.2623487874171103,1.3307694573956295
0.4897959183673469,2.8938775510204082,-1.162296360102737,0.2294671269235297,1.5200244554922
0.4897959183673469,3.03469387755102,-1.104998603551068,0.1957590982248922,1.6942690727651335
0.4897959183673469,3.1755102040816325,-1.051342789729505,0.16147488789429845,1.8455721585688702
0.4897959183673469,3.316326530612245,-1.0012775784498689,0.1269198824004744,1.975911262528152
0.4897959183673469,3.457142857142857,-0.9546258464353276,0.09246655395909102,2.088898964676566
0.4897959183673469,3.5979591836734692,-0.9111542191947221,0.05856531003161351,2.1878097282095297
0.4897959183673469,3.7387755102040816,-0.8706115005745532,0.025752286335700116,2.275266712275993
0.4897959183673469,3.8795918367346935,-0.8327491914747239,-0.005348982564741909,2.3533098457293384
0.4897959183673469,4.020408163265306,-0.7973318291591526,-0.034035819383321654,2.423522973097669
0.4897959183673469,4.161224489795918,-0.7641416137420608,-0.059548658459698874,2.487146000079342
0.4897959183673469,4.302040816326531,-0.7329798879822017,-0.08111020945527145,2.545160916163336
0.4897959183673469,4.442857142857143,-0.7036669313500908,-0.09798148104967362,2.598355150668761
0.4897959183673469,4.5836734693877546,-0.6760409052243683,-0.10952966018708626,2.6473678308360107
0.4897959183673469,4.724489795918367,-0.6499564197102333,-0.1152972336777348,2.6927236765743796
0.4897959183673469,4.865306122448979,-0.6252829747994814,-0.11505781684085922,2.7348580690678754
0.4897959183673469,5.006122448979592,-0.6019034277208171,-0.10884487609442625,2.7741357902216777
0.4897959183673469,5.146938775510204,-0.5797125485070511,-0.09694549287148359,2.810865204070173
0.4897959183673469,5.2877551020408164,-0.5586156986864633,-0.07986087789141706,2.845309112679155
0.4897959183673469,5.428571428571429,-0.5385276428642551,-0.05824402555785554,2.8776931634125495
0.4897959183673469,5.56938775510204,-0.5193714891437391,-0.03282924754293077,2.90821242680453
0.4897959183673469,5.710204081632653,-0.5010777526296064,-0.004367090531439148,2.9370366005586863
0.4897959183673469,5.851020408163265,-0.4835835292796613,0.02642657136190391,2.964314162601709
0.4897959183673469,5.9918367346938775,-0.4668317690183363,0.05890413865519507,2.9901757161591878
0.4897959183673469,6.13265306122449,-0.450770636913094,0.09250379298926316,3.0147367069296402
0.4897959183673469,6.273469387755102,-0.43535295160617565,0.12675442361618713,3.0380996471308888
0.4897959183673469,6.414285714285714,-0.42053569129369445,0.16127206392855806,3.0603559493498094
0.4897959183673469,6.555102040816326,-0.40627955892051687,0.1957514579856364,3.0815874490095654
0.4897959183673469,6.6959183673469385,-0.3925485985577566,0.22995544558213551,3.1018676758500408
0.4897959183673469,6.836734693877551,-0.3793098570994281,0.26370397278731883,3.121262923590961
0.4897959183673469,6.977551020408163,-0.3665330848952071,0.29686376296989264,3.139833153324331
0.4897959183673469,7.118367346938776,-0.35419047029385664,0.3293391620502634,3.1576327609575467
0.4897959183673469,7.259183673469387,-0.34225640448961553,0.3610643369643587,3.17471123322924
0.4897959183673469,7.4,-0.33070727226729485,0.3919967976934235,3.191113710229204
0.5102040816326531,0.5,-0.7570102995878425,0.6105752491253579,2.9586853176279595
0.5102040816326531,0.6408163265306123,-0.850898171038133,0.5760251232360654,2.884944114159533
0.5102040816326531,0.7816326530612245,-0.9481579634855171,0.5570314985683362,2.8067627441117646
0.5102040816326531,0.9224489795918367,-1.0482860057143184,0.5435328006020577,2.723493502623804
0.5102040816326531,1.063265306122449,-1.1501022805974384,0.5309719154226563,2.634320713182946
0.5102040816326531,1.2040816326530612,-1.2513343401283157,0.5173660496240889,2.538214511897642
0.5102040816326531,1.3448979591836734,-1.3480911789439332,0.5019039192247607,2.4338640583974422
0.5102040816326531,1.4857142857142858,-1.4344612393313152,0.48430369138456175,2.319585794738568
0.5102040816326531,1.626530612244898,-1.5028311177698253,0.4645205326426493,2.193205616308354
0.5102040816326531,1.76734693877551,-1.545688685539722,0.44261281974168337,2.051935313939825
0.5102040816326531,1.9081632653061225,-1.5587385331577608,0.4186812649853131,1.892353840278091
0.5102040816326531,2.0489795918367344,-1.543217511011007,0.3928423800560005,1.710957490216204
0.5102040816326531,2.1897959183673468,-1.5051872080677047,0.3652186662849883,1.5070932937441048
0.5102040816326531,2.330612244897959,-1.4525260938868758,0.3359371131606896,1.2945150745077971
0.5102040816326531,2.4714285714285715,-1.3922314183389715,0.3051323365193649,1.1315325547878567
0.5102040816326531,2.6122448979591835,-1.3293217320956892,0.2729525558032306,1.1188370993561998
0.5102040816326531,2.753061224489796,-1.266925029537429,0.2395677106900138,1.256844910154073
0.5102040816326531,2.8938775510204082,-1.2067850819012422,0.20517931829039165,1.444931804562422
0.5102040816326531,3.03469387755102,-1.1497572084863787,0.17003203526544455,1.6244689853252157
0.5102040816326531,3.1755102040816325,-1.0961688501607825,0.13442664662055012,1.781568373770648
0.5102040816326531,3.316326530612245,-1.0460510138475128,0.09873395037664381,1.9168537849431546
0.5102040816326531,3.457142857142857,-0.9992777357152509,0.06340827138174267,2.0338295713898296
0.5102040816326531,3.5979591836734692,-0.955647100012461,0.028998597216871515,2.1359243580362555
0.5102040816326531,3.7387755102040816,-0.9149270451416757,-0.003845913239898295,2.225935278297939
0.5102040816326531,3.8795918367346935,-0.8768805261726291,-0.03438049049305398,2.3060457084801618
0.5102040816326531,4.020408163265306,-0.8412787571357236,-0.061784514716387684,2.3779490722933287
0.5102040816326531,4.161224489795918,-0.8079076529827021,-0.08520086233432461,2.4429673980369935
0.5102040816326531,4.302040816326531,-0.7765704445337217,-0.1037962921191865,2.5021442540597976
0.5102040816326531,4.442857142857143,-0.7470881874876789,-0.1168385992614115,2.556313628543417
0.5102040816326531,4.5836734693877546,-0.7192991561904478,-0.12377900782125392,2.6061502430368177
0.5102040816326531,4.724489795918367,-0.6930576911899131,-0.12432236450088667,2.652206360068526
0.5102040816326531,4.865306122448979,-0.6682328203130091,-0.11846709664851329,2.694938924582549
0.5102040816326531,5.006122448979592,-0.64470683659164,-0.10650351451784995,2.7347297944062485
0.5102040816326531,5.146938775510204,-0.622373917729704,-0.0889708916028053,2.7719010011532075
0.5102040816326531,5.2877551020408164,-0.6011388477143942,-0.0665854604523845,2.8067263938935483
0.5102040816326531,5.428571428571429,-0.5809158505847151,-0.040157547794316704,2.8394406312924065
0.5102040816326531,5.56938775510204,-0.5616275422502164,-0.010514987882041634,2.8702461961296524
0.5102040816326531,5.710204081632653,-0.5432039989751527,0.021556204380420118,2.8993189307291605
0.5102040816326531,5.851020408163265,-0.5255819315490577,0.05535010754340664,2.926812442899918
0.5102040816326531,5.9918367346938775,-0.5087039564656625,0.09025987807926276,2.9528616469934654
0.5102040816326531,6.13265306122449,-0.4925179536319643,0.1257819938272017,2.9775856336862896
0.5102040816326531,6.273469387755102,-0.47697650058399316,0.1615108623398925,3.001090014283471
0.5102040816326531,6.414285714285714,-0.4620363741104824,0.19712817571192173,3.023468849818318
0.5102040816326531,6.555102040816326,-0.4476581109078381,0.23239015151030804,3.0448062498477992
0.5102040816326531,6.6959183673469385,-0.43380561998006373,0.26711470441424734,3.065177705888577
0.5102040816326531,6.836734693877551,-0.4204458401290265,0.3011696471303754,3.084651210382988
0.5102040816326531,6.977551020408163,-0.4075484371265093,0.33446242267487664,3.10328820121447
0.5102040816326531,7.118367346938776,-0.3950855350891804,0.36693148836308614,3.121144362878258
0.5102040816326531,7.259183673469387,-0.3830314783269449,0.3985392676929169,3.138270310075128
0.5102040816326531,7.4,-0.3713626195471165,0.4292664871860497,3.1547121732403247
0.5306122448979591,0.5,-0.7556046408952203,0.609675859268156,2.9596859029061626
0.5306122448979591,0.6408163265306123,-0.8486956624476203,0.5738386249754428,2.886539468143362
0.5306122448979591,0.7816326530612245,-0.945023888833954,0.5535245817931387,2.809127960236527
0.5306122448979591,0.9224489795918367,-1.0441661796672685,0.5387314238007792,2.7268391598795376
0.5306122448979591,1.063265306122449,-1.145108962413896,0.5249033628047693,2.6389045028415805
0.5306122448979591,1.2040816326530612,-1.2458864453202352,0.5100425614828723,2.544356726185896
0.5306122448979591,1.3448979591836734,-1.3431074195876493,0.4933210598484062,2.441968513040203
0.5306122448979591,1.4857142857142858,-1.431538614914973,0.4744428577992924,2.330167584325344
0.5306122448979591,1.626530612244898,-1.5042122970487182,0.45335220324070963,2.2069250372619034
0.5306122448979591,1.76734693877551,-1.5537578465218767,0.4300996413533719,2.0696276658036044
0.5306122448979591,1.9081632653061225,-1.5750961640766405,0.40478094431366785,1.9150063934386936
0.5306122448979591,2.0489795918367344,-1.5679834903349716,0.3775106171230485,1.7394360505517257
0.5306122448979591,2.1897959183673468,-1.5371447451599534,0.34841234970415935,1.540861121760322
0.5306122448979591,2.330612244897959,-1.4898631539729434,0.3176181250270106,1.326922245204042
0.5306122448979591,2.4714285714285715,-1.4332114520817403,0.2852722748055294,1.1400448397845842
0.5306122448979591,2.6122448979591835,-1.3725873832855304,0.2515388260018076,1.078247910143393
0.5306122448979591,2.753061224489796,-1.3115268192620624,0.2166112785974608,1.183922375293481
0.5306122448979591,2.8938775510204082,-1.2520994872651683,0.1807246186687052,1.3668342113320557
0.5306122448979591,3.03469387755102,-1.1953900008522684,0.1441693355032116,1.5511253186020295
0.5306122448979591,3.1755102040816325,-1.141877254166322,0.1073070835355357,1.7143972637220115
0.5306122448979591,3.316326530612245,-1.0916890927123517,0.07058681774400298,1.8551205486702016
0.5306122448979591,3.457142857142857,-1.0447603916651562,0.03455959196933595,1.9765127258679702
0.5306122448979591,3.5979591836734692,-1.000927031377567,-0.00011129130046094477,2.08213552869159
0.5306122448979591,3.7387755102040816,-0.95998019570362,-0.03264969269258816,2.174972725841449
0.5306122448979591,3.8795918367346935,-0.9216969483649108,-0.0621816502828534,2.2573674381864723
0.5306122448979591,4.020408163265306,-0.8858568895031704,-0.08777223252082715,2.3311362250782093
0.5306122448979591,4.161224489795918,-0.8522507447458781,-0.10848776463689858,2.397693445392608
0.5306122448979591,4.302040816326531,-0.8206843313270734,-0.12348097066780005,2.458151734429141
0.5306122448979591,4.442857142857143,-0.7909799195501023,-0.13208757661575482,2.513397115215205
0.5306122448979591,4.5836734693877546,-0.7629761656891836,-0.13391434267858965,2.5641439402436204
0.5306122448979591,4.724489795918367,-0.7365273007846043,-0.12889544105526368,2.6109750207538673
0.5306122448979591,4.865306122448979,-0.71150196776823,-0.11730040461201323,2.654371134484936
0.5306122448979591,5.006122448979592,-0.6877819321345047,-0.09969110515653072,2.6947329503839335
0.5306122448979591,5.146938775510204,-0.6652607888106579,-0.07684076961438942,2.732397508621864
0.5306122448979591,5.2877551020408164,-0.6438427351400663,-0.049637241468889,2.767650755498707
0.5306122448979591,5.428571428571429,-0.6234414310910413,-0.01899224622625187,2.8007371929569325
0.5306122448979591,5.56938775510204,-0.6039789700759872,0.01422894210971673,2.8318673812552517
0.5306122448979591,5.710204081632653,-0.5853849548858219,0.049252467566204224,2.8612238445579106
0.5306122448979591,5.851020408163265,-0.5675956743745609,0.08541757710032163,2.888965758624662
0.5306122448979591,5.9918367346938775,-0.5505533739676958,0.12218075044137788,2.915232709045275
0.5306122448979591,6.13265306122449,-0.534205610749316,0.15910861815240818,2.940147729875665
0.5306122448979591,6.273469387755102,-0.518504684031056,0.1958649927925648,2.9638197803860797
0.5306122448979591,6.414285714285714,-0.5034071327658526,0.23219577076263817,2.986345779303517
0.5306122448979591,6.555102040816326,-0.48887329220529635,0.2679140436791666,3.0078122876424898
0.5306122448979591,6.6959183673469385,-0.4748669019480859,0.3028866259873069,3.0282969092061225
0.5306122448979591,6.836734693877551,-0.46135475947868404,0.33702250339949485,3.0478694640061663
0.5306122448979591,6.977551020408163,-0.44830641401137755,0.3702632762792496,3.0665929779955494
0.5306122448979591,7.118367346938776,-0.4356938944364984,0.40257543505072385,3.0845245203330376
0.5306122448979591,7.259183673469387,-0.4234914681677811,0.4339442319590746,3.1017159171473434
0.5306122448979591,7.4,-0.4116754268800252,0.464368879047552,3.1182143624389678
0.5510204081632653,0.5,-0.7542075305394943,0.6088004295769226,2.960680774531513
0.5510204081632653,0.6408163265306123,-0.8465080506393382,0.5716845472059142,2.888123280917068
0.5510204081632653,0.7816326530612245,-0.9419099752697924,0.5500529583618192,2.8114721693915423
0.5510204081632653,0.9224489795918367,-1.040063377129482,0.5339634977772696,2.7301490867012292
0.5510204081632653,1.063265306122449,-1.1401049934361278,0.5188627465491167,2.6434303018560534
0.5510204081632653,1.2040816326530612,-1.2403455309930647,0.5027384943043489,2.550407946986406
0.5510204081632653,1.3448979591836734,-1.337848297491579,0.4847464465648057,2.449933781666838
0.5510204081632653,1.4857142857142858,-1.4280158241366292,0.46457659248748767,2.3405409320978365
0.5510204081632653,1.626530612244898,-1.5045420431114924,0.4421623550038459,2.2203390975973063
0.5510204081632653,1.76734693877551,-1.5603407096513644,0.4175465655391542,2.0868872555194193
0.5510204081632653,1.9081632653061225,-1.5897835783853589,0.39082030254552536,1.9370887309890117
0.5510204081632653,2.0489795918367344,-1.5912813165876023,0.36209654873226277,1.76731809999427
0.5510204081632653,2.1897959183673468,-1.5681303954005648,0.33150103151133326,1.5746312497357957
0.5510204081632653,2.330612244897959,-1.5268093775599687,0.2991721176365319,1.36228993504288
0.5510204081632653,2.4714285714285715,-1.4743068098607632,0.26526606486363585,1.1590385754816193
0.5510204081632653,2.6122448979591835,-1.4163393647645341,0.22996599106818294,1.0505873518764046
0.5510204081632653,2.753061224489796,-1.3568554890308506,0.19349373331733669,1.1142961117601402
0.5510204081632653,2.8938775510204082,-1.2982792851376526,0.1561244393535739,1.2860970617686824
0.5510204081632653,3.03469387755102,-1.2419545641536969,0.11820352572372707,1.4739743723545347
0.5510204081632653,3.1755102040816325,-1.1885355477380748,0.08016521573769364,1.6437100089324008
0.5510204081632653,3.316326530612245,-1.138263978436641,0.04255093724241216,1.7904036777030334
0.5510204081632653,3.457142857142857,-1.0911471321215893,0.006024552336600747,1.9166965064402222
0.5510204081632653,3.5979591836734692,-1.0470663209559308,-0.028620619936468524,2.0262389444957933
0.5510204081632653,3.7387755102040816,-1.0058409491473481,-0.060469881820675704,2.122211670671498
0.5510204081632653,3.8795918367346935,-0.9672654108279144,-0.08851828495954425,2.207135705595439
0.5510204081632653,4.020408163265306,-0.931129768624021,-0.11173106675368044,2.2829664969962336
0.5510204081632653,4.161224489795918,-0.8972308902060002,-0.12913391152070103,2.351222710862806
0.5510204081632653,4.302040816326531,-0.8653780262149448,-0.13992323042307805,2.413094829269498
0.5510204081632653,4.442857142857143,-0.8353951925784463,-0.14357488839649007,2.4695273110285805
0.5510204081632653,4.5836734693877546,-0.8071217527030653,-0.13992291957443684,2.521278835445772
0.5510204081632653,4.724489795918367,-0.7804120183394235,-0.12918409366905925,2.5689662442461727
0.5510204081632653,4.865306122448979,-0.7551343492001644,-0.11192021923789452,2.613096763264936
0.5510204081632653,5.006122448979592,-0.7311700297230709,-0.08895036565669387,2.6540918614735194
0.5510204081632653,5.146938775510204,-0.708412080991378,-0.061239161031495765,2.6923051210906093
0.5510204081632653,5.2877551020408164,-0.6867640939571115,-0.029788907546863058,2.728035781165338
0.5510204081632653,5.428571428571429,-0.6661391374515394,0.0044452855188789366,2.761539130501763
0.5510204081632653,5.56938775510204,-0.6464587421080954,0.04060990964521172,2.79303455878152
0.5510204081632653,5.710204081632653,-0.6276519927826908,0.07797927175612171,2.8227118777948497
0.5510204081632653,5.851020408163265,-0.6096547093979696,0.1159603904809786,2.8507363238071664
0.5510204081632653,5.9918367346938775,-0.5924087184804292,0.1540844775066107,2.8772525575046592
0.5510204081632653,6.13265306122449,-0.575861206538785,0.19199154197886986,2.9023878900219007
0.5510204081632653,6.273469387755102,-0.5599641476427497,0.22941269646114001,2.9262549066828836
0.5510204081632653,6.414285714285714,-0.5446737973264837,0.26615291311765676,2.948953617426334
0.5510204081632653,6.555102040816326,-0.5299502448426314,0.3020756101963831,2.970573231295343
0.5510204081632653,6.6959183673469385,-0.5157570175362851,0.3370895958128164,2.9911936317552255
0.5510204081632653,6.836734693877551,-0.5020607303780016,0.3711383840086888,3.0108866097753535
0.5510204081632653,6.977551020408163,-0.48883077615510595,0.40419166894908565,3.0297169021560215
0.5510204081632653,7.118367346938776,-0.47603905025695303,0.43623862818618847,3.0477430691051492
0.5510204081632653,7.259183673469387,-0.46365970633941994,0.4672827350139571,3.065018240583069
0.5510204081632653,7.4,-0.4516689393770409,0.4973377785835639,3.081590754406271
0.5714285714285714,0.5,-0.7528189240983156,0.6079489486883682,2.9616699735271776
0.5714285714285714,0.6408163265306123,-0.8443353107362458,0.5695631495042527,2.8896956601034565
0.5714285714285714,0.7816326530612245,-0.9388164667643957,0.5466172753267088,2.8137956168035303
0.5714285714285714,0.9224489795918367,-1.035978937148258,0.529230094663777,2.73342379099969
0.5714285714285714,1.063265306122449,-1.1350949417559968,0.512851559845424,2.647899091087423
0.5714285714285714,1.2040816326530612,-1.2347238179498885,0.4954557426421745,2.5563699659719017
0.5714285714285714,1.3448979591836734,-1.3323403547752501,0.4761823486943766,2.4577629732382067
0.5714285714285714,1.4857142857142858,-1.423937710928702,0.4547075168117284,2.350710917001011
0.5714285714285714,1.626530612244898,-1.5038709740552276,0.43095393642708835,2.233455298639966
0.5714285714285714,1.76734693877551,-1.565452496818234,0.40495686021890853,2.103722574493785
0.5714285714285714,1.9081632653061225,-1.6027322228641083,0.37680295335676256,1.958600036585885
0.5714285714285714,2.0489795918367344,-1.6129545755399814,0.34660422433335836,1.7945465566139973
0.5714285714285714,2.1897959183673468,-1.5979514848740348,0.31448940146048876,1.6081043029361206
0.5714285714285714,2.330612244897959,-1.5631972336227773,0.2806048327874999,1.3995247664185415
0.5714285714285714,2.4714285714285715,-1.5154081428527615,0.24512123303096017,1.1866904803634502
0.5714285714285714,2.6122448979591835,-1.460529930979576,0.20824459065039033,1.0377374171615152
0.5714285714285714,2.753061224489796,-1.4029133110691205,0.17023059960329948,1.051146983806435
0.5714285714285714,2.8938775510204082,-1.3453618748630802,0.13140229984674084,1.2035276565926332
0.5714285714285714,3.03469387755102,-1.2895105301738583,0.09217043785900915,1.3928112092134395
0.5714285714285714,3.1755102040816325,-1.2362160139799092,0.05305507080796728,1.5691209739912941
0.5714285714285714,3.316326530612245,-1.1858540272082758,0.01470587409350908,1.7223483682532974
0.5714285714285714,3.457142857142857,-1.1385180855857813,-0.02208369859944544,1.8540893411467314
0.5714285714285714,3.5979591836734692,-1.094144162203485,-0.05637565362452725,1.9679993355446879
0.5714285714285714,3.7387755102040816,-1.0525859337210617,-0.0871095169928037,2.06746077978147
0.5714285714285714,3.8795918367346935,-1.01365905056023,-0.11315641422848197,2.1551924855669626
0.5714285714285714,4.020408163265306,-0.9771665724445289,-0.1334098011447618,2.233307131679781
0.5714285714285714,4.161224489795918,-0.9429131338543819,-0.1469066288114919,2.3034418153919547
0.5714285714285714,4.302040816326531,-0.9107124505154074,-0.152957937389107,2.3668752266908495
0.5714285714285714,4.442857142857143,-0.880390929503867,-0.1512557168749504,2.424617788559875
0.5714285714285714,4.5836734693877546,-0.8517890347279696,-0.14192281052760755,2.477478003216361
0.5714285714285714,4.724489795918367,-0.8247613872993,-0.12548874972412527,2.526110797578975
0.5714285714285714,4.865306122448979,-0.7991761849512136,-0.10279979879172263,2.5710528751566875
0.5714285714285714,5.006122448979592,-0.7749142824376927,-0.07489238133360332,2.612748798970046
0.5714285714285714,5.146938775510204,-0.7518681325529356,-0.04286482792813316,2.6515704529026003
0.5714285714285714,5.2877551020408164,-0.7299407012066308,-0.0077736909743503285,2.6878317366108337
0.5714285714285714,5.428571428571429,-0.7090444212055139,0.02943407207195976,2.7217997984103586
0.5714285714285714,5.56938775510204,-0.6891002105411783,0.06795439005029318,2.7537037109294413
0.5714285714285714,5.710204081632653,-0.6700365814922012,0.10713315636522036,2.783741260277626
0.5714285714285714,5.851020408163265,-0.6517888245177783,0.14645670692410825,2.812084298068812
0.5714285714285714,5.9918367346938775,-0.6342982867335016,0.1855339565380795,2.8388830142212473
0.5714285714285714,6.13265306122449,-0.6175117240525706,0.22407579725252233,2.8642693715618663
0.5714285714285714,6.273469387755102,-0.6013807266454254,0.26187512891440384,2.888359892949415
0.5714285714285714,6.414285714285714,-0.5858612093588444,0.29878915594569144,2.9112579397277583
0.5714285714285714,6.555102040816326,-0.5709129603837646,0.334724530425937,2.9330555887965954
0.5714285714285714,6.6959183673469385,-0.5564992417434187,0.36962532092311423,2.953835189595321
0.5714285714285714,6.836734693877551,-0.5425864349048735,0.4034634997918335,2.9736706628914837
0.5714285714285714,6.977551020408163,-0.5291437273956446,0.4362315588297802,2.9926285929807825
0.5714285714285714,7.118367346938776,-0.5161428341691988,0.4679368435344376,3.0107691486938437
0.5714285714285714,7.259183673469387,-0.5035577502028911,0.49859724804367483,3.0281468658848785
0.5714285714285714,7.4,-0.49136453079165987,0.5282379717488176,3.0448113154073404
0.5918367346938775,0.5,-0.7514387767724536,0.6071214005323461,2.962653540581237
0.5918367346938775,0.6408163265306123,-0.8421774133865088,0.5674746822441636,2.891256712143259
0.5918367346938775,0.7816326530612245,-0.935743582201487,0.543218171363222,2.816098544293095
0.5918367346938775,0.9224489795918367,-1.0319140981726382,0.5245322826150426,2.736663772044683
0.5918367346938775,1.063265306122449,-1.1300830594119446,0.5068713049648345,2.6523118323257533
0.5918367346938775,1.2040816326530612,-1.2290327589632515,0.4881962257333681,2.5622445366777287
0.5918367346938775,1.3448979591836734,-1.3266088710883992,0.46763107952264577,2.4654591313670666
0.5918367346938775,1.4857142857142858,-1.4193486477992527,0.4448383154418661,2.3606825395062345
0.5918367346938775,1.626530612244898,-1.5022541290105542,0.4197299823523946,2.2462811874659705
0.5918367346938775,1.76734693877551,-1.5691220515782267,0.39233389954194675,2.12014295976851
0.5918367346938775,1.9081632653061225,-1.6138914555229842,0.36273265191214965,1.97954405175754
0.5918367346938775,2.0489795918367344,-1.6328537611118434,0.33103787210587315,1.8210845655900951
0.5918367346938775,2.1897959183673468,-1.6264023673808952,0.2973823899679993,1.6410606297484578
0.5918367346938775,2.330612244897959,-1.598832944520467,0.2619223564184289,1.4377484729684702
0.5918367346938775,2.4714285714285715,-1.5563788103351892,0.22484582278861917,1.2209545229202468
0.5918367346938775,2.6122448979591835,-1.5050908338166151,0.18638599841176426,1.04019869716476
0.5918367346938775,2.753061224489796,-1.4496908893296059,0.1468387630121616,0.9984316404371201
0.5918367346938775,2.8938775510204082,-1.393380628399677,0.10658393812367563,1.1206362257447422
0.5918367346938775,3.03469387755102,-1.3381189843887333,0.0661094047695551,1.3075672936401592
0.5918367346938775,3.1755102040816325,-1.2849958526381895,0.026035894575716395,1.4902144676469826
0.5918367346938775,3.316326530612245,-1.2345444318876873,-0.012861669058231915,1.6505454318370305
0.5918367346938775,3.457142857142857,-1.1869610714927838,-0.04964340959848825,1.7883519003292698
0.5918367346938775,3.5979591836734692,-1.1422476058096431,-0.08321455772219419,1.9071440013099745
0.5918367346938775,3.7387755102040816,-1.1002993717815508,-0.1123682548946514,2.010499953430153
0.5918367346938775,3.8795918367346935,-1.0609580922066724,-0.13587042206693492,2.1013574794579464
0.5918367346938775,4.020408163265306,-1.0240429303090914,-0.1525862358204901,2.18200785989151
0.5918367346938775,4.161224489795918,-0.9893682794877771,-0.16163078984230167,2.25422337111643
0.5918367346938775,4.302040816326531,-0.9567535833818123,-0.162508317960941,2.3193832209270644
0.5918367346938775,4.442857142857143,-0.9260284280106729,-0.15519716404821157,2.3785727113483186
0.5918367346938775,4.5836734693877546,-0.897034855075151,-0.14015048836360885,2.432656641735431
0.5918367346938775,4.724489795918367,-0.8696280703764564,-0.11821237748775669,2.482332774521042
0.5918367346938775,4.865306122448979,-0.8436762533664063,-0.09047885436897202,2.5281708211965563
0.5918367346938775,5.006122448979592,-0.8190598874902855,-0.05814659113356536,2.5706410978339855
0.5918367346938775,5.146938775510204,-0.7956708607180232,-0.02238517011426438,2.6101358197665943
0.5918367346938775,5.2877551020408164,-0.7734114819000122,0.01574925295698909,2.6469851166125906
0.5918367346938775,5.428571428571429,-0.7521934971903306,0.055358175319976485,2.68146922545451
0.5918367346938775,5.56938775510204,-0.731937147698939,0.09571204819658162,2.713827875394432
0.5918367346938775,5.710204081632653,-0.7125702959290059,0.13624065306516403,2.744267601565843
0.5918367346938775,5.851020408163265,-0.6940276318128811,0.17651279819406457,2.7729675023128606
0.5918367346938775,5.9918367346938775,-0.6762499460961361,0.2162124552499657,2.800083808657713
0.5918367346938775,6.13265306122449,-0.6591834891708265,0.25511562958126244,2.8257535568341714
0.5918367346938775,6.273469387755102,-0.6427793940024707,0.2930699200585476,2.8500975564055238
0.5918367346938775,6.414285714285714,-0.6269931639903776,0.32997748809219546,2.873222812099954
0.5918367346938775,6.555102040816326,-0.6117842182042231,0.36578137985666864,2.895224514185524
0.5918367346938775,6.6959183673469385,-0.5971154879446225,0.40045481374629993,2.916187685605934
0.5918367346938775,6.836734693877551,-0.5829530590510504,0.43399293919617626,2.9361885546004727
0.5918367346938775,6.977551020408163,-0.5692658538207803,0.4664065747381847,2.95529570385928
0.5918367346938775,7.118367346938776,-0.5560253500100204,0.49771750345420157,2.9735710417669248
0.5918367346938775,7.259183673469387,-0.5432053296378149,0.5279549564148586,2.9910706232847915
0.5918367346938775,7.4,-0.5307816562315189,0.557153011364353,3.007845350311235
0.6122448979591836,0.5,-0.7500670434088819,0.6063177634678849,2.9636315160466817
0.6122448979591836,0.6408163265306123,-0.8400343249880279,0.5654193861587777,2.8928065423118485
0.6122448979591836,0.7816326530612245,-0.9326915166928103,0.5398562762877345,2.8183811903275218
0.6122448979591836,0.9224489795918367,-1.0278700032501518,0.5198711288125687,2.7398695208265984
0.6122448979591836,1.063265306122449,-1.1250732982767104,0.5009234928077195,2.6566694686062817
0.6122448979591836,1.2040816326530612,-1.2232830634291774,0.48096188647387733,2.5680333749542212
0.6122448979591836,1.3448979591836734,-1.3206778213044033,0.4590949974466125,2.4730252335351275
0.6122448979591836,1.4857142857142858,-1.414292135419899,0.4349717367621118,2.370460712760221
0.6122448979591836,1.626530612244898,-1.4997498705306294,0.4084936154448077,2.2588243046471965
0.6122448979591836,1.76734693877551,-1.5713909332620803,0.3796811826655361,2.13615835133914
0.6122448979591836,1.9081632653061225,-1.6232305193399468,0.34861329728282653,1.9999280008742013
0.6122448979591836,2.0489795918367344,-1.6508414435183125,0.3154019067425854,1.8469109353448663
0.6122448979591836,2.1897959183673468,-1.6532683838232565,0.28018516820455647,1.673343948950094
0.6122448979591836,2.330612244897959,-1.6334958487799753,0.2431311274107723,1.4762845411665437
0.6122448979591836,2.4714285714285715,-1.5970506809849028,0.20444842513381029,1.2598642162248441
0.6122448979591836,2.6122448979591835,-1.5499283232072236,0.1644024722403428,1.0569311123975338
0.6122448979591836,2.753061224489796,-1.49716320313211,0.12333657678711986,0.96034645863813
0.6122448979591836,2.8938775510204082,-1.4423625257658894,0.08169745087949654,1.039974917542921
0.6122448979591836,3.03469387755102,-1.387841514991008,0.04006343812958165,1.218449798032162
0.6122448979591836,3.1755102040816325,-1.3349572350733094,-0.0008277216530196098,1.40656420580278
0.6122448979591836,3.316326530612245,-1.2844278974601646,-0.04005799204320357,1.5745240155655877
0.6122448979591836,3.457142857142857,-1.2365726014747362,-0.07652520046090602,1.7190871534262142
0.6122448979591836,3.5979591836734692,-1.191472683803996,-0.10897005041205879,1.8433547083577098
0.6122448979591836,3.7387755102040816,-1.1490742112882555,-0.1360479158018404,1.9510742765778044
0.6122448979591836,3.8795918367346935,-1.109250907024736,-0.15645226062274756,2.0454236664758865
0.6122448979591836,4.020408163265306,-1.071841874951536,-0.169079386755578,2.128897586805495
0.6122448979591836,4.161224489795918,-1.0366737199735316,-0.17320067502493647,2.2034234711975555
0.6122448979591836,4.302040816326531,-1.0035731671612926,-0.16859157884550757,2.27049577287828
0.6122448979591836,4.442857142857143,-0.972373946354436,-0.15557134351651838,2.331285305297961
0.6122448979591836,4.5836734693877546,-0.942920258545256,-0.1349381583090987,2.386720845731018
0.6122448979591836,4.724489795918367,-0.9150682264097393,-0.10782429207196183,2.4375485944843938
0.6122448979591836,4.865306122448979,-0.888686181323402,-0.07552086688371361,2.484375409326524
0.6122448979591836,5.006122448979592,-0.8636543011699647,-0.03932044050249062,2.527700459175039
0.6122448979591836,5.146938775510204,-0.8398639078891065,-0.0004054384467398831,2.5679386446345434
0.6122448979591836,5.2877551020408164,-0.8172166102386329,0.04021232699876633,2.6054381367105868
0.6122448979591836,5.428571428571429,-0.7956233987924667,0.08171051115285681,2.6404936726134194
0.6122448979591836,5.56938775510204,-0.7750037532411567,0.12344790208599184,2.6733567501020103
0.6122448979591836,5.710204081632653,-0.7552847977774818,0.16494194812196086,2.7042435421919726
0.6122448979591836,5.851020408163265,-0.7364005239497468,0.2058413880782042,2.733341106105762
0.6122448979591836,5.9918367346938775,-0.7182910721874212,0.2458993522746511,2.7608122952189023
0.6122448979591836,6.13265306122449,-0.7009020937730555,0.28494966605355554,2.786799694910451
0.6122448979591836,6.273469387755102,-0.6841841736917006,0.32288716278392376,2.811428795044168
0.6122448979591836,6.414285714285714,-0.6680923164911363,0.3596519842415488,2.834810571581184
0.6122448979591836,6.555102040816326,-0.6525854883445101,0.3952173811943257,2.8570436031329294
0.6122448979591836,6.6959183673469385,-0.6376262100826458,0.42958041124173724,2.8782158188467197
0.6122448979591836,6.836734693877551,-0.6231801954829125,0.46275493800024853,2.8984059512187286
0.6122448979591836,6.977551020408163,-0.6092160296050569,0.49476641078910344,2.9176847509020627
0.6122448979591836,7.118367346938776,-0.5957048841248409,0.5256480163030071,2.9361160108341395
0.6122448979591836,7.259183673469387,-0.5826202626560452,0.555437849139987,2.9537574303571392
0.6122448979591836,7.4,-0.5699377751260201,0.5841768584688973,2.970661351779433
0.6326530612244897,0.5,-0.748703678529719,0.6055380111519182,2.96460393994726
0.6326530612244897,0.6408163265306123,-0.837906007942058,0.5633974941571256,2.894345254729791
0.6326530612244897,0.7816326530612245,-0.9296604428361462,0.5365322106514014,2.820643790069603
0.6326530612244897,0.9224489795918367,-1.0238477053797506,0.5152476973341722,2.7430415200592164
0.6326530612244897,1.063265306122449,-1.1200693256059435,0.49500964184140117,2.660972924535598
0.6326530612244897,1.2040816326530612,-1.2174847244509994,0.4737546916152858,2.573738159391069
0.6326530612244897,1.3448979591836734,-1.3145698529005458,0.45057650074429756,2.480464190760198
0.6326530612244897,1.4857142857142858,-1.408810464796121,0.42511059334594287,2.3800502553431797
0.6326530612244897,1.626530612244898,-1.4964188076000533,0.39724804573863387,2.2710921449907437
0.6326530612244897,1.76734693877551,-1.5723121440580443,0.3670023186233573,2.151779097070517
0.6326530612244897,1.9081632653061225,-1.6307397854972254,0.33444893743156595,2.0197617281972646
0.6326530612244897,2.0489795918367344,-1.6667975734541067,0.29970093459025454,1.8720164827182713
0.6326530612244897,2.1897959183673468,-1.6783312939741393,0.26290318218707026,1.7048473605443413
0.6326530612244897,2.330612244897959,-1.6669391049082114,0.22423795833172777,1.5146301772215738
0.6326530612244897,2.4714285714285715,-1.6372200350370711,0.1839382104058994,1.3017174882525282
0.6326530612244897,2.6122448979591835,-1.5949172857235643,0.14230720032829464,1.0856774957341553
0.6326530612244897,2.753061224489796,-1.5452845561136095,0.09974393325191094,0.9403177883479417
0.6326530612244897,2.8938775510204082,-1.4923249253864543,0.05677342596265674,0.965467683545541
0.6326530612244897,3.03469387755102,-1.4387387518281547,0.014079371082282566,1.126183148291391
0.6326530612244897,3.1755102040816325,-1.3861871602335885,-0.02746579886370325,1.3177781649838933
0.6326530612244897,3.316326530612245,-1.3356053264593315,-0.06678278515127657,1.4937463524515127
0.6326530612244897,3.457142857142857,-1.2874590114692026,-0.10259350300483452,1.6458283532727083
0.6326530612244897,3.5979591836734692,-1.2419257243998059,-0.13347289562476425,1.7762574293280942
0.6326530612244897,3.7387755102040816,-1.1990134509492756,-0.157958970843132,1.8888863680053751
0.6326530612244897,3.8795918367346935,-1.1586352630218273,-0.1747210975047572,1.9871517080845456
0.6326530612244897,4.020408163265306,-1.120654959898166,-0.18276024586958783,2.0737802797926417
0.6326530612244897,4.161224489795918,-1.0849144045814998,-0.18158724135820292,2.1508786082389015
0.6326530612244897,4.302040816326531,-1.0512495208144055,-0.17131673390224006,2.2200741539008084
0.6326530612244897,4.442857142857143,-1.0194993702864852,-0.1526396269043707,2.2826360211180607
0.6326530612244897,4.5836734693877546,-0.9895110240105293,-0.12668501286079623,2.3395661465138997
0.6326530612244897,4.724489795918367,-0.9611419229852968,-0.09482396220199477,2.391665821572308
0.6326530612244897,4.865306122448979,-0.9342607520617977,-0.05847744654463873,2.439583934206008
0.6326530612244897,5.006122448979592,-0.9087474563969608,-0.01897134665060949,2.4838521413357078
0.6326530612244897,5.146938775510204,-0.8844927835694321,0.022547714904133282,2.524910774450065
0.6326530612244897,5.2877551020408164,-0.8613975824772396,0.06514368822396303,2.5631281468820175
0.6326530612244897,5.428571428571429,-0.8393719982677075,0.10808654502975244,2.598815125626778
0.6326530612244897,5.56938775510204,-0.8183346416896367,0.150828353731022,2.6322362561156067
0.6326530612244897,5.710204081632653,-0.7982117834979997,0.19297212356201404,2.6636183654958083
0.6326530612244897,5.851020408163265,-0.77893659414056,0.23424060793345983,2.6931572812893805
0.6326530612244897,5.9918367346938775,-0.7604484481376793,0.2744486555103734,2.7210231419856723
0.6326530612244897,6.13265306122449,-0.742692280149979,0.3134802388953788,2.7473646203911457
0.6326530612244897,6.273469387755102,-0.7256180147921485,0.3512702755799424,2.7723123311429
0.6326530612244897,6.414285714285714,-0.7091800499989027,0.38779057323128563,2.7959815907645584
0.6326530612244897,6.555102040816326,-0.6933367964856524,0.4230392019527358,2.8184746754958105
0.6326530612244897,6.6959183673469385,-0.6780502669382283,0.45703256251066615,2.8398826808716193
0.6326530612244897,6.836734693877551,-0.6632857107714116,0.48979953144127414,2.860287064864355
0.6326530612244897,6.977551020408163,-0.649011288347362,0.5213771736477889,2.87976093456727
0.6326530612244897,7.118367346938776,-0.6351977823801535,0.5518076362250827,2.8983701290190296
0.6326530612244897,7.259183673469387,-0.6218183400267663,0.5811359073159844,2.9161741317572387
0.6326530612244897,7.4,-0.6088482437722307,0.6094082203177997,2.933226846625184
0.6530612244897959,0.5,-0.7473486363573502,0.6047821125403373,2.965570851980074
0.6530612244897959,0.6408163265306123,-0.835792420818356,0.5614092282312161,2.895872952382231
0.6530612244897959,0.7816326530612245,-0.9266505119114979,0.5332465850178748,2.822886575429585
0.6530612244897959,0.9224489795918367,-1.019848172438007,0.5106630472641979,2.7461802443591288
0.6530612244897959,1.063265306122449,-1.1150745391778163,0.4891312771364458,2.6652231066221233
0.6530612244897959,1.2040816326530612,-1.2116470476246828,0.46657662973369557,2.5793605319053543
0.6530612244897959,1.3448979591836734,-1.308306280466403,0.4420780297468559,2.487778847501488
0.6530612244897959,1.4857142857142858,-1.4029444403917835,0.4152577620404881,2.389455885937155
0.6530612244897959,1.626530612244898,-1.4923227813686917,0.38599657244677804,2.283092122887466
0.6530612244897959,1.76734693877551,-1.5719485693997288,0.3543010360320646,2.16701579463446
0.6530612244897959,1.9081632653061225,-1.6364311630359896,0.32024377391715186,2.0390570108307706
0.6530612244897959,2.0489795918367344,-1.6806245509687565,0.28393976010003447,1.8964011276562769
0.6530612244897959,2.1897959183673468,-1.70137614369812,0.24554214079924916,1.735501840392017
0.6530612244897959,2.330612244897959,-1.6988922264811044,0.2052500553935384,1.5524240581017852
0.6530612244897959,2.4714285714285715,-1.6766440026857645,0.16332495930904717,1.3451487296270292
0.6530612244897959,2.6122448979591835,-1.6398945624014718,0.12011437669572014,1.1235780023808126
0.6530612244897959,2.753061224489796,-1.593982199680522,0.07608235638101975,0.9398645532913287
0.6530612244897959,2.8938775510204082,-1.5432711858401644,0.031845065032977626,0.9024741677274944
0.6530612244897959,3.03469387755102,-1.4908681848120187,-0.011792036075427685,1.0324052889455462
0.6530612244897959,3.1755102040816325,-1.4387769931584256,-0.053803046833043516,1.2235931450553512
0.6530612244897959,3.316326530612245,-1.3881864756905034,-0.09292979844981664,1.4076088077518318
0.6530612244897959,3.457142857142857,-1.3397377336785297,-0.12770855426381525,1.5680248622035011
0.6530612244897959,3.5979591836734692,-1.2937248859994084,-0.15655617163128263,1.7054093173036815
0.6530612244897959,3.7387755102040816,-1.2502317145477746,-0.17792771070083716,1.8235865870336874
0.6530612244897959,3.8795918367346935,-1.2092198013628408,-0.19053250297589575,1.9262628671620377
0.6530612244897959,4.020408163265306,-1.1705835826576432,-0.19355981598329025,2.0164298073415616
0.6530612244897959,4.161224489795918,-1.1341839730358243,-0.18683970063358252,2.0964018584533495
0.6530612244897959,4.302040816326531,-1.0998684838241983,-0.1708750030995185,2.1679610631059947
0.6530612244897959,4.442857142857143,-1.0674829759178714,-0.14673080730037677,2.232490310748224
0.6530612244897959,4.5836734693877546,-1.0368782623462909,-0.11582702720611007,2.2910757622999336
0.6530612244897959,4.724489795918367,-1.007913588654736,-0.07970947154991356,2.3445817633762767
0.6530612244897959,4.865306122448979,-0.9804582309942664,-0.039862370791115445,2.3937050357992753
0.6530612244897959,5.006122448979592,-0.9543919813037522,0.0024093803622514598,2.4390140167865364
0.6530612244897959,5.146938775510204,-0.9296049924697473,0.04603132916879086,2.4809776896747855
0.6530612244897959,5.2877551020408164,-0.905997271653647,0.09016270257506644,2.519986961332887
0.6530612244897959,5.428571428571429,-0.8834780004630756,0.1341725947568628,2.556370719948681
0.6530612244897959,5.56938775510204,-0.8619647822595141,0.1776050391622642,2.5904080356039683
0.6530612244897959,5.710204081632653,-0.8413828841670543,0.22014287803078988,2.6223375553149832
0.6530612244897959,5.851020408163265,-0.8216645125153247,0.2615753407180256,2.652364815443946
0.6530612244897959,5.9918367346938775,-0.8027481193860837,0.3017710797487579,2.680667986618624
0.6530612244897959,6.13265306122449,-0.7845777805318914,0.340656860590225,2.707402444094759
0.6530612244897959,6.273469387755102,-0.7671026211226138,0.37820119552038517,2.732704431307598
0.6530612244897959,6.414285714285714,-0.750276300034566,0.41440204911612877,2.756694022921842
0.6530612244897959,6.555102040816326,-0.7340565466774516,0.44927773503238716,2.7794775409440495
0.6530612244897959,6.6959183673469385,-0.7184047469810235,0.48286025421254425,2.80114954048721
0.6530612244897959,6.836734693877551,-0.7032855738451721,0.5151904651225353,2.821794452436834
0.6530612244897959,6.977551020408163,-0.6886666577706538,0.5463146106833637,2.841487951926388
0.6530612244897959,7.118367346938776,-0.674518293008826,0.5762818406193421,2.8602981041865005
0.6530612244897959,7.259183673469387,-0.6608131771196978,0.605142471775473,2.8782863328389876
0.6530612244897959,7.4,-0.6475261773293622,0.6329467699420143,2.8955082377878685
0.673469387755102,0.5,-0.7460018708386628,0.6040500319705431,2.966532291519057
0.673469387755102,0.6408163265306123,-0.8336935185905375,0.5594548012287852,2.897389737129495
0.673469387755102,0.7816326530612245,-0.9236618550298331,0.5299999997616115,2.8251097751150667
0.673469387755102,0.9224489795918367,-1.0158722919240608,0.5061182324197132,2.7492861603907577
0.673469387755102,1.063265306122449,-1.1100920819813347,0.4832899293344238,2.6694209036065475
0.673469387755102,1.2040816326530612,-1.2057786810555513,0.4594297099813422,2.5849020982407716
0.673469387755102,1.3448979591836734,-1.3019070948193476,0.43360206643434723,2.4949719818594707
0.673469387755102,1.4857142857142858,-1.3967331617372132,0.4054161843432585,2.3986822191229895
0.673469387755102,1.626530612244898,-1.4875239336983674,0.37474258571417896,2.2948315459376976
0.673469387755102,1.76734693877551,-1.5703712246828285,0.34158118591234404,2.1818791647803324
0.673469387755102,1.9081632653061225,-1.6403376429981509,0.3060021662535235,2.0578270102576743
0.673469387755102,2.0489795918367344,-1.692251647009531,0.26812339050805545,1.9200716050284965
0.673469387755102,2.1897959183673468,-1.722199341146786,0.22810803758549272,1.7652670192226725
0.673469387755102,2.330612244897959,-1.7290659261992791,0.18617503814891506,1.5894157165791276
0.673469387755102,2.4714285714285715,-1.715038168949168,0.14261909396105404,1.389123745731638
0.673469387755102,2.6122448979591835,-1.6846516283322537,0.09783924407986438,1.1677688603311915
0.673469387755102,2.753061224489796,-1.6431483978044241,0.052375092258536836,0.9580084435296873
0.673469387755102,2.8938775510204082,-1.595184775650193,0.006948289991692679,0.8571453900431978
0.673469387755102,3.03469387755102,-1.544280962996652,-0.03749604329920638,0.9402512338210308
0.673469387755102,3.1755102040816325,-1.4928215127831073,-0.07975909658657451,1.1240647139175381
0.673469387755102,3.316326530612245,-1.442290518009349,-0.1183878395440883,1.3154585766933153
0.673469387755102,3.457142857142857,-1.3935387130717345,-0.1517289547212464,1.485026367260661
0.673469387755102,3.5979591836734692,-1.3470019527195942,-0.1780602052322341,1.6302821344849596
0.673469387755102,3.7387755102040816,-1.3028571184236182,-0.1958035872541829,1.7547604029383712
0.673469387755102,3.8795918367346935,-1.2611258032004922,-0.20378632367702385,1.8624299197220968
0.673469387755102,4.020408163265306,-1.2217405502697705,-0.20147328164496978,1.956583418510521
0.673469387755102,4.161224489795918,-1.1845860918962388,-0.18908116319220877,2.0397781146132954
0.673469387755102,4.302040816326531,-1.149524516039771,-0.16752438316909535,2.11397706970033
0.673469387755102,4.442857142857143,-1.1164103051789558,-0.13821662329990186,2.1806959151098844
0.673469387755102,4.5836734693877546,-1.0850990890944616,-0.10280926436091607,2.241118487936203
0.673469387755102,4.724489795918367,-1.0554525075206627,-0.06295328166335715,2.296181796993431
0.673469387755102,4.865306122448979,-1.0273407079840626,-0.020135505975390926,2.3466373492291344
0.673469387755102,5.006122448979592,-1.000643412989603,0.02440279168854458,2.393095465507663
0.673469387755102,5.146938775510204,-0.9752501422916166,0.06968343572392477,2.4360575846187746
0.673469387755102,5.2877551020408164,-0.9510599486987549,0.11497046955152529,2.4759400844503836
0.673469387755102,5.428571428571429,-0.9279808928449095,0.15973209193309726,2.5130920802392946
0.673469387755102,5.56938775510204,-0.9059293971567641,0.20359900908702583,2.5478088821418727
0.673469387755102,5.710204081632653,-0.8848295344757723,0.24632631267963023,2.580342310627389
0.673469387755102,5.851020408163265,-0.8646123513198266,0.2877615744979923,2.610908677610282
0.673469387755102,5.9918367346938775,-0.8452151953213831,0.3278196525889345,2.6396950529470704
0.673469387755102,6.13265306122449,-0.8265811039307526,0.3664633714420615,2.6668642111902647
0.673469387755102,6.273469387755102,-0.8086582296761191,0.4036891573630237,2.6925585994279624
0.673469387755102,6.414285714285714,-0.7913993292242735,0.43951642876315933,2.716903523657169
0.673469387755102,6.555102040816326,-0.7747612970891958,0.47397991741683565,2.7400097459765305
0.673469387755102,6.6959183673469385,-0.7587047479683511,0.50712414565622,2.761975611244277
0.673469387755102,6.836734693877551,-0.7431936428378247,0.5389994904415938,2.7828888021415974
0.673469387755102,6.977551020408163,-0.7281949552240459,0.5696594074430175,2.8028277981064833
0.673469387755102,7.118367346938776,-0.7136783725590397,0.5991584894332281,2.8218630935294744
0.673469387755102,7.259183673469387,-0.6996160315911745,0.6275511397188864,2.840058225634708
0.673469387755102,7.4,-0.6859822816380127,0.6548906644055653,2.857470639340348
0.6938775510204082,0.5,-0.7446633356662749,0.6033417287409112,2.967488297616169
0.6938775510204082,0.6408163265306123,-0.8316092528236123,0.5575344162678424,2.8988957097216685
0.6938775510204082,0.7816326530612245,-0.9206945842242351,0.5267930444976383,2.8273136146796967
0.6938775510204082,0.9224489795918367,-1.0119208754880906,0.5016143005542275,2.752359727005701
0.6938775510204082,1.063265306122449,-1.1051248563569323,0.47748713429280637,2.673567186850198
0.6938775510204082,1.2040816326530612,-1.1998876460804506,0.45231596025863813,2.5903644286208247
0.6938775510204082,1.3448979591836734,-1.2953909843243585,0.4251511326616597,2.502046306052191
0.6938775510204082,1.4857142857142858,-1.3902138594922357,0.39558886625302947,2.407733762649015
0.6938775510204082,1.626530612244898,-1.4820838794424505,0.36348957364274354,2.3063175942064413
0.6938775510204082,1.76734693877551,-1.567657404021434,0.32884674333879066,2.1963799507176422
0.6938775510204082,1.9081632653061225,-1.6425120126397643,0.29172863720289677,2.076085839193965
0.6938775510204082,2.0489795918367344,-1.7016383821433971,0.25225706117039093,1.9430396690077998
0.6938775510204082,2.1897959183673468,-1.7406175004376019,0.2106071622989449,1.794123929586952
0.6938775510204082,2.330612244897959,-1.7571596430197465,0.16702096095348723,1.6254391579302787
0.6938775510204082,2.4714285714285715,-1.7520761771353657,0.1218317183549629,1.4328953294388094
0.6938775510204082,2.6122448979591835,-1.7289270466818332,0.07549815328645804,1.2157698767143597
0.6938775510204082,2.753061224489796,-1.692630746730495,0.028647192696581267,0.9916591377829
0.6938775510204082,2.8938775510204082,-1.6480214198055716,-0.017878170791884286,0.8347680329316102
0.6938775510204082,3.03469387755102,-1.5990172600635744,-0.06297394439071931,0.8550238479060543
0.6938775510204082,3.1755102040816325,-1.5484172091765016,-0.10524890490582182,1.0199335312910263
0.6938775510204082,3.316326530612245,-1.498046396445876,-0.14304213411003436,1.2166463011182658
0.6938775510204082,3.457142857142857,-1.449005958322617,-0.17451477339100827,1.3960676032027783
0.6938775510204082,3.5979591836734692,-1.4019044351559216,-0.19783795727190978,1.5502412561227141
0.6938775510204082,3.7387755102040816,-1.3570335031248346,-0.21146614560137444,1.6819119519877506
0.6938775510204082,3.8795918367346935,-1.314489304829297,-0.21443229478261594,1.7952653858007075
0.6938775510204082,4.020408163265306,-1.2742519572701105,-0.20655982655784544,1.8939333840204369
0.6938775510204082,4.161224489795918,-1.2362360429985386,-0.1884990382510065,1.98075806463834
0.6938775510204082,4.302040816326531,-1.2003219842390365,-0.16157076403700937,2.057916184805037
0.6938775510204082,4.442857142857143,-1.16637517347779,-0.1274879244743609,2.127079530201781
0.6938775510204082,4.5836734693877546,-1.1342573810817707,-0.08806330407622454,2.1895461305022317
0.6938775510204082,4.724489795918367,-1.1038333582935642,-0.04498599996206674,2.246337357551728
0.6938775510204082,4.865306122448979,-1.074974451774813,0.0003047634135695872,2.2982678976546036
0.6938775510204082,5.006122448979592,-1.0475603989660844,0.04666151087777112,2.3459960700146447
0.6938775510204082,5.146938775510204,-1.0214800185256927,0.0932157356775568,2.3900602916495233
0.6938775510204082,5.2877551020408164,-0.9966312586999152,0.13933827400187526,2.430905809694819
0.6938775510204082,5.428571428571429,-0.9729208515369582,0.18459193059650525,2.468904563888735
0.6938775510204082,5.56938775510204,-0.9502637987145379,0.228686558372751,2.504370103458401
0.6938775510204082,5.710204081632653,-0.928582746374651,0.27144116705429777,2.53756898294528
0.6938775510204082,5.851020408163265,-0.9078073398695703,0.3127537798169241,2.56872953590423
0.6938775510204082,5.9918367346938775,-0.8878735870037748,0.3525784466904775,2.5980487225012983
0.6938775510204082,6.13265306122449,-0.868723260740827,0.39090813847651407,2.625697521647217
0.6938775510204082,6.273469387755102,-0.8503033288434649,0.4277623081723509,2.6518252374713382
0.6938775510204082,6.414285714285714,-0.8325654452995029,0.46317787600346955,2.676562946510908
0.6938775510204082,6.555102040816326,-0.815465481837157,0.4972028290392391,2.7000262980167187
0.6938775510204082,6.6959183673469385,-0.7989631063353189,0.5298916939258506,2.722317800179328
0.6938775510204082,6.836734693877551,-0.7830214043417879,0.561302373271989,2.7435287022294523
0.6938775510204082,6.977551020408163,-0.7676065413043361,0.5914939534620609,2.763740552805754
0.6938775510204082,7.118367346938776,-0.7526874535261114,0.620525236465817,2.7830265056095445
0.6938775510204082,7.259183673469387,-0.738235586322772,0.64845372198685,2.8014524047977303
0.6938775510204082,7.4,-0.724224645839146,0.6753349894832509,2.819077710643913
0.7142857142857142,0.5,-0.74333298429904,0.602657156895831,2.968438909003002
0.7142857142857142,0.6408163265306123,-0.8295395718770832,0.5556482668686729,2.90039096981444
0.7142857142857142,0.7816326530612245,-0.9177487934918978,0.5236262976161522,2.8294983165714664
0.7142857142857142,0.9224489795918367,-1.0079946632508525,0.4971522929541398,2.7554013953702485
0.7142857142857142,1.063265306122449,-1.1001755379178535,0.47172442910272167,2.677662810439344
0.7142857142857142,1.2040816326530612,-1.1939813683379754,0.4452374319805816,2.5957490583458727
0.7142857142857142,1.3448979591836734,-1.288775366200643,0.41672778983239633,2.509004467004501
0.7142857142857142,1.4857142857142858,-1.3834217807198173,0.3857788779410074,2.4166149155936063
0.7142857142857142,1.626530612244898,-1.4760629933434621,0.3522411138169301,2.317557304215513
0.7142857142857142,1.76734693877551,-1.5638888224578424,0.316101810434255,2.2105288380303523
0.7142857142857142,1.9081632653061225,-1.643024849831112,0.2774278786978358,2.0938482164076593
0.7142857142857142,2.0489795918367344,-1.708776536981436,0.2363462248362703,1.965320695773416
0.7142857142857142,2.1897959183673468,-1.7564763971551063,0.1930461150773187,1.8220693782168609
0.7142857142857142,2.330612244897959,-1.7828718916032846,0.14779633535262654,1.6603913924745202
0.7142857142857142,2.4714285714285715,-1.7873923424957983,0.10097466198467596,1.4759462520311089
0.7142857142857142,2.6122448979591835,-1.772399439709994,0.05310862367020116,1.2656373464620532
0.7142857142857142,2.753061224489796,-1.7422206942989675,0.0049255932993790925,1.036690248953561
0.7142857142857142,2.8938775510204082,-1.7016987471709932,-0.04259272344171829,0.8376374040471959
0.7142857142857142,3.03469387755102,-1.6550996358769166,-0.0881631732408521,0.7844801122617457
0.7142857142857142,3.1755102040816325,-1.6056594426307151,-0.13018336814182033,0.9132918152948041
0.7142857142857142,3.316326530612245,-1.5555927903294058,-0.1667760682619419,1.1106581241369158
0.7142857142857142,3.457142857142857,-1.506299194103748,-0.19593112355003883,1.3002596066183907
0.7142857142857142,3.5979591836734692,-1.458598025792099,-0.21576053429479575,1.4645194756936668
0.7142857142857142,3.7387755102040816,-1.4129231077228306,-0.2248309140475857,1.6044424558241654
0.7142857142857142,3.8795918367346935,-1.3694636501189006,-0.2224727188181872,1.7243061035110678
0.7142857142857142,4.020408163265306,-1.3282594404093582,-0.20893805309632418,1.8281161839377769
0.7142857142857142,4.161224489795918,-1.2892626062715236,-0.18533158770184452,1.919050521224014
0.7142857142857142,4.302040816326531,-1.252376679251358,-0.15334816874956564,1.9995402921281809
0.7142857142857142,4.442857142857143,-1.2174808303847964,-0.11493396197161751,2.07144267456512
0.7142857142857142,4.5836734693877546,-1.1844446263899073,-0.07199091204749124,2.1361903703584346
0.7142857142857142,4.724489795918367,-1.1531367967067883,-0.02618745635874688,2.194903503592002
0.7142857142857142,4.865306122448979,-1.123430269365298,0.021122682408308117,2.2484701685152766
0.7142857142857142,5.006122448979592,-1.0952048716522826,0.06890451487182833,2.2976040675415836
0.7142857142857142,5.146938775510204,-1.0683486230698442,0.11640412232431895,2.3428860185040237
0.7142857142857142,5.2877551020408164,-1.0427581364085707,0.16309589937752322,2.384794186674188
0.7142857142857142,5.428571428571429,-1.0183385515935648,0.2086300046658861,2.4237263857100264
0.7142857142857142,5.56938775510204,-0.9950031500837655,0.2527870058785079,2.460016761073297
0.7142857142857142,5.710204081632653,-0.9726728365859776,0.2954415985403994,2.4939484339199707
0.7142857142857142,5.851020408163265,-0.951275549545703,0.33653490414052334,2.5257632001128525
0.7142857142857142,5.9918367346938775,-0.9307456673832036,0.37605392327401527,2.5556690534952278
0.7142857142857142,6.13265306122449,-0.9110234126295654,0.41401667675275167,2.5838461066838705
0.7142857142857142,6.273469387755102,-0.892054306139473,0.4504615107490707,2.6104512704062186
0.7142857142857142,6.414285714285714,-0.8737886525741679,0.48543956215620837,2.6356220076621075
0.7142857142857142,6.555102040816326,-0.8561810725112261,0.5190094667856696,2.6594793623309694
0.7142857142857142,6.6959183673469385,-0.8391900713690679,0.5512337215235589,2.6821304338344567
0.7142857142857142,6.836734693877551,-0.8227776630837403,0.5821761386587778,2.7036703921578695
0.7142857142857142,6.977551020408163,-0.8069090196035567,0.6119001819472973,2.724184158612025
0.7142857142857142,7.118367346938776,-0.7915521628794414,0.6404678501437189,2.743747797333946
0.7142857142857142,7.259183673469387,-0.7766776880990146,0.6679389640657413,2.762429678305481
0.7142857142857142,7.4,-0.7622585131737879,0.6943707662114641,2.7802914671678822
0.7346938775510203,0.5,-0.7420107699892862,0.6019962664587096,2.9693841640985776
0.7346938775510203,0.6408163265306123,-0.8274844210199812,0.5537965360006114,2.9018756159744323
0.7346938775510203,0.7816326530612245,-0.9148245597875938,0.5205003258228645,2.8316641001802325
0.7346938775510203,0.9224489795918367,-1.004094327908596,0.4927332429502764,2.758411609118061
0.7346938775510203,1.063265306122449,-1.0952465883483988,0.4660033551036091,2.681708611858145
0.7346938775510203,1.2040816326530612,-1.1880667088068486,0.43819619200685905,2.60105748843109
0.7346938775510203,1.3448979591836734,-1.2820764257866417,0.40833463794048097,2.515849047146292
0.7346938775510203,1.4857142857142858,-1.376390118011446,0.3759893532227343,2.425329967370815
0.7346938775510203,1.626530612244898,-1.4695198156095253,0.3410008790344686,2.328557556542863
0.7346938775510203,1.76734693877551,-1.559149831001166,0.3033506200315319,2.224336391904636
0.7346938775510203,1.9081632653061225,-1.6419619441049134,0.26310474975563836,2.1111292033500657
0.7346938775510203,2.0489795918367344,-1.7136905918875858,0.22039656893691198,1.986932597764298
0.7346938775510203,2.1897959183673468,-1.769659226912854,0.17543182103393223,1.849111622385956
0.7346938775510203,2.330612244897959,-1.8059132012886892,0.12851014938088728,1.6942155975731616
0.7346938775510203,2.4714285714285715,-1.8205883470141049,0.08006050682586338,1.517934464429178
0.7346938775510203,2.6122448979591835,-1.8146821605082328,0.03068940081371652,1.3159558535143432
0.7346938775510203,2.753061224489796,-1.7916404732305422,-0.018760817207186194,1.089024619196201
0.7346938775510203,2.8938775510204082,-1.7560828497838255,-0.06715088239356169,0.8639459699526479
0.7346938775510203,3.03469387755102,-1.7125236202459668,-0.11299750797727667,0.7377375657773384
0.7346938775510203,3.1755102040816325,-1.6646378879164454,-0.15447016371731068,0.8086626313709928
0.7346938775510203,3.316326530612245,-1.6150773968379604,-0.18947330886166763,0.9974188319481909
0.7346938775510203,3.457142857142857,-1.5655955350718664,-0.21585208289401467,1.1966030154122693
0.7346938775510203,3.5979591836734692,-1.5172694565626688,-0.23172243275300367,1.3721855838169734
0.7346938775510203,3.7387755102040816,-1.4707097886382166,-0.23585363148791263,1.521621747118261
0.7346938775510203,3.8795918367346935,-1.4262225869060894,-0.22796187780175084,1.6489927699668008
0.7346938775510203,4.020408163265306,-1.3839229062723972,-0.20877768215579603,1.7586983376133047
0.7346938775510203,4.161224489795918,-1.3438103252855957,-0.179852498656843,1.854312519817621
0.7346938775510203,4.302040816326531,-1.3058175947278787,-0.1432003012233002,1.9385720862295854
0.7346938775510203,4.442857142857143,-1.2698413050906157,-0.1009262229384643,2.0135565184027526
0.7346938775510203,4.5836734693877546,-1.235760875439132,-0.05495384544060547,2.0808588886564237
0.7346938775510203,4.724489795918367,-1.203450074698253,-0.006883634399097442,2.1417159506723142
0.7346938775510203,4.865306122448979,-1.1727838555013297,0.04204196207087104,2.1971017914906645
0.7346938775510203,5.006122448979592,-1.1436421902160046,0.0909096041187131,2.247794506895159
0.7346938775510203,5.146938775510204,-1.115912117886543,0.13907869673497011,2.294423860829567
0.7346938775510203,5.2877551020408164,-1.0894886353547155,0.1861206209657234,2.3375057780930244
0.7346938775510203,5.428571428571429,-1.064274914659682,0.2317644082052743,2.3774675935639076
0.7346938775510203,5.56938775510204,-1.0401821234819637,0.27585276092240957,2.4146668283260837
0.7346938775510203,5.710204081632653,-1.0171290301634202,0.31830829575109154,2.449405315199968
0.7346938775510203,5.851020408163265,-0.9950414785106708,0.3591086395215188,2.481939995272368
0.7346938775510203,5.9918367346938775,-0.9738518367460315,0.39826836242255476,2.5124912391735714
0.7346938775510203,6.13265306122449,-0.9534984329000137,0.43582615358400834,2.5412493557186195
0.7346938775510203,6.273469387755102,-0.9339250135375975,0.4718358016644539,2.5683797274835047
0.7346938775510203,6.414285714285714,-0.9150802275061763,0.5063599567607091,2.594026914336923
0.7346938775510203,6.555102040816326,-0.8969171624893951,0.5394657823243859,2.6183179386386133
0.7346938775510203,6.6959183673469385,-0.8793929081005214,0.5712220582025512,2.641364967682236
0.7346938775510203,6.836734693877551,-0.8624681671701627,0.601697217827394,2.663267498799867
0.7346938775510203,6.977551020408163,-0.8461068988086673,0.6309580931477833,2.6841141684853995
0.7346938775510203,7.118367346938776,-0.8302760072874894,0.6590690929584302,2.7039842404058327
0.7346938775510203,7.259183673469387,-0.8149450526808552,0.6860917447256503,2.7229488591133277
0.7346938775510203,7.4,-0.8000859983512365,0.7120844524358944,2.741072101296091
0.7551020408163265,0.5,-0.7406966458047687,0.6013590035842868,2.9703241010132664
0.7551020408163265,0.6408163265306123,-0.8254437427017745,0.551979396974683,2.9033497457036126
0.7551020408163265,0.7816326530612245,-0.9119219439701487,0.5174156836985557,2.833811181884656
0.7551020408163265,0.9224489795918367,-1.0002204786458797,0.48835817527681324,2.7613908044797655
0.7551020408163265,1.063265306122449,-1.0903402682449528,0.4603254538842662,2.685705412090351
0.7551020408163265,1.2040816326530612,-1.1821499945421046,0.4311943232036208,2.6062911862801363
0.7551020408163265,1.3448979591836734,-1.275309161979645,0.39997431472552053,2.522582565220504
0.7551020408163265,1.4857142857142858,-1.369149976638423,0.3662234880009128,2.4338830972847694
0.7551020408163265,1.626530612244898,-1.4625105749514629,0.3297726382832967,2.339325066819184
0.7551020408163265,1.76734693877551,-1.5535257694373807,0.29059753807694166,2.2378130080387986
0.7551020408163265,1.9081632653061225,-1.6394213488069806,0.24876429872777928,2.1279439906694915
0.7551020408163265,2.0489795918367344,-1.7164365516206934,0.204414024040195,2.0078949854622605
0.7551020408163265,2.1897959183673468,-1.7800933076045933,0.15777154575945715,1.8752670745670263
0.7551020408163265,2.330612244897959,-1.8260209245371741,0.10917190109064465,1.7268882342381053
0.7551020408163265,2.4714285714285715,-1.8512449542979492,0.059102629597151644,1.5586467286011225
0.7551020408163265,2.6122448979591835,-1.855321362603893,0.008260511688265323,1.3657536532254393
0.7551020408163265,2.753061224489796,-1.8405291452524564,-0.04238114126420558,1.1452833739355146
0.7551020408163265,2.8938775510204082,-1.8109712034243997,-0.09150529366524904,0.9086670831863284
0.7551020408163265,3.03469387755102,-1.7712444957397053,-0.13740739828790557,0.72205939145781
0.7551020408163265,3.1755102040816325,-1.7254294118154334,-0.17801483927672057,0.7143123754831909
0.7551020408163265,3.316326530612245,-1.6766550545188168,-0.2110202593545867,0.877948977918396
0.7551020408163265,3.457142857142857,-1.627091027449407,-0.23416475409523343,1.0840619815030246
0.7551020408163265,3.5979591836734692,-1.5781297937915355,-0.24564609170746343,1.272110302474213
0.7551020408163265,3.7387755102040816,-1.5306029027003616,-0.24453235198691395,1.4325506872290141
0.7551020408163265,3.8795918367346935,-1.4849640440694467,-0.23100224144993847,1.5686424889549146
0.7551020408163265,4.020408163265306,-1.4414238497007403,-0.20628863417565535,1.6851575932662155
0.7551020408163265,4.161224489795918,-1.4000422282787617,-0.17235527199301162,1.786136394962127
0.7551020408163265,4.302040816326531,-1.3607890410658063,-0.13146501119110401,1.8746860012037698
0.7551020408163265,4.442857142857143,-1.323582946003155,-0.08580718017789286,1.953155360638198
0.7551020408163265,4.5836734693877546,-1.2883157956717375,-0.0372689146260334,2.0233305509679336
0.7551020408163265,4.724489795918367,-1.2548677002657471,0.012652230413640657,2.086587431578918
0.7551020408163265,4.865306122448979,-1.2231161139159117,0.06284019620067796,2.144001744915071
0.7551020408163265,5.006122448979592,-1.1929411826845735,0.11250506213729497,2.196427043729567
0.7551020408163265,5.146938775510204,-1.164228705399058,0.1611142202164092,2.244550028281788
0.7551020408163265,5.2877551020408164,-1.1368716388169504,0.20832769456029915,2.288930238785341
0.7551020408163265,5.428571428571429,-1.1107707044930302,0.25394448783125423,2.3300288931683903
0.7551020408163265,5.56938775510204,-1.0858344403201776,0.29786123246459234,2.368230191291751
0.7551020408163265,5.710204081632653,-1.06197895502319,0.34004146956239095,2.4038572262505897
0.7551020408163265,5.851020408163265,-1.0391275021439252,0.3804935406948172,2.4371840604499972
0.7551020408163265,5.9918367346938775,-1.0172099741699596,0.419254922981048,2.4684449952352314
0.7551020408163265,6.13265306122449,-0.9961623607621412,0.4563813284516512,2.4978417844647307
0.7551020408163265,6.273469387755102,-0.9759262267776806,0.49193912412279184,2.52554928583916
0.7551020408163265,6.414285714285714,-0.9564481981902875,0.5260002070669945,2.5517199619990505
0.7551020408163265,6.555102040816326,-0.9376794835223895,0.5586385482908387,2.5764874872645183
0.7551020408163265,6.6959183673469385,-0.9195754414597902,0.5899278710275639,2.599969651657126
0.7551020408163265,6.836734693877551,-0.9020951773388101,0.6199401836893472,2.622270741095238
0.7551020408163265,6.977551020408163,-0.8852011783845088,0.6487448629044962,2.643483490714366
0.7551020408163265,7.118367346938776,-0.8688589911483402,0.6764081015702684,2.6636906929883013
0.7551020408163265,7.259183673469387,-0.8530369234165768,0.7029926383837132,2.6829665439872104
0.7551020408163265,7.4,-0.8377057826184273,0.7285576635411805,2.7013777721645296
0.7755102040816326,0.5,-0.7393905646345476,0.6007453077762475,2.9712587575377287
0.7755102040816326,0.6408163265306123,-0.8234174766485245,0.5501970129652243,2.904813455445764
0.7755102040816326,0.7816326530612245,-0.9090409917059787,0.5143729132272847,2.8359397750982374
0.7755102040816326,0.9224489795918367,-0.9963736648543418,0.48402810518817774,2.764339410415939
0.7755102040816326,1.063265306122449,-1.0854586491165974,0.45469226719261824,2.689654015994163
0.7755102040816326,1.2040816326530612,-1.1762370488934673,0.4242339242818941,2.6114515863029686
0.7755102040816326,1.3448979591836734,-1.2684874372120312,0.3916494944091908,2.529207477353764
0.7755102040816326,1.4857142857142858,-1.36173037395884,0.3564845458648793,2.4422783747845496
0.7755102040816326,1.626530612244898,-1.455088823251548,0.31856025665534765,2.3498663795158903
0.7755102040816326,1.76734693877551,-1.5471014984749216,0.2778470671576017,2.250968877588844
0.7755102040816326,1.9081632653061225,-1.6355102519825337,0.23441175863902525,2.144307737214833
0.7755102040816326,2.0489795918367344,-1.7170992738150896,0.18840477334907285,2.0282285247931164
0.7755102040816326,2.1897959183673468,-1.7877544572785478,0.14007291121400664,1.9005578079162337
0.7755102040816326,2.330612244897959,-1.8429746849475674,0.08979162352250768,1.7584093545307447
0.7755102040816326,2.4714285714285715,-1.8789392207376232,0.03811524256140408,1.5979620570053523
0.7755102040816326,2.6122448979591835,-1.893799646195417,-0.01415668272431271,1.4143991982409634
0.7755102040816326,2.753061224489796,-1.8884292258136406,-0.06590243268040245,1.2029764314898292
0.7755102040816326,2.8938775510204082,-1.8660716339404457,-0.11560581289267058,0.9656455768627594
0.7755102040816326,3.03469387755102,-1.831158980917046,-0.16132042748356848,0.7390001334858459
0.7755102040816326,3.1755102040816325,-1.7880871307556925,-0.2007221541384162,0.6426188902256327
0.7755102040816326,3.316326530612245,-1.740483939331907,-0.231308795394439,0.7556871660650314
0.7755102040816326,3.457142857142857,-1.6910017650108058,-0.2507732204646139,0.9617930061036252
0.7755102040816326,3.5979591836734692,-1.6414181780077104,-0.2574853311846589,1.16293994646231
0.7755102040816326,3.7387755102040816,-1.5928419977026589,-0.25090718820055624,1.3361121037967503
0.7755102040816326,3.8795918367346935,-1.5459147634814605,-0.2317379731338732,1.4824115436895893
0.7755102040816326,4.020408163265306,-1.5009694143313363,-0.20170881068183452,1.606857617738289
0.7755102040816326,4.161224489795918,-1.458143119080405,-0.163138950812377,1.7140326887949595
0.7755102040816326,4.302040816326531,-1.4174531450553074,-0.11846240781734531,1.8074964414848245
0.7755102040816326,4.442857142857143,-1.3788462030829851,-0.06988363919752032,1.8899283054648865
0.7755102040816326,4.5836734693877546,-1.342229841259174,-0.019207064109902357,1.963349366165977
0.7755102040816326,4.724489795918367,-1.3074920711121683,0.032195906353260126,2.029303206882166
0.7755102040816326,4.865306122448979,-1.2745134095992736,0.08334199627252756,2.088986908461338
0.7755102040816326,5.006122448979592,-1.2431741099579434,0.13356138648803514,2.143343267322366
0.7755102040816326,5.146938775510204,-1.213358331593292,0.18242160653890685,2.1931257411817953
0.7755102040816326,5.2877551020408164,-1.184956420034494,0.22966219154203427,2.2389446087324596
0.7755102040816326,5.428571428571429,-1.1578659757045056,0.27514349092886226,2.2813002551461996
0.7755102040816326,5.56938775510204,-1.1319922263195255,0.3188085213223844,2.3206075181105583
0.7755102040816326,5.710204081632653,-1.1072479554364496,0.3606555072755487,2.3572137698220064
0.7755102040816326,5.851020408163265,-1.083553186767354,0.4007185139099053,2.3914125340519172
0.7755102040816326,5.9918367346938775,-1.060834739804801,0.43905399639823395,2.4234538773895307
0.7755102040816326,6.13265306122449,-1.0390257195123391,0.47573160387563107,2.453552446596556
0.7755102040816326,6.273469387755102,-1.0180650030187715,0.5108279115664311,2.481893741453151
0.7755102040816326,6.414285714285714,-0.9978967279589803,0.5444222506030273,2.508639077715189
0.7755102040816326,6.555102040816326,-0.9784698117191032,0.5765939562694605,2.533929543133437
0.7755102040816326,6.6959183673469385,-0.9597375004051079,0.6074206124396305,2.557889188863728
0.7755102040816326,6.836734693877551,-0.9416569571151342,0.6369769606318318,2.580627617528991
0.7755102040816326,6.977551020408163,-0.924188886075616,0.665334268428974,2.6022421031145235
0.7755102040816326,7.118367346938776,-0.9072971925047519,0.6925600082702158,2.62281933901867
0.7755102040816326,7.259183673469387,-0.8909486762007213,0.7187177436406474,2.6424368903279807
0.7755102040816326,7.4,-0.8751127548869478,0.7438671447376762,2.661164404622099
0.7959183673469387,0.5,-0.7380924792232204,0.6001551151105524,2.972188171160473
0.7959183673469387,0.6408163265306123,-0.8214055600398447,0.5484495369117854,2.9062668406008623
0.7959183673469387,0.7816326530612245,-0.9061817343288885,0.5113725432387894,2.8380500903148755
0.7959183673469387,0.9224489795918367,-0.9925543796662003,0.4797440375686805,2.767257848748758
0.7959183673469387,1.063265306122449,-1.0806036248939148,0.44910533517267476,2.693555212612247
0.7959183673469387,1.2040816326530612,-1.1703332209912511,0.417317107875492,2.6165400906014393
0.7959183673469387,1.3448979591836734,-1.2616240306141555,0.3833628864854231,2.53572617813437
0.7959183673469387,1.4857142857142858,-1.354158265627201,0.34677585376115233,2.450519760363152
0.7959183673469387,1.626530612244898,-1.447305172906248,0.30736769660310054,2.3601878638296534
0.7959183673469387,1.76734693877551,-1.5399601518437875,0.26510384829276473,2.2638139549614644
0.7959183673469387,1.9081632653061225,-1.630341857592832,0.2200525514344405,2.1602354465632563
0.7959183673469387,2.0489795918367344,-1.7157885665675467,0.17237526330559286,2.047954445927651
0.7959183673469387,2.1897959183673468,-1.7926685145309766,0.1223439093715832,1.925009679315084
0.7959183673469387,2.330612244897959,-1.8566108074351366,0.07037990410947972,1.788795403923427
0.7959183673469387,2.4714285714285715,-1.903266851417312,0.017113430863464788,1.6358241070569244
0.7959183673469387,2.6122448979591835,-1.9295477005863118,-0.036539440342707216,1.461507222982607
0.7959183673469387,2.753061224489796,-1.934776456749223,-0.08928967414058966,1.2604190421549344
0.7959183673469387,2.8938775510204082,-1.9209776188093455,-0.13939964512559394,1.029366191372246
0.7959183673469387,3.03469387755102,-1.8920802895663096,-0.18466192476051213,0.7834447031802294
0.7959183673469387,3.1755102040816325,-1.8526238352602162,-0.22249765952590636,0.6069855932282103
0.7959183673469387,3.316326530612245,-1.8067186091728042,-0.25023916202495833,0.6387576412602026
0.7959183673469387,3.457142857142857,-1.7575640433149924,-0.26560212657804166,0.829754272894609
0.7959183673469387,3.5979591836734692,-1.7074059444702103,-0.26722734415414867,1.043110312111476
0.7959183673469387,3.7387755102040816,-1.6577024711277193,-0.2550577147675342,1.2309090648998655
0.7959183673469387,3.8795918367346935,-1.6093360059913389,-0.23034650071350105,1.3892445240379325
0.7959183673469387,4.020408163265306,-1.562797387714203,-0.19529187159778705,1.5230134699705364
0.7959183673469387,4.161224489795918,-1.5183235711200016,-0.1524961973374042,1.6374072378132243
0.7959183673469387,4.302040816326531,-1.4759928141937952,-0.10448675236806645,1.7365423180913724
0.7959183673469387,4.442857142857143,-1.4357876597656651,-0.053423867762779145,1.823508541955298
0.7959183673469387,4.5836734693877546,-1.3976354859880418,-0.000995260568330326,1.900616838560386
0.7959183673469387,4.724489795918367,-1.3614341153446623,0.051566913542883515,1.9696154492124551
0.7959183673469387,4.865306122448979,-1.327067702017581,0.10341208419951421,2.031847879126694
0.7959183673469387,5.006122448979592,-1.2944164277655865,0.15398377502395727,2.0883634904102006
0.7959183673469387,5.146938775510204,-1.263362210962595,0.2029405453395344,2.139994704591851
0.7959183673469387,5.2877551020408164,-1.2337919635091303,0.25009235884188824,2.1874113231714576
0.7959183673469387,5.428571428571429,-1.2055992786695084,0.29535276901490914,2.231159310313608
0.7959183673469387,5.56938775510204,-1.1786851685279889,0.338704431157699,2.271688927548219
0.7959183673469387,5.710204081632653,-1.1529582194439236,0.38017482135874037,2.309375447115111
0.7959183673469387,5.851020408163265,-1.1283344078084538,0.4198194526271247,2.3445346344576192
0.7959183673469387,5.9918367346938775,-1.1047367215676347,0.4577104509218748,2.377434490704268
0.7959183673469387,6.13265306122449,-1.0820946901869506,0.4939288478845707,2.408304263470423
0.7959183673469387,6.273469387755102,-1.0603438777680507,0.5285594568174588,2.4373414546501277
0.7959183673469387,6.414285714285714,-1.0394253700919056,0.5616875280413184,2.4647173254865176
0.7959183673469387,6.555102040816326,-1.0192852798059013,0.5933966216922963,2.4905812751971137
0.7959183673469387,6.6959183673469385,-0.999874282510184,0.623767293280647,2.5150643467648788
0.7959183673469387,6.836734693877551,-0.9811471870913188,0.6528763342451209,2.538282064686429
0.7959183673469387,6.977551020408163,-0.9630625421004507,0.6807963851071331,2.560336749279828
0.7959183673469387,7.118367346938776,-0.9455822783882672,0.7075957937842218,2.581319418773669
0.7959183673469387,7.259183673469387,-0.9286713862468169,0.7333386348724069,2.6013113644827626
0.7959183673469387,7.4,-0.9122976245580624,0.7580848421701032,2.620385460012574
0.8163265306122448,0.5,-0.7368023421907611,0.5995883582661935,2.9731123790716696
0.8163265306122448,0.6408163265306123,-0.8194079276618655,0.5467371117057229,2.907709995538837
0.8163265306122448,0.7816326530612245,-0.9033441896563857,0.5084150885601301,2.8401423351536645
0.8163265306122448,0.9224489795918367,-0.9887630633093277,0.47550696603581455,2.7701465342912126
0.8163265306122448,1.063265306122449,-1.0757769228896865,0.44356619514462753,2.69740977551422
0.8163265306122448,1.2040816326530612,-1.164443414348899,0.4104459985402198,2.6215580696787995
0.8163265306122448,1.3448979591836734,-1.2547306931639473,0.37511723436105837,2.5421410017536537
0.8163265306122448,1.4857142857142858,-1.3464585935345579,0.3371007990706161,2.45861110665347
0.8163265306122448,1.626530612244898,-1.4392071258171137,0.29619901857036257,2.370295711435188
0.8163265306122448,1.76734693877551,-1.5321821008503484,0.25237266105318557,2.276357941681035
0.8163265306122448,1.9081632653061225,-1.6240324375906416,0.20569229809413767,2.175741871273872
0.8163265306122448,2.0489795918367344,-1.7126344195030847,0.1563322140352511,2.067094171501991
0.8163265306122448,2.1897959183673468,-1.7949098100479486,0.10459292340472147,1.948650925665378
0.8163265306122448,2.330612244897959,-1.8668339130580978,0.050947913695155306,1.818073924895995
0.8163265306122448,2.4714285714285715,-1.923868200503627,-0.003886809186859262,1.672220905804054
0.8163265306122448,2.6122448979591835,-1.9619660581754346,-0.05886359847857407,1.5068638830814667
0.8163265306122448,2.753061224489796,-1.9788966418732654,-0.11250579063310326,1.3165500776533876
0.8163265306122448,2.8938775510204082,-1.9751414267391936,-0.16283156286076897,1.0957175594695834
0.8163265306122448,3.03469387755102,-1.9537050256615824,-0.20735573702976934,0.8465912565507625
0.8163265306122448,3.1755102040816325,-1.9189872201568015,-0.24324949275686852,0.6145862319990186
0.8163265306122448,3.316326530612245,-1.875497934875079,-0.2677228907163983,0.5424066390233
0.8163265306122448,3.457142857142857,-1.8270325972323815,-0.2785995960934967,0.6901982932493798
0.8163265306122448,3.5979591836734692,-1.7764009139958539,-0.27489304218973143,0.9109956081613294
0.8163265306122448,3.7387755102040816,-1.7255023615294254,-0.25709834761142575,1.1151952421129532
0.8163265306122448,3.8795918367346935,-1.675530604895871,-0.22702908569513713,1.287804762302339
0.8163265306122448,4.020408163265306,-1.6271823753186083,-0.18729606319337905,1.4326438832046429
0.8163265306122448,4.161224489795918,-1.5808247894080258,-0.14070419486499836,1.555530022264424
0.8163265306122448,4.302040816326531,-1.536615245422032,-0.0898017640884292,1.6612664734330096
0.8163265306122448,4.442857142857143,-1.4945823326825718,-0.03665756518746019,1.753459380343611
0.8163265306122448,4.5836734693877546,-1.4546785379246696,0.017179926322467946,1.8347822064857364
0.8163265306122448,4.724489795918367,-1.4168137983718232,0.07062283787621887,1.907236234855287
0.8163265306122448,4.865306122448979,-1.3808764883604296,0.12294860230584877,1.9723437699210478
0.8163265306122448,5.006122448979592,-1.3467463089510923,0.17370542914241605,2.031282817061189
0.8163265306122448,5.146938775510204,-1.314302033759205,0.22263340059934278,2.084980099662045
0.8163265306122448,5.2877551020408164,-1.2834260047967971,0.26960417068325315,2.1341758307018033
0.8163265306122448,5.428571428571429,-1.2540065901443345,0.3145771379186822,2.1794694466697724
0.8163265306122448,5.56938775510204,-1.2259393865178232,0.35756863840432185,2.2213524539987533
0.8163265306122448,5.710204081632653,-1.1991276415207426,0.3986307266104125,2.2602323988764454
0.8163265306122448,5.851020408163265,-1.1734822311907582,0.4378367375208611,2.2964506193229433
0.8163265306122448,5.9918367346938775,-1.1489213520369734,0.4752716838391046,2.3302956251278926
0.8163265306122448,6.13265306122449,-1.1253700917451734,0.5110258533572338,2.3620132841121104
0.8163265306122448,6.273469387755102,-1.1027599242128179,0.5451906756756798,2.3918146971835266
0.8163265306122448,6.414285714285714,-1.081028185867143,0.5778560935557427,2.419882357090002
0.8163265306122448,6.555102040816326,-1.0601175645314274,0.6091089495195677,2.4463750111239624
0.8163265306122448,6.6959183673469385,-1.0399756118366026,0.6390320514401574,2.4714315423685007
0.8163265306122448,6.836734693877551,-1.0205542890026162,0.6677036919401631,2.495174096105632
0.8163265306122448,6.977551020408163,-1.0018095501795843,0.6951974847086702,2.517710619673681
0.8163265306122448,7.118367346938776,-0.9837009563310292,0.7215822906982979,2.5391369420336756
0.8163265306122448,7.259183673469387,-0.9661913385324064,0.7469224688150673,2.559538490059271
0.8163265306122448,7.4,-0.9492464806710504,0.7712779880352033,2.5789917107784177
0.836734693877551,0.5,-0.735520106030995,0.5990449635107409,2.9740314181514664
0.836734693877551,0.6408163265306123,-0.8174245120439522,0.5450598692566936,2.9091430136083556
0.836734693877551,0.7816326530612245,-0.9005283627729957,0.5055010514968034,2.8422167144022854
0.836734693877551,0.9224489795918367,-0.9850001062926693,0.4713178721098236,2.7730058749744972
0.836734693877551,1.063265306122449,-1.0709801142176965,0.43807637820536793,2.701218463107815
0.836734693877551,1.2040816326530612,-1.1585721145005177,0.40362273147511973,2.626506863072379
0.836734693877551,1.3448979591836734,-1.2478182038198546,0.3669153136171255,2.548454223234055
0.836734693877551,1.4857142857142858,-1.3386543508035513,0.3274628307954782,2.4665561598701142
0.836734693877551,1.626530612244898,-1.4308389819695846,0.2850583814536792,2.3801959357342395
0.836734693877551,1.76734693877551,-1.5238441481364264,0.23965843189162547,2.2886102704972497
0.836734693877551,1.9081632653061225,-1.6166986721820558,0.1913368223199257,2.190841445021284
0.836734693877551,2.0489795918367344,-1.7077817786042528,0.14028263008130132,2.0856690377610048
0.836734693877551,2.1897959183673468,-1.7945967821633197,0.0868287476774415,1.9715111218043406
0.836734693877551,2.330612244897959,-1.873624040400942,0.03150743453092411,1.8462796906956556
0.836734693877551,2.4714285714285715,-1.9404551686084512,-0.024868534066935538,1.7071702384303837
0.836734693877551,2.6122448979591835,-1.9904578921246452,-0.08110354263306768,1.550371137851484
0.836734693877551,2.753061224489796,-2.0200147217857207,-0.1355116873623216,1.3707501459141134
0.836734693877551,2.8938775510204082,-2.027848716233332,-0.18584420485362532,1.1619902691276802
0.836734693877551,3.03469387755102,-2.015570923624585,-0.2293251609437529,0.9198182052833057
0.836734693877551,3.1755102040816325,-1.987023457273805,-0.26289033742725076,0.6610795895213465
0.836734693877551,3.316326530612245,-1.9469248047622592,-0.28368558013803113,0.4874392317333747
0.836734693877551,3.457142857142857,-1.8996752225052966,-0.28973924296076964,0.5509230972655055
0.836734693877551,3.5979591836734692,-1.8487513469507404,-0.2805357103138971,0.765461610555212
0.836734693877551,3.7387755102040816,-1.796610400094048,-0.2571721905314269,0.9868236466972095
0.836734693877551,3.8795918367346935,-1.7448516975892117,-0.222001302561865,1.1763807340371721
0.836734693877551,4.020408163265306,-1.6944434582780197,-0.17797480838671753,1.3345046139187389
0.836734693877551,4.161224489795918,-1.6459245360384782,-0.12801840766394376,1.4674922203854237
0.836734693877551,4.302040816326531,-1.5995560581766046,-0.07463871914201774,1.5809879494454488
0.836734693877551,4.442857142857143,-1.5554262253033317,-0.019777787758541467,1.6792558659597474
0.836734693877551,4.5836734693877546,-1.513519412956026,0.035167863388536835,1.7654298636832066
0.836734693877551,4.724489795918367,-1.4737604450480193,0.08925357322365865,1.8418286567913156
0.836734693877551,4.865306122448979,-1.436042396513988,0.14187718911113126,1.9101957945746166
0.836734693877551,5.006122448979592,-1.400243752304645,0.19268194498913585,1.9718663776416416
0.836734693877551,5.146938775510204,-1.366238783072965,0.24148012663104734,2.027880940257828
0.836734693877551,5.2877551020408164,-1.3339036542934435,0.28819701112596857,2.079063776804031
0.836734693877551,5.428571428571429,-1.30311984719958,0.33283128046236093,2.1260775891901917
0.836734693877551,5.56938775510204,-1.2737759398774988,0.37542777437230435,2.1694622777203505
0.836734693877551,5.710204081632653,-1.245768355596351,0.4160591030604515,2.209662970068713
0.836734693877551,5.851020408163265,-1.2190015101306602,0.4548133713949504,2.2470505974761785
0.836734693877551,5.9918367346938775,-1.1933875873076452,0.49178615556171773,2.281937265646939
0.836734693877551,6.13265306122449,-1.1688461467675646,0.527075232932467,2.314587856873809
0.836734693877551,6.273469387755102,-1.1453036059636563,0.5607773198094063,2.3452289650044045
0.836734693877551,6.414285714285714,-1.1226926998176547,0.5929860386299821,2.3740558193391905
0.836734693877551,6.555102040816326,-1.1009519378060433,0.6237907457410463,2.401237728318058
0.836734693877551,6.6959183673469385,-1.0800250838182048,0.6532759398339204,2.4269224016053044
0.836734693877551,6.836734693877551,-1.059860661020653,0.6815209291027783,2.4512394147657233
0.836734693877551,6.977551020408163,-1.0404115086486174,0.7085999439407061,2.474303011778878
0.836734693877551,7.118367346938776,-1.0216343634445415,0.7345821822433929,2.4962143905924234
0.836734693877551,7.259183673469387,-1.0034894868852566,0.7595320483671095,2.5170635815365854
0.836734693877551,7.4,-0.9859403278137253,0.7835094215376243,2.536931003348498
0.8571428571428571,0.5,-0.7342457231447204,0.5985248540944305,2.974945324993789
0.8571428571428571,0.6408163265306123,-0.8154552436053465,0.5434179313968557,2.9105659871533702
0.8571428571428571,0.7816326530612245,-0.8977342467707549,0.5026309194106161,2.8442734300613552
0.8571428571428571,0.9224489795918367,-0.9812658524204462,0.4671777240936494,2.7758362719728407
0.8571428571428571,1.063265306122449,-1.0662146237038943,0.43263741286980467,2.704982018947409
0.8571428571428571,1.2040816326530612,-1.1527234155565178,0.3968494508297085,2.63138778004939
0.8571428571428571,1.3448979591836734,-1.2408964257928403,0.35875992996435746,2.5546680596793347
0.8571428571428571,1.4857142857142858,-1.3307666597403673,0.3178654592299877,2.474358561495794
0.8571428571428571,1.626530612244898,-1.4222418152780716,0.2739500428040216,2.389894372363957
0.8571428571428571,1.76734693877551,-1.5150189284742457,0.22696623906383215,2.3005800961635456
0.8571428571428571,1.9081632653061225,-1.6084553640908552,0.17699215714443722,2.2055482309040553
0.8571428571428571,2.0489795918367344,-1.7013852619554546,0.12423381099631832,2.1037000894659017
0.8571428571428571,2.1897959183673468,-1.7918852698232648,0.06906060080991372,1.9936204130553221
0.8571428571428571,2.330612244897959,-1.8770382200860471,0.012070885424115236,1.8734519077949687
0.8571428571428571,2.4714285714285715,-1.9528352994835056,-0.04581381969820443,1.74070926052488
0.8571428571428571,2.6122448979591835,-2.0144715590248916,-0.1032321836097448,1.5920071283384398
0.8571428571428571,2.753061224489796,-2.0572817433056856,-0.15826632845062338,1.4226956566698954
0.8571428571428571,2.8938775510204082,-2.078201360711237,-0.2083784697068368,1.226561761782428
0.8571428571428571,3.03469387755102,-2.077006190807159,-0.2504940273023263,0.9967123031261093
0.8571428571428571,3.1755102040816325,-2.0564248121475557,-0.2813394742922801,0.7339145526025795
0.8571428571428571,3.316326530612245,-2.0210327362540794,-0.2980693527876335,0.4890326835435103
0.8571428571428571,3.457142857142857,-1.9757607814104408,-0.2990211032384855,0.43048362053626266
0.8571428571428571,3.5979591836734692,-1.9248484649450501,-0.2842381273456033,0.6075582884566778
0.8571428571428571,3.7387755102040816,-1.871455317815161,-0.25544398156577824,0.843312495572266
0.8571428571428571,3.8795918367346935,-1.817713511760569,-0.21548419416130635,1.0527675438850919
0.8571428571428571,4.020408163265306,-1.764953705330041,-0.1675694045069637,1.2269949799254296
0.8571428571428571,4.161224489795918,-1.713944341486976,-0.11466891359665429,1.372146256512546
0.8571428571428571,4.302040816326531,-1.6650841128617127,-0.059196636310672554,1.4948641383958516
0.8571428571428571,4.442857142857143,-1.6185390726883806,-0.002944041795148416,1.6002603103757156
0.8571428571428571,4.5836734693877546,-1.5743342506585658,0.05284912086167399,1.6920630181260667
0.8571428571428571,4.724489795918367,-1.5324126407406906,0.10737605850495432,1.7729955685527907
0.8571428571428571,4.865306122448979,-1.4926722817714384,0.16014572750380188,1.8450792417384068
0.8571428571428571,5.006122448979592,-1.454989141759748,0.21088654077866248,1.9098434626897833
0.8571428571428571,5.146938775510204,-1.419230963616945,0.25947418654673426,1.9684676972603146
0.8571428571428571,5.2877551020408164,-1.3852654613893134,0.3058802765744475,2.0218776729035577
0.8571428571428571,5.428571428571429,-1.3529649637061718,0.3501369745662809,2.0708116113127044
0.8571428571428571,5.56938775510204,-1.3222088874183564,0.39231316125568183,2.1158666623890343
0.8571428571428571,5.710204081632653,-1.292884874288251,0.43249860670627543,2.1575320551566137
0.8571428571428571,5.851020408163265,-1.264889129911781,0.4707936078300412,2.1962131949874673
0.8571428571428571,5.9918367346938775,-1.2381262783752542,0.5073023533314248,2.232249494143778
0.8571428571428571,6.13265306122449,-1.2125089864019543,0.5421286584049663,2.265927723541237
0.8571428571428571,6.273469387755102,-1.1879574244225628,0.5753734455832528,2.29749221394814
0.8571428571428571,6.414285714285714,-1.1643986796810717,0.6071331415515591,2.327152709872112
0.8571428571428571,6.555102040816326,-1.1417661743260454,0.6374990137433688,2.355090505390649
0.8571428571428571,6.6959183673469385,-1.1199990858978248,0.6665567366882769,2.3814632892877534
0.8571428571428571,6.836734693877551,-1.0990418092688103,0.6943863606775578,2.4064090085949243
0.8571428571428571,6.977551020408163,-1.0788434576832293,0.7210624383589488,2.430048979114037
0.8571428571428571,7.118367346938776,-1.0593574064169344,0.7466542582307422,2.452490411405747
0.8571428571428571,7.259183673469387,-1.040540879256985,0.7712261372089093,2.473828478497115
0.8571428571428571,7.4,-1.0223545757025392,0.7948377415535953,2.4941480217638237
0.8775510204081632,0.5,-0.7329791458604508,0.59802794845951,2.9758541358823085
0.8775510204081632,0.6408163265306123,-0.8135000507858074,0.5418114095879821,2.9119790075243084
0.8775510204081632,0.7816326530612245,-0.8949618234558826,0.4998051649853374,2.846312681386715
0.8775510204081632,0.9224489795918367,-0.9775606016440762,0.46308747596550215,2.778638119821005
0.8775510204081632,1.063265306122449,-1.0614817392639129,0.42725082061371616,2.708701172043054
0.8775510204081632,1.2040816326530612,-1.1469010456388717,0.39012830790921926,2.636202100282754
0.8775510204081632,1.3448979591836734,-1.2339743623234976,0.35065391768267967,2.5607846715453486
0.8775510204081632,1.4857142857142858,-1.3228148591166697,0.30831225334334666,2.4820218503076736
0.8775510204081632,1.626530612244898,-1.4134535047328853,0.2628783589229749,2.399396680608846
0.8775510204081632,1.76734693877551,-1.5057744999716713,0.2143013062958845,2.312276290737463
0.8775510204081632,1.9081632653061225,-1.599413563131286,0.1626645507654762,2.219875886145142
0.8775510204081632,2.0489795918367344,-1.6936041682682486,0.10819335916823276,2.121207924398053
0.8775510204081632,2.1897959183673468,-1.7869602518026495,0.051298143246657026,2.015008956324518
0.8775510204081632,2.330612244897959,-1.877206259136452,-0.007348652153769676,1.8996322058436768
0.8775510204081632,2.4714285714285715,-1.960929156495092,-0.06670373248668345,1.7728871931800059
0.8775510204081632,2.6122448979591835,-2.033548562818391,-0.12522095757748436,1.631798689859502
0.8775510204081632,2.753061224489796,-2.089824013941644,-0.18072685767978344,1.4722533335272883
0.8775510204081632,2.8938775510204082,-2.1251190929860044,-0.23037400626713514,1.2885511403791132
0.8775510204081632,3.03469387755102,-2.137075112473238,-0.2707879250510596,1.0732511960986775
0.8775510204081632,3.1755102040816325,-2.126656856524239,-0.29852483606763536,0.8199386044154278
0.8775510204081632,3.316326530612245,-2.0977319892363693,-0.3108348148292097,0.5435951326792335
0.8775510204081632,3.457142857142857,-2.055535314422227,-0.3064713884687068,0.359605556424323
0.8775510204081632,3.5979591836734692,-2.005125283258174,-0.28610842617334703,0.445088715458296
0.8775510204081632,3.7387755102040816,-1.9505360568572598,-0.25209277600694047,0.6823670506786546
0.8775510204081632,3.8795918367346935,-1.8946045761837402,-0.2076966457791322,0.9141463612663352
0.8775510204081632,4.020408163265306,-1.8391519590438856,-0.15630387135719778,1.1080284833481573
0.8775510204081632,4.161224489795918,-1.7852582255808724,-0.10085885488619488,1.2680214089587025
0.8775510204081632,4.302040816326531,-1.7335070179185867,-0.04364390918723052,1.4018385675075258
0.8775510204081632,4.442857142857143,-1.6841671175006485,0.01371403859584741,1.5156894223917403
0.8775510204081632,4.5836734693877546,-1.6373156123907502,0.07013085158333612,1.6140823107923779
0.8775510204081632,4.724489795918367,-1.592917481280292,0.12492947606031225,1.7002651734676364
0.8775510204081632,4.865306122448979,-1.5508755067551256,0.17771991734824316,1.7766134632249742
0.8775510204081632,5.006122448979592,-1.5110609486280926,0.22830620823646,1.8449003716851113
0.8775510204081632,5.146938775510204,-1.4733320136115213,0.27661930593126294,1.9064770490571785
0.8775510204081632,5.2877551020408164,-1.4375447414048728,0.3226706692200203,1.9623929364271362
0.8775510204081632,5.428571428571429,-1.403559188560168,0.3665209190603432,2.0134773022861348
0.8775510204081632,5.56938775510204,-1.3712427455792726,0.40825914156666254,2.0603956103622947
0.8775510204081632,5.710204081632653,-1.3404717095682082,0.4479893805724625,2.103689246022174
0.8775510204081632,5.851020408163265,-1.3111318212870202,0.48582196128623006,2.1438040626985386
0.8775510204081632,5.9918367346938775,-1.2831181810192238,0.5218680659630739,2.181111286236801
0.8775510204081632,6.13265306122449,-1.25633486268556,0.5562363590125822,2.215923029148793
0.8775510204081632,6.273469387755102,-1.2306943129967,0.5890309712730708,2.24850404178217
0.8775510204081632,6.414285714285714,-1.206116711326139,0.6203505673761083,2.2790806948177464
0.8775510204081632,6.555102040816326,-1.182529293967725,0.6502877689498684,2.307847948795876
0.8775510204081632,6.6959183673469385,-1.159865707256352,0.6789290625465361,2.3349748238019
0.8775510204081632,6.836734693877551,-1.1380653961662028,0.7063549085389437,2.360608737044314
0.8775510204081632,6.977551020408163,-1.1170730395231585,0.7326399854013882,2.38487897702604
0.8775510204081632,7.118367346938776,-1.0968380344495898,0.7578535084037097,2.407899511662143
0.8775510204081632,7.259183673469387,-1.0773140299995962,0.7820595833094606,2.4297712769330393
0.8775510204081632,7.4,-1.0584585076516755,0.8053175722626156,2.4505840578486264
0.8979591836734693,0.5,-0.7317203264451441,0.5975541614054879,2.9767578868120794
0.8979591836734693,0.6408163265306123,-0.811558860176416,0.5402404050670963,2.913382165091777
0.8979591836734693,0.7816326530612245,-0.8922110640209922,0.4970242458400939,2.848334664931449
0.8979591836734693,0.9224489795918367,-0.9738846128302562,0.45904806802414205,2.781411806560281
0.8979591836734693,1.063265306122449,-1.0567826207840563,0.42191811371826843,2.712376637163437
0.8979591836734693,1.2040816326530612,-1.1411083911522373,0.3834614593276224,2.6409510745153675
0.8979591836734693,1.3448979591836734,-1.2270602113540945,0.3426001390105879,2.5668061638093453
0.8979591836734693,1.4857142857142858,-1.3148165977329853,0.2988068398527699,2.4895494644605467
0.8979591836734693,1.626530612244898,-1.4045088096573797,0.25184778471872005,2.4087083455762617
0.8979591836734693,1.76734693877551,-1.4961741019957044,0.20166900906459717,2.323707441461214
0.8979591836734693,1.9081632653061225,-1.5896791090215483,0.14836047204420286,2.233837638622184
0.8979591836734693,2.0489795918367344,-1.6845980125638234,0.09216919602243744,2.138212594164083
0.8979591836734693,2.1897959183673468,-1.780026891847749,0.03355149530589742,2.035706518553741
0.8979591836734693,2.330612244897959,-1.8743213830343621,-0.026737409416681995,1.9248632088460909
0.8979591836734693,2.4714285714285715,-1.964777842769044,-0.08751830498456636,1.8037602351173248
0.8979591836734693,2.6122448979591835,-2.047369673332528,-0.14703983693660455,1.6698026252010953
0.8979591836734693,2.753061224489796,-2.116814525698924,-0.20284876782475517,1.519408196212368
0.8979591836734693,2.8938775510204082,-2.1673735881560923,-0.25176980470941357,1.3475471502749727
0.8979591836734693,3.03469387755102,-2.194531719284906,-0.2901355356195418,1.1472126576305133
0.8979591836734693,3.1755102040816325,-2.196862872549747,-0.3143849665070522,0.909741256264276
0.8979591836734693,3.316326530612245,-2.17672451407491,-0.3219623781888755,0.6321994658280191
0.8979591836734693,3.457142857142857,-2.139177044343358,-0.3121411038090505,0.36402890376945335
0.8979591836734693,3.5979591836734692,-2.090047207419405,-0.286275090506516,0.3020531169254047
0.8979591836734693,3.7387755102040816,-2.0344317066605284,-0.24730493449270158,0.5039730188651209
0.8979591836734693,3.8795918367346935,-1.9761035687589403,-0.19884927194331264,0.7570821601552571
0.8979591836734693,4.020408163265306,-1.9175573053161195,-0.14438176393101848,0.9748641673607269
0.8979591836734693,4.161224489795918,-1.8603030886965974,-0.08676449623145387,1.153205330417505
0.8979591836734693,4.302040816326531,-1.8051771887361836,-0.028120808127398797,1.3005684234238697
0.8979591836734693,4.442857142857143,-1.7525855730666802,0.03009284730635044,1.4245698814175685
0.8979591836734693,4.5836734693877546,-1.7026723185465917,0.08694250395074384,1.530757718469527
0.8979591836734693,4.724489795918367,-1.6554286520304171,0.1418711447798642,1.6230726222586085
0.8979591836734693,4.865306122448979,-1.6107609708280002,0.19457960019528941,1.704349390451175
0.8979591836734693,5.006122448979592,-1.568532225718702,0.24493853228147058,1.7766716534073044
0.8979591836734693,5.146938775510204,-1.5285865972776482,0.2929268495342387,1.8416055802878015
0.8979591836734693,5.2877551020408164,-1.4907638789121715,0.3385901343883471,1.900353269154312
0.8979591836734693,5.428571428571429,-1.4549075736114785,0.38201311224382645,1.9538548941522698
0.8979591836734693,5.56938775510204,-1.4208692079158527,0.4233018044385083,2.002858196502183
0.8979591836734693,5.710204081632653,-1.3885103800691017,0.4625721099534128,2.0479667560405934
0.8979591836734693,5.851020408163265,-1.357703460656586,0.4999425267178869,2.089674246569245
0.8979591836734693,5.9918367346938775,-1.328331551930908,0.5355298965741536,2.1283892055983906
0.8979591836734693,6.13265306122449,-1.300288014995452,0.5694466872307737,2.1644532694839054
0.8979591836734693,6.273469387755102,-1.2734757803604284,0.6017996041262665,2.198154830979975
0.8979591836734693,6.414285714285714,-1.2478065790437314,0.6326888984363009,2.229739404908012
0.8979591836734693,6.555102040816326,-1.22320015621577,0.6622081516489702,2.259417610177315
0.8979591836734693,6.6959183673469385,-1.1995835111139206,0.6904443500842726,2.287371391615656
0.8979591836734693,6.836734693877551,-1.1768901839530248,0.7174781305293347,2.313758924425716
0.8979591836734693,6.977551020408163,-1.1550596000224653,0.7433841222824706,2.3387185202630554
0.8979591836734693,7.118367346938776,-1.1340364738319524,0.7682313366592894,2.362371768971464
0.8979591836734693,7.259183673469387,-1.1137702721576923,0.7920835710026491,2.384826086754281
0.8979591836734693,7.4,-1.094214732942579,0.8149998103784842,2.406176800441651
0.9183673469387754,0.5,-0.7304692171061928,0.5971034021307755,2.9776566134786204
0.9183673469387754,0.6408163265306123,-0.8096315966281333,0.5387050077154932,2.9147755492516203
0.9183673469387754,0.7816326530612245,-0.8894819296839125,0.49428860407248204,2.8503395745890647
0.9183673469387754,0.9224489795918367,-0.9702381062400529,0.45506042362700205,2.7841577138216675
0.9183673469387754,1.063265306122449,-1.0521183085327095,0.41664079444132873,2.7160091151281427
0.9183673469387754,1.2040816326530612,-1.1353485197654858,0.3768510660064878,2.6456359253174155
0.9183673469387754,1.3448979591836734,-1.2201614187200998,0.33460148381897037,2.5727345874835925
0.9183673469387754,1.4857142857142858,-1.3067879316575888,0.2893529015194815,2.496944743711137
0.9183673469387754,1.626530612244898,-1.3954394790279268,0.24086287193688638,2.4178346811972533
0.9183673469387754,1.76734693877551,-1.4862760539865663,0.18907487630869874,2.3348818514468874
0.9183673469387754,1.9081632653061225,-1.579351572359201,0.13408661597157706,2.2474462728463527
0.9183673469387754,2.0489795918367344,-1.6745227828073312,0.0761695713588734,2.154733526079318
0.9183673469387754,2.1897959183673468,-1.771301698479179,0.01583125480160317,2.0557421933026507
0.9183673469387754,2.330612244897959,-1.8686271108136117,-0.04608090738947175,1.949187532350271
0.9183673469387754,2.4714285714285715,-1.9645392320962514,-0.1082365146833066,1.8333880574149748
0.9183673469387754,2.6122448979591835,-2.0557903877897346,-0.16865736426606967,1.7060931210321426
0.9183673469387754,2.753061224489796,-2.137559607335914,-0.2245861250946716,1.5642160420653282
0.9183673469387754,2.8938775510204082,-2.2036678132329004,-0.27250488406156603,1.403421074463961
0.9183673469387754,3.03469387755102,-2.2478038543555967,-0.30847003489110814,1.2175246819144139
0.9183673469387754,3.1755102040816325,-2.2657502410512276,-0.3288707683901286,0.9979293283574232
0.9183673469387754,3.316326530612245,-2.2573740318921747,-0.33145283107528317,0.7352380667547226
0.9183673469387754,3.457142857142857,-2.226714462285612,-0.3161036422750914,0.43776090666416356
0.9183673469387754,3.5979591836734692,-2.180085327638622,-0.2848815211984285,0.22454609269733203
0.9183673469387754,3.7387755102040816,-2.1238080933806756,-0.24126785258738312,0.3173323981806659
0.9183673469387754,3.8795918367346935,-2.062897459174748,-0.18913989960159905,0.5781398550124371
0.9183673469387754,4.020408163265306,-2.0007864362875263,-0.13198463989948242,0.823933407148613
0.9183673469387754,4.161224489795918,-1.9395907080849224,-0.07253642037537843,1.0251829274518292
0.9183673469387754,4.302040816326531,-1.8804980154036368,-0.012742437314655884,1.1893245037945301
0.9183673469387754,4.442857142857143,-1.8241000876300473,0.04611106431894008,1.3256783537050483
0.9183673469387754,4.5836734693877546,-1.7706276434193828,0.10323202369363096,1.4411917282114528
0.9183673469387754,4.724489795918367,-1.7201026314818046,0.1581729603898348,1.54073653394974
0.9183673469387754,4.865306122448979,-1.672432248840968,0.21071567768314695,1.6277540267703468
0.9183673469387754,5.006122448979592,-1.6274653141184479,0.2607891828743021,1.704729546089885
0.9183673469387754,5.146938775510204,-1.5850253086934385,0.30841380114652805,1.7735023657470923
0.9183673469387754,5.2877551020408164,-1.5449292856102712,0.35366424547176295,1.8354653064747166
0.9183673469387754,5.428571428571429,-1.5069983173660646,0.39664562673142567,1.8916951218746842
0.9183673469387754,5.56938775510204,-1.4710629327512514,0.4374780656578956,1.9430396133006436
0.9183673469387754,5.710204081632653,-1.4369656467971903,0.47628723138398477,1.990177171752185
0.9183673469387754,5.851020408163265,-1.404561759072987,0.5131983801640234,2.033658442826146
0.9183673469387754,5.9918367346938775,-1.3737192583394662,0.5483328307509494,2.073936038784074
0.9183673469387754,6.13265306122449,-1.3443181818854593,0.581806045795246,2.1113862108829315
0.9183673469387754,6.273469387755102,-1.3162497516065979,0.6137266416721235,2.1463248859895097
0.9183673469387754,6.414285714285714,-1.2894154150400898,0.6441960213325477,2.1790197411366883
0.9183673469387754,6.555102040816326,-1.2637258813217704,0.6733083843188673,2.2096994243157697
0.9183673469387754,6.6959183673469385,-1.2391002005544263,0.7011509630314405,2.238560689989854
0.9183673469387754,6.836734693877551,-1.2154649071085375,0.7278043819956843,2.2657739858507364
0.9183673469387754,6.977551020408163,-1.1927532388736939,0.7533430816006627,2.2914878761550557
0.9183673469387754,7.118367346938776,-1.1709044331118443,0.7778357653507807,2.3158325792588164
0.9183673469387754,7.259183673469387,-1.1498630970591883,0.8013458615784218,2.3389228213353177
0.9183673469387754,7.4,-1.1295786421692133,0.823931891891405,2.3608601669182185
0.9387755102040816,0.5,-0.7292257700236077,0.5966755769701649,2.9785503512989058
0.9387755102040816,0.6408163265306123,-0.8077181833810487,0.5372052973656667,2.9161592484442047
0.9387755102040816,0.7816326530612245,-0.886774372299163,0.4915986661437436,2.8523276016331143
0.9387755102040816,0.9224489795918367,-0.9666212660198068,0.45112544978510355,2.786876216966462
0.9387755102040816,1.063265306122449,-1.0474897310864646,0.41142035326796833,2.719599293122539
0.9387755102040816,1.2040816326530612,-1.1296242027513532,0.37029928740953744,2.6502578473621337
0.9387755102040816,1.3448979591836734,-1.21328472933199,0.3266608613681112,2.578571940803233
0.9387755102040816,1.4857142857142858,-1.2987434230025228,0.27995417520639904,2.5042109317192627
0.9387755102040816,1.626530612244898,-1.3862743857437996,0.22992826566087535,2.426780833632883
0.9387755102040816,1.76734693877551,-1.476133769616494,0.17652459104743928,2.345807542310172
0.9387755102040816,1.9081632653061225,-1.56852355589993,0.11984990805282245,2.2607141228432384
0.9387755102040816,2.0489795918367344,-1.6635279656845183,0.0602030721879331,2.170789477129222
0.9387755102040816,2.1897959183673468,-1.7610044531260296,-0.00185148744675679,2.075144207722391
0.9387755102040816,2.330612244897959,-1.860402133688675,-0.06536393626805662,1.972647091890576
0.9387755102040816,2.4714285714285715,-1.9604736344417881,-0.12883627610590326,1.8618314197989272
0.9387755102040816,2.6122448979591835,-2.0588579465992427,-0.19004070949916288,1.7407534024304208
0.9387755102040816,2.753061224489796,-2.151585652045485,-0.24589185051352433,1.606772785353328
0.9387755102040816,2.8938775510204082,-2.2327649571712014,-0.29251907325813087,1.4562066396496642
0.9387755102040816,3.03469387755102,-2.2950409145888515,-0.32573051543952836,1.2837861979881222
0.9387755102040816,3.1755102040816325,-2.331480448764438,-0.3419469344103427,1.0818879952554212
0.9387755102040816,3.316326530612245,-2.3385182053490388,-0.3393271185964283,0.8400894180877899
0.9387755102040816,3.457142857142857,-2.3178813891300174,-0.31845157126157575,0.5500994919403391
0.9387755102040816,3.5979591836734692,-2.275654455319763,-0.2820805830818795,0.2497575901143013
0.9387755102040816,3.7387755102040816,-2.219413685821142,-0.2341647052214641,0.15786374544084775
0.9387755102040816,3.8795918367346935,-2.1558000666240855,-0.1787505573366866,0.3770596487452651
0.9387755102040816,4.020408163265306,-2.0895734324360853,-0.119271814083217,0.650872757363574
0.9387755102040816,4.161224489795918,-2.0237206721147354,-0.05830143944936411,0.8806430265041372
0.9387755102040816,4.302040816326531,-1.9599290300869028,0.0023982070134352866,1.0658579431187662
0.9387755102040816,4.442857142857143,-1.8990458709304427,0.061706219332142834,1.2174619902126997
0.9387755102040816,4.5836734693877546,-1.8414145592211653,0.11896248048171233,1.3442717231915915
0.9387755102040816,4.724489795918367,-1.7870917956199672,0.1738184701177027,1.4524295948067436
0.9387755102040816,4.865306122448979,-1.7359798187478175,0.22612765577903632,1.5461916058668457
0.9387755102040816,5.006122448979592,-1.68790399822244,0.27586989556602465,1.6285714704888659
0.9387755102040816,5.146938775510204,-1.6426572119169218,0.3231011622307683,1.7017604185574173
0.9387755102040816,5.2877551020408164,-1.6000245684808598,0.3679209920837484,1.767392615519542
0.9387755102040816,5.428571428571429,-1.5597966487255328,0.4104515658878743,1.8267149137457523
0.9387755102040816,5.56938775510204,-1.521776171236268,0.45082487039688907,1.8806980162756188
0.9387755102040816,5.710204081632653,-1.4857808717276941,0.48917458523895563,1.9301111044369534
0.9387755102040816,5.851020408163265,-1.4516442759724664,0.5256313815782754,1.975573228086341
0.9387755102040816,5.9918367346938775,-1.4192153780112682,0.5603201600015181,2.0175894452889227
0.9387755102040816,6.13265306122449,-1.3883577017356346,0.5933586807552081,2.0565768510882765
0.9387755102040816,6.273469387755102,-1.358948129251101,0.6248569612194869,2.092883627816731
0.9387755102040816,6.414285714285714,-1.3308756504237715,0.6549171790497005,2.1268032466426825
0.9387755102040816,6.555102040816326,-1.3040401370515635,0.6836338742700614,2.1585852178444522
0.9387755102040816,6.6959183673469385,-1.278351191014684,0.7110943191136172,2.188443342373833
0.9387755102040816,6.836734693877551,-1.2537270897392843,0.7373789732278262,2.216562127157156
0.9387755102040816,6.977551020408163,-1.2300938362670657,0.7625619928979479,2.243101829492562
0.9387755102040816,7.118367346938776,-1.207384306425181,0.7867116563899634,2.2682024741503906
0.9387755102040816,7.259183673469387,-1.1855375020217165,0.8098909517315365,2.2919870652190175
0.9387755102040816,7.4,-1.1644978810365416,0.832157960921356,2.314564200393718
0.9591836734693877,0.5,-0.7279899373584144,0.5962705884028077,2.979439135406275
0.9591836734693877,0.6408163265306123,-0.8058185421761974,0.5357413437465325,2.9175333501664187
0.9591836734693877,0.7816326530612245,-0.8840883349296197,0.4889548422130238,2.8542989347498127
0.9591836734693877,0.9224489795918367,-0.963034242478989,0.44724403564734333,2.7895676852101063
0.9591836734693877,1.063265306122449,-1.042897712837406,0.40625826875869053,2.723147844936345
0.9591836734693877,1.2040816326530612,-1.1239379350696772,0.36380828498956896,2.654818008644469
0.9591836734693877,1.3448979591836734,-1.2064362367046086,0.3187812029417324,2.584320170647676
0.9591836734693877,1.4857142857142858,-1.2906962384905003,0.2706144496815421,2.5113511784801306
0.9591836734693877,1.626530612244898,-1.3770396785361656,0.21904871656692895,2.435551784740458
0.9591836734693877,1.76734693877551,-1.4657958620558855,0.1640239917105013,2.3564922583853902
0.9591836734693877,1.9081632653061225,-1.5572803034991693,0.10565750976644873,2.2736530732270768
0.9591836734693877,2.0489795918367344,-1.6517543492513036,0.04427863078821182,2.1863985066742613
0.9591836734693877,2.1897959183673468,-1.7493513492050337,-0.019485132311307028,2.093939795664349
0.9591836734693877,2.330612244897959,-1.8499449792029454,-0.08457053839063207,1.9952826388716873
0.9591836734693877,2.4714285714285715,-1.952921544930855,-0.14929443986796742,1.8891505767252232
0.9591836734693877,2.6122448979591835,-2.056805888947868,-0.21115575374260398,1.7738702731100555
0.9591836734693877,2.753061224489796,-2.1587056392656394,-0.2667180626689995,1.6471950128126587
0.9591836734693877,2.8938775510204082,-2.2536532462678225,-0.3117538705750576,1.5060259012589583
0.9591836734693877,3.03469387755102,-2.3342607984280535,-0.3418633709681365,1.3459634491842258
0.9591836734693877,3.1755102040816325,-2.3916144013477125,-0.35359297506246046,1.1605974655424862
0.9591836734693877,3.316326530612245,-2.418223344533215,-0.34562535219043916,0.9405557015018189
0.9591836734693877,3.457142857142857,-2.4118694761860695,-0.31929287560339686,0.6736456824091231
0.9591836734693877,3.5979591836734692,-2.3769807465273343,-0.278029486383726,0.35803376359494204
0.9591836734693877,3.7387755102040816,-2.3220478785631236,-0.22617033330671124,0.09655591737958971
0.9591836734693877,3.8795918367346935,-2.255765187563129,-0.16784579363603333,0.16903986184147704
0.9591836734693877,4.020408163265306,-2.1847895724259465,-0.10638107406879657,0.4517357751330127
0.9591836734693877,4.161224489795918,-2.1133920935003165,-0.04416485969859099,0.7153618995209993
0.9591836734693877,4.302040816326531,-2.0439876336537632,0.017227179009564855,0.9272441171900235
0.9591836734693877,4.442857142857143,-1.9777819870797058,0.07683154401505815,1.0979393643347042
0.9591836734693877,4.5836734693877546,-1.915265715733584,0.1341092453964852,1.2386112689501743
0.9591836734693877,4.724489795918367,-1.8565325486507636,0.18880042483268172,1.3571432003890653
0.9591836734693877,4.865306122448979,-1.8014689218383617,0.2408216328664739,1.4589016144609859
0.9591836734693877,5.006122448979592,-1.7498620024823923,0.29019689867485726,1.5476059086696918
0.9591836734693877,5.146938775510204,-1.701459420843943,0.3370127357464396,1.625907336942234
0.9591836734693877,5.2877551020408164,-1.656001346492532,0.38138972929362935,1.6957493362352087
0.9591836734693877,5.428571428571429,-1.6132369222561027,0.4234645163800332,1.7585929718543805
0.9591836734693877,5.56938775510204,-1.5729320352966085,0.4633788374257398,1.8155613967264896
0.9591836734693877,5.710204081632653,-1.5348723287802868,0.5012729433813923,1.8675349378421129
0.9591836734693877,5.851020408163265,-1.4988636472281336,0.5372818522754773,1.915215429846053
0.9591836734693877,5.9918367346938775,-1.4647312259677954,0.5715332624044446,1.9591707663340778
0.9591836734693877,6.13265306122449,-1.4323182289149692,0.6041466586874567,1.999866545602471
0.9591836734693877,6.273469387755102,-1.4014840835984141,0.6352330376123554,2.0376889537140266
0.9591836734693877,6.414285714285714,-1.3721027911924757,0.6648950419357254,2.0729616409786797
0.9591836734693877,6.555102040816326,-1.3440613201581189,0.6932273253562987,2.1059583741017947
0.9591836734693877,6.6959183673469385,-1.317258132003708,0.7203170511053354,2.136912660479788
0.9591836734693877,6.836734693877551,-1.291601849975241,0.7462443526868988,2.1660251819192853
0.9591836734693877,6.977551020408163,-1.2670100874747132,0.771082999230022,2.193469585577331
0.9591836734693877,7.118367346938776,-1.2434084040271467,0.794900851621485,2.219397071366502
0.9591836734693877,7.259183673469387,-1.2207293941315047,0.8177603918591383,2.2439400470351174
0.9591836734693877,7.4,-1.1989118884005954,0.8397191948519409,2.2672150721592557
0.9795918367346939,0.5,-0.726761671263171,0.595888334648262,2.980323000648482
0.9795918367346939,0.6408163265306123,-0.8039325933504229,0.5343132052379825,2.9188979409743934
0.9795918367346939,0.7816326530612245,-0.881423752402489,0.4863575260307577,2.856253760088193
0.9795918367346939,0.9224489795918367,-0.959477154272644,0.44341705241424545,2.7922324816900748
0.9795918367346939,1.063265306122449,-1.0383429810402198,0.4011560044481837,2.726655431296535
0.9795918367346939,1.2040816326530612,-1.1182919553752482,0.3573802163173999,2.65931755073628
0.9795918367346939,1.3448979591836734,-1.1996214297467749,0.31096545647609963,2.589981173730811
0.9795918367346939,1.4857142857142858,-1.282658246456713,0.26133756309808,2.518368542758217
0.9795918367346939,1.626530612244898,-1.3677589447395577,0.20822906512336753,2.4441523563121295
0.9795918367346939,1.76734693877551,-1.4553063183530701,0.15157907257785058,2.3669434721256732
0.9795918367346939,1.9081632653061225,-1.5456995729770704,0.09151681714613531,2.286274559793447
0.9795918367346939,2.0489795918367344,-1.6393325427980978,0.028405534148228426,2.201577964273548
0.9795918367346939,2.1897959183673468,-1.7365495645542162,-0.03705755883130414,2.112155122228154
0.9795918367346939,2.330612244897959,-1.8375599436949932,-0.10368399482530465,2.017133459802279
0.9795918367346939,2.4714285714285715,-1.942277248742594,-0.16958680315645444,1.9154042388278536
0.9795918367346939,2.6122448979591835,-2.0500274519797674,-0.23196720429792475,1.8055306098078299
0.9795918367346939,2.753061224489796,-2.159047130285121,-0.2870164801195698,1.6856078580985077
0.9795918367346939,2.8938775510204082,-2.265710443773487,-0.3301533625815738,1.5530446662868878
0.9795918367346939,3.03469387755102,-2.363610612770848,-0.3568235748793328,1.4042112375371272
0.9795918367346939,3.1755102040816325,-2.4432015629278245,-0.36380375705634793,1.2338642748225515
0.9795918367346939,3.316326530612245,-2.493526529449619,-0.3504051223913925,1.0342381841055932
0.9795918367346939,3.457142857142857,-2.506930100717698,-0.3187469405576227,0.7939792831075105
0.9795918367346939,3.5979591836734692,-2.4838321238339627,-0.27288527170144783,0.5001326018980249
0.9795918367346939,3.7387755102040816,-2.432463112404143,-0.2174482787601887,0.17088102486910725
0.9795918367346939,3.8795918367346935,-2.363878485992773,-0.1565720086257213,0.015364468535615405
0.9795918367346939,4.020408163265306,-2.28745578113759,-0.09342997415564479,0.22950583324290164
0.9795918367346939,4.161224489795918,-2.2094084806027916,-0.030212970338659433,0.5247162971232553
0.9795918367346939,4.302040816326531,-2.133242046215613,0.03168679244223114,0.7697905056624981
0.9795918367346939,4.442857142857143,-2.0606760297710256,0.09145327361661532,0.9646011291313945
0.9795918367346939,4.5836734693877546,-1.9923942720211965,0.14865758129224282,1.122486802584552
0.9795918367346939,4.724489795918367,-1.9285254791709383,0.20311877700022885,1.2536494353577374
0.9795918367346939,4.865306122448979,-1.8689208746677164,0.25480871526745147,1.364975743790211
0.9795918367346939,5.006122448979592,-1.8133063001337064,0.30378955373784455,1.461138094384293
0.9795918367346939,5.146938775510204,-1.761362692123853,0.3501740589631773,1.545396197831344
0.9795918367346939,5.2877551020408164,-1.7127671037756158,0.39410061826419884,1.620094260683145
0.9795918367346939,5.428571428571429,-1.667212480613059,0.4357179240144258,1.6869658587323486
0.9795918367346939,5.56938775510204,-1.624416138828957,0.47517579467929666,1.7473249669834754
0.9795918367346939,5.710204081632653,-1.5841223634244872,0.5126198181225877,1.802189082217241
0.9795918367346939,5.851020408163265,-1.5461020239802863,0.5481884614230852,1.8523609550934337
0.9795918367346939,5.9918367346938775,-1.5101508488256843,0.5820115675384105,1.8984842545305283
0.9795918367346939,6.13265306122449,-1.4760870964943393,0.6142098689480446,1.9410825166662864
0.9795918367346939,6.273469387755102,-1.4437491300241925,0.6448949940317951,1.9805869440196278
0.9795918367346939,6.414285714285714,-1.4129930808576754,0.6741698186706166,2.0173566672199854
0.9795918367346939,6.555102040816326,-1.3836906974389773,0.7021288789246922,2.0516937826694615
0.9795918367346939,6.6959183673469385,-1.3557274321943473,0.7288590783624992,2.083854675838853
0.9795918367346939,6.836734693877551,-1.3290007432257571,0.7544402054276076,2.114058697747964
0.9795918367346939,6.977551020408163,-1.3034186154258158,0.7789455501244654,2.1424948816141898
0.9795918367346939,7.118367346938776,-1.2788982745739335,0.8024424699545656,2.1693272125789558
0.9795918367346939,7.259183673469387,-1.255365071852859,0.8249929219374519,2.194698807792825
0.9795918367346939,7.4,-1.232751517372001,0.846653954041564,2.2187352646441236
1.0,0.5,-0.7255409238961893,0.5955287100953915,2.981201981593123
1.0,0.6408163265306123,-0.8020602559438569,0.5329209295961037,2.9202531064993797
1.0,0.7816326530612245,-0.8787805518300198,0.4838070945899639,2.858192261294911
1.0,0.9224489795918367,-0.9559500904484524,0.4396453517349899,2.794870963620121
1.0,1.063265306122449,-1.0338261724850473,0.3961150076199063,2.7301227001176196
1.0,1.2040816326530612,-1.1126882643589269,0.351017233717765,2.663757589513903
1.0,1.3448979591836734,-1.1928452375045346,0.30321658564206233,2.5955567979398775
1.0,1.4857142857142858,-1.2746401112058383,0.25212740021657293,2.525265994566034
1.0,1.626530612244898,-1.3584533787993898,0.1974742435120477,2.452587214383337
1.0,1.76734693877551,-1.4447047237662352,0.13919598360138802,2.377168390434353
1.0,1.9081632653061225,-1.533851707357862,0.07743547413157138,2.2985895783483663
1.0,2.0489795918367344,-1.6263821222868546,0.012593432017193089,2.2163444882687062
1.0,2.1897959183673468,-1.7227933152345676,-0.054556111908694596,2.129815238200106
1.0,2.330612244897959,-1.8235452910870726,-0.12268681317272298,2.038237195093886
1.0,2.4714285714285715,-1.9289621550729739,-0.18968813303314308,1.9406489215355236
1.0,2.6122448979591835,-2.0390339247617275,-0.2524387422772197,1.8358191716237977
1.0,2.753061224489796,-2.1530333982040424,-0.3067388850604489,1.7221375985556646
1.0,2.8938775510204082,-2.2688181212841867,-0.3476651751904825,1.5974462600499173
1.0,3.03469387755102,-2.3817029721920715,-0.3705757888088428,1.4587719133183734
1.0,3.1755102040816325,-2.4831129876616513,-0.37258953398650596,1.3018890796293592
1.0,3.316326530612245,-2.5603062405448775,-0.35373924869079537,1.120600666121722
1.0,3.457142857142857,-2.59980538099985,-0.3169405504797267,0.905634678264399
1.0,3.5979591836734692,-2.5949941671951717,-0.26680099175153243,0.6437758324040017
1.0,3.7387755102040816,-2.551114245893581,-0.20814881636213056,0.3248892613117476
1.0,3.8795918367346935,-2.4812874495760533,-0.14505771295222614,0.015206140554096968
1.0,4.020408163265306,-2.3987276486651465,-0.08051759042154498,0.01927305963500101
1.0,4.161224489795918,-2.3126619083689004,-0.01651543528149253,0.3073046902747315
1.0,4.302040816326531,-2.2282843001562256,0.04573306319438244,0.5894152881537711
1.0,4.442857142857143,-2.148070308325488,0.10554829275285484,0.8144037212659041
1.0,4.5836734693877546,-2.072958946473885,0.16260066462544423,0.9938002628062756
1.0,4.724489795918367,-2.0031028872586556,0.2167790725169316,1.1404736084568603
1.0,4.865306122448979,-1.938284696719629,0.26810363464317516,1.2633407215625267
1.0,5.006122448979592,-1.8781332806010067,0.3166695210035856,1.3683596617392224
1.0,5.146938775510204,-1.8222318470842565,0.36261182380207396,1.4595993827048301
1.0,5.2877551020408164,-1.7701693220735237,0.4060839816412643,1.5399271942802906
1.0,5.428571428571429,-1.721562950683415,0.44724474003770454,1.6114259117811196
1.0,5.56938775510204,-1.6760664870787076,0.4862505522048191,1.6756500389845146
1.0,5.710204081632653,-1.633371386340474,0.5232513022297984,1.7337874555602952
1.0,5.851020408163265,-1.5932047560063303,0.5583881520111325,1.7867646575111689
1.0,5.9918367346938775,-1.5553260613615976,0.5917925435520991,1.8353171844848961
1.0,6.13265306122449,-1.519523433635182,0.6235860846544818,1.880038117533056
1.0,6.273469387755102,-1.4856101048318564,0.6538807034096833,1.9214122244088838
1.0,6.414285714285714,-1.4534211522110239,0.6827792784473792,1.9598405185249914
1.0,6.555102040816326,-1.4228105995285092,0.7103761638770527,1.9956582979866975
1.0,6.6959183673469385,-1.3936488962064666,0.7367578720903297,2.0291486005313892
1.0,6.836734693877551,-1.3658207404740283,0.7620037273227774,2.060552401949304
1.0,6.977551020408163,-1.33922321096529,0.7861865032904163,2.090076461240658
1.0,7.118367346938776,-1.3137641629367458,0.80937301584299,2.1178994267270106
1.0,7.259183673469387,-1.2893608523615425,0.831624697784262,2.1441766622187246
1.0,7.4,-1.265938796337835,0.8529980161845183,2.1690440227022
