Lp,B,sigma,Obj_mass,Obj_concentration,Obj_retentate_concentration
0.9311560658468635,22.39554052380605,0.8888888888888888,3.399055901781026,2.7573596074604416,3.1893502814487755
0.9311560658468635,22.39554052380605,1.0,3.3991355167441593,2.7574122801667333,3.1893931934142308
0.9311560658468635,25.068259351749983,0.0,3.3984143802950744,2.7546672608976768,3.189076704922913
0.9311560658468635,25.068259351749983,0.1111111111111111,3.3984867929693996,2.7547159715061635,3.1891155564000893
0.9311560658468635,25.068259351749983,0.2222222222222222,3.398559100836951,2.7547646449422647,3.1891543713904986
0.9311560658468635,25.068259351749983,0.3333333333333333,3.398631304162634,2.754813281261648,3.1891931499615507
0.9311560658468635,25.068259351749983,0.4444444444444444,3.398703403210397,2.7548618805198513,3.1892318921804623
0.9311560658468635,25.068259351749983,0.5555555555555556,3.3987753982432376,2.754910442772282,3.1892705981142595
0.9311560658468635,25.068259351749983,0.6666666666666666,3.3988472895232045,2.754958968074222,3.189309267829775
0.9311560658468635,25.068259351749983,0.7777777777777777,3.3989190773114064,2.7550074564808207,3.1893479013936537
0.9311560658468635,25.068259351749983,0.8888888888888888,3.39899076186801,2.7550559080471038,3.189386498872349
0.9311560658468635,25.068259351749983,1.0,3.39906234345225,2.7551043228279677,3.1894250603321277
0.9311560658468635,27.740978179693915,0.0,3.3984143802950744,2.7528082757328214,3.1891349060654814
0.9311560658468635,27.740978179693915,0.1111111111111111,3.3984800883203516,2.752853298349413,3.1891701574208273
0.9311560658468635,27.740978179693915,0.2222222222222222,3.3985457097912075,2.752898289340639,3.189205378647568
0.9311560658468635,27.740978179693915,0.3333333333333333,3.398611244907122,2.752943248750199,3.1892405697964423
0.9311560658468635,27.740978179693915,0.4444444444444444,3.3986766938669204,2.7529881766217006,3.1892757309180624
0.9311560658468635,27.740978179693915,0.5555555555555556,3.398742056868771,2.7530330729986567,3.189310862062905
0.9311560658468635,27.740978179693915,0.6666666666666666,3.3988073341101908,2.7530779379244867,3.189345963281317
0.9311560658468635,27.740978179693915,0.7777777777777777,3.3988725257880485,2.753122771442517,3.189381034623512
0.9311560658468635,27.740978179693915,0.8888888888888888,3.3989376320985634,2.75316757359598,3.1894160761395787
0.9311560658468635,27.740978179693915,1.0,3.3990026532373165,2.7532123444280177,3.18945108787947
0.9311560658468635,30.41369700763785,0.0,3.3984143802950744,2.7512576433685325,3.1891832984343367
0.9311560658468635,30.41369700763785,0.1111111111111111,3.398474519967653,2.751299482780454,3.1892155600969687
0.9311560658468635,30.41369700763785,0.2222222222222222,3.39853458695519,2.7513412949772764,3.1892477964617125
0.9311560658468635,30.41369700763785,0.3333333333333333,3.398594581411625,2.751383079993889,3.189280007567712
0.9311560658468635,30.41369700763785,0.4444444444444444,3.398654503490429,2.7514248378651134,3.189312193454018
0.9311560658468635,30.41369700763785,0.5555555555555556,3.3987143533446096,2.751466568625698,3.1893443541595863
0.9311560658468635,30.41369700763785,0.6666666666666666,3.398774131126708,2.751508272310325,3.1893764897232795
0.9311560658468635,30.41369700763785,0.7777777777777777,3.3988338369888087,2.7515499489536053,3.189408600183871
0.9311560658468635,30.41369700763785,0.8888888888888888,3.3988934710825327,2.751591598590083,3.189440685580036
0.9311560658468635,30.41369700763785,1.0,3.3989530335590437,2.7516332212542327,3.189472745950363
2.194867869496178,1.0137899002545951,0.0,3.199748818276742,2.913147127839255,3.013566685427719
2.194867869496178,1.0137899002545951,0.1111111111111111,3.20564659399943,2.912951414667325,3.016335106046877
2.194867869496178,1.0137899002545951,0.2222222222222222,3.2113598815467683,2.9127602944373723,3.0190499700564972
2.194867869496178,1.0137899002545951,0.3333333333333333,3.216895942843813,2.9125737762700674,3.021712719163799
2.194867869496178,1.0137899002545951,0.4444444444444444,3.2222617480377957,2.912391864631995,3.0243247516811045
2.194867869496178,1.0137899002545951,0.5555555555555556,3.2274639813601733,2.9122145595149296,3.0268874236384
2.194867869496178,1.0137899002545951,0.6666666666666666,3.232509048372921,2.912041856617558,3.029402049911871
2.194867869496178,1.0137899002545951,0.7777777777777777,3.237403084196433,2.9118737475290275,3.031869905359433
2.194867869496178,1.0137899002545951,0.8888888888888888,3.2421519624028132,2.9117102199136773,3.0342922259558955
2.194867869496178,1.0137899002545951,1.0,3.246761304327114,2.9115512576963343,3.036670209921829
2.194867869496178,3.686508728198527,0.0,3.199748818276742,2.749069640530108,3.027003391326794
2.194867869496178,3.686508728198527,0.1111111111111111,3.202945485808629,2.749358227540809,3.028451085670243
0.9311560658468635,17.050102867918188,0.6666666666666666,3.3990373134838836,2.7637875761107624,3.1891353583436843
0.9311560658468635,17.050102867918188,0.7777777777777777,3.3991403934938855,2.763851386106226,3.1891909197551094
0.9311560658468635,17.050102867918188,0.8888888888888888,3.3992432634482537,2.7639151311410015,3.1892464075853906
0.9311560658468635,17.050102867918188,1.0,3.3993459240878363,2.7639788113428363,3.189301822024538
0.9311560658468635,19.72282169586212,0.0,3.3984143802950744,2.7597690377578603,3.188915923442015
0.9311560658468635,19.72282169586212,0.1111111111111111,3.398505358922305,2.7598271601153366,3.1889647454875347
0.9311560658468635,19.72282169586212,0.2222222222222222,3.3985961734748695,2.7598852289754445,3.189013510396011
0.9311560658468635,19.72282169586212,0.3333333333333333,3.3986868244668096,2.7599432444340377,3.1890622182983748
0.9311560658468635,19.72282169586212,0.4444444444444444,3.398777312409873,2.760001206586705,3.1891108693250954
0.9311560658468635,19.72282169586212,0.5555555555555556,3.3988676378135314,2.7600591155287724,3.18915946360618
0.9311560658468635,19.72282169586212,0.6666666666666666,3.398957801184992,2.760116971355302,3.189208001271182
0.9311560658468635,19.72282169586212,0.7777777777777777,3.3990478030292106,2.7601747741610962,3.1892564824491987
0.9311560658468635,19.72282169586212,0.8888888888888888,3.399137643848906,2.7602325240406964,3.1893049072688733
0.9311560658468635,19.72282169586212,1.0,3.39922732414457,2.760290221088385,3.1893532758584002
0.9311560658468635,22.39554052380605,0.0,3.3984143802950744,2.7569366443407355,3.1890053778419483
0.9311560658468635,22.39554052380605,0.1111111111111111,3.398495021217943,2.7569896691541347,3.189048647967642
0.9311560658468635,22.39554052380605,0.2222222222222222,3.398575532637677,2.7570426497024596,3.189091873002471
0.9311560658468635,22.39554052380605,0.3333333333333333,3.3986559149166267,2.7570955860579844,3.1891350530386826
0.9311560658468635,22.39554052380605,0.4444444444444444,3.3987361684156934,2.7571484782928004,3.1891781881682313
0.9311560658468635,22.39554052380605,0.5555555555555556,3.3988162934943427,2.7572013264788167,3.189221278482782
0.9311560658468635,22.39554052380605,0.6666666666666666,3.39889629051061,2.7572541306877607,3.189264324073712
0.9311560658468635,22.39554052380605,0.7777777777777777,3.3989761598211055,2.7573068909911798,3.1893073250321087
0.9311560658468635,6.35922755614246,0.2222222222222222,3.3989197907898263,2.8018171044269646,3.1878093448261278
0.9311560658468635,6.35922755614246,0.3333333333333333,3.399170735671596,2.801915806987023,3.1879444587632464
0.9311560658468635,6.35922755614246,0.4444444444444444,3.399420519011028,2.802014354033093,3.1880791666444925
0.9311560658468635,6.35922755614246,0.5555555555555556,3.3996691497155562,2.802112745898892,3.1882134707558563
0.9311560658468635,6.35922755614246,0.6666666666666666,3.399916636599208,2.8022109829183632,3.188347373364273
0.9311560658468635,6.35922755614246,0.7777777777777777,3.400162988383833,2.8023090654256477,3.188480876717831
0.9311560658468635,6.35922755614246,0.8888888888888888,3.4004082137003,2.8024069937550657,3.188613983045983
0.9311560658468635,6.35922755614246,1.0,3.400652321089687,2.8025047682410893,3.1887466945597436
0.9311560658468635,9.031946384086392,0.0,3.3984143802950744,2.7850242577349342,3.1880968494864694
0.9311560658468635,9.031946384086392,0.1111111111111111,3.3986010823564956,2.78511439651296,3.1881970716801775
0.9311560658468635,9.031946384086392,0.2222222222222222,3.398787123019011,2.785204402630386,3.188297063460106
0.9311560658468635,9.031946384086392,0.3333333333333333,3.398972506241543,2.785294276431214,3.1883968258375774
0.9311560658468635,9.031946384086392,0.4444444444444444,3.3991572359500712,2.785384018258303,3.1884963598172362
0.9311560658468635,9.031946384086392,0.5555555555555556,3.3993413160379804,2.7854736284533717,3.188595666397101
0.9311560658468635,9.031946384086392,0.6666666666666666,3.399524750366405,2.7855631073569986,3.1886947465686255
0.9311560658468635,9.031946384086392,0.7777777777777777,3.3997075427645638,2.78565245530863,3.1887936013167613
0.9311560658468635,9.031946384086392,0.8888888888888888,3.3998896970300985,2.7857416726465796,3.1888922316200055
0.9311560658468635,9.031946384086392,1.0,3.4000712169294,2.7858307597080305,3.188990638450464
0.9311560658468635,11.704665212030324,0.0,3.3984143802950744,2.774974702090817,3.1884273879723355
0.9311560658468635,11.704665212030324,0.1111111111111111,3.398562205086244,2.775054910039032,3.188506739936866
0.9311560658468635,11.704665212030324,0.2222222222222222,3.3987096077273677,2.775135013585539,3.1885859448279548
0.9311560658468635,11.704665212030324,0.3333333333333333,3.398856590278833,2.7752150129839412,3.1886650031715154
0.9311560658468635,11.704665212030324,0.4444444444444444,3.399003154786913,2.775294908486947,3.1887439154906043
0.9311560658468635,11.704665212030324,0.5555555555555556,3.3991493032838944,2.7753747003463785,3.1888226823054415
0.9311560658468635,11.704665212030324,0.6666666666666666,3.399295037788195,2.7754543888131664,3.188901304133433
0.9311560658468635,11.704665212030324,0.7777777777777777,3.399440360304487,2.7755339741373644,3.188979781489186
0.9311560658468635,11.704665212030324,0.8888888888888888,3.399585272823816,2.7756134565681445,3.1890581148845363
0.9311560658468635,11.704665212030324,1.0,3.3997297773237207,2.775692836353806,3.189136304828564
0.9311560658468635,14.377384039974256,0.0,3.3984143802950744,2.768235757634266,3.188645630793894
0.9311560658468635,14.377384039974256,0.1111111111111111,3.398536725188589,2.768307256468477,3.1887112993279554
0.9311560658468635,14.377384039974256,0.2222222222222222,3.398658777537056,2.7683786730964255,3.188776865953552
0.9311560658468635,14.377384039974256,0.3333333333333333,3.3987805385448566,2.768450007698616,3.1888423309778546
0.9311560658468635,14.377384039974256,0.4444444444444444,3.398902009409372,2.768521260454957,3.18890769470662
0.9311560658468635,14.377384039974256,0.5555555555555556,3.399023191321035,2.768592431544762,3.1889729574441987
0.9311560658468635,14.377384039974256,0.6666666666666666,3.399144085463382,2.768663521146757,3.1890381194935418
0.9311560658468635,14.377384039974256,0.7777777777777777,3.3992646930131025,2.7687345294390773,3.189103181156214
0.9311560658468635,14.377384039974256,0.8888888888888888,3.399385015140093,2.7688054565992757,3.1891681427323992
0.9311560658468635,14.377384039974256,1.0,3.3995050530075073,2.76887630280432,3.189233004520909
0.9311560658468635,17.050102867918188,0.0,3.3984143802950744,2.763403344760928,3.188800433934733
0.9311560658468635,17.050102867918188,0.1111111111111111,3.3985187364072513,2.7634675472249,3.188856440865882
0.9311560658468635,17.050102867918188,0.2222222222222222,3.3986228779395296,2.763531683953555,3.1889123730597935
0.9311560658468635,17.050102867918188,0.3333333333333333,3.3987268056555036,2.7635957550769765,3.188968230711082
0.9311560658468635,17.050102867918188,0.4444444444444444,3.3988305203149123,2.7636597607248508,3.1890240140135804
0.9311560658468635,17.050102867918188,0.5555555555555556,3.39893402267367,2.763723701026477,3.1890797231603494
2.194867869496178,9.031946384086392,0.4444444444444444,3.2062920350184307,2.6347278135643304,3.0378684857621545
2.194867869496178,9.031946384086392,0.5555555555555556,3.207876441644331,2.635192651034814,3.038573300286041
2.194867869496178,9.031946384086392,0.6666666666666666,3.2094410973130096,2.635655664778411,3.0392725814600614
2.194867869496178,9.031946384086392,0.7777777777777777,3.2109863879968077,2.636116865021773,3.039966407634397
2.194867869496178,9.031946384086392,0.8888888888888888,3.2125126898393095,2.636576261967278,3.0406548555562853
2.194867869496178,9.031946384086392,1.0,3.2140203694483973,2.6370338657911416,3.0413380004126123
2.194867869496178,11.704665212030324,0.0,3.199748818276742,2.605478265131807,3.036709014172148
2.194867869496178,11.704665212030324,0.1111111111111111,3.201094369010159,2.6059375061934644,3.037290657576288
2.194867869496178,11.704665212030324,0.2222222222222222,3.20242564578739,2.6063949660137973,3.0378684396268185
2.194867869496178,11.704665212030324,0.3333333333333333,3.203742888531393,2.606850656286212,3.0384424073654985
2.194867869496178,11.704665212030324,0.4444444444444444,3.2050463318675404,2.607304588607757,3.039012606994178
2.194867869496178,11.704665212030324,0.5555555555555556,3.206336205261601,2.6077567744798205,3.0395790838945356
2.194867869496178,11.704665212030324,0.6666666666666666,3.207612733153906,2.608207225308833,3.0401418826472186
2.194867869496178,11.704665212030324,0.7777777777777777,3.2088761350897754,2.608655952406972,3.040701047050451
2.194867869496178,11.704665212030324,0.8888888888888888,3.210126625846313,2.609102966992864,3.041256620138089
2.194867869496178,11.704665212030324,1.0,3.2113644155556424,2.609548280192294,3.0418086441971797
2.194867869496178,14.377384039974256,0.0,3.1997488182767424,2.5863079409468615,3.0378768149499766
2.194867869496178,14.377384039974256,0.1111111111111111,3.200876619737895,2.586742017255986,3.038360977579074
2.194867869496178,14.377384039974256,0.2222222222222222,3.2019942310648535,2.5871745189476347,3.038842409909338
2.194867869496178,14.377384039974256,0.3333333333333333,3.2031017996694464,2.5876054562302717,3.039321140519
2.194867869496178,14.377384039974256,0.4444444444444444,3.20419947013419,2.5880348392191372,3.0397971975436073
2.194867869496178,14.377384039974256,0.5555555555555556,3.2052873842771796,2.5884626779373026,3.0402706086851174
2.194867869496178,3.686508728198527,0.2222222222222222,3.206072484781333,2.749647809717503,3.029878872646565
2.194867869496178,3.686508728198527,0.3333333333333333,3.209132008297143,2.749938328805318,3.031287204442176
2.194867869496178,3.686508728198527,0.4444444444444444,3.2121261669626535,2.7502297281551447,3.0326765195466496
2.194867869496178,3.686508728198527,0.5555555555555556,3.215056992014931,2.750521952700161,3.0340472432486036
2.194867869496178,3.686508728198527,0.6666666666666666,3.2179264383798976,2.7508149489308757,3.0353997881117447
2.194867869496178,3.686508728198527,0.7777777777777777,3.2207363876540147,2.7511086648689416,3.0367345544319058
2.194867869496178,3.686508728198527,0.8888888888888888,3.2234886510026497,2.751403050039906,3.0380519306758074
2.194867869496178,3.686508728198527,1.0,3.226184971970429,2.7516980554451123,3.0393522939023327
2.194867869496178,6.35922755614246,0.0,3.199748818276742,2.6751180626098203,3.032221873179989
2.194867869496178,6.35922755614246,0.1111111111111111,3.201940624849064,2.675562973471318,3.0331921852088866
2.194867869496178,6.35922755614246,0.2222222222222222,3.2040969165468964,2.6760064751221027,3.0341525916669307
2.194867869496178,6.35922755614246,0.3333333333333333,3.20621856818202,2.6764485640598217,3.0351032697333005
2.194867869496178,6.35922755614246,0.4444444444444444,3.208306427393333,2.676889237190385,3.036044392126293
2.194867869496178,6.35922755614246,0.5555555555555556,3.210361315585363,2.67732849181298,3.036976127245557
2.194867869496178,6.35922755614246,0.6666666666666666,3.2123840288369405,2.677766325605512,3.0378986393089433
2.194867869496178,6.35922755614246,0.7777777777777777,3.2143753387802465,2.6782027366104577,3.0388120884841863
2.194867869496178,6.35922755614246,0.8888888888888888,3.2163359934505733,2.6786377232211267,3.039716631015645
2.194867869496178,6.35922755614246,1.0,3.2182667181072673,2.679071284168316,3.040612419346308
2.194867869496178,9.031946384086392,0.0,3.199748818276742,2.6328500211447445,3.0349922685533763
2.194867869496178,9.031946384086392,0.1111111111111111,3.2014162958222716,2.6333222562032947,3.035720033610208
2.194867869496178,9.031946384086392,0.2222222222222222,3.2030623740371755,2.633792626426739,3.0364419349836704
2.194867869496178,9.031946384086392,0.3333333333333333,3.204687481331718,2.6342611421180226,3.037158057891247
0.9311560658468635,1.0137899002545951,0.0,3.3984143802950744,2.9296756879232033,3.182698112870066
0.9311560658468635,1.0137899002545951,0.1111111111111111,3.3992912634325645,2.929648881770039,3.1831616743367297
0.9311560658468635,1.0137899002545951,0.2222222222222222,3.400158148644828,2.9296227460084827,3.1836218550960758
0.9311560658468635,1.0137899002545951,0.3333333333333333,3.4010151876128476,2.929597275699147,3.1840786925274007
0.9311560658468635,1.0137899002545951,0.4444444444444444,3.401862529432035,2.9295724658756126,3.1845322235041515
0.9311560658468635,1.0137899002545951,0.5555555555555556,3.402700320656784,2.9295483115465655,3.184982484401523
0.9311560658468635,1.0137899002545951,0.6666666666666666,3.4035287053443506,2.9295248076978826,3.185429511103923
0.9311560658468635,1.0137899002545951,0.7777777777777777,3.404347825098059,2.9295019492946737,3.185873339012314
0.9311560658468635,1.0137899002545951,0.8888888888888888,3.4051578191098475,2.9294797312832794,3.1863140030514443
0.9311560658468635,1.0137899002545951,1.0,3.405958824202154,2.929458148593221,3.186751537676943
0.9311560658468635,3.686508728198527,0.0,3.3984143802950744,2.8342882428881873,3.1863904021093417
0.9311560658468635,3.686508728198527,0.1111111111111111,3.3988079065438583,2.834380794265234,3.186601273543472
0.9311560658468635,3.686508728198527,0.2222222222222222,3.399198775943707,2.8344732675515254,3.186811223199318
0.9311560658468635,3.686508728198527,0.3333333333333333,3.399587016903975,2.8345656618956223,3.1870202583116924
0.9311560658468635,3.686508728198527,0.4444444444444444,3.399972657434647,2.8346579764636957,3.1872283860344846
0.9311560658468635,3.686508728198527,0.5555555555555556,3.4003557251530734,2.834750210439245,3.1874356134418163
0.9311560658468635,3.686508728198527,0.6666666666666666,3.4007362472905736,2.8348423630228186,3.1876419475291717
0.9311560658468635,3.686508728198527,0.7777777777777777,3.4011142506989187,2.83493443343174,3.1878473952145105
0.9311560658468635,3.686508728198527,0.8888888888888888,3.4014897618566877,2.8350264208998386,3.1880519633393596
0.9311560658468635,3.686508728198527,1.0,3.4018628068755032,2.835118324677183,3.1882556586698936
0.9311560658468635,6.35922755614246,0.0,3.3984143802950744,2.8016192314312764,3.1875378895437643
0.9311560658468635,6.35922755614246,0.1111111111111111,3.3986676753636456,2.801718246019448,3.18767382252788
2.194867869496178,14.377384039974256,0.6666666666666666,3.2063656812153543,2.5888889823167176,3.0407414012207683
2.194867869496178,14.377384039974256,0.7777777777777777,3.2074344974261755,2.5893137621992337,3.041209602011711
2.194867869496178,14.377384039974256,0.8888888888888888,3.2084939668077626,2.5897370273376263,3.0416752375114338
2.194867869496178,14.377384039974256,1.0,3.2095442207375195,2.5901587873965943,3.0421383337739685
2.194867869496178,17.050102867918188,0.0,3.199748818276742,2.5721349323622937,3.038722534518844
2.194867869496178,17.050102867918188,0.1111111111111111,3.2007195256675516,2.572541315002144,3.039137099731353
2.194867869496178,17.050102867918188,0.2222222222222222,3.2016825970167786,2.572946335821394,3.039549634055931
2.194867869496178,17.050102867918188,0.3333333333333333,3.2026381292169326,2.5733500031706265,3.039960156108899
2.194867869496178,17.050102867918188,0.4444444444444444,3.203586217517801,2.573752325325664,3.0403686842522837
2.194867869496178,17.050102867918188,0.5555555555555556,3.204526955560023,2.5741533104884504,3.040775236598462
2.194867869496178,17.050102867918188,0.6666666666666666,3.2054604354078986,2.574552966787914,3.041179831014688
2.194867869496178,17.050102867918188,0.7777777777777777,3.206386747581463,2.5749513022808186,3.0415824851275164
2.194867869496178,17.050102867918188,0.8888888888888888,3.2073059810878277,2.5753483249526083,3.0419832163271376
2.194867869496178,17.050102867918188,1.0,3.2082182234518166,2.5757440427182337,3.0423820417716017
2.194867869496178,19.72282169586212,0.0,3.199748818276742,2.5612317877690582,3.0393632135239232
2.194867869496178,19.72282169586212,0.1111111111111111,3.200600842750455,2.561611370581346,3.0397256246600866
2.194867869496178,19.72282169586212,0.2222222222222222,3.2014469334930413,2.5619897800196108,3.0400864668845866
2.194867869496178,19.72282169586212,0.3333333333333333,3.2022871575357335,2.5623670228042554,3.040445752983214
2.194867869496178,19.72282169586212,0.4444444444444444,3.2031215808926783,2.562743105598583,3.0408034955856875
2.194867869496178,19.72282169586212,0.5555555555555556,3.203950268579663,2.5631180350094436,3.041159707168216
2.194867869496178,19.72282169586212,0.6666666666666666,3.2047732846324464,2.563491817587873,3.0415144000559953
2.194867869496178,19.72282169586212,0.7777777777777777,3.2055906921247224,2.563864459829727,3.041867586425661
3.458579673145493,17.050102867918188,0.8888888888888888,2.974500801843108,2.381379456533872,2.8814727544786183
3.458579673145493,17.050102867918188,1.0,2.9779010136149777,2.382488261878766,2.8827239371432523
3.458579673145493,19.72282169586212,0.0,2.945267366928952,2.3508902349613496,2.8728535777817688
3.458579673145493,19.72282169586212,0.1111111111111111,2.9486761360651754,2.351999240399976,2.8740339279374374
3.458579673145493,19.72282169586212,0.2222222222222222,2.9520355535921357,2.3531020640310167,2.875204191237811
3.458579673145493,19.72282169586212,0.3333333333333333,2.9553466349766526,2.3541987648580958,2.8763645204687642
3.458579673145493,19.72282169586212,0.4444444444444444,2.9586103743046803,2.355289401096446,2.8775150651243147
3.458579673145493,19.72282169586212,0.5555555555555556,2.961827744316415,2.3563740301870486,2.878655971496831
3.458579673145493,19.72282169586212,0.6666666666666666,2.9649996965045893,2.3574527088103894,2.8797873827643286
3.458579673145493,19.72282169586212,0.7777777777777777,2.9681271612668896,2.358525492899861,2.8809094390749626
3.458579673145493,19.72282169586212,0.8888888888888888,2.971211048104591,2.359592437654815,2.8820222776287987
3.458579673145493,19.72282169586212,1.0,2.974252245860365,2.360653597553277,2.883126032756974
3.458579673145493,22.39554052380605,0.0,2.945267366928952,2.3337034877418983,2.874293839894386
3.458579673145493,22.39554052380605,0.1111111111111111,2.9483167303919524,2.334757048986187,2.875342731495674
3.458579673145493,22.39554052380605,0.2222222222222222,2.9513262994675595,2.335805163419284,2.8763835583369657
3.458579673145493,22.39554052380605,0.3333333333333333,2.954296816541243,2.3368478790134586,2.8774164311552615
3.458579673145493,22.39554052380605,0.4444444444444444,2.9572290096587115,2.3378852431618933,2.8784414585076226
3.458579673145493,22.39554052380605,0.5555555555555556,2.9601235925659712,2.33891730268747,2.8794587468262876
3.458579673145493,22.39554052380605,0.6666666666666666,2.962981264782149,2.3399441038513693,2.880468400472121
3.458579673145493,22.39554052380605,0.7777777777777777,2.9658027117007437,2.34096569236151,2.8814705217864565
3.458579673145493,22.39554052380605,0.8888888888888888,2.9685886047154653,2.3419821133808125,2.882465211141374
3.458579673145493,22.39554052380605,1.0,2.9713396013672173,2.34299341153532,2.8834525669884874
2.194867869496178,27.740978179693915,0.0,3.199748818276742,2.5397396958624148,3.0406016817970225
2.194867869496178,27.740978179693915,0.1111111111111111,3.2003721894599555,2.5400518360038484,3.040864699470942
2.194867869496178,27.740978179693915,0.2222222222222222,3.2009923318407822,2.5403632050660874,3.0411268736114674
2.194867869496178,27.740978179693915,0.3333333333333333,3.2016092728388825,2.5406738066338703,3.0413882093698343
2.194867869496178,27.740978179693915,0.4444444444444444,3.20222303955803,2.5409836442667886,3.0416487118497058
2.194867869496178,27.740978179693915,0.5555555555555556,3.202833658790576,2.54129272149952,3.0419083861077625
2.194867869496178,27.740978179693915,0.6666666666666666,3.2034411570218473,2.5416010418420703,3.0421672371542865
2.194867869496178,27.740978179693915,0.7777777777777777,3.2040455604344693,2.541908608780001,3.0424252699537395
2.194867869496178,27.740978179693915,0.8888888888888888,3.2046468949126217,2.542215425774667,3.042682489425327
2.194867869496178,27.740978179693915,1.0,3.205245186046225,2.5425214962634395,3.0429389004435548
2.194867869496178,30.41369700763785,0.0,3.1997488182767424,2.5348393517418826,3.040879655661492
2.194867869496178,30.41369700763785,0.1111111111111111,3.2003210039910597,2.535133308437801,3.0411206269390507
2.194867869496178,30.41369700763785,0.2222222222222222,3.200890459437634,2.5354265860950735,3.0413608869318556
2.194867869496178,30.41369700763785,0.3333333333333333,3.2014572060273765,2.5357191876727727,3.0416004396477336
2.194867869496178,30.41369700763785,0.4444444444444444,3.202021264942916,2.5360111161104615,3.0418392890602823
2.194867869496178,30.41369700763785,0.5555555555555556,3.2025826571415936,2.5363023743283732,3.0420774391092706
2.194867869496178,30.41369700763785,0.6666666666666666,3.2031414033584173,2.5365929652275816,3.042314893701025
2.194867869496178,30.41369700763785,0.7777777777777777,3.203697524108965,2.5368828916901727,3.0425516567088127
2.194867869496178,30.41369700763785,0.8888888888888888,3.2042510396922466,2.5371721565794174,3.0427877319732284
2.194867869496178,30.41369700763785,1.0,3.2048019701935266,2.537460762739934,3.043023123302559
3.458579673145493,1.0137899002545951,0.0,2.945267366928952,2.897718319926389,2.8111949430148933
3.458579673145493,1.0137899002545951,0.1111111111111111,2.964790413615811,2.8973036517174333,2.8191596087772575
3.458579673145493,6.35922755614246,0.4444444444444444,2.976939289348947,2.5624529627236186,2.8655325400727705
3.458579673145493,6.35922755614246,0.5555555555555556,2.9842530352676477,2.5634498043185574,2.868410595117601
3.458579673145493,6.35922755614246,0.6666666666666666,2.9913451262012005,2.5644418166140457,2.8712370005872536
3.458579673145493,6.35922755614246,0.7777777777777777,2.998224868084423,2.5654289871007863,2.874013239977367
3.458579673145493,6.35922755614246,0.8888888888888888,3.0049011581007963,2.5664113048613477,2.8767407431125744
3.458579673145493,6.35922755614246,1.0,3.0113824914546625,2.567388760619092,2.8794208881281986
3.458579673145493,9.031946384086392,0.0,2.945267366928952,2.4853866478595457,2.8607538932311534
3.458579673145493,9.031946384086392,0.1111111111111111,2.9517170793577425,2.4865779123974248,2.8631021095371163
3.458579673145493,9.031946384086392,0.2222222222222222,2.9580013564621694,2.487761253753375,2.8654145423293707
3.458579673145493,9.031946384086392,0.3333333333333333,2.964125932095917,2.4889367495092616,2.8676920932777477
3.458579673145493,9.031946384086392,0.4444444444444444,2.9700963590425413,2.490104476051035,2.869935634309885
3.458579673145493,9.031946384086392,0.5555555555555556,2.9759180047739213,2.4912645086487823,2.872146008698196
3.458579673145493,9.031946384086392,0.6666666666666666,2.981596049719582,2.4924169215263183,2.874324032114997
3.458579673145493,9.031946384086392,0.7777777777777777,2.987135487510521,2.493561787921677,2.8764704936547725
3.458579673145493,9.031946384086392,0.8888888888888888,2.9925411267624153,2.4946991801396843,2.8785861568229714
3.458579673145493,9.031946384086392,1.0,2.997817594045435,2.4958291695976413,2.880671760491109
3.458579673145493,11.704665212030324,0.0,2.945267366928952,2.4356245478329774,2.8654144577663296
3.458579673145493,11.704665212030324,0.1111111111111111,2.950540870726335,2.4368532212889127,2.867299932655569
3.458579673145493,11.704665212030324,0.2222222222222222,2.9557008892074417,2.4380735705006953,2.869161318887319
3.458579673145493,11.704665212030324,0.3333333333333333,2.960750788294289,2.439285689634954,2.870999139918393
3.458579673145493,11.704665212030324,0.4444444444444444,2.965693838393579,2.440489671239982,2.872813903763762
3.458579673145493,11.704665212030324,0.5555555555555556,2.970533213425784,2.44168560630114,2.874606103537806
2.194867869496178,19.72282169586212,0.8888888888888888,3.2064025531857068,2.5642359681762974,3.0422192783076882
2.194867869496178,19.72282169586212,1.0,3.207208929017367,2.5646063490149276,3.04256948758874
2.194867869496178,22.39554052380605,0.0,3.199748818276742,2.5525847501386747,3.03986533192613
2.194867869496178,22.39554052380605,0.1111111111111111,3.2005080183768904,2.552939571144516,3.0401872172323365
2.194867869496178,22.39554052380605,0.2222222222222222,3.2012624756338175,2.5532933780550913,3.0405078544561364
2.194867869496178,22.39554052380605,0.3333333333333333,3.202012238318773,2.5536461762806044,3.0408272527501228
2.194867869496178,22.39554052380605,0.4444444444444444,3.2027573540404344,2.553997971188072,3.04114542116596
2.194867869496178,22.39554052380605,0.5555555555555556,3.203497869755994,2.554348768101785,3.041462368655876
2.194867869496178,22.39554052380605,0.6666666666666666,3.204233831782036,2.5546985723037743,3.0417781040741407
2.194867869496178,22.39554052380605,0.7777777777777777,3.2049652858052093,2.5550473890342507,3.042092636178494
2.194867869496178,22.39554052380605,0.8888888888888888,3.205692276892698,2.555395223492063,3.042405973631577
2.194867869496178,22.39554052380605,1.0,3.206414849502501,2.555742080835135,3.04271812500231
2.194867869496178,25.068259351749983,0.0,3.1997488182767424,2.5455597007728468,3.0402694419630114
2.194867869496178,25.068259351749983,0.1111111111111111,3.2004334319796977,2.5458920648306926,3.0405589371064936
2.194867869496178,25.068259351749983,0.2222222222222222,3.201114168293438,2.5462235474844404,3.0408474159180665
2.194867869496178,25.068259351749983,0.3333333333333333,3.201791063119831,2.5465541531183957,3.0411348851710893
2.194867869496178,25.068259351749983,0.4444444444444444,3.202464151910974,2.546883886084062,3.041421351570826
2.194867869496178,25.068259351749983,0.5555555555555556,3.203133469676079,2.5472127507004725,3.041706821755368
2.194867869496178,25.068259351749983,0.6666666666666666,3.2037990509882555,2.547540751254521,3.0419913022965415
2.194867869496178,25.068259351749983,0.7777777777777777,3.2044609299911633,2.547867892001282,3.0422747997008006
2.194867869496178,25.068259351749983,0.8888888888888888,3.205119140405558,2.5481941771643335,3.042557320410104
2.194867869496178,25.068259351749983,1.0,3.205773715535721,2.548519610936074,3.0428388708027785
3.458579673145493,1.0137899002545951,0.2222222222222222,2.9832235855221803,2.8968980383554714,2.8268900161487944
3.458579673145493,1.0137899002545951,0.3333333333333333,3.0006314594957706,2.8965018466002665,2.834392152387474
3.458579673145493,1.0137899002545951,0.4444444444444444,3.017078467044584,2.8961153972462195,2.8416724651633474
3.458579673145493,1.0137899002545951,0.5555555555555556,3.032627204362034,2.8957389678125014,2.848737692608136
3.458579673145493,1.0137899002545951,0.6666666666666666,3.0473374502138215,2.895372795040196,2.8555947323337536
3.458579673145493,1.0137899002545951,0.7777777777777777,3.061265644645863,2.895017077247159,2.862250540841328
3.458579673145493,1.0137899002545951,0.8888888888888888,3.0744646648662726,2.8946719765762654,2.868712056690059
3.458579673145493,1.0137899002545951,1.0,3.086983789846125,2.8943376211613914,2.8749861422786256
3.458579673145493,3.686508728198527,0.0,2.945267366928952,2.6759424604466395,2.840513982278516
3.458579673145493,3.686508728198527,0.1111111111111111,2.956914010830015,2.676461710930428,2.845030505749263
3.458579673145493,3.686508728198527,0.2222222222222222,2.968082264922546,2.676985906717184,2.849439063742952
3.458579673145493,3.686508728198527,0.3333333333333333,2.978796346471817,2.677514802317408,2.853743310596918
3.458579673145493,3.686508728198527,0.4444444444444444,2.989079661052125,2.6780481519333903,2.8579467842307342
3.458579673145493,3.686508728198527,0.5555555555555556,2.9989546598723535,2.678585710844372,2.862052903888166
3.458579673145493,3.686508728198527,0.6666666666666666,3.0084427582185795,2.6791272365656558,2.8660649694134888
3.458579673145493,3.686508728198527,0.7777777777777777,3.017564297556039,2.6796724898125035,2.8699861617221165
3.458579673145493,3.686508728198527,0.8888888888888888,3.0263385384861627,2.6802212352954378,2.8738195441928864
3.458579673145493,3.686508728198527,1.0,3.034783675172524,2.6807732423698907,2.877568064763168
3.458579673145493,6.35922755614246,0.0,2.945267366928952,2.558417604326106,2.8534721634296245
3.458579673145493,6.35922755614246,0.1111111111111111,2.9535689203648317,2.5594336093765984,2.856572795339846
3.458579673145493,6.35922755614246,0.2222222222222222,2.961607555691101,2.5604448491657057,2.859615266887297
3.458579673145493,6.35922755614246,0.3333333333333333,2.969394171237652,2.5614513058574344,2.8626012962820626
3.458579673145493,25.068259351749983,0.0,2.945267366928952,2.319590852414868,2.8754607629789524
3.458579673145493,25.068259351749983,0.1111111111111111,2.9480258875842367,2.320590505271006,2.8764044010896934
3.458579673145493,25.068259351749983,0.2222222222222222,2.9507516430151357,2.321585354205278,2.8773414463874945
3.458579673145493,25.068259351749983,0.3333333333333333,2.953445192191199,2.322575438313161,2.878271981622653
3.458579673145493,25.068259351749983,0.4444444444444444,2.956107084116529,2.323560796262736,2.879196088047186
3.458579673145493,25.068259351749983,0.5555555555555556,2.9587378578644716,2.3245414663001935,2.8801138454499333
3.458579673145493,25.068259351749983,0.6666666666666666,2.9613380426304174,2.3255174862552406,2.8810253321906574
3.458579673145493,25.068259351749983,0.7777777777777777,2.963908157800498,2.326488893546441,2.8819306252331796
3.458579673145493,25.068259351749983,0.8888888888888888,2.966448713034158,2.3274557251864945,2.8828298001776034
3.458579673145493,25.068259351749983,1.0,2.9689602083588222,2.3284180177874227,2.883722931291618
3.458579673145493,27.740978179693915,0.0,2.945267366928952,2.3077983548416894,2.876425391273022
3.458579673145493,27.740978179693915,0.1111111111111111,2.9477856959977498,2.308747043122804,2.8772828842183733
3.458579673145493,27.740978179693915,0.2222222222222222,2.950276579462939,2.3096914807067543,2.878134888448226
3.458579673145493,27.740978179693915,0.3333333333333333,2.9527404485986732,2.31063169964944,2.8789814673870535
3.458579673145493,27.740978179693915,0.4444444444444444,2.955177727543564,2.311567731688239,2.8798226833968625
3.458579673145493,27.740978179693915,0.5555555555555556,2.9575888333284257,2.312499608245482,2.880658597800347
3.458579673145493,27.740978179693915,0.6666666666666666,2.959974175914587,2.313427360431891,2.881489270903431
3.458579673145493,27.740978179693915,0.7777777777777777,2.9623341582415277,2.3143510190500014,2.8823147620172223
3.458579673145493,27.740978179693915,0.8888888888888888,2.9646691762827686,2.315270614597538,2.8831351294793754
3.458579673145493,27.740978179693915,1.0,2.9669796191090114,2.316186177270775,2.8839504306749064
3.458579673145493,30.41369700763785,0.0,2.945267366928952,2.2977993128142464,2.877236118557546
3.458579673145493,30.41369700763785,0.1111111111111111,2.9475839834860142,2.2987004960300275,2.8780218210054382
3.458579673145493,11.704665212030324,0.6666666666666666,2.9752719906534626,2.442873584292232,2.876376217976073
3.458579673145493,11.704665212030324,0.7777777777777777,2.9799131511569823,2.4440536932233083,2.878124711938007
3.458579673145493,11.704665212030324,0.8888888888888888,2.984459580830811,2.445226019685211,2.879852036891156
3.458579673145493,11.704665212030324,1.0,2.988914071794515,2.4463906488911875,2.881558631377367
3.458579673145493,14.377384039974256,0.0,2.945267366928952,2.3995711327305473,2.8686519286882963
3.458579673145493,14.377384039974256,0.1111111111111111,2.949727542839192,2.400778887043877,2.87022528897776
3.458579673145493,14.377384039974256,0.2222222222222222,2.9541051008938695,2.401978856458572,2.8717813779340946
3.458579673145493,14.377384039974256,0.3333333333333333,2.958402178944199,2.4031711268197076,2.87332052404892
3.458579673145493,14.377384039974256,0.4444444444444444,2.962620860263761,2.404355782580777,2.8748430471460615
3.458579673145493,14.377384039974256,0.5555555555555556,2.966763173343987,2.405532906839984,2.876349258662754
3.458579673145493,14.377384039974256,0.6666666666666666,2.9708310919936554,2.4067025813748093,2.877839461920723
3.458579673145493,14.377384039974256,0.7777777777777777,2.9748265356903687,2.407864886674923,2.879313952387465
3.458579673145493,14.377384039974256,0.8888888888888888,2.978751370139612,2.4090199019735983,2.8807730179280786
3.458579673145493,14.377384039974256,1.0,2.9826074080034517,2.410167705277738,2.8822169390479853
3.458579673145493,17.050102867918188,0.0,2.945267366928952,2.3722691493790724,2.8710312875554482
3.458579673145493,17.050102867918188,0.1111111111111111,2.9491315911225717,2.3734319021468897,2.872380374781199
3.458579673145493,17.050102867918188,0.2222222222222222,2.95293300513893,2.3745876663258123,2.873716493047341
3.458579673145493,17.050102867918188,0.3333333333333333,2.956673049204789,2.375736514038539,2.87503986119929
3.458579673145493,17.050102867918188,0.4444444444444444,2.9603531302709336,2.3768785163416997,2.8763506928840816
3.458579673145493,17.050102867918188,0.5555555555555556,2.9639746220018,2.3780137432486654,2.8776491967053235
3.458579673145493,17.050102867918188,0.6666666666666666,2.967538864896904,2.3791422637515454,2.878935576372812
3.458579673145493,17.050102867918188,0.7777777777777777,2.971047166523569,2.380264145842425,2.880210030847018
3.458579673145493,30.41369700763785,0.2222222222222222,2.9498772768554797,2.299597902022138,2.878802883768373
3.458579673145493,30.41369700763785,0.3333333333333333,2.952147586702759,2.3004915572758113,2.879579356507723
3.458579673145493,30.41369700763785,0.4444444444444444,2.9543952474524424,2.301381488036118,2.8803512881111355
3.458579673145493,30.41369700763785,0.5555555555555556,2.9566205883099035,2.3022677203101702,2.8811187267082827
3.458579673145493,30.41369700763785,0.6666666666666666,2.9588239332893225,2.303150279869338,2.8818817196862305
3.458579673145493,30.41369700763785,0.7777777777777777,2.961005601247448,2.304029192251448,2.882640313704418
3.458579673145493,30.41369700763785,0.8888888888888888,2.963165905922455,2.304904482762984,2.883394554709272
3.458579673145493,30.41369700763785,1.0,2.9653051559773353,2.305776176481257,2.884144487948455
4.722291476794807,1.0137899002545951,0.0,2.5972300521038005,2.882471808667357,2.5768993406935863
4.722291476794807,1.0137899002545951,0.1111111111111111,2.647827380655,2.8818741689315144,2.592116736357611
4.722291476794807,1.0137899002545951,0.2222222222222222,2.694654563775628,2.881283909005324,2.607155949380048
4.722291476794807,1.0137899002545951,0.3333333333333333,2.7376584655757146,2.8807031222626547,2.621914840786651
4.722291476794807,1.0137899002545951,0.4444444444444444,2.777026191264655,2.8801336053331417,2.6363239959832865
4.722291476794807,1.0137899002545951,0.5555555555555556,2.8130430028484317,2.879576897561916,2.6503381625958418
4.722291476794807,1.0137899002545951,0.6666666666666666,2.846021331870574,2.8790343120682462,2.663929864078278
4.722291476794807,1.0137899002545951,0.7777777777777777,2.87626679014815,2.878506960911123,2.677084639304406
4.722291476794807,1.0137899002545951,0.8888888888888888,2.9040631713992617,2.8779957760712334,2.6897974946979066
4.722291476794807,1.0137899002545951,1.0,2.92966705269514,2.877501527357726,2.7020702599373854
4.722291476794807,3.686508728198527,0.0,2.5972300521038005,2.6076360881924057,2.6241366107025867
4.722291476794807,3.686508728198527,0.1111111111111111,2.6291813173007785,2.6085079330772842,2.6338577995188666
4.722291476794807,3.686508728198527,0.2222222222222222,2.65935239157443,2.609384677584803,2.6433319525209136
4.722291476794807,3.686508728198527,0.3333333333333333,2.6877486876043735,2.610266579338781,2.652555453078693
4.722291476794807,3.686508728198527,0.4444444444444444,2.7144292818371256,2.6111537499242172,2.6615278454055136
4.722291476794807,3.686508728198527,0.5555555555555556,2.739481887575138,2.612046184764518,2.670251036614722
4.722291476794807,3.686508728198527,0.6666666666666666,2.7630075176071065,2.6129437874351646,2.6787286808938626
4.722291476794807,3.686508728198527,0.7777777777777777,2.7851112481167837,2.6138463895149298,2.686965703900828
4.722291476794807,3.686508728198527,0.8888888888888888,2.8058967995957502,2.614753766830417,2.6949679354555798
4.722291476794807,3.686508728198527,1.0,2.8254634924361532,2.615665652766734,2.70274182610103
4.722291476794807,6.35922755614246,0.0,2.5972300521038005,2.445734461777774,2.6479131639440316
4.722291476794807,6.35922755614246,0.1111111111111111,2.620597081247408,2.4475999460657074,2.6548318111800833
4.722291476794807,6.35922755614246,0.2222222222222222,2.642944395446729,2.4494495229762414,2.6615886799975543
4.722291476794807,6.35922755614246,0.3333333333333333,2.664278130720605,2.4512836188891347,2.668186454799939
4.722291476794807,6.35922755614246,0.4444444444444444,2.6846225925857086,2.45310260335774,2.6746282875107856
4.722291476794807,6.35922755614246,0.5555555555555556,2.704013331068628,2.454906798733939,2.680917669590752
4.722291476794807,6.35922755614246,0.6666666666666666,2.7224923939174253,2.456696488155074,2.6870583303541413
4.722291476794807,6.35922755614246,0.7777777777777777,2.7401051027791743,2.458471922184772,2.6930541562928787
4.722291476794807,6.35922755614246,0.8888888888888888,2.756897890078134,2.4602333243433745,2.6989091272159276
4.722291476794807,6.35922755614246,1.0,2.772916872390374,2.461980895719292,2.704627265872228
4.722291476794807,9.031946384086392,0.0,2.5972300521038005,2.3396162764675132,2.6620360592459713
4.722291476794807,9.031946384086392,0.1111111111111111,2.615652528702058,2.3418936605808494,2.667354654364573
4.722291476794807,9.031946384086392,0.2222222222222222,2.6334168824250126,2.344148311670634,2.6725652640206277
4.722291476794807,9.031946384086392,0.3333333333333333,2.6505273147894433,2.3463807011333224,2.677670264036175
4.722291476794807,9.031946384086392,0.4444444444444444,2.6669958060030217,2.3485912717615416,2.682672102524228
4.722291476794807,9.031946384086392,0.5555555555555556,2.6828396175270233,2.3507804411475997,2.6875732710056526
4.722291476794807,14.377384039974256,0.8888888888888888,2.691558064913784,2.229305434791043,2.70529286838565
4.722291476794807,14.377384039974256,1.0,2.701940001033995,2.2315143697421496,2.708481490507865
4.722291476794807,17.050102867918188,0.0,2.597230052103801,2.169674729652948,2.6828856120833304
4.722291476794807,17.050102867918188,0.1111111111111111,2.608501741477322,2.1719380664427743,2.685982401125781
4.722291476794807,17.050102867918188,0.2222222222222222,2.619513797957848,2.174185358757291,2.689036472338249
4.722291476794807,17.050102867918188,0.3333333333333333,2.630267592192219,2.176416710269883,2.6920486672885215
4.722291476794807,17.050102867918188,0.4444444444444444,2.6407657708067145,2.178632227704011,2.6950198154083838
4.722291476794807,17.050102867918188,0.5555555555555556,2.65101197970763,2.1808320205268887,2.6979507330833137
4.722291476794807,17.050102867918188,0.6666666666666666,2.6610106367490802,2.1830162006641856,2.7008422229275313
4.722291476794807,17.050102867918188,0.7777777777777777,2.6707667453347455,2.1851848822342963,2.7036950732184755
4.722291476794807,17.050102867918188,0.8888888888888888,2.680285741921924,2.187338181300811,2.706510057468291
4.722291476794807,17.050102867918188,1.0,2.6895733715786823,2.1894762156419234,2.709287934112921
4.722291476794807,19.72282169586212,0.0,2.5972300521038005,2.1374302151028592,2.686693125873565
4.722291476794807,19.72282169586212,0.1111111111111111,2.6072107244016265,2.139573075602767,2.689406120409129
4.722291476794807,19.72282169586212,0.2222222222222222,2.616985941346031,2.1417029959809804,2.6920854785341066
4.722291476794807,19.72282169586212,0.3333333333333333,2.626556706450293,2.143820001532448,2.6947318155218687
4.722291476794807,19.72282169586212,0.4444444444444444,2.6359248312501884,2.145924123030528,2.6973457368082285
4.722291476794807,19.72282169586212,0.5555555555555556,2.6450927772922053,2.1480153963169686,2.699927837665631
4.722291476794807,19.72282169586212,0.6666666666666666,2.654063523546981,2.150093861919439,2.7024787029545796
4.722291476794807,19.72282169586212,0.7777777777777777,2.662840455330047,2.1521595646946396,2.704998906942088
4.722291476794807,19.72282169586212,0.8888888888888888,2.6714272713987675,2.1542125534951198,2.7074890131782023
4.722291476794807,19.72282169586212,1.0,2.6798279063987662,2.156252880858088,2.709949574422718
5.986003280444122,6.35922755614246,0.6666666666666666,2.376125680426474,2.3523411040586115,2.4892707446917877
5.986003280444122,6.35922755614246,0.7777777777777777,2.4160728309783757,2.355167576024483,2.4993383605677426
5.986003280444122,6.35922755614246,0.8888888888888888,2.453414318300646,2.357958955515533,2.5092145248394098
5.986003280444122,6.35922755614246,1.0,2.4882708614441884,2.3607165924947173,2.518888097938918
5.986003280444122,9.031946384086392,0.0,2.100131942440217,2.1976718364461285,2.4458658655493166
5.986003280444122,9.031946384086392,0.1111111111111111,2.1352377996657905,2.2012962632384947,2.4545542118650503
5.986003280444122,9.031946384086392,0.2222222222222222,2.1727481242511972,2.2048743796845516,2.463181585179316
5.986003280444122,9.031946384086392,0.3333333333333333,2.2110301041228375,2.2084077209972293,2.471724372419304
5.986003280444122,9.031946384086392,0.4444444444444444,2.2490060136992605,2.211897665189721,2.48016412175785
5.986003280444122,9.031946384086392,0.5555555555555556,2.2860038005110104,2.2153454574123943,2.4884865983135476
5.986003280444122,9.031946384086392,0.6666666666666666,2.321632114311854,2.2187522301240206,2.49668101084142
5.986003280444122,9.031946384086392,0.7777777777777777,2.3556867166108453,2.2221190198648535,2.5047393779999916
5.986003280444122,9.031946384086392,0.8888888888888888,2.3880845009773988,2.22544678124509,2.5126560086042145
5.986003280444122,9.031946384086392,1.0,2.4188186103571434,2.2287363986423254,2.5204270750291213
5.986003280444122,11.704665212030324,0.0,2.100131942440217,2.10441229480145,2.4597090366051835
5.986003280444122,11.704665212030324,0.1111111111111111,2.1290672265849135,2.1079668943205987,2.466977730421244
5.986003280444122,11.704665212030324,0.2222222222222222,2.1597905700716815,2.111494309768603,2.4741715048997683
5.986003280444122,11.704665212030324,0.3333333333333333,2.191298430269983,2.114994301244934,2.4812807924951223
5.986003280444122,11.704665212030324,0.4444444444444444,2.22287361078237,2.118466675508415,2.4882980739024956
5.986003280444122,11.704665212030324,0.5555555555555556,2.2540229566217627,2.121911281554038,2.4952175392725486
5.986003280444122,11.704665212030324,0.6666666666666666,2.2844210318655747,2.1253280067612055,2.5020348047659735
5.986003280444122,11.704665212030324,0.7777777777777777,2.313864135078775,2.128716773498064,2.5087466751553307
4.722291476794807,27.740978179693915,0.2222222222222222,2.6119710505176212,2.076820170757741,2.6981808900629605
4.722291476794807,27.740978179693915,0.3333333333333333,2.619168166673559,2.07858185753675,2.7001176635308926
4.722291476794807,27.740978179693915,0.4444444444444444,2.6262505657611186,2.0803369582143203,2.702036288223462
4.722291476794807,27.740978179693915,0.5555555555555556,2.633219190858041,2.0820854106740843,2.703937031482269
4.722291476794807,27.740978179693915,0.6666666666666666,2.6400751737712924,2.0838271581023657,2.7058201562635866
4.722291476794807,27.740978179693915,0.7777777777777777,2.6468198045831537,2.0855621487170692,2.707685921158427
4.722291476794807,27.740978179693915,0.8888888888888888,2.6534545050281113,2.087290335510677,2.709534580419305
4.722291476794807,27.740978179693915,1.0,2.6599808052409974,2.0890116760065416,2.711366383992852
4.722291476794807,30.41369700763785,0.0,2.5972300521038005,2.0586668607616576,2.6959850325291
4.722291476794807,30.41369700763785,0.1111111111111111,2.6040750697395176,2.0603329108899398,2.6977939166101965
4.722291476794807,30.41369700763785,0.2222222222222222,2.6108212790039755,2.061993889467822,2.699586928297829
4.722291476794807,30.41369700763785,0.3333333333333333,2.6174690445024065,2.063649714338603,2.701364287220586
4.722291476794807,30.41369700763785,0.4444444444444444,2.6240189233165583,2.0653003086683706,2.7031262096159656
4.722291476794807,30.41369700763785,0.5555555555555556,2.630471638004548,2.066945600696787,2.704872908344845
4.722291476794807,30.41369700763785,0.6666666666666666,2.6368280527191272,2.068585523500036,2.706604592910589
4.722291476794807,30.41369700763785,0.7777777777777777,2.643089152099266,2.0702200147652534,2.7083214694822417
4.722291476794807,30.41369700763785,0.8888888888888888,2.6492560226269792,2.0718490165758303,2.7100237409213164
4.722291476794807,30.41369700763785,1.0,2.6553298361746234,2.0734724752069935,2.711711606811716
5.986003280444122,1.0137899002545951,0.0,2.100131942440217,2.8668163005059433,2.3613183887570703
5.986003280444122,1.0137899002545951,0.1111111111111111,2.1970813105939615,2.8661461646861297,2.3714093579119253
5.986003280444122,1.0137899002545951,0.2222222222222222,2.301366997334103,2.8654629507749716,2.3856141262480097
5.986003280444122,1.0137899002545951,0.3333333333333333,2.398449052962092,2.864774872357387,2.4025894625190976
4.722291476794807,22.39554052380605,0.0,2.597230052103801,2.1116627224422984,2.6897258006590237
4.722291476794807,22.39554052380605,0.1111111111111111,2.6061851075051816,2.1136786866754327,2.692138521806362
4.722291476794807,22.39554052380605,0.2222222222222222,2.614973550960668,2.1156843387799524,2.694524105311477
4.722291476794807,22.39554052380605,0.3333333333333333,2.623596137211535,2.1176796533430293,2.6968830122276897
4.722291476794807,22.39554052380605,0.4444444444444444,2.6320541573298484,2.1196646112582216,2.6992156960365
4.722291476794807,22.39554052380605,0.5555555555555556,2.640349343230444,2.1216391993216615,2.7015226025376684
4.722291476794807,22.39554052380605,0.6666666666666666,2.6484837861735073,2.123603409853345,2.7038041697742865
4.722291476794807,22.39554052380605,0.7777777777777777,2.6564598672943576,2.125557240341832,2.706060827988394
4.722291476794807,22.39554052380605,0.8888888888888888,2.6642801984646,2.1275006931107225,2.7082929996032195
4.722291476794807,22.39554052380605,1.0,2.6719475720223187,2.1294337750054697,2.7105010992285608
4.722291476794807,25.068259351749983,0.0,2.5972300521038005,2.0906678298607684,2.692198007028362
4.722291476794807,25.068259351749983,0.1111111111111111,2.605350666274366,2.092559662289982,2.694369622503405
4.722291476794807,25.068259351749983,0.2222222222222222,2.613333459284321,2.094443327690441,2.6965189004823973
4.722291476794807,25.068259351749983,0.3333333333333333,2.6211790121077962,2.0963187698282746,2.698646194263611
4.722291476794807,25.068259351749983,0.4444444444444444,2.6288882755841234,2.0981859387676964,2.7007518513817086
4.722291476794807,25.068259351749983,0.5555555555555556,2.6364625099857637,2.100044790513365,2.7028362135803565
4.722291476794807,25.068259351749983,0.6666666666666666,2.6439032327132717,2.1018952866731806,2.704899616801759
4.722291476794807,25.068259351749983,0.7777777777777777,2.6512121730703084,2.1037373941402424,2.7069423911910646
4.722291476794807,25.068259351749983,0.8888888888888888,2.6583912332025985,2.1055710847927585,2.708964861113768
4.722291476794807,25.068259351749983,1.0,2.6654424544003468,2.1073963352107716,2.7109673451844696
4.722291476794807,27.740978179693915,0.0,2.5972300521038005,2.0732773156068145,2.6942518054419224
4.722291476794807,27.740978179693915,0.1111111111111111,2.604658497749635,2.0750519655824458,2.6962256960802833
4.722291476794807,9.031946384086392,0.6666666666666666,2.6980794549974827,2.35294860460215,2.692376281066305
4.722291476794807,9.031946384086392,0.7777777777777777,2.7127381244673847,2.355096137662791,2.697083645563063
4.722291476794807,9.031946384086392,0.8888888888888888,2.726839556217706,2.357223398254882,2.7016978635687208
4.722291476794807,9.031946384086392,1.0,2.7404081018900768,2.359330728556679,2.7062214083923903
4.722291476794807,11.704665212030324,0.0,2.5972300521038005,2.2653717923708108,2.6713588520313105
4.722291476794807,11.704665212030324,0.1111111111111111,2.6124362604410667,2.267760990151616,2.6756605315736097
4.722291476794807,11.704665212030324,0.2222222222222222,2.6271832597021865,2.270127865288894,2.679886284569562
4.722291476794807,11.704665212030324,0.3333333333333333,2.641473859845164,2.2724727727608207,2.684037798656158
4.722291476794807,11.704665212030324,0.4444444444444444,2.655314741064549,2.2747960554642592,2.688116761587603
4.722291476794807,11.704665212030324,0.5555555555555556,2.668715382005079,2.277098045248763,2.692124853138512
4.722291476794807,11.704665212030324,0.6666666666666666,2.681687232231797,2.2793790638213176,2.6960637385164454
4.722291476794807,11.704665212030324,0.7777777777777777,2.6942430756871247,2.2816394235396884,2.6999350630389363
4.722291476794807,11.704665212030324,0.8888888888888888,2.706396543198316,2.283879428109613,2.703740447870206
4.722291476794807,11.704665212030324,1.0,2.718161741136676,2.2860993731988546,2.707481486645944
4.722291476794807,14.377384039974256,0.0,2.5972300521038005,2.2109703596234613,2.6779640782010663
4.722291476794807,14.377384039974256,0.1111111111111111,2.6101765402585895,2.2133287143974596,2.6815676871905176
4.722291476794807,14.377384039974256,0.2222222222222222,2.622784625090838,2.215667651476042,2.6851153960814216
4.722291476794807,14.377384039974256,0.3333333333333333,2.6350562370274537,2.2179873866553454,2.688608385366529
4.722291476794807,14.377384039974256,0.4444444444444444,2.646995444597143,2.2202881335136153,2.6920478233412926
4.722291476794807,14.377384039974256,0.5555555555555556,2.6586079342524824,2.2225701034733003,2.6954348634966
4.722291476794807,14.377384039974256,0.6666666666666666,2.6699005943139436,2.2248335058495727,2.6987706424055133
4.722291476794807,14.377384039974256,0.7777777777777777,2.680881183085317,2.2270785478876647,2.702056278030134
5.986003280444122,1.0137899002545951,0.4444444444444444,2.4845590220741527,2.8640885774596736,2.421308454232152
5.986003280444122,1.0137899002545951,0.5555555555555556,2.559835617615131,2.863409502393205,2.441008074320435
5.986003280444122,1.0137899002545951,0.6666666666666666,2.625542687534759,2.8627421159308915,2.4611347594515336
5.986003280444122,1.0137899002545951,0.7777777777777777,2.683104332012797,2.8620900943513155,2.4812956198271285
5.986003280444122,1.0137899002545951,0.8888888888888888,2.7338089504287857,2.8614564517222543,2.501218100817389
5.986003280444122,1.0137899002545951,1.0,2.778743899547848,2.860843640210566,2.520718238279521
5.986003280444122,3.686508728198527,0.0,2.1001319424402167,2.5404401155450205,2.3976895871145745
5.986003280444122,3.686508728198527,0.1111111111111111,2.161275374939343,2.5419419261141334,2.4104101117240964
5.986003280444122,3.686508728198527,0.2222222222222222,2.2273892003204168,2.543423359529201,2.423704982763617
5.986003280444122,3.686508728198527,0.3333333333333333,2.2925713613060075,2.5448895386410166,2.437318765963385
5.986003280444122,3.686508728198527,0.4444444444444444,2.3540987633533157,2.546344365019099,2.451058565672108
5.986003280444122,3.686508728198527,0.5555555555555556,2.410975121896057,2.5477907935700115,2.464780232344437
5.986003280444122,3.686508728198527,0.6666666666666666,2.463052437594298,2.549231040864621,2.4783773585494675
5.986003280444122,3.686508728198527,0.7777777777777777,2.5105644858029934,2.550666745185545,2.4917726054853233
5.986003280444122,3.686508728198527,0.8888888888888888,2.5538939768275104,2.552099090780756,2.504910924839632
5.986003280444122,3.686508728198527,1.0,2.593461149367725,2.5535289050764245,2.5177542934257793
5.986003280444122,6.35922755614246,0.0,2.100131942440217,2.3345387241328597,2.4262914758288057
5.986003280444122,6.35922755614246,0.1111111111111111,2.144743933127681,2.3376186709379936,2.436882483738357
5.986003280444122,6.35922755614246,0.2222222222222222,2.19273287460366,2.3406494364839556,2.4475126726976177
5.986003280444122,6.35922755614246,0.3333333333333333,2.2411893955327598,2.343634410493295,2.4581134353818754
5.986003280444122,6.35922755614246,0.4444444444444444,2.288421267186751,2.3465764527191744,2.4686319134233257
5.986003280444122,6.35922755614246,0.5555555555555556,2.333535012669296,2.3494779918397373,2.4790277940824272
5.986003280444122,19.72282169586212,0.0,2.1001319424402167,1.9618947711479473,2.4838982639352913
5.986003280444122,19.72282169586212,0.1111111111111111,2.119072486007823,1.9641609204704988,2.4886781196363206
5.986003280444122,19.72282169586212,0.2222222222222222,2.1388997150145417,1.9664514995946014,2.49340638568829
5.986003280444122,19.72282169586212,0.3333333333333333,2.1592856795420565,1.9687642166082746,2.4980819931284337
5.986003280444122,19.72282169586212,0.4444444444444444,2.1799650624456772,1.9710969236823161,2.502704133232029
5.986003280444122,19.72282169586212,0.5555555555555556,2.200726940736709,1.9734476071191989,2.5072722239077416
5.986003280444122,19.72282169586212,0.6666666666666666,2.221406406574916,1.9758143782504938,2.511785880259198
5.986003280444122,19.72282169586212,0.7777777777777777,2.241876709820745,1.978195465089456,2.5162448887770275
5.986003280444122,19.72282169586212,0.8888888888888888,2.262042254488081,1.9805892046582607,2.520649184698321
5.986003280444122,19.72282169586212,1.0,2.281832566436323,1.9829940359202898,2.5249988321328174
5.986003280444122,22.39554052380605,0.0,2.100131942440217,1.9384437947692428,2.4888740379545027
5.986003280444122,22.39554052380605,0.1111111111111111,2.117116228173192,1.9402830691721091,2.4931519891830165
5.986003280444122,22.39554052380605,0.2222222222222222,2.13483414820126,1.9421546968182153,2.497385893134895
5.986003280444122,22.39554052380605,0.3333333333333333,2.1530420004555686,1.9440564322954736,2.5015751949851865
5.986003280444122,22.39554052380605,0.4444444444444444,2.171537942362683,1.9459861515039907,2.5057194924747597
5.986003280444122,22.39554052380605,0.5555555555555556,2.1901571816524057,1.9479418444127454,2.509818517486186
5.986003280444122,22.39554052380605,0.6666666666666666,2.208766984534794,1.949921608353206,2.513872119730841
5.986003280444122,22.39554052380605,0.7777777777777777,2.2272618724308164,1.9519236417973387,2.5178802522963393
5.986003280444122,22.39554052380605,0.8888888888888888,2.245559217812849,1.9539462385740733,2.5218429588349913
5.986003280444122,22.39554052380605,1.0,2.2635953373703264,1.9559877824839123,2.5257603622012406
5.986003280444122,25.068259351749983,0.0,2.100131942440217,1.9212734874060946,2.4929740646363507
5.986003280444122,25.068259351749983,0.1111111111111111,2.1155261002465857,1.9227399467050643,2.496842798530981
5.986003280444122,11.704665212030324,0.8888888888888888,2.342234890810185,2.132077536095843,2.515350944793293
5.986003280444122,11.704665212030324,1.0,2.3694759566229076,2.1354102781283113,2.5218462305909526
5.986003280444122,14.377384039974256,0.0,2.1001319424402167,2.039783599607747,2.4699225040843658
5.986003280444122,14.377384039974256,0.1111111111111111,2.1247398829101023,2.042977592671907,2.4761347495483004
5.986003280444122,14.377384039974256,0.2222222222222222,2.150725582413019,2.046165847332356,2.4822775180860503
5.986003280444122,14.377384039974256,0.3333333333333333,2.177429709473473,2.0493469049195148,2.488346485700802
5.986003280444122,14.377384039974256,0.4444444444444444,2.2043546859564356,2.0525194420492023,2.4943382629192703
5.986003280444122,14.377384039974256,0.5555555555555556,2.231135501659024,2.0556822580172325,2.500250253723345
5.986003280444122,14.377384039974256,0.6666666666666666,2.2575118965151497,2.0588342636500623,2.5060805353580755
5.986003280444122,14.377384039974256,0.7777777777777777,2.283304227275284,2.0619744713960877,2.511827755821816
5.986003280444122,14.377384039974256,0.8888888888888888,2.3083936727374956,2.0651019864810953,2.5174910463549636
5.986003280444122,14.377384039974256,1.0,2.33270657248248,2.068215998982145,2.5230699466689157
5.986003280444122,17.050102867918188,0.0,2.100131942440217,1.9943255281419,2.4777376269171563
5.986003280444122,17.050102867918188,0.1111111111111111,2.1215376758448508,1.997057674389601,2.4831455541247456
5.986003280444122,17.050102867918188,0.2222222222222222,2.144035878160163,1.9998017468687057,2.4884931132444783
5.986003280444122,17.050102867918188,0.3333333333333333,2.167170757275051,2.002555657621109,2.4937782024212174
5.986003280444122,17.050102867918188,0.4444444444444444,2.1905844607671643,2.0053174744650875,2.4989991933205613
5.986003280444122,17.050102867918188,0.5555555555555556,2.2140021154492646,2.0080854084867226,2.504154865287231
5.986003280444122,17.050102867918188,0.6666666666666666,2.2372170226589105,2.010857802769063,2.5092443483911238
5.986003280444122,17.050102867918188,0.7777777777777777,2.260077231517917,2.013633122203016,2.5142670741175994
5.986003280444122,17.050102867918188,0.8888888888888888,2.282473995400251,2.016409944248214,2.5192227326415253
5.986003280444122,17.050102867918188,1.0,2.30433219154688,2.0191869505318807,2.5241112357790247
5.986003280444122,25.068259351749983,0.2222222222222222,2.1315370965546685,1.9242432036653674,2.5006737436668316
5.986003280444122,25.068259351749983,0.3333333333333333,2.1479789627467936,1.9257811837268632,2.504466614444906
5.986003280444122,25.068259351749983,0.4444444444444444,2.1646947400408982,1.9273519099033598,2.508221219529184
5.986003280444122,25.068259351749983,0.5555555555555556,2.181553533430416,1.9289534977120033,2.5119374511374915
5.986003280444122,25.068259351749983,0.6666666666666666,2.1984474062513106,1.9305841504327865,2.5156152754730403
5.986003280444122,25.068259351749983,0.7777777777777777,2.215288331011436,1.9322421546689004,2.519254724170752
5.986003280444122,25.068259351749983,0.8888888888888888,2.2320053296632305,1.9339258761820641,2.522855886647155
5.986003280444122,25.068259351749983,1.0,2.2485418756751065,1.9356337559799732,2.5264189032556468
5.986003280444122,27.740978179693915,0.0,2.100131942440217,1.9085609220869781,2.4964093868735793
5.986003280444122,27.740978179693915,0.1111111111111111,2.1142081411480413,1.909709904221342,2.4999386655185702
5.986003280444122,27.740978179693915,0.2222222222222222,2.1288100872454616,1.9108976918586484,2.503435301843796
5.986003280444122,27.740978179693915,0.3333333333333333,2.1437926803701446,1.9121224290669092,2.506899156456304
5.986003280444122,27.740978179693915,0.4444444444444444,2.1590315446178403,1.9133823366870972,2.5103301507894122
5.986003280444122,27.740978179693915,0.5555555555555556,2.1744211491214847,1.9146757088353537,2.513728260568528
5.986003280444122,27.740978179693915,0.6666666666666666,2.1898728034597967,1.9160009096074273,2.5170935099271556
5.986003280444122,27.740978179693915,0.7777777777777777,2.2053126574259414,1.917356369968772,2.5204259661060706
5.986003280444122,27.740978179693915,0.8888888888888888,2.2206797903690716,1.9187405848156074,2.5237257346760833
5.986003280444122,27.740978179693915,1.0,2.2359244412255292,1.9201521101938093,2.52699295523117
5.986003280444122,30.41369700763785,0.0,2.1001319424402167,1.8990579829918204,2.499328699904163
5.986003280444122,30.41369700763785,0.1111111111111111,2.113097999745487,1.8999402345982512,2.5025721824654408
5.986003280444122,30.41369700763785,0.2222222222222222,2.1265174245390357,1.900861681154129,2.505787259112515
5.986003280444122,30.41369700763785,0.3333333333333333,2.140274848042017,1.9018206916074623,2.5089738717615333
7.249715084093437,3.686508728198527,0.6666666666666666,2.0672134952810763,2.486590199275596,2.2884009706119492
7.249715084093437,3.686508728198527,0.7777777777777777,2.1678925861894873,2.4887881047318268,2.302871495164319
7.249715084093437,3.686508728198527,0.8888888888888888,2.2552713395279644,2.4909554780485523,2.3182824108952844
7.249715084093437,3.686508728198527,1.0,2.3312148711304284,2.4930970495715252,2.334259881967484
7.249715084093437,6.35922755614246,0.0,1.8612685337747379,2.225324788732956,2.2517507482599615
7.249715084093437,6.35922755614246,0.1111111111111111,1.7347329651007868,2.22997577687611,2.254918731540554
7.249715084093437,6.35922755614246,0.2222222222222222,1.663746414289734,2.2345085427176543,2.2605209369937422
7.249715084093437,6.35922755614246,0.3333333333333333,1.6606220475997306,2.2389353348293186,2.2680518401047567
7.249715084093437,6.35922755614246,0.4444444444444444,1.7121556385434844,2.2432661705868613,2.2770823844354897
7.249715084093437,6.35922755614246,0.5555555555555556,1.7927845625877041,2.2475093133807578,2.2872538219984646
7.249715084093437,6.35922755614246,0.6666666666666666,1.8823643381605235,2.2516716352411734,2.2982699661278225
7.249715084093437,6.35922755614246,0.7777777777777777,1.9702039620293244,2.255758895762465,2.309888914330673
7.249715084093437,6.35922755614246,0.8888888888888888,2.051931973939713,2.2597759589271473,2.3219149604102447
7.249715084093437,6.35922755614246,1.0,2.126317106672926,2.263726963118172,2.334191125098047
7.249715084093437,9.031946384086392,0.0,1.8612685337747374,2.070033098402832,2.258390618597033
7.249715084093437,9.031946384086392,0.1111111111111111,1.758584298340008,2.07463425677476,2.264083397775949
7.249715084093437,9.031946384086392,0.2222222222222222,1.6881541335434642,2.0792000317752892,2.2709173246994103
7.249715084093437,9.031946384086392,0.3333333333333333,1.6590742235017544,2.08372945632036,2.2786611660077285
7.249715084093437,9.031946384086392,0.4444444444444444,1.6708099869808302,2.088221759079725,2.2871188377410436
7.249715084093437,9.031946384086392,0.5555555555555556,1.7134999842021807,2.0926763165016666,2.2961252341056184
7.249715084093437,9.031946384086392,0.6666666666666666,1.774317468309977,2.0970926207260887,2.3055422018237124
7.249715084093437,9.031946384086392,0.7777777777777777,1.8428536654269656,2.101470257791327,2.315254793513818
5.986003280444122,30.41369700763785,0.4444444444444444,2.154270093378319,1.902815694771369,2.5121320030382512
5.986003280444122,30.41369700763785,0.5555555555555556,2.1684169344715256,1.90384517691488,2.5152616721249186
5.986003280444122,30.41369700763785,0.6666666666666666,2.1826417601919808,1.9049076794789044,2.5183629309949294
5.986003280444122,30.41369700763785,0.7777777777777777,2.196882223990561,1.9060017969077097,2.5214358609977743
5.986003280444122,30.41369700763785,0.8888888888888888,2.2110859344460665,1.9071261745873482,2.524480569760742
5.986003280444122,30.41369700763785,1.0,2.2252092224077655,1.9082795068832918,2.52749718837719
7.249715084093437,1.0137899002545951,0.0,1.8612685337747368,2.8503846069233663,2.327536495042264
7.249715084093437,1.0137899002545951,0.1111111111111111,1.6423840636698277,2.8498328991665787,2.2865245438449673
7.249715084093437,1.0137899002545951,0.2222222222222222,1.7082806549979044,2.849206238530547,2.2613351967816575
7.249715084093437,1.0137899002545951,0.3333333333333333,1.9103001211903679,2.848530889051127,2.2500254668920925
7.249715084093437,1.0137899002545951,0.4444444444444444,2.1019633747575552,2.847826495578365,2.2501350579221606
7.249715084093437,1.0137899002545951,0.5555555555555556,2.2578293918272587,2.8471081520024977,2.2590680271228782
7.249715084093437,1.0137899002545951,0.6666666666666666,2.382924150508018,2.8463876613888943,2.274414590277698
7.249715084093437,1.0137899002545951,0.7777777777777777,2.4847170597679322,2.845674347847267,2.294136241818482
7.249715084093437,1.0137899002545951,0.8888888888888888,2.5690252058652443,2.8449756057384112,2.3166224204541397
7.249715084093437,1.0137899002545951,1.0,2.6400107312335255,2.844297288308834,2.3406640623538526
7.249715084093437,3.686508728198527,0.0,1.8612685337747374,2.472246666503862,2.257981993160556
7.249715084093437,3.686508728198527,0.1111111111111111,1.6980647128686646,2.4748480169733686,2.2517961304972123
7.249715084093437,3.686508728198527,0.2222222222222222,1.6474084363847976,2.4773383812593153,2.251568598141838
7.249715084093437,3.686508728198527,0.3333333333333333,1.7103152339135106,2.4797417811350395,2.256103141104298
7.249715084093437,3.686508728198527,0.4444444444444444,1.8275346481254877,2.4820762839321557,2.2643347643087566
7.249715084093437,3.686508728198527,0.5555555555555556,1.9524749473760374,2.4843556003728215,2.2753523105870395
7.249715084093437,17.050102867918188,0.0,1.8612685337747363,1.911908497620257,2.2821863142103296
7.249715084093437,17.050102867918188,0.1111111111111111,1.7961387626861212,1.9120447452772407,2.2879247800683817
7.249715084093437,17.050102867918188,0.2222222222222222,1.7416912882229183,1.9123583603736556,2.293870733304421
7.249715084093437,17.050102867918188,0.3333333333333333,1.7006660657641557,1.9128379770982178,2.299984696278092
7.249715084093437,17.050102867918188,0.4444444444444444,1.674999226386675,1.9134730164703844,2.3062321143712285
7.249715084093437,17.050102867918188,0.5555555555555556,1.6652526107438084,1.9142536096523048,2.312582795126038
7.249715084093437,17.050102867918188,0.6666666666666666,1.6704234046835076,1.9151705323265942,2.3190104041225603
7.249715084093437,17.050102867918188,0.7777777777777777,1.688249753512531,1.9162151480835232,2.3254920136932102
7.249715084093437,17.050102867918188,0.8888888888888888,1.7158287810890882,1.9173793591984791,2.3320077003303945
7.249715084093437,17.050102867918188,1.0,1.7502325168349955,1.9186555635159217,2.338540186581032
7.249715084093437,19.72282169586212,0.0,1.8612685337747366,1.905812765869516,2.288250109706803
7.249715084093437,19.72282169586212,0.1111111111111111,1.8032630274208605,1.9048109475535195,2.29360726835457
7.249715084093437,19.72282169586212,0.2222222222222222,1.753429176292139,1.9039911678397552,2.2990969108175716
7.249715084093437,19.72282169586212,0.3333333333333333,1.713712174913545,1.9033442890815766,2.30469385426529
7.249715084093437,19.72282169586212,0.4444444444444444,1.685647347094887,1.9028616795398208,2.310375840300719
7.249715084093437,19.72282169586212,0.5555555555555556,1.670016705348665,1.9025351706187572,2.316123221595924
7.249715084093437,19.72282169586212,0.6666666666666666,1.666648040194845,1.902357019911747,2.3219186795348032
7.249715084093437,19.72282169586212,0.7777777777777777,1.6744530746353383,1.9023198790462201,2.327746970408199
7.249715084093437,19.72282169586212,0.8888888888888888,1.6916854804512163,1.9024167655137252,2.333594697746818
7.249715084093437,19.72282169586212,1.0,1.7162988443808336,1.9026410378255838,2.339450108461327
7.249715084093437,22.39554052380605,0.0,1.8612685337747363,1.9078206888256477,2.293439177688463
7.249715084093437,22.39554052380605,0.1111111111111111,1.8089910914794598,1.9060105775043625,2.2984237646178998
7.249715084093437,22.39554052380605,0.2222222222222222,1.7631617389639864,1.9043726146534612,2.3034962116647946
7.249715084093437,22.39554052380605,0.3333333333333333,1.7252039461997892,1.9028998177399679,2.308639658383788
7.249715084093437,22.39554052380605,0.4444444444444444,1.6963196229508253,1.9015855223099212,2.313839073349641
7.249715084093437,22.39554052380605,0.5555555555555556,1.6772800235930554,1.9004233574008917,2.3190810701666074
7.249715084093437,22.39554052380605,0.6666666666666666,1.6682704085688733,1.899407224189447,2.324353740985035
7.249715084093437,22.39554052380605,0.7777777777777777,1.66884758812575,1.898531277349591,2.3296465060845053
7.249715084093437,22.39554052380605,0.8888888888888888,1.6780277902888718,1.8977899086905758,2.3349499781484493
7.249715084093437,22.39554052380605,1.0,1.6944691930151747,1.8971777327171744,2.340255839930786
7.249715084093437,25.068259351749983,0.0,1.8612685337747372,1.91403169538594,2.2978994717686647
7.249715084093437,25.068259351749983,0.1111111111111111,1.8136946241003156,1.9116743996572731,2.3025394270690187
7.249715084093437,25.068259351749983,0.2222222222222222,1.771335981480649,1.9094735877037181,2.3072393977113377
7.249715084093437,25.068259351749983,0.3333333333333333,1.7352623070193494,1.9074240006327876,2.311987637125623
7.249715084093437,25.068259351749983,0.4444444444444444,1.7064176241502367,1.905520582950762,2.3167735933008253
7.249715084093437,25.068259351749983,0.5555555555555556,1.6854897706308458,1.9037584675591885,2.321587795897735
7.249715084093437,25.068259351749983,0.6666666666666666,1.672799722369042,1.9021329626632963,2.3264217536160565
7.249715084093437,25.068259351749983,0.7777777777777777,1.6682443961436633,1.9006395403073675,2.3312678609729747
7.249715084093437,25.068259351749983,0.8888888888888888,1.6713122793459179,1.8992738262976532,2.336119313699867
7.249715084093437,25.068259351749983,1.0,1.6811664384783493,1.8980315913110857,2.34097003201447
7.249715084093437,27.740978179693915,0.0,1.8612685337747374,1.9222556035095775,2.3017589169392605
7.249715084093437,27.740978179693915,0.1111111111111111,1.817624781070173,1.9195421959582282,2.3060870514486482
7.249715084093437,27.740978179693915,0.2222222222222222,1.7782847947325053,1.9169684098161452,2.310457136771301
7.249715084093437,27.740978179693915,0.3333333333333333,1.7440711263286444,1.9145302724166393,2.314860713328363
7.249715084093437,9.031946384086392,0.8888888888888888,1.9125514933658594,2.1058088925476786,2.325167873269973
7.249715084093437,9.031946384086392,1.0,1.9799142039554152,2.1101082579568406,2.3352031032276153
7.249715084093437,11.704665212030324,0.0,1.861268533774738,1.979961460183794,2.2670139689132496
7.249715084093437,11.704665212030324,0.1111111111111111,1.7750566457776664,1.9832433296128609,2.273218321568551
7.249715084093437,11.704665212030324,0.2222222222222222,1.7097078338361629,1.9865957459320642,2.2800208891676883
7.249715084093437,11.704665212030324,0.3333333333333333,1.671217670645566,1.9900089045895402,2.2873039595663704
7.249715084093437,11.704665212030324,0.4444444444444444,1.661719000880206,1.9934741297183693,2.2949667584281612
7.249715084093437,11.704665212030324,0.5555555555555556,1.678296096982968,1.9969837062119897,2.3029233513490377
7.249715084093437,11.704665212030324,0.6666666666666666,1.7144902958534214,2.0005307445651903,2.3111007262042316
7.249715084093437,11.704665212030324,0.7777777777777777,1.763062361072146,2.0041090707512326,2.319437065769508
7.249715084093437,11.704665212030324,0.8888888888888888,1.8179703688756308,2.007713135470514,2.327880209998349
7.249715084093437,11.704665212030324,1.0,1.8749895478302545,2.011337938566529,2.3363863000912803
7.249715084093437,14.377384039974256,0.0,1.8612685337747372,1.9328877692976714,2.2751125291479743
7.249715084093437,14.377384039974256,0.1111111111111111,1.7870455198617983,1.9345064118653574,2.2811850037959527
7.249715084093437,14.377384039974256,0.2222222222222222,1.7273575166022572,1.936269509193068,2.2875987164335894
7.249715084093437,14.377384039974256,0.3333333333333333,1.6861944035854965,1.9381646254562317,2.294287979312983
7.249715084093437,14.377384039974256,0.4444444444444444,1.6658549199759312,1.9401804250023855,2.3011959155878787
7.249715084093437,14.377384039974256,0.5555555555555556,1.6660307206073859,1.942306542442066,2.3082734004142935
7.249715084093437,14.377384039974256,0.6666666666666666,1.6839134571649554,1.94453347380063,2.315478107110654
7.249715084093437,14.377384039974256,0.7777777777777777,1.7152417890405405,1.9468524844492494,2.3227736542142696
7.249715084093437,14.377384039974256,0.8888888888888888,1.7555594526508442,1.9492555305354229,2.3301288474003985
7.249715084093437,14.377384039974256,1.0,1.801060106798052,1.9517351913766232,2.337517009120945
7.249715084093437,27.740978179693915,0.4444444444444444,1.7157321528278402,1.912223945600371,2.319290130860975
7.249715084093437,27.740978179693915,0.5555555555555556,1.693858283075713,1.9100457160050008,2.323738476453667
7.249715084093437,27.740978179693915,0.6666666666666666,1.6788048236077413,1.9079919865381867,2.328199508781011
7.249715084093437,27.740978179693915,0.7777777777777777,1.6706404239183956,1.9060592688726379,2.33266759807636
7.249715084093437,27.740978179693915,0.8888888888888888,1.6691354842416946,1.9042441768255711,2.3371376713537244
7.249715084093437,27.740978179693915,1.0,1.6737939210282073,1.9025434205045755,2.3416051624456307
7.249715084093437,30.41369700763785,0.0,1.8612685337747368,1.931278936975308,2.305122764106389
7.249715084093437,30.41369700763785,0.1111111111111111,1.8209571543525802,1.9283443550905197,2.3091711783609856
7.249715084093437,30.41369700763785,0.2222222222222222,1.7842569983213106,1.9255333989216161,2.313249440463734
7.249715084093437,30.41369700763785,0.3333333333333333,1.7518132934313841,1.922843033808469,2.3173512852956373
7.249715084093437,30.41369700763785,0.4444444444444444,1.7242260381697774,1.9202703174999647,2.3214710134859646
7.249715084093437,30.41369700763785,0.5555555555555556,1.7019946782500657,1.91781239356063,2.3256034439547175
7.249715084093437,30.41369700763785,0.6666666666666666,1.6854643475860094,1.9154664855356593,2.3297438703580005
7.249715084093437,30.41369700763785,0.7777777777777777,1.6747844267530745,1.913229891779898,2.3338880211311763
7.249715084093437,30.41369700763785,0.8888888888888888,1.6698890055265836,1.9110999808689981,2.3380320228450855
7.249715084093437,30.41369700763785,1.0,1.6705041131434273,1.9090741875217911,2.342172366610188
8.513426887742751,1.0137899002545951,0.0,2.372452149644934,2.832911992477499,2.5243269765512557
8.513426887742751,1.0137899002545951,0.1111111111111111,1.9304260544726364,2.832763610891125,2.42480128578185
8.513426887742751,1.0137899002545951,0.2222222222222222,1.343546984577842,2.832400039925015,2.3396234897726322
8.513426887742751,1.0137899002545951,0.3333333333333333,1.0637443890435812,2.8318933249965985,2.270383981852278
8.513426887742751,1.0137899002545951,0.4444444444444444,1.5286893213959563,2.8312927333047813,2.218363009009085
8.513426887742751,1.0137899002545951,0.5555555555555556,1.883546228326208,2.830633612716622,2.1838552757953273
8.513426887742751,1.0137899002545951,0.6666666666666666,2.1203808939901174,2.829942155724543,2.165846205520928
8.513426887742751,1.0137899002545951,0.7777777777777777,2.2902948615245897,2.829238175371173,2.1621568593960094
8.513426887742751,1.0137899002545951,0.8888888888888888,2.419364126221963,2.8285368324557316,2.169934269391572
8.513426887742751,1.0137899002545951,1.0,2.5214618521360355,2.827849772744943,2.186213304160499
8.513426887742751,3.686508728198527,0.0,2.372452149644934,2.401875878857804,2.334525809906148
8.513426887742751,3.686508728198527,0.1111111111111111,2.0999891812633162,2.406251466740224,2.282696670120011
8.513426887742751,3.686508728198527,0.2222222222222222,1.7831838497898835,2.410299553065401,2.2411129462754538
8.513426887742751,3.686508728198527,0.3333333333333333,1.4182861014358283,2.4140962578821545,2.2095084672915126
8.513426887742751,3.686508728198527,0.4444444444444444,1.120715905882222,2.417696522709854,2.1873186822318655
8.513426887742751,3.686508728198527,0.5555555555555556,1.1897961979274285,2.421140799462241,2.1736931235954136
8.513426887742751,3.686508728198527,0.6666666666666666,1.4576933420233353,2.424459328865905,2.167569740684876
8.513426887742751,3.686508728198527,0.7777777777777777,1.6966961162063012,2.4276749878267196,2.167779046710261
8.513426887742751,3.686508728198527,0.8888888888888888,1.883127894333234,2.4308052450444997,2.1731467624817817
8.513426887742751,3.686508728198527,1.0,2.02961766789597,2.4338635390362993,2.182574001341137
8.513426887742751,6.35922755614246,0.0,2.3724521496449342,2.1226280392861763,2.2495842831142223
8.513426887742751,6.35922755614246,0.1111111111111111,2.175242655184646,2.128831911630705,2.2219181341847176
8.513426887742751,6.35922755614246,0.2222222222222222,1.9580576292746081,2.13484671769062,2.2006254130008656
8.513426887742751,6.35922755614246,0.3333333333333333,1.716602101255419,2.1406946014779877,2.1852134334754947
8.513426887742751,6.35922755614246,0.4444444444444444,1.456107038058717,2.146393618914325,2.1751133221605805
8.513426887742751,6.35922755614246,0.5555555555555556,1.2229847627764625,2.1519585522196825,2.1697082718239185
8.513426887742751,6.35922755614246,0.6666666666666666,1.1388396747834686,2.1574015642356184,2.1683653738247806
8.513426887742751,6.35922755614246,0.7777777777777777,1.2486459317824183,2.1627327188816667,2.170464968310177
8.513426887742751,6.35922755614246,0.8888888888888888,1.432088434590553,2.1679603940082997,2.175423831080092
8.513426887742751,6.35922755614246,1.0,1.6077381185031512,2.173091608883693,2.1827108096898
8.513426887742751,9.031946384086392,0.0,2.372452149644935,1.978719607032393,2.2090399922418937
8.513426887742751,9.031946384086392,0.1111111111111111,2.2178827599727295,1.9822730867762077,2.193761955142037
8.513426887742751,9.031946384086392,0.2222222222222222,2.052177400179065,1.9859986989884897,2.182470395678514
8.513426887742751,9.031946384086392,0.3333333333333333,1.8731049266126822,1.9898662880969211,2.1747841095978644
8.513426887742751,9.031946384086392,0.4444444444444444,1.6800819692391384,1.9938513422111879,2.1703130962237944
8.513426887742751,9.031946384086392,0.5555555555555556,1.4787625389926824,1.9979336029217283,2.1686702401596647
8.513426887742751,9.031946384086392,0.6666666666666666,1.2926052848796046,2.002096088330808,2.1694817242009847
8.513426887742751,9.031946384086392,0.7777777777777777,1.1756860346771407,2.006324390982055,2.1723952834496747
8.513426887742751,9.031946384086392,0.8888888888888888,1.179524677827103,2.0106061629642498,2.1770859745678335
8.513426887742751,9.031946384086392,1.0,1.2817164830939092,2.01493073103544,2.183259546102054
8.513426887742751,11.704665212030324,0.0,2.3724521496449342,1.9332868505053447,2.188567558960265
8.513426887742751,11.704665212030324,0.1111111111111111,2.2453549206379617,1.932654474321078,2.17996246587971
8.513426887742751,11.704665212030324,0.2222222222222222,2.111219288730885,1.932432546502221,2.1739523766936677
8.513426887742751,11.704665212030324,0.3333333333333333,1.9687987142153758,1.9325793270439258,2.1702760792468467
8.513426887742751,11.704665212030324,0.4444444444444444,1.8173014547521664,1.9330585699209994,2.1686786239112275
8.513426887742751,11.704665212030324,0.5555555555555556,1.6574218434303036,1.9338384825760877,2.168915551443889
8.513426887742751,11.704665212030324,0.6666666666666666,1.4938148880495041,1.9348909388890814,2.1707562464606145
8.513426887742751,11.704665212030324,0.7777777777777777,1.3400018272572132,1.9361908740101883,2.1739863225771163
8.513426887742751,11.704665212030324,0.8888888888888888,1.2235542093785519,1.9377158118812043,2.1784090696827616
8.513426887742751,11.704665212030324,1.0,1.178141011380622,1.9394454910468906,2.1838460724145805
8.513426887742751,14.377384039974256,0.0,2.3724521496449342,1.9395268709230626,2.1778287594261827
8.513426887742751,14.377384039974256,0.1111111111111111,2.2645344364182076,1.935683571794448,2.1730175535222545
8.513426887742751,14.377384039974256,0.2222222222222222,2.15178772229726,1.9322893002125492,2.169972633233994
8.513426887742751,14.377384039974256,0.3333333333333333,2.0334542775451316,1.9293124511426714,2.168517161426787
8.513426887742751,14.377384039974256,0.4444444444444444,1.9089427798433156,1.9267246366341744,2.168482136548
8.513426887742751,14.377384039974256,0.5555555555555556,1.778146736895728,1.924500149739148,2.169707886942259
8.513426887742751,14.377384039974256,0.6666666666666666,1.6421348869110317,1.92261554655923,2.172045140712309
8.513426887742751,14.377384039974256,0.7777777777777777,1.5045311613919148,1.9210493166616334,2.1753556835621604
8.513426887742751,14.377384039974256,0.8888888888888888,1.3738363977954995,1.9197816203794993,2.1795126457844534
8.513426887742751,14.377384039974256,1.0,1.2657557527412735,1.9187940772638727,2.184400475392197
8.513426887742751,17.050102867918188,0.0,2.3724521496449347,1.966047025779637,2.1721158647301255
8.513426887742751,17.050102867918188,0.1111111111111111,2.278684647247463,1.9603607130559706,2.169567228819455
8.513426887742751,17.050102867918188,0.2222222222222222,2.1814074587038417,1.955071626230378,2.168271118623998
8.513426887742751,17.050102867918188,0.3333333333333333,2.0801278406133674,1.9501590173724246,2.168105758791682
8.513426887742751,17.050102867918188,0.4444444444444444,1.9744263794268548,1.945603937521394,2.1689558848168335
8.513426887742751,17.050102867918188,0.5555555555555556,1.8640786705969485,1.941388953620181,2.1707132522292003
8.513426887742751,17.050102867918188,0.6666666666666666,1.749296808174581,1.9374979223594562,2.1732769480289647
8.513426887742751,17.050102867918188,0.7777777777777777,1.6311860215772556,1.9339158081562984,2.176553521690477
8.513426887742751,17.050102867918188,0.8888888888888888,1.5125453228101902,1.9306285356724115,2.180456959965329
8.513426887742751,17.050102867918188,1.0,1.399063908431788,1.9276228695803814,2.184908532800177
8.513426887742751,19.72282169586212,0.0,2.3724521496449342,1.9979003762776675,2.1691344881990777
8.513426887742751,19.72282169586212,0.1111111111111111,2.289554661492018,1.9913296806692162,2.167989012724742
8.513426887742751,19.72282169586212,0.2222222222222222,2.203995339818316,1.985087648729847,2.167763913501948
8.513426887742751,19.72282169586212,0.3333333333333333,2.1154364405357233,1.9791607089619487,2.168373224242557
8.513426887742751,19.72282169586212,0.4444444444444444,2.023577054041824,1.9735363673283837,2.16973590442749
8.513426887742751,19.72282169586212,0.5555555555555556,1.9282071122994964,1.9682030467167193,2.1717759902693343
8.513426887742751,19.72282169586212,0.6666666666666666,1.8293071511969548,1.9631499554209748,2.174422651788681
8.513426887742751,19.72282169586212,0.7777777777777777,1.7272262335806206,1.9583669788075866,2.1776101671866503
8.513426887742751,19.72282169586212,0.8888888888888888,1.6229859720691633,1.953844589651332,2.181277827332463
8.513426887742751,19.72282169586212,1.0,1.5187633639492801,1.949573773612497,2.185369783598539
8.513426887742751,22.39554052380605,0.0,2.3724521496449342,2.0291390952911947,2.1676973126929258
8.513426887742751,22.39554052380605,0.1111111111111111,2.2981666215133254,2.0222399926451318,2.1674490604775882
8.513426887742751,22.39554052380605,0.2222222222222222,2.221795134685488,2.0156088277348476,2.167897958194643
8.513426887742751,22.39554052380605,0.3333333333333333,2.143096346344998,2.0092363821263333,2.1689817420461797
8.513426887742751,22.39554052380605,0.4444444444444444,2.0618492940559054,2.0031141308432523,2.170641785089856
8.513426887742751,22.39554052380605,0.5555555555555556,1.9778801591021777,1.9972341462342063,2.172823119044809
8.513426887742751,22.39554052380605,0.6666666666666666,1.8911089077105427,1.9915890174312485,2.1754744099800054
8.513426887742751,22.39554052380605,0.7777777777777777,1.8016282909257146,1.9861717825583143,2.178547894296422
8.513426887742751,22.39554052380605,0.8888888888888888,1.7098338383563598,1.9809758714382717,2.1819992817376894
8.513426887742751,22.39554052380605,1.0,1.616629124972795,1.9759950569999665,2.1857876320655882
8.513426887742751,25.068259351749983,0.0,2.3724521496449342,2.057742610320617,2.1671579967138954
8.513426887742751,25.068259351749983,0.1111111111111111,2.305157910673282,2.050816107271649,2.1674966560732396
8.513426887742751,25.068259351749983,0.2222222222222222,2.2361861123044298,2.0441089924923546,2.168377193002652
8.513426887742751,25.068259351749983,0.3333333333333333,2.165358411511858,2.0376147235989626,2.1697534103054057
8.513426887742751,30.41369700763785,0.6666666666666666,2.0133840885542376,2.0684786878386627,2.178104870127892
8.513426887742751,30.41369700763785,0.7777777777777777,1.948458195827875,2.062751767583181,2.18080957645656
8.513426887742751,30.41369700763785,0.8888888888888888,1.8819755783053427,2.057158162352191,2.183722168797884
8.513426887742751,30.41369700763785,1.0,1.814014077915488,2.0516953104937223,2.186823957076753
9.777138691392066,1.0137899002545951,0.0,2.7890269194079127,2.814178550279306,2.7811493946586525
9.777138691392066,1.0137899002545951,0.1111111111111111,2.417887519654099,2.8148299833923622,2.6551349644792426
9.777138691392066,1.0137899002545951,0.2222222222222222,1.9487543132240213,2.8149920154896275,2.538590055062121
9.777138691392066,1.0137899002545951,0.3333333333333333,1.2240627101569312,2.8148390461200163,2.4317651564068554
9.777138691392066,1.0137899002545951,0.4444444444444444,0.6120783103091315,2.8144794989002464,2.336181925072292
9.777138691392066,1.0137899002545951,0.5555555555555556,1.4403996272933293,2.8139859306456874,2.254137521617088
9.777138691392066,1.0137899002545951,0.6666666666666666,1.864532611339508,2.8134093129863014,2.1880877423463803
9.777138691392066,1.0137899002545951,0.7777777777777777,2.1215123274993437,2.8127866042394687,2.139868132106382
9.777138691392066,1.0137899002545951,0.8888888888888888,2.2993333527945192,2.8121451197029037,2.1099772640452796
9.777138691392066,1.0137899002545951,1.0,2.4319270370170933,2.8115052359081605,2.0972694638503153
9.777138691392066,3.686508728198527,0.0,2.7890269194079127,2.3289229801305655,2.5509109899311615
9.777138691392066,3.686508728198527,0.1111111111111111,2.5529629578024373,2.335915631638897,2.4679042406351805
9.777138691392066,3.686508728198527,0.2222222222222222,2.2912913292032218,2.342167438242702,2.3925814655544526
9.777138691392066,3.686508728198527,0.3333333333333333,1.9839627067332468,2.3478681410577407,2.325282395180819
9.777138691392066,3.686508728198527,0.4444444444444444,1.5928765984215936,2.3531483569903715,2.266516131578949
9.777138691392066,3.686508728198527,0.5555555555555556,1.0354852397174923,2.3581008399396786,2.216785510568467
9.777138691392066,3.686508728198527,0.6666666666666666,0.44365749893683065,2.362793027112909,2.1764301691480368
9.777138691392066,3.686508728198527,0.7777777777777777,0.9558846573962317,2.367274861738443,2.1455043331586334
8.513426887742751,25.068259351749983,0.4444444444444444,2.092508607370735,2.0313272291516946,2.1715817938644464
8.513426887742751,25.068259351749983,0.5555555555555556,2.01749706957977,2.0252408486188367,2.173821490853504
8.513426887742751,25.068259351749983,0.6666666666666666,1.940234707638622,2.019350281137078,2.1764342644579155
8.513426887742751,25.068259351749983,0.7777777777777777,1.860721823536907,2.013650541598419,2.1793844287101214
8.513426887742751,25.068259351749983,0.8888888888888888,1.779109718397809,2.0081369228763286,2.182638767052158
8.513426887742751,25.068259351749983,1.0,1.6957957897414313,2.0028049632251763,2.1861664380893675
8.513426887742751,27.740978179693915,0.0,2.3724521496449347,2.083255204555226,2.167149649646743
8.513426887742751,27.740978179693915,0.1111111111111111,2.3109466460991848,2.0764581900988186,2.167878183807389
8.513426887742751,27.740978179693915,0.2222222222222222,2.248063408067955,2.0698427891982294,2.16903729194759
8.513426887742751,27.740978179693915,0.3333333333333333,2.183666964617966,2.0634041731299906,2.1705919392275312
8.513426887742751,27.740978179693915,0.4444444444444444,2.1176295123492026,2.0571378457300367,2.172509086909638
8.513426887742751,27.740978179693915,0.5555555555555556,2.049839228233081,2.051039604546626,2.174757659108916
8.513426887742751,27.740978179693915,0.6666666666666666,1.980213537613713,2.0451055071811606,2.177308497163322
8.513426887742751,27.740978179693915,0.7777777777777777,1.9087198328413033,2.0393318420154394,2.180134303672117
8.513426887742751,27.740978179693915,0.8888888888888888,1.835407245398969,2.0337151026671125,2.1832095781971756
8.513426887742751,27.740978179693915,1.0,1.7604544270105449,2.028251965629478,2.1865105465083308
8.513426887742751,30.41369700763785,0.0,2.3724521496449342,2.1058030592263663,2.167456793416269
8.513426887742751,30.41369700763785,0.1111111111111111,2.315818506558007,2.0992134011636496,2.16844639815326
8.513426887742751,30.41369700763785,0.2222222222222222,2.2580335706723753,2.0927759918328888,2.169784670321819
8.513426887742751,30.41369700763785,0.3333333333333333,2.198992042595605,2.086487149703088,2.1714445148458905
8.513426887742751,30.41369700763785,0.4444444444444444,2.138593697180114,2.0803434351789583,2.173400339526454
8.513426887742751,30.41369700763785,0.5555555555555556,2.0767484369041354,2.074341624669378,2.1756280220260846
9.777138691392066,3.686508728198527,0.8888888888888888,1.4065035220318565,2.3715838839251107,2.1237122181263426
9.777138691392066,3.686508728198527,1.0,1.6922894285906644,2.3757486582503953,2.1104137529944897
9.777138691392066,6.35922755614246,0.0,2.7890269194079127,2.0366192895212336,2.4183551994335666
9.777138691392066,6.35922755614246,0.1111111111111111,2.615824540151381,2.04318348009199,2.3609370600794737
9.777138691392066,6.35922755614246,0.2222222222222222,2.4318193781259256,2.0496782071978408,2.3093687103756517
9.777138691392066,6.35922755614246,0.3333333333333333,2.230852155415269,2.0560903100691394,2.263762327235424
9.777138691392066,6.35922755614246,0.4444444444444444,2.0040356406863165,2.062414988498321,2.2242208108847317
9.777138691392066,6.35922755614246,0.5555555555555556,1.7371939926946387,2.0686515382109287,2.190786015479862
9.777138691392066,6.35922755614246,0.6666666666666666,1.4059523202086883,2.0748011836652736,2.163401517315233
9.777138691392066,6.35922755614246,0.7777777777777777,0.9729816532793534,2.0808659630650763,2.1418921208067956
9.777138691392066,6.35922755614246,0.8888888888888888,0.5236709160994389,2.0868481588643126,2.1259610773421076
9.777138691392066,6.35922755614246,1.0,0.6990499222187169,2.092750017068977,2.115203412707189
9.777138691392066,9.031946384086392,0.0,2.7890269194079127,1.9507861402576974,2.336350491815714
9.777138691392066,9.031946384086392,0.1111111111111111,2.6522474647644083,1.9492803634918194,2.2949521138474442
9.777138691392066,9.031946384086392,0.2222222222222222,2.5097416173083995,1.948553609766889,2.257952409385695
9.777138691392066,9.031946384086392,0.3333333333333333,2.3588156701635112,1.9484840337692537,2.2253442717728156
9.777138691392066,9.031946384086392,0.4444444444444444,2.1960442507969873,1.948975669448277,2.1970935652043653
9.777138691392066,9.031946384086392,0.5555555555555556,2.0167760319721615,1.9499511863861054,2.1731243897033483
9.777138691392066,9.031946384086392,0.6666666666666666,1.8143283840247217,1.951347049794747,2.1533107565403635
9.777138691392066,9.031946384086392,0.7777777777777777,1.5786918901033538,1.9531101896298446,2.1374744807892156
9.777138691392066,9.031946384086392,0.8888888888888888,1.2951154773555027,1.9551956488550275,2.1253886348402524
9.777138691392066,9.031946384086392,1.0,0.9496172762727786,1.957564884925723,2.1167854011812226
9.777138691392066,17.050102867918188,0.2222222222222222,2.6197097704908248,2.087539889291503,2.18415536858983
9.777138691392066,17.050102867918188,0.3333333333333333,2.5320688973806753,2.0773497856597007,2.169250602836316
9.777138691392066,17.050102867918188,0.4444444444444444,2.4416599612993837,2.0676268404105786,2.156227690349725
9.777138691392066,17.050102867918188,0.5555555555555556,2.347801217960904,2.058347060115833,2.145013010306602
9.777138691392066,17.050102867918188,0.6666666666666666,2.249697713401184,2.0494892932430364,2.1355257977423463
9.777138691392066,17.050102867918188,0.7777777777777777,2.146401798471857,2.0410347150459422,2.1276790475601755
9.777138691392066,17.050102867918188,0.8888888888888888,2.0367616611134216,2.03296641959301,2.121380687662751
9.777138691392066,17.050102867918188,1.0,1.9193546238109083,2.02526909362371,2.1165349191162472
9.777138691392066,19.72282169586212,0.0,2.7890269194079127,2.1637888710923248,2.200659086490665
9.777138691392066,19.72282169586212,0.1111111111111111,2.714767099291972,2.1527764675593475,2.1854041479063735
9.777138691392066,19.72282169586212,0.2222222222222222,2.6393029512919783,2.1421635220504975,2.1717477232706295
9.777138691392066,19.72282169586212,0.3333333333333333,2.562265570355972,2.131928984910536,2.159638658302878
9.777138691392066,19.72282169586212,0.4444444444444444,2.4832545586196613,2.122054466879979,2.1490211231370124
9.777138691392066,19.72282169586212,0.5555555555555556,2.4018255512007176,2.112523775601275,2.1398348616498093
9.777138691392066,19.72282169586212,0.6666666666666666,2.3174753680402658,2.103322546183341,2.1320156538566
9.777138691392066,19.72282169586212,0.7777777777777777,2.2296238002816056,2.094437943724418,2.125495939611518
9.777138691392066,19.72282169586212,0.8888888888888888,2.137590857155094,2.085858421573942,2.1202055526200336
9.777138691392066,19.72282169586212,1.0,2.0405681874118624,2.0775735232624344,2.1160725166581917
9.777138691392066,22.39554052380605,0.0,2.7890269194079127,2.2092544044781617,2.186144971275123
9.777138691392066,22.39554052380605,0.1111111111111111,2.7223869085443337,2.1987477810690517,2.1735676846894703
9.777138691392066,22.39554052380605,0.2222222222222222,2.654822703469427,2.1885522957726216,2.1622855869018633
9.777138691392066,22.39554052380605,0.3333333333333333,2.5860716247463245,2.1786532084643677,2.1522551587711627
9.777138691392066,11.704665212030324,0.0,2.7890269194079123,1.9826608372766819,2.2827185510206647
9.777138691392066,11.704665212030324,0.1111111111111111,2.6760206933011244,1.974751861614468,2.2517822532274163
9.777138691392066,11.704665212030324,0.2222222222222222,2.5595405645154394,1.9677276762609257,2.2241776959013233
9.777138691392066,11.704665212030324,0.3333333333333333,2.4381650721252397,1.961499883616331,2.1998537858045255
9.777138691392066,11.704665212030324,0.4444444444444444,2.3102075342895336,1.955994604745416,2.178739248931178
9.777138691392066,11.704665212030324,0.5555555555555556,2.173570255602739,1.95114899119785,2.160738692792968
9.777138691392066,11.704665212030324,0.6666666666666666,2.025535392250159,1.946908743056522,2.145731298268907
9.777138691392066,11.704665212030324,0.7777777777777777,1.8624561966307875,1.9432263072084097,2.133571828309484
9.777138691392066,11.704665212030324,0.8888888888888888,1.6793159320626385,1.9400595465249844,2.124093522294421
9.777138691392066,11.704665212030324,1.0,1.4692381610600087,1.9373707416469539,2.117112353205526
9.777138691392066,14.377384039974256,0.0,2.7890269194079127,2.046503568718448,2.245996550609694
9.777138691392066,14.377384039974256,0.1111111111111111,2.69275902086509,2.035930221974076,2.2221569672562684
9.777138691392066,14.377384039974256,0.2222222222222222,2.5941874141618038,2.026059481110308,2.2008797965411286
9.777138691392066,14.377384039974256,0.3333333333333333,2.49246902361256,2.0168395452517105,2.182103869522802
9.777138691392066,14.377384039974256,0.4444444444444444,2.3866448247071057,2.0082262219033273,2.165755272899716
9.777138691392066,14.377384039974256,0.5555555555555556,2.275584508361518,2.0001812672784434,2.1517465427105833
9.777138691392066,14.377384039974256,0.6666666666666666,2.1579135913794727,1.9926711491521458,2.139976952395486
9.777138691392066,14.377384039974256,0.7777777777777777,2.0319141052713734,1.9856661110109082,2.1303337059586536
9.777138691392066,14.377384039974256,0.8888888888888888,1.895388408335035,1.9791394551437032,2.12269382100902
9.777138691392066,14.377384039974256,1.0,1.7454801893299876,1.9730669875180118,2.116926474418017
9.777138691392066,17.050102867918188,0.0,2.7890269194079127,2.109435890614372,2.2198665087813776
9.777138691392066,17.050102867918188,0.1111111111111111,2.7051818909482215,2.0982246439639947,2.201007933195393
9.777138691392066,22.39554052380605,0.4444444444444444,2.515852504638749,2.1690374913301476,2.1434300304116745
9.777138691392066,22.39554052380605,0.5555555555555556,2.4438588409998663,2.159693560990057,2.1357612299560764
9.777138691392066,22.39554052380605,0.6666666666666666,2.3697508989055005,2.150611060033637,2.129197532173777
9.777138691392066,22.39554052380605,0.7777777777777777,2.293146347426004,2.141780677319664,2.123685879745528
9.777138691392066,22.39554052380605,0.8888888888888888,2.213608953997808,2.133193998999226,2.1191718512758286
9.777138691392066,22.39554052380605,1.0,2.1306348024555875,2.124843384118535,2.1156001522295247
9.777138691392066,25.068259351749983,0.0,2.7890269194079127,2.2471720340306947,2.1749152948026613
9.777138691392066,25.068259351749983,0.1111111111111111,2.728589376431733,2.2372601724535013,2.164374735510333
9.777138691392066,25.068259351749983,0.2222222222222222,2.6674220045430586,2.2275970125744724,2.1548996839458705
9.777138691392066,25.068259351749983,0.3333333333333333,2.6053310776783953,2.2181717817375377,2.1464535803959923
9.777138691392066,25.068259351749983,0.4444444444444444,2.5421113804312245,2.208974855130497,2.1389981064942796
9.777138691392066,25.068259351749983,0.5555555555555556,2.477542191217665,2.199997593164,2.1324933883962993
9.777138691392066,25.068259351749983,0.6666666666666666,2.411382756363808,2.191232206347922,2.126898248376163
9.777138691392066,25.068259351749983,0.7777777777777777,2.3433670649685565,2.1826716421997348,2.12217049016687
9.777138691392066,25.068259351749983,0.8888888888888888,2.2731977092316438,2.1743094899562188,2.1182672043650816
9.777138691392066,25.068259351749983,1.0,2.200538589804097,2.166139899785119,2.115145081549404
9.777138691392066,27.740978179693915,0.0,2.7890269194079123,2.279000022727772,2.1660483338310823
9.777138691392066,27.740978179693915,0.1111111111111111,2.733736164630246,2.269683840326095,2.1570891282195146
9.777138691392066,27.740978179693915,0.2222222222222222,2.677855520851788,2.260570970622931,2.149018581997571
9.777138691392066,27.740978179693915,0.3333333333333333,2.621237992458917,2.251653279966198,2.1418060803578785
9.777138691392066,27.740978179693915,0.4444444444444444,2.5637291069294372,2.242923430747243,2.1354199113171863
9.777138691392066,27.740978179693915,0.5555555555555556,2.505164429412977,2.2343747784445074,2.1298274212021546
9.777138691392066,27.740978179693915,0.6666666666666666,2.4453668130774124,2.226001284731375,2.124995194270943
9.777138691392066,27.740978179693915,0.7777777777777777,2.384143290214889,2.21779744368798,2.12088924830665
9.777138691392066,27.740978179693915,0.8888888888888888,2.321281498569947,2.209758218779258,2.117475238689873
9.777138691392066,27.740978179693915,1.0,2.256545526002397,2.201878988737842,2.1147186642651348
9.777138691392066,30.41369700763785,0.0,2.789026919407913,2.3059685470362172,2.1589224142082353
9.777138691392066,30.41369700763785,0.1111111111111111,2.7380755621473467,2.2972148582661953,2.151213369045036
9.777138691392066,30.41369700763785,0.2222222222222222,2.686638177859272,2.2886305494417267,2.1442546530578195
9.777138691392066,30.41369700763785,0.3333333333333333,2.6346005735022127,2.2802093193515875,2.1380205903137854
9.777138691392066,30.41369700763785,0.4444444444444444,2.581843501154282,2.2719454350417854,2.132484814405899
9.777138691392066,30.41369700763785,0.5555555555555556,2.5282410520988625,2.2638336642501993,2.1276203847470097
9.777138691392066,30.41369700763785,0.6666666666666666,2.473658905599997,2.255869217622005,2.123399915136589
9.777138691392066,30.41369700763785,0.7777777777777777,2.417952381686187,2.248047699027457,2.1197957099185207
9.777138691392066,30.41369700763785,0.8888888888888888,2.360964242552488,2.2403650626328786,2.11677990347967
9.777138691392066,30.41369700763785,1.0,2.3025221818572734,2.2328175756328927,2.114324599328131
11.040850495041381,1.0137899002545951,0.0,3.083161999364426,2.793980864322456,3.0131321112056897
11.040850495041381,1.0137899002545951,0.1111111111111111,2.7432043698003934,2.795960587075617,2.874983983159535
11.040850495041381,1.0137899002545951,0.2222222222222222,2.361032326238676,2.796964311913287,2.7462537579582245
11.040850495041381,1.0137899002545951,0.3333333333333333,1.8846140420362905,2.7973725864601806,2.624838265946357
11.040850495041381,1.0137899002545951,0.4444444444444444,1.2862392012488988,2.7973999042148594,2.510359713826587
11.040850495041381,1.0137899002545951,0.5555555555555556,1.2568816101362352,2.7971803468860394,2.4036717805806753
11.040850495041381,1.0137899002545951,0.6666666666666666,1.7027498515883563,2.796803448126443,2.306646452176581
11.040850495041381,1.0137899002545951,0.7777777777777777,2.012910921681232,2.7963316014165076,2.2219208318750567
11.040850495041381,1.0137899002545951,0.8888888888888888,2.2239631491356993,2.79580945379408,2.152414083869854
11.040850495041381,1.0137899002545951,1.0,2.3775418369410417,2.7952694139162726,2.1005692153797795
11.040850495041381,3.686508728198527,0.0,3.083161999364426,2.25393199140686,2.7782305469256485
11.040850495041381,3.686508728198527,0.1111111111111111,2.8618937349288136,2.264401411849968,2.6819765000013054
11.040850495041381,3.686508728198527,0.2222222222222222,2.631393678126355,2.2734799413365896,2.5919083662504514
11.040850495041381,3.686508728198527,0.3333333333333333,2.3806546071252295,2.2815543001465213,2.507581905292079
11.040850495041381,3.686508728198527,0.4444444444444444,2.094743816223407,2.288880094460644,2.4290241299183597
11.040850495041381,3.686508728198527,0.5555555555555556,1.750606042148979,2.2956331801611225,2.356590572683193
11.040850495041381,3.686508728198527,0.6666666666666666,1.3198099246779822,2.3019382487261795,2.290858951207126
11.040850495041381,3.686508728198527,0.7777777777777777,0.9109156491512139,2.307885817268229,2.232522288333878
11.040850495041381,3.686508728198527,0.8888888888888888,1.05594294088223,2.313542850589668,2.182268185716857
11.040850495041381,3.686508728198527,1.0,1.4135954905752817,2.3189596725944863,2.1406487953702227
11.040850495041381,6.35922755614246,0.0,3.0831619993644264,1.9829646370067449,2.6325295131508777
11.040850495041381,6.35922755614246,0.1111111111111111,2.9191940101501426,1.9865574374293111,2.560951375094599
11.040850495041381,6.35922755614246,0.2222222222222222,2.752314059015565,1.9908239122486306,2.4938113978462337
11.040850495041381,6.35922755614246,0.3333333333333333,2.5784570557430913,1.9955449139777812,2.431015299257701
11.040850495041381,6.35922755614246,0.4444444444444444,2.3929621584476637,2.0005822914780325,2.372624542279985
11.040850495041381,6.35922755614246,0.5555555555555556,2.189805639158168,2.005844619217623,2.3188050747903457
11.040850495041381,6.35922755614246,0.6666666666666666,1.9604973645601387,2.0112688242092953,2.2697837263159464
11.040850495041381,6.35922755614246,0.7777777777777777,1.6925408119008596,2.01680977315187,2.2258066899044806
11.040850495041381,6.35922755614246,0.8888888888888888,1.369445977647869,2.02243410338703,2.1870988483022873
11.040850495041381,6.35922755614246,1.0,0.9951442613770604,2.0281164316534688,2.1538256491073877
11.040850495041381,9.031946384086392,0.0,3.0831619993644264,1.9958329310812457,2.5348617403121856
11.040850495041381,9.031946384086392,0.1111111111111111,2.952967352106093,1.9855663876926473,2.479212027945045
11.040850495041381,9.031946384086392,0.2222222222222222,2.8217109689589592,1.9769843882248674,2.4269162881122988
11.040850495041381,9.031946384086392,0.3333333333333333,2.6874281945398186,1.9698144976624434,2.377961212004301
11.040850495041381,9.031946384086392,0.4444444444444444,2.5480363243542716,1.963850618641225,2.3323907782395206
11.040850495041381,9.031946384086392,0.5555555555555556,2.401129719316782,1.958931897516373,2.290284904312681
11.040850495041381,9.031946384086392,0.6666666666666666,2.2437268766948635,1.954929433758997,2.251740522585423
11.040850495041381,9.031946384086392,0.7777777777777777,2.0719156199263113,1.951737574375757,2.216854132983865
11.040850495041381,9.031946384086392,0.8888888888888888,1.8803366323832762,1.9492680270449445,2.1857057998522866
11.040850495041381,9.031946384086392,1.0,1.6615209802696895,1.9474457711119635,2.1583451400700056
11.040850495041381,11.704665212030324,0.0,3.083161999364426,2.0986169740813763,2.465773946536239
11.040850495041381,11.704665212030324,0.1111111111111111,2.975228760267439,2.0831488927768453,2.421051446908829
11.040850495041381,11.704665212030324,0.2222222222222222,2.8669081117525232,2.068974200571026,2.378947777615525
11.040850495041381,11.704665212030324,0.3333333333333333,2.7570964696127054,2.055943909707797,2.33946610485832
11.040850495041381,11.704665212030324,0.4444444444444444,2.644668107274653,2.043940465463905,2.3026319815674907
11.040850495041381,11.704665212030324,0.5555555555555556,2.5284007260942047,2.032868957807221,2.2684835211692076
11.040850495041381,11.704665212030324,0.6666666666666666,2.406893343435251,2.022651169685268,2.237062592298643
11.040850495041381,11.704665212030324,0.7777777777777777,2.278463777308257,2.0132214312625236,2.208406876298203
11.040850495041381,11.704665212030324,0.8888888888888888,2.141010256006115,2.004523663859773,2.1825428452644404
11.040850495041381,11.704665212030324,1.0,1.991817791404041,1.996509230846731,2.1594798453518145
11.040850495041381,14.377384039974256,0.0,3.0831619993644264,2.19673451100637,2.414868211938145
11.040850495041381,14.377384039974256,0.1111111111111111,2.9910021270780787,2.180756674376004,2.37798219910872
11.040850495041381,14.377384039974256,0.2222222222222222,2.8987333152037427,2.165672327026323,2.3431899871129334
11.040850495041381,14.377384039974256,0.3333333333333333,2.805672695664387,2.151396160120238,2.3104956433266337
11.040850495041381,14.377384039974256,0.4444444444444444,2.7111375698999,2.1378591278907786,2.279912167306384
11.040850495041381,14.377384039974256,0.5555555555555556,2.614412708435046,2.125004451879303,2.2514566150053543
11.040850495041381,14.377384039974256,0.6666666666666666,2.5147166422630787,2.112784765711728,2.2251457290975125
11.040850495041381,14.377384039974256,0.7777777777777777,2.4111630791559975,2.101160029081853,2.200992058705931
11.040850495041381,14.377384039974256,0.8888888888888888,2.302713148927408,2.090095974462914,2.179000606548257
11.040850495041381,14.377384039974256,1.0,2.188113121632759,2.0795629311676573,2.1591660700740767
11.040850495041381,17.050102867918188,0.0,3.083161999364426,2.275569883896351,2.3761217894863504
11.040850495041381,17.050102867918188,0.1111111111111111,3.002760360034111,2.260454932619899,2.345053853289005
11.040850495041381,17.050102867918188,0.2222222222222222,2.922372739550185,2.2459783893518144,2.315691864601875
11.040850495041381,17.050102867918188,0.3333333333333333,2.8415468718850256,2.2320867494581442,2.288037736884639
11.040850495041381,17.050102867918188,0.4444444444444444,2.759835537893199,2.2187356496116055,2.2620968319142176
11.040850495041381,17.050102867918188,0.5555555555555556,2.676780258778025,2.205887880071318,2.2378753891816086
11.040850495041381,17.050102867918188,0.6666666666666666,2.5918951475543155,2.193511906029064,2.2153782304008804
11.040850495041381,17.050102867918188,0.7777777777777777,2.5046494869587055,2.181580748039737,2.194606744767489
11.040850495041381,17.050102867918188,0.8888888888888888,2.4144475631907936,2.170071121021411,2.1755571746574747
11.040850495041381,17.050102867918188,1.0,2.32060404809434,2.158962762949702,2.158219227337583
11.040850495041381,19.72282169586212,0.0,3.0831619993644264,2.3375904895519235,2.3458355276457463
11.040850495041381,19.72282169586212,0.1111111111111111,3.0118619710008123,2.3236266905905696,2.3192107193541953
11.040850495041381,19.72282169586212,0.2222222222222222,2.940631209698891,2.310140029043942,2.293998096699033
11.040850495041381,19.72282169586212,0.3333333333333333,2.869154613270624,2.297094660752216,2.2701974641174902
11.040850495041381,19.72282169586212,0.4444444444444444,2.797122495581967,2.2844602241989898,2.2478097681359777
11.040850495041381,19.72282169586212,0.5555555555555556,2.7242216840423135,2.272210773290073,2.226835671396199
11.040850495041381,19.72282169586212,0.6666666666666666,2.650126909672675,2.26032395786514,2.2072742852566494
11.040850495041381,19.72282169586212,0.7777777777777777,2.5744918798085377,2.2487803854059143,2.1891220673917235
11.040850495041381,19.72282169586212,0.8888888888888888,2.496939439963766,2.2375631174910353,2.1723718941158294
11.040850495041381,19.72282169586212,1.0,2.417050179406172,2.226657267941752,2.1570123176865934
11.040850495041381,22.39554052380605,0.0,3.083161999364426,2.3868964236372996,2.3216305822876984
11.040850495041381,22.39554052380605,0.1111111111111111,3.019115085607429,2.3740572523186065,2.298479858328021
11.040850495041381,22.39554052380605,0.2222222222222222,2.955161097703978,2.3615884006295986,2.27651428433523
11.040850495041381,22.39554052380605,0.3333333333333333,2.891071690903083,2.349464673837011,2.2557321876069536
11.040850495041381,22.39554052380605,0.4444444444444444,2.8266232062975316,2.33766434340928,2.236132064468425
11.040850495041381,22.39554052380605,0.5555555555555556,2.761591466442038,2.326168536940402,2.217711754016039
11.040850495041381,22.39554052380605,0.6666666666666666,2.6957468116355217,2.3149607574165474,2.200467707267817
11.040850495041381,22.39554052380605,0.7777777777777777,2.6288490887707194,2.30402649995435,2.1843943560399586
11.040850495041381,22.39554052380605,0.8888888888888888,2.560642322123874,2.293352942997056,2.1694835863281887
11.040850495041381,22.39554052380605,1.0,2.4908487863128776,2.2829286970912617,2.155724320446926
11.040850495041381,25.068259351749983,0.0,3.0831619993644264,2.426766717932502,2.3019184903872953
11.040850495041381,25.068259351749983,0.1111111111111111,3.0250304366204555,2.414943127005877,2.281539211093738
11.040850495041381,25.068259351749983,0.2222222222222222,2.9670000690087406,2.4034156555855657,2.2621665705087004
11.040850495041381,25.068259351749983,0.3333333333333333,2.9089001288407377,2.392165927116918,2.2437980053936624
11.040850495041381,25.068259351749983,0.4444444444444444,2.850563655733309,2.381177853743587,2.2264307273730353
11.040850495041381,25.068259351749983,0.5555555555555556,2.7918242861246876,2.370437269060792,2.2100612257081678
11.040850495041381,25.068259351749983,0.6666666666666666,2.732513215772788,2.3599316324328052,2.194684829496235
11.040850495041381,25.068259351749983,0.7777777777777777,2.6724561880126276,2.349649788604333,2.180295331872519
11.040850495041381,25.068259351749983,0.8888888888888888,2.611470372483272,2.339581770520414,2.166884678578661
11.040850495041381,25.068259351749983,1.0,2.5493609995496316,2.3297186362611413,2.154442722680579
11.040850495041381,27.740978179693915,0.0,3.0831619993644264,2.45956447939943,2.285604401781297
11.040850495041381,27.740978179693915,0.1111111111111111,3.029946585193164,2.448635869161028,2.2674745987809684
11.040850495041381,27.740978179693915,0.2222222222222222,2.9768329901588944,2.4379497168975877,2.250208944297888
11.040850495041381,27.740978179693915,0.3333333333333333,2.9236901665021566,2.4274922157024865,2.2338044104875965
11.040850495041381,27.740978179693915,0.4444444444444444,2.8703900987987105,2.417251125705379,2.2182576058349768
11.040850495041381,27.740978179693915,0.5555555555555556,2.816805735360075,2.4072155432558695,2.2035644658412203
11.040850495041381,27.740978179693915,0.6666666666666666,2.7628090397205805,2.397375711675581,2.189719981837342
11.040850495041381,27.740978179693915,0.7777777777777777,2.708269082137247,2.387722864814619,2.1767179694041405
11.040850495041381,27.740978179693915,0.8888888888888888,2.653050098487133,2.378249096744723,2.1645508775742
11.040850495041381,27.740978179693915,1.0,2.5970094461027324,2.36894725246038,2.1532096395505325
11.040850495041381,30.41369700763785,0.0,3.0831619993644264,2.486968834376492,2.2719128898021417
11.040850495041381,30.41369700763785,0.1111111111111111,3.0340968018408208,2.4768241383222187,2.255636585038367
11.040850495041381,30.41369700763785,0.2222222222222222,2.9851302812609424,2.4668817905954357,2.2401091551806953
11.040850495041381,30.41369700763785,0.3333333333333333,2.9361596794246596,2.457131160947904,2.225327388987472
11.040850495041381,30.41369700763785,0.4444444444444444,2.887084644248711,2.4475627254597843,2.211287685204221
11.040850495041381,30.41369700763785,0.5555555555555556,2.83780584795602,2.4381679160775387,2.1979858544290005
11.040850495041381,30.41369700763785,0.6666666666666666,2.788223688286118,2.4289389953156126,2.1854169460868293
11.040850495041381,30.41369700763785,0.7777777777777777,2.7382370269036107,2.4198689511800087,2.1735751013511124
12.304562298690696,6.35922755614246,0.0,3.3060505371971503,1.9767642682824376,2.8297131558227897
12.304562298690696,6.35922755614246,0.1111111111111111,3.1423148918175907,1.972134900836548,2.7518210549096427
12.304562298690696,6.35922755614246,0.2222222222222222,2.9812094979114536,1.9699417188131152,2.678106321133356
12.304562298690696,6.35922755614246,0.3333333333333333,2.8189633994922603,1.9694588145684617,2.60809193656417
12.304562298690696,6.35922755614246,0.4444444444444444,2.652191192984147,1.970229907855458,2.541527033299632
12.304562298690696,6.35922755614246,0.5555555555555556,2.4774458099332963,1.9719514074936226,2.478324930666122
12.304562298690696,6.35922755614246,0.6666666666666666,2.2909452596703055,1.9744118973097082,2.4185248280872305
12.304562298690696,6.35922755614246,0.7777777777777777,2.088574269438527,1.9774584661370473,2.3622641462459
12.304562298690696,6.35922755614246,0.8888888888888888,1.8668606357799018,1.9809769005839253,2.3097545118481335
12.304562298690696,6.35922755614246,1.0,1.6276783300563502,1.9848795015242349,2.2612573784876697
12.304562298690696,9.031946384086392,0.0,3.3060505371971503,2.0947273181755732,2.7280701124340534
12.304562298690696,9.031946384086392,0.1111111111111111,3.175597558402654,2.074744780201171,2.666215489901265
12.304562298690696,9.031946384086392,0.2222222222222222,3.04750329065376,2.0573695576720055,2.60728094039964
12.304562298690696,9.031946384086392,0.3333333333333333,2.919801377029914,2.042135638408574,2.5510639872993544
12.304562298690696,9.031946384086392,0.4444444444444444,2.7907586191899365,2.028708202884337,2.497456214355189
12.304562298690696,9.031946384086392,0.5555555555555556,2.6587028000015605,2.016837107022081,2.4464216782351946
12.304562298690696,9.031946384086392,0.6666666666666666,2.5218976824773662,2.006329257719273,2.3979812655403747
12.304562298690696,9.031946384086392,0.7777777777777777,2.3784435772784898,1.9970313457259614,2.352200089347926
12.304562298690696,9.031946384086392,0.8888888888888888,2.2262105334574938,1.988818609054666,2.3091761789495298
12.304562298690696,9.031946384086392,1.0,2.062865302667075,1.9815872806290062,2.269029428860152
12.304562298690696,11.704665212030324,0.0,3.3060505371971503,2.2395242298630005,2.6542241951142422
12.304562298690696,11.704665212030324,0.1111111111111111,3.1976780981914423,2.2178845551143804,2.6033855861193054
11.040850495041381,30.41369700763785,0.8888888888888888,2.6877419237615006,2.4109514084754875,2.162453432596833
11.040850495041381,30.41369700763785,1.0,2.6366303281299093,2.402180553487605,2.1520439296661986
12.304562298690696,1.0137899002545951,0.0,3.3060505371971503,2.772116595293114,3.2103691943022468
12.304562298690696,1.0137899002545951,0.1111111111111111,2.9736261364333982,2.776107676947455,3.063342574225215
12.304562298690696,1.0137899002545951,0.2222222222222222,2.62857906798456,2.778318882571965,2.9283656327576977
12.304562298690696,1.0137899002545951,0.3333333333333333,2.2431008757204274,2.7795116548839416,2.801211739166789
12.304562298690696,1.0137899002545951,0.4444444444444444,1.8172397951297872,2.7800747029741903,2.679995568765991
12.304562298690696,1.0137899002545951,0.5555555555555556,1.5555037926415984,2.7802356639450276,2.56415735979673
12.304562298690696,1.0137899002545951,0.6666666666666666,1.723222228745616,2.7801395284874677,2.4541525463561267
12.304562298690696,1.0137899002545951,0.7777777777777777,1.9887967329548601,2.7798837203482996,2.3513664883699974
12.304562298690696,1.0137899002545951,0.8888888888888888,2.199302237360113,2.7795359231322236,2.258047661792158
12.304562298690696,1.0137899002545951,1.0,2.3581585817304105,2.7791440554487807,2.177093234021362
12.304562298690696,3.686508728198527,0.0,3.3060505371971507,2.1788765311338514,2.977459723312487
12.304562298690696,3.686508728198527,0.1111111111111111,3.0864883644280754,2.193315410127149,2.8744426480844734
12.304562298690696,3.686508728198527,0.2222222222222222,2.8682943344542386,2.2055759079648514,2.778012485781594
12.304562298690696,3.686508728198527,0.3333333333333333,2.6426807713923406,2.21628533978338,2.686887735058207
12.304562298690696,3.686508728198527,0.4444444444444444,2.401337029362388,2.2258540347121216,2.6004294082848105
12.304562298690696,3.686508728198527,0.5555555555555556,2.1357065644132716,2.2345604914265578,2.5184217419875083
12.304562298690696,3.686508728198527,0.6666666666666666,1.8406877967346098,2.2425995625529462,2.4409657586306848
12.304562298690696,3.686508728198527,0.7777777777777777,1.538697775425175,2.250110995150112,2.3684160985397695
12.304562298690696,3.686508728198527,0.8888888888888888,1.3524794930032797,2.2571970867158693,2.301328282200382
12.304562298690696,3.686508728198527,1.0,1.4211902256030857,2.263934024397045,2.2403973191178017
12.304562298690696,11.704665212030324,0.2222222222222222,3.0912407306540293,2.197920756655415,2.554721573802655
12.304562298690696,11.704665212030324,0.3333333333333333,2.985583968388628,2.1793931642077538,2.508137699923389
12.304562298690696,11.704665212030324,0.4444444444444444,2.8796908709486955,2.1621216581155944,2.463583594150449
12.304562298690696,11.704665212030324,0.5555555555555556,2.772606153406526,2.145967282652966,2.4210441416795043
12.304562298690696,11.704665212030324,0.6666666666666666,2.663379853763721,2.1308204176808174,2.380532349030668
12.304562298690696,11.704665212030324,0.7777777777777777,2.551020731182958,2.116592871222591,2.3420831786551077
12.304562298690696,11.704665212030324,0.8888888888888888,2.4344548267160278,2.103212423806468,2.3057478710715538
12.304562298690696,11.704665212030324,1.0,2.3124894109728005,2.090618963964746,2.2715884576657586
12.304562298690696,14.377384039974256,0.0,3.3060505371971503,2.350909813210991,2.598383251627201
12.304562298690696,14.377384039974256,0.1111111111111111,3.213387553826048,2.3309171768421817,2.555513231319892
12.304562298690696,14.377384039974256,0.2222222222222222,3.1222952268033097,2.3120396949247524,2.5143341249421116
12.304562298690696,14.377384039974256,0.3333333333333333,3.032038803935019,2.2941391804722513,2.4747985845600637
12.304562298690696,14.377384039974256,0.4444444444444444,2.9419673338611307,2.2771076842995646,2.436881870981265
12.304562298690696,14.377384039974256,0.5555555555555556,2.8514762658870496,2.260859288272088,2.400577759878527
12.304562298690696,14.377384039974256,0.6666666666666666,2.7599791755079965,2.245324508203206,2.365894977910162
12.304562298690696,14.377384039974256,0.7777777777777777,2.6668845015158578,2.230446362807182,2.3328539745882364
12.304562298690696,14.377384039974256,0.8888888888888888,2.571574855843637,2.2161775429417196,2.301483889811367
12.304562298690696,14.377384039974256,1.0,2.4733875734180106,2.2024783290942085,2.271819627558468
12.304562298690696,17.050102867918188,0.0,3.3060505371971503,2.433656567209362,2.554829504209048
12.304562298690696,17.050102867918188,0.1111111111111111,3.225130870682081,2.415686472008237,2.5179512357725997
12.304562298690696,17.050102867918188,0.2222222222222222,3.145495911011287,2.398508352959692,2.482429338016796
12.304562298690696,17.050102867918188,0.3333333333333333,3.0666496315359124,2.382035536628574,2.4482386936493885
12.304562298690696,17.050102867918188,0.4444444444444444,2.9881492108802377,2.3661980979388755,2.4153666230116158
12.304562298690696,17.050102867918188,0.5555555555555556,2.9095849515920458,2.3509388122464974,2.3838107910836275
12.304562298690696,17.050102867918188,0.6666666666666666,2.830564803266949,2.336210266701381,2.3535772889412176
12.304562298690696,17.050102867918188,0.7777777777777777,2.7507016452078608,2.3219727510352173,2.3246788389363293
12.304562298690696,17.050102867918188,0.8888888888888888,2.6696021428770815,2.3081926866012905,2.2971330831412287
12.304562298690696,17.050102867918188,1.0,2.586856399101283,2.2948414355910955,2.2709609283024355
12.304562298690696,19.72282169586212,0.0,3.30605053719715,2.4964272159484477,2.5200056969810096
12.304562298690696,19.72282169586212,0.1111111111111111,3.2342391777450215,2.480280614298066,2.487771251497527
12.304562298690696,19.72282169586212,0.2222222222222222,3.1634916326065916,2.464726004594493,2.4566507335300334
12.304562298690696,19.72282169586212,0.3333333333333333,3.093457564689802,2.4497056447255368,2.4266301916977384
12.304562298690696,19.72282169586212,0.4444444444444444,3.0238217588630594,2.4351717261143087,2.3977029146585505
12.304562298690696,19.72282169586212,0.5555555555555556,2.954292594364762,2.4210842131847,2.369868274208664
12.304562298690696,19.72282169586212,0.6666666666666666,2.884592990057853,2.4074092445462982,2.343130626557761
12.304562298690696,19.72282169586212,0.7777777777777777,2.81445293390849,2.3941179279713194,2.3174982611491384
12.304562298690696,19.72282169586212,0.8888888888888888,2.7436029973637073,2.3811854174218383,2.292982386761139
12.304562298690696,19.72282169586212,1.0,2.671768416158714,2.36859019583199,2.2695961479984104
12.304562298690696,22.39554052380605,0.0,3.3060505371971507,2.5453618931664717,2.4915882907560083
12.304562298690696,22.39554052380605,0.1111111111111111,3.2415085243402904,2.5307650904497287,2.463042057750234
12.304562298690696,22.39554052380605,0.2222222222222222,3.1778588048616543,2.516628086536878,2.4354277494258425
12.304562298690696,22.39554052380605,0.3333333333333333,3.11484492272455,2.502910602073017,2.4087373142325323
12.304562298690696,22.39554052380605,0.4444444444444444,3.052234422814445,2.4895785809164375,2.382967115793011
12.304562298690696,22.39554052380605,0.5555555555555556,2.98981186802557,2.476602961718363,2.3581172518573235
12.304562298690696,22.39554052380605,0.6666666666666666,2.9273732562884494,2.463958741425842,2.334190891682769
12.304562298690696,22.39554052380605,0.7777777777777777,2.8647213817374095,2.4516242505969803,2.311193632074629
12.304562298690696,22.39554052380605,0.8888888888888888,2.801661821272736,2.439580585091564,2.289132870896517
12.304562298690696,22.39554052380605,1.0,2.737999316306451,2.4278111550554877,2.2680171973775973
12.304562298690696,25.068259351749983,0.0,3.3060505371971507,2.5844738097170534,2.4679992629008978
12.304562298690696,25.068259351749983,0.1111111111111111,3.2474439876245587,2.5711815375989957,2.442442120286732
12.304562298690696,25.068259351749983,0.2222222222222222,3.189594993254653,2.5582570239859947,2.4176764567525177
12.304562298690696,25.068259351749983,0.3333333333333333,3.1323102784425942,2.545671124603659,2.393697471411035
12.304562298690696,25.068259351749983,0.4444444444444444,3.075413471287745,2.5333987718900657,2.370503162966218
12.304562298690696,25.068259351749983,0.5555555555555556,3.0187406822416682,2.521418239466935,2.3480939075936287
12.304562298690696,25.068259351749983,0.6666666666666666,2.9621369118425966,2.50971056733722,2.3264720414853883
12.304562298690696,25.068259351749983,0.7777777777777777,2.9054530408160955,2.4982591070966205,2.305641450679829
12.304562298690696,25.068259351749983,0.8888888888888888,2.848543224808962,2.4870491580620078,2.285607169439085
12.304562298690696,25.068259351749983,1.0,2.7912625620852043,2.4760676731689673,2.2663749881767474
12.304562298690696,27.740978179693915,0.0,3.3060505371971503,2.6164088620756187,2.44813190293769
12.304562298690696,27.740978179693915,0.1111111111111111,3.2523813850000236,2.6042193444722352,2.4250388807309395
12.304562298690696,27.740978179693915,0.2222222222222222,3.1993625320330445,2.5923308469427147,2.402626530901977
12.304562298690696,27.740978179693915,0.3333333333333333,3.1468447597086433,2.5807216429469615,2.3808919075908372
12.304562298690696,27.740978179693915,0.4444444444444444,3.094691071293031,2.5693727772579997,2.3598339000304303
12.304562298690696,27.740978179693915,0.5555555555555556,3.042773786552127,2.5582676061479206,2.3394529594904094
12.304562298690696,27.740978179693915,0.6666666666666666,2.990972146960496,2.547391430457187,2.3197508262934448
12.304562298690696,27.740978179693915,0.7777777777777777,2.9391702915450977,2.536731199724348,2.3007302595407886
12.304562298690696,27.740978179693915,0.8888888888888888,2.8872555000182367,2.5262752713445726,2.2823947711906927
12.304562298690696,27.740978179693915,1.0,2.835116625032987,2.5160132128158312,2.264748365765648
12.304562298690696,30.41369700763785,0.0,3.3060505371971507,2.642958291222133,2.4311887392263913
12.304562298690696,30.41369700763785,0.1111111111111111,3.2565526422070934,2.63170881046694,2.4101568738933508
12.304562298690696,30.41369700763785,0.2222222222222222,3.2076185363025744,2.6207103683649104,2.3897166438933
12.304562298690696,30.41369700763785,0.3333333333333333,3.1591306470943015,2.6099463603194257,2.369866193946808
12.304562298690696,30.41369700763785,0.4444444444444444,3.1109804435574104,2.599402125334068,2.350604906551498
12.304562298690696,30.41369700763785,0.5555555555555556,3.063066465632648,2.589064647869462,2.331933218896639
12.304562298690696,30.41369700763785,0.6666666666666666,3.0152926790588603,2.578922315636613,2.3138524385340116
12.304562298690696,30.41369700763785,0.7777777777777777,2.967567072842484,2.568964721083432,2.2963645599168165
12.304562298690696,30.41369700763785,0.8888888888888888,2.9198004370258497,2.5591824973655433,2.279472083245624
12.304562298690696,30.41369700763785,1.0,2.871905272745035,2.5495671817926384,2.263177836745202
13.56827410234001,1.0137899002545951,0.0,3.484560258182099,2.7483750935569797,3.378542501769197
13.56827410234001,1.0137899002545951,0.1111111111111111,3.1477477510555008,2.755239754381547,3.222780660406602
13.56827410234001,1.0137899002545951,0.2222222222222222,2.819042438651158,2.7590688459225965,3.082992177587111
13.56827410234001,1.0137899002545951,0.3333333333333333,2.475616791739023,2.7612790510660266,2.9527258766923214
13.56827410234001,1.0137899002545951,0.4444444444444444,2.1226197476741397,2.7625254589660417,2.828916020189148
13.56827410234001,1.0137899002545951,0.5555555555555556,1.8593107517872918,2.7631687669813183,2.7100626492383917
13.56827410234001,1.0137899002545951,0.6666666666666666,1.8616185924671087,2.7634289335310536,2.595656527088884
13.56827410234001,1.0137899002545951,0.7777777777777777,2.035485541188044,2.763448931158755,2.4860025926538936
13.56827410234001,1.0137899002545951,0.8888888888888888,2.21727077651676,2.7633254584089904,2.3821977465991653
13.56827410234001,1.0137899002545951,1.0,2.3672494369517585,2.7631254384238995,2.2861379566244246
13.56827410234001,3.686508728198527,0.0,3.484560258182099,2.1079304438762865,3.1468887369150376
13.56827410234001,3.686508728198527,0.1111111111111111,3.2598404603270614,2.1256867928100416,3.0388365042922922
13.56827410234001,3.686508728198527,0.2222222222222222,3.04508567269958,2.140791908175893,2.9386726260828673
13.56827410234001,3.686508728198527,0.3333333333333333,2.8310189502591117,2.1539293400874313,2.8443452951625923
13.56827410234001,3.686508728198527,0.4444444444444444,2.6111316042685546,2.1655981925951537,2.7546803394493993
13.56827410234001,3.686508728198527,0.5555555555555556,2.380738922178713,2.176151681847262,2.6690142629594056
13.56827410234001,3.686508728198527,0.6666666666666666,2.1391253414943394,2.185841356357461,2.587030309969907
13.56827410234001,3.686508728198527,0.7777777777777777,1.8984762724523527,2.1948489530781163,2.508678447050185
13.56827410234001,3.686508728198527,0.8888888888888888,1.7042093007885255,2.2033078243611603,2.4341327580081646
13.56827410234001,3.686508728198527,1.0,1.6329617835349428,2.211317279860898,2.3637632737631247
13.56827410234001,6.35922755614246,0.0,3.4845602581820985,2.021670762187423,2.999129606378061
13.56827410234001,6.35922755614246,0.1111111111111111,3.316270587900404,2.004060047880444,2.917532726954306
13.56827410234001,6.35922755614246,0.2222222222222222,3.1553779116300404,1.9914765809998283,2.8405276207934005
13.56827410234001,6.35922755614246,0.3333333333333333,2.997530110863139,1.9824233663619784,2.7673049767194784
13.56827410234001,6.35922755614246,0.4444444444444444,2.8394992550198617,1.975979993023764,2.697346089808702
13.56827410234001,6.35922755614246,0.5555555555555556,2.678595074570327,1.9715407981013156,2.6303299278479906
13.56827410234001,6.35922755614246,0.6666666666666666,2.5124432285983804,1.9686860695258748,2.566081332715529
13.56827410234001,6.35922755614246,0.7777777777777777,2.339072476316452,1.9671126176710767,2.5045401386413144
13.56827410234001,6.35922755614246,0.8888888888888888,2.157543464122818,1.9665937442212966,2.4457411457652203
13.56827410234001,6.35922755614246,1.0,1.9698217004786507,1.9669549309813517,2.3897993031578095
13.56827410234001,9.031946384086392,0.0,3.4845602581820985,2.218806178734485,2.896672426954027
13.56827410234001,9.031946384086392,0.1111111111111111,3.3501890017193308,2.1901346560212502,2.8316721900371435
13.56827410234001,9.031946384086392,0.2222222222222222,3.2212051647655477,2.164962126612673,2.7696670202737423
13.56827410234001,9.031946384086392,0.3333333333333333,3.0952435918116215,2.1425708783104063,2.710287653380653
13.56827410234001,9.031946384086392,0.4444444444444444,2.970488661116883,2.1224706529877806,2.65327965796166
13.56827410234001,9.031946384086392,0.5555555555555556,2.8454231836339496,2.1043108074547243,2.5984755409265343
13.56827410234001,9.031946384086392,0.6666666666666666,2.7186908650882837,2.08783115022086,2.545776352488297
13.56827410234001,9.031946384086392,0.7777777777777777,2.589024175828286,2.0728325507042937,2.495139047806573
13.56827410234001,9.031946384086392,0.8888888888888888,2.455228926159943,2.0591584534635348,2.4465672576302864
13.56827410234001,9.031946384086392,1.0,2.3162499642954484,2.046682775580619,2.4001039430289777
13.56827410234001,11.704665212030324,0.0,3.484560258182099,2.3808839751358923,2.821566129438203
13.56827410234001,11.704665212030324,0.1111111111111111,3.3727926058980704,2.3543126310408793,2.7678586646494705
13.56827410234001,11.704665212030324,0.2222222222222222,3.2650504319975115,2.3298615250004633,2.716264330221465
13.56827410234001,11.704665212030324,0.3333333333333333,3.1599140033706727,2.307163651521759,2.666595628071946
13.56827410234001,11.704665212030324,0.4444444444444444,3.0562596234760235,2.2859533612443963,2.6187169136645925
13.56827410234001,11.704665212030324,0.5555555555555556,2.9531426384153847,2.266032244274945,2.5725348737865326
13.56827410234001,11.704665212030324,0.6666666666666666,2.849725901934816,2.247248302713571,2.527991301923811
13.56827410234001,11.704665212030324,0.7777777777777777,2.74523400113436,2.2294826029537935,2.4850575383937312
13.56827410234001,11.704665212030324,0.8888888888888888,2.6389245566167774,2.212640378937998,2.4437300286780346
13.56827410234001,11.704665212030324,1.0,2.530074445424551,2.196644906713665,2.404026574585747
13.56827410234001,14.377384039974256,0.0,3.4845602581820985,2.4943887589977787,2.7642478572106453
13.56827410234001,14.377384039974256,0.1111111111111111,3.388918334287338,2.471157144993702,2.71867448862753
13.56827410234001,14.377384039974256,0.2222222222222222,3.2963740355742863,2.449328545439376,2.674677347849914
13.56827410234001,14.377384039974256,0.3333333333333333,3.2060119170010166,2.4286918349164033,2.632153082992249
13.56827410234001,14.377384039974256,0.4444444444444444,3.1170882569372433,2.4090868296913817,2.5910243222779004
13.56827410234001,14.377384039974256,0.5555555555555556,3.0289715703095026,2.3903891365726175,2.551236082210689
13.56827410234001,14.377384039974256,0.6666666666666666,2.9411037056515257,2.3725002790162346,2.512752677804923
13.56827410234001,14.377384039974256,0.7777777777777777,2.852973196160643,2.355341021957193,2.475555104377213
13.56827410234001,14.377384039974256,0.8888888888888888,2.7640964627509113,2.3388467192321305,2.4396387863908595
13.56827410234001,14.377384039974256,1.0,2.674004670486816,2.3229639856855573,2.405011580422513
13.56827410234001,17.050102867918188,0.0,3.4845602581820985,2.575907725555959,2.7191380737163495
13.56827410234001,17.050102867918188,0.1111111111111111,3.400994515574281,2.555560710473814,2.679675665142913
13.56827410234001,17.050102867918188,0.2222222222222222,3.3198762418801335,2.5362101160748542,2.6414379380670887
13.56827410234001,17.050102867918188,0.3333333333333333,3.240582350274874,2.51772432853725,2.6043640874047487
13.56827410234001,17.050102867918188,0.4444444444444444,3.1625954529038127,2.4999997502000415,2.568407450997022
13.56827410234001,17.050102867918188,0.5555555555555556,3.085471331791142,2.4829533535744543,2.5335340430231237
13.56827410234001,17.050102867918188,0.6666666666666666,3.008816576103868,2.466517573757356,2.4997211329158273
13.56827410234001,17.050102867918188,0.7777777777777777,2.9322726017197174,2.450636703817299,2.466955934490738
13.56827410234001,17.050102867918188,0.8888888888888888,2.855503857876571,2.4352642883319944,2.435234406127375
13.56827410234001,17.050102867918188,1.0,2.778188940259188,2.420361198914778,2.40456013964616
13.56827410234001,19.72282169586212,0.0,3.4845602581820985,2.6368153485377888,2.68275955837359
13.56827410234001,19.72282169586212,0.1111111111111111,3.410372656148078,2.618797059452543,2.6480397102906434
13.56827410234001,19.72282169586212,0.2222222222222222,3.338162985674228,2.601523117398647,2.614301216312595
13.56827410234001,19.72282169586212,0.3333333333333333,3.2674888007754013,2.58490646252752,2.5815063539212013
13.56827410234001,19.72282169586212,0.4444444444444444,3.1979759446793588,2.5688765514784224,2.5496256373094974
13.56827410234001,19.72282169586212,0.5555555555555556,3.1292996661232144,2.553375399076848,2.5186371787643007
13.56827410234001,25.068259351749983,0.8888888888888888,3.026270509197629,2.6154461721920685,2.423006983640751
13.56827410234001,25.068259351749983,1.0,2.9710931041102824,2.6036103700774595,2.400237992043939
13.56827410234001,27.740978179693915,0.0,3.4845602581820985,2.7519390386607414,2.6065764579494375
13.56827410234001,27.740978179693915,0.1111111111111111,3.4290792087373325,2.7386067409563193,2.5812487339732066
13.56827410234001,27.740978179693915,0.2222222222222222,3.3747561686476266,2.7256505532474367,2.5564938138301
13.56827410234001,27.740978179693915,0.3333333333333333,3.321401179598155,2.713038374709067,2.5323002625824182
13.56827410234001,27.740978179693915,0.4444444444444444,3.2688471531208707,2.70074263738377,2.50865884196449
13.56827410234001,27.740978179693915,0.5555555555555556,3.2169450426726964,2.688739475442814,2.4855624395094895
13.56827410234001,27.740978179693915,0.6666666666666666,3.165560094949823,2.6770080785771095,2.4630059563680646
13.56827410234001,27.740978179693915,0.7777777777777777,3.11456888733893,2.665530182305463,2.440986171895442
13.56827410234001,27.740978179693915,0.8888888888888888,3.0638569468367187,2.6542896616011635,2.4195015953632244
13.56827410234001,27.740978179693915,1.0,3.0133168051316885,2.643272203515298,2.398552310585377
13.56827410234001,30.41369700763785,0.0,3.4845602581820985,2.777272896201376,2.588355553291491
13.56827410234001,30.41369700763785,0.1111111111111111,3.433384709355444,2.7650115490014677,2.5651644500735884
13.56827410234001,30.41369700763785,0.2222222222222222,3.383204040479939,2.753063042399947,2.542466566458398
13.56827410234001,30.41369700763785,0.3333333333333333,3.3338683863835175,2.7414029891298797,2.5202537348720786
13.56827410234001,30.41369700763785,0.4444444444444444,3.285244661334269,2.7300101647013593,2.4985193127742935
13.56827410234001,30.41369700763785,0.5555555555555556,3.2372132792186172,2.7188659713543406,2.477258145586219
13.56827410234001,30.41369700763785,0.6666666666666666,3.1896655567254797,2.7079540123395804,2.456466499798609
13.56827410234001,30.41369700763785,0.7777777777777777,3.142501626405509,2.697259750182644,2.4361419779307893
13.56827410234001,30.41369700763785,0.8888888888888888,3.0956287352786447,2.6867702296773763,2.41628342245165
13.56827410234001,30.41369700763785,1.0,3.0489598383967795,2.6764738513329314,2.396890812947893
13.56827410234001,19.72282169586212,0.6666666666666666,3.0611711130882724,2.5383547491200473,2.4885259924908074
13.56827410234001,19.72282169586212,0.7777777777777777,2.9933273640421305,2.5237740059629443,2.4592833012729316
13.56827410234001,19.72282169586212,0.8888888888888888,2.9255238589204793,2.509598692296692,2.43090586654185
13.56827410234001,19.72282169586212,1.0,2.8575285134369297,2.49579927933854,2.403395344283139
13.56827410234001,22.39554052380605,0.0,3.484560258182099,2.6839265411353495,2.652833240893297
13.56827410234001,22.39554052380605,0.1111111111111111,3.417864076592826,2.667786648698925,2.6218903595067884
13.56827410234001,22.39554052380605,0.2222222222222222,3.3527972117631717,2.6522239688115254,2.5917529713363
13.56827410234001,22.39554052380605,0.3333333333333333,3.289034600065536,2.6371782005874986,2.5623966191986742
13.56827410234001,22.39554052380605,0.4444444444444444,3.226297105496164,2.6225993321104446,2.5338019180497433
13.56827410234001,22.39554052380605,0.5555555555555556,3.1643399998546196,2.608445399816463,2.505954261582697
13.56827410234001,22.39554052380605,0.6666666666666666,3.1029444523610294,2.594680832183375,2.4788434615778616
13.56827410234001,22.39554052380605,0.7777777777777777,3.041911079188833,2.581275202693172,2.452463362656181
13.56827410234001,22.39554052380605,0.8888888888888888,2.981054936329532,2.568202275678214,2.4268114519905573
13.56827410234001,22.39554052380605,1.0,2.9202015473140417,2.55543926564287,2.4018884715573545
13.56827410234001,25.068259351749983,0.0,3.484560258182099,2.72141351389728,2.6278042601996976
13.56827410234001,25.068259351749983,0.1111111111111111,3.4239849592175196,2.7068083243537684,2.5999334820944084
13.56827410234001,25.068259351749983,0.2222222222222222,3.3647737611190673,2.6926637863899936,2.5727366604649835
13.56827410234001,25.068259351749983,0.3333333333333333,3.306681061401845,2.6789365639800553,2.5461973368337754
13.56827410234001,25.068259351749983,0.4444444444444444,3.249493205591418,2.665590024521923,2.520302325388331
13.56827410234001,25.068259351749983,0.5555555555555556,3.1930211605681578,2.65259290354127,2.49504157178925
13.56827410234001,25.068259351749983,0.6666666666666666,3.137094953964103,2.6399182895951028,2.470407956655446
13.56827410234001,25.068259351749983,0.7777777777777777,3.0815593637148435,2.6275428408425676,2.446397071757095
14.831985905989326,1.0137899002545951,0.0,3.6331425418760186,2.72253105074709,3.5240922341393026
14.831985905989326,1.0137899002545951,0.1111111111111111,3.285185593946307,2.733337028814895,3.3590370624366663
14.831985905989326,1.0137899002545951,0.2222222222222222,2.9629706820278727,2.739233144456546,3.214662377158479
14.831985905989326,1.0137899002545951,0.3333333333333333,2.641999008880407,2.7426981130311194,3.081971360205073
14.831985905989326,1.0137899002545951,0.4444444444444444,2.327325826643197,2.744771130393832,2.9568255528561456
14.831985905989326,1.0137899002545951,0.5555555555555556,2.0820539395454833,2.745992253988312,2.837039595216769
14.831985905989326,1.0137899002545951,0.6666666666666666,2.018368968374885,2.7466779445996647,2.721492116993151
14.831985905989326,1.0137899002545951,0.7777777777777777,2.1175618139004024,2.7470277939552545,2.6098120891876246
14.831985905989326,1.0137899002545951,0.8888888888888888,2.261972198532214,2.7471735491194105,2.502290677304372
14.831985905989326,1.0137899002545951,1.0,2.395433781502772,2.7472045256065747,2.3998931105247356
14.831985905989326,3.686508728198527,0.0,3.6331425418760186,2.048251222664727,3.2916581856370364
14.831985905989326,3.686508728198527,0.1111111111111111,3.399254534143895,2.0662998690682834,3.178945691863704
14.831985905989326,3.686508728198527,0.2222222222222222,3.1833986296529297,2.0826196168343136,3.0758095858108776
14.831985905989326,3.686508728198527,0.3333333333333333,2.9743873326467796,2.097168546856844,2.979428493572074
14.831985905989326,3.686508728198527,0.4444444444444444,2.7658501442508303,2.1102418475522575,2.8881704931862977
14.831985905989326,3.686508728198527,0.5555555555555556,2.554252499224766,2.1221350419109086,2.801035284275155
14.831985905989326,3.686508728198527,0.6666666666666666,2.339860323203628,2.1330882442969297,2.717413627410696
14.831985905989326,3.686508728198527,0.7777777777777777,2.1310865608874314,2.1432866395596024,2.63697172210705
14.831985905989326,3.686508728198527,0.8888888888888888,1.9525976974628887,2.1528711755882752,2.559592744367993
14.831985905989326,3.686508728198527,1.0,1.8461079532996343,2.1619491496830854,2.485346584182928
14.831985905989326,6.35922755614246,0.0,3.6331425418760186,2.1063844733654737,3.1435813173586817
14.831985905989326,6.35922755614246,0.1111111111111111,3.4574750361402997,2.0738388641046526,3.0591213948663833
14.831985905989326,6.35922755614246,0.2222222222222222,3.293844772426651,2.0491348720083216,2.979929004192365
14.831985905989326,6.35922755614246,0.3333333333333333,3.1367636921565074,2.029872260226135,2.9049092079367504
14.831985905989326,6.35922755614246,0.4444444444444444,2.9826701697004094,2.0146259505687696,2.833329835787131
14.831985905989326,6.35922755614246,0.5555555555555556,2.828990576694216,2.0024776757075466,2.764693576935144
14.831985905989326,6.35922755614246,0.6666666666666666,2.6737945161762364,1.99279934863024,2.698667233410852
14.831985905989326,6.35922755614246,0.7777777777777777,2.515790941936698,1.985140858156801,2.6350406148612517
14.831985905989326,6.35922755614246,0.8888888888888888,2.35469244961621,1.9791671035903304,2.573701663644837
14.831985905989326,6.35922755614246,1.0,2.1921679392517754,1.974620483723709,2.5146207545236288
14.831985905989326,9.031946384086392,0.0,3.6331425418760186,2.348114660168088,3.040802453666881
14.831985905989326,9.031946384086392,0.1111111111111111,3.4926877239156044,2.3120872823620937,2.973749532981729
14.831985905989326,9.031946384086392,0.2222222222222222,3.3606182814757877,2.280508240532752,2.909969626867083
14.831985905989326,9.031946384086392,0.3333333333333333,3.233893002187455,2.2523352134427737,2.8489687355605486
14.831985905989326,9.031946384086392,0.4444444444444444,3.110392803957899,2.2268868183875514,2.7903830868001505
14.831985905989326,9.031946384086392,0.5555555555555556,2.9885161163883693,2.2036928164136422,2.733946705923962
14.831985905989326,9.031946384086392,0.6666666666666666,2.8669778914590456,2.1824150563776183,2.6794690418712843
14.831985905989326,9.031946384086392,0.7777777777777777,2.7447116920840164,2.162802238178574,2.6268197082894567
14.831985905989326,9.031946384086392,0.8888888888888888,2.620840874721796,2.144662393700955,2.5759179473088625
14.831985905989326,9.031946384086392,1.0,2.4947181220573516,2.1278453244761995,2.5267251605717
14.831985905989326,11.704665212030324,0.0,3.633142541876018,2.5133313237394024,2.9652964006654856
14.831985905989326,11.704665212030324,0.1111111111111111,3.516230460993922,2.482549948308805,2.909946627868904
14.831985905989326,11.704665212030324,0.2222222222222222,3.4054306298750485,2.4544277312347145,2.8568143247150406
14.831985905989326,11.704665212030324,0.3333333333333333,3.2989000895933147,2.4284321378154083,2.8056499161957116
14.831985905989326,11.704665212030324,0.4444444444444444,3.195285967298645,2.4041902607750125,2.7562568746639475
14.831985905989326,11.704665212030324,0.5555555555555556,3.0935351191588065,2.3814308143078318,2.708483447178766
14.831985905989326,11.704665212030324,0.6666666666666666,2.9927869933087514,2.359950456213644,2.662215303575338
14.831985905989326,11.704665212030324,0.7777777777777777,2.892310742424801,2.339593050650586,2.6173696525470738
14.831985905989326,11.704665212030324,0.8888888888888888,2.791469093768707,2.3202362900845874,2.573890662479425
14.831985905989326,11.704665212030324,1.0,2.6897016999083903,2.301782731519173,2.531745888172059
14.831985905989326,14.377384039974256,0.0,3.633142541876018,2.6240760109005894,2.90751384439049
14.831985905989326,14.377384039974256,0.1111111111111111,3.533057753344692,2.5979569144651813,2.860528136287345
14.831985905989326,14.377384039974256,0.2222222222222222,3.4376018844515004,2.573597513031153,2.8151421825578464
14.831985905989326,14.377384039974256,0.3333333333333333,3.345580813738586,2.5506927590062896,2.771218281846687
14.831985905989326,14.377384039974256,0.4444444444444444,3.2560820015601952,2.5290174824826788,2.7286426546762486
14.831985905989326,14.377384039974256,0.5555555555555556,3.168377158980041,2.5084006685977513,2.6873237324155
14.831985905989326,14.377384039974256,0.6666666666666666,3.081862807306229,2.488709395040413,2.6471897823132955
14.831985905989326,14.377384039974256,0.7777777777777777,2.9960223932338703,2.4698383495016354,2.6081865964494684
14.831985905989326,14.377384039974256,0.8888888888888888,2.9104016230592724,2.4517027371076976,2.570275453330305
14.831985905989326,14.377384039974256,1.0,2.8245926871978626,2.4342333346885736,2.533431374228585
14.831985905989326,17.050102867918188,0.0,3.6331425418760186,2.7024298729917864,2.861901952500764
14.831985905989326,17.050102867918188,0.1111111111111111,3.5456738873215365,2.679890688451213,2.821168885664525
14.831985905989326,17.050102867918188,0.2222222222222222,3.461821727320934,2.658599967681698,2.781645260223928
14.831985905989326,17.050102867918188,0.3333333333333333,3.3807712782194357,2.63836859054991,2.743249550310152
14.831985905989326,17.050102867918188,0.4444444444444444,3.3018797998357425,2.6190511881620973,2.7059119699375733
14.831985905989326,17.050102867918188,0.5555555555555556,3.224623231525089,2.6005335354760026,2.6695745341315233
14.831985905989326,17.050102867918188,0.6666666666666666,3.148561558476305,2.58272421545078,2.634190393906796
14.831985905989326,17.050102867918188,0.7777777777777777,3.073315502747921,2.565548916566909,2.599722941972576
14.831985905989326,17.050102867918188,0.8888888888888888,2.998550421804162,2.5489464187131436,2.566144893605089
14.831985905989326,17.050102867918188,1.0,2.923965054804508,2.5328656977828725,2.533437419557366
14.831985905989326,19.72282169586212,0.0,3.6331425418760186,2.7606051216186525,2.8250060802976478
14.831985905989326,19.72282169586212,0.1111111111111111,3.5554786544640438,2.7408205725822024,2.7891110416753118
14.831985905989326,19.72282169586212,0.2222222222222222,3.480713044830695,2.721966460457224,2.754163674279076
14.831985905989326,19.72282169586212,0.3333333333333333,3.4082664574456136,2.7039183974237244,2.7201128463996
14.831985905989326,19.72282169586212,0.4444444444444444,3.337670120454702,2.686577678120845,2.6869136203906008
14.831985905989326,19.72282169586212,0.5555555555555556,3.268534741526234,2.6698646019965957,2.6545277136287386
14.831985905989326,19.72282169586212,0.6666666666666666,3.2005294004219653,2.6537138508336287,2.622923418530194
14.831985905989326,19.72282169586212,0.7777777777777777,3.1333667420988616,2.6380712017647734,2.5920752838910777
14.831985905989326,19.72282169586212,0.8888888888888888,3.0667923366018712,2.62289113529817,2.5619637028404596
14.831985905989326,19.72282169586212,1.0,3.000576901771555,2.608135059552007,2.5325744761421913
14.831985905989326,22.39554052380605,0.0,3.6331425418760186,2.8054689713404106,2.794563103422915
14.831985905989326,22.39554052380605,0.1111111111111111,3.563314781676818,2.7878506227955295,2.7625148167338787
14.831985905989326,22.39554052380605,0.2222222222222222,3.495858951183755,2.7709515955320807,2.731230168126172
14.831985905989326,22.39554052380605,0.3333333333333333,3.430349280097194,2.7546862137283923,2.7006755131920213
14.831985905989326,22.39554052380605,0.4444444444444444,3.3664339249999315,2.7389847293295695,2.6708206896239024
14.831985905989326,22.39554052380605,0.5555555555555556,3.3038160606823017,2.723789558030034,2.641639489718657
14.831985905989326,22.39554052380605,0.6666666666666666,3.2422404991385907,2.7090525741484592,2.6131097647319557
14.831985905989326,22.39554052380605,0.7777777777777777,3.181483983281449,2.694733123953492,2.5852133406070106
14.831985905989326,22.39554052380605,0.8888888888888888,3.1213479972324962,2.6807965387350383,2.5579358402796566
14.831985905989326,22.39554052380605,1.0,3.061653350126492,2.667213003264948,2.5312664631095916
14.831985905989326,25.068259351749983,0.0,3.6331425418760186,2.841114074114434,2.769028507959923
14.831985905989326,25.068259351749983,0.1111111111111111,3.5697195066337435,2.825238145974215,2.740107000527717
14.831985905989326,25.068259351749983,0.2222222222222222,3.5082719444236417,2.809934381262879,2.711814752912615
14.831985905989326,25.068259351749983,0.3333333333333333,3.448478155503451,2.795141536814354,2.6841287134600638
14.831985905989326,25.068259351749983,0.4444444444444444,3.3900676383077006,2.7808086999392416,2.657027901972426
14.831985905989326,25.068259351749983,0.5555555555555556,3.3328090745075807,2.766893055311722,2.6304937997875912
14.831985905989326,25.068259351749983,0.6666666666666666,3.2765015500419183,2.753358229315854,2.604510495227079
14.831985905989326,25.068259351749983,0.7777777777777777,3.2209680073200646,2.740173040541017,2.579064691548111
14.831985905989326,25.068259351749983,0.8888888888888888,3.1660502730838767,2.7273105418921157,2.5541456384413705
14.831985905989326,25.068259351749983,1.0,3.111605224380844,2.7147472758279356,2.529745021962655
14.831985905989326,27.740978179693915,0.0,3.6331425418760186,2.8701172781408473,2.7473124138672356
14.831985905989326,27.740978179693915,0.1111111111111111,3.5750512766953246,2.8556713123035267,2.7209792273912807
14.831985905989326,27.740978179693915,0.2222222222222222,3.5186298366079347,2.841690943609593,2.695174096768235
14.831985905989326,27.740978179693915,0.3333333333333333,3.4636294632806828,2.8281310368168366,2.669880673617886
14.831985905989326,27.740978179693915,0.4444444444444444,3.409837906589052,2.814953410976024,2.645083906296761
14.831985905989326,27.740978179693915,0.5555555555555556,3.357071517611746,2.802125456488978,2.6207703401494595
14.831985905989326,27.740978179693915,0.6666666666666666,3.3051693139128195,2.7896190825451193,2.5969282553118105
14.831985905989326,27.740978179693915,0.7777777777777777,3.2539884475571186,2.7774099041103613,2.5735477070141144
14.831985905989326,27.740978179693915,0.8888888888888888,3.2034006906083876,2.7654766055832596,2.550620507453281
14.831985905989326,27.740978179693915,1.0,3.1532896724650166,2.753800436798799,2.5281401729539894
14.831985905989326,30.41369700763785,0.0,3.6331425418760186,2.894178355751246,2.72862403724248
14.831985905989326,30.41369700763785,0.1111111111111111,3.5795582979245375,2.8809262971432377,2.704466529885533
14.831985905989326,30.41369700763785,0.2222222222222222,3.5274035008290068,2.8680602558700596,2.6807588813729852
14.831985905989326,30.41369700763785,0.3333333333333333,3.4764819694177453,2.8555461067218064,2.6574891478077483
14.831985905989326,30.41369700763785,0.4444444444444444,3.4266242163506067,2.843354555585956,2.634646235374754
14.831985905989326,30.41369700763785,0.5555555555555556,3.377682084638509,2.8314602511604816,2.612220125565396
14.831985905989326,30.41369700763785,0.6666666666666666,3.32952462896524,2.8198410936049583,2.5902019915724566
14.831985905989326,30.41369700763785,0.7777777777777777,3.2820349062182603,2.808477689750345,2.5685842459997534
14.831985905989326,30.41369700763785,0.8888888888888888,3.235107441137849,2.797352918941114,2.547360545132134
14.831985905989326,30.41369700763785,1.0,3.188646201074937,2.7864515835085677,2.5265257657890188
16.09569770963864,1.0137899002545951,0.0,3.7602783874017938,2.694339922650562,3.652032784202819
16.09569770963864,1.0137899002545951,0.1111111111111111,3.396937808516838,2.710388492422157,3.4770616773890697
16.09569770963864,1.0137899002545951,0.2222222222222222,3.076025282462754,2.718833184058327,3.3280594954326412
16.09569770963864,1.0137899002545951,0.3333333333333333,2.7680128889313065,2.7237902102383016,3.1930799645547454
16.09569770963864,1.0137899002545951,0.4444444444444444,2.476411780692821,2.7268265049173936,3.0669265294055204
16.09569770963864,1.0137899002545951,0.5555555555555556,2.2470857272341087,2.7287136308589455,2.946844083316221
16.09569770963864,1.0137899002545951,0.6666666666666666,2.1571344546540874,2.7298875074306257,2.8312817824932215
16.09569770963864,1.0137899002545951,0.7777777777777777,2.208068537421204,2.730615638096246,2.719441205973891
16.09569770963864,1.0137899002545951,0.8888888888888888,2.3189601791622123,2.7310707321555987,2.6111116162556183
16.09569770963864,1.0137899002545951,1.0,2.434155069692256,2.7313676890043563,2.506636675132596
16.09569770963864,3.686508728198527,0.0,3.7602783874017938,2.0098214898238456,3.4168322537653437
16.09569770963864,3.686508728198527,0.1111111111111111,3.514639339457983,2.021561118207844,3.2995285710287607
16.09569770963864,3.686508728198527,0.2222222222222222,3.2951695696503593,2.035604543161155,3.1936450803021788
16.09569770963864,3.686508728198527,0.3333333333333333,3.0877698013646824,2.0494209241143992,3.0955724938015776
16.09569770963864,3.686508728198527,0.4444444444444444,2.8854647397039175,2.0624533812429715,3.003256684562478
16.09569770963864,3.686508728198527,0.5555555555555556,2.6849243008563226,2.07464799191972,2.9154201573794154
16.09569770963864,3.686508728198527,0.6666666666666666,2.4865107493939873,2.0860837315628444,2.8312371134321737
16.09569770963864,3.686508728198527,0.7777777777777777,2.296604024101418,2.096864866181425,2.7501785213897074
16.09569770963864,3.686508728198527,0.8888888888888888,2.1314907213256284,2.107088885788191,2.6719327161963786
16.09569770963864,3.686508728198527,1.0,2.017379158141663,2.116838394064889,2.5963636952696345
16.09569770963864,6.35922755614246,0.0,3.7602783874017938,2.213503078291563,3.267675128420974
16.09569770963864,6.35922755614246,0.1111111111111111,3.575402192616909,2.166613503678175,3.1806968806212015
16.09569770963864,6.35922755614246,0.2222222222222222,3.4073501453690223,2.1302686521465066,3.099720249406036
16.09569770963864,6.35922755614246,0.3333333333333333,3.24905007831136,2.1010719438150782,3.0234087126209443
16.09569770963864,6.35922755614246,0.4444444444444444,3.0963321597946747,2.077094179696493,2.9508537990745163
16.09569770963864,6.35922755614246,0.5555555555555556,2.9464577670333703,2.0571280054787433,2.881420574961491
16.09569770963864,6.35922755614246,0.6666666666666666,2.7975786146287613,2.0403648109578083,2.8146593085749423
16.09569770963864,6.35922755614246,0.7777777777777777,2.6486135967833575,2.026234346770192,2.750253557105086
16.09569770963864,6.35922755614246,0.8888888888888888,2.499435897007019,2.0143173178657756,2.6879886440847134
16.09569770963864,6.35922755614246,1.0,2.3514148409674585,2.0042943960915234,2.627732018428587
16.09569770963864,9.031946384086392,0.0,3.7602783874017938,2.4730485858902638,3.164373117373204
16.09569770963864,9.031946384086392,0.1111111111111111,3.612335678418002,2.4306344237080006,3.095739257216546
16.09569770963864,9.031946384086392,0.2222222222222222,3.475899602216481,2.393736339679527,3.030692389015016
16.09569770963864,9.031946384086392,0.3333333333333333,3.3470147404850463,2.3609098783449727,2.9686579750254123
16.09569770963864,9.031946384086392,0.4444444444444444,3.223115674292191,2.331247150484546,2.9091939145192205
16.09569770963864,9.031946384086392,0.5555555555555556,3.1023937372347237,2.3041397658720144,2.851962851143305
16.09569770963864,9.031946384086392,0.6666666666666666,2.983499714785412,2.2791605519393205,2.7967085672139302
16.09569770963864,9.031946384086392,0.7777777777777777,2.865399749204888,2.25599861974825,2.7432386516672436
16.09569770963864,9.031946384086392,0.8888888888888888,2.747318125001037,2.234421097105269,2.691412194878554
16.09569770963864,9.031946384086392,1.0,2.6287462411350373,2.2142493067257196,2.6411310850178777
16.09569770963864,11.704665212030324,0.0,3.7602783874017938,2.634623236876716,3.0885463933111845
16.09569770963864,11.704665212030324,0.1111111111111111,3.6370895507004053,2.5999875294452504,3.0320879211624865
16.09569770963864,11.704665212030324,0.2222222222222222,3.5221940683380515,2.568647060138562,2.977982521448104
16.09569770963864,11.704665212030324,0.3333333333333333,3.413185903622858,2.5398644403033375,2.925953063017188
16.09569770963864,11.704665212030324,0.4444444444444444,3.3083962323679676,2.5131391717601135,2.8757661051524126
16.09569770963864,11.704665212030324,0.5555555555555556,3.206594804171542,2.4881156971318936,2.8272310519657786
16.09569770963864,11.704665212030324,0.6666666666666666,3.106830717355843,2.4645324564086017,2.7801949511456217
16.09569770963864,11.704665212030324,0.7777777777777777,3.008342583011731,2.442191647111656,2.734537026490657
16.09569770963864,11.704665212030324,0.8888888888888888,2.9105074834670988,2.4209402846094368,2.6901639810190177
16.09569770963864,11.704665212030324,1.0,2.8128148834443936,2.400657818595768,2.64700621068554
16.09569770963864,14.377384039974256,0.0,3.7602783874017938,2.7407072156183854,3.0305219643093677
16.09569770963864,14.377384039974256,0.1111111111111111,3.6548055286511447,2.711835942081815,2.9826863696951254
16.09569770963864,14.377384039974256,0.2222222222222222,3.5555645656641626,2.685145022663881,2.9365041547558697
16.09569770963864,14.377384039974256,0.3333333333333333,3.460994561430339,2.6602135303541328,2.8918287582613726
16.09569770963864,14.377384039974256,0.4444444444444444,3.36995695876882,2.636738821823715,2.848528065900455
16.09569770963864,14.377384039974256,0.5555555555555556,3.2815827336439516,2.6144957949735703,2.8064883533378437
16.09569770963864,14.377384039974256,0.6666666666666666,3.1951833757407586,2.593312429754516,2.7656142326935256
16.09569770963864,14.377384039974256,0.7777777777777777,3.110196382125402,2.5730543294710633,2.7258272913650172
16.09569770963864,14.377384039974256,0.8888888888888888,3.0261508828741492,2.5536145366218954,2.6870644289163015
16.09569770963864,14.377384039974256,1.0,2.9426459783575583,2.5349065900741663,2.649276260355446
16.09569770963864,17.050102867918188,0.0,3.7602783874017938,2.815281297279509,2.9847013205126642
16.09569770963864,17.050102867918188,0.1111111111111111,3.668097493265935,2.7906031802757925,2.943270567707727
16.09569770963864,17.050102867918188,0.2222222222222222,3.5807573226806144,2.7674687613591256,2.903063250173749
16.09569770963864,17.050102867918188,0.3333333333333333,3.4971927569329706,2.7456181906676633,2.863995776160476
16.09569770963864,17.050102867918188,0.4444444444444444,3.416595967201848,2.7248562062574186,2.8259888128682875
16.09569770963864,17.050102867918188,0.5555555555555556,3.338332643346307,2.705032217972106,2.78897115840533
16.09569770963864,17.050102867918188,0.6666666666666666,3.2618898229677495,2.686027573507752,2.752880913594874
16.09569770963864,17.050102867918188,0.7777777777777777,3.186842040090282,2.667747089233791,2.7176654968139227
16.09569770963864,17.050102867918188,0.8888888888888888,3.1128286923126653,2.6501132299666277,2.683281186222651
16.09569770963864,17.050102867918188,1.0,3.0395386518980567,2.6330619970773963,2.6496924985416492
16.09569770963864,19.72282169586212,0.0,3.7602783874017938,2.8705217220811376,2.9476126320906255
16.09569770963864,19.72282169586212,0.1111111111111111,3.67843165433492,2.8489905895161893,2.9111151845116834
16.09569770963864,19.72282169586212,0.2222222222222222,3.6004468344310974,2.8286063826510963,2.8755597759630356
16.09569770963864,19.72282169586212,0.3333333333333333,3.525567129087854,2.809198958830029,2.8408956117952067
16.09569770963864,19.72282169586212,0.4444444444444444,3.4532004700230403,2.7906359507242815,2.807072559410294
16.09569770963864,19.72282169586212,0.5555555555555556,3.382870908354759,2.7728122563404667,2.774044109625699
16.09569770963864,19.72282169586212,0.6666666666666666,3.3141866939248192,2.755642970989586,2.7417686328741637
16.09569770963864,19.72282169586212,0.7777777777777777,3.246818604225553,2.739058484715889,2.710209795509718
16.09569770963864,19.72282169586212,0.8888888888888888,3.1804848364884757,2.723000991210747,2.679336564402317
16.09569770963864,19.72282169586212,1.0,3.114940270027082,2.7074219449056036,2.649123016733229
16.09569770963864,22.39554052380605,0.0,3.7602783874017938,2.913086789989829,2.916986458076358
16.09569770963864,22.39554052380605,0.1111111111111111,3.6866927249216634,2.8939950817271365,2.884398946947471
16.09569770963864,22.39554052380605,0.2222222222222222,3.616256175670619,2.8757870043918623,2.8525597915149987
16.09569770963864,22.39554052380605,0.3333333333333333,3.5484129492275454,2.85834589007692,2.821436415478509
16.09569770963864,22.39554052380605,0.4444444444444444,3.4827171607811223,2.841578406483967,2.790995702883193
16.09569770963864,22.39554052380605,0.5555555555555556,3.4188032356290403,2.8254086576027393,2.7612061148542155
16.09569770963864,22.39554052380605,0.6666666666666666,3.3563656221945046,2.809774049292789,2.732038741124307
16.09569770963864,22.39554052380605,0.7777777777777777,3.2951445018187457,2.7946223193206268,2.7034677760895214
16.09569770963864,22.39554052380605,0.8888888888888888,3.2349154913971727,2.779909357594307,2.6754706819141774
16.09569770963864,22.39554052380605,1.0,3.17548208702469,2.7655975761417504,2.6480281827582064
16.09569770963864,25.068259351749983,0.0,3.7602783874017938,2.9468979901074674,2.891276153740606
16.09569770963864,25.068259351749983,0.1111111111111111,3.693445556564018,2.9297499815995005,2.8618596579990276
16.09569770963864,25.068259351749983,0.2222222222222222,3.6292276503418015,2.913302368660844,2.833052659350593
16.09569770963864,25.068259351749983,0.3333333333333333,3.567205146777237,2.8974721157498404,2.804833272265364
16.09569770963864,25.068259351749983,0.4444444444444444,3.5070344316632065,2.882191261844826,2.777178756926027
16.09569770963864,25.068259351749983,0.5555555555555556,3.448429030258161,2.8674034359543574,2.750067004488313
16.09569770963864,25.068259351749983,0.6666666666666666,3.391146277340108,2.8530613301051164,2.723477351238411
16.09569770963864,25.068259351749983,0.7777777777777777,3.3349776342920006,2.839124829565946,2.697391004533818
16.09569770963864,25.068259351749983,0.8888888888888888,3.279741518044777,2.8255596046266698,2.671791242014132
16.09569770963864,25.068259351749983,1.0,3.225277903166009,2.8123360332327096,2.6466634782001477
16.09569770963864,27.740978179693915,0.0,3.7602783874017938,2.974410346127916,2.8693912643399857
16.09569770963864,27.740978179693915,0.1111111111111111,3.699067405935253,2.9588466600265724,2.8425956733674163
16.09569770963864,27.740978179693915,0.2222222222222222,3.6400612235622467,2.9438509771250114,2.816306640044608
16.09569770963864,27.740978179693915,0.3333333333333333,3.5829357758868405,2.9293623558398627,2.7905088569838616
16.09569770963864,27.740978179693915,0.4444444444444444,3.527420988854294,2.9153299622440483,2.765186168223117
16.09569770963864,27.740978179693915,0.5555555555555556,3.473288453209172,2.9017109217741095,2.7403226112296055
16.09569770963864,27.740978179693915,0.6666666666666666,3.4203424059349903,2.888468715807783,2.715903029348896
16.09569770963864,27.740978179693915,0.7777777777777777,3.368413006125155,2.875571964942333,2.691913422082612
16.09569770963864,27.740978179693915,0.8888888888888888,3.3173512381475,2.8629934919818885,2.668341133800937
16.09569770963864,27.740978179693915,1.0,3.267024992533569,2.8507095906100632,2.6451749423319715
16.09569770963864,30.41369700763785,0.0,3.7602783874017933,2.997238486808398,2.85054094144498
16.09569770963864,30.41369700763785,0.1111111111111111,3.70381968840785,2.9829907309560393,2.825946176700304
16.09569770963864,30.41369700763785,0.2222222222222222,3.649244365047685,2.9692123678429327,2.801779507794674
16.09569770963864,30.41369700763785,0.3333333333333333,3.5962971100868564,2.9558575038160337,2.778029846295737
16.09569770963864,30.41369700763785,0.4444444444444444,3.544761999463496,2.94288723978481,2.754685363601151
16.09569770963864,30.41369700763785,0.5555555555555556,3.4944541492538588,2.930268297397719,2.731734227529815
16.09569770963864,30.41369700763785,0.6666666666666666,3.445213454773312,2.9179719682764658,2.7091650588594405
16.09569770963864,30.41369700763785,0.7777777777777777,3.396899816953113,2.9059732991614475,2.6869672093411796
16.09569770963864,30.41369700763785,0.8888888888888888,3.349389450772313,2.894250452072713,2.6651309248591297
16.09569770963864,30.41369700763785,1.0,3.3025719944096688,2.882784196126563,2.643647434218387
17.359409513287954,1.0137899002545951,0.0,3.8713261872679103,2.6635347622460217,3.766037414141021
17.359409513287954,1.0137899002545951,0.1111111111111111,3.489736152211624,2.6863900216509515,3.580627390021078
17.359409513287954,1.0137899002545951,0.2222222222222222,3.167208147815804,2.69789074657156,3.426946565330668
17.359409513287954,1.0137899002545951,0.3333333333333333,2.8669754274994657,2.7045734482225527,3.2896811283170453
17.359409513287954,1.0137899002545951,0.4444444444444444,2.5905335140460077,2.708701631601944,3.1625644341582353
17.359409513287954,1.0137899002545951,0.5555555555555556,2.373731144891132,2.7113352690565846,3.0423272922985825
17.359409513287954,1.0137899002545951,0.6666666666666666,2.273125005121114,2.713053548722773,2.9270818916761674
17.359409513287954,1.0137899002545951,0.7777777777777777,2.2942970540313232,2.7142031215530493,2.8157348680452667
17.359409513287954,1.0137899002545951,0.8888888888888888,2.378928134557122,2.7150033176652166,2.707752967350989
17.359409513287954,1.0137899002545951,1.0,2.477280897294375,2.7155975532420067,2.603083005423461
17.359409513287954,3.686508728198527,0.0,3.8713261872679103,2.002815756928328,3.5263678675433483
17.359409513287954,3.686508728198527,0.1111111111111111,3.612147753742962,1.998294149798363,3.4045418147787263
17.359409513287954,3.686508728198527,0.2222222222222222,3.3876065536087037,2.004693239310012,3.296006303057623
17.359409513287954,3.686508728198527,0.3333333333333333,3.1798558013601235,2.0144462125473934,3.196364651308635
17.359409513287954,3.686508728198527,0.4444444444444444,2.9809158925993073,2.0251845799127226,3.10316297340361
17.359409513287954,3.686508728198527,0.5555555555555556,2.7872599074025546,2.036062308589555,3.0148800611008264
17.359409513287954,3.686508728198527,0.6666666666666666,2.5990603278233606,2.0467660841025337,2.9305156705441973
17.359409513287954,3.686508728198527,0.7777777777777777,2.4213923462393194,2.0571874981117952,2.8493963441980745
17.359409513287954,3.686508728198527,0.8888888888888888,2.2662364673109354,2.0673003071450418,2.7710752333297544
17.359409513287954,3.686508728198527,1.0,2.151929649288627,2.077110849461214,2.6952779852344184
17.359409513287954,6.35922755614246,0.0,3.8713261872679103,2.32884543109531,3.3753866743072956
17.359409513287954,6.35922755614246,0.1111111111111111,3.675967525532617,2.269193337278277,3.2861386618462514
17.359409513287954,6.35922755614246,0.2222222222222222,3.5024867953313548,2.2227035622567652,3.2035736301491764
17.359409513287954,6.35922755614246,0.3333333333333333,3.341820441221269,2.1848598769728005,3.126174136378124
17.359409513287954,6.35922755614246,0.4444444444444444,3.1890083702221865,2.1532142505593512,3.052887025783416
17.359409513287954,6.35922755614246,0.5555555555555556,3.0410004226173992,2.126281950410426,2.982965601419305
17.359409513287954,6.35922755614246,0.6666666666666666,2.8958678723259066,2.10309216913083,2.915869329638794
17.359409513287954,6.35922755614246,0.7777777777777777,2.752552982351269,2.082973918430582,2.851202885615258
17.359409513287954,6.35922755614246,0.8888888888888888,2.6109262951383014,2.0654425561304928,2.7886784810616043
17.359409513287954,6.35922755614246,1.0,2.4721043592175502,2.050134872225403,2.7280920616571054
17.359409513287954,9.031946384086392,0.0,3.8713261872679103,2.5900993967977044,3.2712356120387156
17.359409513287954,9.031946384086392,0.1111111111111111,3.714920158177247,2.541882228272071,3.2013269640910593
17.359409513287954,9.031946384086392,0.2222222222222222,3.5733330801217216,2.500385064215256,3.1352653078564625
17.359409513287954,9.031946384086392,0.3333333333333333,3.4414714167541587,2.463683301445425,3.072450794007395
17.359409513287954,9.031946384086392,0.4444444444444444,3.3162160778675482,2.4306105540749448,3.012391955206131
17.359409513287954,9.031946384086392,0.5555555555555556,3.195477244434975,2.40040507771107,2.9547006837226015
17.359409513287954,9.031946384086392,0.6666666666666666,3.077771824089533,2.372542357489909,2.899073053449286
17.359409513287954,9.031946384086392,0.7777777777777777,2.9620205570642555,2.3466466304160667,2.8452719703542977
17.359409513287954,9.031946384086392,0.8888888888888888,2.8474568644979166,2.3224402331664895,2.7931138459483478
17.359409513287954,9.031946384086392,1.0,2.7336071753776774,2.299712782310166,2.7424588026524734
17.359409513287954,11.704665212030324,0.0,3.8713261872679103,2.7451354409262065,3.1949707086978942
17.359409513287954,11.704665212030324,0.1111111111111111,3.741076991266755,2.7068003127163185,3.1377253922219515
17.359409513287954,11.704665212030324,0.2222222222222222,3.621439359101915,2.67248732052349,3.082927533229804
17.359409513287954,11.704665212030324,0.3333333333333333,3.509310741522414,2.6412143121809093,3.0303139202263396
17.359409513287954,11.704665212030324,0.4444444444444444,3.4026363349352478,2.6123340784568723,2.979637614487099
17.359409513287954,11.704665212030324,0.5555555555555556,3.299962559469425,2.585396866070883,2.9306854752081706
17.359409513287954,11.704665212030324,0.6666666666666666,3.200209655853042,2.5600774078311623,2.883279249139688
17.359409513287954,11.704665212030324,0.7777777777777777,3.102547209001367,2.536133019477305,2.83727223949466
17.359409513287954,11.704665212030324,0.8888888888888888,3.006323882536655,2.513378039702956,2.792545221502593
17.359409513287954,11.704665212030324,1.0,2.911029287331003,2.491667476122395,2.7490027063697937
17.359409513287954,14.377384039974256,0.0,3.8713261872679103,2.8459634609653204,3.1366981362278827
17.359409513287954,14.377384039974256,0.1111111111111111,3.7598138520101494,2.8143750266936127,3.088334215728748
17.359409513287954,14.377384039974256,0.2222222222222222,3.6562371812363614,2.7854457943126927,3.04164858052186
17.359409513287954,14.377384039974256,0.3333333333333333,3.558583808462865,2.7586165697090705,2.9965157123446704
17.359409513287954,14.377384039974256,0.4444444444444444,3.4654409815485403,2.733495147239298,2.952803290528467
17.359409513287954,14.377384039974256,0.5555555555555556,3.3757669858279304,2.709795449666251,2.910388202162035
17.359409513287954,14.377384039974256,0.6666666666666666,3.28876325785091,2.6873022721417184,2.8691615842498166
17.359409513287954,14.377384039974256,0.7777777777777777,3.203798491197531,2.6658496319135043,2.829029695069732
17.359409513287954,14.377384039974256,0.8888888888888888,3.1203617982486778,2.645306839975715,2.789913233663196
17.359409513287954,14.377384039974256,1.0,3.0380333630165386,2.6255691935491994,2.751746160206116
17.359409513287954,17.050102867918188,0.0,3.8713261872679103,2.916673769223924,3.0907235876715085
17.359409513287954,17.050102867918188,0.1111111111111111,3.7738775237911635,2.8898544384205773,3.048909901997497
17.359409513287954,17.050102867918188,0.2222222222222222,3.6825699454653673,2.8649131645859107,3.008314594764349
17.359409513287954,17.050102867918188,0.3333333333333333,3.596031588937186,2.8415059096938915,2.9688735354273605
17.359409513287954,17.050102867918188,0.4444444444444444,3.5132551570020274,2.81937956601025,2.9305117080477348
17.359409513287954,17.050102867918188,0.5555555555555556,3.433472765572144,2.798342291642513,2.8931546763327614
17.359409513287954,17.050102867918188,0.6666666666666666,3.3560806739238616,2.7782451038850513,2.856733406548977
17.359409513287954,17.050102867918188,0.7777777777777777,3.280591843098253,2.758969940330094,2.8211861055057614
17.359409513287954,17.050102867918188,0.8888888888888888,3.206604954659914,2.7404216269990043,2.786458694563364
17.359409513287954,17.050102867918188,1.0,3.133783696891242,2.722522306958177,2.7525046698415743
17.359409513287954,19.72282169586212,0.0,3.8713261872679103,2.9690273299173193,3.0535304260445852
17.359409513287954,19.72282169586212,0.1111111111111111,3.784813404499908,2.945735548347673,3.016735854244759
17.359409513287954,19.72282169586212,0.2222222222222222,3.7031851511133866,2.923834717366186,2.98086562118197
17.359409513287954,19.72282169586212,0.3333333333333333,3.6254678987907085,2.903100393779459,2.945884945349243
17.359409513287954,19.72282169586212,0.4444444444444444,3.5509210263484223,2.8833611372194192,2.9117491127842077
17.359409513287954,19.72282169586212,0.5555555555555556,3.47896431792008,2.8644829157990626,2.878411217615865
17.359409513287954,19.72282169586212,0.6666666666666666,3.4091317826481364,2.8463588824085133,2.845825940856941
17.359409513287954,19.72282169586212,0.7777777777777777,3.3410411172642633,2.828902437106888,2.813951342733221
17.359409513287954,19.72282169586212,0.8888888888888888,3.2743728938023446,2.8120423802493226,2.782749636565704
17.359409513287954,19.72282169586212,1.0,3.208856043603736,2.7957194406360233,2.752187436630226
17.359409513287954,22.39554052380605,0.0,3.8713261872679103,3.00937353793353,3.0228270127225065
17.359409513287954,22.39554052380605,0.1111111111111111,3.7935557096469585,2.9887914676689458,2.9899951284891286
17.359409513287954,22.39554052380605,0.2222222222222222,3.7197582608594253,2.9692774600360843,2.957889170413864
17.359409513287954,22.39554052380605,0.3333333333333333,3.6492198579282196,2.9506781804967086,2.9264892263675217
17.359409513287954,22.39554052380605,0.4444444444444444,3.581381561111705,2.932872918842861,2.895767410160422
17.359409513287954,22.39554052380605,0.5555555555555556,3.515795423329923,2.915764873201081,2.865693031338013
17.359409513287954,22.39554052380605,0.6666666666666666,3.4520950929769576,2.899275173468294,2.836235377777377
17.359409513287954,22.39554052380605,0.7777777777777777,3.3899755926794084,2.8833386699144623,2.807365200836998
17.359409513287954,22.39554052380605,0.8888888888888888,3.3291790523377927,2.867900894812055,2.7790554801044935
17.359409513287954,22.39554052380605,1.0,3.26948443214123,2.852915824747078,2.751281783057992
17.359409513287954,30.41369700763785,0.2222222222222222,3.7543931659643195,3.059241341865605,2.907092428614964
17.359409513287954,30.41369700763785,0.3333333333333333,3.6991447684350756,3.0450487347244537,2.8831325138689556
17.359409513287954,30.41369700763785,0.4444444444444444,3.6456614084713572,3.031308439132029,2.859565636392583
17.359409513287954,30.41369700763785,0.5555555555555556,3.5937144826027163,3.0179781069766958,2.8363813423488335
17.359409513287954,30.41369700763785,0.6666666666666666,3.543109178039393,3.005021551035784,2.8135683433905014
17.359409513287954,30.41369700763785,0.7777777777777777,3.493677670000191,2.992407589262716,2.791115186110082
17.359409513287954,30.41369700763785,0.8888888888888888,3.4452739472441647,2.9801091486111058,2.769010679500483
17.359409513287954,30.41369700763785,1.0,3.3977698218265346,2.9681025615061407,2.7472441646248016
18.62312131693727,1.0137899002545951,0.0,3.9698736855289405,2.6298247740888887,3.868792301651313
18.62312131693727,1.0137899002545951,0.1111111111111111,3.5679915642190645,2.6613432437880067,3.6725555375516126
18.62312131693727,1.0137899002545951,0.2222222222222222,3.2421463134991177,2.6764267559016064,3.5141957164675865
18.62312131693727,1.0137899002545951,0.3333333333333333,2.9466341770622444,2.685062091069769,3.3746355363961054
18.62312131693727,1.0137899002545951,0.4444444444444444,2.6807882540771186,2.690401774184382,3.2465259297293914
18.62312131693727,1.0137899002545951,0.5555555555555556,2.4738537879474016,2.693854708265396,3.126115633546485
18.62312131693727,1.0137899002545951,0.6666666666666666,2.3692735973801664,2.6961674971791436,3.0112304946645994
18.62312131693727,1.0137899002545951,0.7777777777777777,2.371964045401359,2.6977768862742386,2.9005538777425555
18.62312131693727,1.0137899002545951,0.8888888888888888,2.4369991089499288,2.6989541268508592,2.793330026906023
18.62312131693727,1.0137899002545951,1.0,2.5210316429086856,2.6998737840617038,2.6892439381622064
18.62312131693727,3.686508728198527,0.0,3.9698736855289405,2.032527237676291,3.6232224958954466
18.62312131693727,3.686508728198527,0.1111111111111111,3.6958520975477187,2.0013349810475085,3.497029357567884
18.62312131693727,3.686508728198527,0.2222222222222222,3.465377735333021,1.9939217521876924,3.385928475953977
18.62312131693727,3.686508728198527,0.3333333333333333,3.256104145981403,1.9955610260414625,3.2847767098721055
17.359409513287954,25.068259351749983,0.0,3.8713261872679103,3.041433137845936,2.9970551968461416
17.359409513287954,25.068259351749983,0.1111111111111111,3.800701584329227,3.0229963421532555,2.967427956168594
17.359409513287954,25.068259351749983,0.2222222222222222,3.733369118770166,3.0054033375496316,2.9383867394706003
17.359409513287954,25.068259351749983,0.3333333333333333,3.668790597838535,2.988545385055765,2.909919548999203
17.359409513287954,25.068259351749983,0.4444444444444444,3.606534675393152,2.972334743929836,2.8820082567845398
17.359409513287954,25.068259351749983,0.5555555555555556,3.546248978235543,2.9566995460282177,2.8546320793162
17.359409513287954,25.068259351749983,0.6666666666666666,3.487640774026694,2.941580148059329,2.8277695860140386
17.359409513287954,25.068259351749983,0.7777777777777777,3.430463226856158,2.926926478106462,2.801399859068975
17.359409513287954,25.068259351749983,0.8888888888888888,3.3745054144671847,2.9126960676616833,2.7755031525940046
17.359409513287954,25.068259351749983,1.0,3.319584944944131,2.898852566889003,2.7500612524936963
17.359409513287954,27.740978179693915,0.0,3.8713261872679103,3.0675305565159507,2.9751183364501386
17.359409513287954,27.740978179693915,0.1111111111111111,3.8066501440327025,3.0508338817826943,2.9481341817551394
17.359409513287954,27.740978179693915,0.2222222222222222,3.7447449118710496,3.034819337961881,2.921633766899618
17.359409513287954,27.740978179693915,0.3333333333333333,3.6851953066250047,3.019407395370564,2.8956094921992865
17.359409513287954,27.740978179693915,0.4444444444444444,3.6276619800818293,3.004532553690594,2.8700491115305624
17.359409513287954,27.740978179693915,0.5555555555555556,3.5718631555139018,2.990140195586621,2.844938098211515
17.359409513287954,27.740978179693915,0.6666666666666666,3.5175615444466763,2.9761842766131816,2.8202610903387857
17.359409513287954,27.740978179693915,0.7777777777777777,3.4645547802756114,2.9626255985501317,2.796002775461464
17.359409513287954,27.740978179693915,0.8888888888888888,3.412668295788693,2.949430497931674,2.7721484280522404
17.359409513287954,27.740978179693915,1.0,3.3617499360837053,2.9365698354930623,2.7486842292885743
17.359409513287954,30.41369700763785,0.0,3.8713261872679103,3.0891932438389516,2.95622215195897
17.359409513287954,30.41369700763785,0.1111111111111111,3.8116780772550563,3.073936280065957,2.931453954999084
18.62312131693727,3.686508728198527,0.4444444444444444,3.0588060346291304,2.0011694060301,3.1907435817973426
18.62312131693727,3.686508728198527,0.5555555555555556,2.8695671959548568,2.0086485918388806,3.1020871394506377
18.62312131693727,3.686508728198527,0.6666666666666666,2.6882691239532432,2.017035641231601,3.0176581055058236
18.62312131693727,3.686508728198527,0.7777777777777777,2.5190607006224934,2.025855649404513,2.9366680220204504
18.62312131693727,3.686508728198527,0.8888888888888888,2.371351792874054,2.034861701797058,2.858569563551202
18.62312131693727,3.686508728198527,1.0,2.258945301342434,2.0439200430429416,2.782990877937424
18.62312131693727,6.35922755614246,0.0,3.9698736855289405,2.4439611540387434,3.469795632187613
18.62312131693727,6.35922755614246,0.1111111111111111,3.763100922128649,2.3730809864849065,3.3785540707081325
18.62312131693727,6.35922755614246,0.2222222222222222,3.583576813632371,2.3180156567755033,3.2945480576658928
18.62312131693727,6.35922755614246,0.3333333333333333,3.4198602520930237,2.272982050681379,3.216168626672996
18.62312131693727,6.35922755614246,0.4444444444444444,3.2660675541105686,2.234982985570285,3.1422516368664613
18.62312131693727,6.35922755614246,0.5555555555555556,3.1187518792737294,2.202253023143588,3.07195929892562
18.62312131693727,6.35922755614246,0.6666666666666666,2.975821976541176,2.173663143297723,3.0046776228485768
18.62312131693727,6.35922755614246,0.7777777777777777,2.836158874301389,2.14844772562077,2.939949504174255
18.62312131693727,6.35922755614246,0.8888888888888888,2.699568556813161,2.126063563683648,2.877432150183818
18.62312131693727,6.35922755614246,1.0,2.566958288765696,2.1061106527465383,2.81686967221588
18.62312131693727,9.031946384086392,0.0,3.9698736855289405,2.698551217005712,3.364501319943686
18.62312131693727,9.031946384086392,0.1111111111111111,3.8042933027416517,2.644855673238842,3.2936069184689813
18.62312131693727,9.031946384086392,0.2222222222222222,3.6570625625992927,2.599216872148295,3.226707709649698
18.62312131693727,9.031946384086392,0.3333333333333333,3.521733442706339,2.5591534470917514,3.1632515467316886
18.62312131693727,9.031946384086392,0.4444444444444444,3.394546088751769,2.5232121117460373,3.102728813163422
18.62312131693727,9.031946384086392,0.5555555555555556,3.2730798984037723,2.4904656434107917,3.044718686121743
18.62312131693727,9.031946384086392,0.6666666666666666,3.1556779025722603,2.4602863399583565,2.98888288377196
18.62312131693727,9.031946384086392,0.7777777777777777,3.0411750099473847,2.4322303296581502,2.934951360812835
18.62312131693727,9.031946384086392,0.8888888888888888,2.9287696484078842,2.4059730342806116,2.882709228754409
18.62312131693727,9.031946384086392,1.0,2.817977231945365,2.381270692338238,2.831986434260475
18.62312131693727,11.704665212030324,0.0,3.9698736855289405,2.8460176118243803,3.2876606922608755
18.62312131693727,11.704665212030324,0.1111111111111111,3.8319959470491725,2.8040378596113276,3.229902145820704
18.62312131693727,11.704665212030324,0.2222222222222222,3.7072016805362353,2.7668894700252946,3.174599996340615
18.62312131693727,11.704665212030324,0.3333333333333333,3.5915620334224037,2.733306075769164,3.121557174935361
18.62312131693727,11.704665212030324,0.4444444444444444,3.482576220735228,2.702475990142103,3.070538545501879
18.62312131693727,11.704665212030324,0.5555555555555556,3.3785331485286156,2.6738465686803967,3.0213234151205794
18.62312131693727,11.704665212030324,0.6666666666666666,3.2781995750458655,2.6470243301640752,2.973718886795267
18.62312131693727,11.704665212030324,0.7777777777777777,3.180654100749144,2.6217192766739417,2.9275611082421777
18.62312131693727,11.704665212030324,0.8888888888888888,3.085194429492884,2.597711717802858,2.882712899786051
18.62312131693727,11.704665212030324,1.0,2.9912856760366675,2.5748314452095036,2.8390605928327477
18.62312131693727,14.377384039974256,0.0,3.9698736855289405,2.941550450263854,3.2290850264188813
18.62312131693727,14.377384039974256,0.1111111111111111,3.8518521652058397,2.907236762981666,3.1804451092217665
18.62312131693727,14.377384039974256,0.2222222222222222,3.7435817307925245,2.876113552062987,3.1334451460164328
18.62312131693727,14.377384039974256,0.3333333333333333,3.6425161734778895,2.847461258306362,3.0880171133136702
18.62312131693727,14.377384039974256,0.4444444444444444,3.546925973111194,2.8207866799194274,3.0440480327267285
18.62312131693727,14.377384039974256,0.5555555555555556,3.455571535346852,2.795736494633221,3.0014175039811413
18.62312131693727,14.377384039974256,0.6666666666666666,3.3675268156259954,2.7720487277691483,2.9600117650821525
18.62312131693727,14.377384039974256,0.7777777777777777,3.28207749446251,2.74952370071386,2.9197285802092816
18.62312131693727,14.377384039974256,0.8888888888888888,3.1986593323545405,2.7280057295619895,2.8804784123663185
18.62312131693727,14.377384039974256,1.0,3.116819834854814,2.707371108663037,2.842184105888955
18.62312131693727,17.050102867918188,0.0,3.9698736855289405,3.008519834239172,3.1829476623965043
18.62312131693727,17.050102867918188,0.1111111111111111,3.8667587673398676,2.9795361021041153,3.1409826592385803
18.62312131693727,17.050102867918188,0.2222222222222222,3.771168953764701,2.952800065488304,3.1001843898949293
18.62312131693727,17.050102867918188,0.3333333333333333,3.681370748146006,2.9278702632471285,3.060533779017845
18.62312131693727,17.050102867918188,0.4444444444444444,3.59612643498339,2.904428163732445,3.0219750119943574
18.62312131693727,17.050102867918188,0.5555555555555556,3.514515388244898,2.882236147745704,2.984440052348349
18.62312131693727,17.050102867918188,0.6666666666666666,3.4358298637154245,2.8611121108796382,2.947859646192902
18.62312131693727,17.050102867918188,0.7777777777777777,3.359510960274004,2.8409133485005262,2.9121682389089303
18.62312131693727,17.050102867918188,0.8888888888888888,3.285107636202293,2.8215259151725296,2.8773060382471005
18.62312131693727,17.050102867918188,1.0,3.212249699656472,2.8028573614112915,2.843219713385944
18.62312131693727,19.72282169586212,0.0,3.9698736855289405,3.058123064979728,3.1456675082066963
18.62312131693727,19.72282169586212,0.1111111111111111,3.878349880211944,3.033045498662227,3.108788942449162
18.62312131693727,19.72282169586212,0.2222222222222222,3.7927976607285823,3.0096277775694076,3.0727825270929334
18.62312131693727,19.72282169586212,0.3333333333333333,3.7119887127277105,2.987582785261607,3.037647749845325
18.62312131693727,19.72282169586212,0.4444444444444444,3.635010856834724,2.966694832319031,3.003356647047494
18.62312131693727,19.72282169586212,0.5555555555555556,3.5611647247397245,2.946797656248872,2.9698695562691686
18.62312131693727,19.72282169586212,0.6666666666666666,3.4898996755647524,2.9277603091688555,2.937143054449483
18.62312131693727,19.72282169586212,0.7777777777777777,3.4207723757462354,2.9094777616196184,2.905133998978037
18.62312131693727,19.72282169586212,0.8888888888888888,3.3534191098389976,2.8918644460498855,2.8738015560611236
18.62312131693727,19.72282169586212,1.0,3.287536769474607,2.874849699045141,2.843108164909493
18.62312131693727,27.740978179693915,0.2222222222222222,3.8364742666778255,3.116661773525281,3.0136274435586947
18.62312131693727,27.740978179693915,0.3333333333333333,3.774308616705539,3.1003275070193568,2.987525861244919
18.62312131693727,27.740978179693915,0.4444444444444444,3.714572592424953,3.0846172116798227,2.9618749689790302
18.62312131693727,27.740978179693915,0.5555555555555556,3.6569234422128756,3.0694631228245455,2.9366655707055673
18.62312131693727,27.740978179693915,0.6666666666666666,3.6010766997771957,3.0548086388840705,2.911885116702554
18.62312131693727,27.740978179693915,0.7777777777777777,3.546793102932354,3.0406059774052903,2.8875194220571503
18.62312131693727,27.740978179693915,0.8888888888888888,3.493869001286141,3.0268144153198535,2.8635537432355753
18.62312131693727,27.740978179693915,1.0,3.442129200683237,3.0133989476077603,2.839973452157333
18.62312131693727,30.41369700763785,0.0,3.9698736855289405,3.172118024874805,3.0482901722497764
18.62312131693727,30.41369700763785,0.1111111111111111,3.906814452613613,3.155836851692697,3.02350912860875
18.62312131693727,30.41369700763785,0.2222222222222222,3.8466262182582764,3.1402187550464102,2.9991021536161306
18.62312131693727,30.41369700763785,0.3333333333333333,3.7888991228952555,3.125188264213206,2.9750758944860367
18.62312131693727,30.41369700763785,0.4444444444444444,3.733297673110949,3.1106827797340366,2.9514291846149825
18.62312131693727,30.41369700763785,0.5555555555555556,3.6795433148258874,3.096649793908252,2.928156102429373
18.62312131693727,30.41369700763785,0.6666666666666666,3.627401808721151,3.0830448189152833,2.905247935858618
18.62312131693727,30.41369700763785,0.7777777777777777,3.576673915756149,3.069829818844025,2.8826944569807047
18.62312131693727,30.41369700763785,0.8888888888888888,3.527188410553499,3.056972006373014,2.8604847542289233
18.62312131693727,30.41369700763785,1.0,3.4787967629034595,3.044442907413739,2.8386077766533484
18.62312131693727,22.39554052380605,0.0,3.9698736855289405,3.0963714988095554,3.1149195382211965
18.62312131693727,22.39554052380605,0.1111111111111111,3.8876148837428426,3.0742758088489146,3.0820403396005007
18.62312131693727,22.39554052380605,0.2222222222222222,3.8102038714226567,3.053450816603182,3.049838907468908
18.62312131693727,22.39554052380605,0.3333333333333333,3.7367411748319537,3.0337009784050615,3.0183212607670127
18.62312131693727,22.39554052380605,0.4444444444444444,3.6665373462565167,3.0148745687893026,2.9874734266167624
18.62312131693727,22.39554052380605,0.5555555555555556,3.599050322040112,2.9968514367677517,2.9572716325225903
18.62312131693727,22.39554052380605,0.6666666666666666,3.5338445766519535,2.9795347626154225,2.9276878911874062
18.62312131693727,22.39554052380605,0.7777777777777777,3.4705635961538146,2.962845343975117,2.8986931012645245
18.62312131693727,22.39554052380605,0.8888888888888888,3.408910802811628,2.9467175337924503,2.870258768725437
18.62312131693727,22.39554052380605,1.0,3.3486360254531635,2.931096288027389,2.8423579451201966
18.62312131693727,25.068259351749983,0.0,3.9698736855289405,3.1267816036172467,3.0891274628986976
18.62312131693727,25.068259351749983,0.1111111111111111,3.8951867534857354,3.107035595394694,3.0594726367385685
18.62312131693727,25.068259351749983,0.2222222222222222,3.8245101301217352,3.0882905139983237,3.0303610085877293
18.62312131693727,25.068259351749983,0.3333333333333333,3.75716679588995,3.0704081059278208,3.0018002925886185
18.62312131693727,25.068259351749983,0.4444444444444444,3.69262418255334,3.053278227471831,2.9737836906980073
18.62312131693727,25.068259351749983,0.5555555555555556,3.6304546246644995,3.0368116755094525,2.9462965905822265
18.62312131693727,25.068259351749983,0.6666666666666666,3.570308483527999,3.020935163881744,2.9193204804191604
18.62312131693727,25.068259351749983,0.7777777777777777,3.5118953881717574,3.005587720850245,2.8928352667224773
18.62312131693727,25.068259351749983,0.8888888888888888,3.4549708341077205,2.990718052075924,2.8668206529272804
18.62312131693727,25.068259351749983,1.0,3.399326416509822,2.976282574751593,2.841256954639179
18.62312131693727,27.740978179693915,0.0,3.9698736855289405,3.1515493535866237,3.0671844125832597
18.62312131693727,27.740978179693915,0.1111111111111111,3.9014887696529943,3.133702114369513,3.040182798699046
