Lp,B,sigma,Obj_mass,Obj_concentration,Obj_retentate_concentration
2.206896551724138,1.034483655172414,0.6666666666666666,3.106554160659624,3.2180604617341335,4.235001666658529
2.206896551724138,1.034483655172414,0.7777777777777777,3.107913067201852,3.218056858032886,4.235000784781425
2.206896551724138,1.034483655172414,0.8888888888888888,3.1092636884481455,3.218052208565966,4.235010745919509
2.206896551724138,1.034483655172414,1.0,3.11060608525471,3.218046513314428,4.235031401243177
2.206896551724138,1.3793112068965518,0.0,3.0982232926605047,3.4827055513022973,4.235413848926307
2.206896551724138,1.3793112068965518,0.1111111111111111,3.0994857534499314,3.4825764189074273,4.235421257276932
2.206896551724138,1.3793112068965518,0.2222222222222222,3.1007409214844417,3.482446644442276,4.235437632983949
2.206896551724138,1.3793112068965518,0.3333333333333333,3.1019888479002993,3.482316228723941,4.235462857392811
2.206896551724138,1.3793112068965518,0.4444444444444444,3.1032295836319213,3.4821851726022945,4.235496813015914
2.206896551724138,1.3793112068965518,0.5555555555555556,3.104463179403306,3.482053476959316,4.235539383527066
2.206896551724138,1.3793112068965518,0.6666666666666666,3.1056896857199767,3.4819211427084156,4.235590453755847
2.206896551724138,1.3793112068965518,0.7777777777777777,3.106909152861404,3.481788170793787,4.2356499096818405
2.206896551724138,1.3793112068965518,0.8888888888888888,3.108121630873888,3.4816545621897568,4.235717638428785
2.206896551724138,1.3793112068965518,1.0,3.109327169563899,3.481520317900159,4.235793528258604
2.206896551724138,1.7241387586206898,0.0,3.0982232926605047,3.653151003534871,4.235924877852682
2.206896551724138,1.7241387586206898,0.1111111111111111,3.099366066234656,3.652951869415398,4.235981783852995
2.206896551724138,1.7241387586206898,0.2222222222222222,3.1005026285167068,3.652752356865636,4.236045676521794
2.206896551724138,1.7241387586206898,0.3333333333333333,3.10163302172436,3.6525524668827645,4.236116465393769
2.206896551724138,1.7241387586206898,0.4444444444444444,3.102757287881238,3.6523522004799926,4.236194060918647
2.206896551724138,1.7241387586206898,0.5555555555555556,3.103875468812061,3.6521515586861457,4.236278374455119
2.206896551724138,1.7241387586206898,0.6666666666666666,3.104987606138126,3.6519505425452676,4.23636931826472
2.206896551724138,1.7241387586206898,0.7777777777777777,3.106093741273066,3.6517491531162416,4.236466805505687
2.206896551724138,1.7241387586206898,0.8888888888888888,3.107193915418893,3.651547391472399,4.236570750226796
2.206896551724138,1.7241387586206898,1.0,3.108288169562289,3.6513452587011495,4.236681067361165
2.206896551724138,2.068966310344828,0.0,3.0982232926605042,3.7740279869187017,4.236604095289834
2.206896551724138,2.068966310344828,0.1111111111111111,3.099267007686734,3.773788588773221,4.236693367007979
2.206896551724138,2.068966310344828,0.2222222222222222,3.1003053784069357,3.7735489931915587,4.236788190266614
2.206896551724138,2.068966310344828,0.3333333333333333,3.101338439878649,3.773309201010861,4.236888495132454
2.206896551724138,2.068966310344828,0.4444444444444444,3.102366226984763,3.773069213076222,4.2369942123828945
2.206896551724138,2.068966310344828,0.5555555555555556,3.1033887744307656,3.7728290302404486,4.2371052735005215
2.206896551724138,2.068966310344828,0.6666666666666666,3.1044061167421884,3.772588653363816,4.237221610667619
2.206896551724138,2.068966310344828,0.7777777777777777,3.105418288262222,3.772348083313843,4.237343156760694
2.206896551724138,2.068966310344828,0.8888888888888888,3.106425323149491,3.7721073209650493,4.237469845345003
2.206896551724138,2.068966310344828,1.0,3.107427255375996,3.7718663671987405,4.237601610669088
2.206896551724138,2.413793862068966,0.0,3.0982232926605047,3.864980131487089,4.237357121418759
2.206896551724138,2.413793862068966,0.1111111111111111,3.099183687239957,3.864717207522845,4.237467612946863
2.206896551724138,2.413793862068966,0.2222222222222222,3.10013944032882,3.8644542117639884,4.2375825930356195
2.206896551724138,2.413793862068966,0.3333333333333333,3.101090581241799,3.8641911448045434,4.2377020068530165
2.206896551724138,2.413793862068966,0.4444444444444444,3.1020371391412604,3.8639280072426607,4.237825800119264
2.206896551724138,2.413793862068966,0.5555555555555556,3.102979143035675,3.863664799680468,4.237953919102191
2.206896551724138,2.413793862068966,0.6666666666666666,3.1039166217781613,3.8634015227239313,4.238086310612662
2.206896551724138,2.413793862068966,0.7777777777777777,3.1048496040651528,3.8631381769826945,4.238222922000016
2.206896551724138,2.413793862068966,0.8888888888888888,3.105778118435156,3.8628747630699616,4.238363701147516
2.206896551724138,2.413793862068966,1.0,3.10670219326762,3.862611281602339,4.238508596467829
2.206896551724138,2.758621413793104,0.0,3.0982232926605047,3.936246032853461,4.238131454513511
2.206896551724138,2.758621413793104,0.1111111111111111,3.099112642254143,3.9359697778307052,4.238255747544588
2.206896551724138,2.758621413793104,0.2222222222222222,3.09999792644581,3.9356935383785983,4.238383725827563
2.206896551724138,2.758621413793104,0.3333333333333333,3.100879169928451,3.935417314857934,4.238515345779083
2.206896551724138,2.758621413793104,0.4444444444444444,3.1017563972641513,3.9351411076318854,4.238650564247181
2.206896551724138,2.758621413793104,0.5555555555555556,3.1026296328832417,3.934864917065906,4.238789338507541
2.206896551724138,2.758621413793104,0.6666666666666666,3.103498901083499,3.9345887435276405,4.238931626259784
2.206896551724138,2.758621413793104,0.7777777777777777,3.1043642260294,3.934312587386836,4.239077385623788
2.206896551724138,2.758621413793104,0.8888888888888888,3.1052256317514493,3.934036449015248,4.239226575136013
2.206896551724138,2.758621413793104,1.0,3.1060831421455757,3.9337603287865552,4.239379153745863
2.206896551724138,3.103448965517242,0.0,3.0982232926605047,3.9937707845491013,4.238897882617527
2.206896551724138,3.103448965517242,0.1111111111111111,3.0990513537018733,3.9934876963047135,4.239030946340404
2.206896551724138,3.103448965517242,0.2222222222222222,3.0998758265703925,3.993204684172633,4.239167077129083
2.206896551724138,3.103448965517242,0.3333333333333333,3.100696732218414,3.9929217483192705,4.239306239893661
2.206896551724138,3.103448965517242,0.4444444444444444,3.1015140914866337,3.992638888912666,4.2394483998838
2.206896551724138,3.103448965517242,0.5555555555555556,3.102327925103614,3.9923561061224193,4.239593522685747
2.206896551724138,3.103448965517242,0.6666666666666666,3.103138253685336,3.992073400119634,4.239741574219373
2.206896551724138,3.103448965517242,0.7777777777777777,3.1039450977348158,3.991790771076853,4.239892520735223
2.206896551724138,3.103448965517242,0.8888888888888888,3.104748477641754,3.991508219168006,4.240046328811601
2.206896551724138,3.103448965517242,1.0,3.1055484136822304,3.9912257445683483,4.240202965351662
2.206896551724138,3.44827651724138,0.0,3.0982232926605042,4.041276776334187,4.239640470730283
2.206896551724138,3.44827651724138,0.1111111111111111,3.0989979459953716,4.040991112735891,4.2397788416268885
2.206896551724138,3.44827651724138,0.2222222222222222,3.099769410406701,4.040705566833223,4.239919796031944
2.206896551724138,3.44827651724138,0.3333333333333333,3.1005377037989716,4.040420138641255,4.240063305355835
2.206896551724138,3.44827651724138,0.4444444444444444,3.101302843981613,4.040134828176398,4.240209341278559
2.206896551724138,3.44827651724138,0.5555555555555556,3.1020648486687565,4.039849635456353,4.240357875747356
2.206896551724138,3.44827651724138,0.6666666666666666,3.1028237354790082,4.039564560500077,4.240508880974344
2.206896551724138,3.44827651724138,0.7777777777777777,3.1035795219352713,4.039279603327737,4.240662329434185
2.206896551724138,3.44827651724138,0.8888888888888888,3.1043322254645758,4.038994763960665,4.240818193861764
2.206896551724138,3.44827651724138,1.0,3.105081863397955,4.038710042421331,4.240976447249882
2.206896551724138,3.7931040689655178,0.0,3.0982232926605047,4.081228680093675,4.240350985394341
2.206896551724138,3.7931040689655178,0.1111111111111111,3.0989509943078763,4.080943277065816,4.240492251130355
2.206896551724138,3.7931040689655178,0.2222222222222222,3.099675844095716,4.080658019827867,4.240635716527061
2.206896551724138,3.7931040689655178,0.3333333333333333,3.1003978574272386,4.080372908282,4.240781358034709
2.206896551724138,3.7931040689655178,0.4444444444444444,3.10111704962471,4.080087942331631,4.240929152319543
2.206896551724138,3.7931040689655178,0.5555555555555556,3.10183343592933,4.0798031218814055,4.2410790762619035
2.206896551724138,3.7931040689655178,0.6666666666666666,3.102547031501143,4.079518446837153,4.241231106954355
2.206896551724138,3.7931040689655178,0.7777777777777777,3.103257851418967,4.079233917105867,4.241385221699825
2.206896551724138,3.7931040689655178,0.8888888888888888,3.1039659106803414,4.078949532595669,4.241541398009763
2.206896551724138,3.7931040689655178,1.0,3.104671224201495,4.0786652932157805,4.241699613602306
2.206896551724138,4.137931620689656,0.0,3.0982232926605047,4.115330532373421,4.241025704012552
2.206896551724138,4.137931620689656,0.1111111111111111,3.0989093970911132,4.115047292699904,4.241168170555534
2.206896551724138,4.137931620689656,0.2222222222222222,3.0995929366162036,4.114764217261423,4.241312527998206
2.206896551724138,4.137931620689656,0.3333333333333333,3.1002739245714457,4.114481305878748,4.241458756746547
2.206896551724138,4.137931620689656,0.4444444444444444,3.100952374223429,4.114198558373886,4.241606837381105
2.206896551724138,4.137931620689656,0.5555555555555556,3.1016282987696258,4.113915974570062,4.241756750655492
2.206896551724138,4.137931620689656,0.6666666666666666,3.102301711338373,4.113633554291706,4.24190847749488
2.206896551724138,4.137931620689656,0.7777777777777777,3.102972624988871,4.113351297364418,4.242061998994518
2.206896551724138,4.137931620689656,0.8888888888888888,3.103641052711195,4.1130692036149465,4.242217296418268
2.206896551724138,4.137931620689656,1.0,3.1043070074263133,4.112787272871171,4.2423743511971335
2.206896551724138,4.482759172413794,0.0,3.0982232926605047,4.144801902199628,4.241663547994063
2.206896551724138,4.482759172413794,0.1111111111111111,3.0988722894686536,4.144522100989391,4.241806020137331
2.206896551724138,4.482759172413794,0.2222222222222222,3.09951896754742,4.144242475529617,4.2419501318277
2.206896551724138,4.482759172413794,0.3333333333333333,3.1001633385113183,4.143963025584378,4.242095866611724
2.206896551724138,4.482759172413794,0.4444444444444444,3.100805413915737,4.1436837509189965,4.242243208178262
2.206896551724138,4.482759172413794,0.5555555555555556,3.101445205256945,4.143404651300038,4.242392140357272
2.206896551724138,4.482759172413794,0.6666666666666666,3.1020827239721194,4.143125726495279,4.242542647118605
2.206896551724138,4.482759172413794,0.7777777777777777,3.1027179814393797,4.142846976273702,4.2426947125708185
2.206896551724138,4.482759172413794,0.8888888888888888,3.1033509889778297,4.142568400405466,4.242848320959992
2.206896551724138,4.482759172413794,1.0,3.1039817578476123,4.142289998661897,4.243003456668565
2.206896551724138,4.827586724137932,0.0,3.0982232926605047,4.170540690177846,4.242264971449453
2.206896551724138,4.827586724137932,0.1111111111111111,3.098838983013112,4.1702651723519555,4.242406605246439
2.206896551724138,4.827586724137932,0.2222222222222222,3.0994525673231976,4.169989836803938,4.242549671741243
2.206896551724138,4.827586724137932,0.3333333333333333,3.100064055762678,4.169714683260066,4.242694157000532
2.206896551724138,4.827586724137932,0.4444444444444444,3.1006734584526887,4.169439711447866,4.242840047207932
2.206896551724138,4.827586724137932,0.5555555555555556,3.1012807854636137,4.169164921096117,4.24298732866305
2.206896551724138,4.827586724137932,0.6666666666666666,3.1018860468151392,4.168890311934831,4.24313598778051
2.206896551724138,4.827586724137932,0.7777777777777777,3.1024892524763,4.168615883695225,4.243286011088993
0.5,3.7931040689655178,0.2222222222222222,3.44440219931686,3.4084758960317023,4.742270616448907
0.5,3.7931040689655178,0.3333333333333333,3.4444181124696187,3.4084420192064084,4.742290240533139
0.5,3.7931040689655178,0.4444444444444444,3.4444340183907944,3.408408149625736,4.742309858712062
0.5,3.7931040689655178,0.5555555555555556,3.4444499170858314,3.4083742872875593,4.742329470988685
0.5,3.7931040689655178,0.6666666666666666,3.444465808560163,3.4083404321897546,4.74234907736602
0.5,3.7931040689655178,0.7777777777777777,3.4444816928192203,3.408306584330194,4.7423686778470735
0.5,3.7931040689655178,0.8888888888888888,3.4444975698684286,3.4082727437067546,4.74238827243485
0.5,3.7931040689655178,1.0,3.444513439713208,3.408238910317314,4.742407861132355
0.5,4.137931620689656,0.0,3.444370351294803,3.4283484790067518,4.742392109933308
0.5,4.137931620689656,0.1111111111111111,3.444385132231852,3.4283157327348417,4.742410347910941
0.5,4.137931620689656,0.2222222222222222,3.4443999068784623,3.428282993105755,4.74242858073836
0.5,4.137931620689656,0.3333333333333333,3.444414675239091,3.428250260117538,4.742446808418043
0.5,4.137931620689656,0.4444444444444444,3.4444294373181883,3.4282175337682395,4.7424650309524665
0.5,4.137931620689656,0.5555555555555556,3.444444193120202,3.428184814055906,4.74248324834411
0.5,4.137931620689656,0.6666666666666666,3.4444589426495744,3.4281521009785894,4.742501460595445
0.5,4.137931620689656,0.7777777777777777,3.444473685910745,3.428119394534338,4.742519667708946
0.5,4.137931620689656,0.8888888888888888,3.444488422908147,3.4280866947212,4.742537869687084
0.5,4.137931620689656,1.0,3.444503153646209,3.428054001537231,4.7425560665323285
0.5,4.482759172413794,0.0,3.444370351294803,3.445290616833507,4.742532020853869
0.5,4.482759172413794,0.1111111111111111,3.444384139390249,3.4452590213854157,4.742549046493057
0.5,4.482759172413794,0.2222222222222222,3.4443979219717953,3.4452274320268015,4.742566067605642
0.5,4.482759172413794,0.3333333333333333,3.4444116990431297,3.445195848755887,4.742583084193686
0.5,4.482759172413794,0.4444444444444444,3.4444254706079342,3.445164271570905,4.742600096259251
0.5,4.482759172413794,0.5555555555555556,3.4444392366698886,3.445132700470082,4.7426171038043945
0.5,4.482759172413794,0.6666666666666666,3.44445299723267,3.4451011354516465,4.7426341068311775
0.5,4.482759172413794,0.7777777777777777,3.44446675229995,3.4450695765138337,4.742651105341657
0.5,4.482759172413794,0.8888888888888888,3.4444805018754003,3.4450380236548703,4.742668099337887
0.5,4.482759172413794,1.0,3.444494245962685,3.4450064768729933,4.742685088821923
0.5,4.827586724137932,0.0,3.444370351294803,3.4599549015918734,4.742654892313653
0.5,4.827586724137932,0.1111111111111111,3.4443832714126312,3.4599244332784935,4.742670856576781
0.5,4.827586724137932,0.2222222222222222,3.444396186658094,3.4598939705544915,4.74268681683052
0.5,4.827586724137932,0.3333333333333333,3.4444090970342756,3.459863513418267,4.742702773076605
0.5,4.827586724137932,0.4444444444444444,3.4444220025442562,3.459833061868225,4.742718725316767
0.5,4.827586724137932,0.5555555555555556,3.444434903191116,3.4598026159027655,4.742734673552737
0.5,4.827586724137932,0.6666666666666666,3.44444779897793,3.4597721755202935,4.742750617786246
0.5,4.827586724137932,0.7777777777777777,3.4444606899077708,3.459741740719212,4.742766558019022
0.5,4.827586724137932,0.8888888888888888,3.4444735759837095,3.459711311497928,4.7427824942527925
0.5,4.827586724137932,1.0,3.444486457208814,3.459680887854844,4.742798426489285
0.5,5.17241427586207,0.0,3.444370351294803,3.472775828655421,4.7427636579537396
0.5,5.17241427586207,0.1111111111111111,3.4443825061562308,3.472746447773828,4.742778685280435
0.5,5.17241427586207,0.2222222222222222,3.4443946566813133,3.4727170720319176,4.742793709031377
0.5,5.17241427586207,0.3333333333333333,3.4444068028726567,3.4726877014282507,4.74280872920804
0.5,5.17241427586207,0.4444444444444444,3.4444189447328637,3.4726583359613916,4.742823745811889
0.5,5.17241427586207,0.5555555555555556,3.4444310822645354,3.472628975629901,4.742838758844394
0.5,5.17241427586207,0.6666666666666666,3.4444432154702715,3.4725996204323457,4.7428537683070235
0.5,5.17241427586207,0.7777777777777777,3.444455344352668,3.4725702703672865,4.742868774201243
0.5,5.17241427586207,0.8888888888888888,3.444467468914318,3.4725409254332917,4.742883776528518
0.5,5.17241427586207,1.0,3.444479589157815,3.472511585628926,4.742898775290313
0.5,5.517241827586208,0.0,3.444370351294803,3.4840832257874874,4.742860614037342
0.5,5.517241827586208,0.1111111111111111,3.4443818264179344,3.4840548845400137,4.742874808209609
0.5,5.517241827586208,0.2222222222222222,3.4443932976571054,3.4840265480286727,4.742888999173215
0.5,5.517241827586208,0.3333333333333333,3.4444047650145384,3.483998216252174,4.742903186929419
0.5,5.517241827586208,0.4444444444444444,3.44441622849245,3.4839698892092277,4.742917371479474
0.5,5.517241827586208,0.5555555555555556,3.4444276880930595,3.483941566898538,4.74293155282464
0.5,5.517241827586208,0.6666666666666666,3.44443914381858,3.4839132493188143,4.74294573096617
0.5,5.517241827586208,0.7777777777777777,3.444450595671227,3.4838849364687707,4.74295990590532
0.5,5.517241827586208,0.8888888888888888,3.44446204365321,3.4838566283471124,4.742974077643343
0.5,5.517241827586208,1.0,3.444473487766741,3.483828324952553,4.742988246181491
0.5,5.862069379310346,0.0,3.444370351294803,3.4941321497321502,4.742947583754999
0.5,5.862069379310346,0.1111111111111111,3.4443812186305056,3.494104796929286,4.742961032227047
0.5,5.862069379310346,0.2222222222222222,3.4443920824675005,3.494077448500507,4.742974477803897
0.5,5.862069379310346,0.3333333333333333,3.4444029428076917,3.494050104444656,4.742987920486631
0.5,5.862069379310346,0.4444444444444444,3.444413799652988,3.4940227647605644,4.743001360276335
0.5,5.862069379310346,0.5555555555555556,3.444424653005294,3.493995429447076,4.743014797174088
0.5,5.862069379310346,0.6666666666666666,3.444435502866513,3.493968098503026,4.7430282311809755
0.5,5.862069379310346,0.7777777777777777,3.4444463492385458,3.4939407719272575,4.743041662298077
0.5,5.862069379310346,0.8888888888888888,3.4444571921232945,3.4939134497186104,4.7430550905264734
0.5,5.862069379310346,1.0,3.444468031522657,3.4938861318759225,4.743068515867246
0.5,6.206896931034484,0.0,3.444370351294803,3.5031230464228056,4.743026033169816
0.5,6.206896931034484,0.1111111111111111,3.444380671950797,3.503096630273624,4.743038810320593
0.5,6.206896931034484,0.2222222222222222,3.4443909894388276,3.503070218173434,4.743051584845942
0.5,6.206896931034484,0.3333333333333333,3.4444013037605465,3.5030438101211883,4.743064356746804
0.5,6.206896931034484,0.4444444444444444,3.444411614917603,3.5030174061158412,4.743077126024118
0.5,6.206896931034484,0.5555555555555556,3.444421922911646,3.502991006156348,4.743089892678824
0.5,6.206896931034484,0.6666666666666666,3.4444322277443216,3.502964610241664,4.74310265671186
0.5,6.206896931034484,0.7777777777777777,3.4444425294172767,3.502938218370741,4.743115418124166
0.5,6.206896931034484,0.8888888888888888,3.444452827932156,3.5029118305425384,4.74312817691668
0.5,6.206896931034484,1.0,3.4444631232906033,3.5028854467560095,4.743140933090337
0.5,6.551724482758622,0.0,3.444370351294803,3.5112156957256975,4.743097154638577
0.5,6.551724482758622,0.1111111111111111,3.444380177609086,3.511190165471338,4.743109324253257
0.5,6.551724482758622,0.2222222222222222,3.4443900010414485,3.5111646389736055,4.743121491476328
0.5,6.551724482758622,0.3333333333333333,3.4443998215933287,3.5111391162315537,4.743133656308613
0.5,6.551724482758622,0.4444444444444444,3.4444096392661643,3.511113597244243,4.743145818750931
0.5,6.551724482758622,0.5555555555555556,3.4444194540613897,3.511088082010726,4.743157978804105
0.5,6.551724482758622,0.6666666666666666,3.4444292659804416,3.511062570530063,4.743170136468953
0.5,6.551724482758622,0.7777777777777777,3.4444390750247535,3.51103706280131,4.743182291746296
0.5,6.551724482758622,0.8888888888888888,3.444448881195757,3.5110115588235264,4.743194444636951
0.5,6.551724482758622,1.0,3.4444586844948866,3.510986058595771,4.743206595141738
0.5,6.8965520344827596,0.0,3.444370351294803,3.5185390742399854,4.743161927881173
0.5,6.8965520344827596,0.1111111111111111,3.4443797284363247,3.518514381078731,4.743173545070888
0.5,6.8965520344827596,0.2222222222222222,3.4443891029449616,3.518489691410658,4.74318516007297
0.5,6.8965520344827596,0.3333333333333333,3.4443984748219716,3.5184650052349093,4.743196772888139
0.5,6.8965520344827596,0.4444444444444444,3.4444078440686163,3.5184403225506418,4.743208383517114
0.5,6.8965520344827596,0.5555555555555556,3.4444172106861535,3.5184156433569944,4.743219991960618
0.5,6.8965520344827596,0.6666666666666666,3.4444265746758402,3.5183909676531187,4.743231598219373
0.5,6.8965520344827596,0.7777777777777777,3.4444359360389347,3.518366295438162,4.743243202294097
0.5,6.8965520344827596,0.8888888888888888,3.4444452947766906,3.5183416267112753,4.743254804185507
0.5,6.8965520344827596,1.0,3.4444546508903655,3.518316961471603,4.743266403894327
0.5,7.2413795862068975,0.0,3.444370351294803,3.5251984696925525,4.743221165389058
0.5,7.2413795862068975,0.1111111111111111,3.4443793185150327,3.525174567268125,4.743232278094824
0.5,7.2413795862068975,0.2222222222222222,3.444388283320515,3.5251506680989735,4.743243388791948
0.5,7.2413795862068975,0.3333333333333333,3.444397245712359,3.525126772184319,4.743254497481065
0.5,7.2413795862068975,0.4444444444444444,3.4444062056916738,3.525102879523396,4.7432656041628105
0.5,7.2413795862068975,0.5555555555555556,3.444415163259571,3.525078990115427,4.743276708837823
0.5,7.2413795862068975,0.6666666666666666,3.444424118417157,3.525055103959645,4.743287811506738
0.5,7.2413795862068975,0.7777777777777777,3.4444330711655393,3.5250312210552743,4.743298912170192
0.5,7.2413795862068975,0.8888888888888888,3.444442021505825,3.525007341401546,4.743310010828819
0.5,7.2413795862068975,1.0,3.444450969439121,3.5249834649976908,4.743321107483255
0.5,7.586207137931035,0.0,3.444370351294803,3.531280703518763,4.743275546667847
0.5,7.586207137931035,0.1111111111111111,3.444378942917705,3.5312575481390596,4.743286196852207
0.5,7.586207137931035,0.2222222222222222,3.4443875323179998,3.531234395799282,4.743296845185846
0.5,7.586207137931035,0.3333333333333333,3.4443961194966697,3.531211246498731,4.743307491669325
3.913793103448276,2.413793862068966,0.2222222222222222,2.5900216878468174,4.177717725745188,4.478752819494208
3.913793103448276,2.413793862068966,0.3333333333333333,2.5947433445907673,4.177176900287914,4.474471956427874
3.913793103448276,2.413793862068966,0.4444444444444444,2.5994600331027162,4.176637639327994,4.47021946700266
3.913793103448276,2.413793862068966,0.5555555555555556,2.604168922342503,4.176099905495462,4.465995178528394
3.913793103448276,2.413793862068966,0.6666666666666666,2.608867400133811,4.1755636625391706,4.461798923646675
3.913793103448276,2.413793862068966,0.7777777777777777,2.6135530596297274,4.175028875288405,4.457630540128125
3.913793103448276,2.413793862068966,0.8888888888888888,2.618223686465588,4.174495509616065,4.453489870677566
3.913793103448276,2.413793862068966,1.0,2.6228772465832995,4.173963532403374,4.4493767627467475
3.913793103448276,2.758621413793104,0.0,2.5805759742545624,4.254842234764397,4.472744600448075
3.913793103448276,2.758621413793104,0.1111111111111111,2.584999152625378,4.254272514686295,4.468729869025974
3.913793103448276,2.758621413793104,0.2222222222222222,2.5894225882383677,4.253704395926578,4.4647411848156935
3.913793103448276,2.758621413793104,0.3333333333333333,2.593843574974461,4.25313784627691,4.460778386333551
3.913793103448276,2.758621413793104,0.4444444444444444,2.5982595997797953,4.252572834445138,4.456841316614849
3.913793103448276,2.758621413793104,0.5555555555555556,2.6026683315820716,4.252009330024697,4.452929823049527
3.913793103448276,2.758621413793104,0.6666666666666666,2.6070676107122166,4.251447303465261,4.4490437572241
3.913793103448276,2.758621413793104,0.7777777777777777,2.6114554388247604,4.250886726044545,4.445182974769537
3.913793103448276,2.758621413793104,0.8888888888888888,2.615829969307695,4.250327569841231,4.441347335214824
3.913793103448276,2.758621413793104,1.0,2.6201894981704332,4.24976980770894,4.437536701845896
3.913793103448276,3.103448965517242,0.0,2.5805759742545624,4.317017563852121,4.459752699305565
3.913793103448276,3.103448965517242,0.1111111111111111,2.584735668175365,4.316432763743378,4.456021577865513
3.913793103448276,3.103448965517242,0.2222222222222222,2.5888948266118175,4.315849528400561,4.452314122750141
3.913793103448276,3.103448965517242,0.3333333333333333,2.593051211406732,4.315267831050356,4.448630191567459
3.913793103448276,3.103448965517242,0.4444444444444444,2.597202736842521,4.3146876456325645,4.444969645525008
3.913793103448276,3.103448965517242,0.5555555555555556,2.601347461284653,4.31410894677731,4.441332349305182
3.913793103448276,3.103448965517242,0.6666666666666666,2.6054835791921116,4.3135317097831285,4.437718170945052
3.913793103448276,3.103448965517242,0.7777777777777777,2.609609413489522,4.3129559105959,4.434126981720541
3.913793103448276,3.103448965517242,0.8888888888888888,2.613723408294053,4.31238152578855,4.430558656034668
3.913793103448276,3.103448965517242,1.0,2.617824121988832,4.311808532541535,4.42701307130974
3.913793103448276,3.44827651724138,0.0,2.5805759742545624,4.368926280883391,4.448162821001798
3.913793103448276,3.44827651724138,0.1111111111111111,2.5845017241191646,4.368333788394342,4.444681903996179
3.913793103448276,3.44827651724138,0.2222222222222222,2.5884263932793523,4.367742823082038,4.441222546565855
3.913793103448276,3.44827651724138,0.3333333333333333,2.5923481103700072,4.367153362238534,4.437784622643741
3.913793103448276,3.44827651724138,0.4444444444444444,2.5962651259391554,4.3665653837207605,4.43436800906927
3.913793103448276,3.44827651724138,0.5555555555555556,2.6001758060547013,4.365978865933274,4.4309725854924595
3.913793103448276,3.44827651724138,0.6666666666666666,2.604078626181815,4.36539378781164,4.427598234281299
3.913793103448276,3.44827651724138,0.7777777777777777,2.6079721653267227,4.364810128806417,4.424244840432307
3.913793103448276,3.44827651724138,0.8888888888888888,2.611855100441757,4.364227868867706,4.420912291484095
3.913793103448276,3.44827651724138,1.0,2.6157262010856095,4.363646988430282,4.417600477433866
3.913793103448276,3.7931040689655178,0.0,2.5805759742545624,4.4129902561239245,4.437764409679387
3.913793103448276,3.7931040689655178,0.1111111111111111,2.5842926276272413,4.412395305989769,4.434505471280567
3.913793103448276,3.7931040689655178,0.2222222222222222,2.58800782843391,4.411801842653012,4.431266227031286
3.913793103448276,3.7931040689655178,0.3333333333333333,2.591719996686322,4.411209846539275,4.428046564907306
3.913793103448276,3.7931040689655178,0.4444444444444444,2.595427651025414,4.410619298528663,4.424846375259525
3.913793103448276,3.7931040689655178,0.5555555555555556,2.5991294037649606,4.4100301799425115,4.421665550739221
3.913793103448276,3.7931040689655178,0.6666666666666666,2.602823956137574,4.409442472530589,4.418503986225764
3.913793103448276,3.7931040689655178,0.7777777777777777,2.6065100937398094,4.408856158458753,4.415361578756681
3.913793103448276,3.7931040689655178,0.8888888888888888,2.6101866821724142,4.408271220297015,4.41223822745999
3.913793103448276,3.7931040689655178,1.0,2.613852662871318,4.407687641008049,4.409133833488715
3.913793103448276,4.137931620689656,0.0,2.580575974254562,4.450908562181896,4.428386395264216
3.913793103448276,4.137931620689656,0.1111111111111111,2.5841046279884057,4.45031489275597,4.425325428084225
3.913793103448276,4.137931620689656,0.2222222222222222,2.5876315800405947,4.449722666941365,4.422282500724045
3.913793103448276,4.137931620689656,0.3333333333333333,2.591155484698912,4.449131867642649,4.4192575132966345
3.913793103448276,4.137931620689656,0.4444444444444444,2.5946750768787106,4.448542478135155,4.416250367876428
3.913793103448276,4.137931620689656,0.5555555555555556,2.598189168234064,4.447954482054662,4.413260968440428
3.913793103448276,4.137931620689656,0.6666666666666666,2.6016966434221844,4.44736786338741,4.410289220811097
3.913793103448276,4.137931620689656,0.7777777777777777,2.6051964565185473,4.446782606460451,4.407335032601076
3.913793103448276,4.137931620689656,0.8888888888888888,2.608687627579765,4.446198695932322,4.4043983131596
3.913793103448276,4.137931620689656,1.0,2.6121692393508704,4.445616116784027,4.401478973520579
3.913793103448276,4.482759172413794,0.0,2.580575974254562,4.483912833675621,4.419888465163535
3.913793103448276,4.482759172413794,0.1111111111111111,2.583934691872637,4.483323122197227,4.417004921130588
3.913793103448276,4.482759172413794,0.2222222222222222,2.587291546342422,4.482734808969543,4.414137946684621
3.913793103448276,4.482759172413794,0.3333333333333333,2.5906453823803695,4.48214787890246,4.411287452471296
3.913793103448276,4.482759172413794,0.4444444444444444,2.593995111240995,4.4815623172121075,4.408453350771437
3.913793103448276,4.482759172413794,0.5555555555555556,2.5973397076319706,4.480978109412692,4.405635555454054
3.913793103448276,4.482759172413794,0.6666666666666666,2.6006782067466947,4.480395241308627,4.402833981930796
3.913793103448276,4.482759172413794,0.7777777777777777,2.604009701412324,4.4798136989868995,4.400048547111778
3.913793103448276,4.482759172413794,0.8888888888888888,2.6073333393509914,4.479233468809682,4.397279169362716
3.913793103448276,4.482759172413794,1.0,2.610648320551737,4.478654537407177,4.394525768463332
3.913793103448276,4.827586724137932,0.0,2.580575974254562,4.512920161003909,4.412154530759882
3.913793103448276,4.827586724137932,0.1111111111111111,2.5837803399060633,4.512336320439868,4.40943071784813
3.913793103448276,4.827586724137932,0.2222222222222222,2.586982743916134,4.5117538313891385,4.406722164691218
3.913793103448276,4.827586724137932,0.3333333333333333,2.5901821873270072,4.511172680414948,4.404028791108597
3.913793103448276,4.827586724137932,0.4444444444444444,2.593377726567392,4.510592854336255,4.40135051829434
3.913793103448276,4.827586724137932,0.5555555555555556,2.5965684709806456,4.510014340221245,4.398687268779347
3.913793103448276,4.827586724137932,0.6666666666666666,2.599753580443954,4.509437125381036,4.396038966394654
3.913793103448276,4.827586724137932,0.7777777777777777,2.6029322630769562,4.508861197363572,4.39340553623578
3.913793103448276,4.827586724137932,0.8888888888888888,2.606103773038058,4.5082865439477215,4.390786904628146
3.913793103448276,4.827586724137932,1.0,2.6092674084065446,4.507713153137522,4.3881829990934165
3.913793103448276,5.17241427586207,0.0,2.5805759742545624,4.538628936354367,4.405087775761871
3.913793103448276,5.17241427586207,0.1111111111111111,2.583639525915796,4.538052322384487,4.402508375408278
3.913793103448276,5.17241427586207,0.2222222222222222,2.5867010628578155,4.537477012572662,4.399943064789539
3.913793103448276,5.17241427586207,0.3333333333333333,2.589759715614381,4.5369029948674005,4.397391771742601
3.913793103448276,5.17241427586207,0.4444444444444444,2.592814661188735,4.536330257432868,4.394854425268802
3.913793103448276,5.17241427586207,0.5555555555555556,2.5958651210546813,4.535758788643658,4.392330955503185
3.913793103448276,5.17241427586207,0.6666666666666666,2.5989103592288654,4.535188577079707,4.389821293684672
3.913793103448276,5.17241427586207,0.7777777777777777,2.601949680413057,4.534619611521366,4.387325372127073
3.913793103448276,5.17241427586207,0.8888888888888888,2.6049824282050666,4.534051880944612,4.384843124190882
3.913793103448276,5.17241427586207,1.0,2.6080079833768446,4.533485374516405,4.382374484255866
3.913793103448276,5.517241827586208,0.0,2.5805759742545624,4.561581263677818,4.398606860337524
3.913793103448276,5.517241827586208,0.1111111111111111,2.583510546403802,4.561012821655422,4.396158538830037
3.913793103448276,5.517241827586208,0.2222222222222222,2.5864430835469676,4.560445636462702,4.393723259061253
3.913793103448276,5.517241827586208,0.3333333333333333,2.5893728243688905,4.559879697224764,4.391300955897883
3.913793103448276,5.517241827586208,0.4444444444444444,2.592299046826485,4.5593149932502035,4.38889156519976
3.913793103448276,5.517241827586208,0.5555555555555556,2.595221066518447,4.558751514026832,4.38649502379471
3.913793103448276,5.517241827586208,0.6666666666666666,2.5981382351112168,4.558189249217547,4.384111269454125
3.913793103448276,5.517241827586208,0.7777777777777777,2.601049938820218,4.557628188656304,4.381740240869163
3.913793103448276,5.517241827586208,0.8888888888888888,2.6039555969453483,4.557068322344221,4.379381877627616
3.913793103448276,5.517241827586208,1.0,2.60685466045955,4.556509640445764,4.377036120191367
3.913793103448276,5.862069379310346,0.0,2.5805759742545624,4.58220491703105,4.392642980427068
3.913793103448276,5.862069379310346,0.1111111111111111,2.5833919717843927,4.581645287907271,4.390314073907599
3.913793103448276,5.862069379310346,0.2222222222222222,2.586205937653683,4.581086868825312,4.387997267828369
3.913793103448276,5.862069379310346,0.3333333333333333,2.5890172015606847,4.5805296499212265,4.385692503239138
3.913793103448276,5.862069379310346,0.4444444444444444,2.591825126615868,4.5799736214884135,4.383399722042041
3.913793103448276,5.862069379310346,0.5555555555555556,2.5946291080017954,4.579418773974121,4.381118866970855
3.913793103448276,5.862069379310346,0.6666666666666666,2.59742857167781,4.578865097976041,4.378849881570837
3.913793103448276,5.862069379310346,0.7777777777777777,2.6002229731287962,4.578312584239012,4.376592710179064
3.913793103448276,5.862069379310346,0.8888888888888888,2.6030117961571526,4.577761223651788,4.37434729790528
3.913793103448276,5.862069379310346,1.0,2.6057945517171173,4.577211007243918,4.372113590613247
3.913793103448276,6.206896931034484,0.0,2.580575974254562,4.6008423301282475,4.387137567230886
3.913793103448276,6.206896931034484,0.1111111111111111,2.583282593522476,4.600291927777056,4.384917824732153
3.913793103448276,6.206896931034484,0.2222222222222222,2.5859872014132903,4.599742689611011,4.382709334880597
3.913793103448276,6.206896931034484,0.3333333333333333,2.5886892047521006,4.599194606643296,4.380512044180805
2.206896551724138,4.827586724137932,0.8888888888888888,3.103090412365546,4.168341636109733,4.243437385230279
2.206896551724138,4.827586724137932,1.0,3.103689536350804,4.168067568911965,4.243590096958311
2.206896551724138,5.17241427586207,0.0,3.0982232926605047,4.193223796164998,4.242831291386966
2.206896551724138,5.17241427586207,0.1111111111111111,3.0988089229960414,4.192953107593801,4.242971493189786
2.206896551724138,5.17241427586207,0.2222222222222222,3.099392632237006,4.192682604236739,4.243112955778634
2.206896551724138,5.17241427586207,0.3333333333333333,3.099974429338305,4.192412285796485,4.243255667262504
2.206896551724138,5.17241427586207,0.4444444444444444,3.100554323211066,4.192142151976964,4.24339961584727
2.206896551724138,5.17241427586207,0.5555555555555556,3.101132322722678,4.191872202483346,4.243544789834881
2.206896551724138,5.17241427586207,0.6666666666666666,3.1017084366968595,4.191602437022029,4.243691177622593
2.206896551724138,5.17241427586207,0.7777777777777777,3.102282673913711,4.191332855300629,4.2438387677021785
2.206896551724138,5.17241427586207,0.8888888888888888,3.102855043109788,4.1910634570279655,4.243987548659154
2.206896551724138,5.17241427586207,1.0,3.103425552978176,4.190794241914051,4.244137509172026
2.206896551724138,5.517241827586208,0.0,3.0982232926605047,4.213371872051967,4.243364281066458
2.206896551724138,5.517241827586208,0.1111111111111111,3.0987816574764495,4.213106348536877,4.243502637368462
2.206896551724138,5.517241827586208,0.2222222222222222,3.099338262987231,4.212841010592851,4.243642110291169
2.206896551724138,5.517241827586208,0.3333333333333333,3.0998931171147026,4.212575857909499,4.243782689613946
2.206896551724138,5.517241827586208,0.4444444444444444,3.1004462277428217,4.21231089017767,4.243924365196995
2.206896551724138,5.517241827586208,0.5555555555555556,3.1009976027177073,4.212046107089433,4.2440671269807
2.206896551724138,5.517241827586208,0.6666666666666666,3.101547249847703,4.211781508338072,4.244210964984988
2.206896551724138,5.517241827586208,0.7777777777777777,3.1020951769034415,4.211517093618076,4.2443558693086905
2.206896551724138,5.517241827586208,0.8888888888888888,3.1026413916179094,4.211252862625112,4.244501830128919
2.206896551724138,5.517241827586208,1.0,3.1031859016865226,4.210988815056041,4.244648837700435
2.206896551724138,5.862069379310346,0.0,3.0982232926605047,4.231392376841603,4.2438659227967985
2.206896551724138,5.862069379310346,0.1111111111111111,3.0987568145763063,4.231132205576513,4.244002150800967
2.206896551724138,5.862069379310346,0.2222222222222222,3.0992887194992247,4.230872218397397,4.2441393735307145
2.206896551724138,5.862069379310346,0.3333333333333333,3.0998190144690723,4.230612414988539,4.244277582143241
2.206896551724138,5.862069379310346,0.4444444444444444,3.1003477064927356,4.2303527950354205,4.244416767863658
2.206896551724138,5.862069379310346,0.5555555555555556,3.1008748025442316,4.230093358224719,4.244556921984453
2.206896551724138,5.862069379310346,0.6666666666666666,3.1014003095647746,4.229834104244292,4.244698035864961
2.206896551724138,5.862069379310346,0.7777777777777777,3.1019242344628335,4.229575032783165,4.244840100930852
2.206896551724138,5.862069379310346,0.8888888888888888,3.102446584114202,4.229316143531538,4.244983108673603
2.206896551724138,5.862069379310346,1.0,3.1029673653620664,4.229057436180753,4.245127050649985
2.206896551724138,6.206896931034484,0.0,3.0982232926605047,4.247609025969647,4.244338258602411
2.206896551724138,6.206896931034484,0.1111111111111111,3.0987340855229655,4.24735428862568,4.244472170960987
2.206896551724138,6.206896931034484,0.2222222222222222,3.099243387211655,4.247099732580616,4.244606974199727
2.206896551724138,6.206896931034484,0.3333333333333333,3.0997512040091264,4.246845357519004,4.244742660621367
2.206896551724138,6.206896931034484,0.4444444444444444,3.100257542169212,4.246591163126547,4.244879222586062
2.206896551724138,6.206896931034484,0.5555555555555556,3.1007624079170815,4.246337149090105,4.245016652510946
2.206896551724138,6.206896931034484,0.6666666666666666,3.101265807449307,4.246083315097671,4.24515494286971
2.206896551724138,6.206896931034484,0.7777777777777777,3.1017677469339144,4.245829660838376,4.245294086192156
2.206896551724138,6.206896931034484,0.8888888888888888,3.102268232510451,4.245576186002479,4.245434075063773
2.206896551724138,6.206896931034484,1.0,3.1027672702900486,4.245322890281348,4.245574902125325
2.206896551724138,6.551724482758622,0.0,3.0982232926605047,4.262282432853671,4.2447833015432614
2.206896551724138,6.551724482758622,0.1111111111111111,3.098713211822062,4.26203313615594,4.244914780929281
2.206896551724138,6.551724482758622,0.2222222222222222,3.0992017515736348,4.261784017065187,4.245047062111011
2.206896551724138,6.551724482758622,0.3333333333333333,3.0996889175442583,4.261535075270214,4.245180138350591
2.206896551724138,6.551724482758622,0.4444444444444444,3.100174715337825,4.261286310460932,4.245314002959011
2.206896551724138,6.551724482758622,0.5555555555555556,3.1006591505331373,4.261037722328351,4.245448649295748
2.206896551724138,6.551724482758622,0.6666666666666666,3.1011422286839663,4.260789310564574,4.245584070768408
2.206896551724138,6.551724482758622,0.7777777777777777,3.101623955319103,4.260541074862799,4.245720260832353
2.206896551724138,6.551724482758622,0.8888888888888888,3.102104335942418,4.260293014917294,4.245857212990365
2.206896551724138,6.551724482758622,1.0,3.102583376032925,4.260045130423402,4.24599492079228
2.206896551724138,6.8965520344827596,0.0,3.0982232926605047,4.27562488917391,4.245202984848563
2.206896551724138,6.8965520344827596,0.1111111111111111,3.0986939754339953,4.27538098682381,4.245331965439582
2.206896551724138,6.8965520344827596,0.2222222222222222,3.099163378512427,4.275137257776794,4.245461670913807
2.206896551724138,6.8965520344827596,0.3333333333333333,3.0996315069580853,4.274893701728695,4.245592095342403
2.206896551724138,6.8965520344827596,0.4444444444444444,3.100098365811159,4.274650318376415,4.245723232838335
2.206896551724138,6.8965520344827596,0.5555555555555556,3.100563960089797,4.274407107417894,4.245855077556061
2.206896551724138,6.8965520344827596,0.6666666666666666,3.101028294790153,4.2741640685521185,4.245987623691227
2.206896551724138,6.8965520344827596,0.7777777777777777,3.1014913748864443,4.273921201479114,4.246120865480369
2.206896551724138,6.8965520344827596,0.8888888888888888,3.101953205330996,4.273678505899926,4.246254797200616
2.206896551724138,6.8965520344827596,1.0,3.1024137910543033,4.27343598151663,4.246389413169401
2.206896551724138,7.2413795862068975,0.0,3.0982232926605047,4.287811149352847,4.245599134666396
2.206896551724138,7.2413795862068975,0.1111111111111111,3.0986761911649863,4.2875725578764605,4.2457255885464935
2.206896551724138,7.2413795862068975,0.2222222222222222,3.0991278993033826,4.287334135003616,4.245852700511714
2.206896551724138,7.2413795862068975,0.3333333333333333,3.0995784216441975,4.287095880439078,4.245980465319799
2.206896551724138,7.2413795862068975,0.4444444444444444,3.1000277627364548,4.2868577938886165,4.246108877764439
2.206896551724138,7.2413795862068975,0.5555555555555556,3.1004759271097417,4.286619875058984,4.246237932675034
2.206896551724138,7.2413795862068975,0.6666666666666666,3.100922919274256,4.286382123657936,4.246367624916413
2.206896551724138,7.2413795862068975,0.7777777777777777,3.1013687437208532,4.286144539394197,4.246497949388607
2.206896551724138,7.2413795862068975,0.8888888888888888,3.1018134049210935,4.285907121977476,4.246628901026581
2.206896551724138,7.2413795862068975,1.0,3.1022569073272956,4.285669871118446,4.246760474800001
2.206896551724138,7.586207137931035,0.0,3.0982232926605047,4.298986432265293,4.245973457511548
2.206896551724138,7.586207137931035,0.1111111111111111,3.0986597007118233,4.298753042545905,4.2460973846112715
2.206896551724138,7.586207137931035,0.2222222222222222,3.0990949987272236,4.2985198164946645,4.246221911462871
2.206896551724138,7.586207137931035,0.3333333333333333,3.099529190843133,4.298286753826487,4.246347033410211
2.206896551724138,7.586207137931035,0.4444444444444444,3.0999622811787413,4.298053854257227,4.246472745828241
2.206896551724138,7.586207137931035,0.5555555555555556,3.1003942738360446,4.2978211175036805,4.246599044122773
2.206896551724138,7.586207137931035,0.6666666666666666,3.1008251728998815,4.297588543283579,4.246725923730274
2.206896551724138,7.586207137931035,0.7777777777777777,3.101254982437982,4.297356131315574,4.246853380117655
2.206896551724138,7.586207137931035,0.8888888888888888,3.1016837065010088,4.297123881319245,4.24698140878205
2.206896551724138,7.586207137931035,1.0,3.102111349122601,4.296891793015085,4.247110005250614
2.206896551724138,7.931034689655173,0.0,3.0982232926605047,4.309272447827686,4.2463275367660325
2.206896551724138,7.931034689655173,0.1111111111111111,3.098644367955953,4.309044133538266,4.246448957372738
2.206896551724138,7.931034689655173,0.2222222222222222,3.0990644057110353,4.308815977863554,4.246570926529497
2.206896551724138,7.931034689655173,0.3333333333333333,3.0994834096825388,4.308587980529343,4.246693440083327
2.206896551724138,7.931034689655173,0.4444444444444444,3.099901383611949,4.308360141262306,4.246816493908254
2.206896551724138,7.931034689655173,0.5555555555555556,3.1003183312254845,4.308132459790005,4.246940083905112
2.206896551724138,7.931034689655173,0.6666666666666666,3.100734256234141,4.307904935840877,4.247064206001375
2.206896551724138,7.931034689655173,0.7777777777777777,3.1011491623337246,4.3076775691442375,4.247188856150969
2.206896551724138,7.931034689655173,0.8888888888888888,3.1015630532048952,4.307450359430263,4.2473140303341
2.206896551724138,7.931034689655173,1.0,3.1019759325132052,4.30722330643,4.247439724557063
2.206896551724138,8.275862241379311,0.0,3.0982232926605047,4.318771997658059,4.246662834639894
2.206896551724138,8.275862241379311,0.1111111111111111,3.098630075211698,4.318548621445948,4.246781783792364
2.206896551724138,8.275862241379311,0.2222222222222222,3.099035885866136,4.318325398763562,4.246901236338387
2.206896551724138,8.275862241379311,0.3333333333333333,3.099440728045742,4.31810232934793,4.247021188559171
2.206896551724138,8.275862241379311,0.4444444444444444,3.099844605158808,4.317879412936917,4.24714163675948
2.206896551724138,8.275862241379311,0.5555555555555556,3.1002475206000395,4.317656649269223,4.247262577267475
2.206896551724138,8.275862241379311,0.6666666666666666,3.100649477750579,4.317434038084361,4.247384006434575
2.206896551724138,8.275862241379311,0.7777777777777777,3.1010504799780514,4.317211579122675,4.247505920635285
2.206896551724138,8.275862241379311,0.8888888888888888,3.101450530636592,4.316989272125319,4.2476283162670505
2.206896551724138,8.275862241379311,1.0,3.101849633066884,4.316767116834264,4.24775118975011
2.206896551724138,8.620689793103448,0.0,3.0982232926605047,4.327572530379444,4.246980697301536
2.206896551724138,8.620689793103448,0.1111111111111111,3.098616720210425,4.32735394840781,4.247097220577218
2.206896551724138,8.620689793103448,0.2222222222222222,3.099009235489187,4.327135514912428,4.2472142072442844
2.206896551724138,8.620689793103448,0.3333333333333333,3.0994008416222556,4.326917229641678,4.247331653960439
2.206896551724138,8.620689793103448,0.4444444444444444,3.099791541722928,4.32669909234472,4.247449557404028
2.206896551724138,8.620689793103448,0.5555555555555556,3.100181338892358,4.326481102771485,4.247567914273911
2.206896551724138,8.620689793103448,0.6666666666666666,3.100570236219591,4.326263260672688,4.247686721289318
2.206896551724138,8.620689793103448,0.7777777777777777,3.1009582367815995,4.326045565799808,4.247805975189722
2.206896551724138,8.620689793103448,0.8888888888888888,3.101345343643306,4.3258280179050885,4.247925672734716
2.206896551724138,8.620689793103448,1.0,3.101731559857624,4.325610616741536,4.2480458107038706
3.913793103448276,6.206896931034484,0.4444444444444444,2.5913880389671,4.598647670023,4.378325899873165
3.913793103448276,6.206896931034484,0.5555555555555556,2.594083166979918,4.598101871032218,4.376150849916639
3.913793103448276,6.206896931034484,0.6666666666666666,2.596774078131972,4.5975572010832275,4.373986842972003
3.913793103448276,6.206896931034484,0.7777777777777777,2.5994602871462136,4.597013651715759,4.371833828385482
3.913793103448276,6.206896931034484,0.8888888888888888,2.602141333123607,4.596471214594305,4.369691756172803
3.913793103448276,6.206896931034484,1.0,2.604816778573647,4.595929881505539,4.367560577003655
3.913793103448276,6.551724482758622,0.0,2.580575974254562,4.61777110416643,4.38204047113001
3.913793103448276,6.551724482758622,0.1111111111111111,2.5831813830461727,4.617230172449704,4.379920843656055
3.913793103448276,6.551724482758622,0.2222222222222222,2.5857848127581797,4.616690360277484,4.377811703182917
3.913793103448276,6.551724482758622,0.3333333333333333,2.588385735996729,4.616151659430358,4.375713001041754
3.913793103448276,6.551724482758622,0.4444444444444444,2.5909836499949623,4.615614061807051,4.373624689202257
3.913793103448276,6.551724482758622,0.5555555555555556,2.593578075687961,4.615077559422007,4.371546720258247
3.913793103448276,6.551724482758622,0.6666666666666666,2.5961685568168322,4.6145421444030505,4.369479047413677
3.913793103448276,6.551724482758622,0.7777777777777777,2.5987546590614463,4.614007808989074,4.367421624468889
3.913793103448276,6.551724482758622,0.8888888888888888,2.6013359692012887,4.613474545527822,4.365374405807288
3.913793103448276,6.551724482758622,1.0,2.6039120943039045,4.612942346473703,4.363337346382274
3.913793103448276,6.8965520344827596,0.0,2.580575974254562,4.63321881799703,4.377308515887595
3.913793103448276,6.8965520344827596,0.1111111111111111,2.583087459486399,4.6326874732732275,4.375280982256863
3.913793103448276,6.8965520344827596,0.2222222222222222,2.585597006310976,4.632157204867462,4.373263242336565
3.913793103448276,6.8965520344827596,0.3333333333333333,2.5881041437742476,4.631628005236516,4.371255251740712
3.913793103448276,6.8965520344827596,0.4444444444444444,2.5906084222391335,4.631099866940475,4.369256966640186
3.913793103448276,6.8965520344827596,0.5555555555555556,2.5931094126094845,4.630572782640697,4.367268343750612
3.913793103448276,6.8965520344827596,0.6666666666666666,2.595606705577785,4.630046745097831,4.365289340320553
3.913793103448276,6.8965520344827596,0.7777777777777777,2.5980999108962233,4.629521747169896,4.363319914119967
3.913793103448276,6.8965520344827596,0.8888888888888888,2.6005886566706833,4.628997781810398,4.361360023428947
3.913793103448276,6.8965520344827596,1.0,2.6030725886772506,4.628474842066495,4.359409627026707
3.913793103448276,7.2413795862068975,0.0,2.5805759742545624,4.647373920068329,4.37290433854183
3.913793103448276,7.2413795862068975,0.1111111111111111,2.583000064109465,4.646852183112758,4.370961760764944
3.913793103448276,7.2413795862068975,0.2222222222222222,2.585422261905113,4.64633148079205,4.369028347310751
3.913793103448276,7.2413795862068975,0.3333333333333333,2.5878421453814986,4.645811806162507,4.367104057604238
3.913793103448276,7.2413795862068975,0.4444444444444444,2.5902593108223644,4.645293152371238,4.3651888515582264
3.913793103448276,7.2413795862068975,0.5555555555555556,2.592673372400322,4.644775512654448,4.3632826895631425
3.913793103448276,7.2413795862068975,0.6666666666666666,2.5950839615414685,4.644258880335763,4.361385532477008
3.913793103448276,7.2413795862068975,0.7777777777777777,2.5974907263091604,4.643743248824605,4.359497341615679
3.913793103448276,7.2413795862068975,0.8888888888888888,2.5998933308066143,4.6432286116145844,4.357618078743271
3.913793103448276,7.2413795862068975,1.0,2.602291454597985,4.64271496228196,4.355747706062836
3.913793103448276,7.586207137931035,0.0,2.580575974254562,4.660393869440415,4.36879545166224
3.913793103448276,7.586207137931035,0.1111111111111111,2.5829185398781207,4.6598816895789446,4.366931454190775
3.913793103448276,7.586207137931035,0.2222222222222222,2.5852592634600176,4.659370504287921,4.365076048243476
3.913793103448276,7.586207137931035,0.3333333333333333,2.5875977649688076,4.658860307158026,4.363229196645492
3.913793103448276,7.586207137931035,0.4444444444444444,2.5899336805794104,4.658351091860172,4.36139086265119
3.913793103448276,7.586207137931035,0.5555555555555556,2.5922666621174213,4.657842852144021,4.3595610099354065
3.913793103448276,7.586207137931035,0.6666666666666666,2.594596376519525,4.657335581836582,4.357739602584968
3.913793103448276,7.586207137931035,0.7777777777777777,2.5969225053097196,4.656829274840807,4.355926605090343
3.913793103448276,7.586207137931035,0.8888888888888888,2.5992447440911053,4.656323925134245,4.354121982337524
3.913793103448276,7.586207137931035,1.0,2.601562802052931,4.6558195267677025,4.352325699600038
3.913793103448276,7.931034689655173,0.0,2.580575974254562,4.672411309468533,4.3649534801029
3.913793103448276,7.931034689655173,0.1111111111111111,2.5828423149807076,4.6719085829295315,4.363162348484286
3.913793103448276,7.931034689655173,0.2222222222222222,2.5851068658607756,4.671406812549741,4.361379285838687
3.913793103448276,7.931034689655173,0.3333333333333333,2.587369283661643,4.670905992398426,4.3596042580328405
3.913793103448276,7.931034689655173,0.4444444444444444,2.589629239375458,4.670406116616032,4.357837231312581
3.913793103448276,7.931034689655173,0.5555555555555556,2.5918864177456964,4.6699071794129425,4.356078172295406
3.913793103448276,7.931034689655173,0.6666666666666666,2.5941405168065614,4.6694091750682585,4.354327047963192
3.913793103448276,7.931034689655173,0.7777777777777777,2.5963912474355273,4.668912097928607,4.352583825655071
3.913793103448276,7.931034689655173,0.8888888888888888,2.5986383329188154,4.668415942406984,4.350848473060455
3.913793103448276,7.931034689655173,1.0,2.6008815085295476,4.667920702981612,4.349120958212224
3.913793103448276,8.275862241379311,0.0,2.580575974254562,4.683538811092272,4.36135353574672
3.913793103448276,8.275862241379311,0.1111111111111111,2.5827708894584553,4.683045395028083,4.359630131143953
3.913793103448276,8.275862241379311,0.2222222222222222,2.584964068082373,4.68255289836867,4.357914317697735
3.913793103448276,8.275862241379311,0.3333333333333333,2.587155199104316,4.682061315613684,4.356206064002456
3.913793103448276,8.275862241379311,0.4444444444444444,2.589343984039653,4.681570641326196,4.354505338988606
3.913793103448276,8.275862241379311,0.5555555555555556,2.591530136534907,4.681080870131634,4.352812111916384
3.913793103448276,8.275862241379311,0.6666666666666666,2.593713381972692,4.680591996716735,4.3511263523694526
3.913793103448276,8.275862241379311,0.7777777777777777,2.5958934570876298,4.680104015828513,4.349448030248797
3.913793103448276,8.275862241379311,0.8888888888888888,2.598070109593062,4.67961692227326,4.3477771157667275
3.913793103448276,8.275862241379311,1.0,2.600243097818358,4.679130710915573,4.346113579441021
3.913793103448276,8.620689793103448,0.0,2.5805759742545624,4.693872560500482,4.357973702163522
3.913793103448276,8.620689793103448,0.1111111111111111,2.5827038242722216,4.693388283740361,4.356313388914811
3.913793103448276,8.620689793103448,0.2222222222222222,2.58482999122725,4.692904891268255,4.3546602289366545
3.913793103448276,8.620689793103448,0.3333333333333333,2.586954192412729,4.692422377972306,4.353014193275549
3.913793103448276,8.620689793103448,0.4444444444444444,2.5890761562138995,4.691940738797377,4.351375253277011
3.913793103448276,8.620689793103448,0.5555555555555556,2.5911956217584065,4.691459968744135,4.349743380580055
3.913793103448276,8.620689793103448,0.6666666666666666,2.593312338575909,4.690980062868149,4.3481185471118176
3.913793103448276,8.620689793103448,0.7777777777777777,2.595426066266906,4.690501016278992,4.346500725082236
3.913793103448276,8.620689793103448,0.8888888888888888,2.597536574180621,4.690022824139391,4.344889886978901
3.913793103448276,8.620689793103448,1.0,2.5996436411018014,4.689545481664361,4.343286005561952
3.913793103448276,8.965517344827587,0.0,2.5805759742545624,4.703495257145277,4.35479460741545
3.913793103448276,8.965517344827587,0.1111111111111111,2.582640732305155,4.703019928464198,4.35319319136727
3.913793103448276,8.965517344827587,0.2222222222222222,2.5847038604595745,4.702545450556523,4.35159852643655
3.913793103448276,8.965517344827587,0.3333333333333333,2.5867651010000996,4.702071818662229,4.3500105858793745
3.913793103448276,8.965517344827587,0.4444444444444444,2.5888242060580215,4.701599028072215,4.348429343218731
3.913793103448276,8.965517344827587,0.5555555555555556,2.5908809373111983,4.701127074127494,4.34685477223973
3.913793103448276,8.965517344827587,0.6666666666666666,2.5929350656895145,4.700655952218407,4.345286846984939
3.913793103448276,8.965517344827587,0.7777777777777777,2.5949863710881114,4.70018565778386,4.343725541749791
3.913793103448276,8.965517344827587,0.8888888888888888,2.5970346420882695,4.699716186310557,4.342170831078076
3.913793103448276,8.965517344827587,1.0,2.5990796756858074,4.699247533332281,4.3406226897575575
3.913793103448276,9.310344896551724,0.0,2.580575974254562,4.712478413741094,4.351799068008912
3.913793103448276,9.310344896551724,0.1111111111111111,2.582581270913105,4.712011828228986,4.350252743794194
3.913793103448276,9.310344896551724,0.2222222222222222,2.5845849900530427,4.711546061530758,4.348712800599634
3.913793103448276,9.310344896551724,0.3333333333333333,2.5865868960930993,4.711081109206006,4.347179213676902
3.913793103448276,9.310344896551724,0.4444444444444444,2.5885867622269894,4.71061696686019,4.345651958516657
3.913793103448276,9.310344896551724,0.5555555555555556,2.590584370160833,4.710153630143915,4.344131010844367
3.913793103448276,9.310344896551724,0.6666666666666666,2.5925795098572424,4.709691094752259,4.342616346616264
3.913793103448276,9.310344896551724,0.7777777777777777,2.5945719792860236,4.709229356424099,4.341107942015343
3.913793103448276,9.310344896551724,0.8888888888888888,2.596561584181338,4.708768410941451,4.339605773447446
3.913793103448276,9.310344896551724,1.0,2.5985481378052553,4.708308254128824,4.338109817537421
3.913793103448276,9.655172448275863,0.0,2.580575974254562,4.7208841982411744,4.348971790620543
3.913793103448276,9.655172448275863,0.1111111111111111,2.5825251357210024,4.720426142211578,4.34747709639923
3.913793103448276,9.655172448275863,0.2222222222222222,2.584472770943866,4.7199688745366215,4.3459884419270445
3.913793103448276,9.655172448275863,0.3333333333333333,2.5864186640203437,4.71951239106706,4.344505804261944
3.913793103448276,9.655172448275863,0.4444444444444444,2.5883626068909025,4.719056687695076,4.343029160676497
3.913793103448276,9.655172448275863,0.5555555555555556,2.5903043991104013,4.7186017603536445,4.3415584886542264
3.913793103448276,9.655172448275863,0.6666666666666666,2.5922438476249177,4.718147605015963,4.340093765886101
3.913793103448276,9.655172448275863,0.7777777777777777,2.5941807665541705,4.7176942176948415,4.338634970267011
3.913793103448276,9.655172448275863,0.8888888888888888,2.5961149769794796,4.717241594442139,4.337182079892367
3.913793103448276,9.655172448275863,1.0,2.5980463067371353,4.716789731348187,4.335735073054727
3.913793103448276,10.0,0.0,2.580575974254562,4.7287669213574635,4.346299121008147
3.913793103448276,10.0,0.1111111111111111,2.582472055428828,4.7283171761278044,4.344852899461525
3.913793103448276,10.0,0.2222222222222222,2.584366660312687,4.727868190234141,4.343412402375594
3.913793103448276,10.0,0.3333333333333333,2.5862595905549632,4.727419959793131,4.341977608446727
3.913793103448276,10.0,0.4444444444444444,2.588150654836321,4.726972480958954,4.34054849656454
3.913793103448276,10.0,0.5555555555555556,2.5900396686690454,4.726525749922774,4.339125045808725
0.5,7.586207137931035,0.4444444444444444,3.444404704454701,3.5311881002367014,4.7433181363032135
0.5,7.586207137931035,0.5555555555555556,3.444413287193073,3.531164957012498,4.743328779088073
0.5,7.586207137931035,0.6666666666666666,3.444421867712768,3.5311418168254147,4.743339420024471
0.5,7.586207137931035,0.7777777777777777,3.444430446014768,3.5311186796747562,4.743350059112969
0.5,7.586207137931035,0.8888888888888888,3.444439022100052,3.5310955455598187,4.743360696354133
0.5,7.586207137931035,1.0,3.4444475959696,3.531072414479907,4.7433713317485235
0.5,7.931034689655173,0.0,3.444370351294803,3.5368580253573354,4.743325644392299
0.5,7.931034689655173,0.1111111111111111,3.444378597508171,3.536835576047855,4.743335868993374
0.5,7.931034689655173,0.2222222222222222,3.4443868416690457,3.53681312958291,4.743346091883756
0.5,7.931034689655173,0.3333333333333333,3.444395083778301,3.5367906859618636,4.743356313063948
0.5,7.931034689655173,0.4444444444444444,3.444403323836812,3.536768245184078,4.743366532534452
0.5,7.931034689655173,0.5555555555555556,3.444411561845453,3.536745807248914,4.743376750295774
0.5,7.931034689655173,0.6666666666666666,3.444419797805097,3.5367233721557354,4.743386966348415
0.5,7.931034689655173,0.7777777777777777,3.444428031716618,3.536700939903906,4.743397180692879
0.5,7.931034689655173,0.8888888888888888,3.4444362635808874,3.536678510492788,4.74340739332967
0.5,7.931034689655173,1.0,3.4444444933987772,3.536656083921744,4.743417604259289
0.5,8.275862241379311,0.0,3.444370351294803,3.5419910585800243,4.743371944618614
0.5,8.275862241379311,0.1111111111111111,3.444378278788931,3.541969277037654,4.743381776321209
0.5,8.275862241379311,0.2222222222222222,3.4443862043818885,3.541947498162115,4.743391606437846
0.5,8.275862241379311,0.3333333333333333,3.444394128074459,3.5419257219528215,4.743401434968977
0.5,8.275862241379311,0.4444444444444444,3.4444020498674224,3.5419039484091943,4.743411261915053
0.5,8.275862241379311,0.5555555555555556,3.444409969761562,3.541882177530652,4.743421087276524
0.5,8.275862241379311,0.6666666666666666,3.4444178877576572,3.5418604093166106,4.743430911053841
0.5,8.275862241379311,0.7777777777777777,3.444425803856488,3.5418386437664937,4.743440733247455
0.5,8.275862241379311,0.8888888888888888,3.4444337180588347,3.5418168808797175,4.743450553857814
0.5,8.275862241379311,1.0,3.4444416303654766,3.5417951206557006,4.74346037288537
0.5,8.620689793103448,0.0,3.444370351294803,3.546731056842698,4.743414862572426
0.5,8.620689793103448,0.1111111111111111,3.444377983782497,3.546709907331436,4.743424330436709
0.5,8.620689793103448,0.2222222222222222,3.4443856145042218,3.5466887603249977,4.7434337968266265
0.5,8.620689793103448,0.3333333333333333,3.4443932434606794,3.5466676158228476,4.743443261742582
0.5,8.620689793103448,0.4444444444444444,3.4444008706525726,3.546646473824457,4.7434527251849845
0.5,8.620689793103448,0.5555555555555556,3.4444084960806007,3.546625334329294,4.743462187154235
0.5,8.620689793103448,0.6666666666666666,3.4444161197454646,3.5466041973368263,4.74347164765074
0.5,8.620689793103448,0.7777777777777777,3.444423741647865,3.546583062846525,4.743481106674903
0.5,8.620689793103448,0.8888888888888888,3.444431361788501,3.5465619308578553,4.743490564227131
0.5,8.620689793103448,1.0,3.4444389801680724,3.546540801370292,4.743500020307826
0.5,8.965517344827587,0.0,3.444370351294803,3.5511216531180945,4.743454755103004
0.5,8.965517344827587,0.1111111111111111,3.444377709938246,3.551101102333084,4.743463885081212
0.5,8.965517344827587,0.2222222222222222,3.4443850669370075,3.5510805539048604,4.74347301368528
0.5,8.965517344827587,0.3333333333333333,3.444392422291721,3.551060007832934,4.743482140915577
0.5,8.965517344827587,0.4444444444444444,3.4443997760030163,3.551039464116818,4.743491266772466
0.5,8.965517344827587,0.5555555555555556,3.4444071280715263,3.551018922756027,4.743500391256313
0.5,8.965517344827587,0.6666666666666666,3.4444144784978814,3.5509983837500756,4.743509514367482
0.5,8.965517344827587,0.7777777777777777,3.4444218272827136,3.550977847098473,4.743518636106341
0.5,8.965517344827587,0.8888888888888888,3.4444291744266504,3.5509573128007395,4.743527756473251
0.5,8.965517344827587,1.0,3.444436519930324,3.550936780856384,4.743536875468579
0.5,9.310344896551724,0.0,3.444370351294803,3.555200229908356,4.743491930597378
0.5,9.310344896551724,0.1111111111111111,3.44437745505859,3.555180246824961,4.743500745961629
0.5,9.310344896551724,0.2222222222222222,3.444384557286914,3.5551602659627726,4.743509560042098
0.5,9.310344896551724,0.3333333333333333,3.4443916579803457,3.5551402873213465,4.743518372839112
0.5,9.310344896551724,0.4444444444444444,3.444398757139458,3.555120310900235,4.743527184353004
0.5,9.310344896551724,0.5555555555555556,3.4444058547648204,3.555100336698992,4.7435359945841045
0.5,9.310344896551724,0.6666666666666666,3.4444129508570036,3.55508036471717,4.743544803532744
0.5,9.310344896551724,0.7777777777777777,3.444420045416578,3.5550603949543245,4.743553611199252
0.5,9.310344896551724,0.8888888888888888,3.4444271384441123,3.555040427410006,4.743562417583959
0.5,9.310344896551724,1.0,3.4444342299401773,3.5550204620837706,4.743571222687195
0.5,9.655172448275863,0.0,3.444370351294803,3.5589990032600642,4.74352665693919
0.5,9.655172448275863,0.1111111111111111,3.444377217239953,3.5589795589784416,4.743535178638158
0.5,9.655172448275863,0.2222222222222222,3.444384081748338,3.5589601167935925,4.743543699135078
0.5,9.655172448275863,0.3333333333333333,3.4443909448204764,3.558940676705102,4.743552218430249
0.5,9.655172448275863,0.4444444444444444,3.444397806456885,3.5589212387125615,4.743560736523975
0.5,9.655172448275863,0.5555555555555556,3.4444046666580825,3.558901802815559,4.743569253416552
0.5,9.655172448275863,0.6666666666666666,3.4444115254245853,3.558882369013686,4.743577769108281
0.5,9.655172448275863,0.7777777777777777,3.4444183827569104,3.558862937306529,4.743586283599463
0.5,9.655172448275863,0.8888888888888888,3.4444252386555756,3.5588435076936777,4.743594796890397
0.5,9.655172448275863,1.0,3.444432093121095,3.558824080174724,4.743603308981383
0.5,10.0,0.0,3.444370351294803,3.562545888141642,4.743559167948033
0.5,10.0,0.1111111111111111,3.4443769948252108,3.562526955733296,4.743567414906203
0.5,10.0,0.2222222222222222,3.444383637008338,3.5625080253072676,4.743575660736505
0.5,10.0,0.3333333333333333,3.4443902778446565,3.562489096863177,4.743583905439211
0.5,10.0,0.4444444444444444,3.4443969173346365,3.5624701704006467,4.743592149014592
0.5,10.0,0.5555555555555556,3.44440355547875,3.562451245919295,4.743600391462924
0.5,10.0,0.6666666666666666,3.4444101922774664,3.5624323234187463,4.74360863278448
0.5,10.0,0.7777777777777777,3.4444168277312577,3.5624134028986223,4.7436168729795325
0.5,10.0,0.8888888888888888,3.4444234618405916,3.5623944843585407,4.743625112048355
0.5,10.0,1.0,3.4444300946059387,3.562375567798128,4.743633349991218
2.206896551724138,1e-06,0.0,3.0982232926605042,3.0457539568418195,4.241890189976075
2.206896551724138,1e-06,0.1111111111111111,3.1003874521764736,3.038116135463908,4.241179269253326
2.206896551724138,1e-06,0.2222222222222222,3.1025364412790792,3.038200071723869,4.240499031905889
2.206896551724138,1e-06,0.3333333333333333,3.104670367113089,3.0457344925854617,4.239849130826064
2.206896551724138,1e-06,0.4444444444444444,3.1067893398904,3.036472948436325,4.239229219535191
2.206896551724138,1e-06,0.5555555555555556,3.108893468189559,3.038173308433041,4.2386389508488564
2.206896551724138,1e-06,0.6666666666666666,3.110982857658453,3.0364738028889278,4.23807797757569
2.206896551724138,1e-06,0.7777777777777777,3.1130576214402823,3.0439443505830686,4.237545953798567
2.206896551724138,1e-06,0.8888888888888888,3.1151178683962226,3.0457538535474766,4.237042533372739
2.206896551724138,1e-06,1.0,3.1171637088499606,3.036476043894738,4.236567370867736
2.206896551724138,0.34482855172413795,0.0,3.0982232926605047,1.7648409535972922,4.237520216331106
2.206896551724138,0.34482855172413795,0.1111111111111111,3.1000609925278946,1.7651044424600304,4.237135226438162
2.206896551724138,0.34482855172413795,0.2222222222222222,3.101886138940774,1.7653701719459292,4.236772032271671
2.206896551724138,0.34482855172413795,0.3333333333333333,3.1036988224813045,1.7656381138284607,4.236430356660617
2.206896551724138,0.34482855172413795,0.4444444444444444,3.1054991339076587,1.765908239770102,4.236109923871102
2.206896551724138,0.34482855172413795,0.5555555555555556,3.1072871640989703,1.7661805213265465,4.235810459644224
2.206896551724138,0.34482855172413795,0.6666666666666666,3.109063004003477,1.7664549299545727,4.235531691232934
2.206896551724138,0.34482855172413795,0.7777777777777777,3.1108267445896756,1.7667314370136382,4.2352733474378725
2.206896551724138,0.34482855172413795,0.8888888888888888,3.112578476800351,1.7670100137750568,4.235035158642142
2.206896551724138,0.34482855172413795,1.0,3.1143182915093166,1.7672906314248296,4.234816856845024
2.206896551724138,0.689656103448276,0.0,3.0982232926605047,2.7218857987201863,4.235735565607869
2.206896551724138,0.689656103448276,0.1111111111111111,3.0998192227520405,2.7222082932735705,4.2355457601259054
2.206896551724138,0.689656103448276,0.2222222222222222,3.101404771591174,2.722528959209413,4.235371770548031
2.206896551724138,0.689656103448276,0.3333333333333333,3.10298001457336,2.7228477915154854,4.2352133868329895
2.206896551724138,0.689656103448276,0.4444444444444444,3.104545027011781,2.7231647853358174,4.235070400577323
2.206896551724138,0.689656103448276,0.5555555555555556,3.106099884108631,2.723479935968482,4.2349426050251315
2.206896551724138,0.689656103448276,0.6666666666666666,3.1076446609280297,2.7237932388634096,4.2348297950772
2.206896551724138,0.689656103448276,0.7777777777777777,3.1091794323705084,2.7241046896202183,4.234731767299545
2.206896551724138,0.689656103448276,0.8888888888888888,3.1107042731489813,2.724414283986104,4.234648319931329
2.206896551724138,0.689656103448276,1.0,3.1122192577661383,2.724722017853768,4.234579252892208
2.206896551724138,1.034483655172414,0.0,3.0982232926605047,3.218060131940949,4.235243176279225
2.206896551724138,1.034483655172414,0.1111111111111111,3.099633201921721,3.218062798857081,4.235174030595354
2.206896551724138,1.034483655172414,0.2222222222222222,3.101034456006301,3.218064421472973,4.235116651036123
2.206896551724138,1.034483655172414,0.3333333333333333,3.1024271170568127,3.218064999377878,4.235070880151057
2.206896551724138,1.034483655172414,0.4444444444444444,3.1038112470372985,3.2180645322291688,4.235036561931911
2.206896551724138,1.034483655172414,0.5555555555555556,3.1051869077177736,3.2180630197511944,4.235013541810881
2.206896551724138,8.965517344827587,0.0,3.0982232926605047,4.335748919832995,4.247282361719276
2.206896551724138,8.965517344827587,0.1111111111111111,3.0986042136576817,4.33553498511251,4.247396512058339
2.206896551724138,8.965517344827587,0.2222222222222222,3.098984276702574,4.335321193891793,4.247511090205099
2.206896551724138,8.965517344827587,0.3333333333333333,3.0993634846572826,4.335107545930481,4.247626093145239
2.206896551724138,8.965517344827587,0.4444444444444444,3.0997418403730075,4.334894040988947,4.2477415178826
2.206896551724138,8.965517344827587,0.5555555555555556,3.1001193466900716,4.334680678828282,4.247857361439072
2.206896551724138,8.965517344827587,0.6666666666666666,3.1004960064379583,4.334467459210311,4.247973620854467
2.206896551724138,8.965517344827587,0.7777777777777777,3.10087182243533,4.334254381897573,4.248090293186422
2.206896551724138,8.965517344827587,0.8888888888888888,3.1012467974900617,4.334041446653331,4.24820737551027
2.206896551724138,8.965517344827587,1.0,3.1016209343992696,4.33382865324156,4.248324864918941
2.206896551724138,9.310344896551724,0.0,3.0982232926605047,4.34336565825516,4.247568963291756
2.206896551724138,9.310344896551724,0.1111111111111111,3.098592477240279,4.343156223079723,4.247680798598183
2.206896551724138,9.310344896551724,0.2222222222222222,3.0989608534895066,4.342946926536793,4.247793029935567
2.206896551724138,9.310344896551724,0.3333333333333333,3.099328424035553,4.34273776839704,4.247905654576538
2.206896551724138,9.310344896551724,0.4444444444444444,3.0996951914959916,4.34252874843183,4.248018669809756
2.206896551724138,9.310344896551724,0.5555555555555556,3.100061158478624,4.342319866413202,4.248132072939823
2.206896551724138,9.310344896551724,0.6666666666666666,3.10042632758152,4.342111122113879,4.248245861287169
2.206896551724138,9.310344896551724,0.7777777777777777,3.100790701393022,4.341902515307255,4.24836003218797
2.206896551724138,9.310344896551724,0.8888888888888888,3.101154282491793,4.341694045767398,4.248474582994041
2.206896551724138,9.310344896551724,1.0,3.1015170734468263,4.3414857132690425,4.248589511072743
2.206896551724138,9.655172448275863,0.0,3.0982232926605042,4.350478603869386,4.247841543691529
2.206896551724138,9.655172448275863,0.1111111111111111,3.098581441989554,4.350273521585018,4.24795112501996
2.206896551724138,9.655172448275863,0.2222222222222222,3.098938828437455,4.3500685731973805,4.248061073898328
2.206896551724138,9.655172448275863,0.3333333333333333,3.0992954544216973,4.349863758487873,4.24817138785133
2.206896551724138,9.655172448275863,0.4444444444444444,3.0996513223509505,4.349659077238542,4.248282064417867
2.206896551724138,9.655172448275863,0.5555555555555556,3.1000064346250893,4.349454529232063,4.24839310115097
2.206896551724138,9.655172448275863,0.6666666666666666,3.1003607936352156,4.34925011425176,4.248504495617699
2.206896551724138,9.655172448275863,0.7777777777777777,3.100714401763682,4.349045832081571,4.2486162453990755
2.206896551724138,9.655172448275863,0.8888888888888888,3.1010672613841157,4.348841682506078,4.248728348089984
2.206896551724138,9.655172448275863,1.0,3.1014193748614405,4.348637665310477,4.248840801299096
2.206896551724138,10.0,0.0,3.0982232926605047,4.357136385466507,4.2481010585708034
2.206896551724138,10.0,0.1111111111111111,3.0985710469287575,4.356935511742025,4.248208448757242
2.206896551724138,10.0,0.2222222222222222,3.098918080046633,4.356734767324755,4.248316180878563
2.206896551724138,10.0,0.3333333333333333,3.0992643942434173,4.356534152006452,4.248424252681739
2.206896551724138,10.0,0.4444444444444444,3.0996099917404307,4.356333665579469,4.248532661926377
2.206896551724138,10.0,0.5555555555555556,3.0999548747510586,4.356133307836763,4.248641406384644
2.206896551724138,10.0,0.6666666666666666,3.1002990454807624,4.355933078571871,4.248750483841195
2.206896551724138,10.0,0.7777777777777777,3.1006425061271052,4.355732977578934,4.24885989209309
2.206896551724138,10.0,0.8888888888888888,3.100985258879772,4.355533004652669,4.248969628949729
2.206896551724138,10.0,1.0,3.1013273059205897,4.355333159588387,4.249079692232783
3.913793103448276,1e-06,0.0,2.580575974254562,3.0457536886327383,4.6812520619160605
3.913793103448276,1e-06,0.1111111111111111,2.5895102624708604,3.04159698377685,4.672538275412567
3.913793103448276,1e-06,0.2222222222222222,2.5985053743258315,3.045753683339992,4.663878063173991
3.913793103448276,1e-06,0.3333333333333333,,,
3.913793103448276,1e-06,0.4444444444444444,2.6165881185289854,3.0457574819307287,4.646715343365987
3.913793103448276,1e-06,0.5555555555555556,2.625637064524956,3.045752903788703,4.6382113331692745
3.913793103448276,1e-06,0.6666666666666666,2.6346690647551205,3.040266234060848,4.629758173862002
3.913793103448276,1e-06,0.7777777777777777,,,
3.913793103448276,1e-06,0.8888888888888888,2.652627896341333,3.045753658478287,4.6130020620961565
3.913793103448276,1e-06,1.0,2.6615318160663937,3.040262871322737,4.604698147511383
3.913793103448276,0.34482855172413795,0.0,2.580575974254562,2.05864524456576,4.637324619118409
3.913793103448276,0.34482855172413795,0.1111111111111111,2.588504468817626,2.059627715009208,4.62958973405941
3.913793103448276,0.34482855172413795,0.2222222222222222,2.5964704394801736,2.0606216779943662,4.62190570322301
3.913793103448276,0.34482855172413795,0.3333333333333333,2.6044576968853828,2.061626707429395,4.614271979901335
3.913793103448276,0.34482855172413795,0.4444444444444444,2.6124517630354167,2.062642390675781,4.606688057660998
3.913793103448276,0.34482855172413795,0.5555555555555556,2.6204397272011892,2.063668328027896,4.599153468441159
3.913793103448276,0.34482855172413795,0.6666666666666666,2.6284101100799333,2.064704131927345,4.591667780776144
3.913793103448276,0.34482855172413795,0.7777777777777777,2.636352736549935,2.0657494262785887,4.584230598131721
3.913793103448276,0.34482855172413795,0.8888888888888888,2.6442586171304705,2.066803846166849,4.5768415573450705
3.913793103448276,0.34482855172413795,1.0,2.652119838069814,2.067867036859332,4.569500327159561
3.913793103448276,0.689656103448276,0.0,2.5805759742545624,3.085563409844641,4.601112738477648
3.913793103448276,0.689656103448276,0.1111111111111111,2.5877006748918623,3.085733134788339,4.594198829971584
3.913793103448276,0.689656103448276,0.2222222222222222,2.5948488860192196,3.0859077629451606,4.5873319477729435
3.913793103448276,0.689656103448276,0.3333333333333333,2.602008894916932,3.0860870516142973,4.580511673305922
3.913793103448276,0.689656103448276,0.4444444444444444,2.609170149070408,3.0862707663488,4.573737615115398
3.913793103448276,0.689656103448276,0.5555555555555556,2.6163231643081257,3.0864586805911634,4.567009407608786
3.913793103448276,0.689656103448276,0.6666666666666666,2.6234594381035223,3.0866505753304754,4.560326709870931
3.913793103448276,0.689656103448276,0.7777777777777777,2.6305713681570055,3.086846238779546,4.553689204546149
3.913793103448276,0.689656103448276,0.8888888888888888,2.6376521762655947,3.08704546607058,4.547096596782134
3.913793103448276,0.689656103448276,1.0,2.6446958374033906,3.0872480589680853,4.540548613230779
3.913793103448276,1.034483655172414,0.0,2.580575974254562,3.5324871155198663,4.570812263418105
3.913793103448276,1.034483655172414,0.1111111111111111,2.5870438867094934,3.5323205895747156,4.564589420907939
3.913793103448276,1.034483655172414,0.2222222222222222,2.593526614673862,3.5321568703031314,4.558409480061214
3.913793103448276,1.034483655172414,0.3333333333333333,2.60001543805558,3.531995817987824,4.55227210135225
3.913793103448276,1.034483655172414,0.4444444444444444,2.60650244892501,3.5318372976903314,4.546176964089391
3.913793103448276,1.034483655172414,0.5555555555555556,2.61298049091158,3.5316811790532445,4.540123765563996
3.913793103448276,1.034483655172414,0.6666666666666666,2.619443101913947,3.5315273361131445,4.53411222024433
3.913793103448276,1.034483655172414,0.7777777777777777,2.6258844601563904,3.531375647123538,4.528142059011103
3.913793103448276,1.034483655172414,0.8888888888888888,2.632299333571974,3.5312259943870825,4.52221302843157
3.913793103448276,1.034483655172414,1.0,2.6386830324522164,3.5310782640965535,4.516324890069494
3.913793103448276,1.3793112068965518,0.0,2.5805759742545624,3.7878571675383266,4.545128588996067
3.913793103448276,1.3793112068965518,0.1111111111111111,2.586497335844845,3.787520660719946,4.539491045669876
3.913793103448276,1.3793112068965518,0.2222222222222222,2.592427927056084,3.787186257420403,4.53389238437631
3.913793103448276,1.3793112068965518,0.3333333333333333,2.598361095588422,3.786853864459161,4.528332320316818
3.913793103448276,1.3793112068965518,0.4444444444444444,2.604290773487199,3.786523391820627,4.522810582176703
3.913793103448276,1.3793112068965518,0.5555555555555556,2.6102114359533926,3.786194752529436,4.517326911536706
3.913793103448276,1.3793112068965518,0.6666666666666666,2.6161180623329607,3.7858678625319593,4.511881062313239
3.913793103448276,1.3793112068965518,0.7777777777777777,2.622006099288331,3.7855426405837096,4.5064728002254295
3.913793103448276,1.3793112068965518,0.8888888888888888,2.627871426128833,3.785219008142212,4.501101902287071
3.913793103448276,1.3793112068965518,1.0,2.6337103222560563,3.7848968892650627,4.495768156321947
3.913793103448276,1.7241387586206898,0.0,2.580575974254562,3.958805928341489,4.5231114797361025
3.913793103448276,1.7241387586206898,0.1111111111111111,2.5860355292380293,3.95836742254709,4.517973178680987
3.913793103448276,1.7241387586206898,0.2222222222222222,2.5915006364471,3.95793074265717,4.51287002503952
3.913793103448276,1.7241387586206898,0.3333333333333333,2.5969661138061864,3.9574958217567087,4.5078017752079065
3.913793103448276,1.7241387586206898,0.4444444444444444,2.6024272097670593,3.9570625951484777,4.502768195506554
3.913793103448276,1.7241387586206898,0.5555555555555556,2.607879574574801,3.9566310002692533,4.49776906176441
3.913793103448276,1.7241387586206898,0.6666666666666666,2.6133192330002326,3.956200976609947,4.4928041589222305
3.913793103448276,1.7241387586206898,0.7777777777777777,2.618742558532565,3.9557724656394395,4.487873280653531
3.913793103448276,1.7241387586206898,0.8888888888888888,2.624146249012055,3.9553454107319075,4.482976229002198
3.913793103448276,1.7241387586206898,1.0,2.6295273036712326,3.9549197570974517,4.478112814035741
3.913793103448276,2.068966310344828,0.0,2.5805759742545624,4.0832757075045425,4.504049462745936
3.913793103448276,2.068966310344828,0.1111111111111111,2.585640246782255,4.082772733532599,4.499340113731131
3.913793103448276,2.068966310344828,0.2222222222222222,2.5907076048035043,4.082271464277623,4.494662527535158
3.913793103448276,2.068966310344828,0.3333333333333333,2.5957739378862987,4.081771849179043,4.490016493285306
3.913793103448276,2.068966310344828,0.4444444444444444,2.6008354594274037,4.08127383928616,4.485401807592472
3.913793103448276,2.068966310344828,0.5555555555555556,2.605888686141813,4.08077738719973,4.480818274251576
3.913793103448276,2.068966310344828,0.6666666666666666,2.6109304185606863,4.080282447016127,4.476265703954738
3.913793103448276,2.068966310344828,0.7777777777777777,2.6159577225294632,4.079788974273961,4.471743914016544
3.913793103448276,2.068966310344828,0.8888888888888888,2.6209679116900806,4.079296925903015,4.467252728110677
3.913793103448276,2.068966310344828,1.0,2.625958530925009,4.078806260175365,4.4627919760172565
3.913793103448276,2.413793862068966,0.0,2.580575974254562,4.178804225467865,4.487400385245475
3.913793103448276,2.413793862068966,0.1111111111111111,2.585298127008938,4.178260154228658,4.483062234434742
0.5,1e-06,0.0,3.4443703512964716,3.0426145298591423,4.731402898189495
0.5,1e-06,0.1111111111111111,3.4444746199235063,3.042838694540564,4.731525773243976
0.5,1e-06,0.2222222222222222,3.444578761411081,3.035583726074547,4.731648561397942
0.5,1e-06,0.3333333333333333,3.4446827735495864,3.042833673939713,4.731771262751881
0.5,1e-06,0.4444444444444444,3.444786659748652,3.0355417440493895,4.731893877307752
0.5,1e-06,0.5555555555555556,3.444890417049427,3.0426896525424274,4.732016405140196
0.5,1e-06,0.6666666666666666,3.444994047885993,3.042827718098724,4.73213884639731
0.5,1e-06,0.7777777777777777,3.44509755182648,3.0427750663864295,4.732261201018406
0.5,1e-06,0.8888888888888888,3.4452009297025197,3.0383369404771945,4.732383469083801
0.5,1e-06,1.0,3.445304179628832,3.0428403878933334,4.732505650725855
0.5,0.34482855172413795,0.0,3.444370351294803,1.8043096198946462,4.735391843317521
0.5,0.34482855172413795,0.1111111111111111,3.444440197344409,1.8043986903691889,4.73547496831014
0.5,0.34482855172413795,0.2222222222222222,3.4445099573247795,1.8044879501388007,4.735558031020128
0.5,0.34482855172413795,0.3333333333333333,3.4445796313710457,1.80457739894777,4.735641031501421
0.5,0.34482855172413795,0.4444444444444444,3.4446492196180922,1.8046670365404738,4.735723969807926
0.5,0.34482855172413795,0.5555555555555556,3.444718722200558,1.8047568626613786,4.735806845993523
0.5,0.34482855172413795,0.6666666666666666,3.44478813925284,1.8048468770550337,4.7358896601120675
0.5,0.34482855172413795,0.7777777777777777,3.444857470909091,1.8049370794660875,4.735972412217386
0.5,0.34482855172413795,0.8888888888888888,3.4449267173032205,1.8050274696392743,4.736055102363279
0.5,0.34482855172413795,1.0,3.4449958785688963,1.8051180473194173,4.736137730603519
0.5,0.689656103448276,0.0,3.444370351294803,2.488548543365248,4.737492297337874
0.5,0.689656103448276,0.1111111111111111,3.444422710984285,2.4886158181502256,4.737555203541256
0.5,0.689656103448276,0.2222222222222222,3.444475013099746,2.4886830673899483,4.7376180667189365
0.5,0.689656103448276,0.3333333333333333,3.4445272577285966,2.488750291135071,4.73768088691009
0.5,0.689656103448276,0.4444444444444444,3.44457944495809,2.4888174894361783,4.7377436641538635
0.5,0.689656103448276,0.5555555555555556,3.444631574875317,2.488884662343786,4.737806398489363
0.5,0.689656103448276,0.6666666666666666,3.444683647567212,2.4889518099083583,4.737869089955663
0.5,0.689656103448276,0.7777777777777777,3.444735663120552,2.4890189321802745,4.737931738591804
0.5,0.689656103448276,0.8888888888888888,3.4447876216219515,2.4890860292098638,4.737994344436792
0.5,0.689656103448276,1.0,3.4448395231578735,2.489153101047374,4.738056907529598
0.5,1.034483655172414,0.0,3.444370351294803,2.8441022862430763,4.7388029533321365
0.5,1.034483655172414,0.1111111111111111,3.444412165591098,2.84410291832645,4.738853536976037
0.5,1.034483655172414,0.2222222222222222,3.4444539394496814,2.844103547821656,4.738904089703258
0.5,1.034483655172414,0.3333333333333333,3.444495672927544,2.8441041747529585,4.738954611541025
0.5,1.034483655172414,0.4444444444444444,3.444537366081583,2.8441047991445845,4.7390051025165345
0.5,1.034483655172414,0.5555555555555556,3.444579018968589,2.8441054210207106,4.73905556265696
0.5,1.034483655172414,0.6666666666666666,3.4446206316452574,2.8441060404054697,4.739105991989441
0.5,1.034483655172414,0.7777777777777777,3.4446622041681816,2.8441066573229525,4.739156390541096
0.5,1.034483655172414,0.8888888888888888,3.444703736593856,2.8441072717972005,4.739206758339015
0.5,1.034483655172414,1.0,3.4447452289786757,2.8441078838522165,4.739257095410256
0.5,1.3793112068965518,0.0,3.444370351294803,3.028243251218428,4.739701192854277
0.5,1.3793112068965518,0.1111111111111111,3.4444051318651985,3.0282210697259875,4.739743475903661
0.5,1.3793112068965518,0.2222222222222222,3.444439882702651,3.0281988940747193,4.739785735839388
0.5,1.3793112068965518,0.3333333333333333,3.444474603845569,3.0281767242745135,4.739827972680572
0.5,1.3793112068965518,0.4444444444444444,3.4445092953322933,3.028154560335243,4.739870186446313
0.5,1.3793112068965518,0.5555555555555556,3.4445439572011036,3.0281324022667513,4.73991237715569
0.5,1.3793112068965518,0.6666666666666666,3.444578589490215,3.028110250078865,4.7399545448277625
0.5,1.3793112068965518,0.7777777777777777,3.44461319223778,3.02808810378138,4.73999668948157
0.5,1.3793112068965518,0.8888888888888888,3.444647765481888,3.028065963384074,4.740038811136134
0.5,1.3793112068965518,1.0,3.444682309260564,3.028043828896696,4.740080909810456
0.5,1.7241387586206898,0.0,3.444370351294803,3.142376043066115,4.740355853913283
0.5,1.7241387586206898,0.1111111111111111,3.4444001133446402,3.1423446054093085,4.740392167965444
0.5,1.7241387586206898,0.2222222222222222,3.4444298526951225,3.142313176675724,4.740428464150339
0.5,1.7241387586206898,0.3333333333333333,3.4444595693730826,3.1422817568683934,4.740464742481715
0.5,1.7241387586206898,0.4444444444444444,3.444489263405306,3.1422503459903366,4.740501002973303
0.5,1.7241387586206898,0.5555555555555556,3.444518934818541,3.1422189440445587,4.740537245638822
0.5,1.7241387586206898,0.6666666666666666,3.4445485836394925,3.1421875510340573,4.740573470491979
0.5,1.7241387586206898,0.7777777777777777,3.4445782098948245,3.142156166961818,4.7406096775464635
0.5,1.7241387586206898,0.8888888888888888,3.4446078136111598,3.142124791830814,4.740645866815957
0.5,1.7241387586206898,1.0,3.4446373948150786,3.142093425644006,4.74068203831412
0.5,2.068966310344828,0.0,3.444370351294803,3.2206896378845076,4.740854422541818
0.5,2.068966310344828,0.1111111111111111,3.4443963554556105,3.2206544084158297,4.740886239619852
0.5,2.068966310344828,0.2222222222222222,3.4444223417535356,3.220619188738251,4.740918042501775
0.5,2.068966310344828,0.3333333333333333,3.4444483102079517,3.220583978851602,4.740949831197727
0.5,2.068966310344828,0.4444444444444444,3.4444742608382017,3.2205487787557088,4.740981605717836
0.5,2.068966310344828,0.5555555555555556,3.4445001936636017,3.2205135884503915,4.741013366072221
0.5,2.068966310344828,0.6666666666666666,3.4445261087034416,3.220478407935462,4.741045112270994
0.5,2.068966310344828,0.7777777777777777,3.44455200597698,3.2204432372107297,4.741076844324254
0.5,2.068966310344828,0.8888888888888888,3.4445778855034503,3.220408076276001,4.74110856224209
0.5,2.068966310344828,1.0,3.444603747302058,3.22037292513107,4.741140266034586
0.5,2.413793862068966,0.0,3.444370351294803,3.2780344377991084,4.741246885114055
0.5,2.413793862068966,0.1111111111111111,3.444393437529517,3.277997936952941,4.741275193535042
0.5,2.413793862068966,0.2222222222222222,3.4444165093571493,3.27796144581036,4.7413034904189795
0.5,2.413793862068966,0.3333333333333333,3.4444395667920964,3.277924964369767,4.741331775773526
0.5,2.413793862068966,0.4444444444444444,3.4444626098487374,3.2778884926295584,4.741360049606333
0.5,2.413793862068966,0.5555555555555556,3.444485638541427,3.2778520305881305,4.741388311925045
0.5,2.413793862068966,0.6666666666666666,3.4445086528845064,3.277815578243877,4.741416562737298
0.5,2.413793862068966,0.7777777777777777,3.444531652892292,3.2777791355951895,4.741444802050724
0.5,2.413793862068966,0.8888888888888888,3.4445546385790844,3.2777427026404546,4.741473029872949
0.5,2.413793862068966,1.0,3.4445776099591656,3.277706279378062,4.741501246211587
0.5,2.758621413793104,0.0,3.444370351294803,3.3219697517139277,4.741563909394933
0.5,2.758621413793104,0.1111111111111111,3.4443911069019624,3.32193322709386,4.7415894045055795
0.5,2.758621413793104,0.2222222222222222,3.44441185065172,3.3218967116867852,4.741614890062385
0.5,2.758621413793104,0.3333333333333333,3.4444325825550446,3.3218602054905304,4.741640366071259
0.5,2.758621413793104,0.4444444444444444,3.4444533026228887,3.3218237085029285,4.741665832538105
0.5,2.758621413793104,0.5555555555555556,3.4444740108661946,3.3217872207218107,4.741691289468825
0.5,2.758621413793104,0.6666666666666666,3.4444947072958874,3.321750742145002,4.741716736869314
0.5,2.758621413793104,0.7777777777777777,3.4445153919228813,3.321714272770336,4.741742174745459
0.5,2.758621413793104,0.8888888888888888,3.4445360647580734,3.3216778125956385,4.741767603103149
0.5,2.758621413793104,1.0,3.44455672581235,3.3216413616187404,4.7417930219482605
0.5,3.103448965517242,0.0,3.444370351294803,3.3567757925052697,4.741825366998798
0.5,3.103448965517242,0.1111111111111111,3.44438920281382,3.3567398803780053,4.741848556405868
0.5,3.103448965517242,0.2222222222222222,3.4444080444078122,3.3567039768231854,4.741871737775445
0.5,3.103448965517242,0.3333333333333333,3.4444268760853185,3.3566680818384897,4.741894911112174
0.5,3.103448965517242,0.4444444444444444,3.4444456978548645,3.356632195421599,4.741918076420701
0.5,3.103448965517242,0.5555555555555556,3.444464509724965,3.3565963175701987,4.741941233705664
0.5,3.103448965517242,0.6666666666666666,3.4444833117041282,3.3565604482819675,4.741964382971703
0.5,3.103448965517242,0.7777777777777777,3.444502103800849,3.3565245875545915,4.741987524223447
0.5,3.103448965517242,0.8888888888888888,3.4445208860236147,3.3564887353857507,4.742010657465528
0.5,3.103448965517242,1.0,3.4445396583809007,3.356452891773128,4.7420337827025705
0.5,3.44827651724138,0.0,3.444370351294803,3.385068917148824,4.742044704994706
0.5,3.44827651724138,0.1111111111111111,3.44438761817546,3.3850339392530358,4.742065970485636
0.5,3.44827651724138,0.2222222222222222,3.4444048766292914,3.3849989692570017,4.742087229123314
0.5,3.44827651724138,0.3333333333333333,3.444422126663065,3.3849640071584544,4.742108480911458
0.5,3.44827651724138,0.4444444444444444,3.444439368283542,3.38492905295513,4.74212972585378
0.5,3.44827651724138,0.5555555555555556,3.4444566014974742,3.3848941066447544,4.742150963953992
0.5,3.44827651724138,0.6666666666666666,3.4444738263116084,3.384859168225069,4.742172195215801
0.5,3.44827651724138,0.7777777777777777,3.4444910427326816,3.384824237693804,4.7421934196429145
0.5,3.44827651724138,0.8888888888888888,3.444508250767426,3.3847893150486943,4.742214637239035
0.5,3.44827651724138,1.0,3.444525450422564,3.384754400287477,4.74223584800786
0.5,3.7931040689655178,0.0,3.444370351294803,3.4085436714246677,4.742231350552451
0.5,3.7931040689655178,0.1111111111111111,3.444386278927073,3.408509780103745,4.74225098645635
7.327586206896552,4.827586724137932,0.4444444444444444,2.6800348962342806,4.910898948219145,5.189438521499269
7.327586206896552,4.827586724137932,0.5555555555555556,2.655352953871217,4.909172882486801,5.183809250683247
7.327586206896552,4.827586724137932,0.6666666666666666,2.630604188810719,4.907466807451174,5.17822627669138
7.327586206896552,4.827586724137932,0.7777777777777777,2.6057817845891256,4.905780073598091,5.172688480756146
7.327586206896552,4.827586724137932,0.8888888888888888,2.5808794339730237,4.904112063618597,5.1671947901595425
7.327586206896552,4.827586724137932,1.0,2.5558913742492657,4.902462190278735,5.161744175558977
7.327586206896552,5.17241427586207,0.0,2.7782473007230295,4.945006302014816,5.201484913836245
7.327586206896552,5.17241427586207,0.1111111111111111,2.754835472750622,4.9432486525105945,5.1959338523198335
7.327586206896552,5.17241427586207,0.2222222222222222,2.7313940688432776,4.941511894945457,5.1904294481922015
7.327586206896552,5.17241427586207,0.3333333333333333,2.707915601611955,4.939795335913958,5.184970550100968
7.327586206896552,5.17241427586207,0.4444444444444444,2.684392960788002,4.938098317364065,5.1795560550710515
7.327586206896552,5.17241427586207,0.5555555555555556,2.660819416902014,4.9364202141824025,5.174184905632289
7.327586206896552,5.17241427586207,0.6666666666666666,2.6371886303154795,4.93476043198712,5.168856087168009
7.327586206896552,5.17241427586207,0.7777777777777777,2.6134946658238567,4.933118405106678,5.163568625463856
7.327586206896552,5.17241427586207,0.8888888888888888,2.589732013130894,4.931493594725722,5.158321584438318
7.327586206896552,5.17241427586207,1.0,2.565895613575681,4.929885487181444,5.153114064038577
7.327586206896552,5.517241827586208,0.0,2.778247300723029,4.969194319429691,5.1912855659847255
7.327586206896552,5.517241827586208,0.1111111111111111,2.755825483293234,4.967489301274241,5.185986578349028
7.327586206896552,5.517241827586208,0.2222222222222222,2.733378468276977,4.965803377956145,5.1807301948730915
7.327586206896552,5.517241827586208,0.3333333333333333,2.7108997405669597,4.964135947547909,5.17551541596467
7.327586206896552,5.517241827586208,0.4444444444444444,2.688383105215161,4.962486437462176,5.1703412818940695
7.327586206896552,5.517241827586208,0.5555555555555556,2.6658226904232656,4.960854302533389,5.1652068705501515
7.327586206896552,5.517241827586208,0.6666666666666666,2.643212954626513,4.959239023257246,5.160111295359983
7.327586206896552,5.517241827586208,0.7777777777777777,2.6205486978252193,4.957640104172347,5.155053703357628
7.327586206896552,5.517241827586208,0.8888888888888888,2.597825077374161,4.956057072370164,5.150033273388934
7.327586206896552,5.517241827586208,1.0,2.5750376284963346,4.954489476121098,5.145049214440671
7.327586206896552,5.862069379310346,0.0,2.7782473007230295,4.9910041451512015,5.181768563989432
7.327586206896552,5.862069379310346,0.1111111111111111,2.756735910787465,4.989348980214482,5.176700903751971
7.327586206896552,5.862069379310346,0.2222222222222222,2.7352029577531596,4.987711338463894,5.171672285947794
7.327586206896552,5.862069379310346,0.3333333333333333,2.7136427387900017,4.986090694286979,5.1666818376919625
7.327586206896552,5.862069379310346,0.4444444444444444,2.692049824479615,4.984486546601515,5.161728719208143
7.327586206896552,5.862069379310346,0.5555555555555556,2.6704190612720726,4.982898417317776,5.156812122058172
7.327586206896552,5.862069379310346,0.6666666666666666,2.648745577107744,4.981325849922115,5.151931267494232
7.327586206896552,5.862069379310346,0.7777777777777777,2.6270247903148327,4.979768408170342,5.1470854049233195
7.327586206896552,5.862069379310346,0.8888888888888888,2.6052524219324376,4.9782256748806475,5.142273810474616
7.327586206896552,5.862069379310346,1.0,2.5834245116483596,4.976697250816893,5.137495785661322
7.327586206896552,6.206896931034484,0.0,2.778247300723029,5.010776172164833,5.1728676441083055
7.327586206896552,6.206896931034484,0.1111111111111111,2.757575910855099,5.009168265568562,5.168012942081008
7.327586206896552,6.206896931034484,0.2222222222222222,2.7368859943911388,5.007576499249779,5.163194137420175
7.327586206896552,6.206896931034484,0.3333333333333333,2.7161725321876484,5.006000411731266,5.15841046378522
7.327586206896552,6.206896931034484,0.4444444444444444,2.695430739887926,5.004439562185317,5.15366118253806
7.327586206896552,6.206896931034484,0.5555555555555556,2.67465606995957,5.002893529190828,5.14894558133341
7.327586206896552,6.206896931034484,0.6666666666666666,2.6538442162043627,5.00136190958463,5.144262972802022
7.327586206896552,6.206896931034484,0.7777777777777777,2.632991120820989,4.999844317398357,5.139612693319245
7.327586206896552,6.206896931034484,0.8888888888888888,2.612092984128989,4.998340382873242,5.134994101852261
7.327586206896552,6.206896931034484,1.0,2.5911462770903544,4.9968497515459145,5.130406578879823
7.327586206896552,6.551724482758622,0.0,2.77824730072303,5.02878783966048,5.164524854745196
7.327586206896552,6.551724482758622,0.1111111111111111,2.758353294988601,5.027224768247016,5.15986677746263
7.327586206896552,6.551724482758622,0.2222222222222222,2.738443314665111,5.025676613515248,5.155241807818257
7.327586206896552,6.551724482758622,0.3333333333333333,2.7185129200323583,5.024142968253895,5.150649269653727
7.327586206896552,6.551724482758622,0.4444444444444444,2.6985578740393827,5.022623442745028,5.146088510149264
7.327586206896552,6.551724482758622,0.5555555555555556,2.678574144008761,5.021117663751747,5.1415588986915965
7.327586206896552,6.551724482758622,0.6666666666666666,2.6585579052904174,5.0196252735796625,5.13705982581293
7.327586206896552,6.551724482758622,0.7777777777777777,2.638505546924292,5.01814592920565,5.1325907021955075
7.327586206896552,6.551724482758622,0.8888888888888888,2.618413679391414,5.016679301468107,5.128150957736821
7.327586206896552,6.551724482758622,1.0,2.5982791445530715,5.015225074313451,5.123740040670965
7.327586206896552,6.8965520344827596,0.0,2.778247300723029,5.045267722477518,5.156689292584639
7.327586206896552,6.8965520344827596,0.1111111111111111,2.7590747672450022,5.0437472235240834,5.152213258891244
7.327586206896552,6.8965520344827596,0.2222222222222222,2.739888415782654,5.042240553129855,5.147767847849022
7.327586206896552,6.8965520344827596,0.3333333333333333,2.720684300806955,5.040747350287841,5.143352460101765
7.327586206896552,6.8965520344827596,0.4444444444444444,2.7014586525905453,5.039267268898432,5.138966516081343
7.327586206896552,6.8965520344827596,0.5555555555555556,2.682207878644328,5.037799976938966,5.134609455091299
7.327586206896552,6.8965520344827596,0.6666666666666666,2.6629285667047626,5.036345155691559,5.130280734445244
7.327586206896552,6.8965520344827596,0.7777777777777777,2.6436174893161866,5.034902499024318,5.125979828656129
7.327586206896552,6.8965520344827596,0.8888888888888888,2.6242716100673116,5.03347171272143,5.121706228672678
7.327586206896552,6.8965520344827596,1.0,2.6048880915556625,5.032052513858174,5.117459441159679
7.327586206896552,7.2413795862068975,0.0,2.77824730072303,5.060405959732602,5.149316062533594
7.327586206896552,7.2413795862068975,0.1111111111111111,2.7597461128370857,5.058925919999101,5.145009007003196
7.327586206896552,7.2413795862068975,0.2222222222222222,2.7412329386997194,5.057458736683677,5.1407303518541765
7.327586206896552,7.2413795862068975,0.3333333333333333,2.7227042567691657,5.0560040883493995,5.136479563512296
7.327586206896552,7.2413795862068975,0.4444444444444444,2.7041566987016097,5.054561666333248,5.13225612528142
7.327586206896552,7.2413795862068975,0.5555555555555556,2.685587050570605,5.053131174060294,5.1280595365960595
7.327586206896552,7.2413795862068975,0.6666666666666666,2.666992255330004,5.05171232640429,5.123889312316651
7.327586206896552,7.2413795862068975,0.7777777777777777,2.6483694165539293,5.0503048490908835,5.119744982064567
7.327586206896552,7.2413795862068975,0.8888888888888888,2.629715803498267,5.0489084781400155,5.1156260895941434
7.327586206896552,7.2413795862068975,1.0,2.611028857538945,5.047522959344433,5.111532192199243
7.327586206896552,7.586207137931035,0.0,2.7782473007230295,5.07436209584408,5.142365416562047
7.327586206896552,7.586207137931035,0.1111111111111111,2.7603723496119232,5.072920541055059,5.1382155908855145
7.327586206896552,7.586207137931035,0.2222222222222222,2.7424869753825343,5.071490970451823,5.134092170919141
7.327586206896552,7.586207137931035,0.3333333333333333,2.72458802224722,5.070073096670116,5.129994679733319
7.327586206896552,7.586207137931035,0.4444444444444444,2.7066724684974983,5.068666643348048,5.125922654875028
7.327586206896552,7.586207137931035,0.5555555555555556,2.6887374275457057,5.067271344556133,5.121875647753893
7.327586206896552,7.586207137931035,0.6666666666666666,2.6707801499714114,5.065886944264585,5.117853223061817
7.327586206896552,7.586207137931035,0.7777777777777777,2.6527980265982287,5.064513195844896,5.113854958223912
7.327586206896552,7.586207137931035,0.8888888888888888,2.6347885926348362,5.063149861603039,5.109880442878706
7.327586206896552,7.586207137931035,1.0,2.616749532922086,5.061796712341896,5.1059292783857515
7.327586206896552,7.931034689655173,0.0,2.778247300723029,5.087271059452221,5.135802036543695
7.327586206896552,7.931034689655173,0.1111111111111111,2.7609578506368875,5.085866144293989,5.131798841895866
7.327586206896552,7.931034689655173,0.2222222222222222,2.743659317189821,5.084472427642424,5.127820256368014
7.327586206896552,7.931034689655173,0.3333333333333333,2.7263488617278315,5.0830896516212105,5.123865852051388
7.327586206896552,7.931034689655173,0.4444444444444444,2.70902376342274,5.081717567876447,5.119935213519092
7.327586206896552,7.931034689655173,0.5555555555555556,2.6916814201671775,5.080355937100193,5.116027937318468
7.327586206896552,7.931034689655173,0.6666666666666666,2.674319350287168,5.079004528584119,5.112143631490049
7.327586206896552,7.931034689655173,0.7777777777777777,2.656935195092138,5.077663119800903,5.108281915111367
7.327586206896552,7.931034689655173,0.8888888888888888,2.6395267222883003,5.076331496011355,5.104442417864108
7.327586206896552,7.931034689655173,1.0,2.6220918302874905,5.075009449895295,5.100624779623088
7.327586206896552,8.275862241379311,0.0,2.77824730072303,5.099247780593985,5.129594433766149
7.327586206896552,8.275862241379311,0.1111111111111111,2.7615064441026123,5.097877779280374,5.1257282786029315
7.327586206896552,8.275862241379311,0.2222222222222222,2.7447576570958203,5.096518266170587,5.121885109106124
7.327586206896552,8.275862241379311,0.3333333333333333,2.7279983773392096,5.0951690090296005,5.118064539989466
7.327586206896552,8.275862241379311,0.4444444444444444,2.7112261464113874,5.09382978390142,5.114266196781607
7.327586206896552,8.275862241379311,0.5555555555555556,2.6944386106060776,5.092500374708611,5.110489715403809
7.327586206896552,8.275862241379311,0.6666666666666666,2.67763352237492,5.091180572876259,5.106734741768768
7.327586206896552,8.275862241379311,0.7777777777777777,2.6608087424554583,5.089870176978587,5.1030009313993805
7.327586206896552,8.275862241379311,0.8888888888888888,2.6439622427044576,5.08856899240658,5.099287949066189
7.327586206896552,8.275862241379311,1.0,2.627092109661319,5.087276831055082,5.095595468442412
7.327586206896552,8.620689793103448,0.0,2.7782473007230295,5.1103907974795995,5.1237144435512665
7.327586206896552,8.620689793103448,0.1111111111111111,2.7620214952771316,5.109054094913964,5.1199766224014525
7.327586206896552,8.620689793103448,0.2222222222222222,2.7457887554349885,5.107727236210809,5.116260315413643
7.327586206896552,8.620689793103448,0.3333333333333333,2.7295467606175454,5.1064100115308,5.112565174524423
7.327586206896552,8.620689793103448,0.4444444444444444,2.713293282274171,5.105102218263438,5.108890861084328
7.327586206896552,8.620689793103448,0.5555555555555556,2.697026184553675,5.103803660688673,5.105237045504408
7.327586206896552,1.034483655172414,0.2222222222222222,2.6794605514735665,3.955408586506353,5.399997936206432
7.327586206896552,1.034483655172414,0.3333333333333333,2.6294150854994265,3.952847317695288,5.388311022293215
7.327586206896552,1.034483655172414,0.4444444444444444,2.578823374871987,3.9503898040023078,5.3768146763416285
7.327586206896552,1.034483655172414,0.5555555555555556,2.527608014813144,3.9480290237469426,5.365498372661998
7.327586206896552,1.034483655172414,0.6666666666666666,2.475697402324208,3.945758624858511,5.354352553071268
7.327586206896552,1.034483655172414,0.7777777777777777,2.423027204340526,3.9435728389544313,5.343368504405897
7.327586206896552,1.034483655172414,0.8888888888888888,2.3695427055773672,3.941466409189333,5.332538255615473
7.327586206896552,1.034483655172414,1.0,2.3152022993357844,3.9394345292554975,5.3218544906944185
7.327586206896552,1.3793112068965518,0.0,2.7782473007230295,4.19727121099969,5.3933747718600165
7.327586206896552,1.3793112068965518,0.1111111111111111,2.7331201227593724,4.194649335949566,5.3822890938731085
7.327586206896552,1.3793112068965518,0.2222222222222222,2.687709055963476,4.192120787944812,5.371384277239299
7.327586206896552,1.3793112068965518,0.3333333333333333,2.641949080616435,4.18967928939639,5.360650534857952
7.327586206896552,1.3793112068965518,0.4444444444444444,2.5957789365830974,4.187319163684239,5.3500789692530235
7.327586206896552,1.3793112068965518,0.5555555555555556,2.5491412468522707,4.185035257988939,5.339661460597704
7.327586206896552,1.3793112068965518,0.6666666666666666,2.501982968473615,4.182822878501441,5.329390572580101
7.327586206896552,1.3793112068965518,0.7777777777777777,2.4542562280802915,4.180677735652267,5.319259472705159
7.327586206896552,1.3793112068965518,0.8888888888888888,2.405919626698821,4.1785958975179085,5.3092618643786595
7.327586206896552,1.3793112068965518,1.0,2.3569401310607314,4.176573749951716,5.299391928683439
7.327586206896552,1.7241387586206898,0.0,2.7782473007230295,4.360540502763652,5.366180335833767
7.327586206896552,1.7241387586206898,0.1111111111111111,2.736588368370248,4.358040631179264,5.355968929263525
7.327586206896552,1.7241387586206898,0.2222222222222222,2.694711314845542,4.355616429314421,5.345911382783155
7.327586206896552,1.7241387586206898,0.3333333333333333,2.6525664829100055,4.353263166556153,5.33600014041179
7.327586206896552,1.7241387586206898,0.4444444444444444,2.6101071474506603,4.350976534015099,5.326228274154888
7.327586206896552,1.7241387586206898,0.5555555555555556,2.5672895934028377,4.348752594223171,5.316589411353836
7.327586206896552,1.7241387586206898,0.6666666666666666,2.5240733905357398,4.3465877383389335,5.307077672718198
7.327586206896552,1.7241387586206898,0.7777777777777777,2.48042189343039,4.344478649526218,5.297687619152539
7.327586206896552,1.7241387586206898,0.8888888888888888,2.436303008038437,4.342422271444757,5.28841420587661
7.327586206896552,1.7241387586206898,1.0,2.391690281144998,4.340415781001793,5.279252742634883
7.327586206896552,2.068966310344828,0.0,2.7782473007230295,4.48194428852662,5.341864811580299
7.327586206896552,2.068966310344828,0.1111111111111111,2.7395720707813735,4.479546333769908,5.332410454148664
7.327586206896552,2.068966310344828,0.2222222222222222,2.7007264905348563,4.477211417191221,5.323088356580936
7.327586206896552,2.068966310344828,0.3333333333333333,2.66167183489546,4.474935873892165,5.313892582616724
7.327586206896552,2.068966310344828,0.4444444444444444,2.622371678649379,4.472716344353931,5.304817649247064
7.327586206896552,2.068966310344828,0.5555555555555556,2.5827919475046683,4.470549740451975,5.295858478327938
7.327586206896552,2.068966310344828,0.6666666666666666,2.542901092201626,4.468433216208942,5.287010354783307
7.327586206896552,2.068966310344828,0.7777777777777777,2.5026704005239506,4.466364142497512,5.278268890315765
7.327586206896552,2.068966310344828,0.8888888888888888,2.46207446866298,4.464340085056126,5.269629991749323
7.327586206896552,2.068966310344828,1.0,2.421091860753742,4.462358785299255,5.261089833290714
7.327586206896552,2.413793862068966,0.0,2.77824730072303,4.576579013139231,5.319994088199722
7.327586206896552,2.413793862068966,0.1111111111111111,2.742164695482652,4.5742723203279105,5.311200523473118
7.327586206896552,2.413793862068966,0.2222222222222222,2.7059471461665416,4.572019163245991,5.302521702333122
7.327586206896552,2.413793862068966,0.3333333333333333,2.6695639061275678,4.569816643102838,5.293952888607178
7.327586206896552,2.413793862068966,0.4444444444444444,2.6329860471186057,4.567662087617181,5.285489679813566
7.327586206896552,2.413793862068966,0.5555555555555556,2.596186493901157,4.56555302740531,5.2771279741692965
7.327586206896552,2.413793862068966,0.6666666666666666,2.559140138372859,4.563487175455445,5.268863941772857
7.327586206896552,2.413793862068966,0.7777777777777777,2.521824041367502,4.561462409206062,5.260693999323227
7.327586206896552,2.413793862068966,0.8888888888888888,2.484217733817283,4.5594767548329855,5.252614787850221
7.327586206896552,2.413793862068966,1.0,2.4463036328219374,4.557528373419555,5.244623153022231
7.327586206896552,2.758621413793104,0.0,2.778247300723029,4.652828149705077,5.3002171079950156
7.327586206896552,2.758621413793104,0.1111111111111111,2.744437378209803,4.650605658459779,5.292004502809839
7.327586206896552,2.758621413793104,0.2222222222222222,2.7105192225627706,4.648429309001842,5.2838922641986805
7.327586206896552,2.758621413793104,0.3333333333333333,2.6764680384139585,4.646296769778927,5.275876561403797
7.327586206896552,2.758621413793104,0.4444444444444444,2.6422604809012187,4.644205880586655,5.267953813749187
7.327586206896552,2.758621413793104,0.5555555555555556,2.607874679866619,4.642154635779551,5.2601206676637196
7.327586206896552,2.758621413793104,0.6666666666666666,2.5732903169292674,4.640141169545944,5.252373976413928
7.327586206896552,2.758621413793104,0.7777777777777777,2.5384887601041637,4.638163742943018,5.244710782159257
7.327586206896552,2.758621413793104,0.8888888888888888,2.5034532626177315,4.636220732439992,5.23712830000713
7.327586206896552,2.758621413793104,1.0,2.4681692346911044,4.634310619759216,5.229623903797555
7.327586206896552,3.103448965517242,0.0,2.778247300723029,4.7157969861958,5.282246932230621
7.327586206896552,3.103448965517242,0.1111111111111111,2.7464451628169093,4.713653198248182,5.274548465120217
7.327586206896552,3.103448965517242,0.2222222222222222,2.714555260903598,4.7115496542483255,5.266938436187468
7.327586206896552,3.103448965517242,0.3333333333333333,2.6825573241553022,4.709484452253465,5.259413708902574
7.327586206896552,3.103448965517242,0.4444444444444444,2.6504322492868515,4.707455822131012,5.251971337189716
7.327586206896552,3.103448965517242,0.5555555555555556,2.6181621179483425,4.705462113381182,5.244608549115379
7.327586206896552,3.103448965517242,0.6666666666666666,2.5857302501665322,4.703501784371822,5.2373227323743015
7.327586206896552,3.103448965517242,0.7777777777777777,2.5531212966118506,4.701573392789107,5.230111421332505
7.327586206896552,3.103448965517242,0.8888888888888888,2.5203213736198022,4.699675587139405,5.222972285424481
7.327586206896552,3.103448965517242,1.0,2.487318246112596,4.697807099163535,5.2159031187325855
7.327586206896552,3.44827651724138,0.0,2.7782473007230295,4.768805697226653,5.265846752898407
7.327586206896552,3.44827651724138,0.1111111111111111,2.7482312721978364,4.76673589854191,5.258606020755004
7.327586206896552,3.44827651724138,0.2222222222222222,2.7181433856228416,4.764701547401028,5.25144373344745
7.327586206896552,3.44827651724138,0.3333333333333333,2.6879668681494713,4.762701073292597,5.244357294526728
7.327586206896552,3.44827651724138,0.4444444444444444,2.657685895072861,4.760733008593306,5.237344254709795
7.327586206896552,3.44827651724138,0.5555555555555556,2.627285602643474,4.758795979580288,5.230402300095923
7.327586206896552,3.44827651724138,0.6666666666666666,2.5967521260051356,4.756888698429405,5.223529241599706
7.327586206896552,3.44827651724138,0.7777777777777777,2.566072663964794,4.755009956069634,5.216723005447844
7.327586206896552,3.44827651724138,0.8888888888888888,2.5352355729931215,4.753158615783621,5.209981624609427
7.327586206896552,3.44827651724138,1.0,2.504230493579634,4.751333607460844,5.203303231048137
7.327586206896552,3.7931040689655178,0.0,2.7782473007230295,4.814122836091751,5.2508194090231415
7.327586206896552,3.7931040689655178,0.1111111111111111,2.7498300960076225,4.812122780425366,5.243988432962937
7.327586206896552,3.7931040689655178,0.2222222222222222,2.7213535483359776,4.810154209840977,5.237227455728874
7.327586206896552,3.7931040689655178,0.3333333333333333,2.692803629672279,4.808215813540684,5.230534306569442
7.327586206896552,3.7931040689655178,0.4444444444444444,2.6641670885357267,4.806306362085257,5.223906929961004
7.327586206896552,3.7931040689655178,0.5555555555555556,2.635431459645465,4.804424700657171,5.217343376958659
7.327586206896552,3.7931040689655178,0.6666666666666666,2.6065850914267106,4.802569743024445,5.210841797385647
7.327586206896552,3.7931040689655178,0.7777777777777777,2.57761719245633,4.800740466117706,5.20440043276229
7.327586206896552,3.7931040689655178,0.8888888888888888,2.5485178983566703,4.798935905145615,5.1980176098890745
7.327586206896552,3.7931040689655178,1.0,2.5192783610918035,4.797155149184454,5.191691735010204
7.327586206896552,4.137931620689656,0.0,2.77824730072303,4.853359364030162,5.236999425841123
7.327586206896552,4.137931620689656,0.1111111111111111,2.7512693212714674,4.851425137788226,5.230537101124916
7.327586206896552,4.137931620689656,0.2222222222222222,2.724241956983718,4.849519079832052,5.224137579805602
7.327586206896552,4.137931620689656,0.3333333333333333,2.6971533623881485,4.847640085654894,5.217799030675924
7.327586206896552,4.137931620689656,0.4444444444444444,2.669992333193651,4.845787115834905,5.211519713842266
7.327586206896552,4.137931620689656,0.5555555555555556,2.6427483136919476,4.843959190914483,5.2052979742829235
7.327586206896552,4.137931620689656,0.6666666666666666,2.61541141708233,4.8421553867859055,5.199132235994176
7.327586206896552,4.137931620689656,0.7777777777777777,2.587972459418732,4.840374830523037,5.193020996658638
7.327586206896552,4.137931620689656,0.8888888888888888,2.560423008153341,4.838616696607278,5.186962822779114
7.327586206896552,4.137931620689656,1.0,2.532755446532538,4.8368802035029095,5.180956345228328
7.327586206896552,4.482759172413794,0.0,2.7782473007230295,4.887695304516935,5.224246896751393
7.327586206896552,4.482759172413794,0.1111111111111111,2.752571478257722,4.885823265403946,5.218117775570164
7.327586206896552,4.482759172413794,0.2222222222222222,2.7268542751897322,4.88397658694387,5.212045282974826
7.327586206896552,4.482759172413794,0.3333333333333333,2.7010856023190852,4.882154330459575,5.206027861525218
7.327586206896552,4.482759172413794,0.4444444444444444,2.675255903902737,4.880355609888767,5.200064026945096
7.327586206896552,4.482759172413794,0.5555555555555556,2.6493561634334375,4.878579587842556,5.19415236325975
7.327586206896552,4.482759172413794,0.6666666666666666,2.6233779189176505,4.876825472035157,5.188291518351967
7.327586206896552,4.482759172413794,0.7777777777777777,2.5973132881177334,4.8750925120426984,5.182480199892405
7.327586206896552,4.482759172413794,0.8888888888888888,2.5711550044025024,4.873379996354635,5.1767171716058575
7.327586206896552,4.482759172413794,1.0,2.5448964640328398,4.87168724968598,5.171001249839562
7.327586206896552,4.827586724137932,0.0,2.77824730072303,4.918017372275829,5.212442729368178
7.327586206896552,4.827586724137932,0.1111111111111111,2.7537550797618517,4.916204118253679,5.206616055876329
7.327586206896552,4.827586724137932,0.2222222222222222,2.729227971315498,4.914413825040088,5.20084067654433
7.327586206896552,4.827586724137932,0.3333333333333333,2.7046573146949036,4.912645688694844,5.195115256852701
5.620689655172414,3.44827651724138,0.8888888888888888,2.1098226975504892,4.582810337098701,4.884310515878273
5.620689655172414,3.44827651724138,1.0,2.1013131542568546,4.581737133064192,4.878980182341582
5.620689655172414,3.7931040689655178,0.0,2.2116801137395945,4.637082248985664,4.914624673493586
5.620689655172414,3.7931040689655178,0.1111111111111111,2.196752993956508,4.635955177341869,4.909312537512116
5.620689655172414,3.7931040689655178,0.2222222222222222,2.1825554191822336,4.6348369007710515,4.904036043468648
5.620689655172414,3.7931040689655178,0.3333333333333333,2.1691167774582616,4.633727187391626,4.898794513976912
5.620689655172414,3.7931040689655178,0.4444444444444444,2.1564643195903046,4.632625814527287,4.893587295882466
5.620689655172414,3.7931040689655178,0.5555555555555556,2.1446227076482764,4.631532568228026,4.888413759069985
5.620689655172414,3.7931040689655178,0.6666666666666666,2.13361358343737,4.630447242822389,4.883273295347326
5.620689655172414,3.7931040689655178,0.7777777777777777,2.12345517019295,4.629369640498472,4.878165317400254
5.620689655172414,3.7931040689655178,0.8888888888888888,2.1141619205477733,4.628299570911476,4.873089257812401
5.620689655172414,3.7931040689655178,1.0,2.105744222914133,4.6272368508157316,4.868044568145409
5.620689655172414,4.137931620689656,0.0,2.2116801137395945,4.676293503314473,4.902147093988836
5.620689655172414,4.137931620689656,0.1111111111111111,2.1975264617092893,4.675185224259562,4.8971168983309274
5.620689655172414,4.137931620689656,0.2222222222222222,2.184032408086114,4.674084981855819,4.892119090019031
5.620689655172414,4.137931620689656,0.3333333333333333,2.171222904085511,4.67299257843881,4.8871530866079445
5.620689655172414,4.137931620689656,0.4444444444444444,2.1591211633524963,4.671907823801473,4.882218325388673
5.620689655172414,4.137931620689656,0.5555555555555556,2.1477483152813988,4.670830534824033,4.877314262468286
5.620689655172414,4.137931620689656,0.6666666666666666,2.137123072629191,4.669760535126918,4.872440371905928
5.620689655172414,4.137931620689656,0.7777777777777777,2.127261422575008,4.668697654744943,4.867596144900752
5.620689655172414,4.137931620689656,0.8888888888888888,2.1181763502801276,4.667641729821171,4.86278108902794
5.620689655172414,4.137931620689656,1.0,2.1098776034695863,4.666592602319078,4.857994727519368
5.620689655172414,4.482759172413794,0.0,2.2116801137395945,4.710546957747412,4.890677344008929
5.620689655172414,4.482759172413794,0.1111111111111111,2.1982247050333874,4.709458904551811,4.885902505628787
5.620689655172414,4.482759172413794,0.2222222222222222,2.185368507820226,4.708378235254651,4.881157210356834
5.620689655172414,4.482759172413794,0.3333333333333333,2.173132881191839,4.707304779862663,4.876440953974003
5.620689655172414,4.482759172413794,0.4444444444444444,2.1615377572202816,4.706238374485895,4.871753248489039
5.620689655172414,4.482759172413794,0.5555555555555556,2.1506013712691145,4.705178861048351,4.8670936214201355
5.620689655172414,4.482759172413794,0.6666666666666666,2.1403400027157593,4.704126087015781,4.862461615118156
5.620689655172414,4.482759172413794,0.7777777777777777,2.1307677325218326,4.703079905139439,4.857856786128595
5.620689655172414,4.482759172413794,0.8888888888888888,2.1218962240436867,4.702040173214652,4.8532787045894805
5.620689655172414,4.482759172413794,1.0,2.113734533155056,4.70100675385317,4.848726953662742
5.620689655172414,4.827586724137932,0.0,2.2116801137395945,4.740749294270476,4.880098474363622
5.620689655172414,4.827586724137932,0.1111111111111111,2.1988580831403386,4.73968231373971,4.87555584768671
5.620689655172414,4.827586724137932,0.2222222222222222,2.186582776041483,4.738622148935754,4.8710402659927485
5.620689655172414,4.827586724137932,0.3333333333333333,2.1748726132927536,4.737568652505606,4.8665512900706105
5.620689655172414,4.827586724137932,0.4444444444444444,2.1637448329589275,4.736521682137881,4.862088494168301
5.620689655172414,4.827586724137932,0.5555555555555556,2.1532152780278113,4.735481100334073,4.857651465425894
5.620689655172414,4.827586724137932,0.6666666666666666,2.1432981918223577,4.734446774192839,4.853239803339799
5.620689655172414,4.827586724137932,0.7777777777777777,2.1340060257191342,4.733418575206358,4.84885311925618
5.620689655172414,4.827586724137932,0.8888888888888888,2.1253492637578564,4.732396379068,4.844491035891638
5.620689655172414,4.827586724137932,1.0,2.117336268530704,4.731380065490507,4.840153186879279
5.620689655172414,5.17241427586207,0.0,2.211680113739595,4.767594588919983,4.8703109119492005
5.620689655172414,5.17241427586207,0.1111111111111111,2.1994351514599244,4.766549102906575,4.865980238837116
5.620689655172414,5.17241427586207,0.2222222222222222,2.1876910076074414,4.765509933405407,4.861674406245979
5.620689655172414,5.17241427586207,0.3333333333333333,2.17646367710907,4.764476951781579,4.857393029411456
5.620689655172414,5.17241427586207,0.4444444444444444,2.1657681663038515,4.763450033600145,4.85313573482094
5.620689655172414,5.17241427586207,0.5555555555555556,2.1556183240214826,4.762429058443514,4.848902159761431
5.620689655172414,5.17241427586207,0.6666666666666666,2.1460266784440285,4.761413909738825,4.844691951891249
5.620689655172414,5.17241427586207,0.7777777777777777,2.137004283091259,4.760404474594584,4.840504768833994
5.620689655172414,5.17241427586207,0.8888888888888888,2.1285605752659627,4.75940064364601,4.836340277793373
5.620689655172414,5.17241427586207,1.0,2.1207032501736607,4.758402310908492,4.8321981551875455
5.620689655172414,5.517241827586208,0.0,2.211680113739595,4.791624129773134,4.861229354093014
5.620689655172414,5.517241827586208,0.1111111111111111,2.1999630353363253,4.790600252434474,4.85709281677616
5.620689655172414,5.517241827586208,0.2222222222222222,2.188706399669303,4.789582249491213,4.852979166075905
5.620689655172414,5.517241827586208,0.3333333333333333,2.177924181592316,4.788570007929502,4.848888063156945
5.620689655172414,5.517241827586208,0.4444444444444444,2.167629523334792,4.787563418261512,4.84481917865922
5.620689655172414,5.517241827586208,0.5555555555555556,2.1578345987587095,4.786562374378342,4.840772192334077
5.620689655172414,5.517241827586208,0.6666666666666666,2.148550482013657,4.785566773410631,4.836746792698764
5.620689655172414,5.517241827586208,0.7777777777777777,2.1397870230482923,4.784576515596364,4.832742676708111
5.620689655172414,5.517241827586208,0.8888888888888888,2.1315527324387022,4.783591504155446,4.828759549442322
5.620689655172414,5.517241827586208,1.0,2.1238546779172585,4.782611645170606,4.82479712380995
5.620689655172414,5.862069379310346,0.0,2.211680113739595,4.813266868565152,4.852780305061291
5.620689655172414,5.862069379310346,0.1111111111111111,2.200447715018865,4.81226449209042,4.8488221602852
5.620689655172414,5.862069379310346,0.2222222222222222,2.1896400613638387,4.811267595799294,4.8448851631297565
5.620689655172414,5.862069379310346,0.3333333333333333,2.1792694323192445,4.810276079825233,4.840969013759697
5.620689655172414,5.862069379310346,0.4444444444444444,2.1693474012165654,4.8092898472830985,4.837073420372876
5.620689655172414,5.862069379310346,0.5555555555555556,2.1598847251007562,4.808308804149684,4.8331980989049885
5.620689655172414,5.862069379310346,0.6666666666666666,2.150891238041863,4.807332859150229,4.829342772748504
5.620689655172414,5.862069379310346,0.7777777777777777,2.14237574966359,4.806361923650578,4.825507172484992
5.620689655172414,5.862069379310346,0.8888888888888888,2.1343459507259177,4.805395911554656,4.821691035630064
5.620689655172414,5.862069379310346,1.0,2.126808327549696,4.8044347392069096,4.81789410639016
5.620689655172414,6.206896931034484,0.0,2.2116801137395945,4.832867517580269,4.844900105158283
5.620689655172414,6.206896931034484,0.1111111111111111,2.200894245464886,4.831886375243385,4.841106382844367
5.620689655172414,6.206896931034484,0.2222222222222222,2.1905014086673034,4.830910359526408,4.837332254404898
5.620689655172414,6.206896931034484,0.3333333333333333,2.1805124498791435,4.829939381713562,4.833577453323321
5.620689655172414,6.206896931034484,0.4444444444444444,2.1709376127455586,4.828973355626647,4.829841719936155
5.620689655172414,6.206896931034484,0.5555555555555556,2.161786448019308,4.828012197527223,4.826124801191419
5.620689655172414,6.206896931034484,0.6666666666666666,2.1530677261891378,4.82705582602351,4.822426450418211
5.620689655172414,6.206896931034484,0.7777777777777777,2.1447893541233,4.8261041619817595,4.818746427106828
5.620689655172414,6.206896931034484,0.8888888888888888,2.136958297115469,4.82515712844182,4.815084496698815
5.620689655172414,6.206896931034484,1.0,2.1295805076886585,4.824214650536668,4.811440430386416
5.620689655172414,6.551724482758622,0.0,2.211680113739595,4.850706522260918,4.8375333413378
5.620689655172414,6.551724482758622,0.1111111111111111,2.20130692763504,4.849746235026584,4.833891594848304
5.620689655172414,6.551724482758622,0.2222222222222222,2.1912984733631307,4.848790755675701,4.830268048922342
5.620689655172414,6.551724482758622,0.3333333333333333,2.1816643781042857,4.847840005016573,4.826662465669663
5.620689655172414,6.551724482758622,0.4444444444444444,2.172413751268556,4.846893906030525,4.823074613080266
5.620689655172414,6.551724482758622,0.5555555555555556,2.163555110330254,4.8459523837912535,4.819504264825362
5.620689655172414,6.551724482758622,0.6666666666666666,2.1550963087324315,4.845015365387898,4.8159512000670714
5.620689655172414,6.551724482758622,0.7777777777777777,2.147044466914179,4.844082779851692,4.812415203276525
5.620689655172414,6.551724482758622,0.8888888888888888,2.1394059075195133,4.843154558085958,4.808896064059876
5.620689655172414,6.551724482758622,1.0,2.1321860958259737,4.842230632799273,4.805393576991751
5.620689655172414,6.8965520344827596,0.0,2.211680113739596,4.8670145490320635,4.830631555954075
5.620689655172414,6.8965520344827596,0.1111111111111111,2.2016894432740672,4.86607466013586,4.827130653909764
5.620689655172414,6.8965520344827596,0.2222222222222222,2.192038147058756,4.865139290479458,4.823646698680399
5.620689655172414,6.8965520344827596,0.3333333333333333,2.182734808343823,4.864208369058356,4.820179477100027
5.620689655172414,6.8965520344827596,0.4444444444444444,2.1737875632326156,4.863281826739481,4.81672878107551
5.620689655172414,6.8965520344827596,0.5555555555555556,2.1652040391304106,4.862359596194208,4.813294407421298
5.620689655172414,6.8965520344827596,0.6666666666666666,2.1569912948350454,4.861441611834394,4.809876157701257
5.620689655172414,6.8965520344827596,0.7777777777777777,2.1491557630801394,4.860527809751277,4.806473838077203
5.620689655172414,6.8965520344827596,0.8888888888888888,2.1417031963468895,4.859618127657048,4.803087259163728
5.620689655172414,6.8965520344827596,1.0,2.134638616746894,4.858712504829005,4.79971623588908
5.620689655172414,7.2413795862068975,0.0,2.211680113739595,4.881983183961085,4.824152190452067
5.620689655172414,7.2413795862068975,0.1111111111111111,2.2020449619094413,4.881063184631851,4.820782142222881
5.620689655172414,7.2413795862068975,0.2222222222222222,2.192726375574388,4.880147442093378,4.817427908975272
5.620689655172414,7.2413795862068975,0.3333333333333333,2.1837320391382566,4.8792358924209225,4.814089299002459
5.620689655172414,7.2413795862068975,0.4444444444444444,2.1750692488495598,4.878328473309937,4.8107661249958955
5.620689655172414,7.2413795862068975,0.5555555555555556,2.1667448613786475,4.8774251240201165,4.807458203907289
5.620689655172414,7.2413795862068975,0.6666666666666666,2.1587652437085083,4.87652578532188,4.804165356816308
5.620689655172414,7.2413795862068975,0.7777777777777777,2.151136224969229,4.875630399445137,4.800887408803626
5.620689655172414,7.2413795862068975,0.8888888888888888,2.143863050850763,4.874738910030268,4.797624188829132
5.620689655172414,7.2413795862068975,1.0,2.136950341219771,4.873851262081161,4.794375529614971
3.913793103448276,10.0,0.6666666666666666,2.5919264542016927,4.726079762912212,4.337707235445925
3.913793103448276,10.0,0.7777777777777777,2.593810840028534,4.72563451619083,4.3362950449266915
3.913793103448276,10.0,0.8888888888888888,2.5956926610037296,4.725190006057622,4.334888453882469
3.913793103448276,10.0,1.0,2.5975717580601296,4.724746228846518,4.333487442122651
5.620689655172414,1e-06,0.0,2.211680113734476,3.045757478305777,5.1909267757009925
5.620689655172414,1e-06,0.1111111111111111,2.175277792502446,3.0457293553667633,5.178528307205741
5.620689655172414,1e-06,0.2222222222222222,2.142721022832144,3.04575324405422,5.166277376921865
5.620689655172414,1e-06,0.3333333333333333,2.1144831877015404,3.0457532425929164,5.154166018455854
5.620689655172414,1e-06,0.4444444444444444,2.0909669887568096,3.0457407828206264,5.1421869937475195
5.620689655172414,1e-06,0.5555555555555556,2.072465849608822,3.0457532406627026,5.130333650669863
5.620689655172414,1e-06,0.6666666666666666,2.0591323624466265,3.0457505330823977,5.118599858979705
5.620689655172414,1e-06,0.7777777777777777,2.0509599867038553,3.0457405289991697,5.106979955084031
5.620689655172414,1e-06,0.8888888888888888,2.047781900623418,3.045753237666716,5.095468694555243
5.620689655172414,1e-06,1.0,2.049287219777248,3.045753236421079,5.084061210496339
5.620689655172414,0.34482855172413795,0.0,2.2116801137395954,2.367930566506146,5.146341647112444
5.620689655172414,0.34482855172413795,0.1111111111111111,2.1793792742216263,2.3673582706696092,5.135163931460869
5.620689655172414,0.34482855172413795,0.2222222222222222,2.1501621588133912,2.366876842780938,5.124110966933488
5.620689655172414,0.34482855172413795,0.3333333333333333,2.1243531845918366,2.366481392050583,5.113177055176603
5.620689655172414,0.34482855172413795,0.4444444444444444,2.1022329574464993,2.366167380266704,5.102356930967103
5.620689655172414,0.34482855172413795,0.5555555555555556,2.084017091682601,2.3659305862749167,5.0916457179290635
5.620689655172414,0.34482855172413795,0.6666666666666666,2.0698381242324366,2.3657670750620206,5.081038890041798
5.620689655172414,0.34482855172413795,0.7777777777777777,2.0597332910056427,2.365673170569081,5.070532238030471
5.620689655172414,0.34482855172413795,0.8888888888888888,2.053640199814421,2.3656454318164752,5.060121839895716
5.620689655172414,0.34482855172413795,1.0,2.0514011382741413,2.3656806317760157,5.049804034970231
5.620689655172414,0.689656103448276,0.0,2.2116801137395945,3.348713701616318,5.1081511129779065
5.620689655172414,0.689656103448276,0.1111111111111111,2.1826789621352227,3.347810463431129,5.098004058334036
5.620689655172414,0.689656103448276,0.2222222222222222,2.1562043535002915,3.34695193998302,5.087963610932957
5.620689655172414,0.689656103448276,0.3333333333333333,2.132487441334817,3.3461358310017375,5.078025522404069
5.620689655172414,0.689656103448276,0.4444444444444444,2.111730791971447,3.345359988033231,5.068185838044653
5.620689655172414,0.689656103448276,0.5555555555555556,2.0940960398557777,3.344622400645063,5.058440869490751
5.620689655172414,0.689656103448276,0.6666666666666666,2.0796930331970422,3.3439211842292873,5.048787170649233
5.620689655172414,0.689656103448276,0.7777777777777777,2.0685717942808486,3.3432545691804143,5.039221516422424
5.620689655172414,0.689656103448276,0.8888888888888888,2.0607183622113046,3.342620891262097,5.0297408838349345
5.620689655172414,0.689656103448276,1.0,2.0560550932617025,3.342018583005502,5.020342435235956
5.620689655172414,1.034483655172414,0.0,2.211680113739595,3.7647398843201625,5.075079393295221
5.620689655172414,1.034483655172414,0.1111111111111111,2.1853860093991164,3.7637245015095444,5.06580947683444
5.620689655172414,1.034483655172414,0.2222222222222222,2.161198844802782,3.762739284973325,5.056631476308776
5.620689655172414,1.034483655172414,0.3333333333333333,2.1392886689535535,3.761782755719202,5.047542139067565
5.620689655172414,1.034483655172414,0.4444444444444444,2.11980609225287,3.760853526547264,5.038538417657305
5.620689655172414,1.034483655172414,0.5555555555555556,2.1028747238610546,3.759950294364588,5.029617452328728
5.620689655172414,1.034483655172414,0.6666666666666666,2.088584382536809,3.759071833319869,5.020776555460577
5.620689655172414,1.034483655172414,0.7777777777777777,2.076985755389921,3.758216988652614,5.012013197646449
5.620689655172414,1.034483655172414,0.8888888888888888,2.0680870816203076,3.7573846711672623,5.00332499523025
5.620689655172414,1.034483655172414,1.0,2.061853237178824,3.7565738522555954,4.994709699107976
5.620689655172414,1.3793112068965518,0.0,2.2116801137395945,4.010527989413881,5.046167471716834
5.620689655172414,1.3793112068965518,0.1111111111111111,2.1876437810485547,4.009439183433518,5.037650117844582
5.620689655172414,1.3793112068965518,0.2222222222222222,2.165390665017676,4.008373477983284,5.029212651241383
5.620689655172414,1.3793112068965518,0.3333333333333333,2.1450492430879513,4.007329814203792,5.0208525266068635
5.620689655172414,1.3793112068965518,0.4444444444444444,2.126734319521819,4.006307195170324,5.012567345868489
5.620689655172414,1.3793112068965518,0.5555555555555556,2.110542194713925,4.005304681079422,5.004354846623709
5.620689655172414,1.3793112068965518,0.6666666666666666,2.096546261487484,4.004321384911269,4.996212891751234
5.620689655172414,1.3793112068965518,0.7777777777777777,2.0847933909527567,4.003356468511078,4.988139460048299
5.620689655172414,1.3793112068965518,0.8888888888888888,2.075301430962528,4.0024091390405925,4.980132637771215
5.620689655172414,1.3793112068965518,1.0,2.06805805264306,4.0014786457573965,4.972190610973644
5.620689655172414,1.7241387586206898,0.0,2.211680113739595,4.178312850586742,5.020680872459607
5.620689655172414,1.7241387586206898,0.1111111111111111,2.1895535238579806,4.177179562774782,5.012814296164433
5.620689655172414,1.7241387586206898,0.2222222222222222,2.1689552701917694,4.17606507169307,5.005017662345758
5.620689655172414,1.7241387586206898,0.3333333333333333,2.149984636170753,4.174968580088688,4.997288942489726
5.620689655172414,1.7241387586206898,0.4444444444444444,2.1327310109314133,4.1738893347131425,4.989626216202249
5.620689655172414,1.7241387586206898,0.5555555555555556,2.117270692338101,4.172826623128061,4.982027663356784
5.620689655172414,1.7241387586206898,0.6666666666666666,2.1036639382073576,4.171779770804956,4.974491556978876
5.620689655172414,1.7241387586206898,0.7777777777777777,2.0919524700303906,4.170748138486322,4.967016256783582
5.620689655172414,1.7241387586206898,0.8888888888888888,2.082157616502284,4.169731119779554,4.959600203293092
5.620689655172414,1.7241387586206898,1.0,2.074279243840973,4.168728138958839,4.952241912471314
5.620689655172414,2.068966310344828,0.0,2.211680113739595,4.302124902053096,4.99804779559438
5.620689655172414,2.068966310344828,0.1111111111111111,2.19118860096563,4.300967875126223,4.990748176038915
5.620689655172414,2.068966310344828,0.2222222222222222,2.172021232803447,4.299826709925567,4.983510204080468
5.620689655172414,2.068966310344828,0.3333333333333333,2.1542562288242983,4.298700786709804,4.976332237740765
5.620689655172414,2.068966310344828,0.4444444444444444,2.1379644742544097,4.2975895180424,4.96921271608137
5.620689655172414,2.068966310344828,0.5555555555555556,2.123207338862862,4.296492346590511,4.962150153735921
5.620689655172414,2.068966310344828,0.6666666666666666,2.1100346465765716,4.295408743113494,4.9551431359202
5.620689655172414,2.068966310344828,0.7777777777777777,2.0984829157396376,4.294338204621264,4.948190313869279
5.620689655172414,2.068966310344828,0.8888888888888888,2.088573982293365,4.29328025268512,4.941290400657299
5.620689655172414,2.068966310344828,1.0,2.0803140986371633,4.292234431885762,4.93444216736082
5.620689655172414,2.413793862068966,0.0,2.2116801137395945,4.3981066161199465,4.977816574477861
5.620689655172414,2.413793862068966,0.1111111111111111,2.1926033710878357,4.396940463386919,4.971014322988914
5.620689655172414,2.413793862068966,0.2222222222222222,2.1746847165502703,4.395788026206412,4.964266743731563
5.620689655172414,2.413793862068966,0.3333333333333333,2.1579868132119193,4.394648811380498,4.9575724896648925
5.620689655172414,2.413793862068966,0.4444444444444444,2.142566773534197,4.393522350008623,4.950930275596572
5.620689655172414,2.413793862068966,0.5555555555555556,2.128474631579118,4.392408195927617,4.944338874291079
5.620689655172414,2.413793862068966,0.6666666666666666,2.1157519102565723,4.391305924277975,4.937797112895885
5.620689655172414,2.413793862068966,0.7777777777777777,2.104430356550671,4.390215130184043,4.931303869653953
5.620689655172414,2.413793862068966,0.8888888888888888,2.09453091411468,4.389135427537131,4.924858070874581
5.620689655172414,2.413793862068966,1.0,2.086062992758563,4.388066447871864,4.918458688137892
5.620689655172414,2.758621413793104,0.0,2.2116801137395945,4.475114817240478,4.959625784778164
5.620689655172414,2.758621413793104,0.1111111111111111,2.1938389067791495,4.473949773211792,4.953262666470638
5.620689655172414,2.758621413793104,0.2222222222222222,2.177018962916889,4.472796797692309,4.946948310004225
5.620689655172414,2.758621413793104,0.3333333333333333,2.161271220464913,4.471655490794081,4.940681597278096
5.620689655172414,2.758621413793104,0.4444444444444444,2.146642340568362,4.47052547126413,4.934461458155267
5.620689655172414,2.758621413793104,0.5555555555555556,2.133173612130022,4.469406375353427,4.92828686763772
5.620689655172414,2.758621413793104,0.6666666666666666,2.1208999186099766,4.468297855772216,4.922156843258018
5.620689655172414,2.758621413793104,0.7777777777777777,2.1098488125082198,4.46719958072371,4.916070442667153
5.620689655172414,2.758621413793104,0.8888888888888888,2.1000397416255496,4.466111233009013,4.910026761400605
5.620689655172414,2.758621413793104,1.0,2.0914834660162493,4.465032509196948,4.904024930806524
5.620689655172414,3.103448965517242,0.0,2.2116801137395945,4.538495722836468,4.943182834293849
5.620689655172414,3.103448965517242,0.1111111111111111,2.1949267818096803,4.537338922475706,4.937209741740397
5.620689655172414,3.103448965517242,0.2222222222222222,2.179080664276247,4.536192880835123,4.931280367520001
5.620689655172414,3.103448965517242,0.3333333333333333,2.164183703620417,4.535057268623425,4.92539377391746
5.620689655172414,3.103448965517242,0.4444444444444444,2.150274493821827,4.533931771079016,4.919549060948539
5.620689655172414,3.103448965517242,0.5555555555555556,2.137387479342541,4.532816087134116,4.913745364273119
5.620689655172414,3.103448965517242,0.6666666666666666,2.1255521955541843,4.531709928639258,4.9079818532587725
5.620689655172414,3.103448965517242,0.7777777777777777,2.1147925801854446,4.530613019642894,4.902257729181578
5.620689655172414,3.103448965517242,0.8888888888888888,2.1051263845286035,4.529525095721349,4.896572223552257
5.620689655172414,3.103448965517242,1.0,2.096564710328367,4.52844590335487,4.890924596556886
5.620689655172414,3.44827651724138,0.0,2.211680113739595,4.5917026389684334,4.928248359337908
5.620689655172414,3.44827651724138,0.1111111111111111,2.1958916427293587,4.590559018690249,4.922623580974502
5.620689655172414,3.44827651724138,0.2222222222222222,2.1809143425225352,4.589425086847544,4.917038188729755
5.620689655172414,3.44827651724138,0.3333333333333333,2.1667831438112746,4.588300568685162,4.91149138889804
5.620689655172414,3.44827651724138,0.4444444444444444,2.153530318792616,4.587185200940064,4.905982417837185
5.620689655172414,3.44827651724138,0.5555555555555556,2.1411848846030437,4.586078731213212,4.90051054040214
5.620689655172414,3.44827651724138,0.6666666666666666,2.1297720352081657,4.584980917384519,4.895075048485186
5.620689655172414,3.44827651724138,0.7777777777777777,2.1193126213263183,4.583891527067251,4.889675259653812
5.620689655172414,7.586207137931035,0.0,2.2116801137395945,4.895772959798182,4.818057715644989
5.620689655172414,7.586207137931035,0.1111111111111111,2.2023762265009084,4.894872308413206,4.814809524294771
5.620689655172414,7.586207137931035,0.2222222222222222,2.1933683150456793,4.893975674320194,4.811576123016043
5.620689655172414,7.586207137931035,0.3333333333333333,2.1846632857431296,4.893082999750015,4.808357338812814
5.620689655172414,7.586207137931035,0.4444444444444444,2.1762677063903335,4.892194228343166,4.805153002520421
5.620689655172414,7.586207137931035,0.5555555555555556,2.168187762984506,4.891309305102732,4.8019629486895985
5.620689655172414,7.586207137931035,0.6666666666666666,2.160429217554772,4.890428176349343,4.798787015475143
5.620689655172414,7.586207137931035,0.7777777777777777,2.1529973675472363,4.889550789678002,4.795625044528945
5.620689655172414,7.586207137931035,0.8888888888888888,2.1458970072611985,4.888677093916687,4.792476880897181
5.620689655172414,7.586207137931035,1.0,2.139132391828525,4.8878070390866615,4.789342372921463
5.620689655172414,7.931034689655173,0.0,2.2116801137395945,4.908519464851793,4.8123149112651475
5.620689655172414,7.931034689655173,0.1111111111111111,2.202685622531937,4.907637601194671,4.809180449010696
5.620689655172414,7.931034689655173,0.2222222222222222,2.1939684582243304,4.906759535554888,4.806059846045997
5.620689655172414,7.931034689655173,0.3333333333333333,2.1855348503912913,4.905885215542544,4.80295294575977
5.620689655172414,7.931034689655173,0.4444444444444444,2.1773907319534174,4.9050145899998165,4.799859594892937
5.620689655172414,7.931034689655173,0.5555555555555556,2.169541702628234,4.904147608961197,4.796779643440667
5.620689655172414,7.931034689655173,0.6666666666666666,2.1619929932418693,4.903284223615392,4.793712944558186
5.620689655172414,7.931034689655173,0.7777777777777777,2.1547494312918194,4.90242438626872,4.790659354470134
5.620689655172414,7.931034689655173,0.8888888888888888,2.147815408154461,4.901568050309991,4.787618732383335
5.620689655172414,7.931034689655173,1.0,2.141194848327135,4.900715170176779,4.784590940402817
5.620689655172414,8.275862241379311,0.0,2.2116801137395954,4.9203380520714175,4.806894265758451
5.620689655172414,8.275862241379311,0.1111111111111111,2.202975234147479,4.91947440791915,4.803866167994426
5.620689655172414,8.275862241379311,0.2222222222222222,2.1945307373853655,4.918614360423796,4.800851081899226
5.620689655172414,8.275862241379311,0.3333333333333333,2.1863522615755424,4.917757861918326,4.797848865267409
5.620689655172414,8.275862241379311,0.4444444444444444,2.1784451838177845,4.916904865817239,4.794859378838667
5.620689655172414,8.275862241379311,0.5555555555555556,2.1708145891193515,4.91605532658282,4.791882486214656
5.620689655172414,8.275862241379311,0.6666666666666666,2.163465240029291,4.915209199692697,4.788918053778839
5.620689655172414,8.275862241379311,0.7777777777777777,2.1564015472878006,4.914366441608688,4.7859659506193255
5.620689655172414,8.275862241379311,0.8888888888888888,2.1496275418042585,4.913527009746839,4.783026048454468
5.620689655172414,8.275862241379311,1.0,2.143146848275054,4.912690862448639,4.780098221561176
5.620689655172414,8.620689793103448,0.0,2.211680113739595,4.931327511518123,4.801769473565171
5.620689655172414,8.620689793103448,0.1111111111111111,2.203246890075738,4.9304815184650295,4.798841048280197
5.620689655172414,8.620689793103448,0.2222222222222222,2.1950586087269945,4.929638936650412,4.795924860763623
5.620689655172414,8.620689793103448,0.3333333333333333,2.1871203887046287,4.928799722571965,4.793020781524208
5.620689655172414,8.620689793103448,0.4444444444444444,2.1794371184395964,4.927963833680635,4.790128683668319
5.620689655172414,8.620689793103448,0.5555555555555556,2.1720134292359954,4.927131228351804,4.787248442828893
5.620689655172414,8.620689793103448,0.6666666666666666,2.1648536693044855,4.926301865857563,4.784379937096961
5.620689655172414,8.620689793103448,0.7777777777777777,2.1579618786249317,4.925475706340049,4.781523046955596
5.620689655172414,8.620689793103448,0.8888888888888888,2.15134176488985,4.924652710785788,4.778677655216184
5.620689655172414,8.620689793103448,1.0,2.144996680778668,4.92383284100098,4.775843646956913
5.620689655172414,8.965517344827587,0.0,2.211680113739595,4.941572964886011,4.796917011918731
5.620689655172414,8.965517344827587,0.1111111111111111,2.2035022014317063,4.940744060080244,4.794082161935135
5.620689655172414,8.965517344827587,0.2222222222222222,2.195555122020172,4.939918395341251,4.791258841382129
5.620689655172414,8.965517344827587,0.3333333333333333,2.187843537045401,4.939095930854269,4.788446932030011
5.620689655172414,8.965517344827587,0.4444444444444444,2.1803719036010327,4.9382766276479275,4.78564631794855
5.620689655172414,8.965517344827587,0.5555555555555556,2.1731444515438874,4.937460447569531,4.7828568854460745
5.620689655172414,8.965517344827587,0.6666666666666666,2.166165161184421,4.936647353261248,4.780078523010662
5.620689655172414,8.965517344827587,0.7777777777777777,2.1594377416589308,4.93583730813721,4.777311121253387
5.620689655172414,8.965517344827587,0.8888888888888888,2.1529656101866856,4.93503027636141,4.77455457285345
5.620689655172414,8.965517344827587,1.0,2.1467518724141925,4.9342262228264255,4.771808772505207
5.620689655172414,9.310344896551724,0.0,2.211680113739595,4.951148169066369,4.7923157828788865
5.620689655172414,9.310344896551724,0.1111111111111111,2.203742593023504,4.950335799365325,4.789568938828423
5.620689655172414,9.310344896551724,0.2222222222222222,2.1960229784205394,4.949526511340027,4.786832974357119
5.620689655172414,9.310344896551724,0.3333333333333333,2.1885255267795456,4.948720268453204,4.784107781243939
5.620689655172414,9.310344896551724,0.4444444444444444,2.1812543130386155,4.947917034916466,4.781393253310469
5.620689655172414,9.310344896551724,0.5555555555555556,2.174213210571931,4.947116775668994,4.778689286368427
5.620689655172414,9.310344896551724,0.6666666666666666,2.167405871937027,4.94631945635704,4.77599577816897
5.620689655172414,9.310344896551724,0.7777777777777777,2.1608357101859106,4.945525043314129,4.773312628353682
5.620689655172414,9.310344896551724,0.8888888888888888,2.1545058809052082,4.9447335035419755,4.770639738407168
5.620689655172414,9.310344896551724,1.0,2.1484192651498484,4.943944804692066,4.767977011611213
5.620689655172414,9.655172448275863,0.0,2.211680113739596,4.960117365785296,4.787946809172603
5.620689655172414,9.655172448275863,0.1111111111111111,2.2039693294239107,4.959320990711247,4.785282871501642
5.620689655172414,9.655172448275863,0.2222222222222222,2.1964645787180253,4.958527550427731,4.782629215884663
5.620689655172414,9.655172448275863,0.3333333333333333,2.1891697591797716,4.957737011320935,4.779985743024383
5.620689655172414,9.655172448275863,0.4444444444444444,2.182088605972652,4.956949340444257,4.777352355443911
5.620689655172414,9.655172448275863,0.5555555555555556,2.1752246748459148,4.956164505499884,4.774728957441357
5.620689655172414,9.655172448275863,0.6666666666666666,2.1685813254500785,4.955382474821031,4.77211545504593
5.620689655172414,9.655172448275863,0.7777777777777777,2.162161705121504,4.954603217354785,4.769511755975453
5.620689655172414,9.655172448275863,0.8888888888888888,2.155968733271,4.953826702645558,4.766917769595237
5.620689655172414,9.655172448275863,1.0,2.150005086511119,4.953052900819082,4.7643334068782695
5.620689655172414,10.0,0.0,2.211680113739595,4.9685367789925206,4.783792974645735
5.620689655172414,10.0,0.1111111111111111,2.2041835367975056,4.9677558727770945,4.781207263247865
5.620689655172414,10.0,0.2222222222222222,2.196882063814378,4.9669777648586475,4.778631283324075
5.620689655172414,10.0,0.3333333333333333,2.1897792722801976,4.9662024242397935,4.776064943557721
5.620689655172414,10.0,0.4444444444444444,2.1828785942599667,4.965429820519503,4.773508154259533
5.620689655172414,10.0,0.5555555555555556,2.17618330159514,4.96465992387711,4.770960827328205
5.620689655172414,10.0,0.6666666666666666,2.169696491387502,4.963892705056874,4.76842287621224
5.620689655172414,10.0,0.7777777777777777,2.163421071875302,4.963128135353052,4.765894215872957
5.620689655172414,10.0,0.8888888888888888,2.1573597488126226,4.96236618659549,4.763374762748699
5.620689655172414,10.0,1.0,2.1515150124627436,4.96160683113567,4.760864434720108
7.327586206896552,1e-06,0.0,2.778247300723124,3.0457511759334603,5.544324038921672
7.327586206896552,1e-06,0.1111111111111111,2.711057418954527,3.045752709486284,5.527881246246453
7.327586206896552,1e-06,0.2222222222222222,2.6428457194067696,3.0457529599330186,5.511835363678017
7.327586206896552,1e-06,0.3333333333333333,,,
7.327586206896552,1e-06,0.4444444444444444,2.502331177991173,3.0457532849566893,5.480800015552628
7.327586206896552,1e-06,0.5555555555555556,2.4295366543459433,3.0457534007570795,5.465754428038368
7.327586206896552,1e-06,0.6666666666666666,2.354743935381317,3.0457527375540074,5.45099194280247
7.327586206896552,1e-06,0.7777777777777777,2.2777541431681216,3.0457526091486185,5.436492314884188
7.327586206896552,1e-06,0.8888888888888888,2.198418622150747,3.0457527450794224,5.422237547714092
7.327586206896552,1e-06,1.0,2.1166780761632475,3.045752207188324,5.408211553990408
7.327586206896552,0.34482855172413795,0.0,2.7782473007230295,2.664494136450757,5.498443136469876
7.327586206896552,0.34482855172413795,0.1111111111111111,2.718303956702547,2.660158290475048,5.483715393757643
7.327586206896552,0.34482855172413795,0.2222222222222222,2.657649550490166,2.6561485584200626,5.46930553548289
7.327586206896552,0.34482855172413795,0.3333333333333333,2.5961113980947395,2.6524381923737628,5.455189285613044
7.327586206896552,0.34482855172413795,0.4444444444444444,2.533524267396158,2.649003699860202,5.441345346747229
7.327586206896552,0.34482855172413795,0.5555555555555556,2.469731020055815,2.645824305496898,5.427754903412956
7.327586206896552,0.34482855172413795,0.6666666666666666,2.4045853343898114,2.6428815234588345,5.414401228646325
7.327586206896552,0.34482855172413795,0.7777777777777777,2.3379572511731297,2.6401588128449003,5.401269368472792
7.327586206896552,0.34482855172413795,0.8888888888888888,2.2697427344827474,2.6376412979555433,5.388345886026068
7.327586206896552,0.34482855172413795,1.0,2.1998790606383336,2.6353155385173603,5.375618651938158
7.327586206896552,0.689656103448276,0.0,2.7782473007230295,3.569051415124128,5.458718704746294
7.327586206896552,0.689656103448276,0.1111111111111111,2.7241834665048263,3.5659202274935606,5.445416091272653
7.327586206896552,0.689656103448276,0.2222222222222222,2.6696089420682294,3.562958769332572,5.432372916997814
7.327586206896552,0.689656103448276,0.3333333333333333,2.6144031435355144,3.560153924866854,5.419571697428618
7.327586206896552,0.689656103448276,0.4444444444444444,2.5584516049430173,3.557494045242114,5.406996878676133
7.327586206896552,0.689656103448276,0.5555555555555556,2.501646331409636,3.5549687268436903,5.394634545872683
7.327586206896552,0.689656103448276,0.6666666666666666,2.4438872036626114,3.5525686312432407,5.382472186810754
7.327586206896552,0.689656103448276,0.7777777777777777,2.3850847218435676,3.550285337542275,5.3704984983808055
7.327586206896552,0.689656103448276,0.8888888888888888,2.325164534353622,3.5481112202210174,5.358703226589368
7.327586206896552,0.689656103448276,1.0,2.2640744018884984,3.5460393472783527,5.347077033218874
7.327586206896552,1.034483655172414,0.0,2.7782473007230295,3.960874464309228,5.42399132054611
7.327586206896552,1.034483655172414,0.1111111111111111,2.72904220483953,3.9580814048044473,5.411887058199428
9.03448275862069,2.068966310344828,0.8888888888888888,2.908182075753899,4.609426870029367,5.503852662760517
9.03448275862069,2.068966310344828,1.0,2.8680991054019542,4.606146247150058,5.493723936436058
9.03448275862069,2.413793862068966,0.0,3.2285705449749815,4.73246634701924,5.5678138877864685
9.03448275862069,2.413793862068966,0.1111111111111111,3.1906083665244704,4.728370242561195,5.55696576074021
9.03448275862069,2.413793862068966,0.2222222222222222,3.1529499067599303,4.724424072661527,5.546325075852793
9.03448275862069,2.413793862068966,0.3333333333333333,3.1155246172577806,4.720616201781863,5.535879785708645
9.03448275862069,2.413793862068966,0.4444444444444444,3.078267846926403,4.716936323865914,5.5256190138785355
9.03448275862069,2.413793862068966,0.5555555555555556,3.0411196243803507,4.713375260464242,5.515532896771578
9.03448275862069,2.413793862068966,0.6666666666666666,3.0040236647992065,4.7099247967856765,5.505612452504923
9.03448275862069,2.413793862068966,0.7777777777777777,2.966926545121994,4.7065775472726195,5.495849471267723
9.03448275862069,2.413793862068966,0.8888888888888888,2.9297770062849793,4.703326844422694,5.486236422959098
9.03448275862069,2.413793862068966,1.0,2.8925253515778016,4.700166646104831,5.476766378836897
9.03448275862069,2.758621413793104,0.0,3.2285705449749815,4.806991125104955,5.5462913949533705
9.03448275862069,2.758621413793104,0.1111111111111111,3.192997517654206,4.80313550312955,5.536207726851103
9.03448275862069,2.758621413793104,0.2222222222222222,3.157696082041797,4.799407540380156,5.52630183403348
9.03448275862069,2.758621413793104,0.3333333333333333,3.122608785019859,4.795797996656522,5.516564295477329
9.03448275862069,2.758621413793104,0.4444444444444444,3.087682705240649,4.792298619856848,5.506986526361601
9.03448275862069,2.758621413793104,0.5555555555555556,3.052868583927174,4.7889020053881834,5.497560674715294
9.03448275862069,2.758621413793104,0.6666666666666666,3.018120107180552,4.785601480381538,5.4882795342541835
9.03448275862069,2.758621413793104,0.7777777777777777,2.983393304266006,4.782391007538243,5.479136470367166
9.03448275862069,2.758621413793104,0.8888888888888888,2.94864603525201,4.7792651046687,5.470125356872306
9.03448275862069,2.758621413793104,1.0,2.9138375477392895,4.776218776889917,5.46124052166096
9.03448275862069,3.103448965517242,0.0,3.228570544974981,4.86862886500315,5.52671098936879
9.03448275862069,3.103448965517242,0.1111111111111111,3.1951096642266066,4.864983780041794,5.517298220026524
9.03448275862069,3.103448965517242,0.2222222222222222,3.1618927352972417,4.861448639050114,5.508039221578037
9.03448275862069,3.103448965517242,0.3333333333333333,3.1288724094699356,4.858015998687654,5.498926521514674
9.03448275862069,3.103448965517242,0.4444444444444444,3.0960048675520784,4.854679162876393,5.489953254858279
9.03448275862069,3.103448965517242,0.5555555555555556,3.0632491881413877,4.851432082870266,5.4811130953479115
9.03448275862069,3.103448965517242,0.6666666666666666,3.030566820155174,4.848269273927617,5.472400196506219
9.03448275862069,3.103448965517242,0.7777777777777777,2.997921136624737,4.845185745318658,5.463809140886009
9.03448275862069,3.103448965517242,0.8888888888888888,2.965277052222488,4.842176941137511,5.455334896135108
9.03448275862069,3.103448965517242,1.0,2.932600690978767,4.839238689939497,5.4469727767797655
9.03448275862069,3.44827651724138,0.0,3.2285705449749815,4.920577559471079,5.508820867607969
9.03448275862069,3.44827651724138,0.1111111111111111,3.19698962516029,4.917119306936467,5.500000937595902
9.03448275862069,3.44827651724138,0.2222222222222222,3.1656287792677174,4.913756669720592,5.491315127043162
9.03448275862069,3.44827651724138,0.3333333333333333,3.1344485677851286,4.910483576840768,5.482757432166889
9.03448275862069,3.44827651724138,0.4444444444444444,3.103412334201611,4.90729453116292,5.47432229759917
9.03448275862069,3.44827651724138,0.5555555555555556,3.072485738327345,4.904184537073296,5.466004569788769
9.03448275862069,3.44827651724138,0.6666666666666666,3.0416363626583944,4.901149039495141,5.457799456529199
9.03448275862069,3.44827651724138,0.7777777777777777,3.0108333765864517,4.898183872138151,5.4497024916510375
9.03448275862069,3.44827651724138,0.8888888888888888,2.980047246685084,4.895285213320309,5.441709504090178
9.03448275862069,3.44827651724138,1.0,2.9492494838562573,4.8924495480449215,5.433816590682222
9.03448275862069,3.7931040689655178,0.0,3.2285705449749815,4.96502970538648,5.492410964010727
9.03448275862069,3.7931040689655178,0.1111111111111111,3.198673157585194,4.961738917093393,5.484118163344289
9.03448275862069,3.7931040689655178,0.2222222222222222,3.168975124005979,4.958531990690795,5.475943223015208
9.03448275862069,3.7931040689655178,0.3333333333333333,3.139443275988706,4.955403919636158,5.467881262448512
9.03448275862069,3.7931040689655178,0.4444444444444444,3.1100466646014757,4.952350144125066,5.459927736871652
9.03448275862069,3.7931040689655178,0.5555555555555556,3.0807562103374746,4.949366497884122,5.452078405270553
9.03448275862069,3.7931040689655178,0.6666666666666666,3.0515444052447727,4.946449162861505,5.444329302197016
9.03448275862069,3.7931040689655178,0.7777777777777777,3.0223850568383908,4.9435946304214005,5.436676712878426
9.03448275862069,3.7931040689655178,0.8888888888888888,2.993253065754706,4.940799667931566,5.429117151169755
9.03448275862069,3.7931040689655178,1.0,2.964124230771901,4.938061289851734,5.421647339960988
9.03448275862069,4.137931620689656,0.0,3.2285705449749815,5.003546399410923,5.4773046514174
9.03448275862069,4.137931620689656,0.1111111111111111,3.20018911558993,5.000406888966531,5.469483213968552
9.03448275862069,4.137931620689656,0.2222222222222222,3.1719889778413095,4.997341482894878,5.4617660544559765
9.03448275862069,4.137931620689656,0.3333333333333333,3.143941994306077,4.994346011510788,5.454149162716835
9.03448275862069,4.137931620689656,0.4444444444444444,3.116021815849751,4.99141665721425,5.446628783437173
9.03448275862069,4.137931620689656,0.5555555555555556,3.0882036157271195,4.988549914770848,5.4392013938053765
9.03448275862069,4.137931620689656,0.6666666666666666,3.0604638612966415,4.985742557183622,5.431863683614871
9.03448275862069,4.137931620689656,0.7777777777777777,3.0327801163292873,4.982991606219091,5.424612537501742
9.03448275862069,4.137931620689656,0.8888888888888888,3.0051308683291853,4.980294306831209,5.417445019047752
9.03448275862069,4.137931620689656,1.0,2.977495376386877,4.977648104868756,5.410358356517412
9.03448275862069,4.482759172413794,0.0,3.2285705449749815,5.037273580073326,5.463352344148115
9.03448275862069,4.482759172413794,0.1111111111111111,3.2015610245854518,5.034271591693778,5.455954589033885
9.03448275862069,4.482759172413794,0.2222222222222222,3.174716979058032,5.031335521925223,5.448649665617985
9.03448275862069,4.482759172413794,0.3333333333333333,3.1480143496575526,5.028461866985593,5.441434246486105
9.03448275862069,4.482759172413794,0.4444444444444444,3.1214305324788256,5.025647403689546,5.434305200034984
9.03448275862069,4.482759172413794,0.5555555555555556,3.0949441738595467,5.022889159398947,5.427259574687705
9.03448275862069,4.482759172413794,0.6666666666666666,3.068534993371993,5.020184385993468,5.420294584681249
9.03448275862069,4.482759172413794,0.7777777777777777,3.0421836295033278,5.01753053721999,5.413407597246753
9.03448275862069,4.482759172413794,0.8888888888888888,3.015871504089454,5.0149252488976,5.406596121024848
9.03448275862069,4.482759172413794,1.0,2.9895807023112613,5.012366321548514,5.399857795577682
9.03448275862069,4.827586724137932,0.0,3.228570544974981,5.0670738511037205,5.4504265141389014
9.03448275862069,4.827586724137932,0.1111111111111111,3.202808246723574,5.064197542849961,5.443411393671276
9.03448275862069,4.827586724137932,0.2222222222222222,3.1771975113230537,5.061380222205959,5.4364793812255545
9.03448275862069,4.827586724137932,0.3333333333333333,3.1517176188659324,5.058618921031004,5.429627690947815
9.03448275862069,4.827586724137932,0.4444444444444444,3.1263490434967465,5.055910897091824,5.422853689163634
9.03448275862069,4.827586724137932,0.5555555555555556,3.1010732941976786,5.053253611049665,5.416154883097049
9.03448275862069,4.827586724137932,0.6666666666666666,3.0758727760582247,5.050644706378818,5.409528910605866
9.03448275862069,4.827586724137932,0.7777777777777777,3.0507306685707953,5.048081991770823,5.402973530832035
9.03448275862069,4.827586724137932,0.8888888888888888,3.025630818139624,5.045563425656888,5.396486615675581
9.03448275862069,4.827586724137932,1.0,3.0005576424995613,5.04308710254384,5.390066142009756
9.03448275862069,5.17241427586207,0.0,3.2285705449749815,5.093610395953726,5.438417769460516
9.03448275862069,5.17241427586207,0.1111111111111111,3.2039468554066883,5.090849468182097,5.431749723023388
9.03448275862069,5.17241427586207,0.2222222222222222,3.179462439567423,5.088141610741059,5.425156463283802
9.03448275862069,5.17241427586207,0.3333333333333333,3.1550993349860232,5.085484290602612,5.4186356384065535
9.03448275862069,5.17241427586207,0.4444444444444444,3.1308405672502797,5.082875158317092,5.412185016090176
9.03448275862069,5.17241427586207,0.5555555555555556,3.106670024795574,5.080312030190392,5.405802475417584
9.03448275862069,5.17241427586207,0.6666666666666666,3.082572349091294,5.077792872626792,5.399485999366675
9.03448275862069,5.17241427586207,0.7777777777777777,3.058532837745543,5.075315788322908,5.393233667925203
9.03448275862069,5.17241427586207,0.8888888888888888,3.0345373584916424,5.072879004051127,5.3870436517577485
9.03448275862069,5.17241427586207,1.0,3.0105722723733543,5.070480859813659,5.380914206376438
9.03448275862069,5.517241827586208,0.0,3.2285705449749815,5.117402349967853,5.427231740367514
9.03448275862069,5.517241827586208,0.1111111111111111,3.2049902997284976,5.114747768662067,5.4208797811328
9.03448275862069,5.517241827586208,0.2222222222222222,3.1815384279913337,5.112141168100501,5.414595439014114
9.03448275862069,5.517241827586208,0.3333333333333333,3.158199263138981,5.109580371887596,5.408376713340502
9.03448275862069,5.517241827586208,0.4444444444444444,3.134957962366122,5.107063354091379,5.402221698266962
9.03448275862069,5.517241827586208,0.5555555555555556,3.1118004072562866,5.104588225296886,5.396128576829139
9.03448275862069,5.517241827586208,0.6666666666666666,3.088713116055461,5.10215322027875,5.390095615427259
9.03448275862069,5.517241827586208,0.7777777777777777,3.0656831658488506,5.099756687068088,5.384121158710178
9.03448275862069,5.517241827586208,0.8888888888888888,3.0426981231484014,5.097397077224967,5.37820362483081
9.03448275862069,5.517241827586208,1.0,3.019745981647216,5.09507293715731,5.372341501045254
9.03448275862069,5.862069379310346,0.0,3.228570544974981,5.138862464812702,5.416786585476009
9.03448275862069,5.862069379310346,0.1111111111111111,3.2059499151192425,5.13630624972298,5.410723566216826
9.03448275862069,5.862069379310346,0.2222222222222222,3.1834479524876462,5.133793608025367,5.404721948121629
9.03448275862069,5.862069379310346,0.3333333333333333,3.161050916338992,5.1313226580441205,5.398780017169237
9.03448275862069,5.862069379310346,0.4444444444444444,3.1387457576620004,5.1288916424045645,5.392896135263412
9.03448275862069,5.862069379310346,0.5555555555555556,3.116520039504298,5.126498917014854,5.387068735856102
9.03448275862069,5.862069379310346,0.6666666666666666,3.094361866290262,5.124142941271919,5.381296319849359
9.03448275862069,5.862069379310346,0.7777777777777777,3.072259820804124,5.121822269328739,5.375577451762188
9.03448275862069,5.862069379310346,0.8888888888888888,3.050202907732281,5.119535542285176,5.369910756147485
9.03448275862069,5.862069379310346,1.0,3.0281805028357276,5.1172814811853975,5.364294914243978
9.03448275862069,6.206896931034484,0.0,3.2285705449749815,5.158323403058319,5.407010978715317
9.03448275862069,6.206896931034484,0.1111111111111111,3.2068353199583663,5.155858461768924,5.401212996741054
9.03448275862069,6.206896931034484,0.2222222222222222,3.185210086694271,5.153433253692814,5.395470995532628
9.03448275862069,6.206896931034484,0.3333333333333333,3.163682731192871,5.151046142560871,5.389783496987083
9.03448275862069,6.206896931034484,0.4444444444444444,3.142241724100195,5.148695595546273,5.384149084322212
9.03448275862069,6.206896931034484,0.5555555555555556,3.1208760563239264,5.1463801744822195,5.37856639882766
9.03448275862069,6.206896931034484,0.6666666666666666,3.099575181629818,5.144098528014809,5.37303413679581
9.03448275862069,6.206896931034484,0.7777777777777777,3.0783289652249968,5.141849384571762,5.367551046627464
9.03448275862069,6.206896931034484,0.8888888888888888,3.0571276374996885,5.139631546045295,5.362115926105711
9.03448275862069,6.206896931034484,1.0,3.03596175222654,5.137443882102222,5.356727619830429
9.03448275862069,6.551724482758622,0.0,3.228570544974981,5.176056513725592,5.3978424723388825
9.03448275862069,6.551724482758622,0.1111111111111111,3.2076547266415356,5.173676509284378,5.392288383495894
9.03448275862069,6.551724482758622,0.2222222222222222,3.1868411183445056,5.171332873083361,5.386785523352227
9.03448275862069,6.551724482758622,0.3333333333333333,3.166118989014571,5.1690241746339165,5.381332609461835
9.03448275862069,6.551724482758622,0.4444444444444444,3.145478104731958,5.166749070118684,5.375928409309071
9.03448275862069,6.551724482758622,0.5555555555555556,3.124908676305517,5.1645062953335,5.370571737878556
9.03448275862069,6.551724482758622,0.6666666666666666,3.104401312306367,5.1622946593506445,5.365261455339586
9.03448275862069,6.551724482758622,0.7777777777777777,3.0839469768172494,5.160113038814973,5.359996464844923
9.03448275862069,6.551724482758622,0.8888888888888888,3.06353695127098,5.157960372797144,5.354775710442154
9.03448275862069,6.551724482758622,1.0,3.043162799844293,5.1558356581386615,5.349598175094581
9.03448275862069,6.8965520344827596,0.0,3.228570544974981,5.192285506242409,5.389226156537501
9.03448275862069,6.8965520344827596,0.1111111111111111,3.208415187772704,5.189984749949498,5.38389717544845
9.03448275862069,6.8965520344827596,0.2222222222222222,3.1883550369901057,5.18771739792435,5.378615236107049
9.03448275862069,6.8965520344827596,0.3333333333333333,3.168380544222081,5.185482193355893,5.373379219496927
9.03448275862069,6.8965520344827596,0.4444444444444444,3.1484825862382873,5.183277952513756,5.368188047569883
9.03448275862069,6.8965520344827596,0.5555555555555556,3.1286524219846212,5.1811035590321195,5.363040681415469
9.03448275862069,6.8965520344827596,0.6666666666666666,3.1088816538891244,5.178957958754926,5.357936119501884
9.03448275862069,6.8965520344827596,0.7777777777777777,3.0891621929120032,5.17684015507631,5.352873395990677
9.03448275862069,6.8965520344827596,0.8888888888888888,3.0694862268613625,5.174749204719143,5.347851579126066
9.03448275862069,6.8965520344827596,1.0,3.049846191564654,5.1726842139022695,5.342869769698511
9.03448275862069,7.2413795862068975,0.0,3.2285705449749806,5.207196584252732,5.381113554809764
9.03448275862069,7.2413795862068975,0.1111111111111111,3.209122792659034,5.204969947715876,5.375992923851235
9.03448275862069,7.2413795862068975,0.2222222222222222,3.1897639232302217,5.2027740920849235,5.370915628432584
9.03448275862069,7.2413795862068975,0.3333333333333333,3.1704854053209814,5.200607908020527,5.365880686962838
9.03448275862069,7.2413795862068975,0.4444444444444444,3.151279073132056,5.198470348169998,5.360887151708946
9.03448275862069,7.2413795862068975,0.5555555555555556,3.1321370909221558,5.196360422504522,5.35593410740819
9.03448275862069,7.2413795862068975,0.6666666666666666,3.1130519209214658,5.1942771940969665,5.3510206699233605
9.03448275862069,7.2413795862068975,0.7777777777777777,3.0940162942401566,5.192219775290305,5.346145984944402
9.03448275862069,7.2413795862068975,0.8888888888888888,3.0750231844034555,5.190187324213255,5.341309226738749
9.03448275862069,7.2413795862068975,1.0,3.056065783195726,5.18817904160536,5.336509596951446
9.03448275862069,7.586207137931035,0.0,3.2285705449749815,5.220946073400079,5.373461708096048
9.03448275862069,7.586207137931035,0.1111111111111111,3.209782825376623,5.218788915611593,5.368534421578673
9.03448275862069,7.586207137931035,0.2222222222222222,3.1910782618012288,5.216660206441479,5.363647175686191
9.03448275862069,7.586207137931035,0.3333333333333333,3.1724492020334365,5.214558962478776,5.358799105111596
9.03448275862069,7.586207137931035,0.4444444444444444,3.1538883097552053,5.212484253180947,5.35398937272067
9.03448275862069,7.586207137931035,0.5555555555555556,3.1353885350321584,5.210435197044641,5.349217168493905
9.03448275862069,7.586207137931035,0.6666666666666666,3.1169430875436994,5.208410958125022,5.344481708492393
9.03448275862069,7.586207137931035,0.7777777777777777,3.098545412225823,5.2064107428655,5.339782233851735
9.03448275862069,7.586207137931035,0.8888888888888888,3.080189167040543,5.204433797204683,5.335118009806974
9.03448275862069,7.586207137931035,1.0,3.061868202624043,5.202479403931362,5.3304883247503
9.03448275862069,7.931034689655173,0.0,3.2285705449749815,5.233666243344747,5.366232411087101
9.03448275862069,7.931034689655173,0.1111111111111111,3.2103998928587556,5.231574349649932,5.3614849840818355
9.03448275862069,7.931034689655173,0.2222222222222222,3.1923071952858773,5.229508822430514,5.356774656533059
9.03448275862069,7.931034689655173,0.3333333333333333,3.174285563697417,5.227468786376545,5.35210066210786
9.03448275862069,7.931034689655173,0.4444444444444444,3.156328383797841,5.2254534115040645,5.347462258066875
9.03448275862069,7.931034689655173,0.5555555555555556,3.1384292908781983,5.223461909990452,5.3428587244531665
9.03448275862069,7.931034689655173,0.6666666666666666,3.1205821473535598,5.221493533287582,5.338289363292687
9.03448275862069,7.931034689655173,0.7777777777777777,3.102781022256988,5.219547569483458,5.333753497810543
9.03448275862069,7.931034689655173,0.8888888888888888,3.085020172466246,5.21762334088663,5.32925047166606
9.03448275862069,7.931034689655173,1.0,3.0672940254682364,5.215720201810766,5.324779648208899
9.03448275862069,8.275862241379311,0.0,3.2285705449749815,5.245469807694151,5.359391572002922
9.03448275862069,8.275862241379311,0.1111111111111111,3.210978029407204,5.243439338296799,5.354811845516198
9.03448275862069,8.275862241379311,0.2222222222222222,3.1934587311273783,5.241433369329258,5.35026658308745
9.03448275862069,8.275862241379311,0.3333333333333333,3.176006427934208,5.239451118739065,5.345755103090613
9.03448275862069,8.275862241379311,0.4444444444444444,3.158615136800139,5.237491843523155,5.341276743778917
9.03448275862069,8.275862241379311,0.5555555555555556,3.1412790931223147,5.235554837096875,5.336830862660057
9.03448275862069,8.275862241379311,0.6666666666666666,3.1239927317722627,5.2336394268859525,5.332416835874987
9.03448275862069,8.275862241379311,0.7777777777777777,3.106750669742214,5.231744972118693,5.32803405758428
9.03448275862069,8.275862241379311,0.8888888888888888,3.0895476902116386,5.229870861798392,5.323681939365098
9.03448275862069,8.275862241379311,1.0,3.0723787278795793,5.22801651283827,5.319359909621028
9.03448275862069,8.620689793103448,0.0,3.2285705449749815,5.256453441938272,5.352908673161844
9.03448275862069,8.620689793103448,0.1111111111111111,3.2115207825174674,5.254480888141616,5.348485649089897
9.03448275862069,8.620689793103448,0.2222222222222222,3.1945399116387705,5.252531156326775,5.3440947192164305
9.03448275862069,8.620689793103448,0.3333333333333333,3.1776222940831924,5.250603545268019,5.339735274788887
9.03448275862069,8.620689793103448,0.4444444444444444,3.1607625010410527,5.248697387536217,5.335406723901398
9.03448275862069,8.620689793103448,0.5555555555555556,3.1439552956095245,5.246812047299246,5.331108491011379
9.03448275862069,8.620689793103448,0.6666666666666666,3.127195616723794,5.244946918302505,5.3268400164546525
9.03448275862069,8.620689793103448,0.7777777777777777,3.110478564398901,5.24310142201182,5.3226007559627995
9.03448275862069,8.620689793103448,0.8888888888888888,3.0937993861422495,5.241275005902998,5.318390180185494
9.03448275862069,8.620689793103448,1.0,3.07715346441367,5.239467141884125,5.314207774220144
9.03448275862069,8.965517344827587,0.0,3.2285705449749815,5.266700562405083,5.346756314298612
9.03448275862069,8.965517344827587,0.1111111111111111,3.212031283787023,5.264782709188762,5.34248001492297
9.03448275862069,8.965517344827587,0.2222222222222222,3.195556954473234,5.262886163107894,5.338233671505197
9.03448275862069,8.965517344827587,0.3333333333333333,3.179142432565554,5.261010293296585,5.334016738293396
9.03448275862069,8.965517344827587,0.4444444444444444,3.162782777733236,5.259154498266069,5.329828683890794
9.03448275862069,8.965517344827587,0.5555555555555556,3.14647321888267,5.257318204056031,5.325668990880252
9.03448275862069,8.965517344827587,0.6666666666666666,3.1302091404661785,5.255500862532346,5.321537155444258
9.03448275862069,8.965517344827587,0.7777777777777777,3.11398606987282,5.253701949817279,5.317432686983629
9.03448275862069,8.965517344827587,0.8888888888888888,3.097799665789346,5.251920964839753,5.313355107737545
9.03448275862069,8.965517344827587,1.0,3.0816457074325423,5.2501574279946235,5.309303952407003
9.03448275862069,9.310344896551724,0.0,3.228570544974981,5.276283542444591,5.340909824188593
9.03448275862069,9.310344896551724,0.1111111111111111,3.2125123078342557,5.274417436276533,5.336771172009094
9.03448275862069,9.310344896551724,0.2222222222222222,3.1965153693533024,5.272571265684689,5.332660540418859
9.03448275862069,9.310344896551724,0.3333333333333333,3.1805750588394903,5.270744461304492,5.328577438383408
9.03448275862069,9.310344896551724,0.4444444444444444,3.1646868680909686,5.268936479411413,5.324521387164089
9.03448275862069,9.310344896551724,0.5555555555555556,3.1488464386784627,5.2671468003594315,5.320491920025431
9.03448275862069,9.310344896551724,0.6666666666666666,3.1330495502266857,5.265374927139252,5.316488581936172
9.03448275862069,9.310344896551724,0.7777777777777777,3.1172921095937665,5.263620384045177,5.3125109292668515
9.03448275862069,9.310344896551724,0.8888888888888888,3.1015701408587475,5.26188271544082,5.308558529486326
9.03448275862069,9.310344896551724,1.0,3.085879776037476,5.260161484614802,5.3046309608590745
9.03448275862069,9.655172448275863,0.0,3.2285705449749815,5.285265495328882,5.335346928946169
9.03448275862069,9.655172448275863,0.1111111111111111,3.212966321519248,5.283448416335626,5.3313376434568935
9.03448275862069,9.655172448275863,0.2222222222222222,3.197420055595779,5.281650027360354,5.327354621579044
9.03448275862069,9.655172448275863,0.3333333333333333,3.181927478721503,5.279869813006235,5.3233974200091225
9.03448275862069,9.655172448275863,0.4444444444444444,3.166484466308548,5.278107280341352,5.31946560602781
9.03448275862069,9.655172448275863,0.5555555555555556,3.1510870267598117,5.2763619575737915,5.315558757271177
9.03448275862069,9.655172448275863,0.6666666666666666,3.135731291395463,5.274633392823545,5.311676461494678
9.03448275862069,9.655172448275863,0.7777777777777777,3.120413505128502,5.272921152987493,5.3078183163324475
9.03448275862069,9.655172448275863,0.8888888888888888,3.105130017816673,5.271224822682808,5.303983929053927
9.03448275862069,9.655172448275863,1.0,3.0898772762260522,5.269544003266184,5.3001729163196485
9.03448275862069,10.0,0.0,3.228570544974981,5.29370172019525,5.330047467575393
9.03448275862069,10.0,0.1111111111111111,3.213395525272203,5.291931157986198,5.32615997622627
7.327586206896552,8.620689793103448,0.6666666666666666,2.6807434255273868,5.1025141496585045,5.101603406919781
7.327586206896552,8.620689793103448,0.7777777777777777,2.664443058976408,5.1012335022971875,5.097989632869241
7.327586206896552,8.620689793103448,0.8888888888888888,2.64812323675882,5.099961541718668,5.094395418989929
7.327586206896552,8.620689793103448,1.0,2.631782211776173,5.098698096760089,5.090820468726273
7.327586206896552,8.965517344827587,0.0,2.77824730072303,5.120785103625786,5.118136797861849
7.327586206896552,8.965517344827587,0.1111111111111111,2.762505974152094,5.119480187165784,5.114519387545958
7.327586206896552,8.965517344827587,0.2222222222222222,2.7467585766015223,5.118184528209947,5.110922153753823
7.327586206896552,8.965517344827587,0.3333333333333333,2.7310029999678447,5.116897936561692,5.107344781064386
7.327586206896552,8.965517344827587,0.4444444444444444,2.7152372179088555,5.115620228361753,5.103786962286725
7.327586206896552,8.965517344827587,0.5555555555555556,2.6994592864287266,5.114351225800864,5.100248398162634
7.327586206896552,8.965517344827587,0.6666666666666666,2.6836673449207966,5.113090756848886,5.096728797082939
7.327586206896552,8.965517344827587,0.7777777777777777,2.6678596176777103,5.111838654999248,5.093227874816782
7.327586206896552,8.965517344827587,0.8888888888888888,2.6520344158813107,5.110594759027666,5.089745354253213
7.327586206896552,8.965517344827587,1.0,2.636190140087505,5.109358912764152,5.0862809651543275
7.327586206896552,9.310344896551724,0.0,2.77824730072303,5.130504416969367,5.112838762205945
7.327586206896552,9.310344896551724,0.1111111111111111,2.7629625116039906,5.1292298687852815,5.109334532595043
7.327586206896552,9.310344896551724,0.2222222222222222,2.747672402458563,5.1279640429308655,5.105849260232285
7.327586206896552,9.310344896551724,0.3333333333333333,2.7323750526391777,5.1267067665055635,5.1023826584342435
7.327586206896552,9.310344896551724,0.4444444444444444,2.717068614375121,5.125457872185759,5.09893444774225
7.327586206896552,9.310344896551724,0.5555555555555556,2.701751313284871,5.1242171979796645,5.095504355670778
7.327586206896552,9.310344896551724,0.6666666666666666,2.686421449270004,5.1229845869958295,5.092092116467002
7.327586206896552,9.310344896551724,0.7777777777777777,2.6710773977983604,5.121759887224342,5.088697470880959
7.327586206896552,9.310344896551724,0.8888888888888888,2.655717611586388,5.120542951329892,5.085320165945718
7.327586206896552,9.310344896551724,1.0,2.6403406226926873,5.119333636455914,5.081959954767076
7.327586206896552,9.655172448275863,0.0,2.7782473007230304,5.139613004296782,5.107799825828735
7.327586206896552,9.655172448275863,0.1111111111111111,2.7633934462759773,5.138367494303179,5.104402162793797
7.327586206896552,9.655172448275863,0.2222222222222222,2.7485349269474444,5.137130216823996,5.101022342744841
7.327586206896552,9.655172448275863,0.3333333333333333,2.7336699880863087,5.135901014244916,5.097660104392037
7.327586206896552,9.655172448275863,0.4444444444444444,2.7187969402005585,5.134679733877096,5.094315192812345
7.327586206896552,9.655172448275863,0.5555555555555556,2.703914159407665,5.133466227747153,5.090987359235591
7.327586206896552,9.655172448275863,0.6666666666666666,2.6890200882047184,5.132260352398471,5.087676360839699
7.327586206896552,9.655172448275863,0.7777777777777777,2.674113236564523,5.131061968703095,5.084381960554599
7.327586206896552,9.655172448275863,0.8888888888888888,2.6591921833655916,5.1298709416835235,5.081103926874405
7.327586206896552,9.655172448275863,1.0,2.6442555781656485,5.1286871403437715,5.077842033677394
7.327586206896552,10.0,0.0,2.77824730072303,5.148167160091126,5.1030014362852745
7.327586206896552,10.0,0.1111111111111111,2.7638008639159755,5.146949439424372,5.0997042749145995
7.327586206896552,10.0,0.2222222222222222,2.7493503354265374,5.145739501802074,5.0964239357402255
7.327586206896552,10.0,0.3333333333333333,2.734894108112,5.144537203167294,5.093160179989511
7.327586206896552,10.0,0.4444444444444444,2.7204306332597277,5.143342403828037,5.089912774521086
7.327586206896552,10.0,0.5555555555555556,2.7059584209845142,5.1421549682765715,5.086681491642135
7.327586206896552,10.0,0.6666666666666666,2.691476040895227,5.140974765018194,5.083466108933197
7.327586206896552,10.0,0.7777777777777777,2.6769821230357596,5.139801666408858,5.080266409080135
7.327586206896552,10.0,0.8888888888888888,2.662475359106705,5.138635548501123,5.077082179712921
7.327586206896552,10.0,1.0,2.6479545039754755,5.137476290897861,5.0739132132508855
9.03448275862069,1e-06,0.0,3.2285705449749806,3.0457504955764376,5.810074379816883
9.03448275862069,1e-06,0.1111111111111111,,,
9.03448275862069,1e-06,0.2222222222222222,3.0885122939327485,3.0457496979185708,5.767884396284445
9.03448275862069,1e-06,0.3333333333333333,3.0190642330019237,3.045752122550691,5.748017139526976
9.03448275862069,1e-06,0.4444444444444444,2.9494074147385807,3.0457521414184345,5.728834965512888
9.03448275862069,1e-06,0.5555555555555556,2.8791432183561216,3.045752158496126,5.710261417226656
9.03448275862069,1e-06,0.6666666666666666,2.8078867901662896,3.0457521739941766,5.692233274805547
9.03448275862069,1e-06,0.7777777777777777,2.7352510999746036,3.045752166273388,5.674697511445292
9.03448275862069,1e-06,0.8888888888888888,2.6608326087024423,3.045752200882582,5.657609103411281
9.03448275862069,1e-06,1.0,2.584197043510972,3.0457522125376455,5.640929416098307
9.03448275862069,0.34482855172413795,0.0,3.228570544974981,2.9323296779903987,5.760800379450312
9.03448275862069,0.34482855172413795,0.1111111111111111,3.1656812458192682,2.9222653486875028,5.741757549195528
9.03448275862069,0.34482855172413795,0.2222222222222222,3.103430883362875,2.9130547620265053,5.7234029953726
9.03448275862069,0.34482855172413795,0.3333333333333333,3.0414737592715255,2.9045933333723184,5.705657944168971
9.03448275862069,0.34482855172413795,0.4444444444444444,2.979504969247762,2.8967957701325115,5.688457865329616
9.03448275862069,0.34482855172413795,0.5555555555555556,2.917244933475209,2.889591384282676,5.671749043024521
9.03448275862069,0.34482855172413795,0.6666666666666666,2.854427903382222,2.8829207827836134,5.655486154588817
9.03448275862069,0.34482855172413795,0.7777777777777777,2.7907927883038415,2.87673346858863,5.63963051356927
9.03448275862069,0.34482855172413795,0.8888888888888888,2.726075251406336,2.8709860633329667,5.624148764915253
9.03448275862069,0.34482855172413795,1.0,2.660000347013848,2.8656409626284516,5.6090118964400855
9.03448275862069,0.689656103448276,0.0,3.228570544974981,3.765211299186195,5.718025030447817
9.03448275862069,0.689656103448276,0.1111111111111111,3.171791906629531,3.7584356547711217,5.701014615599743
9.03448275862069,0.689656103448276,0.2222222222222222,3.1155769102998847,3.752137409514194,5.684544589099863
9.03448275862069,0.689656103448276,0.3333333333333333,3.059674773748506,3.746262016518898,5.668560701108085
9.03448275862069,0.689656103448276,0.4444444444444444,3.0038628847663533,3.7407641354034378,5.653017457211778
9.03448275862069,0.689656103448276,0.5555555555555556,2.947937447995696,3.735605586093661,5.637876217952326
9.03448275862069,0.689656103448276,0.6666666666666666,2.8917064259945584,3.7307538552531856,5.6231038061744005
9.03448275862069,0.689656103448276,0.7777777777777777,2.8349839182074006,3.7261809824062766,5.608671463696115
9.03448275862069,0.689656103448276,0.8888888888888888,2.7775854208862523,3.721862713602327,5.594554054646522
9.03448275862069,0.689656103448276,1.0,2.7193235828880145,3.7177778477776853,5.580729446969652
9.03448275862069,1.034483655172414,0.0,3.2285705449749815,4.1366638914235185,5.680544331083943
9.03448275862069,1.034483655172414,0.1111111111111111,3.176858701530251,4.130930257285989,5.665211265771788
9.03448275862069,1.034483655172414,0.2222222222222222,3.125642435848829,4.125541754336673,5.6503110192733415
9.03448275862069,1.034483655172414,0.3333333333333333,3.0747348227869886,4.1204619861378875,5.6358051732139725
9.03448275862069,1.034483655172414,0.4444444444444444,3.0239687876165013,4.115660187705385,5.621660867972712
9.03448275862069,1.034483655172414,0.5555555555555556,2.973191232739472,4.111110075508349,5.607849711105427
9.03448275862069,1.034483655172414,0.6666666666666666,2.922258529160169,4.106788984183749,5.594346951597597
9.03448275862069,1.034483655172414,0.7777777777777777,2.871032909606342,4.10267720677394,5.581130843842041
9.03448275862069,1.034483655172414,0.8888888888888888,2.8193794537513797,4.098757482518552,5.5681821499720705
9.03448275862069,1.034483655172414,1.0,2.767163449185937,4.095014593628006,5.555483745008178
9.03448275862069,1.3793112068965518,0.0,3.228570544974981,4.363961473768375,5.647433295618086
9.03448275862069,1.3793112068965518,0.1111111111111111,3.1811220935767457,4.358823329870292,5.633503369099475
9.03448275862069,1.3793112068965518,0.2222222222222222,3.134109778982323,4.353953522662217,5.619926142227382
9.03448275862069,1.3793112068965518,0.3333333333333333,3.0873910281066146,4.349325939350289,5.606673729409687
9.03448275862069,1.3793112068965518,0.4444444444444444,3.0408375362442133,4.344918188371524,5.593721877365324
9.03448275862069,1.3793112068965518,0.5555555555555556,2.9943314569916883,4.340710897991717,5.58104931789949
9.03448275862069,1.3793112068965518,0.6666666666666666,2.9477624281371195,4.336687176979547,5.568637264629301
9.03448275862069,1.3793112068965518,0.7777777777777777,2.9010251730909062,4.3328321935997005,5.5564690158059555
9.03448275862069,1.3793112068965518,0.8888888888888888,2.8540174990691747,4.3291328425382165,5.544529636737771
9.03448275862069,1.3793112068965518,1.0,2.806638565030732,4.325577478222563,5.532805702883693
9.03448275862069,1.7241387586206898,0.0,3.228570544974981,4.522078629197638,5.6179699820878
9.03448275862069,1.7241387586206898,0.1111111111111111,3.1847551498702296,4.517366068757746,5.60522789135689
9.03448275862069,1.7241387586206898,0.2222222222222222,3.1413247362544277,4.512869836883656,5.592777574433813
9.03448275862069,1.7241387586206898,0.3333333333333333,3.0981683838421303,4.508570466352413,5.5805983435340165
9.03448275862069,1.7241387586206898,0.4444444444444444,3.0551856224142315,4.504451056768516,5.568671946307543
9.03448275862069,1.7241387586206898,0.5555555555555556,3.012283888992492,4.500496826100011,5.556982171031759
9.03448275862069,1.7241387586206898,0.6666666666666666,2.969376511270591,4.496694758613789,5.545514532135146
9.03448275862069,1.7241387586206898,0.7777777777777777,2.9263810657165554,4.493033324915483,5.534256016630896
9.03448275862069,1.7241387586206898,0.8888888888888888,2.8832180036447244,4.4895022567511855,5.5231948774211554
9.03448275862069,1.7241387586206898,1.0,2.8398094680952584,4.4860923639721415,5.512320463147803
9.03448275862069,2.068966310344828,0.0,3.2285705449749815,4.640158977432404,5.5915829020731795
9.03448275862069,2.068966310344828,0.1111111111111111,3.187885321110791,4.635782768774446,5.57985707245937
9.03448275862069,2.068966310344828,0.2222222222222222,3.147541286366251,4.631585102055236,5.56837582981276
9.03448275862069,2.068966310344828,0.3333333333333333,3.1074506464066323,4.6275510787468646,5.557123524197855
9.03448275862069,2.068966310344828,0.4444444444444444,3.0675333946775005,4.623667625533787,5.546086176866002
9.03448275862069,2.068966310344828,0.5555555555555556,3.027715572295113,4.619923197558411,5.535251233219305
9.03448275862069,2.068966310344828,0.6666666666666666,2.9879278676890384,4.616307541207452,5.524607361814692
9.03448275862069,2.068966310344828,0.7777777777777777,2.9481044650077837,4.6128115023895315,5.514144289170925
10.741379310344827,3.44827651724138,0.4444444444444444,3.40055075918483,5.035594001114873,5.653472721846403
10.741379310344827,3.44827651724138,0.5555555555555556,3.367814577739913,5.03098135673277,5.643888768970392
10.741379310344827,3.44827651724138,0.6666666666666666,3.3354652246177716,5.026520690985386,5.6344645878105535
10.741379310344827,3.44827651724138,0.7777777777777777,3.3034516845607116,5.022201077905282,5.625192829564777
10.741379310344827,3.44827651724138,0.8888888888888888,3.271727633062817,5.01801275331934,5.6160666813437485
10.741379310344827,3.44827651724138,1.0,3.2402506597796386,5.013946951325101,5.6070798151060695
10.741379310344827,3.7931040689655178,0.0,3.5366090669234524,5.0989089076768535,5.675704169464585
10.741379310344827,3.7931040689655178,0.1111111111111111,3.5035760850394047,5.093867011221347,5.666055592374275
10.741379310344827,3.7931040689655178,0.2222222222222222,3.4711317990111006,5.089009186139118,5.656575731550705
10.741379310344827,3.7931040689655178,0.3333333333333333,3.439207630847869,5.084320689693209,5.647256726322626
10.741379310344827,3.7931040689655178,0.4444444444444444,3.4077430719133184,5.079788540776422,5.638091257593826
10.741379310344827,3.7931040689655178,0.5555555555555556,3.376684254173914,5.075401241080215,5.629072507695877
10.741379310344827,3.7931040689655178,0.6666666666666666,3.345982817804786,5.071148550657766,5.620194121023453
10.741379310344827,3.7931040689655178,0.7777777777777777,3.3155950024016914,5.067021305404464,5.611450166614816
10.741379310344827,3.7931040689655178,0.8888888888888888,3.2854809091695696,5.063011267238246,5.6028351032367985
10.741379310344827,3.7931040689655178,1.0,3.2556038954075697,5.059111000073565,5.594343747181742
10.741379310344827,4.137931620689656,0.0,3.5366090669234524,5.136227121594181,5.659263800903172
10.741379310344827,4.137931620689656,0.1111111111111111,3.5052788920147346,5.131468140421737,5.650201140599416
10.741379310344827,4.137931620689656,0.2222222222222222,3.4744760218979414,5.126870177370071,5.641285113174804
10.741379310344827,4.137931620689656,0.3333333333333333,3.4441426770448436,5.122421104173804,5.632509545347852
10.741379310344827,4.137931620689656,0.4444444444444444,3.414227487814811,5.118110159269721,5.623868630030584
10.741379310344827,4.137931620689656,0.5555555555555556,3.3846844217727123,5.113927743450229,5.615356907544825
10.741379310344827,4.137931620689656,0.6666666666666666,3.3554719217438147,5.109865253250371,5.606969245007813
10.741379310344827,4.137931620689656,0.7777777777777777,3.3265522055121113,5.105914943858588,5.598700815247347
10.741379310344827,4.137931620689656,0.8888888888888888,3.297890690979508,5.10206981537974,5.590547076064104
10.741379310344827,4.137931620689656,1.0,3.2694555197420003,5.098323517752653,5.582503750315906
10.741379310344827,4.482759172413794,0.0,3.536609066923452,5.1689007754296785,5.644088772052365
10.741379310344827,4.482759172413794,0.1111111111111111,3.5068179950355813,5.164394426800525,5.635548717717587
10.741379310344827,4.482759172413794,0.2222222222222222,3.477501687319152,5.160029923020041,5.6271370841829125
10.741379310344827,4.482759172413794,0.3333333333333333,3.4486110651068365,5.1557971914919145,5.618848968897477
10.741379310344827,4.482759172413794,0.4444444444444444,3.4201021949690977,5.151687232599211,5.610679717183469
10.741379310344827,4.482759172413794,0.5555555555555556,3.391935473106173,5.14769196782414,5.602624915732896
10.741379310344827,4.482759172413794,0.6666666666666666,3.3640749617884342,5.143804114466278,5.594680383227054
10.741379310344827,4.482759172413794,0.7777777777777777,3.336487844173024,5.140017081460458,5.586842159369396
10.741379310344827,4.482759172413794,0.8888888888888888,3.3091439722576164,5.136324882095049,5.57910649317588
10.741379310344827,4.482759172413794,1.0,3.2820154888148085,5.132722060387727,5.571469831070859
10.741379310344827,4.827586724137932,0.0,3.5366090669234524,5.197765970252615,5.630038179972322
10.741379310344827,4.827586724137932,0.1111111111111111,3.5082155730781066,5.193486681891208,5.621966794559573
10.741379310344827,4.827586724137932,0.2222222222222222,3.4802515693050062,5.189333143118456,5.614008669050647
10.741379310344827,4.827586724137932,0.3333333333333333,3.45267505591727,5.1852969159693725,5.60615986931691
10.741379310344827,4.827586724137932,0.4444444444444444,3.4254482033437657,5.18137041406091,5.598416628572222
10.741379310344827,4.827586724137932,0.5555555555555556,3.398536724687826,5.177546788240048,5.5907753477707445
10.741379310344827,4.827586724137932,0.6666666666666666,3.371909359480305,5.17381983125987,5.583232592869779
10.741379310344827,4.827586724137932,0.7777777777777777,3.3455374451801143,5.170183897739688,5.57578509008265
10.741379310344827,4.827586724137932,0.8888888888888888,3.3193945585754325,5.166633836508786,5.568429719894224
10.741379310344827,4.827586724137932,1.0,3.293456213348207,5.163164933064181,5.561163510370054
10.741379310344827,5.17241427586207,0.0,3.5366090669234524,5.223465811487008,5.616991308868603
10.741379310344827,5.17241427586207,0.1111111111111111,3.5094900194869774,5.219391762535704,5.609342312980256
10.741379310344827,5.17241427586207,0.2222222222222222,3.4827612029196167,5.2154298380998085,5.601793846701761
10.741379310344827,5.17241427586207,0.3333333333333333,3.456386428577513,5.2115729134596345,5.5943427221593565
10.741379310344827,5.17241427586207,0.4444444444444444,3.4303329178577457,5.207814546538399,5.586985863618662
10.741379310344827,5.17241427586207,0.5555555555555556,3.4045708142517093,5.20414889077506,5.579720311591071
10.741379310344827,5.17241427586207,0.6666666666666666,3.379072777742281,5.200570621796332,5.572543223926097
10.741379310344827,5.17241427586207,0.7777777777777777,3.353813644986189,5.197074875299671,5.5654518748294715
10.741379310344827,5.17241427586207,0.8888888888888888,3.328770142499865,5.193657194115757,5.558443652474891
10.741379310344827,5.17241427586207,1.0,3.3039206428825882,5.190313482841477,5.5515160556857275
10.741379310344827,5.517241827586208,0.0,3.536609066923452,5.246503874347317,5.604844139990217
10.741379310344827,5.517241827586208,0.1111111111111111,3.5106567086083786,5.242616277983058,5.5975775635492475
10.741379310344827,5.517241827586208,0.2222222222222222,3.4850603386477537,5.238829184081009,5.590400741879555
10.741379310344827,5.517241827586208,0.3333333333333333,3.459788578063876,5.235136532933303,5.583311068135137
10.741379310344827,5.517241827586208,0.4444444444444444,3.4348128594790683,5.23153281710388,5.576306009562671
10.741379310344827,5.517241827586208,0.5555555555555556,3.41010704381276,5.228013014310215,5.569383113428039
10.741379310344827,5.517241827586208,0.6666666666666666,3.3856470986738185,5.2245725304395565,5.562540010213058
10.741379310344827,5.517241827586208,0.7777777777777777,3.361410826599163,5.221207150885048,5.555774414849794
10.741379310344827,5.517241827586208,0.8888888888888888,3.3373776338742,5.217912998760173,5.549084126552167
10.741379310344827,5.517241827586208,1.0,3.31352833262523,5.214686498837003,5.542467027655174
10.741379310344827,5.862069379310346,0.0,3.5366090669234524,5.267280618737621,5.593506560889578
10.741379310344827,5.862069379310346,0.1111111111111111,3.5117285849348496,5.26356317390764,5.586587673405186
10.741379310344827,5.862069379310346,0.2222222222222222,3.4871740624887333,5.259936248966233,5.579749353516564
10.741379310344827,5.862069379310346,0.3333333333333333,3.4629181319241136,5.25639465540424,5.5729894511535765
10.741379310344827,5.862069379310346,0.4444444444444444,3.438935761575944,5.252933655324471,5.56630586402336
10.741379310344827,5.862069379310346,0.5555555555555556,3.4152039518422006,5.249548909207308,5.559696544251403
10.741379310344827,5.862069379310346,0.6666666666666666,3.391701477981906,5.246236431207389,5.553159502629894
10.741379310344827,5.862069379310346,0.7777777777777777,3.3684086710602297,5.242992550692208,5.546692811091974
10.741379310344827,5.862069379310346,0.8888888888888888,3.3453072302495226,5.239813878987187,5.540294603872828
10.741379310344827,5.862069379310346,1.0,3.3223800610691097,5.236697280489328,5.533963077702897
10.741379310344827,6.206896931034484,0.0,3.5366090669234524,5.286118837665151,5.582900116036308
10.741379310344827,6.206896931034484,0.1111111111111111,3.5127166205759806,5.2825573025528865,5.5762985701894126
10.741379310344827,6.206896931034484,0.2222222222222222,3.4891236674972954,5.279077658165158,5.569769704824513
10.741379310344827,6.206896931034484,0.3333333333333333,3.465806209259073,5.275675434358426,5.563311732234775
10.741379310344827,6.206896931034484,0.4444444444444444,3.442742202143562,5.2723465315624125,5.556922894262997
10.741379310344827,6.206896931034484,0.5555555555555556,3.419911314033464,5.269087179741869,5.550601469023633
10.741379310344827,6.206896931034484,0.6666666666666666,3.3972947170603396,5.265893903016432,5.544345775567286
10.741379310344827,6.206896931034484,0.7777777777777777,3.3748749097209036,5.262763489011339,5.538154176982977
10.741379310344827,6.206896931034484,0.8888888888888888,3.352635563430093,5.259692962186695,5.5320250823140045
10.741379310344827,6.206896931034484,1.0,3.3305613894569466,5.256679560530734,5.525956947573972
10.741379310344827,6.551724482758622,0.0,3.5366090669234524,5.303281843344298,5.572956180230075
10.741379310344827,6.551724482758622,0.1111111111111111,3.513630173918927,5.299863698518988,5.566645320448379
10.741379310344827,6.551724482758622,0.2222222222222222,3.4909273384072685,5.296519941270501,5.560400327061535
10.741379310344827,6.551724482758622,0.3333333333333333,3.46847941056146,5.293246698193155,5.554219702286377
10.741379310344827,6.551724482758622,0.4444444444444444,3.446266887101109,5.29004040287236,5.5481019652767705
10.741379310344827,6.551724482758622,0.5555555555555556,3.424271715242297,5.286897763356787,5.5420456585777025
10.741379310344827,6.551724482758622,0.6666666666666666,3.4024771242718868,5.283815733925123,5.536049352830178
10.741379310344827,6.551724482758622,0.7777777777777777,3.380867480086131,5.280791490472765,5.530111650122242
10.741379310344827,6.551724482758622,0.8888888888888888,3.3594281589289348,5.277822408966038,5.52423118629093
10.741379310344827,6.551724482758622,1.0,3.338145437267864,5.274906046508576,5.51840663241101
10.741379310344827,6.8965520344827596,0.0,3.5366090669234524,5.318986720343001,5.563614464987122
10.741379310344827,6.8965520344827596,0.1111111111111111,3.514477273347633,5.315700899286887,5.557570764831277
10.741379310344827,6.8965520344827596,0.2222222222222222,3.492600694198914,5.312482906249737,5.551587009193673
10.741379310344827,6.8965520344827596,0.3333333333333333,3.47096060287873,5.30932936694395,5.545661934124968
10.741379310344827,6.8965520344827596,0.4444444444444444,3.4495396683717128,5.306237163141373,5.539794283921241
10.741379310344827,6.8965520344827596,0.5555555555555556,3.428321795936103,5.303203406677591,5.5339828171322845
10.741379310344827,6.8965520344827596,0.6666666666666666,3.4072919893263918,5.3002254167471845,5.528226311092801
10.741379310344827,6.8965520344827596,0.7777777777777777,3.386436231060619,5.297300699993823,5.522523565291827
10.741379310344827,6.8965520344827596,0.8888888888888888,3.3657413778887597,5.294426932985366,5.516873403826892
10.741379310344827,6.8965520344827596,1.0,3.3451950691292605,5.2916019467334285,5.5112746771362655
10.741379310344827,7.2413795862068975,0.0,3.5366090669234524,5.3334141524541,5.554821789216385
10.741379310344827,7.2413795862068975,0.1111111111111111,3.5152648435581306,5.330250823558718,5.549024390216837
10.741379310344827,7.2413795862068975,0.2222222222222222,3.494157221639407,5.32714955911747,5.543281760866303
10.741379310344827,7.2413795862068975,0.3333333333333333,3.4732695477763964,5.324107404988769,5.537592827244705
10.741379310344827,7.2413795862068975,0.4444444444444444,3.452586358323088,5.321121621973968,5.531956517736256
10.741379310344827,7.2413795862068975,0.5555555555555556,3.4320932489959177,5.3181896648811495,5.52637176851576
9.03448275862069,10.0,0.2222222222222222,3.1982753840076414,5.290178151457652,5.322297148956832
9.03448275862069,10.0,0.3333333333333333,3.1832062104100465,5.288442232744744,5.318458584272376
9.03448275862069,10.0,0.4444444444444444,3.168184221562191,5.286722953736757,5.314643889831978
9.03448275862069,10.0,0.5555555555555556,3.1532057530118722,5.285019884949162,5.310852682269191
9.03448275862069,10.0,0.6666666666666666,3.138267250077063,5.2833326144744435,5.3070845870051615
9.03448275862069,10.0,0.7777777777777777,3.1233652597789017,5.281660747008047,5.303339238056382
9.03448275862069,10.0,0.8888888888888888,3.108496423343394,5.280003902941304,5.299616277838875
9.03448275862069,10.0,1.0,3.0936574692190555,5.278361717520341,5.295915356970389
10.741379310344827,1e-06,0.0,3.536609066923577,3.045747733432935,6.023917729635545
10.741379310344827,1e-06,0.1111111111111111,3.457622676500632,3.045751343842924,5.996030664944498
10.741379310344827,1e-06,0.2222222222222222,,,
10.741379310344827,1e-06,0.3333333333333333,3.3087533755531506,3.0457514462876127,5.945336254551396
10.741379310344827,1e-06,0.4444444444444444,3.2370186036650446,3.0457514886289507,5.921954584676393
10.741379310344827,1e-06,0.5555555555555556,3.1662179530205794,3.0457515263695796,5.8996218945600685
10.741379310344827,1e-06,0.6666666666666666,3.095854482461313,3.0454097067382566,5.878197696675534
10.741379310344827,1e-06,0.7777777777777777,3.025499766438538,3.045718795975361,5.85757027768634
10.741379310344827,1e-06,0.8888888888888888,2.95476745598869,3.045751618284809,5.837648993832491
10.741379310344827,1e-06,1.0,2.8832945092112645,3.0457574905606752,5.8183590816485955
10.741379310344827,0.34482855172413795,0.0,3.536609066923453,3.17292017857416,5.969599474659813
10.741379310344827,0.34482855172413795,0.1111111111111111,3.4661673479251087,3.154995699523636,5.945394540258012
10.741379310344827,0.34482855172413795,0.2222222222222222,3.398452154222147,3.1389789170123654,5.922513776129686
10.741379310344827,0.34482855172413795,0.3333333333333333,3.3327069238847877,3.1245386842167253,5.900746049758442
10.741379310344827,0.34482855172413795,0.4444444444444444,3.2683629883770546,3.111428641290196,5.879932061979751
10.741379310344827,0.34482855172413795,0.5555555555555556,3.204970996208465,3.0994595065947723,5.859947821533116
10.741379310344827,0.34482855172413795,0.6666666666666666,3.142159985602215,3.088482060963079,5.840694411991773
10.741379310344827,0.34482855172413795,0.7777777777777777,3.079611326503079,3.0783761615714567,5.822091324606594
10.741379310344827,0.34482855172413795,0.8888888888888888,3.0170411537721793,3.069043357005662,5.804071934307696
10.741379310344827,0.34482855172413795,1.0,2.954187866197227,3.060401755003355,5.786580326029838
10.741379310344827,0.689656103448276,0.0,3.5366090669234524,3.9452697017303415,5.9225325112315375
10.741379310344827,0.689656103448276,0.1111111111111111,3.4731271569570676,3.9331441290635483,5.9012433614725435
10.741379310344827,0.689656103448276,0.2222222222222222,3.4118714867923297,3.92214554973966,5.880951595122682
10.741379310344827,0.689656103448276,0.3333333333333333,3.3522930846267376,3.912093608142133,5.861519347175092
10.741379310344827,0.689656103448276,0.4444444444444444,3.293967772194885,3.9028500711504854,5.842838693493064
10.741379310344827,0.689656103448276,0.5555555555555556,3.23655448139974,3.894306215080247,5.824823088813602
10.741379310344827,0.689656103448276,0.6666666666666666,3.1797691344018477,3.8863747013205057,5.807401761621054
10.741379310344827,0.689656103448276,0.7777777777777777,3.1233673978810645,3.8789841246307524,5.790515893170774
10.741379310344827,0.689656103448276,0.8888888888888888,3.067132757072847,3.872075229663424,5.774115925163574
10.741379310344827,0.689656103448276,1.0,3.010867902638554,3.8655982101084203,5.758159609633856
10.741379310344827,1.034483655172414,0.0,3.5366090669234524,4.29893917614555,5.881360358265052
10.741379310344827,1.034483655172414,0.1111111111111111,3.478891934344638,4.2888686323187715,5.8624232181471
10.741379310344827,1.034483655172414,0.2222222222222222,3.4230185164149436,4.279618105547941,5.844254715356609
10.741379310344827,1.034483655172414,0.3333333333333333,3.3685808297199755,4.271067600392716,5.826762300141714
10.741379310344827,1.034483655172414,0.4444444444444444,3.315256013803828,4.26312273838337,5.809871217222675
10.741379310344827,1.034483655172414,0.5555555555555556,3.2627801970609287,4.255707705036659,5.793519946244272
10.741379310344827,1.034483655172414,0.6666666666666666,3.2109314180773287,4.2487605192841125,5.777657067257221
10.741379310344827,1.034483655172414,0.7777777777777777,3.159517975986226,4.242229751094508,5.7622390353963935
10.741379310344827,1.034483655172414,0.8888888888888888,3.1083701756918933,4.236072178361551,5.747228558076794
10.741379310344827,1.034483655172414,1.0,3.057334267614671,4.230251073417304,5.732593384346323
10.741379310344827,1.3793112068965518,0.0,3.5366090669234524,4.51741112025148,5.845042964627195
10.741379310344827,1.3793112068965518,0.1111111111111111,3.4837362497304727,4.5085872679682515,5.828034013191391
10.741379310344827,1.3793112068965518,0.2222222222222222,3.4324099937141597,4.500397756475926,5.811629497655797
10.741379310344827,1.3793112068965518,0.3333333333333333,3.382320650371807,4.492757540029321,5.795765725950308
10.741379310344827,1.3793112068965518,0.4444444444444444,3.3332180544889582,4.485598238680047,5.780389850738738
10.741379310344827,1.3793112068965518,0.5555555555555556,3.284894670782403,4.478863903960124,5.765457384794847
10.741379310344827,1.3793112068965518,0.6666666666666666,3.2371741724490906,4.472508078478049,5.750930416450317
10.741379310344827,1.3793112068965518,0.7777777777777777,3.189903420468144,4.466491695157831,5.736776294984839
10.741379310344827,1.3793112068965518,0.8888888888888888,3.1429466493564053,4.460781539671837,5.722966641115425
10.741379310344827,1.3793112068965518,1.0,3.0961811264957655,4.455349101438938,5.709476588229167
10.741379310344827,1.7241387586206898,0.0,3.5366090669234524,4.670018450671839,5.812770264552377
10.741379310344827,1.7241387586206898,0.1111111111111111,3.487858344424804,4.662098195366864,5.797364688016543
10.741379310344827,1.7241387586206898,0.2222222222222222,3.4404199016480383,4.654684762891925,5.782442998214954
10.741379310344827,1.7241387586206898,0.3333333333333333,3.394054312341525,4.647715681596342,5.767960371204621
10.741379310344827,1.7241387586206898,0.4444444444444444,3.348564636055494,4.6411397649855255,5.75387873968347
10.741379310344827,1.7241387586206898,0.5555555555555556,3.303785267854228,4.634914456471598,5.740165413922546
10.741379310344827,1.7241387586206898,0.6666666666666666,3.2595741389170816,4.629003929260391,5.72679205073702
10.741379310344827,1.7241387586206898,0.7777777777777777,3.21580709552078,4.623377693528677,5.713733867518003
10.741379310344827,1.7241387586206898,0.8888888888888888,3.17237373793451,4.618009554107441,5.700969032851337
10.741379310344827,1.7241387586206898,1.0,3.1291742627061785,4.612876816287423,5.688478186973767
10.741379310344827,2.068966310344828,0.0,3.5366090669234524,4.784217571166793,5.783902337378942
10.741379310344827,2.068966310344828,0.1111111111111111,3.4914044938100695,4.777006138075306,5.769846878369201
10.741379310344827,2.068966310344828,0.2222222222222222,3.4473249439849125,4.770208617798868,5.756185004038074
10.741379310344827,2.068966310344828,0.3333333333333333,3.404182203680306,4.763777929031357,5.742884524758914
10.741379310344827,2.068966310344828,0.4444444444444444,3.3618190116807325,4.757674862131033,5.729917542224047
10.741379310344827,2.068966310344828,0.5555555555555556,3.320101508350324,4.751866358179475,5.717259673680253
10.741379310344827,2.068966310344828,0.6666666666666666,3.278913805650442,4.74632424479885,5.7048894496215725
10.741379310344827,2.068966310344828,0.7777777777777777,3.2381539821568217,4.741024288255359,5.692787839496429
10.741379310344827,2.068966310344828,0.8888888888888888,3.1977310608227696,4.7359454699128065,5.6809378734466955
10.741379310344827,2.068966310344828,1.0,3.1575626795943186,4.731069425199762,5.669324337161375
10.741379310344827,2.413793862068966,0.0,3.5366090669234524,4.873585513222728,5.757927185008978
10.741379310344827,2.413793862068966,0.1111111111111111,3.4944847200500613,4.866954487044999,5.745021313910271
10.741379310344827,2.413793862068966,0.2222222222222222,3.4533338362670163,4.860667214793435,5.732440147748554
10.741379310344827,2.413793862068966,0.3333333333333333,3.413006261078143,4.854687481815623,5.720160141882942
10.741379310344827,2.413793862068966,0.4444444444444444,3.37337479886326,4.8489846984423925,5.708160522787148
10.741379310344827,2.413793862068966,0.5555555555555556,3.3343299896818888,4.843532753664046,5.696422848294425
10.741379310344827,2.413793862068966,0.6666666666666666,3.295776260675047,4.838309153503905,5.684930653339768
10.741379310344827,2.413793862068966,0.7777777777777777,3.2576290281498856,4.833294361863652,5.67366916201085
10.741379310344827,2.413793862068966,0.8888888888888888,3.2198124721810677,4.828471288383286,5.662625051476161
10.741379310344827,2.413793862068966,1.0,3.182257796238974,4.823824885018181,5.651786256864405
10.741379310344827,2.758621413793104,0.0,3.536609066923452,4.945776130778992,5.7344304106953246
10.741379310344827,2.758621413793104,0.1111111111111111,3.4971832003078953,4.939633279528538,5.7225131378802265
10.741379310344827,2.758621413793104,0.2222222222222222,3.4586067121683146,4.933779848724323,5.710867166006475
10.741379310344827,2.758621413793104,0.3333333333333333,3.4207582158966146,4.928187500270478,5.699474983192297
10.741379310344827,2.758621413793104,0.4444444444444444,3.3835336346824736,4.922831999390216,5.688320892404567
10.741379310344827,2.758621413793104,0.5555555555555556,3.346842517842232,4.9176924327926645,5.677390762026852
10.741379310344827,2.758621413793104,0.6666666666666666,3.3106052675646755,4.912750608998454,5.666671817178232
10.741379310344827,2.758621413793104,0.7777777777777777,3.27475101165707,4.907990591309417,5.65615246454012
10.741379310344827,2.758621413793104,0.8888888888888888,3.239215943757313,4.90339832912346,5.645822144685003
10.741379310344827,2.758621413793104,1.0,3.203942007624526,4.898961363342007,5.635671207006859
10.741379310344827,3.103448965517242,0.0,3.5366090669234524,5.005498158307928,5.713073088749182
10.741379310344827,3.103448965517242,0.1111111111111111,3.4995653270809957,4.9997736066300575,5.702013549457102
10.741379310344827,3.103448965517242,0.2222222222222222,3.4632683044541963,4.99429556708945,5.6911832898027415
10.741379310344827,3.103448965517242,0.3333333333333333,3.4276186927843675,4.989041533503853,5.6805690839664535
10.741379310344827,3.103448965517242,0.4444444444444444,3.3925304318476868,4.983992047534377,5.670158908678433
10.741379310344827,3.103448965517242,0.5555555555555556,3.357928063119827,4.979130154192673,5.6599418030170074
10.741379310344827,3.103448965517242,0.6666666666666666,3.3237447005873495,4.9744409766478155,5.649907746155129
10.741379310344827,3.103448965517242,0.7777777777777777,3.2899204481085658,4.969911379749218,5.640047551136155
10.741379310344827,3.103448965517242,0.8888888888888888,3.256401146545627,4.9655297005694585,5.6303527726586955
10.741379310344827,3.103448965517242,1.0,3.223137368117986,4.96128553029583,5.620815626965168
10.741379310344827,3.44827651724138,0.0,3.5366090669234524,5.055836146147633,5.693575370084804
10.741379310344827,3.44827651724138,0.1111111111111111,3.5016826006537403,5.050475024692929,5.683265984272631
10.741379310344827,3.44827651724138,0.2222222222222222,3.4674170961036364,5.045325983037502,5.673152367122501
10.741379310344827,3.44827651724138,0.3333333333333333,3.433730431357346,5.040370911553692,5.663224388326684
12.448275862068964,0.689656103448276,0.8888888888888888,3.261580361674992,4.003503722520521,5.916732558570283
12.448275862068964,0.689656103448276,1.0,3.2051087299759273,3.9944224340235657,5.898772423514614
12.448275862068964,1.034483655172414,0.0,3.7666616206192107,4.451188356896972,6.045102823464778
12.448275862068964,1.034483655172414,0.1111111111111111,3.700140130749715,4.4351676023444435,6.022310624601684
12.448275862068964,1.034483655172414,0.2222222222222222,3.637406764108908,4.420853025476187,6.000746581617461
12.448275862068964,1.034483655172414,0.3333333333333333,3.5775704062157594,4.4079157977097525,5.980224201053292
12.448275862068964,1.034483655172414,0.4444444444444444,3.5199953103878356,4.396117817445704,5.960601165007575
12.448275862068964,1.034483655172414,0.5555555555555556,3.464206343288856,4.385280185667259,5.941765651926195
12.448275862068964,1.034483655172414,0.6666666666666666,3.4098348457237915,4.375264522257767,5.923627740727672
12.448275862068964,1.034483655172414,0.7777777777777777,3.3565856263311975,4.3659612441604665,5.906113740510426
12.448275862068964,1.034483655172414,0.8888888888888888,3.3042157773724408,4.35728187104436,5.889162301888074
12.448275862068964,1.034483655172414,1.0,3.2525204940080794,4.3491537847260195,5.87272166371892
12.448275862068964,1.3793112068965518,0.0,3.7666616206192107,4.661029381629014,6.004978281190736
12.448275862068964,1.3793112068965518,0.1111111111111111,3.705896525497258,4.647192180591861,5.984803327869867
12.448275862068964,1.3793112068965518,0.2222222222222222,3.6482621564935998,4.634662943186115,5.965552418261918
12.448275862068964,1.3793112068965518,0.3333333333333333,3.593089641865623,4.623211997876669,5.947106266622959
12.448275862068964,1.3793112068965518,0.4444444444444444,3.5398860974215935,4.6126677411584245,5.929369836221713
12.448275862068964,1.3793112068965518,0.5555555555555556,3.4882742016070245,4.602898007048176,5.912265847600562
12.448275862068964,1.3793112068965518,0.6666666666666666,3.4379558990345163,4.593798492466435,5.895730384842089
12.448275862068964,1.3793112068965518,0.7777777777777777,3.3886893874460284,4.585285217089788,5.879709821627863
12.448275862068964,1.3793112068965518,0.8888888888888888,3.3402738745819653,4.577289418895104,5.864158609590533
12.448275862068964,1.3793112068965518,1.0,3.292539107729235,4.569753986719144,5.849037648573814
12.448275862068964,1.7241387586206898,0.0,3.766661620619211,4.807877500427727,5.969450282807806
12.448275862068964,1.7241387586206898,0.1111111111111111,3.7107785661173525,4.795639928053271,5.951405898103352
12.448275862068964,1.7241387586206898,0.2222222222222222,3.657516640060029,4.7844356857997,5.934070789812191
12.448275862068964,1.7241387586206898,0.3333333333333333,3.60636446980773,4.774098811692648,5.917367333364956
12.448275862068964,1.7241387586206898,0.4444444444444444,3.556934613704595,4.764501932818286,5.901231217926304
12.448275862068964,1.7241387586206898,0.5555555555555556,3.508924090293843,4.755544802775831,5.885608468068293
12.448275862068964,1.7241387586206898,0.6666666666666666,3.4620896148420153,4.747146883305914,5.870453256551561
12.448275862068964,1.7241387586206898,0.7777777777777777,3.416231342234691,4.739242348118056,5.855726273406709
12.448275862068964,1.7241387586206898,0.8888888888888888,3.371181787768552,4.731776605578052,5.841393490574337
12.448275862068964,1.7241387586206898,1.0,3.3267980349095345,4.724703810706223,5.827425211995313
12.448275862068964,2.068966310344828,0.0,3.766661620619211,4.917806455583048,5.937772552446888
12.448275862068964,2.068966310344828,0.1111111111111111,3.714965111838865,4.906820500616107,5.921488153468518
12.448275862068964,2.068966310344828,0.2222222222222222,3.6654886405606795,4.89666852738825,5.905758133831294
12.448275862068964,2.068966310344828,0.3333333333333333,3.6178347030948546,4.887227524684402,5.890531242031959
12.448275862068964,2.068966310344828,0.4444444444444444,3.571694816155596,4.878400879367279,5.875763447603166
12.448275862068964,2.068966310344828,0.5555555555555556,3.526823151390752,4.870111097144486,5.861416685435548
12.448275862068964,2.068966310344828,0.6666666666666666,3.483019353574857,4.862294920674534,5.847457828330959
12.448275862068964,2.068966310344828,0.7777777777777777,3.4401169056932432,4.8548999431288,5.833857857817191
12.448275862068964,2.068966310344828,0.8888888888888888,3.397974992973826,4.847882191748108,5.820591196433008
12.448275862068964,2.068966310344828,1.0,3.356472655455528,4.841204361555133,5.80763516841697
12.448275862068964,2.413793862068966,0.0,3.766661620619211,5.0038098681325325,5.909351468983535
12.448275862068964,2.413793862068966,0.1111111111111111,3.7185905550360463,4.993840130263731,5.894539980837774
12.448275862068964,2.413793862068966,0.2222222222222222,3.6724194253862175,4.98455492010278,5.880168991808953
12.448275862068964,2.413793862068966,0.3333333333333333,3.6278345697259105,4.975861145589541,5.86620426153773
12.448275862068964,2.413793862068966,0.4444444444444444,3.5845874433464897,4.967684216131881,5.8526153403931
12.448275862068964,2.413793862068966,0.5555555555555556,3.5424766390319555,4.959963293926239,5.839375150629027
12.448275862068964,2.413793862068966,0.6666666666666666,3.5013357727466876,4.952648008130586,5.826459564465558
12.448275862068964,2.413793862068966,0.7777777777777777,3.4610250501091664,4.945696114866553,5.813847017965457
12.448275862068964,2.413793862068966,0.8888888888888888,3.4214252300580696,4.939071789550468,5.801518171857273
12.448275862068964,2.413793862068966,1.0,3.3824331995621146,4.9327443541766,5.78945561919837
12.448275862068964,2.758621413793104,0.0,3.7666616206192107,5.073244896522377,5.883709153465528
12.448275862068964,2.758621413793104,0.1111111111111111,3.721757555201406,5.064120466012107,5.870144716462815
12.448275862068964,2.758621413793104,0.2222222222222222,3.6784947091845837,5.055565828611998,5.856935574678833
12.448275862068964,2.758621413793104,0.3333333333333333,3.6366221917910497,5.0475092705556355,5.8440586443811116
12.448275862068964,2.758621413793104,0.4444444444444444,3.5959375454476437,5.039892321140601,5.831492692082326
12.448275862068964,2.758621413793104,0.5555555555555556,3.556274247512666,5.032666580681374,5.819218310305282
12.448275862068964,2.758621413793104,0.6666666666666666,3.5174930378806266,5.025791464345559,5.807217805834547
12.448275862068964,2.758621413793104,0.7777777777777777,3.4794757302248045,5.01923255726787,5.7954750551889385
12.448275862068964,2.758621413793104,0.8888888888888888,3.44212068786536,5.0129603895678265,5.783975353700693
12.448275862068964,2.758621413793104,1.0,3.4053394462845246,5.006949507063802,5.772705270567395
12.448275862068964,3.103448965517242,0.0,3.766661620619211,5.130649295000441,5.860456697518551
12.448275862068964,3.103448965517242,0.1111111111111111,3.724545706890427,5.122240459621197,5.847959106392537
12.448275862068964,3.103448965517242,0.2222222222222222,3.683859486214187,5.114311656532,5.8357520318487035
12.448275862068964,3.103448965517242,0.3333333333333333,3.6443997862788224,5.106806774137657,5.823819815091956
12.448275862068964,3.103448965517242,0.4444444444444444,3.6060000139635364,5.099679358762037,5.812147552928944
12.448275862068964,3.103448965517242,0.5555555555555556,3.568521312072392,5.092890450362698,5.800721246980508
12.448275862068964,3.103448965517242,0.6666666666666666,3.531846261075969,5.086407005147738,5.789527844389407
12.448275862068964,3.103448965517242,0.7777777777777777,3.4958742835696155,5.080200721121114,5.778555221536246
12.448275862068964,3.103448965517242,0.8888888888888888,3.4605182198471174,5.0742471472484985,5.767792138978492
12.448275862068964,3.103448965517242,1.0,3.425701728481055,5.068524996653733,5.757228183244262
12.448275862068964,3.44827651724138,0.0,3.7666616206192107,5.178999941829117,5.839274450983838
12.448275862068964,3.44827651724138,0.1111111111111111,3.7270175583670397,5.171205213083676,5.8276980900401165
12.448275862068964,3.44827651724138,0.2222222222222222,3.688628417839757,5.163819174289314,5.816362266255519
12.448275862068964,3.44827651724138,0.3333333333333333,3.6513278126168798,5.156797310397207,5.805256325664199
12.448275862068964,3.44827651724138,0.4444444444444444,3.614977373640741,5.150102268780273,5.794369760767821
12.448275862068964,3.44827651724138,0.5555555555555556,3.579460388627808,5.143702353929162,5.78369242358761
12.448275862068964,3.44827651724138,0.6666666666666666,3.544677165695519,5.137570406284102,5.773214634979438
12.448275862068964,3.44827651724138,0.7777777777777777,3.5105415820643473,5.1316829515268685,5.762927232963453
12.448275862068964,3.44827651724138,0.8888888888888888,3.4769784671032644,5.126019544487975,5.752821585192839
12.448275862068964,3.44827651724138,1.0,3.4439215852822955,5.120562255799592,5.742889580591843
12.448275862068964,3.7931040689655178,0.0,3.7666616206192107,5.2203432682494055,5.819897303282139
12.448275862068964,3.7931040689655178,0.1111111111111111,3.729222867147766,5.213081435273886,5.809123143112862
12.448275862068964,3.7931040689655178,0.2222222222222222,3.692893238451761,5.206170810521897,5.798550433657488
12.448275862068964,3.7931040689655178,0.3333333333333333,3.6575350719564352,5.199575638244754,5.788171931526286
12.448275862068964,3.7931040689655178,0.4444444444444444,3.6230324437692474,5.193265555608516,5.777980211260946
12.448275862068964,3.7931040689655178,0.5555555555555556,3.5892865237746854,5.18721452725205,5.767967889328427
12.448275862068964,3.7931040689655178,0.6666666666666666,3.5562121189470397,5.181400036195489,5.758127758091732
12.448275862068964,3.7931040689655178,0.7777777777777777,3.5237350533161007,5.175802459369292,5.748452863328812
12.448275862068964,3.7931040689655178,0.8888888888888888,3.491790149560946,5.170404578665196,5.738936546029524
12.448275862068964,3.7931040689655178,1.0,3.460319651337554,5.1651911931645245,5.729572461507795
12.448275862068964,4.137931620689656,0.0,3.766661620619211,5.256138825796306,5.802103550777897
12.448275862068964,4.137931620689656,0.1111111111111111,3.7312016592588657,5.249343754115198,5.7920332677797655
12.448275862068964,4.137931620689656,0.2222222222222222,3.696728121762539,5.242853018197908,5.782133484131179
12.448275862068964,4.137931620689656,0.3333333333333333,3.6631260399727497,5.236637574552742,5.772399301896617
12.448275862068964,4.137931620689656,0.4444444444444444,3.6302975148067795,5.230672496695764,5.762825475003212
12.448275862068964,4.137931620689656,0.5555555555555556,3.5981582761721516,5.224936208862852,5.753406620129258
12.448275862068964,4.137931620689656,0.6666666666666666,3.5666350748379485,5.219409893880759,5.744137352984446
12.448275862068964,4.137931620689656,0.7777777777777777,3.535663672989007,5.214077029047469,5.735012375640185
12.448275862068964,4.137931620689656,0.8888888888888888,3.5051872736322713,5.2089230176940395,5.726026531378555
12.448275862068964,4.137931620689656,1.0,3.4751552770307685,5.2039348933449805,5.717174837814853
12.448275862068964,4.482759172413794,0.0,3.766661620619211,5.2874590751167005,5.7857063754835085
12.448275862068964,4.482759172413794,0.1111111111111111,3.7329864622271973,5.2810761340462555,5.776257968118614
12.448275862068964,4.482759172413794,0.2222222222222222,3.700193626926481,5.274958897157508,5.766955266300351
12.448275862068964,4.482759172413794,0.3333333333333333,3.6681862726804746,5.269083531930053,5.75779499688962
12.448275862068964,4.482759172413794,0.4444444444444444,3.636881108053392,5.26342938872098,5.748773466158654
12.448275862068964,4.482759172413794,0.5555555555555556,3.6062058109385804,5.257978441458065,5.739886748075565
12.448275862068964,4.482759172413794,0.6666666666666666,3.576097038494493,5.252714848623128,5.731130812215363
12.448275862068964,4.482759172413794,0.7777777777777777,3.546498870961434,5.24762460429353,5.722501610650404
12.448275862068964,4.482759172413794,0.8888888888888888,3.51736157913374,5.24269525761596,5.713995136645266
12.448275862068964,4.482759172413794,1.0,3.4886406368216067,5.237915684978699,5.705607463791693
12.448275862068964,4.827586724137932,0.0,3.7666616206192107,5.3151117224585915,5.770547250228028
12.448275862068964,4.827586724137932,0.1111111111111111,3.734603957947879,5.309095240733781,5.761651727115906
12.448275862068964,4.827586724137932,0.2222222222222222,3.703339639744576,5.303312316396783,5.752881834853982
12.448275862068964,4.827586724137932,0.3333333333333333,3.6727864469260196,5.297743210540139,5.744235431982955
12.448275862068964,4.827586724137932,0.4444444444444444,3.6428730276324344,5.2923706736138785,5.735709937177099
12.448275862068964,4.827586724137932,0.5555555555555556,3.6135369367185857,5.287179531609281,5.727302492588837
12.448275862068964,4.827586724137932,0.6666666666666666,3.5847231012234118,5.282156356606958,5.719010078945795
12.448275862068964,4.827586724137932,0.7777777777777777,3.5563826040778475,5.277289201549918,5.710829596915507
12.448275862068964,4.827586724137932,0.8888888888888888,3.5284717090212374,5.272567384558183,5.702757924622953
12.448275862068964,4.827586724137932,1.0,3.5009510707433718,5.267981311917157,5.69479195815155
12.448275862068964,5.17241427586207,0.0,3.7666616206192107,5.339717854137204,5.756490782326964
12.448275862068964,5.17241427586207,0.1111111111111111,3.7360762220390513,5.334029256096608,5.74808962901876
12.448275862068964,5.17241427586207,0.2222222222222222,3.7062075922280475,5.328547231113587,5.739797690592419
12.448275862068964,5.17241427586207,0.3333333333333333,3.6769854185176967,5.323255291092502,5.7316136164752916
12.448275862068964,5.17241427586207,0.4444444444444444,3.6483481858443603,5.318138915756923,5.723535626265212
12.448275862068964,5.17241427586207,0.5555555555555556,3.6202416708084186,5.313185242606862,5.715561649147572
12.448275862068964,5.17241427586207,0.6666666666666666,3.5926177466544367,5.30838281689083,5.7076894249882395
12.448275862068964,5.17241427586207,0.7777777777777777,3.565433424324044,5.303721387965398,5.699916577976188
12.448275862068964,5.17241427586207,0.8888888888888888,3.5386500750708025,5.2991917419325745,5.6922406703996415
12.448275862068964,5.17241427586207,1.0,3.5122327943541514,5.29478556295354,5.684659241915057
12.448275862068964,5.517241827586208,0.0,3.7666616206192107,5.3617636223127265,5.743420643549875
12.448275862068964,5.517241827586208,0.1111111111111111,3.737421664290269,5.35637003141693,5.735463862629294
12.448275862068964,5.517241827586208,0.2222222222222222,3.708832156865321,5.351160182318126,5.727602747919702
12.448275862068964,5.517241827586208,0.3333333333333333,3.68083256358969,5.3461201942127055,5.719836502160255
12.448275862068964,5.517241827586208,0.4444444444444444,3.653369534289134,5.3412377572363505,5.712163923540049
12.448275862068964,5.517241827586208,0.5555555555555556,3.6263957343645643,5.336501897449013,5.704583523596001
12.448275862068964,5.517241827586208,0.6666666666666666,3.599868905488884,5.331902785081402,5.697093614734886
12.448275862068964,5.517241827586208,0.7777777777777777,3.5737511033032803,5.327431576686512,5.689692375538159
12.448275862068964,5.517241827586208,0.8888888888888888,3.5480080730770416,5.323080284143724,5.6823778996608985
12.448275862068964,5.517241827586208,1.0,3.522608734038276,5.318841665135316,5.675148232513674
12.448275862068964,5.862069379310346,0.0,3.7666616206192107,5.381635466254404,5.7312363290689685
12.448275862068964,5.862069379310346,0.1111111111111111,3.7386557502258544,5.376508639081628,5.723680907663272
12.448275862068964,5.862069379310346,0.2222222222222222,3.711242553692673,5.371546095496106,5.716209873525849
12.448275862068964,5.862069379310346,0.3333333333333333,3.6843695902603177,5.366736065082833,5.708822815854646
12.448275862068964,5.862069379310346,0.4444444444444444,3.6579903342740283,5.362068043017705,5.701518951570558
12.448275862068964,5.862069379310346,0.5555555555555556,3.632063258775143,5.357532609984566,5.694297224522077
12.448275862068964,5.862069379310346,0.6666666666666666,3.6065510907252105,5.353121283664171,5.687156380607393
12.448275862068964,5.862069379310346,0.7777777777777777,3.581420200280761,5.348826395282717,5.6800950249554125
12.448275862068964,5.862069379310346,0.8888888888888888,3.556640095848461,5.344640986239056,5.673111665623254
12.448275862068964,5.862069379310346,1.0,3.5321830034049855,5.340558720959824,5.666204747080761
12.448275862068964,6.206896931034484,0.0,3.766661620619211,5.399644734055536,5.719850555248581
12.448275862068964,6.206896931034484,0.1111111111111111,3.7397915604377743,5.39476023366659,5.7126592548805295
12.448275862068964,6.206896931034484,0.2222222222222222,3.7134635686271387,5.390023322209003,5.705542876469572
12.448275862068964,6.206896931034484,0.3333333333333333,3.68763195419787,5.385423951971799,5.698501277764392
12.448275862068964,6.206896931034484,0.4444444444444444,3.6622559330370588,5.3809531035041624,5.6915339787383035
12.448275862068964,6.206896931034484,0.5555555555555556,3.63729890289383,5.3766026462259155,5.684640244875913
12.448275862068964,6.206896931034484,0.6666666666666666,3.6127278479777507,5.372365222345981,5.677819151331614
12.448275862068964,6.206896931034484,0.7777777777777777,3.5885128460497486,5.368234149497725,5.671069632602927
12.448275862068964,6.206896931034484,0.8888888888888888,3.5646266573126826,5.364203338532342,5.664390521146418
12.448275862068964,6.206896931034484,1.0,3.5410443791463044,5.360267223684689,5.657780577491532
12.448275862068964,6.551724482758622,0.0,3.766661620619211,5.416045280322528,5.70918715427228
12.448275862068964,6.551724482758622,0.1111111111111111,3.740840228321589,5.411381826506516,5.702327546451603
12.448275862068964,6.551724482758622,0.2222222222222222,3.7155163541450147,5.406851549413827,5.695534857252044
12.448275862068964,6.551724482758622,0.3333333333333333,3.6906499747709693,5.402445818651811,5.688809129246619
12.448275862068964,6.551724482758622,0.4444444444444444,3.666205166175894,5.398156845867697,5.682150101288
12.448275862068964,6.551724482758622,0.5555555555555556,3.642149525090571,5.3939775758364386,5.675557278398022
12.448275862068964,6.551724482758622,0.6666666666666666,3.6184536893213144,5.389901594942363,5.669029986420772
12.448275862068964,6.551724482758622,0.7777777777777777,3.5950909371413213,5.3859230537788045,5.662567414967027
12.448275862068964,6.551724482758622,0.8888888888888888,3.572036850452187,5.3820366012949625,5.656168651294885
12.448275862068964,6.551724482758622,1.0,3.549269029775411,5.378237328454637,5.649832707127051
12.448275862068964,6.8965520344827596,0.0,3.766661620619211,5.431046290578093,5.699179358492029
12.448275862068964,6.8965520344827596,0.1111111111111111,3.741811285712531,5.426585243044645,5.692623049547069
12.448275862068964,6.8965520344827596,0.2222222222222222,3.7174190642288916,5.422244859160992,5.68612684414676
12.448275862068964,6.8965520344827596,0.3333333333333333,3.6934497225729364,5.41801768314365,5.679690910027704
12.448275862068964,6.8965520344827596,0.4444444444444444,3.6698714744079775,5.4138969538353985,5.673315143390315
12.448275862068964,6.8965520344827596,0.5555555555555556,3.6466555152663687,5.40987651885423,5.666999227588457
12.448275862068964,6.8965520344827596,0.6666666666666666,3.623775633276818,5.405950761854456,5.660742679639885
12.448275862068964,6.8965520344827596,0.7777777777777777,3.601207881411788,5.4021145405362425,5.654544887252543
12.448275862068964,6.8965520344827596,0.8888888888888888,3.5789302998337145,5.3983631335272095,5.648405138415653
12.448275862068964,6.8965520344827596,1.0,3.5569226793266733,5.39469219463468,5.642322645126054
12.448275862068964,7.2413795862068975,0.0,3.766661620619211,5.444821789336367,5.689768392940628
12.448275862068964,7.2413795862068975,0.1111111111111111,3.7427129380776267,5.440546732312521,5.683490395961772
12.448275862068964,7.2413795862068975,0.2222222222222222,3.7191873619263784,5.436381416964589,5.677266660753782
12.448275862068964,7.2413795862068975,0.3333333333333333,3.6960537307293753,5.432319367615552,5.671097437621688
12.448275862068964,7.2413795862068975,0.4444444444444444,3.673283799914371,5.428354685553087,5.664982734967368
12.448275862068964,7.2413795862068975,0.5555555555555556,3.650851864565197,5.424481980796231,5.658922368649524
12.448275862068964,7.2413795862068975,0.6666666666666666,3.628734441338426,5.420696313840876,5.652916001570053
12.448275862068964,7.2413795862068975,0.7777777777777777,3.6069099986310182,5.416993145660258,5.646963175557166
12.448275862068964,7.2413795862068975,0.8888888888888888,3.5853587263954094,5.413368294577511,5.641063337139729
12.448275862068964,7.2413795862068975,1.0,3.564062338741571,5.40981789889265,5.635215858449729
12.448275862068964,7.586207137931035,0.0,3.766661620619211,5.457517798468098,5.680902313359334
12.448275862068964,7.586207137931035,0.1111111111111111,3.7435522853320333,5.453414203645117,5.674880535519246
12.448275862068964,7.586207137931035,0.2222222222222222,3.7208348281260153,5.449410770103766,5.668907980745405
12.448275862068964,7.586207137931035,0.3333333333333333,3.6984815691907045,5.445501845190903,5.662984951493926
12.448275862068964,7.586207137931035,0.4444444444444444,3.676467311098098,5.441682258574726,5.65711153515523
12.448275862068964,7.586207137931035,0.5555555555555556,3.654769030889252,5.437947267592437,5.651287645653842
12.448275862068964,7.586207137931035,0.6666666666666666,3.6333656184698455,5.434292510260307,5.6455130571722405
12.448275862068964,7.586207137931035,0.7777777777777777,3.6122376531381457,5.430713964676374,5.639787431598341
12.448275862068964,7.586207137931035,0.8888888888888888,3.591367211708422,5.427207913786953,5.6341103409431526
12.448275862068964,7.586207137931035,1.0,3.5707377029666496,5.423770914677973,5.628481285706546
12.448275862068964,7.931034689655173,0.0,3.766661620619211,5.469257801321817,5.6725350412188424
12.448275862068964,7.931034689655173,0.1111111111111111,3.7443355003206245,5.465312752035858,5.666749862333586
12.448275862068964,7.931034689655173,0.2222222222222222,3.7223732930963207,5.461459421592963,5.661009534993868
12.448275862068964,7.931034689655173,0.3333333333333333,3.7007503116145886,5.457692852579611,5.65531439212619
12.448275862068964,7.931034689655173,0.4444444444444444,3.6794439926598774,5.454008493221111,5.649664575637301
12.448275862068964,7.931034689655173,0.5555555555555556,3.6584336440986007,5.450402153287512,5.644060071559812
12.448275862068964,7.931034689655173,0.6666666666666666,3.637700228401941,5.446869965933,5.638500738823646
12.448275862068964,7.931034689655173,0.7777777777777777,3.6172261765221503,5.443408354524454,5.632986332896241
12.448275862068964,7.931034689655173,0.8888888888888888,3.5969952271147205,5.440014003687213,5.627516525270825
12.448275862068964,7.931034689655173,1.0,3.576992287038303,5.436683833932944,5.622090919578887
12.448275862068964,8.275862241379311,0.0,3.7666616206192107,5.480146965841083,5.66462555785871
12.448275862068964,8.275862241379311,0.1111111111111111,3.7450679740725263,5.476348929604908,5.659059481667032
12.448275862068964,8.275862241379311,0.2222222222222222,3.7238131071632146,5.472635140406679,5.653534443404021
12.448275862068964,8.275862241379311,0.3333333333333333,3.7028749173971702,5.469001231413309,5.648050791081404
12.448275862068964,8.275862241379311,0.4444444444444444,3.6822331291363963,5.465443178875311,5.6426087030847025
12.448275862068964,8.275862241379311,0.5555555555555556,3.6618690843489228,5.461957266306791,5.637208217946061
12.448275862068964,8.275862241379311,0.6666666666666666,3.641765562432151,5.458540053296646,5.6318492589357305
12.448275862068964,8.275862241379311,0.7777777777777777,3.621906624363086,5.455188348242561,5.626531654443567
12.448275862068964,8.275862241379311,0.8888888888888888,3.6022774773095514,5.4518991844235725,5.621255154923532
12.448275862068964,8.275862241379311,1.0,3.5828643565352425,5.448669798926896,5.616019447019862
12.448275862068964,8.620689793103448,0.0,3.766661620619211,5.490275445640911,5.657137227962915
12.448275862068964,8.620689793103448,0.1111111111111111,3.74575443477824,5.486614085210868,5.651774591787642
10.741379310344827,7.2413795862068975,0.6666666666666666,3.411776761416346,5.3153091641335175,5.5208375277921595
10.741379310344827,7.2413795862068975,0.7777777777777777,3.3916242839433197,5.3124779095538335,5.515352759061214
10.741379310344827,7.2413795862068975,0.8888888888888888,3.371623964628625,5.309693836017926,5.509916443566382
10.741379310344827,7.2413795862068975,1.0,3.3517646345028176,5.3069550107203405,5.5045275821261805
10.741379310344827,7.586207137931035,0.0,3.536609066923452,5.346715822329508,5.546531061213388
10.741379310344827,7.586207137931035,0.1111111111111111,3.5159988874949137,5.343666210777702,5.540961392266935
10.741379310344827,7.586207137931035,0.2222222222222222,3.4956086243770135,5.340673575753705,5.5354419475949985
10.741379310344827,7.586207137931035,0.3333333333333333,3.475423407448198,5.337735318903151,5.5299718088187735
10.741379310344827,7.586207137931035,0.4444444444444444,3.4554293863752763,5.334849023379475,5.524550055858157
10.741379310344827,7.586207137931035,0.5555555555555556,3.4356136231877117,5.332012436860115,5.519175771879033
10.741379310344827,7.586207137931035,0.6666666666666666,3.4159639982608576,5.329223456546881,5.513848047196869
10.741379310344827,7.586207137931035,0.7777777777777777,3.396469127699177,5.32648011587403,5.508565982337994
10.741379310344827,7.586207137931035,0.8888888888888888,3.377118290454057,5.3237805726920815,5.503328690419645
10.741379310344827,7.586207137931035,1.0,3.3579013637884403,5.321123098731893,5.498135298978171
10.741379310344827,7.931034689655173,0.0,3.536609066923452,5.359020061051171,5.538700430786277
10.741379310344827,7.931034689655173,0.1111111111111111,3.516684633680016,5.356076301998917,5.533341892017066
10.741379310344827,7.931034689655173,0.2222222222222222,3.4969651060657907,5.353185008332191,5.5280295658444825
10.741379310344827,7.931034689655173,0.3333333333333333,3.4774371555567454,5.3503438846718865,5.522762662069776
10.741379310344827,7.931034689655173,0.4444444444444444,3.458088332205759,5.347550789771903,5.517540386151621
10.741379310344827,7.931034689655173,0.5555555555555556,3.4389069755718364,5.344803722647759,5.5123619436307365
10.741379310344827,7.931034689655173,0.6666666666666666,3.4198821363519283,5.342100810264637,5.507226543678237
10.741379310344827,7.931034689655173,0.7777777777777777,3.401003507170641,5.339440296575653,5.502133401929249
10.741379310344827,7.931034689655173,0.8888888888888888,3.3822613612377843,5.336820532733597,5.4970817427322745
10.741379310344827,7.931034689655173,1.0,3.363646497791181,5.334239968326147,5.49207080092011
10.741379310344827,8.275862241379311,0.0,3.5366090669234524,5.370436215761621,5.531292579247647
10.741379310344827,8.275862241379311,0.1111111111111111,3.5173266563352596,5.367591232356011,5.526130277826965
10.741379310344827,8.275862241379311,0.2222222222222222,3.4982356015402334,5.3647946982330295,5.521010632388637
10.741379310344827,8.275862241379311,0.3333333333333333,3.4793239129878497,5.362044577371592,5.515932959049258
10.741379310344827,8.275862241379311,0.4444444444444444,3.460580361682741,5.359338965326739,5.510896567903182
10.741379310344827,8.275862241379311,0.5555555555555556,3.4419944048929985,5.356676077827679,5.505900766958315
10.741379310344827,8.275862241379311,0.6666666666666666,3.4235561204610727,5.354054240610634,5.5009448653357405
10.741379310344827,8.275862241379311,0.7777777777777777,3.4052561485199204,5.351471880326825,5.4960281758632
10.741379310344827,8.275862241379311,0.8888888888888888,3.3870856396075717,5.3489275163898125,5.491150017168346
10.741379310344827,8.275862241379311,1.0,3.369036208329608,5.346419753646252,5.4863097153583755
10.741379310344827,8.620689793103448,0.0,3.5366090669234524,5.381058064736836,5.52427412181127
10.741379310344827,8.620689793103448,0.1111111111111111,3.517928973952185,5.378305466037391,5.519294649941938
10.741379310344827,8.620689793103448,0.2222222222222222,3.4994279667710475,5.375597727533977,5.514354667542977
10.741379310344827,8.620689793103448,0.3333333333333333,3.48109522397842,5.372933036321351,5.50945357945373
10.741379310344827,8.620689793103448,0.4444444444444444,3.462920585538085,5.370309692371177,5.504590783487967
10.741379310344827,8.620689793103448,0.5555555555555556,3.4448944904666003,5.367726099103302,5.499765673922652
10.741379310344827,8.620689793103448,0.6666666666666666,3.4270079214812075,5.365180754941681,5.494977644367519
10.741379310344827,8.620689793103448,0.7777777777777777,3.4092523556731806,5.3626722457321545,5.490226090120403
10.741379310344827,8.620689793103448,0.8888888888888888,3.3916197204151515,5.360199237916922,5.485510410094507
10.741379310344827,8.620689793103448,1.0,3.374102353829726,5.357760472375507,5.480830008388764
10.741379310344827,8.965517344827587,0.0,3.5366090669234524,5.390966515400712,5.517615102166365
10.741379310344827,8.965517344827587,0.1111111111111111,3.5184951306663352,5.388300510393733,5.512806349503509
10.741379310344827,8.965517344827587,0.2222222222222222,3.5005491358843077,5.385676146573285,5.50803425590698
10.741379310344827,8.965517344827587,0.3333333333333333,3.482761284558558,5.383091803863555,5.503298300691197
10.741379310344827,8.965517344827587,0.4444444444444444,3.4651223562348332,5.380545959476577,5.498597955615083
10.741379310344827,8.965517344827587,0.5555555555555556,3.4476236554813426,5.378037180069882,5.493932687968023
10.741379310344827,8.965517344827587,0.6666666666666666,3.430256965013958,5.375564114696235,5.489301963134144
10.741379310344827,8.965517344827587,0.7777777777777777,3.413014503753142,5.373125488447664,5.484705246719868
10.741379310344827,8.965517344827587,0.8888888888888888,3.39588888918621,5.370720096712641,5.480142006315177
10.741379310344827,8.965517344827587,1.0,3.3788731034994983,5.3683467999769166,5.475611712947014
10.741379310344827,9.310344896551724,0.0,3.536609066923452,5.400231756123264,5.511288563056423
10.741379310344827,9.310344896551724,0.1111111111111111,3.519028263819017,5.397647080853872,5.506639557423268
10.741379310344827,9.310344896551724,0.2222222222222222,3.501605251686022,5.395101149912765,5.502024671422704
10.741379310344827,9.310344896551724,0.3333333333333333,3.484331132602504,5.392592510608771,5.497443447233845
10.741379310344827,9.310344896551724,0.4444444444444444,3.4671975150599263,5.3901197944710875,5.492895419279013
10.741379310344827,9.310344896551724,0.5555555555555556,3.4501964694376306,5.387681710693119,5.488380116950325
10.741379310344827,9.310344896551724,0.6666666666666666,3.4333204881190666,5.385277040214498,5.483897066895802
10.741379310344827,9.310344896551724,0.7777777777777777,3.4165624496672145,5.382904630367171,5.479445794934135
10.741379310344827,9.310344896551724,0.8888888888888888,3.3999155865602653,5.3805633900219965,5.475025827655723
10.741379310344827,9.310344896551724,1.0,3.3833734560587625,5.378252285178571,5.470636693758224
10.741379310344827,9.655172448275863,0.0,3.5366090669234524,5.408914987396812,5.505270179852669
10.741379310344827,9.655172448275863,0.1111111111111111,3.5195311603531954,5.406406842872718,5.500770951338252
10.741379310344827,9.655172448275863,0.2222222222222222,3.5026017747396607,5.403934827421029,5.496303556053637
10.741379310344827,9.655172448275863,0.3333333333333333,3.485812806776761,5.401497634248101,5.4918675895253495
10.741379310344827,9.655172448275863,0.4444444444444444,3.4691565988770225,5.399094029772976,5.487462639547049
10.741379310344827,9.655172448275863,0.5555555555555556,3.4526259012605087,5.396722848117005,5.483088288587556
10.741379310344827,9.655172448275863,0.6666666666666666,3.4362138378669917,5.394382986113209,5.478744115826182
10.741379310344827,9.655172448275863,0.7777777777777777,3.419913875626971,5.392073398775537,5.474429698871706
10.741379310344827,9.655172448275863,0.8888888888888888,3.40371979669169,5.38979309517787,5.470144615212393
10.741379310344827,9.655172448275863,1.0,3.387625673276736,5.387541134698862,5.465888443436922
10.741379310344827,10.0,0.0,3.5366090669234524,5.417069825852351,5.499537946596176
10.741379310344827,10.0,0.1111111111111111,3.5200063041285774,5.414633824852831,5.495179411079705
10.741379310344827,10.0,0.2222222222222222,3.5035435749790205,5.412231584795816,5.490850643367505
10.741379310344827,10.0,0.3333333333333333,3.487213480140216,5.4098619265543775,5.486551284487981
10.741379310344827,10.0,0.4444444444444444,3.471009013990533,5.407523734894904,5.482280967911834
10.741379310344827,10.0,0.5555555555555556,3.4549235321969407,5.405215953826791,5.478039321679002
10.741379310344827,10.0,0.6666666666666666,3.438950722456573,5.402937582371125,5.473825970209463
10.741379310344827,10.0,0.7777777777777777,3.4230845780317236,5.4006876707113785,5.469640535844021
10.741379310344827,10.0,0.8888888888888888,3.407319373755946,5.398465316678633,5.465482640154207
10.741379310344827,10.0,1.0,3.391649644231487,5.396269662542075,5.461351905054272
12.448275862068964,1e-06,0.0,3.766661620619211,3.045750371550039,6.204060514295159
12.448275862068964,1e-06,0.1111111111111111,3.674688882466294,3.045724032123759,6.168434226117269
12.448275862068964,1e-06,0.2222222222222222,3.5900872138885216,3.045750602917114,6.136133083391248
12.448275862068964,1e-06,0.3333333333333333,3.5104538520996136,3.0457506982320943,6.106343773964133
12.448275862068964,1e-06,0.4444444444444444,3.43429120975901,3.0457559749151297,6.07854165589635
12.448275862068964,1e-06,0.5555555555555556,3.360577570090524,3.0457508458279503,6.052363547503003
12.448275862068964,1e-06,0.6666666666666666,3.2885671676644503,3.0437372297179133,6.027545129979156
12.448275862068964,1e-06,0.7777777777777777,3.217685024664092,3.045749411037943,6.003886664947592
12.448275862068964,1e-06,0.8888888888888888,3.147467853488934,3.0457510083874957,5.981232724736373
12.448275862068964,1e-06,1.0,3.0775270979578564,3.0457510516439226,5.9594594771649465
12.448275862068964,0.34482855172413795,0.0,3.766661620619211,3.391392087863065,6.143222375771164
12.448275862068964,0.34482855172413795,0.1111111111111111,3.6849414920324857,3.363123501066932,6.113002107106835
12.448275862068964,0.34482855172413795,0.2222222222222222,3.609023624581561,3.3386877009700364,6.085105759510428
12.448275862068964,0.34482855172413795,0.3333333333333333,3.537222935290853,3.317194844945419,6.059047804029333
12.448275862068964,0.34482855172413795,0.4444444444444444,3.468432388559729,3.298049956897222,6.034494236565636
12.448275862068964,0.34482855172413795,0.5555555555555556,3.4018708289770014,3.280831893299844,6.011202722438068
12.448275862068964,0.34482855172413795,0.6666666666666666,3.3369558688817276,3.2652296449226426,5.9889903886504365
12.448275862068964,0.34482855172413795,0.7777777777777777,3.273233363072543,3.2510058483507756,5.967714984307324
12.448275862068964,0.34482855172413795,0.8888888888888888,3.2103353645329205,3.237974506577624,5.947263149327135
12.448275862068964,0.34482855172413795,1.0,3.147953618340503,3.225986686413194,5.9275427439136035
12.448275862068964,0.689656103448276,0.0,3.7666616206192107,4.113486891549487,6.090774573556961
12.448275862068964,0.689656103448276,0.1111111111111111,3.6932669350972924,4.094011934292419,6.064713677719663
12.448275862068964,0.689656103448276,0.2222222222222222,3.6245226918154194,4.076885111062725,6.040321636824492
12.448275862068964,0.689656103448276,0.3333333333333333,3.5592172476861204,4.0616083494082265,6.0173009763309215
12.448275862068964,0.689656103448276,0.4444444444444444,3.4965183161127005,4.0478340531602495,5.995435411357989
12.448275862068964,0.689656103448276,0.5555555555555556,3.435820498288137,4.03530833542573,5.97456129657726
12.448275862068964,0.689656103448276,0.6666666666666666,3.376663069590548,4.023839165062636,5.954550980048535
12.448275862068964,0.689656103448276,0.7777777777777777,3.31868202585779,4.0132772163703105,5.935302448966705
14.155172413793103,2.068966310344828,0.4444444444444444,3.7303560381096816,4.988011801617754,5.994776202813036
14.155172413793103,2.068966310344828,0.5555555555555556,3.6817642264647636,4.976920975875385,5.978943774661862
14.155172413793103,2.068966310344828,0.6666666666666666,3.634824862126873,4.966582248680282,5.963587506466361
14.155172413793103,2.068966310344828,0.7777777777777777,3.589279154424701,4.956898551367631,5.948670472339418
14.155172413793103,2.068966310344828,0.8888888888888888,3.5449168188295412,4.947790914082086,5.934159931076305
14.155172413793103,2.068966310344828,1.0,3.5015638024773295,4.939194119984132,5.920026790028261
14.155172413793103,2.413793862068966,0.0,3.949463140080768,5.125248556072206,6.032735507483475
14.155172413793103,2.413793862068966,0.1111111111111111,3.8941450379329416,5.111124520574284,6.016367967040008
14.155172413793103,2.413793862068966,0.2222222222222222,3.841987753665149,5.098223174514583,6.000503904779419
14.155172413793103,2.413793862068966,0.3333333333333333,3.792389860187846,5.086339267783884,5.985114815700223
14.155172413793103,2.413793862068966,0.4444444444444444,3.744903638564166,5.075317202476826,5.970170622377488
14.155172413793103,2.413793862068966,0.5555555555555556,3.699184935612578,5.065035773765119,5.955642047656136
14.155172413793103,2.413793862068966,0.6666666666666666,3.654962187779052,5.055398458093349,5.941501592036935
14.155172413793103,2.413793862068966,0.7777777777777777,3.6120163597916757,5.046326963499389,5.927723867851134
14.155172413793103,2.413793862068966,0.8888888888888888,3.570167441093199,5.037756794138806,5.914285633985483
14.155172413793103,2.413793862068966,1.0,3.529265059285787,5.0296341095212505,5.901165694834402
14.155172413793103,2.758621413793104,0.0,3.9494631400807685,5.19161918214726,6.004837458773333
14.155172413793103,2.758621413793104,0.1111111111111111,3.8979137631775296,5.178822314360881,5.989996133091217
14.155172413793103,2.758621413793104,0.2222222222222222,3.8490726353378544,5.1670313356243796,5.975537682026858
14.155172413793103,2.758621413793104,0.3333333333333333,3.8024638403009177,5.156090655008144,5.961449710345015
14.155172413793103,2.758621413793104,0.4444444444444444,3.757724333854785,5.145879546753803,5.947715909475238
14.155172413793103,2.758621413793104,0.5555555555555556,3.7145695784850363,5.136302169794768,5.934318585318927
14.155172413793103,2.758621413793104,0.6666666666666666,3.672771494962674,5.127280984435923,5.921239950842379
14.155172413793103,2.758621413793104,0.7777777777777777,3.6321437374565044,5.1187522499201945,5.908462780104941
14.155172413793103,2.758621413793104,0.8888888888888888,3.5925315264241258,5.110662850829235,5.895970722341127
14.155172413793103,2.758621413793104,1.0,3.553804428010784,5.102968002175745,5.883748432009822
14.155172413793103,3.103448965517242,0.0,3.949463140080768,5.246416671200723,5.979627497629195
14.155172413793103,3.103448965517242,0.1111111111111111,3.9012202716213675,5.234732813231284,5.966070179801215
14.155172413793103,3.103448965517242,0.2222222222222222,3.8553188670002494,5.223887056453854,5.952808226526275
14.155172413793103,3.103448965517242,0.3333333333333333,3.8113774891384558,5.213759510341815,5.939838680440268
14.155172413793103,3.103448965517242,0.4444444444444444,3.769098881716601,5.204255241813635,5.9271538879586005
14.155172413793103,3.103448965517242,0.5555555555555556,3.7282460002948037,5.195297606404319,5.914743808947875
14.155172413793103,3.103448965517242,0.6666666666666666,3.688626110087888,5.186823707992207,5.902597323734433
14.155172413793103,3.103448965517242,0.7777777777777777,3.650079867955059,5.178781210545169,5.890702982410386
14.155172413793103,3.103448965517242,0.8888888888888888,3.612473606704927,5.17112603990238,5.879049434258648
14.155172413793103,3.103448965517242,1.0,3.5756937459880134,5.163820689516332,5.867625669419868
14.155172413793103,3.44827651724138,0.0,3.949463140080768,5.292513008861478,5.956734418993352
14.155172413793103,3.44827651724138,0.1111111111111111,3.9041422618797283,5.281775274266628,5.944269156808753
14.155172413793103,3.44827651724138,0.2222222222222222,3.8608623050169015,5.271743692272219,5.932034832960455
14.155172413793103,3.44827651724138,0.3333333333333333,3.819313959640522,5.262324519286471,5.920033908744568
14.155172413793103,3.44827651724138,0.4444444444444444,3.7792516078294502,5.253442191138819,5.908264127076612
14.155172413793103,3.44827651724138,0.5555555555555556,3.7404763292738186,5.245034779087143,5.896720487940022
14.155172413793103,3.44827651724138,0.6666666666666666,3.702824285431983,5.237050807965556,5.885396442077601
14.155172413793103,3.44827651724138,0.7777777777777777,3.6661585429902708,5.229446968056641,5.874284625343779
14.155172413793103,3.44827651724138,0.8888888888888888,3.6303631717561875,5.2221864317137445,5.863377315339958
14.155172413793103,3.44827651724138,1.0,3.5953388906006247,5.2152375901803625,5.852666716218914
14.155172413793103,3.7931040689655178,0.0,3.9494631400807685,5.331882097962491,5.935852291549673
14.155172413793103,3.7931040689655178,0.1111111111111111,3.9067413505210182,5.321957735785714,5.924324988586195
14.155172413793103,3.7931040689655178,0.2222222222222222,3.8658117266842478,5.312634301576552,5.912980552102015
14.155172413793103,3.7931040689655178,0.3333333333333333,3.8264207434291153,5.303837522235273,5.901824427519958
14.155172413793103,3.7931040689655178,0.4444444444444444,3.788363712043656,5.295506578977705,5.890857666730311
14.155172413793103,3.7931040689655178,0.5555555555555556,3.751472544544478,5.287590955000961,5.880078562976347
14.155172413793103,3.7931040689655178,0.6666666666666666,3.7156071651701255,5.280048172043327,5.869483688103498
14.155172413793103,3.7931040689655178,0.7777777777777777,3.6806493269777203,5.27284212737032,5.859068562762805
14.155172413793103,3.7931040689655178,0.8888888888888888,3.646498061171902,5.2659418473124635,5.848828095320915
14.155172413793103,3.7931040689655178,1.0,3.6130662631014743,5.259320536574766,5.8387568718502
14.155172413793103,4.137931620689656,0.0,3.949463140080768,5.365931016258494,5.916726754447933
14.155172413793103,4.137931620689656,0.1111111111111111,3.909066944944159,5.356712673103981,5.9060122401513295
14.155172413793103,4.137931620689656,0.2222222222222222,3.870255110527252,5.348010297647953,5.895444275077225
14.155172413793103,4.137931620689656,0.3333333333333333,3.832817779686915,5.339764334402662,5.885029812820599
14.155172413793103,4.137931620689656,0.4444444444444444,3.796583006605721,5.331925331123607,5.87477187264503
14.155172413793103,4.137931620689656,0.5555555555555556,3.7614078198543903,5.324451715351933,5.864670869564591
14.155172413793103,4.137931620689656,0.6666666666666666,3.7271717983063217,5.317308161651407,5.854725491655571
14.155172413793103,4.137931620689656,0.7777777777777777,3.6937723506207085,5.310464368421801,5.844933288756796
14.155172413793103,4.137931620689656,0.8888888888888888,3.6611211790985343,5.303894125379816,5.835291072948053
14.155172413793103,4.137931620689656,1.0,3.629141585341014,5.297574591570204,5.825795193851854
14.155172413793103,4.482759172413794,0.0,3.949463140080768,5.3956929242455365,5.89914461278418
14.155172413793103,4.482759172413794,0.1111111111111111,3.9111590680712016,5.387092584706963,5.889140111652283
14.155172413793103,4.482759172413794,0.2222222222222222,3.87426427825177,5.378938847103796,5.879254404320435
14.155172413793103,4.482759172413794,0.3333333333333333,3.838603480105906,5.371183433354023,5.869495062389482
14.155172413793103,4.482759172413794,0.4444444444444444,3.8040311525932164,5.363785754248164,5.859866210021755
14.155172413793103,4.482759172413794,0.5555555555555556,3.7704249284379543,5.356711316921846,5.850369596815273
14.155172413793103,4.482759172413794,0.6666666666666666,3.7376807358456774,5.349930531548289,5.8410053286895876
14.155172413793103,4.482759172413794,0.7777777777777777,3.705709161769825,5.343417801458682,5.83177237368198
14.155172413793103,4.482759172413794,0.8888888888888888,3.674432683075879,5.33715081860649,5.822668916566866
14.155172413793103,4.482759172413794,1.0,3.6437835264358664,5.331110010501782,5.813692610136674
14.155172413793103,4.827586724137932,0.0,3.9494631400807685,5.4219452857456245,5.882925845901724
14.155172413793103,4.827586724137932,0.1111111111111111,3.913050446366865,5.413889935908567,5.873546132835239
14.155172413793103,4.827586724137932,0.2222222222222222,3.8778983684544923,5.4062239820442555,5.864263771933357
14.155172413793103,4.827586724137932,0.3333333333333333,3.8438592624687673,5.398907895554705,5.855086423347939
14.155172413793103,4.827586724137932,0.4444444444444444,3.8108091107598363,5.391908071766762,5.846018763602062
14.155172413793103,4.827586724137932,0.5555555555555556,3.7786425626851314,5.385195672967011,5.837063347900229
14.155172413793103,4.827586724137932,0.6666666666666666,3.747269221933464,5.378745745530407,5.828221213975072
14.155172413793103,4.827586724137932,0.7777777777777777,3.716610820083738,5.372536535850921,5.81949231098369
14.155172413793103,4.827586724137932,0.8888888888888888,3.6865990324281794,5.3665489530499455,5.810875807843428
14.155172413793103,4.827586724137932,1.0,3.657173767299383,5.360766141787291,5.802370317165797
14.155172413793103,5.17241427586207,0.0,3.9494631400807685,5.445285402869924,5.86791740283882
14.155172413793103,5.17241427586207,0.1111111111111111,3.9147680727038945,5.437713849049455,5.8590911615654075
14.155172413793103,5.17241427586207,0.2222222222222222,3.8812064661203407,5.430484080043322,5.850345540564537
14.155172413793103,5.17241427586207,0.3333333333333333,3.84865300168979,5.423563433381424,5.841687982232633
14.155172413793103,5.17241427586207,0.4444444444444444,3.81700129781836,5.416923862878243,5.833123364529643
14.155172413793103,5.17241427586207,0.5555555555555556,3.7861601485853424,5.410541086927129,5.824654693683581
14.155172413793103,5.17241427586207,0.6666666666666666,3.7560506583395914,5.4043939277661055,5.816283601009647
14.155172413793103,5.17241427586207,0.7777777777777777,3.7266040264768896,5.398463791975243,5.808010703806644
14.155172413793103,5.17241427586207,0.8888888888888888,3.697759812032461,5.392734257064914,5.799835870430735
14.155172413793103,5.17241427586207,1.0,3.669464557773213,5.387190738887186,5.79175841685428
14.155172413793103,5.517241827586208,0.0,3.9494631400807685,5.466180385786757,5.853988337107014
14.155172413793103,5.517241827586208,0.1111111111111111,3.9163343898441605,5.4590408730750974,5.845655389145126
14.155172413793103,5.517241827586208,0.2222222222222222,3.884229614465815,5.452203187006008,5.837389880524942
14.155172413793103,5.517241827586208,0.3333333333333333,3.8530416848885483,5.445640110199728,5.829198867771805
14.155172413793103,5.517241827586208,0.4444444444444444,3.8226787909190496,5.439328060615676,5.821087211012453
14.155172413793103,5.517241827586208,0.5555555555555556,3.79306155686367,5.433246456811203,5.813058131208959
14.155172413793103,5.517241827586208,0.6666666666666666,3.7641208092400875,5.427377218098115,5.805113618313284
14.155172413793103,5.517241827586208,0.7777777777777777,3.735795826586859,5.421704366244504,5.797254733660336
14.155172413793103,5.517241827586208,0.8888888888888888,3.708032951009791,5.416213704675121,5.789481836267548
14.155172413793103,5.517241827586208,1.0,3.6807844748278065,5.410892557561866,5.781794753688756
14.155172413793103,5.862069379310346,0.0,3.9494631400807685,5.4850011992167085,5.841025956237443
14.155172413793103,5.862069379310346,0.1111111111111111,3.9177681964064544,5.478249598232049,5.833135128102141
14.155172413793103,5.862069379310346,0.2222222222222222,3.8870023696442186,5.471766030387914,5.825301262502998
14.155172413793103,5.862069379310346,0.3333333333333333,3.857073474266767,5.465527638575951,5.817530947251691
14.155172413793103,5.862069379310346,0.4444444444444444,3.827901823434449,5.459514456609861,5.8098288914884595
14.155172413793103,5.862069379310346,0.5555555555555556,3.7994179942788837,5.453708930727522,5.802198375115778
12.448275862068964,8.620689793103448,0.2222222222222222,3.7251633630769394,5.483030332262846,5.646449649321568
12.448275862068964,8.620689793103448,0.3333333333333333,3.704868546188253,5.47952032427623,5.641162752828602
12.448275862068964,8.620689793103448,0.4444444444444444,3.68485170355124,5.476080490454853,5.6359141038933585
12.448275862068964,8.620689793103448,0.5555555555555556,3.665095959297156,5.472707522439971,5.630703778714381
12.448275862068964,8.620689793103448,0.6666666666666666,3.6455856914599933,5.469398348665216,5.6255317491672185
12.448275862068964,8.620689793103448,0.7777777777777777,3.626306400810589,5.46615011181755,5.6203979004006905
12.448275862068964,8.620689793103448,0.8888888888888888,3.6072445963076603,5.462960148958652,5.6153020455794955
12.448275862068964,8.620689793103448,1.0,3.5883876946831426,5.45982597393454,5.610243938268265
12.448275862068964,8.965517344827587,0.0,3.766661620619211,5.499720987109756,5.650037228789573
12.448275862068964,8.965517344827587,0.1111111111111111,3.746399045836284,5.496187002526489,5.6448639603961475
12.448275862068964,8.965517344827587,0.2222222222222222,3.7264320797656345,5.492724702971552,5.639725438727469
12.448275862068964,8.965517344827587,0.3333333333333333,3.706742818317233,5.4893306586998305,5.634622012765849
12.448275862068964,8.965517344827587,0.4444444444444444,3.687314727966492,5.486001689267823,5.62955389754646
12.448275862068964,8.965517344827587,0.5555555555555556,3.668132500127527,5.482734839441646,5.624521195708051
12.448275862068964,8.965517344827587,0.6666666666666666,3.649181924298754,5.479527357989516,5.619523915575155
12.448275862068964,8.965517344827587,0.7777777777777777,3.6304497771358015,5.476376678949872,5.614561986374859
12.448275862068964,8.965517344827587,0.8888888888888888,3.611923725096816,5.473280405032774,5.609635271076893
12.448275862068964,8.965517344827587,1.0,3.5935922387014174,5.470236292866592,5.604743577254927
12.448275862068964,9.310344896551724,0.0,3.766661620619211,5.508551007986978,5.643296066359291
12.448275862068964,9.310344896551724,0.1111111111111111,3.747005487115407,5.505136003706591,5.638299479218833
12.448275862068964,9.310344896551724,0.2222222222222222,3.7276263550243147,5.501787382744066,5.6333350298431695
12.448275862068964,9.310344896551724,0.3333333333333333,3.708508031607364,5.49850208847148,5.628403058793275
12.448275862068964,9.310344896551724,0.4444444444444444,3.689635519051138,5.495277278320356,5.623503787434954
12.448275862068964,9.310344896551724,0.5555555555555556,3.670994891989899,5.492110303848643,5.6186373363555555
12.448275862068964,9.310344896551724,0.6666666666666666,3.652573190258214,5.488998693107592,5.61380374092444
12.448275862068964,9.310344896551724,0.7777777777777777,3.6343583246466933,5.4859401349943475,5.609002964476377
12.448275862068964,9.310344896551724,0.8888888888888888,3.6163389938040162,5.482932465325302,5.6042349095092066
12.448275862068964,9.310344896551724,1.0,3.598504610730122,5.4799736544058435,5.599499427216888
12.448275862068964,9.655172448275863,0.0,3.7666616206192107,5.516824269038535,5.636887163528152
12.448275862068964,9.655172448275863,0.1111111111111111,3.7475770226710416,5.513520641534922,5.632055783523473
12.448275862068964,9.655172448275863,0.2222222222222222,3.7287524930576508,5.510278635311646,5.62725422147172
12.448275862068964,9.655172448275863,0.3333333333333333,3.7101733428122405,5.507095516839148,5.622482806109628
12.448275862068964,9.655172448275863,0.4444444444444444,3.691825928986549,5.503968737211839,5.617741759974956
12.448275862068964,9.655172448275863,0.5555555555555556,3.6736975511230443,5.50089591556585,5.613031215191913
12.448275862068964,9.655172448275863,0.6666666666666666,3.6557763601573554,5.497874824342299,5.608351226894748
12.448275862068964,9.655172448275863,0.7777777777777777,3.6380512779957535,5.4949033761528865,5.603701784672133
12.448275862068964,9.655172448275863,0.8888888888888888,3.620511926294219,5.491979612041358,5.59908282234713
12.448275862068964,9.655172448275863,1.0,3.6031485631970335,5.489101690964948,5.594494226353061
12.448275862068964,10.0,0.0,3.7666616206192107,5.52459222932771,5.630786507784533
12.448275862068964,10.0,0.1111111111111111,3.748116557463571,5.5213930715088,5.6261099258098906
12.448275862068964,10.0,0.2222222222222222,3.7298161115480784,5.518251244052334,5.621461090547056
12.448275862068964,10.0,0.3333333333333333,3.7117469201884736,5.515164294377686,5.616840316763471
12.448275862068964,10.0,0.4444444444444444,3.6938965398839647,5.512129929816611,5.612247824475531
12.448275862068964,10.0,0.5555555555555556,3.676253358388602,5.509146003746979,5.6076837525188274
12.448275862068964,10.0,0.6666666666666666,3.6588065169854214,5.506210503216371,5.603148170157438
12.448275862068964,10.0,0.7777777777777777,3.6415458415709705,5.503321537866045,5.598641087039252
12.448275862068964,10.0,0.8888888888888888,3.624461781373837,5.500477329993327,5.594162461751807
12.448275862068964,10.0,1.0,3.6075453543094635,5.497676205613733,5.589712209190435
14.155172413793103,1e-06,0.0,3.9494631400807685,3.0457492391740133,6.360776826156739
14.155172413793103,1e-06,0.1111111111111111,3.8409079070921686,3.045749535070194,6.315875746307297
14.155172413793103,1e-06,0.2222222222222222,3.7455684512211733,3.0457494518782084,6.276679610122602
14.155172413793103,1e-06,0.3333333333333333,,,
14.155172413793103,1e-06,0.4444444444444444,3.577039654554623,3.0457497037336165,6.209136935665169
14.155172413793103,1e-06,0.5555555555555556,3.499557432334413,3.0457501263121136,6.179152742091043
14.155172413793103,1e-06,0.6666666666666666,3.42495543047185,3.045750222500949,6.1510440909480435
14.155172413793103,1e-06,0.7777777777777777,3.3524493044910493,3.045749425054882,6.124495825128097
14.155172413793103,1e-06,0.8888888888888888,3.2814502460977715,3.0457500658768315,6.0992715465863
14.155172413793103,1e-06,1.0,3.211499428083246,3.0457559361318878,6.075188487144275
14.155172413793103,0.34482855172413795,0.0,3.949463140080768,3.5924542707358404,6.291941556951496
14.155172413793103,0.34482855172413795,0.1111111111111111,3.8534593653317244,3.550965102867469,6.2549003843819255
14.155172413793103,0.34482855172413795,0.2222222222222222,3.7677323537230105,3.516552752316617,6.221633806285002
14.155172413793103,0.34482855172413795,0.3333333333333333,3.6888362353629254,3.487132224126886,6.191161072543828
14.155172413793103,0.34482855172413795,0.4444444444444444,3.614781162765088,3.4614645128363324,6.162870330439032
14.155172413793103,0.34482855172413795,0.5555555555555556,3.5442895568645176,3.4387429538825405,6.13634720999811
14.155172413793103,0.34482855172413795,0.6666666666666666,3.4764788576404744,3.418408202946247,6.111294791233971
14.155172413793103,0.34482855172413795,0.7777777777777777,3.410705217702943,3.400053980996389,6.0874913034594735
14.155172413793103,0.34482855172413795,0.8888888888888888,3.3464784316802434,3.383374442454165,6.064765735681192
14.155172413793103,0.34482855172413795,1.0,3.2834121483804752,3.36813269704588,6.042982830175586
14.155172413793103,0.689656103448276,0.0,3.9494631400807685,4.2723910872122595,6.2330631206183105
14.155172413793103,0.689656103448276,0.1111111111111111,3.8636117675306014,4.243299622146958,6.201884177999278
14.155172413793103,0.689656103448276,0.2222222222222222,3.7858993100907075,4.218641459189752,6.17326642412809
14.155172413793103,0.689656103448276,0.3333333333333333,3.7138702237115755,4.197230185525043,6.146654364448477
14.155172413793103,0.689656103448276,0.4444444444444444,3.646017988042552,4.178318844262996,6.121672172335535
14.155172413793103,0.689656103448276,0.5555555555555556,3.5813364439206006,4.161401694981612,6.09805034095233
14.155172413793103,0.689656103448276,0.6666666666666666,3.5191114001553703,4.14611799012669,6.075587262791712
14.155172413793103,0.689656103448276,0.7777777777777777,3.458811753943416,4.132200061821545,6.054127179179954
14.155172413793103,0.689656103448276,0.8888888888888888,3.400027580611489,4.119443065802592,6.0335466439895
14.155172413793103,0.689656103448276,1.0,3.3424326067534875,4.107686271472277,6.0137457707719655
14.155172413793103,1.034483655172414,0.0,3.9494631400807685,4.5953852254223735,6.18214395634889
14.155172413793103,1.034483655172414,0.1111111111111111,3.8719577748018423,4.571625081056934,6.155440449044818
14.155172413793103,1.034483655172414,0.2222222222222222,3.8010066734516528,4.551066493981041,6.130515609358437
14.155172413793103,1.034483655172414,0.3333333333333333,3.7348225514138753,4.53293428164384,6.1070523698499795
14.155172413793103,1.034483655172414,0.4444444444444444,3.67225098537033,4.516715557863755,6.084819398301566
14.155172413793103,1.034483655172414,0.5555555555555556,3.612493365318611,4.5020505024076645,6.063641457406754
14.155172413793103,1.034483655172414,0.6666666666666666,3.5549683711653084,4.488675476834488,6.0433818392673135
14.155172413793103,1.034483655172414,0.7777777777777777,3.499235679341727,4.476390715672811,6.023931341950661
14.155172413793103,1.034483655172414,0.8888888888888888,3.4449508092227736,4.465040736731178,6.005201024220642
14.155172413793103,1.034483655172414,1.0,3.3918368675228696,4.454501839545114,5.987117259914915
14.155172413793103,1.3793112068965518,0.0,3.9494631400807685,4.796693661536962,6.1376808340539855
14.155172413793103,1.3793112068965518,0.1111111111111111,3.8789175537997034,4.776404702087766,6.114466406107642
14.155172413793103,1.3793112068965518,0.2222222222222222,3.813730448756048,4.75854204938358,6.092513800823556
14.155172413793103,1.3793112068965518,0.3333333333333333,3.752575121195102,4.742572745388847,6.071642078239996
14.155172413793103,1.3793112068965518,0.4444444444444444,3.6945561975021564,4.728128949891683,6.051709090915496
14.155172413793103,1.3793112068965518,0.5555555555555556,3.6390346072090924,4.714944380300669,6.03260115036306
14.155172413793103,1.3793112068965518,0.6666666666666666,3.585534286462979,4.702819133343496,6.014225771732111
14.155172413793103,1.3793112068965518,0.7777777777777777,3.5336883035457376,4.69159876545087,5.996506565737574
14.155172413793103,1.3793112068965518,0.8888888888888888,3.4832057834770667,4.6811611423083574,5.979379585567122
14.155172413793103,1.3793112068965518,1.0,3.4338505923776017,4.671407797496042,5.9627906652705125
14.155172413793103,1.7241387586206898,0.0,3.949463140080768,4.937571057893848,6.098523129861667
14.155172413793103,1.7241387586206898,0.1111111111111111,3.8847951862987324,4.919841177662803,6.0780803621743225
14.155172413793103,1.7241387586206898,0.2222222222222222,3.8245681820468604,4.90400389672302,6.058550422433438
14.155172413793103,1.7241387586206898,0.3333333333333333,3.767779310325362,4.889680644191462,6.039831270168425
14.155172413793103,1.7241387586206898,0.4444444444444444,3.713725843507791,4.87660053431524,6.021836236383736
14.155172413793103,1.7241387586206898,0.5555555555555556,3.661892111156581,4.864561986191167,6.00449197671802
14.155172413793103,1.7241387586206898,0.6666666666666666,3.6118857925787644,4.853410326975109,5.987736192115163
14.155172413793103,1.7241387586206898,0.7777777777777777,3.5633995334791955,4.843023915559358,5.97151562837281
14.155172413793103,1.7241387586206898,0.8888888888888888,3.5161865780659856,4.833305128294415,5.955784436431533
14.155172413793103,1.7241387586206898,1.0,3.4700446312868545,4.8241742733900725,5.94050285828003
14.155172413793103,2.068966310344828,0.0,3.9494631400807685,5.042928286528789,6.063776397022713
14.155172413793103,2.068966310344828,0.1111111111111111,3.889814928100725,5.0271947311297644,6.045572678006064
14.155172413793103,2.068966310344828,0.2222222222222222,3.833892675203042,5.012969294673093,6.028041290576508
14.155172413793103,2.068966310344828,0.3333333333333333,3.7809256674168052,4.99997617251072,6.011126442102682
14.155172413793103,5.862069379310346,0.6666666666666666,3.771561073367235,5.448095537615185,5.794641584203242
14.155172413793103,5.862069379310346,0.7777777777777777,3.7442772632656682,5.442660476274787,5.787159863869861
14.155172413793103,5.862069379310346,0.8888888888888888,3.7175187642168317,5.437391417075624,5.77975391069305
14.155172413793103,5.862069379310346,1.0,3.6912428679415052,5.432277295585062,5.772423920296114
14.155172413793103,6.206896931034484,0.0,3.9494631400807685,5.502046455183545,5.828932748078682
14.155172413793103,6.206896931034484,0.1111111111111111,3.9190853474543776,5.495644861165432,5.821440212192447
14.155172413793103,6.206896931034484,0.2222222222222222,3.8895540134466757,5.4894825177917275,5.813996240590156
14.155172413793103,6.206896931034484,0.3333333333333333,3.8607893245785223,5.483540091061624,5.806606921627182
14.155172413793103,6.206896931034484,0.4444444444444444,3.8327217469711594,5.4778005668714105,5.799276736581449
14.155172413793103,6.206896931034484,0.5555555555555556,3.805290278172875,5.4722488864199805,5.792008923377945
14.155172413793103,6.206896931034484,0.6666666666666666,3.778441056519661,5.466871651515565,5.784805752610553
14.155172413793103,6.206896931034484,0.7777777777777777,3.7521262435771257,5.461656884158411,5.77766873894045
14.155172413793103,6.206896931034484,0.8888888888888888,3.7263031175799255,5.456593828723552,5.7705988043432175
14.155172413793103,6.206896931034484,1.0,3.7009333316451434,5.451672787912856,5.763596405110452
14.155172413793103,6.551724482758622,0.0,3.949463140080768,5.517559410660323,5.817623907361294
14.155172413793103,6.551724482758622,0.1111111111111111,3.920299301416009,5.511475047242424,5.8104918786053785
14.155172413793103,6.551724482758622,0.2222222222222222,3.891909507537549,5.50560525941365,5.803401627631418
14.155172413793103,6.551724482758622,0.3333333333333333,3.864224262206666,5.499933583708605,5.79635874381671
14.155172413793103,6.551724482758622,0.4444444444444444,3.8371825871053726,5.494445434127496,5.7893674403179425
14.155172413793103,6.551724482758622,0.5555555555555556,3.8107306418375604,5.489127821536868,5.782430849580799
14.155172413793103,6.551724482758622,0.6666666666666666,3.7848206129355124,5.483969124268972,5.775551251002072
14.155172413793103,6.551724482758622,0.7777777777777777,3.759409811279342,5.478958899020222,5.768730247774224
14.155172413793103,6.551724482758622,0.8888888888888888,3.7344599326460814,5.474087723774542,5.76196890528704
14.155172413793103,6.551724482758622,1.0,3.7099364471643654,5.469347066402768,5.755267860179707
14.155172413793103,6.8965520344827596,0.0,3.9494631400807685,5.531740348122488,5.807025330306985
14.155172413793103,6.8965520344827596,0.1111111111111111,3.9214215508404053,5.525944699750527,5.800221032456702
14.155172413793103,6.8965520344827596,0.2222222222222222,3.8940902504959327,5.52034234487656,5.79345298600079
14.155172413793103,6.8965520344827596,0.3333333333333333,3.867408404724764,5.514919177107677,5.786726299881244
14.155172413793103,6.8965520344827596,0.4444444444444444,3.841322286875044,5.509662621495137,5.780044902484304
14.155172413793103,6.8965520344827596,0.5555555555555556,3.815784179296007,5.504561416545324,5.773411782736627
14.155172413793103,6.8965520344827596,0.6666666666666666,3.7907514790674544,5.499605434131828,5.76682917840164
14.155172413793103,6.8965520344827596,0.7777777777777777,3.7661859641750364,5.494785529616405,5.760298724234678
14.155172413793103,6.8965520344827596,0.8888888888888888,3.7420531867808013,5.490093416253546,5.753821569347513
14.155172413793103,6.8965520344827596,1.0,3.7183219680313266,5.485521559270956,5.747398470758834
14.155172413793103,7.2413795862068975,0.0,3.9494631400807685,5.544755749140945,5.797071977253643
14.155172413793103,7.2413795862068975,0.1111111111111111,3.922461964491743,5.5392238674305325,5.790566816291077
14.155172413793103,7.2413795862068975,0.2222222222222222,3.8961146830616356,5.53386682011151,5.784093373208074
14.155172413793103,7.2413795862068975,0.3333333333333333,3.870367779684821,5.528672450314856,5.7776563048488025
14.155172413793103,7.2413795862068975,0.4444444444444444,3.8451737081351607,5.523629859614049,5.771259253162932
14.155172413793103,7.2413795862068975,0.5555555555555556,3.820490010347829,5.518729237179719,5.764905042765017
14.155172413793103,7.2413795862068975,0.6666666666666666,3.796278591460297,5.513961717273973,5.7585958371589205
14.155172413793103,7.2413795862068975,0.7777777777777777,3.772505119395556,5.509319259595582,5.752333263105098
14.155172413793103,7.2413795862068975,0.8888888888888888,3.749138524197391,5.504794548190508,5.746118510238347
14.155172413793103,7.2413795862068975,1.0,3.72615057787408,5.500380905553539,5.7399524113140705
14.155172413793103,7.586207137931035,0.0,3.9494631400807685,5.556745196580858,5.787706526928011
14.155172413793103,7.586207137931035,0.1111111111111111,3.92342906115522,5.55145514061065,5.781475424439475
14.155172413793103,7.586207137931035,0.2222222222222222,3.897998775546094,5.546323824449184,5.775272294384973
14.155172413793103,7.586207137931035,0.3333333333333333,3.87312498679368,5.541340714620106,5.769101374482186
14.155172413793103,7.586207137931035,0.4444444444444444,3.848765443568376,5.536496318921965,5.762966027836759
14.155172413793103,7.586207137931035,0.5555555555555556,3.8248822267135116,5.53178205141965,5.756868905542979
14.155172413793103,7.586207137931035,0.6666666666666666,3.8014411575713343,5.527190118827027,5.750812076733142
14.155172413793103,7.586207137931035,0.7777777777777777,3.7784113037435954,5.522713424323365,5.7447971332227885
14.155172413793103,7.586207137931035,0.8888888888888888,3.755764563696495,5.518345485674628,5.738825274186714
14.155172413793103,7.586207137931035,1.0,3.7334753156055966,5.51408036516738,5.7328973750318735
14.155172413793103,7.931034689655173,0.0,3.949463140080768,5.567826639741075,5.7788782635578935
14.155172413793103,7.931034689655173,0.1111111111111111,3.9243302303965177,5.562759020606143,5.772899115111292
14.155172413793103,7.931034689655173,0.2222222222222222,3.8997564230427937,5.557836039623051,5.766944823530841
14.155172413793103,7.931034689655173,0.3333333333333333,3.8756997369795183,5.553048523727644,5.76101924183719
14.155172413793103,7.931034689655173,0.4444444444444444,3.852122479474816,5.548388167040445,5.755125467351837
14.155172413793103,7.931034689655173,0.5555555555555556,3.8289906655009758,5.543847423344622,5.7492659761174485
14.155172413793103,7.931034689655173,0.6666666666666666,3.8062735317487157,5.539419414854819,5.743442731534671
14.155172413793103,7.931034689655173,0.7777777777777777,3.783943127439694,5.535097854395281,5.737657272642754
14.155172413793103,7.931034689655173,0.8888888888888888,3.7619739678786406,5.530876978682356,5.731910786224596
14.155172413793103,7.931034689655173,1.0,3.740342739577196,5.5267514908554,5.726204165979537
14.155172413793103,8.275862241379311,0.0,3.9494631400807685,5.578100460965796,5.770542151169985
14.155172413793103,8.275862241379311,0.1111111111111111,3.9251719117822232,5.573238068296384,5.764795383083175
14.155172413793103,8.275862241379311,0.2222222222222222,3.9013997679527246,5.568507901689126,5.75907086307428
14.155172413793103,8.275862241379311,0.3333333333333333,3.8781092939766677,5.563901934908392,5.753372093447732
14.155172413793103,8.275862241379311,0.4444444444444444,3.8552667401004816,5.559412868329573,5.7477019217695675
14.155172413793103,8.275862241379311,0.5555555555555556,3.8328415454342104,5.555034042677712,5.742062652478326
14.155172413793103,8.275862241379311,0.6666666666666666,3.8108059363515596,5.550759365277464,5.736456137956768
14.155172413793103,8.275862241379311,0.7777777777777777,3.7891345858540473,5.5465832466967315,5.730883853213924
14.155172413793103,8.275862241379311,0.8888888888888888,3.767804323181809,5.542500546071446,5.725346957411964
14.155172413793103,8.275862241379311,1.0,3.7467938850687577,5.538506523718574,5.719846344775559
14.155172413793103,8.620689793103448,0.0,3.949463140080768,5.587652652247274,5.762658059359413
14.155172413793103,8.620689793103448,0.1111111111111111,3.9259597413248133,5.582980145749838,5.757126263538834
14.155172413793103,8.620689793103448,0.2222222222222222,3.902939464802435,5.5784288934745625,5.751614517323621
14.155172413793103,8.620689793103448,0.3333333333333333,3.880368838189866,5.573991841376198,5.746126004737423
14.155172413793103,8.620689793103448,0.4444444444444444,3.858217537275669,5.569662547732657,5.740663340957002
14.155172413793103,8.620689793103448,0.5555555555555556,3.8364579932447875,5.565435113460086,5.7352286653833815
14.155172413793103,8.620689793103448,0.6666666666666666,3.8150650588995676,5.561304122113449,5.729823718260803
14.155172413793103,8.620689793103448,0.7777777777777777,3.7940157236036987,5.557264588002441,5.72444990403689
14.155172413793103,8.620689793103448,0.8888888888888888,3.773288868715888,5.5533119111400975,5.719108343980976
14.155172413793103,8.620689793103448,1.0,3.752865056840742,5.549441837970834,5.7137999200559815
14.155172413793103,8.965517344827587,0.0,3.949463140080768,5.5965573223371345,5.755190112390713
14.155172413793103,8.965517344827587,0.1111111111111111,3.926698671881152,5.592060975346861,5.749857743577448
14.155172413793103,8.965517344827587,0.2222222222222222,3.9043848989376517,5.587676144790313,5.744543560116083
14.155172413793103,8.965517344827587,0.3333333333333333,3.882491768189385,5.583396605109872,5.739250458056944
14.155172413793103,8.965517344827587,0.4444444444444444,3.860991943873821,5.579216649553223,5.733980837842341
14.155172413793103,8.965517344827587,0.5555555555555556,3.8398604815778623,5.575131033510485,5.728736682244584
14.155172413793103,8.965517344827587,0.6666666666666666,3.8190745493085516,5.571134925405923,5.723519621054614
14.155172413793103,8.965517344827587,0.7777777777777777,3.798613187755058,5.567223863970337,5.718330984994615
14.155172413793103,8.965517344827587,0.8888888888888888,3.778457103370649,5.563393720925952,5.713171850824169
14.155172413793103,8.965517344827587,1.0,3.7585884890642456,5.559640668281757,5.708043079216689
14.155172413793103,9.310344896551724,0.0,3.9494631400807685,5.604878694273511,5.7481061393057375
14.155172413793103,9.310344896551724,0.1111111111111111,3.9273930727113866,5.60054617923144,5.74295926255919
14.155172413793103,9.310344896551724,0.2222222222222222,3.905744368115444,5.5963165053368975,5.73782898072065
14.155172413793103,9.310344896551724,0.3333333333333333,3.8844899518474296,5.592184156563211,5.7327179297871025
14.155172413793103,9.310344896551724,0.4444444444444444,3.8636051056076197,5.5881440586995135,5.727628312752163
14.155172413793103,9.310344896551724,0.5555555555555556,3.8430671951727025,5.584191532990842,5.722561965139387
14.155172413793103,9.310344896551724,0.6666666666666666,3.8228554360907516,5.580322255712977,5.7175204098099615
14.155172413793103,9.310344896551724,0.7777777777777777,3.8029506910945874,5.576532222797369,5.712504902972231
14.155172413793103,9.310344896551724,0.8888888888888888,3.7833352942684098,5.572817718769978,5.707516472942769
14.155172413793103,9.310344896551724,1.0,3.7639928978728494,5.569175289389075,5.702555952910881
14.155172413793103,9.655172448275863,0.0,3.9494631400807685,5.612672710818942,5.7413772072132385
14.155172413793103,9.655172448275863,0.1111111111111111,3.9280468122570835,5.6084929187848385,5.736403286104399
14.155172413793103,9.655172448275863,0.2222222222222222,3.907025234072261,5.604408211592804,5.731444595024451
14.155172413793103,9.655172448275863,0.3333333333333333,3.8863739365754464,5.600413683717408,5.726503535389393
14.155172413793103,9.655172448275863,0.4444444444444444,3.8660705026237205,5.596504807700899,5.721582129265015
14.155172413793103,9.655172448275863,0.5555555555555556,3.8460943385642548,5.592677396000189,5.7166820746894995
14.155172413793103,9.655172448275863,0.6666666666666666,3.8264264764411258,5.588927567527827,5.711804792269744
14.155172413793103,9.655172448275863,0.7777777777777777,3.807049402023201,5.58525171821514,5.706951464562358
15.862068965517242,3.44827651724138,0.0,4.100882395300718,5.397833736623903,6.052595223198039
15.862068965517242,3.44827651724138,0.1111111111111111,4.049160764238768,5.383701830179602,6.0397777347371475
15.862068965517242,3.44827651724138,0.2222222222222222,4.000479478714651,5.370686135985168,6.027076772115624
15.862068965517242,3.44827651724138,0.3333333333333333,3.9543124157559135,5.358613079596004,6.014538512297639
15.862068965517242,3.44827651724138,0.4444444444444444,3.910259200441067,5.347347983789175,6.002188892901412
15.862068965517242,3.44827651724138,0.5555555555555556,3.868007166866492,5.336783984912666,5.990041523649102
15.862068965517242,3.44827651724138,0.6666666666666666,3.827306817615433,5.326834692756137,5.978102347683076
15.862068965517242,3.44827651724138,0.7777777777777777,3.7879553824908743,5.3174291578352175,5.966372482009889
15.862068965517242,3.44827651724138,0.8888888888888888,3.7497854482572595,5.308508318511844,5.954849995714142
15.862068965517242,3.44827651724138,1.0,3.71265687967629,5.300022429555237,5.943531047315421
15.862068965517242,3.7931040689655178,0.0,4.100882395300718,5.435059047451335,6.030255427164396
15.862068965517242,3.7931040689655178,0.1111111111111111,4.052225096859031,5.422088468684589,6.018487996011639
15.862068965517242,3.7931040689655178,0.2222222222222222,4.006221451285104,5.41005863684171,6.006790503306101
15.862068965517242,3.7931040689655178,0.3333333333333333,3.9624441677835716,5.3988339246682635,5.995206861511934
15.862068965517242,3.7931040689655178,0.4444444444444444,3.9205612319053453,5.388306984919128,5.983763966153412
15.862068965517242,3.7931040689655178,0.5555555555555556,3.8803089183415165,5.378391223249403,5.972477836925058
15.862068965517242,3.7931040689655178,0.6666666666666666,3.841473798303985,5.369015654623743,5.96135740269064
15.862068965517242,3.7931040689655178,0.7777777777777777,3.8038803529269325,5.360121283108386,5.950406903806717
15.862068965517242,3.7931040689655178,0.8888888888888888,3.7673822091852114,5.351658488784398,5.939627454336037
15.862068965517242,3.7931040689655178,1.0,3.731855790380619,5.343585100059744,5.929018078532143
15.862068965517242,4.137931620689656,0.0,4.100882395300718,5.4672094059810386,6.009861300631639
15.862068965517242,4.137931620689656,0.1111111111111111,4.054958400533389,5.455238971405348,5.998990388392205
15.862068965517242,4.137931620689656,0.2222222222222222,4.011367215997633,5.44406904649565,5.988157560922755
15.862068965517242,4.137931620689656,0.3333333333333333,3.969758213820071,5.433592290477677,5.977403286239206
15.862068965517242,4.137931620689656,0.4444444444444444,3.9298538827086187,5.42372224017307,5.966753873202965
15.862068965517242,4.137931620689656,0.5555555555555556,3.8914304006279044,5.414388110207484,5.956226219700294
15.862068965517242,4.137931620689656,0.6666666666666666,3.8543042961939773,5.405531138724652,5.945830853676001
15.862068965517242,4.137931620689656,0.7777777777777777,3.8183230368972634,5.397101953647194,5.93557393105038
15.862068965517242,4.137931620689656,0.8888888888888888,3.783358228829264,5.389058632563119,5.925458576930979
15.862068965517242,4.137931620689656,1.0,3.749300600323902,5.381365246021266,5.915485802582836
15.862068965517242,4.482759172413794,0.0,4.100882395300718,5.495276582824161,5.991168526124609
15.862068965517242,4.482759172413794,0.1111111111111111,4.057410133156479,5.484175080181122,5.981070303387701
15.862068965517242,4.482759172413794,0.2222222222222222,4.016002104333793,5.473760687852262,5.970988425977516
15.862068965517242,4.482759172413794,0.3333333333333333,3.976367832034955,5.463947452964179,5.960959514405666
15.862068965517242,4.482759172413794,0.4444444444444444,3.93827362336346,5.4546650545193955,5.951008465073889
15.862068965517242,4.482759172413794,0.5555555555555556,3.9015283906396894,5.445855153794431,5.941152121368844
15.862068965517242,4.482759172413794,0.6666666666666666,3.865973656717959,5.437468764130852,5.931401704428871
15.862068965517242,4.482759172413794,0.7777777777777777,3.8314763431132572,5.429464313992829,5.921764458593527
15.862068965517242,4.482759172413794,0.8888888888888888,3.797923458035528,5.421806193273147,5.91224478667122
15.862068965517242,4.482759172413794,1.0,3.7652181119411865,5.414463643856309,5.902845046206175
15.862068965517242,4.827586724137932,0.0,4.100882395300718,5.520005868569634,5.97397207573353
15.862068965517242,4.827586724137932,0.1111111111111111,4.059620592942884,5.509665219966756,5.964545561840442
15.862068965517242,4.827586724137932,0.2222222222222222,4.020196349448135,5.499919006583071,5.955120652661276
15.862068965517242,4.827586724137932,0.3333333333333333,3.9823668899110154,5.490697660313022,5.94573013082177
15.862068965517242,4.827586724137932,0.4444444444444444,3.945934032546369,5.481943471038829,5.93639708557918
15.862068965517242,4.827586724137932,0.5555555555555556,3.9107337057821554,5.473607986837697,5.927137757884293
15.862068965517242,4.827586724137932,0.6666666666666666,3.8766283818060123,5.4656500974250255,5.917963480008456
15.862068965517242,4.827586724137932,0.7777777777777777,3.843501504600269,5.458034594818986,5.908882023490929
15.862068965517242,4.827586724137932,0.8888888888888888,3.811253312729636,5.450731074441877,5.899898551764037
15.862068965517242,4.827586724137932,1.0,3.7797976572307395,5.443713083701058,5.891016303388083
15.862068965517242,5.17241427586207,0.0,4.100882395300718,5.54196906693978,5.958098627137057
15.862068965517242,5.17241427586207,0.1111111111111111,4.061622902289156,5.532299320714068,5.949260629438514
15.862068965517242,5.17241427586207,0.2222222222222222,4.024008203832393,5.523147535524594,5.940414369627193
15.862068965517242,5.17241427586207,0.3333333333333333,3.9878337324800803,5.514456847421638,5.931589009462971
15.862068965517242,5.17241427586207,0.4444444444444444,3.9529303060083247,5.506179497114608,5.922805691341266
15.862068965517242,5.17241427586207,0.5555555555555556,3.919156281899763,5.498274952229365,5.9140797516905845
15.862068965517242,5.17241427586207,0.6666666666666666,3.886391772456663,5.490708494433578,5.905422269463757
15.862068965517242,5.17241427586207,0.7777777777777777,3.854534305095423,5.4834501392285215,5.896841167678685
15.862068965517242,5.17241427586207,0.8888888888888888,3.8234955156865076,5.476473798143674,5.888342008703597
15.862068965517242,5.17241427586207,1.0,3.79319859326616,5.469756620472994,5.8799285760390765
15.862068965517242,5.517241827586208,0.0,4.100882395300718,5.561612753528631,5.943400666696717
15.862068965517242,5.517241827586208,0.1111111111111111,4.063444506837344,5.552538346452021,5.935081998232717
15.862068965517242,5.517241827586208,0.2222222222222222,4.027486331709422,5.543918233858978,5.926748610272939
15.862068965517242,5.517241827586208,0.3333333333333333,3.9928341904704534,5.535705512354723,5.918426353207174
15.862068965517242,5.517241827586208,0.4444444444444444,3.9593427560093617,5.527860348092185,5.910134429895732
15.862068965517242,5.517241827586208,0.5555555555555556,3.926889114119109,5.520348602910323,5.901887125863231
15.862068965517242,5.517241827586208,0.6666666666666666,3.8953682988372207,5.51314078126228,5.8936950479514225
15.862068965517242,5.517241827586208,0.7777777777777777,3.864689886024058,5.50621121183348,5.885566024057011
15.862068965517242,5.517241827586208,0.8888888888888888,3.8347753587579416,5.499537403536064,5.877505765279809
15.862068965517242,5.517241827586208,1.0,3.805556044178443,5.49309953291515,5.86951835897597
15.862068965517242,5.862069379310346,0.0,4.100882395300718,5.579291131057559,5.929751858974477
15.862068965517242,5.862069379310346,0.1111111111111111,4.065108320218593,5.570748053703938,5.921894476971071
15.862068965517242,5.862069379310346,0.2222222222222222,4.030671661821004,5.562605834066539,5.9140183093263845
15.862068965517242,5.862069379310346,0.3333333333333333,3.997423928550665,5.554825459052422,5.9061462337376724
15.862068965517242,5.862069379310346,0.4444444444444444,3.9652395529276387,5.5473734624898094,5.898295601927307
15.862068965517242,5.862069379310346,0.5555555555555556,3.9340113462940565,5.540220907715604,5.8904795993131085
15.862068965517242,5.862069379310346,0.6666666666666666,3.903647021967013,5.533342594486005,5.882708238722697
15.862068965517242,5.862069379310346,0.7777777777777777,3.8740665011667335,5.526716433348537,5.874989095926424
15.862068965517242,5.862069379310346,0.8888888888888888,3.845199800489471,5.520322946691973,5.867327860384953
15.862068965517242,5.862069379310346,1.0,3.8169853570935643,5.5141448668063875,5.859728751977794
15.862068965517242,6.206896931034484,0.0,4.100882395300718,5.595288969422451,5.9170433772499
15.862068965517242,6.206896931034484,0.1111111111111111,4.066633606943394,5.587222586260649,5.90959819347229
15.862068965517242,6.206896931034484,0.2222222222222222,4.033598834832133,5.5795118726634385,5.902131835555577
15.862068965517242,6.206896931034484,0.3333333333333333,4.001650293866111,5.5721241258679415,5.894664542627863
15.862068965517242,6.206896931034484,0.4444444444444444,3.9706788917922604,5.565031037849495,5.8872119446677775
15.862068965517242,6.206896931034484,0.5555555555555556,3.940590715323403,5.558207933303949,5.879786137003455
15.862068965517242,6.206896931034484,0.6666666666666666,3.9113042992555065,5.5516331664653125,5.872396480371153
15.862068965517242,6.206896931034484,0.7777777777777777,3.882748480248514,5.545287638710365,5.865050203285034
15.862068965517242,6.206896931034484,0.8888888888888888,3.8548606923995146,5.539154409058992,5.85775286021615
15.862068965517242,6.206896931034484,1.0,3.8275856004415996,5.53321837688179,5.850508683370773
15.862068965517242,6.551724482758622,0.0,4.100882395300718,5.60983797862376,5.905180970682113
15.862068965517242,6.551724482758622,0.1111111111111111,4.068036669724861,5.602201330739531,5.898106157966286
15.862068965517242,6.551724482758622,0.2222222222222222,4.036297343373461,5.5948818739356385,5.891008956784822
15.862068965517242,6.551724482758622,0.3333333333333333,4.005553782693528,5.587851997190241,5.883907280399096
15.862068965517242,6.551724482758622,0.4444444444444444,3.9757107181112743,5.5810876030685845,5.876815183393721
15.862068965517242,6.551724482758622,0.5555555555555556,3.9466855013572575,5.574567530902584,5.86974371570201
15.862068965517242,6.551724482758622,0.6666666666666666,3.918405942934654,5.568273093765211,5.862701569314595
15.862068965517242,6.551724482758622,0.7777777777777777,3.8908085903594545,5.562187703463217,5.855695572794844
15.862068965517242,6.551724482758622,0.8888888888888888,3.863837344703595,5.556296564267579,5.848731072849581
15.862068965517242,6.551724482758622,1.0,3.8374423393464845,5.550586420818301,5.841812231221601
15.862068965517242,6.8965520344827596,0.0,4.100882395300718,5.623128722529962,5.894082601503748
15.862068965517242,6.8965520344827596,0.1111111111111111,4.069331389277969,5.615881191362458,5.887342270914422
15.862068965517242,6.8965520344827596,0.2222222222222222,4.03879243699816,5.608917875145374,5.880579154504066
15.862068965517242,6.8965520344827596,0.3333333333333333,4.0091692127456575,5.602215305441077,5.873809123614603
15.862068965517242,6.8965520344827596,0.4444444444444444,3.980378112908124,5.595752846808868,5.8670448066294885
15.862068965517242,6.8965520344827596,0.5555555555555556,3.952346095848277,5.589512255801805,5.860296271687935
15.862068965517242,6.8965520344827596,0.6666666666666666,3.925008956097158,5.583477322397199,5.853571551651182
15.862068965517242,6.8965520344827596,0.7777777777777777,3.898309933812346,5.577633576193525,5.846877051244005
15.862068965517242,6.8965520344827596,0.8888888888888888,3.872198585289413,5.571968043908499,5.840217865357087
15.862068965517242,6.8965520344827596,1.0,3.846629858470493,5.566469047833865,5.833598029761644
15.862068965517242,7.2413795862068975,0.0,4.100882395300718,5.6353194377310665,5.883676527240553
15.862068965517242,7.2413795862068975,0.1111111111111111,4.070529651780842,5.628425682390975,5.877239685044949
17.56896551724138,0.689656103448276,0.4444444444444444,3.850086878828455,4.403110267112293,6.320086705504158
17.56896551724138,0.689656103448276,0.5555555555555556,3.7771994154843744,4.376895953894343,6.291539457378273
17.56896551724138,0.689656103448276,0.6666666666666666,3.7085627334750715,4.35376754828442,6.26474070708686
17.56896551724138,0.689656103448276,0.7777777777777777,3.6432300262379838,4.33310697172448,6.239414995978809
17.56896551724138,0.689656103448276,0.8888888888888888,3.580520981787926,4.314469721305726,6.215352134684977
17.56896551724138,0.689656103448276,1.0,3.519927678553016,4.297524240234794,6.1923873902823985
17.56896551724138,1.034483655172414,0.0,4.230025308986138,4.863895902209589,6.398771783626802
17.56896551724138,1.034483655172414,0.1111111111111111,4.125190231771755,4.818945685039847,6.365203675626589
17.56896551724138,1.034483655172414,0.2222222222222222,4.03559395325607,4.782835922145716,6.334353456672816
17.56896551724138,1.034483655172414,0.3333333333333333,3.955733926727499,4.752560258707396,6.305732030503446
17.56896551724138,1.034483655172414,0.4444444444444444,3.882688777259902,4.726471347628616,6.278954418081441
17.56896551724138,1.034483655172414,0.5555555555555556,3.8146918718072227,4.703554418434136,6.253727173014461
17.56896551724138,1.034483655172414,0.6666666666666666,3.750580563117519,4.683134232531636,6.229824211939369
17.56896551724138,1.034483655172414,0.7777777777777777,3.6895423989640936,4.664736008532765,6.207068145011347
17.56896551724138,1.034483655172414,0.8888888888888888,3.6309835362898832,4.648011747486054,6.185317204117303
17.56896551724138,1.034483655172414,1.0,3.574454460777514,4.632697944270537,6.164456169840334
17.56896551724138,1.3793112068965518,0.0,4.230025308986138,5.048081069744512,6.344244916537918
17.56896551724138,1.3793112068965518,0.1111111111111111,4.135385258636946,5.0104797411100765,6.316473166657704
17.56896551724138,1.3793112068965518,0.2222222222222222,4.0529837342379595,4.979399186525264,6.290228339138777
17.56896551724138,1.3793112068965518,0.3333333333333333,3.9788138627551084,4.952840266189247,6.265408218632861
17.56896551724138,1.3793112068965518,0.4444444444444444,3.9105970539752417,4.929630685692131,6.24185988631888
17.56896551724138,1.3793112068965518,0.5555555555555556,3.846894856858702,4.909015632697691,6.219437165525627
17.56896551724138,1.3793112068965518,0.6666666666666666,3.786732197687299,4.890476775793234,6.198012434701325
17.56896551724138,1.3793112068965518,0.7777777777777777,3.7294128232958883,4.873640922428246,6.177477030193477
17.56896551724138,1.3793112068965518,0.8888888888888888,3.6744193622089596,4.858229422367674,6.157738875056726
17.56896551724138,1.3793112068965518,1.0,3.6213550281927294,4.844028116509437,6.138719739163272
17.56896551724138,1.7241387586206898,0.0,4.230025308986138,5.1764218361472665,6.29695728540626
17.56896551724138,1.7241387586206898,0.1111111111111111,4.143915764627227,5.1442452606282565,6.273524287693365
17.56896551724138,1.7241387586206898,0.2222222222222222,4.067774454080974,5.117014702148522,6.250905828880782
17.56896551724138,1.7241387586206898,0.3333333333333333,3.9986345004460375,5.093359669453293,6.2291791980130204
17.56896551724138,1.7241387586206898,0.4444444444444444,3.934706189129291,5.072428608235676,6.2083198284238446
17.56896551724138,1.7241387586206898,0.5555555555555556,3.8748149238788065,5.053651091495592,6.188271760750168
17.56896551724138,1.7241387586206898,0.6666666666666666,3.818142230733931,5.036623884132393,6.168971963335614
17.56896551724138,1.7241387586206898,0.7777777777777777,3.7640915403170814,5.02105012937553,6.150359147773388
17.56896551724138,1.7241387586206898,0.8888888888888888,3.7122124571999415,5.006704224552104,6.132376810872139
17.56896551724138,1.7241387586206898,1.0,3.662155169815105,4.993410268999866,6.114974007083169
17.56896551724138,2.068966310344828,0.0,4.230025308986138,5.271928043256609,6.255560271818234
17.56896551724138,2.068966310344828,0.1111111111111111,4.151134916197303,5.243938573789748,6.235443158324828
17.56896551724138,2.068966310344828,0.2222222222222222,4.080469973993318,5.219784782683254,6.215712524237556
17.56896551724138,2.068966310344828,0.3333333333333333,4.015798078607304,5.1985030398102845,6.196520518161059
17.56896551724138,2.068966310344828,0.4444444444444444,3.9557024197633046,5.179464165331737,6.177910255354605
17.56896551724138,2.068966310344828,0.5555555555555556,3.899220071510061,5.162231577555897,6.159879399090644
17.56896551724138,2.068966310344828,0.6666666666666666,3.845662716886143,5.146488373275023,6.1424063557857655
17.56896551724138,2.068966310344828,0.7777777777777777,3.7945188260354175,5.131996371169036,6.125461920433968
17.56896551724138,2.068966310344828,0.8888888888888888,3.74539628871506,5.118571517461123,6.109014683022987
17.56896551724138,2.068966310344828,1.0,3.697986823859281,5.1060683231162765,6.0930335699086635
17.56896551724138,2.413793862068966,0.0,4.230025308986138,5.3461911743929535,6.21901818198281
17.56896551724138,2.413793862068966,0.1111111111111111,4.1573076258751795,5.321526644144634,6.20148411054527
17.56896551724138,2.413793862068966,0.2222222222222222,4.091458966119715,5.29989300921249,6.184079684199003
17.56896551724138,2.413793862068966,0.3333333333333333,4.030773725504353,5.280597490512901,6.166979962915801
17.56896551724138,2.413793862068966,0.4444444444444444,3.974120922827524,5.263168066062026,6.150260754861551
17.56896551724138,2.413793862068966,0.5555555555555556,3.920707433782387,5.247266782921398,6.133950202617042
17.56896551724138,2.413793862068966,0.6666666666666666,3.86995285576159,5.232642347734358,6.118052543794335
17.56896551724138,2.413793862068966,0.7777777777777777,3.821417938132416,5.219102237478861,6.102559850296142
17.56896551724138,2.413793862068966,0.8888888888888888,3.774761070087666,5.20649533749907,6.087458123850633
17.56896551724138,2.413793862068966,1.0,3.7297105045922945,5.194700632315542,6.072730569554188
17.56896551724138,2.758621413793104,0.0,4.230025308986138,5.4057985432408575,6.186523433362071
17.56896551724138,2.758621413793104,0.1111111111111111,4.162635214198892,5.383830100267772,6.171037048392153
17.56896551724138,2.758621413793104,0.2222222222222222,4.101044526437052,5.364295987700166,6.155527791987326
17.56896551724138,2.758621413793104,0.3333333333333333,4.043931248515501,5.3466881326139015,6.140168764610458
17.56896551724138,2.758621413793104,0.4444444444444444,3.9903848440933376,5.3306473958378655,6.125048661392035
17.56896551724138,2.758621413793104,0.5555555555555556,3.9397486259354375,5.3159093872105085,6.110211677734605
17.56896551724138,2.758621413793104,0.6666666666666666,3.8915315904728,5.302273167833439,6.095677495698462
17.56896551724138,2.758621413793104,0.7777777777777777,3.8453557868255466,5.2895820498560555,6.0814519174831805
17.56896551724138,2.758621413793104,0.8888888888888888,3.8009232292403037,5.277711239903003,6.0675327891849005
17.56896551724138,2.758621413793104,1.0,3.757994199556259,5.266559568457925,6.053913418732687
17.56896551724138,3.103448965517242,0.0,4.230025308986138,5.454812970927876,6.157437550372107
17.56896551724138,3.103448965517242,0.1111111111111111,4.167272611538237,5.435067449774306,6.14360062396303
17.56896551724138,3.103448965517242,0.2222222222222222,4.10946544562113,5.417305441663769,6.129652438017402
17.56896551724138,3.103448965517242,0.3333333333333333,4.0555652546934295,5.401147561520829,6.115753126612796
17.56896551724138,3.103448965517242,0.4444444444444444,4.004832720201988,5.386316949720344,6.101993373210106
17.56896551724138,3.103448965517242,0.5555555555555556,3.9567210989566655,5.372604680754726,6.088424586044871
17.56896551724138,3.103448965517242,0.6666666666666666,3.910813482638903,5.359848792557167,6.075075069504013
17.56896551724138,3.103448965517242,0.7777777777777777,3.866783858843757,5.347920923583066,6.061959145080395
17.56896551724138,3.103448965517242,0.8888888888888888,3.8243718607564343,5.336717444941659,6.04908250901681
17.56896551724138,3.103448965517242,1.0,3.7833657851610787,5.326153372684519,6.03644548353764
17.56896551724138,3.44827651724138,0.0,4.2300253089861375,5.495894377414986,6.1312493827669075
17.56896551724138,3.44827651724138,0.1111111111111111,4.171340486839106,5.47800733114191,6.118760677485385
17.56896551724138,3.44827651724138,0.2222222222222222,4.116911679830536,5.461757298566209,6.1061119710545855
17.56896551724138,3.44827651724138,0.3333333333333333,4.065912697314374,5.446856308981867,6.093446433300789
17.56896551724138,3.44827651724138,0.4444444444444444,4.017738210688592,5.433088299511929,6.08085101946557
17.56896551724138,3.44827651724138,0.5555555555555556,3.9719304079051643,5.42028659026023,6.068379057954497
17.56896551724138,3.44827651724138,0.6666666666666666,3.9281338828485524,5.408319629370861,6.0560630621454115
17.56896551724138,3.44827651724138,0.7777777777777777,3.88606663178816,5.397081591549765,6.0439223165650855
17.56896551724138,3.44827651724138,0.8888888888888888,3.84550069992322,5.386485959834965,6.031967530262543
17.56896551724138,3.44827651724138,1.0,3.806248853623731,5.376461015025931,6.0202037754443145
17.56896551724138,3.7931040689655178,0.0,4.2300253089861375,5.53086561968706,6.107545024309927
17.56896551724138,3.7931040689655178,0.1111111111111111,4.174933897134163,5.514551011198368,6.096173102912061
17.56896551724138,3.7931040689655178,0.2222222222222222,4.123535728196798,5.499603037955441,6.084616984483643
17.56896551724138,3.7931040689655178,0.3333333333333333,4.075165839727929,5.485799825800386,6.073002319202161
17.56896551724138,3.7931040689655178,0.4444444444444444,4.029324579529393,5.472970814128249,6.061409598348186
17.56896551724138,3.7931040689655178,0.5555555555555556,3.985626388648552,5.460981813202591,6.049891010321037
17.56896551724138,3.7931040689655178,0.6666666666666666,3.9437670258044477,5.4497251786602945,6.038480477570923
17.56896551724138,3.7931040689655178,0.7777777777777777,3.903501808390219,5.4391131257022725,6.027199853041771
17.56896551724138,3.7931040689655178,0.8888888888888888,3.8646307049246373,5.429073045011989,6.016062863788377
17.56896551724138,3.7931040689655178,1.0,3.826987840188293,5.419544137057503,6.0050776864398285
17.56896551724138,4.137931620689656,0.0,4.230025308986138,5.5610220138729245,6.085985817481221
17.56896551724138,4.137931620689656,0.1111111111111111,4.178128527705049,5.546051776040313,6.075550295330804
17.56896551724138,4.137931620689656,0.2222222222222222,4.129461085867079,5.532234300552945,6.064921512377561
17.56896551724138,4.137931620689656,0.3333333333333333,4.083481959942918,5.519396286288716,6.054208634611247
17.56896551724138,4.137931620689656,0.4444444444444444,4.039775500605659,5.50740164171031,6.043484638432959
17.56896551724138,4.137931620689656,0.5555555555555556,3.9980151372463415,5.496141397757192,6.03279890298967
17.56896551724138,4.137931620689656,0.6666666666666666,3.9579393147931925,5.485526844282601,6.022185031635859
17.56896551724138,4.137931620689656,0.7777777777777777,3.9193350471916784,5.475484725315754,6.011665859934045
17.56896551724138,4.137931620689656,0.8888888888888888,3.8820263725485624,5.465953791437895,6.001256747207231
17.56896551724138,4.137931620689656,1.0,3.8458660567884673,5.4568822715009455,5.990967789475432
17.56896551724138,4.482759172413794,0.0,4.2300253089861375,5.587311596713159,6.066292037851996
17.56896551724138,4.482759172413794,0.1111111111111111,4.1809852462771095,5.573501392162474,6.056650439215963
17.56896551724138,4.482759172413794,0.2222222222222222,4.1347885850916715,5.56067267365858,6.046815730183708
17.56896551724138,4.482759172413794,0.3333333333333333,4.090990698833953,5.5486883728326335,6.036882267378673
17.56896551724138,4.482759172413794,0.4444444444444444,4.049243234541304,5.537438808311608,6.0269153865394225
17.56896551724138,4.482759172413794,0.5555555555555556,4.009268027642705,5.526834764144492,6.01696084368087
14.155172413793103,9.655172448275863,0.8888888888888888,3.7879469047578302,5.5816464950339455,5.702123069465248
14.155172413793103,9.655172448275863,1.0,3.7691039464122964,5.578108773002172,5.697320408618375
14.155172413793103,10.0,0.0,3.9494631400807685,5.619988335192333,5.734977223439936
14.155172413793103,10.0,0.1111111111111111,3.928663327324636,5.6159512231730915,5.730164941440746
14.155172413793103,10.0,0.2222222222222222,3.908234049655515,5.612002237964285,5.725366711405557
14.155172413793103,10.0,0.3333333333333333,3.888153126160482,5.608137001659479,5.720584723253369
14.155172413793103,10.0,0.4444444444444444,3.8684001700029653,5.604351461347401,5.715820833656784
14.155172413793103,10.0,0.5555555555555556,3.848956395843234,5.600641857538237,5.711076612925297
14.155172413793103,10.0,0.6666666666666666,3.8298044520815986,5.597004696326512,5.706353384754411
14.155172413793103,10.0,0.7777777777777777,3.810928274239557,5.5934367247767804,5.701652260031961
14.155172413793103,10.0,0.8888888888888888,3.7923129564032734,5.58993490909767,5.696974165676254
14.155172413793103,10.0,1.0,3.773944638153742,5.586496415235683,5.692319869306428
15.862068965517242,1e-06,0.0,4.100882395300718,3.045748008128697,6.500385383786219
15.862068965517242,1e-06,0.1111111111111111,3.9725215660503195,3.0457484496532814,6.444559203821985
15.862068965517242,1e-06,0.2222222222222222,3.8655660386719037,3.0457487668134298,6.397938978051029
15.862068965517242,1e-06,0.3333333333333333,3.7707829017012156,3.0456955022350725,6.357112362121178
15.862068965517242,1e-06,0.4444444444444444,3.683890335793479,3.045749189007967,6.32037212454932
15.862068965517242,1e-06,0.5555555555555556,3.602484787955235,3.045749377097631,6.286713218563119
15.862068965517242,1e-06,0.6666666666666666,3.525055399853561,3.045749517468805,6.255483436864635
15.862068965517242,1e-06,0.7777777777777777,3.4505777055122815,3.0457472678549857,6.226230742657402
15.862068965517242,1e-06,0.8888888888888888,3.378318691785421,3.04574974445227,6.198626496345232
15.862068965517242,1e-06,1.0,3.3077333571245573,3.0457493077241606,6.172422913395265
15.862068965517242,0.34482855172413795,0.0,4.100882395300718,3.7797463880049103,6.421974489638263
15.862068965517242,0.34482855172413795,0.1111111111111111,3.9879398482120303,3.721803753704116,6.377420004703668
15.862068965517242,0.34482855172413795,0.2222222222222222,3.891498466044054,3.676016913082355,6.338589863197447
15.862068965517242,0.34482855172413795,0.3333333333333333,3.80515301140886,3.6380405935125415,6.303715089317118
15.862068965517242,0.34482855172413795,0.4444444444444444,3.7256526937289784,3.6055958663649115,6.271794704442761
15.862068965517242,0.34482855172413795,0.5555555555555556,3.6510779782785274,3.5773147115301542,6.242192673625048
15.862068965517242,0.34482855172413795,0.6666666666666666,3.580182116897291,3.5523019316710185,6.214473618383091
15.862068965517242,0.34482855172413795,0.7777777777777777,3.5120997892977095,3.5299351883257293,6.188323472876474
15.862068965517242,0.34482855172413795,0.8888888888888888,3.4462002254934254,3.5097618964273334,6.16350663751411
15.862068965517242,0.34482855172413795,1.0,3.382006094627183,3.4914412084707154,6.139840910775953
15.862068965517242,0.689656103448276,0.0,4.100882395300718,4.423586561848898,6.3555982051897715
15.862068965517242,0.689656103448276,0.1111111111111111,4.000364512811756,4.382404865113776,6.3191767540992085
15.862068965517242,0.689656103448276,0.2222222222222222,3.912793565045624,4.3489329760609765,6.286379005805402
15.862068965517242,0.689656103448276,0.3333333333333333,3.833637626684895,4.320675795371376,6.256299572383164
15.862068965517242,0.689656103448276,0.4444444444444444,3.760413025650383,4.296223792918768,6.228361677292645
15.862068965517242,0.689656103448276,0.5555555555555556,3.691583834084195,4.274690736769481,6.202169456650147
15.862068965517242,0.689656103448276,0.6666666666666666,3.6261211232751918,4.255477974944734,6.177436585883206
15.862068965517242,0.689656103448276,0.7777777777777777,3.5632947834653845,4.23815960769076,6.153947714888749
15.862068965517242,0.689656103448276,0.8888888888888888,3.502563615346369,4.222420471642717,6.131535884149265
15.862068965517242,0.689656103448276,1.0,3.4435124317019303,4.2080200055384775,6.11006846713124
15.862068965517242,1.034483655172414,0.0,4.100882395300718,4.732712926801061,6.2987121217115245
15.862068965517242,1.034483655172414,0.1111111111111111,4.010534135590443,4.699315798203517,6.268306051247498
15.862068965517242,1.034483655172414,0.2222222222222222,3.930513297689025,4.671435491695041,6.240229495163339
15.862068965517242,1.034483655172414,0.3333333333333333,3.857550866615866,4.647461191849311,6.2140346127836565
15.862068965517242,1.034483655172414,0.4444444444444444,3.789734028840428,4.626422855708587,6.189397999461845
15.862068965517242,1.034483655172414,0.5555555555555556,3.7258294227801048,4.6076840786199105,6.1660786431360695
15.862068965517242,1.034483655172414,0.6666666666666666,3.6649865476720813,4.590801608577725,6.143891630846322
15.862068965517242,1.034483655172414,0.7777777777777777,3.6065890279777215,4.575452712854329,6.122691527760227
15.862068965517242,1.034483655172414,0.8888888888888888,3.550172610222392,4.561394195043858,6.102361533473464
15.862068965517242,1.034483655172414,1.0,3.4953766415351923,4.548437694752003,6.082806170925905
15.862068965517242,1.3793112068965518,0.0,4.100882395300718,4.925495047702475,6.249430750828018
15.862068965517242,1.3793112068965518,0.1111111111111111,4.018975720895723,4.897272132232928,6.223576391857957
15.862068965517242,1.3793112068965518,0.2222222222222222,3.945433572679233,4.873176046762905,6.199238319388206
15.862068965517242,1.3793112068965518,0.3333333333333333,3.8778537653469853,4.8521173455623,6.1762120005414864
15.862068965517242,1.3793112068965518,0.4444444444444444,3.8147497664251753,4.8334032377603275,6.1543246042402835
15.862068965517242,1.3793112068965518,0.5555555555555556,3.755126447300623,4.816561644324209,6.1334341852595005
15.862068965517242,1.3793112068965518,0.6666666666666666,3.69827892865024,4.8012543848844755,6.113424240838805
15.862068965517242,1.3793112068965518,0.7777777777777777,3.6436860439332066,4.787229807477355,6.0941984334780335
15.862068965517242,1.3793112068965518,0.8888888888888888,3.5909491744892295,4.774294951595626,6.0756763189062015
15.862068965517242,1.3793112068965518,1.0,3.539754900046699,4.76229822476421,6.057790046044116
15.862068965517242,1.7241387586206898,0.0,4.100882395300718,5.06020143998648,6.206331180945867
15.862068965517242,1.7241387586206898,0.1111111111111111,4.026071883387908,5.035802080766983,6.183993426398968
15.862068965517242,1.7241387586206898,0.2222222222222222,3.9581313632896813,5.014578039924443,6.162651607945168
15.862068965517242,1.7241387586206898,0.3333333333333333,3.895264353562778,4.995768934753791,6.142230051732134
15.862068965517242,1.7241387586206898,0.4444444444444444,3.836304477913813,4.978868213940329,6.122644794898144
15.862068965517242,1.7241387586206898,0.5555555555555556,3.780444306554455,4.96351890590933,6.103816781673394
15.862068965517242,1.7241387586206898,0.6666666666666666,3.727097620127859,4.949458664922189,6.085675298180152
15.862068965517242,1.7241387586206898,0.7777777777777777,3.6758227525038674,4.936488291556039,6.0681582250980695
15.862068965517242,1.7241387586206898,0.8888888888888888,3.626276893057348,4.92445252491634,6.0512112812612076
15.862068965517242,1.7241387586206898,1.0,3.5781873403830424,4.913227726850943,6.0347870214049255
15.862068965517242,2.068966310344828,0.0,4.100882395300718,5.1607378080967825,6.168321520311795
15.862068965517242,2.068966310344828,0.1111111111111111,4.032105030840166,5.139307759067245,6.148752470252302
15.862068965517242,2.068966310344828,0.2222222222222222,3.9690424031504983,5.120374347328256,6.129840953516566
15.862068965517242,2.068966310344828,0.3333333333333333,3.910328707492791,5.103393255409981,6.111578394804482
15.862068965517242,2.068966310344828,0.4444444444444444,3.8550397763886326,5.0879871207877905,6.093932678460291
15.862068965517242,2.068966310344828,0.5555555555555556,3.802516426320652,5.0738819831368165,6.07686429776
15.862068965517242,2.068966310344828,0.6666666666666666,3.7522691347454686,5.060871789435458,6.060332935574423
15.862068965517242,2.068966310344828,0.7777777777777777,3.70392255097046,5.0487971507486895,6.044300145415949
15.862068965517242,2.068966310344828,0.8888888888888888,3.6571812449067567,5.03753192590174,6.028730347518393
15.862068965517242,2.068966310344828,1.0,3.611807553107233,5.026974373558701,6.013591076532766
15.862068965517242,2.413793862068966,0.0,4.100882395300718,5.23912638729722,6.134551060815411
15.862068965517242,2.413793862068966,0.1111111111111111,4.037286884432834,5.220072996701873,6.117199475252815
15.862068965517242,2.413793862068966,0.2222222222222222,3.9785003822409934,5.20301813898683,6.100282197576362
15.862068965517242,2.413793862068966,0.3333333333333333,3.9234684717775847,5.1875636086285235,6.083824212700548
15.862068965517242,2.413793862068966,0.4444444444444444,3.871451739492442,5.173423691638062,6.067823043407005
15.862068965517242,2.413793862068966,0.5555555555555556,3.8219085315583743,5.1603854282033295,6.052263725902104
15.862068965517242,2.413793862068966,0.6666666666666666,3.7744282321426184,5.148285262555299,6.037125921920832
15.862068965517242,2.413793862068966,0.7777777777777777,3.728690813397138,5.136994506027863,6.022387430315539
15.862068965517242,2.413793862068966,0.8888888888888888,3.684441052650569,5.126409860949267,6.008025947470436
15.862068965517242,2.413793862068966,1.0,3.6414714149804293,5.116447007253711,5.9940199381760015
15.862068965517242,2.758621413793104,0.0,4.100882395300718,5.302200862524751,6.104347789579788
15.862068965517242,2.758621413793104,0.1111111111111111,4.041778511550786,5.285090977762744,6.088799853413136
15.862068965517242,2.758621413793104,0.2222222222222222,3.9867641253933916,5.269605727820264,6.073537187780446
15.862068965517242,2.758621413793104,0.3333333333333333,3.935013562085741,5.255448158393415,6.05860011501771
15.862068965517242,2.758621413793104,0.4444444444444444,3.885929576407844,5.242398771673129,6.044002489837223
15.862068965517242,2.758621413793104,0.5555555555555556,3.839064133918374,5.230290097962433,6.029744271782423
15.862068965517242,2.758621413793104,0.6666666666666666,3.7940711615086755,5.218991069427701,6.0158180789624955
15.862068965517242,2.758621413793104,0.7777777777777777,3.75067683116158,5.208396939881715,6.002212749205991
15.862068965517242,2.758621413793104,0.8888888888888888,3.7086600510156296,5.1984225207548125,5.988915330615074
15.862068965517242,2.758621413793104,1.0,3.667839194632499,5.188997491499306,5.97591221231922
15.862068965517242,3.103448965517242,0.0,4.100882395300718,5.354180938116985,6.077174153385073
15.862068965517242,3.103448965517242,0.1111111111111111,4.045704130095057,5.338687003790328,6.063113929669401
15.862068965517242,3.103448965517242,0.2222222222222222,3.9940367659595313,5.324531687552048,6.049238489210511
15.862068965517242,3.103448965517242,0.3333333333333333,3.945225194294691,5.311489708070872,6.03559367047453
15.862068965517242,3.103448965517242,0.4444444444444444,3.8987825561984653,5.299390179850334,6.022201718826879
15.862068965517242,3.103448965517242,0.5555555555555556,3.8543357927235418,5.288099990273261,6.009071371808695
15.862068965517242,3.103448965517242,0.6666666666666666,3.811591790277082,5.277513171644288,5.9962034874880565
15.862068965517242,3.103448965517242,0.7777777777777777,3.77031537012401,5.267543822039588,5.983594307599509
15.862068965517242,3.103448965517242,0.8888888888888888,3.730314440927733,5.258121227475608,5.971237405162057
15.862068965517242,3.103448965517242,1.0,3.691429668093508,5.249186403705856,5.959124872012566
17.56896551724138,4.482759172413794,0.6666666666666666,3.970839252388315,5.516802633459449,6.007050900552792
17.56896551724138,4.482759172413794,0.7777777777777777,3.9337708955905977,5.507280929986573,5.997208348692302
17.56896551724138,4.482759172413794,0.8888888888888888,3.8979077649829814,5.498217729206695,5.987449230826716
17.56896551724138,4.482759172413794,1.0,3.863118902851095,5.48956875621471,5.977784717998697
17.56896551724138,4.827586724137932,0.0,4.2300253089861375,5.610445502664522,6.048230629218221
17.56896551724138,4.827586724137932,0.1111111111111111,4.183553464591248,5.597644546552232,6.03926902667937
17.56896551724138,4.827586724137932,0.2222222222222222,4.139601196013422,5.585686364114193,6.030119936171298
17.56896551724138,4.827586724137932,0.3333333333333333,4.097799681103366,5.5744612896706025,6.020864741650811
17.56896551724138,4.827586724137932,0.4444444444444444,4.0578548921991295,5.563880095696047,6.011561495171284
17.56896551724138,4.827586724137932,0.5555555555555556,4.019528596555403,5.553869169998462,6.002252032042398
17.56896551724138,4.827586724137932,0.6666666666666666,3.9826249817872648,5.544367037256554,5.9929667096823005
17.56896551724138,4.827586724137932,0.7777777777777777,3.9469810419526667,5.535321800883981,5.983727632489572
17.56896551724138,4.827586724137932,0.8888888888888888,3.9124595331576333,5.526689228216435,5.974550889168083
17.56896551724138,4.827586724137932,1.0,3.878943721136435,5.518431294161156,5.965448131904723
17.56896551724138,5.17241427586207,0.0,4.230025308986138,5.6309683852159855,6.031605869312545
17.56896551724138,5.17241427586207,0.1111111111111111,4.1858736470503475,5.619052017934646,6.023232118533393
17.56896551724138,5.17241427586207,0.2222222222222222,4.14396769359856,5.607864926322606,6.014679601387809
17.56896551724138,5.17241427586207,0.3333333333333333,4.103998855032362,5.597318434907111,6.00601849954787
17.56896551724138,5.17241427586207,0.4444444444444444,4.065717284227919,5.587339318101681,5.997300166322527
17.56896551724138,5.17241427586207,0.5555555555555556,4.028917865151256,5.577866391087477,5.988562521622564
17.56896551724138,5.17241427586207,0.6666666666666666,3.9934300926909283,5.568847989018621,5.979833751315923
17.56896551724138,5.17241427586207,0.7777777777777777,3.9591106374154705,5.560240072971881,5.971134890350578
17.56896551724138,5.17241427586207,0.8888888888888888,3.9258377935899587,5.552004785512522,5.96248165656333
17.56896551724138,5.17241427586207,1.0,3.8935072707202125,5.544109333978565,5.953885772240259
17.56896551724138,5.517241827586208,0.0,4.230025308986138,5.649304917798452,6.016252184160155
17.56896551724138,5.517241827586208,0.1111111111111111,4.1879792027204035,5.63816908743981,6.0083909664431845
17.56896551724138,5.517241827586208,0.2222222222222222,4.147945482444219,5.627668788470928,6.000361300267091
17.56896551724138,5.517241827586208,0.3333333333333333,4.1096638718444165,5.617731614437099,5.992223770878736
17.56896551724138,5.517241827586208,0.4444444444444444,4.072920711957419,5.608296978645269,5.98402370165575
17.56896551724138,5.517241827586208,0.5555555555555556,4.037538497325734,5.599313671621626,5.975795271940422
17.56896551724138,5.517241827586208,0.6666666666666666,4.003368145352364,5.590738013896768,5.967564415154768
17.56896551724138,5.517241827586208,0.7777777777777777,3.9702832025077464,5.5825324405683885,5.959350889935928
17.56896551724138,5.517241827586208,0.8888888888888888,3.938175442137267,5.5746644031253645,5.95116978144969
17.56896551724138,5.517241827586208,1.0,3.9069514761200512,5.5671055074203935,5.943032603985123
17.56896551724138,5.862069379310346,0.0,4.2300253089861375,5.6657914103908045,6.002028557512749
17.56896551724138,5.862069379310346,0.1111111111111111,4.189897926744651,5.655348510120492,5.994617699788411
17.56896551724138,5.862069379310346,0.2222222222222222,4.1515827907468745,5.645463040476185,5.987049361939652
17.56896551724138,5.862069379310346,0.3333333333333333,4.114858738311686,5.636075343379431,5.979375942368868
17.56896551724138,5.862069379310346,0.4444444444444444,4.079541956531603,5.627134904780438,5.971637408227444
17.56896551724138,5.862069379310346,0.5555555555555556,4.045478080493591,5.618598582337689,5.963864460187252
17.56896551724138,5.862069379310346,0.6666666666666666,4.012536233692007,5.6104292374017275,5.956080812502117
17.56896551724138,5.862069379310346,0.7777777777777777,3.980604479809813,5.60259466776055,5.948304857013292
17.56896551724138,5.862069379310346,0.8888888888888888,3.9495863111653007,5.595066766336636,5.940550892444839
17.56896551724138,5.862069379310346,1.0,3.919397907252852,5.5878208513892265,5.932830042952761
17.56896551724138,6.206896931034484,0.0,4.230025308986138,5.680697854574779,5.988814138243943
17.56896551724138,6.206896931034484,0.1111111111111111,4.191653109095158,5.670873538972398,5.9818018480050155
17.56896551724138,6.206896931034484,0.2222222222222222,4.154920387767818,5.66154106573392,5.974643109173825
17.56896551724138,6.206896931034484,0.3333333333333333,4.119637914592423,5.652650868367123,5.967383347485603
17.56896551724138,6.206896931034484,0.4444444444444444,4.085646654626361,5.6441605284195075,5.960057811521844
17.56896551724138,6.206896931034484,0.5555555555555556,4.052811736692386,5.636033474083755,5.952694022054965
17.56896551724138,6.206896931034484,0.6666666666666666,4.021017818528204,5.628237956830652,5.945313574291964
17.56896551724138,6.206896931034484,0.7777777777777777,3.9901654905089052,5.620746239757475,5.937933478475586
17.56896551724138,6.206896931034484,0.8888888888888888,3.9601684578261467,5.613533948300814,5.930567167568342
17.56896551724138,6.206896931034484,1.0,3.9309513114568215,5.60657954646193,5.923225262231361
17.56896551724138,6.551724482758622,0.0,4.2300253089861375,5.694243636032225,5.9765047572606855
17.56896551724138,6.551724482758622,0.1111111111111111,4.193264395268392,5.684974356125027,5.969847521214542
17.56896551724138,6.551724482758622,0.2222222222222222,4.157992938471777,5.676141431138563,5.96305457578743
17.56896551724138,6.551724482758622,0.3333333333333333,4.124047985143403,5.667703358901968,5.956165408460961
17.56896551724138,6.551724482758622,0.4444444444444444,4.091291200534626,5.659624279580247,5.9492111318766225
17.56896551724138,6.551724482758622,0.5555555555555556,4.059604217207025,5.6518730093277725,5.942216392725145
17.56896551724138,6.551724482758622,0.6666666666666666,4.028884999910262,5.644422267394282,5.935200803386773
17.56896551724138,6.551724482758622,0.7777777777777777,3.9990449819890563,5.637248053763514,5.928180025512754
17.56896551724138,6.551724482758622,0.8888888888888888,3.970006790957911,5.630329144469786,5.921166597543194
17.56896551724138,6.551724482758622,1.0,3.9417024271914944,5.623646679451771,5.9141705721333535
17.56896551724138,6.8965520344827596,0.0,4.2300253089861375,5.706608952140747,5.96501014196147
17.56896551724138,6.8965520344827596,0.1111111111111111,4.194748460238917,5.697840025575272,5.958671111959245
17.56896551724138,6.8965520344827596,0.2222222222222222,4.160830079743722,5.689460190480019,5.952206613736
17.56896551724138,6.8965520344827596,0.3333333333333333,4.12812899858299,5.681434445986306,5.945651072292203
17.56896551724138,6.8965520344827596,0.4444444444444444,4.096524279484284,5.673732285713461,5.939031985382652
17.56896551724138,6.8965520344827596,0.5555555555555556,4.065911595108786,5.666326972620364,5.932371421440832
17.56896551724138,6.8965520344827596,0.6666666666666666,4.036200353891131,5.659194949959864,5.925687162642377
17.56896551724138,6.8965520344827596,0.7777777777777777,4.0073114043055575,5.652315360287936,5.9189935839049985
17.56896551724138,6.8965520344827596,0.8888888888888888,3.979175188474785,5.645669650468913,5.912302334024146
17.56896551724138,6.8965520344827596,1.0,3.951730246742193,5.639241245397395,5.905622867440762
17.56896551724138,7.2413795862068975,0.0,4.230025308986138,5.717943252237755,5.954251670758945
17.56896551724138,7.2413795862068975,0.1111111111111111,4.196119540540466,5.70962733701809,5.948199411524779
17.56896551724138,7.2413795862068975,0.2222222222222222,4.163457281347471,5.70165999916966,5.942031317990261
17.56896551724138,7.2413795862068975,0.3333333333333333,4.131915548998005,5.694011522300946,5.93577749174949
17.56896551724138,7.2413795862068975,0.4444444444444444,4.101388111622339,5.6866558007918275,5.9294622753909625
17.56896551724138,7.2413795862068975,0.5555555555555556,4.071782642087157,5.679569790220962,5.923105435837487
17.56896551724138,7.2413795862068975,0.6666666666666666,4.043018427872627,5.672733054550555,5.916723081719849
17.56896551724138,7.2413795862068975,0.7777777777777777,4.015024518455561,5.666127391579631,5.910328379154113
17.56896551724138,7.2413795862068975,0.8888888888888888,3.9877382179699414,5.659736521739466,5.903932113888258
17.56896551724138,7.2413795862068975,1.0,3.9611038514430303,5.6535458282720255,5.89754313566015
17.56896551724138,7.586207137931035,0.0,4.230025308986138,5.728371573406908,5.944160549458182
17.56896551724138,7.586207137931035,0.1111111111111111,4.197389857619528,5.720467449515503,5.938368057823845
17.56896551724138,7.586207137931035,0.2222222222222222,4.165896539254693,5.712876969215317,5.932468711130635
17.56896551724138,7.586207137931035,0.3333333333333333,4.135437653930126,5.705574744641008,5.926488910514881
17.56896551724138,7.586207137931035,0.4444444444444444,4.1059194673638615,5.698538311997626,5.920450245519713
17.56896551724138,7.586207137931035,0.5555555555555556,4.07725995545961,5.691747711143113,5.914370435025076
17.56896551724138,7.586207137931035,0.6666666666666666,4.049386966019878,5.685185134634861,5.908264067291144
17.56896551724138,7.586207137931035,0.7777777777777777,4.02223671420851,5.678834633958746,5.90214318513516
17.56896551724138,7.586207137931035,0.8888888888888888,3.995752545265933,5.6726818727684165,5.896017751234246
17.56896551724138,7.586207137931035,1.0,3.969883911812722,5.666713918804031,5.889896020188762
17.56896551724138,7.931034689655173,0.0,4.230025308986138,5.737999362635123,5.934676319901391
17.56896551724138,7.931034689655173,0.1111111111111111,4.198569957168513,5.730470951036774,5.929120249839028
17.56896551724138,7.931034689655173,0.2222222222222222,4.168166937524595,5.723225895044244,5.9234656407678665
17.56896551724138,7.931034689655173,0.3333333333333333,4.138721471434377,5.7162423778886895,5.917735718497104
17.56896551724138,7.931034689655173,0.4444444444444444,4.110150500861693,5.709500968589363,5.911949669357615
17.56896551724138,7.931034689655173,0.5555555555555556,4.082380886073531,5.7029842974904215,5.9061233931102874
17.56896551724138,7.931034689655173,0.6666666666666666,4.0553479196024975,5.696676782130052,5.900270102983898
17.56896551724138,7.931034689655173,0.7777777777777777,4.028994096905207,5.690564395229079,5.894400806012648
17.56896551724138,7.931034689655173,0.8888888888888888,4.00326809534877,5.6846344678222875,5.888524689373704
17.56896551724138,7.931034689655173,1.0,3.9781239225497727,5.678875521694486,5.882649432626262
17.56896551724138,8.275862241379311,0.0,4.230025308986138,5.746916193100679,5.925745632362244
17.56896551724138,8.275862241379311,0.1111111111111111,4.199668983016119,5.739731759565189,5.920405677492341
17.56896551724138,8.275862241379311,0.2222222222222222,4.17028510641505,5.732804286527738,5.914974851897557
17.56896551724138,8.275862241379311,0.3333333333333333,4.141789888969982,5.726114923360304,5.909473649192513
17.56896551724138,8.275862241379311,0.4444444444444444,4.114109437881339,5.7196467798008035,5.903919155849337
17.56896551724138,8.275862241379311,0.5555555555555556,4.0871783064623575,5.713384673449818,5.898325657330451
17.56896551724138,8.275862241379311,0.6666666666666666,4.060938284742458,5.707314914055685,5.892705127047278
17.56896551724138,8.275862241379311,0.7777777777777777,4.035337389066241,5.701425119065296,5.887067622241583
15.862068965517242,7.2413795862068975,0.2222222222222222,4.0411058458360305,5.621787712346113,5.8707802221344405
15.862068965517242,7.2413795862068975,0.3333333333333333,4.012526666761814,5.615385455620026,5.864312221067363
15.862068965517242,7.2413795862068975,0.4444444444444444,3.9847184120196184,5.609201142645535,5.857847028085867
15.862068965517242,7.2413795862068975,0.5555555555555556,3.957616271389531,5.603218965928153,5.851393802010196
15.862068965517242,7.2413795862068975,0.6666666666666666,3.931162939487735,5.597424800051639,5.844959942245414
15.862068965517242,7.2413795862068975,0.7777777777777777,3.9053074854780463,5.591805969782721,5.838551425053098
15.862068965517242,7.2413795862068975,0.8888888888888888,3.880004425724584,5.586351056779396,5.832173069637176
15.862068965517242,7.2413795862068975,1.0,3.855212957753559,5.581049737491436,5.825828750106048
15.862068965517242,7.586207137931035,0.0,4.100882395300718,5.646542662154446,5.873899733259241
15.862068965517242,7.586207137931035,0.1111111111111111,4.07164169002544,5.639971766506917,5.867739451288676
15.862068965517242,7.586207137931035,0.2222222222222222,4.043256363316587,5.633632009665949,5.861557094296444
15.862068965517242,7.586207137931035,0.3333333333333333,4.015652257031062,5.627506124529357,5.8553651791384675
15.862068965517242,7.586207137931035,0.4444444444444444,3.988764116564029,5.621578729134381,5.84917390463632
15.862068965517242,7.586207137931035,0.5555555555555556,3.9625342169253397,5.61583606168449,5.8429915953662785
15.862068965517242,7.586207137931035,0.6666666666666666,3.9369112393983876,5.610265760184633,5.836825052162518
15.862068965517242,7.586207137931035,0.7777777777777777,3.9118493471152975,5.604856678112426,5.830679830793035
15.862068965517242,7.586207137931035,0.8888888888888888,3.8873074195274366,5.599598729367154,5.82456046493522
15.862068965517242,7.586207137931035,1.0,3.8632484146070594,5.594482757142596,5.818470645656723
15.862068965517242,7.931034689655173,0.0,4.100882395300718,5.656910286464152,5.864696643253923
15.862068965517242,7.931034689655173,0.1111111111111111,4.072676357692837,5.650635068764207,5.858789393540419
15.862068965517242,7.931034689655173,0.2222222222222222,4.045260318518832,5.644569512131675,5.852860864930747
15.862068965517242,7.931034689655173,0.3333333333333333,4.018568748709078,5.6386986814831666,5.84692220375414
15.862068965517242,7.931034689655173,0.4444444444444444,3.992543638104891,5.633009196019906,5.840982584877754
15.862068965517242,7.931034689655173,0.5555555555555556,3.9671333869561303,5.627489021209838,5.835049572488511
15.862068965517242,7.931034689655173,0.6666666666666666,3.9422918903432644,5.622127294055467,5.829129408400916
15.862068965517242,7.931034689655173,0.7777777777777777,3.917977777645429,5.616914175586047,5.823227243809413
15.862068965517242,7.931034689655173,0.8888888888888888,3.8941537772752954,5.611840725721888,5.817347326633209
15.862068965517242,7.931034689655173,1.0,3.870786183173768,5.6068987966125885,5.811493153779191
15.862068965517242,8.275862241379311,0.0,4.100882395300718,5.6665174517573895,5.856018051860299
15.862068965517242,8.275862241379311,0.1111111111111111,4.0736413513965175,5.660513901482541,5.850343168870541
15.862068965517242,8.275862241379311,0.2222222222222222,4.047131961461085,5.654701205009726,5.844647960428231
15.862068965517242,8.275862241379311,0.3333333333333333,4.021296071025633,5.6490663784489135,5.838942372340372
15.862068965517242,8.275862241379311,0.4444444444444444,3.9960819120691906,5.643597727826684,5.833234667181182
15.862068965517242,8.275862241379311,0.5555555555555556,3.971443202237433,5.638284684497259,5.827531719158759
15.862068965517242,8.275862241379311,0.6666666666666666,3.9473383938478386,5.633117665610287,5.821839252307074
15.862068965517242,8.275862241379311,0.7777777777777777,3.923730044648461,5.6280879553098355,5.816162033901322
15.862068965517242,8.275862241379311,0.8888888888888888,3.900584287986908,5.623187603151709,5.810504032306029
15.862068965517242,8.275862241379311,1.0,3.8778703845271156,5.618409336879386,5.8048685464197325
15.862068965517242,8.620689793103448,0.0,4.100882395300718,5.675445591297463,5.847820236021798
15.862068965517242,8.620689793103448,0.1111111111111111,4.074543391621183,5.669692406406973,5.842359478835874
15.862068965517242,8.620689793103448,0.2222222222222222,4.048883779252458,5.664113531599788,5.836879440503806
15.862068965517242,8.620689793103448,0.3333333333333333,4.023851738908263,5.65869762528141,5.831389014014463
15.862068965517242,8.620689793103448,0.4444444444444444,3.9994009054893547,5.6534344229903954,5.825895649743508
15.862068965517242,8.620689793103448,0.5555555555555556,3.9754896311277204,5.648314606204522,5.820405597693944
15.862068965517242,8.620689793103448,0.6666666666666666,3.9520803654564802,5.643329690167159,5.814924105136163
15.862068965517242,8.620689793103448,0.7777777777777777,3.9291391321720774,5.6384719276199915,5.8094555786052835
15.862068965517242,8.620689793103448,0.8888888888888888,3.9066350849899973,5.633734225878675,5.804003717281287
15.862068965517242,8.620689793103448,1.0,3.884540129323729,5.6291100751385095,5.798571623284754
15.862068965517242,8.965517344827587,0.0,4.100882395300718,5.683764828935835,5.840064211139678
15.862068965517242,8.965517344827587,0.1111111111111111,4.075388371081538,5.678243033079788,5.8348014045383225
15.862068965517242,8.965517344827587,0.2222222222222222,4.0505267569824355,5.672880932617359,5.829520404768723
15.862068965517242,8.965517344827587,0.3333333333333333,4.026251202581735,5.667668576009144,5.824229180174658
15.862068965517242,8.965517344827587,0.4444444444444444,4.002520039464044,5.662596916405303,5.818934458127381
15.862068965517242,8.965517344827587,0.5555555555555556,3.979295674420502,5.657657706336941,5.813641925026734
15.862068965517242,8.965517344827587,0.6666666666666666,3.956544075090686,5.652843406960039,5.808356390989055
15.862068965517242,8.965517344827587,0.7777777777777777,3.934234332279428,5.648147109591852,5.803081926013438
15.862068965517242,8.965517344827587,0.8888888888888888,3.9123382860692457,5.643562467655116,5.797821973018655
15.862068965517242,8.965517344827587,1.0,3.8908302051941606,5.63908363745817,5.792579442046413
15.862068965517242,9.310344896551724,0.0,4.100882395300718,5.691535888307817,5.832715105215444
15.862068965517242,9.310344896551724,0.1111111111111111,4.076181477081745,5.686228512176165,5.8276358435362505
15.862068965517242,9.310344896551724,0.2222222222222222,4.052070594167352,5.681067869078354,5.822539487109784
15.862068965517242,9.310344896551724,0.3333333333333333,4.028508138922316,5.676045190249039,5.817433190828345
15.862068965517242,9.310344896551724,0.4444444444444444,4.005456542399991,5.6711524709525225,5.81232303822847
15.862068965517242,9.310344896551724,0.5555555555555556,3.982881771670965,5.666382385390462,5.807214207413609
15.862068965517242,9.310344896551724,0.6666666666666666,3.9607529005769773,5.6617282128277155,5.802111108852241
15.862068965517242,9.310344896551724,0.7777777777777777,3.939041741937073,5.6571837732831245,5.797017500235645
15.862068965517242,9.310344896551724,0.8888888888888888,3.917722531317439,5.652743371389732,5.791936582558656
15.862068965517242,9.310344896551724,1.0,3.8967716541932593,5.648401747247347,5.786871080775872
15.862068965517242,9.655172448275863,0.0,4.100882395300718,5.69881162592937,5.8257416297105555
15.862068965517242,9.655172448275863,0.1111111111111111,4.076927292993084,5.693703440428215,5.820833030990368
15.862068965517242,9.655172448275863,0.2222222222222222,4.053523885244285,5.688730447718905,5.8159084232992795
15.862068965517242,9.655172448275863,0.3333333333333333,4.030634695447353,5.6838848904553165,5.810974244579492
15.862068965517242,9.655172448275863,0.4444444444444444,4.008225746764646,5.679159659880991,5.806036004629815
15.862068965517242,9.655172448275863,0.5555555555555556,3.986266143314501,5.674548226639324,5.80109842339539
15.862068965517242,9.655172448275863,0.6666666666666666,3.964727710080477,5.670044580293342,5.796165546731293
15.862068965517242,9.655172448275863,0.7777777777777777,3.9435846823794067,5.665643176336861,5.791240843622957
15.862068965517242,9.655172448275863,0.8888888888888888,3.922813437242039,5.661338889656686,5.786327288096487
15.862068965517242,9.655172448275863,1.0,3.9023922603265526,5.657126973558947,5.781427428448514
15.862068965517242,10.0,0.0,4.100882395300718,5.705638272263531,5.81911563012055
15.862068965517242,10.0,0.1111111111111111,4.077629882857126,5.700715563851781,5.8143661307955306
15.862068965517242,10.0,0.2222222222222222,4.054894270817711,5.695917737515816,5.809601679914529
15.862068965517242,10.0,0.3333333333333333,4.032641695583456,5.6912379048717385,5.804828082293743
15.862068965517242,10.0,0.4444444444444444,4.010841339498618,5.686669730831812,5.800050335967936
15.862068965517242,10.0,0.5555555555555556,3.9894650799966813,5.682207377009205,5.795272747964051
15.862068965517242,10.0,0.6666666666666666,3.968487186018331,5.677845451930688,5.790499031934387
15.862068965517242,10.0,0.7777777777777777,3.947884054634965,5.673578967153361,5.785732390728621
15.862068965517242,10.0,0.8888888888888888,3.927633981924992,5.669403298504849,5.780975586429305
15.862068965517242,10.0,1.0,3.9077169630913082,5.665314151774702,5.7762309999238
17.56896551724138,1e-06,0.0,4.230025308986138,3.0457464963073075,6.627040138777456
17.56896551724138,1e-06,0.1111111111111111,4.07888944036633,3.0457472394471035,6.558560704232551
17.56896551724138,1e-06,0.2222222222222222,3.9600456523892147,3.045747730091705,6.504159446687085
17.56896551724138,1e-06,0.3333333333333333,,,
17.56896551724138,1e-06,0.4444444444444444,,,
17.56896551724138,1e-06,0.5555555555555556,3.6804329606451094,3.045748607418485,6.379581550288937
17.56896551724138,1e-06,0.6666666666666666,3.6002351663030963,3.0457488707068334,6.345432543287647
17.56896551724138,1e-06,0.7777777777777777,3.5237463881033695,3.045748680801877,6.313676656558913
17.56896551724138,1e-06,0.8888888888888888,3.4500874123104643,3.045748918749207,6.283886924405007
17.56896551724138,1e-06,1.0,3.3786253076371002,3.045749751084507,6.255748009425549
17.56896551724138,0.34482855172413795,0.0,4.230025308986138,3.955957972580622,6.537308757262296
17.56896551724138,0.34482855172413795,0.1111111111111111,4.097721988908182,3.878059866760339,6.484737695127666
17.56896551724138,0.34482855172413795,0.2222222222222222,3.9901563165854883,3.819755782402443,6.440320271876971
17.56896551724138,0.34482855172413795,0.3333333333333333,3.8964076987906746,3.772858838125278,6.40117234844879
17.56896551724138,0.34482855172413795,0.4444444444444444,3.8116018419069295,3.7335904824869424,6.365804726917847
17.56896551724138,0.34482855172413795,0.5555555555555556,3.7330674961597694,3.699847980456268,6.333322537643812
17.56896551724138,0.34482855172413795,0.6666666666666666,3.6591562427468824,3.6703242865568866,6.3031364399319205
17.56896551724138,0.34482855172413795,0.7777777777777777,3.588767814031467,3.6441443195913847,6.274833347082734
17.56896551724138,0.34482855172413795,0.8888888888888888,3.521125772153349,3.620689885706216,6.248110244450263
17.56896551724138,0.34482855172413795,1.0,3.4556593292090922,3.599506077613393,6.222736992435799
17.56896551724138,0.689656103448276,0.0,4.230025308986138,4.5681240564843,6.462323633250187
17.56896551724138,0.689656103448276,0.1111111111111111,4.112853555491265,4.512265175687946,6.420836005456545
17.56896551724138,0.689656103448276,0.2222222222222222,4.014944214902154,4.468900535184647,6.3840748794798765
17.56896551724138,0.689656103448276,0.3333333333333333,3.928610878520016,4.433311577095252,6.350755756647885
19.275862068965516,2.068966310344828,0.0,4.342564809773673,5.376930101536987,6.328350510244585
19.275862068965516,2.068966310344828,0.1111111111111111,4.252740245599356,5.341662235893796,6.308763139432592
19.275862068965516,2.068966310344828,0.2222222222222222,4.174177890836039,5.311919542506186,6.288888185946958
19.275862068965516,2.068966310344828,0.3333333333333333,4.1034764650182565,5.286148653704881,6.269236040532772
19.275862068965516,2.068966310344828,0.4444444444444444,4.038601028322012,5.263389102995798,6.250012995556727
19.275862068965516,2.068966310344828,0.5555555555555556,3.9782271390726964,5.243000535281621,6.231298145156636
19.275862068965516,2.068966310344828,0.6666666666666666,3.9214391951232868,5.224532222179652,6.213113027261885
19.275862068965516,2.068966310344828,0.7777777777777777,3.867574792658093,5.207653619588068,6.195452138357052
19.275862068965516,2.068966310344828,0.8888888888888888,3.8161373578453444,5.192114391565575,6.178297317482756
19.275862068965516,2.068966310344828,1.0,3.7667438233972987,5.177719961884569,6.161624866163988
19.275862068965516,2.413793862068966,0.0,4.342564809773674,5.446924103858278,6.289068343800266
19.275862068965516,2.413793862068966,0.1111111111111111,4.260034762663945,5.41610635913846,6.272368576045235
19.275862068965516,2.413793862068966,0.2222222222222222,4.18684083388401,5.389597827872255,6.255142204783584
19.275862068965516,2.413793862068966,0.3333333333333333,4.120410793211568,5.366301521532066,6.23787345669129
19.275862068965516,2.413793862068966,0.4444444444444444,4.05912302369459,5.345503382872271,6.220793654274142
19.275862068965516,2.413793862068966,0.5555555555555556,4.001883562500426,5.326709721707775,6.204015315591889
19.275862068965516,2.413793862068966,0.6666666666666666,3.9479161752018608,5.309563473171953,6.187591010083991
19.275862068965516,2.413793862068966,0.7777777777777777,3.8966480842800784,5.293797188338259,6.171541599192121
19.275862068965516,2.413793862068966,0.8888888888888888,3.8476432177378976,5.2792048548036306,6.155870708923813
19.275862068965516,2.413793862068966,1.0,3.8005609826433036,5.265624105144388,6.140572521061107
19.275862068965516,2.758621413793104,0.0,4.342564809773673,5.502947422762466,6.254362321737939
19.275862068965516,2.758621413793104,0.1111111111111111,4.266303232508053,5.475706839230055,6.239881112563259
19.275862068965516,2.758621413793104,0.2222222222222222,4.19786949723393,5.451885825957574,6.224767611200786
19.275862068965516,2.758621413793104,0.3333333333333333,4.1352899698383965,5.43069349398986,6.209453614337517
19.275862068965516,2.758621413793104,0.4444444444444444,4.077262861212298,5.411591764981818,6.1941684867282465
19.275862068965516,2.758621413793104,0.5555555555555556,4.022881202970988,5.394196375837154,6.179037785460049
19.275862068965516,2.758621413793104,0.6666666666666666,3.9714857747103207,5.3782224292244605,6.164130506527408
19.275862068965516,2.758621413793104,0.7777777777777777,3.922581015592339,5.363452301925454,6.149483434528497
19.275862068965516,2.758621413793104,0.8888888888888888,3.8757840329388595,5.349715667884718,6.13511442406173
19.275862068965516,2.758621413793104,1.0,3.8307921694620766,5.3368764992795645,6.12102997469244
19.275862068965516,3.103448965517242,0.0,4.342564809773673,5.548902179749961,6.2234742095404485
19.275862068965516,3.103448965517242,0.1111111111111111,4.2717370970279775,5.524586281992296,6.210728402314258
19.275862068965516,3.103448965517242,0.2222222222222222,4.207541564899065,5.503026041497797,6.197319381577817
19.275862068965516,3.103448965517242,0.3333333333333333,4.1484428972254905,5.483640364394978,6.183620464347752
19.275862068965516,3.103448965517242,0.4444444444444444,4.0933879680129355,5.46601852815546,6.169845889898344
19.275862068965516,3.103448965517242,0.5555555555555556,4.041621542666927,5.449858642816958,6.156122361626484
19.275862068965516,3.103448965517242,0.6666666666666666,3.9925824177372715,5.434931777511489,6.142525926579994
19.275862068965516,3.103448965517242,0.7777777777777777,3.945841313057707,5.42105985770424,6.129102153054971
19.275862068965516,3.103448965517242,0.8888888888888888,3.9010618712320064,5.408101414736386,6.115877714101301
19.275862068965516,3.103448965517242,1.0,3.857975149689194,5.395942045845039,6.1028673031274785
19.275862068965516,3.44827651724138,0.0,4.342564809773673,5.587336883498005,6.195804288837937
19.275862068965516,3.44827651724138,0.1111111111111111,4.276485106146576,5.565446848143609,6.184438690947626
19.275862068965516,3.44827651724138,0.2222222222222222,4.216078677333345,5.545808195679235,6.172419955409767
19.275862068965516,3.44827651724138,0.3333333333333333,4.160135591611295,5.52798650743921,6.160065735186979
19.275862068965516,3.44827651724138,0.4444444444444444,4.107797187987254,5.511664409975201,6.147569667819014
19.275862068965516,3.44827651724138,0.5555555555555556,4.058431546968412,5.496602564080321,6.135053026523533
19.275862068965516,3.44827651724138,0.6666666666666666,4.011559497712149,5.482615717154625,6.122593068959365
19.275862068965516,3.44827651724138,0.7777777777777777,3.966808522857275,5.469557339000767,6.1102393677540245
19.275862068965516,3.44827651724138,0.8888888888888888,3.923882858016491,5.457309388547361,6.098023606261589
19.275862068965516,3.44827651724138,1.0,3.8825434137851818,5.445775277674282,6.085965657342803
19.275862068965516,3.7931040689655178,0.0,4.342564809773673,5.619993742812423,6.170872182426373
19.275862068965516,3.7931040689655178,0.1111111111111111,4.280664081546632,5.6001410481392835,6.160621290008451
19.275862068965516,3.7931040689655178,0.2222222222222222,4.223659159920405,5.582150586667623,6.1497487890507045
19.275862068965516,3.7931040689655178,0.3333333333333333,4.17058487390045,5.56569238319071,6.13852286435589
19.275862068965516,3.7931040689655178,0.4444444444444444,4.12073563935542,5.550518332539181,6.12711521707401
19.275862068965516,3.7931040689655178,0.5555555555555556,4.073580021759993,5.536437006206652,6.115638375720633
19.275862068965516,3.7931040689655178,0.6666666666666666,4.028707525838517,5.523297456738901,6.104167317974158
19.275862068965516,3.7931040689655178,0.7777777777777777,3.9857941896728444,5.51097843669649,6.092752501658184
19.275862068965516,3.7931040689655178,0.8888888888888888,3.9445795850304797,5.499380998493809,6.081427988802144
19.275862068965516,3.7931040689655178,1.0,3.9048509862563123,5.4884232771816945,6.070216660424495
19.275862068965516,4.137931620689656,0.0,4.342564809773673,5.648107804235588,6.148288669627365
19.275862068965516,4.137931620689656,0.1111111111111111,4.284366718357674,5.629984990088882,6.138950915867047
19.275862068965516,4.137931620689656,0.2222222222222222,4.230427603411313,5.613419754049891,6.129033239935737
19.275862068965516,4.137931620689656,0.3333333333333333,4.17996874736233,5.598157764149992,6.118761363048097
19.275862068965516,4.137931620689656,0.4444444444444444,4.132405903766115,5.5840029252185595,6.108285831031535
19.275862068965516,4.137931620689656,0.5555555555555556,4.087289802486982,5.57080082071084,6.097709067909222
19.275862068965516,4.137931620689656,0.6666666666666666,4.044267511967166,5.5584276195434805,6.0871018167066735
19.275862068965516,4.137931620689656,0.7777777777777777,4.003056595852481,5.54678243871509,6.0765134525379665
19.275862068965516,4.137931620689656,0.8888888888888888,3.963427349954202,5.535781953325922,6.065978637015774
19.275862068965516,4.137931620689656,1.0,3.925190288976232,5.525356506156111,6.05552172047104
19.275862068965516,4.482759172413794,0.0,4.342564809773673,5.6725809379250585,6.127735086265817
19.275862068965516,4.482759172413794,0.1111111111111111,4.287667292064794,5.655941291041965,6.119155214996093
19.275862068965516,4.482759172413794,0.2222222222222222,4.23650212643402,5.640617578624863,6.110040792360934
19.275862068965516,4.482759172413794,0.3333333333333333,4.188434345415017,5.626411120216976,6.1005817552120725
19.275862068965516,4.482759172413794,0.4444444444444444,4.142976572482333,5.613165316507142,6.090909254792161
19.275862068965516,4.482759172413794,0.5555555555555556,4.099746992086271,5.60075458467293,6.081115385307018
19.275862068965516,4.482759172413794,0.6666666666666666,4.058441016142119,5.589076665396232,6.071265685953582
19.275862068965516,4.482759172413794,0.7777777777777777,4.018811740751719,5.578047161297369,6.061407268180025
19.275862068965516,4.482759172413794,0.8888888888888888,3.9806561643766796,5.567595581864801,6.051574224307609
19.275862068965516,4.482759172413794,1.0,3.9438052666667898,5.55766242555489,6.041791304178526
19.275862068965516,4.827586724137932,0.0,4.342564809773674,5.694088203858446,6.108948046737649
19.275862068965516,4.827586724137932,0.1111111111111111,4.2906258733802884,5.678731304356808,6.101004849299114
19.275862068965516,4.827586724137932,0.2222222222222222,4.241979919730036,5.664496376253742,6.092572520470267
19.275862068965516,4.827586724137932,0.3333333333333333,4.196104072914704,5.6512262823916615,6.0838111313212915
19.275862068965516,4.827586724137932,0.4444444444444444,4.152588851788581,5.638794741759549,6.074834557135338
19.275862068965516,4.827586724137932,0.5555555555555556,4.1111080638008985,5.6270988192771725,6.065724963998756
19.275862068965516,4.827586724137932,0.6666666666666666,4.0713978219593905,5.616053526525607,6.0565423359604456
19.275862068965516,4.827586724137932,0.7777777777777777,4.033241661410364,5.605587879622088,6.04733086972882
19.275862068965516,4.827586724137932,0.8888888888888888,3.996459792795193,5.595641975185799,6.038123350966335
19.275862068965516,4.827586724137932,1.0,3.9609012082299118,5.58616478903976,6.028944203403039
19.275862068965516,5.17241427586207,0.0,4.342564809773673,5.713145597192952,6.0917079591975964
19.275862068965516,5.17241427586207,0.1111111111111111,4.293291471633796,5.6989068276929045,6.084305610380349
19.275862068965516,5.17241427586207,0.2222222222222222,4.246941508426372,5.685632631984662,6.076457637879259
19.275862068965516,5.17241427586207,0.3333333333333333,4.203080389519921,5.673197305678464,6.068299298967124
19.275862068965516,5.17241427586207,0.4444444444444444,4.161361720587186,5.66149808138558,6.059929341869793
19.275862068965516,5.17241427586207,0.5555555555555556,4.121505389986598,5.650449955486598,6.051420724287405
19.275862068965516,5.17241427586207,0.6666666666666666,4.083281876824406,5.639981854785761,6.042827899162758
19.275862068965516,5.17241427586207,0.7777777777777777,4.046500834373777,5.630033764797962,6.034191847882062
19.275862068965516,5.17241427586207,0.8888888888888888,4.01100266537771,5.62055455217664,6.025543613269674
19.275862068965516,5.17241427586207,1.0,3.9766522163880333,5.611500293719364,6.016906817290152
19.275862068965516,5.517241827586208,0.0,4.342564809773673,5.730154702316641,6.075830283737812
19.275862068965516,5.517241827586208,0.1111111111111111,4.295704401866714,5.716897500602328,6.06889213123106
19.275862068965516,5.517241827586208,0.2222222222222222,4.251454051742209,5.704475863661442,6.061548974479454
19.275862068965516,5.517241827586208,0.3333333333333333,4.209449562746038,5.692788169541464,6.053915482290321
19.275862068965516,5.517241827586208,0.4444444444444444,4.169395993544734,5.681750065753952,6.046077293539529
19.275862068965516,5.517241827586208,0.5555555555555556,4.1310515920004836,5.671290856073458,6.038099011026766
19.275862068965516,5.517241827586208,0.6666666666666666,4.094215946967052,5.661350748689733,6.030029798018096
19.275862068965516,5.517241827586208,0.7777777777777777,4.058721167048389,5.651878745436072,6.021907346460907
19.275862068965516,5.517241827586208,0.8888888888888888,4.024425239487682,5.64283100836051,6.013760727451576
19.275862068965516,5.517241827586208,1.0,3.99120697213804,5.634169583269153,6.005612465104211
19.275862068965516,5.862069379310346,0.0,4.342564809773673,5.745432999321689,6.0611588012013256
19.275862068965516,5.862069379310346,0.1111111111111111,4.297898084327885,5.733043049157204,6.054622852747988
19.275862068965516,5.862069379310346,0.2222222222222222,4.255573915290554,5.721381946530327,6.047719230480317
19.275862068965516,5.862069379310346,0.3333333333333333,4.215284632864153,5.710366736216364,6.040545509577398
19.275862068965516,5.862069379310346,0.4444444444444444,4.1767775475542965,5.699927621404471,6.033176036742437
19.275862068965516,5.862069379310346,0.5555555555555556,4.139842994712811,5.690005406941965,6.02566794039719
19.275862068965516,5.862069379310346,0.6666666666666666,4.10430530429234,5.680549502835997,6.018065451441253
19.275862068965516,5.862069379310346,0.7777777777777777,4.070015935172927,5.671516359279126,6.010403040015035
19.275862068965516,5.862069379310346,0.8888888888888888,4.036848210355178,5.662868232406183,6.002707716767463
19.275862068965516,5.862069379310346,1.0,4.004693241697554,5.654572203583808,5.995000739228288
19.275862068965516,6.206896931034484,0.0,4.342564809773673,5.75923495824583,6.047560374505129
19.275862068965516,6.206896931034484,0.1111111111111111,4.2999004251148465,5.747615773594145,6.0413759764723665
19.275862068965516,6.206896931034484,0.2222222222222222,4.259348690104819,5.7366364081705346,6.034857874984081
19.275862068965516,6.206896931034484,0.3333333333333333,4.220647770409961,5.726228532973354,6.028089425823543
19.275862068965516,6.206896931034484,0.4444444444444444,4.183579902324271,5.716333957488639,6.021135280498013
19.275862068965516,6.206896931034484,0.5555555555555556,4.147962392851426,5.70690279813327,6.014045941620879
19.275862068965516,6.206896931034484,0.6666666666666666,4.113640674198873,5.697892015044582,6.006861116893418
19.275862068965516,6.206896931034484,0.7777777777777777,4.080482921465448,5.689264241973141,5.999612206787099
19.275862068965516,6.206896931034484,0.8888888888888888,4.048375854957642,5.680986847035543,5.992324165236444
19.275862068965516,6.206896931034484,1.0,4.0172214417197925,5.673031174871679,5.985016903591901
19.275862068965516,6.551724482758622,0.0,4.342564809773673,5.77176704807542,6.034920830945967
19.275862068965516,6.551724482758622,0.1111111111111111,4.301734884883229,5.760836574768368,6.029046194216637
19.275862068965516,6.551724482758622,0.2222222222222222,4.262818788081369,5.750471065912138,6.022868575666236
19.275862068965516,6.551724482758622,0.3333333333333333,4.225592162392654,5.740613768774595,6.01645947004701
19.275862068965516,6.551724482758622,0.4444444444444444,4.189866298105513,5.73121582423972,6.00987521628999
19.275862068965516,6.551724482758622,0.5555555555555556,4.15548128287979,5.722234939493801,6.003160477790465
19.275862068965516,6.551724482758622,0.6666666666666666,4.122300612350888,5.713634305254855,5.996350860685651
19.275862068965516,6.551724482758622,0.7777777777777777,4.090206940605334,5.705381713768487,5.989474894177332
19.275862068965516,6.551724482758622,0.8888888888888888,4.059098714059777,5.6974488391373574,5.982555538236219
19.275862068965516,6.551724482758622,1.0,4.028887489355658,5.689810648069418,5.9756113397439385
19.275862068965516,6.8965520344827596,0.0,4.342564809773673,5.783198625098855,6.023141695703581
19.275862068965516,6.8965520344827596,0.1111111111111111,4.303421313158606,5.772886595891818,6.017542031789443
19.275862068965516,6.8965520344827596,0.2222222222222222,4.266018711008378,5.763076136008032,6.011667064638729
19.275862068965516,6.8965520344827596,0.3333333333333333,4.230163530434609,5.753719741424321,6.005578362768204
19.275862068965516,6.8965520344827596,0.4444444444444444,4.195691378889863,5.744776114296116,5.999325138609999
19.275862068965516,6.8965520344827596,0.5555555555555556,4.162461675939468,5.736209190530319,5.992946928171023
19.275862068965516,6.8965520344827596,0.6666666666666666,4.130353435565579,5.727987331132739,5.986475646774049
19.275862068965516,6.8965520344827596,0.7777777777777777,4.099261887574108,5.720082652148475,5.979937171910208
19.275862068965516,6.8965520344827596,0.8888888888888888,4.069095762854451,5.712470469529703,5.97335256814191
19.275862068965516,6.8965520344827596,1.0,4.039775102202071,5.7051288383530725,5.966739040509568
19.275862068965516,7.2413795862068975,0.0,4.342564809773673,5.793669969179148,6.012137578310977
19.275862068965516,7.2413795862068975,0.1111111111111111,4.304976604970047,5.78391582378098,6.006783680171125
19.275862068965516,7.2413795862068975,0.2222222222222222,4.2689780664284065,5.774609196012432,6.001179362087147
19.275862068965516,7.2413795862068975,0.3333333333333333,4.2344013596882855,5.765710036002909,5.995377855657901
19.275862068965516,7.2413795862068975,0.4444444444444444,4.20110256390768,5.757183218272838,5.989422258705655
19.275862068965516,7.2413795862068975,0.5555555555555556,4.168957579705668,5.748997821955897,5.983347614117568
19.275862068965516,7.2413795862068975,0.6666666666666666,4.137858801246209,5.741126521550959,5.9771825332462605
19.275862068965516,7.2413795862068975,0.7777777777777777,4.10771241176324,5.7335450740313725,5.970950466469957
19.275862068965516,7.2413795862068975,0.8888888888888888,4.078436181760389,5.726231887840234,5.964670701306932
19.275862068965516,7.2413795862068975,1.0,4.04995767047636,5.719167660527776,5.958359150114421
19.275862068965516,7.586207137931035,0.0,4.342564809773673,5.803298307154972,6.001834064819053
19.275862068965516,7.586207137931035,0.1111111111111111,4.30641522165954,5.794049540889673,5.996701215403647
19.275862068965516,7.586207137931035,0.2222222222222222,4.271722385888825,5.7852019183175685,5.991340293424593
19.275862068965516,7.586207137931035,0.3333333333333333,4.238339899140446,5.7767214467631085,5.9857975019773075
19.275862068965516,7.586207137931035,0.4444444444444444,4.206141171273272,5.768578074636817,5.9801106849348
19.275862068965516,7.586207137931035,0.5555555555555556,4.175016216637297,5.760745153482855,5.974310951490729
19.275862068965516,7.586207137931035,0.6666666666666666,4.144869007446996,5.753198975117053,5.968423965501573
19.275862068965516,7.586207137931035,0.7777777777777777,4.1156152945618345,5.745918376190535,5.962470969841961
19.275862068965516,7.586207137931035,0.8888888888888888,4.087180811761249,5.738884401444322,5.956469602343081
19.275862068965516,7.586207137931035,1.0,4.059499792575512,5.732080017170766,5.950434548031312
19.275862068965516,7.931034689655173,0.0,4.342564809773673,5.812182390643163,5.992166005102055
19.275862068965516,7.931034689655173,0.1111111111111111,4.30774960701649,5.803393231797983,5.987233129974017
19.275862068965516,7.931034689655173,0.2222222222222222,4.274273787974955,5.794965197895936,5.982092247539136
19.275862068965516,7.931034689655173,0.3333333333333333,4.24200898018017,5.7868692561637625,5.976783612598144
19.275862068965516,7.931034689655173,0.4444444444444444,4.210843343361865,5.779079553545504,5.971340546119622
19.275862068965516,7.931034689655173,0.5555555555555556,4.18067903092769,5.7715730109539045,5.965790713719943
19.275862068965516,7.931034689655173,0.6666666666666666,4.151430069173408,5.764328968815752,5.960157155475192
19.275862068965516,7.931034689655173,0.7777777777777777,4.123020590008917,5.757328880068637,5.95445911544628
19.275862068965516,7.931034689655173,0.8888888888888888,4.095383358420343,5.750556045454102,5.948712710953273
19.275862068965516,7.931034689655173,1.0,4.068458543690831,5.743995385718658,5.942931473987068
19.275862068965516,8.275862241379311,0.0,4.342564809773674,5.820406019186462,5.983076111504065
19.275862068965516,8.275862241379311,0.1111111111111111,4.308990522112514,5.8120363609107075,5.978325115061365
19.275862068965516,8.275862241379311,0.2222222222222222,4.276651518677621,5.803993105241179,5.973384133459582
19.275862068965516,8.275862241379311,0.3333333333333333,4.2454346898976105,5.79625131007001,5.968288367893296
19.275862068965516,8.275862241379311,0.4444444444444444,4.215240812684448,5.78878861829653,5.963067237270946
19.275862068965516,8.275862241379311,0.5555555555555556,4.185982525028558,5.7815849491406155,5.957745391173142
19.275862068965516,8.275862241379311,0.6666666666666666,4.157582614209475,5.7746222246429495,5.952343536925515
19.275862068965516,8.275862241379311,0.7777777777777777,4.129972574673544,5.767884129725817,5.9468791143353545
19.275862068965516,8.275862241379311,0.8888888888888888,4.10309139407567,5.761355902886832,5.941366846583053
19.275862068965516,8.275862241379311,1.0,4.0768845305971855,5.755024154151692,5.935819190835226
19.275862068965516,8.620689793103448,0.0,4.342564809773673,5.82804078291533,5.974513804723705
19.275862068965516,8.620689793103448,0.1111111111111111,4.310147316519399,5.820055314074732,5.969929045837056
19.275862068965516,8.620689793103448,0.2222222222222222,4.278872394241235,5.812365967791503,5.965170500718768
19.275862068965516,8.620689793103448,0.3333333333333333,4.248639927642681,5.804951198540013,5.960269060569348
19.275862068965516,8.620689793103448,0.4444444444444444,4.219361538759034,5.797791577415373,5.955250769845735
19.275862068965516,8.620689793103448,0.5555555555555556,4.190958957919755,5.790869555366161,5.950137634065423
19.275862068965516,8.620689793103448,0.6666666666666666,4.163362632462077,5.784169250633319,5.944948287636142
19.275862068965516,8.620689793103448,0.7777777777777777,4.136510542860868,5.777676260023773,5.939698545109951
19.275862068965516,8.620689793103448,0.8888888888888888,4.110347196740988,5.771377492468236,5.9344018562426735
19.275862068965516,8.620689793103448,1.0,4.08482277389544,5.765261022799055,5.929069682083812
19.275862068965516,8.965517344827587,0.0,4.342564809773673,5.835148220068458,5.966434257479138
19.275862068965516,8.965517344827587,0.1111111111111111,4.31122814939104,5.8275157129390545,5.962002131941614
19.275862068965516,8.965517344827587,0.2222222222222222,4.280951166034134,5.820152796586587,5.957410795148275
19.275862068965516,8.965517344827587,0.3333333333333333,4.251644867284828,5.813040763673827,5.95268744859459
19.275862068965516,8.965517344827587,0.4444444444444444,4.223230240112848,5.806162651698436,5.947855211228827
19.275862068965516,8.965517344827587,0.5555555555555556,4.195636930619201,5.7995030599816175,5.942933767669781
19.275862068965516,8.965517344827587,0.6666666666666666,4.168802105713163,5.793047983329436,5.93793991027987
19.275862068965516,8.965517344827587,0.7777777777777777,4.142669475610548,5.786784662676783,5.9328879914974975
19.275862068965516,8.965517344827587,0.8888888888888888,4.1171884559750564,5.780701452004975,5.927790301079035
19.275862068965516,8.965517344827587,1.0,4.092313449986502,5.774787700317301,5.922657380894647
19.275862068965516,9.310344896551724,0.0,4.342564809773673,5.8417815305795555,5.958797597484993
19.275862068965516,9.310344896551724,0.1111111111111111,4.312240170763642,5.834474253173382,5.9545062029888935
19.275862068965516,9.310344896551724,0.2222222222222222,4.282900822716855,5.827413215268728,5.950068727060431
19.275862068965516,9.310344896551724,0.3333333333333333,4.254467342919779,5.820582095299772,5.945509200821843
19.275862068965516,9.310344896551724,0.4444444444444444,4.2268688406191215,5.8139660192418186,5.9408482003657515
19.275862068965516,9.310344896551724,0.5555555555555556,4.200041879259868,5.807551418113015,5.936103370021
19.275862068965516,9.310344896551724,0.6666666666666666,4.173929539202795,5.801325896951959,5.931289864585097
19.275862068965516,9.310344896551724,0.7777777777777777,4.14848060610867,5.795278115923242,5.926420722075346
19.275862068965516,9.310344896551724,0.8888888888888888,4.123648869687443,5.789397683345975,5.921507177576785
19.275862068965516,9.310344896551724,1.0,4.099392518251026,5.783675059975786,5.916558927506488
19.275862068965516,9.655172448275863,0.0,4.342564809773673,5.847986949163696,5.951568239592117
19.275862068965516,9.655172448275863,0.1111111111111111,4.313189671084302,5.8409801773376655,5.9474071049828785
19.275862068965516,9.655172448275863,0.2222222222222222,4.2847328417179105,5.834199006790657,5.9431117329927
19.275862068965516,9.655172448275863,0.3333333333333333,4.25712317212848,5.827629132721979,5.938703420791841
20.982758620689655,3.103448965517242,0.6666666666666666,4.061078281334598,5.5036776810552785,6.200965720042555
20.982758620689655,3.103448965517242,0.7777777777777777,4.011696649315456,5.487909787050069,6.187417580150523
20.982758620689655,3.103448965517242,0.8888888888888888,3.9646190661649827,5.473249898975125,6.174001201596594
20.982758620689655,3.103448965517242,1.0,3.9195159204177057,5.459551968269137,6.160752347197808
20.982758620689655,3.44827651724138,0.0,4.4422630872587705,5.672643106574466,6.248597029593407
20.982758620689655,3.44827651724138,0.1111111111111111,4.368471872583665,5.646626395318678,6.2392172454936565
20.982758620689655,3.44827651724138,0.2222222222222222,4.301943430063705,5.623538491483861,6.228433835009935
20.982758620689655,3.44827651724138,0.3333333333333333,4.2410099614483805,5.60277632100951,6.216835849298812
20.982758620689655,3.44827651724138,0.4444444444444444,4.1845167430333365,5.5839070479086095,6.20477935095272
20.982758620689655,3.44827651724138,0.5555555555555556,4.131632714668904,5.566609564171519,6.192487115406928
20.982758620689655,3.44827651724138,0.6666666666666666,4.081739977623248,5.550638946764557,6.180102203083447
20.982758620689655,3.44827651724138,0.7777777777777777,4.034366395653785,5.535803974418379,6.167718185903086
20.982758620689655,3.44827651724138,0.8888888888888888,3.989142778938047,5.521952374464635,6.155396944168588
20.982758620689655,3.44827651724138,1.0,3.945774690382993,5.508960824249978,6.143179535999907
20.982758620689655,3.7931040689655178,0.0,4.4422630872587705,5.7029689198766205,6.222613151814605
20.982758620689655,3.7931040689655178,0.1111111111111111,4.373285039284057,5.679494615450056,6.214254738306354
20.982758620689655,3.7931040689655178,0.2222222222222222,4.310541221466909,5.658421438110265,6.204625827148852
20.982758620689655,3.7931040689655178,0.3333333333333333,4.252712948878146,5.6392978787613375,6.19421035615704
20.982758620689655,3.7931040689655178,0.4444444444444444,4.198855610228346,5.621788925663244,6.183315897592699
20.982758620689655,3.7931040689655178,0.5555555555555556,4.14827131166457,5.605639477957438,6.172143475921312
20.982758620689655,3.7931040689655178,0.6666666666666666,4.1004303608852375,5.59065084847585,6.160827455133118
20.982758620689655,3.7931040689655178,0.7777777777777777,4.054921277310667,5.576665238881718,6.149459193514924
20.982758620689655,3.7931040689655178,0.8888888888888888,4.011417934638883,5.563555190875672,6.138101561558435
20.982758620689655,3.7931040689655178,1.0,3.9696573197520637,5.551216230140545,6.12679812880519
20.982758620689655,4.137931620689656,0.0,4.4422630872587705,5.729032519556443,6.19917800775806
20.982758620689655,4.137931620689656,0.1111111111111111,4.3775350772507995,5.70770285750511,6.191628832221561
20.982758620689655,4.137931620689656,0.2222222222222222,4.318204039743397,5.688365420256878,6.182938681143629
20.982758620689655,4.137931620689656,0.3333333333333333,4.263214789534764,5.670676839599533,6.1735053992486115
20.982758620689655,4.137931620689656,0.4444444444444444,4.211788777835105,5.6543748831584955,6.163592793800613
20.982758620689655,4.137931620689656,0.5555555555555556,4.16333716820303,5.639255182073336,6.153379790877721
20.982758620689655,4.137931620689656,0.6666666666666666,4.117404552701631,5.625155515326035,6.14299007148726
20.982758620689655,4.137931620689656,0.7777777777777777,4.073631687691865,5.61194500226152,6.132510446569752
20.982758620689655,4.137931620689656,0.8888888888888888,4.031730213460755,5.599516516240744,6.122002565079675
20.982758620689655,4.137931620689656,1.0,3.9914650915344385,5.587781250013205,6.111510564954031
20.982758620689655,4.482759172413794,0.0,4.4422630872587705,5.75168731172733,6.177931568172308
20.982758620689655,4.482759172413794,0.1111111111111111,4.3813116621458095,5.732185432724099,6.171033380125811
20.982758620689655,4.482759172413794,0.2222222222222222,4.325068906756156,5.714354490285267,6.163114749546622
20.982758620689655,4.482759172413794,0.3333333333333333,4.272680980398999,5.697929561319406,6.154503604778073
20.982758620689655,4.482759172413794,0.4444444444444444,4.223501432667756,5.682703172194341,6.145425426370207
20.982758620689655,4.482759172413794,0.5555555555555556,4.177030992929249,5.668510253767612,6.136038103785323
20.982758620689655,4.482759172413794,0.6666666666666666,4.132876845151979,5.655217508677031,6.126453972651996
20.982758620689655,4.482759172413794,0.7777777777777777,4.090724688534681,5.642715825207014,6.116754034646724
20.982758620689655,4.482759172413794,0.8888888888888888,4.050319220091067,5.630914787858942,6.106997331344875
20.982758620689655,4.482759172413794,1.0,4.011450240895725,5.619738643864422,6.09722725239895
20.982758620689655,4.827586724137932,0.0,4.4422630872587705,5.77157058722271,6.1585787925716
20.982758620689655,4.827586724137932,0.1111111111111111,4.384687047845462,5.753640834420489,6.152211850710587
20.982758620689655,4.827586724137932,0.2222222222222222,4.331248585752621,5.73712635071777,6.1449338899473105
20.982758620689655,4.827586724137932,0.3333333333333333,4.281249528420212,5.721819999738596,6.1370162405003565
20.982758620689655,4.827586724137932,0.4444444444444444,4.234149218496752,5.707555958708797,6.128651406387188
20.982758620689655,4.827586724137932,0.5555555555555556,4.189522200478182,5.694199842440412,6.119977984695943
20.982758620689655,4.827586724137932,0.6666666666666666,4.147028468119603,5.681641428551082,6.111097097833013
20.982758620689655,4.827586724137932,0.7777777777777777,4.106392382857346,5.669789287605667,6.10208338463421
20.982758620689655,4.827586724137932,0.8888888888888888,4.067387543632293,5.658566785801187,6.0929924734402245
20.982758620689655,4.827586724137932,1.0,4.029825767847042,5.647909076754427,6.083866148455821
20.982758620689655,5.17241427586207,0.0,4.4422630872587705,5.789168430606213,6.140875588850487
20.982758620689655,5.17241427586207,0.1111111111111111,4.387719960414686,5.772602144479732,6.134948074734363
20.982758620689655,5.17241427586207,0.2222222222222222,4.336836472334232,5.75724530395705,6.128207462400627
20.982758620689655,5.17241427586207,0.3333333333333333,4.289036153238271,5.742933955304262,6.120879263976545
20.982758620689655,5.17241427586207,0.4444444444444444,4.243863656814264,5.729534289583242,6.113127902666772
20.982758620689655,5.17241427586207,0.5555555555555556,4.200954603556415,5.716936065872517,6.10507468383541
20.982758620689655,5.17241427586207,0.6666666666666666,4.160013630925077,5.705047579514224,6.096810098331163
20.982758620689655,5.17241427586207,0.7777777777777777,4.1207983782437365,5.693791829242696,6.088402323259741
20.982758620689655,5.17241427586207,0.8888888888888888,4.083107703106518,5.683103587519401,6.079903167332243
20.982758620689655,5.17241427586207,1.0,4.046772915178572,5.672927145560496,6.071352284165611
20.982758620689655,5.517241827586208,0.0,4.4422630872587705,5.804858408955345,6.124618257001036
20.982758620689655,5.517241827586208,0.1111111111111111,4.390458527008639,5.789483508555247,6.119058874958649
20.982758620689655,5.517241827586208,0.2222222222222222,4.341910404002629,5.775150584432864,6.112773292542869
20.982758620689655,5.517241827586208,0.3333333333333333,4.296138405005723,5.761728384888846,6.10594985545044
20.982758620689655,5.517241827586208,0.4444444444444444,4.252756453333773,5.749107955189538,6.098729213287444
20.982758620689655,5.517241827586208,0.5555555555555556,4.211450922036668,5.737198198415675,6.0912173968778
20.982758620689655,5.517241827586208,0.6666666666666666,4.17196428104606,5.725922358565348,6.083495076407746
20.982758620689655,5.517241827586208,0.7777777777777777,4.134082844923925,5.715215262009533,6.075624148934302
20.982758620689655,5.517241827586208,0.8888888888888888,4.097627549275765,5.705021156449331,6.0676524660461055
20.982758620689655,5.517241827586208,1.0,4.062446951992607,5.695292011664736,6.059617261658252
20.982758620689655,5.862069379310346,0.0,4.44226308725877,5.818938481976063,6.109635451312725
20.982758620689655,5.862069379310346,0.1111111111111111,4.392942498102641,5.804611705319973,6.104388182181508
20.982758620689655,5.862069379310346,0.2222222222222222,4.346535643429253,5.791189303974131,6.098491470153681
20.982758620689655,5.862069379310346,0.3333333333333333,4.302638941620548,5.778565100124168,6.092103413808599
20.982758620689655,5.862069379310346,0.4444444444444444,4.2609229441779695,5.766649619928849,6.085344592670228
20.982758620689655,5.862069379310346,0.5555555555555556,4.221116388013387,5.755367059193143,6.078307669884294
20.982758620689655,5.862069379310346,0.6666666666666666,4.18299389331153,5.744652800388927,6.071064398039823
20.982758620689655,5.862069379310346,0.7777777777777777,4.1463665221254855,5.734451411403646,6.063670738746792
20.982758620689655,5.862069379310346,0.8888888888888888,4.111074520036712,5.724715040949804,6.056170624778051
20.982758620689655,5.862069379310346,1.0,4.07698170654925,5.715402131366733,6.048598745912048
20.982758620689655,6.206896931034484,0.0,4.4422630872587705,5.831647082874535,6.095781988374262
20.982758620689655,6.206896931034484,0.1111111111111111,4.395204948212953,5.818248127218897,6.090802320610864
20.982758620689655,6.206896931034484,0.2222222222222222,4.350767227773707,5.80563946492716,6.08524085519402
20.982758620689655,6.206896931034484,0.3333333333333333,4.308608150816368,5.793734366292242,6.079230975235473
20.982758620689655,6.206896931034484,0.4444444444444444,4.268444871430681,5.782458766031545,6.072876331121415
20.982758620689655,6.206896931034484,0.5555555555555556,4.230041651318843,5.771749164642245,6.066257955267389
20.982758620689655,6.206896931034484,0.6666666666666666,4.1932005158149925,5.761550858468869,6.059439595285204
20.982758620689655,6.206896931034484,0.7777777777777777,4.15775392518818,5.751816476549038,6.052471706893204
20.982758620689655,6.206896931034484,0.8888888888888888,4.123559031100935,5.742504781302317,6.045394452637324
20.982758620689655,6.206896931034484,1.0,4.090493161482394,5.733579688494352,6.038239965998611
20.982758620689655,6.551724482758622,0.0,4.4422630872587705,5.843177378423961,6.082934025315101
20.982758620689655,6.551724482758622,0.1111111111111111,4.397273588614185,5.830604419088305,6.078186213551229
20.982758620689655,6.551724482758622,0.2222222222222222,4.354651829370754,5.818726381551904,6.072916175093618
20.982758620689655,6.551724482758622,0.3333333333333333,4.3141062588996775,5.807471783606995,6.067237006795774
20.982758620689655,6.551724482758622,0.4444444444444444,4.27539263169996,5.796778853016632,6.061238072099921
20.982758620689655,6.551724482758622,0.5555555555555556,4.238305137830695,5.7865940600071895,6.054990318981502
20.982758620689655,6.551724482758622,0.6666666666666666,4.202669238780041,5.776870844066973,6.048550364916706
20.982758620689655,6.551724482758622,0.7777777777777777,4.168335937022839,5.767568535985874,6.0419636236804966
20.982758620689655,6.551724482758622,0.8888888888888888,4.135177205220483,5.758651455960737,6.03526670095398
20.982758620689655,6.551724482758622,1.0,4.103082336018679,5.750088163288837,6.028489236014512
20.982758620689655,6.8965520344827596,0.0,4.4422630872587705,5.853687594937779,6.070985267426023
20.982758620689655,6.8965520344827596,0.1111111111111111,4.39917178899243,5.841853818537299,6.0664403149263135
20.982758620689655,6.8965520344827596,0.2222222222222222,4.358229237929229,5.830634619655327,6.061425612223574
20.982758620689655,6.8965520344827596,0.3333333333333333,4.319185035196253,5.819970590596042,6.056037526415909
20.982758620689655,6.8965520344827596,0.4444444444444444,4.28182710766136,5.809809847086095,6.050353346535661
20.982758620689655,6.8965520344827596,0.5555555555555556,4.245974975847553,5.800106991578614,6.0444352925813
20.982758620689655,6.8965520344827596,0.6666666666666666,4.2114742105722085,5.790822189415028,6.038333664036448
20.982758620689655,6.8965520344827596,0.7777777777777777,4.178191919572957,5.781920368803845,6.032089299106392
22.689655172413794,0.689656103448276,0.0,4.5317390666310375,4.967513657928403,6.709839157343774
22.689655172413794,0.689656103448276,0.1111111111111111,4.354690237566661,4.8527798637432715,6.658271061560222
22.689655172413794,0.689656103448276,0.2222222222222222,4.225529427310571,4.775903874200244,6.612304013982825
22.689655172413794,0.689656103448276,0.3333333333333333,4.119028413622284,4.717462029676839,6.571225052378197
22.689655172413794,0.689656103448276,0.4444444444444444,4.026123517058607,4.67022953290404,6.533955244285711
22.689655172413794,0.689656103448276,0.5555555555555556,3.9423818846706644,4.6306233542940465,6.4996995171998595
22.689655172413794,0.689656103448276,0.6666666666666666,3.8652644520200625,4.5965777378384685,6.467888214626663
22.689655172413794,0.689656103448276,0.7777777777777777,3.7931666551661065,4.566782840356314,6.438104063118274
22.689655172413794,0.689656103448276,0.8888888888888888,3.725003960839318,4.540351287098792,6.410032900517139
22.689655172413794,0.689656103448276,1.0,3.660006923728031,4.516651743374495,6.383432120940271
22.689655172413794,1.034483655172414,0.0,4.5317390666310375,5.22407869909205,6.622489168268263
22.689655172413794,1.034483655172414,0.1111111111111111,4.3754487576901955,5.134337817071917,6.586699373438018
22.689655172413794,1.034483655172414,0.2222222222222222,4.256313138595401,5.070290525499839,6.551119483805971
22.689655172413794,1.034483655172414,0.3333333333333333,4.15657725514816,5.020124313432429,6.517572917598611
22.689655172413794,1.034483655172414,0.4444444444444444,4.069002839784568,4.978823295369614,6.486142304928095
22.689655172413794,1.034483655172414,0.5555555555555556,3.9898396678643393,4.943732352381331,6.456624265742916
22.689655172413794,1.034483655172414,0.6666666666666666,3.9168654825453157,4.913258034473133,6.428785230854684
22.689655172413794,1.034483655172414,0.7777777777777777,3.848643444176747,4.8863618001960285,6.40241498917534
22.689655172413794,1.034483655172414,0.8888888888888888,3.784185675145685,4.862325779018279,6.377335008253047
22.689655172413794,1.034483655172414,1.0,3.722781360868008,4.840631331789425,6.353395846898942
22.689655172413794,1.3793112068965518,0.0,4.5317390666310375,5.38160959995635,6.550411077552537
22.689655172413794,1.3793112068965518,0.1111111111111111,4.392427532421491,5.3088523239813386,6.524793599778537
22.689655172413794,1.3793112068965518,0.2222222222222222,4.282316299845862,5.254193072175645,6.4969339283794465
22.689655172413794,1.3793112068965518,0.3333333333333333,4.188777658493732,5.210198165305687,6.469372930277391
22.689655172413794,1.3793112068965518,0.4444444444444444,4.106065935998489,5.173332049660306,6.442764351843433
22.689655172413794,1.3793112068965518,0.5555555555555556,4.031033904695624,5.141604678819781,6.4172562992028155
22.689655172413794,1.3793112068965518,0.6666666666666666,3.9617520414444107,5.113773784360224,6.392836376951183
22.689655172413794,1.3793112068965518,0.7777777777777777,3.8969435233222383,5.08900700955184,6.369439858285027
22.689655172413794,1.3793112068965518,0.8888888888888888,3.8357153910228448,5.066717041496401,6.346987977511355
22.689655172413794,1.3793112068965518,1.0,3.7774164301236226,5.046472745172504,6.325402198951255
22.689655172413794,1.7241387586206898,0.0,4.5317390666310375,5.489853785897164,6.4899323899817745
22.689655172413794,1.7241387586206898,0.1111111111111111,4.406461109287892,5.429405543397057,6.471013809851716
22.689655172413794,1.7241387586206898,0.2222222222222222,4.304439276533137,5.382078689449243,6.448889306282962
22.689655172413794,1.7241387586206898,0.3333333333333333,4.216579009345214,5.343061786554463,6.426063277091699
22.689655172413794,1.7241387586206898,0.4444444444444444,4.138330273959854,5.309834069275029,6.40341691806279
22.689655172413794,1.7241387586206898,0.5555555555555556,4.067066334174134,5.280893975823337,6.381287658231651
22.689655172413794,1.7241387586206898,0.6666666666666666,4.001122002216033,5.255268155631863,6.359799798118409
22.689655172413794,1.7241387586206898,0.7777777777777777,3.9393695028856808,5.23228653632095,6.338986243115155
22.689655172413794,1.7241387586206898,0.8888888888888888,3.88100648449081,5.211466539954736,6.318839018391257
22.689655172413794,1.7241387586206898,1.0,3.8254399627596865,5.192448188223279,6.299331984652046
22.689655172413794,2.068966310344828,0.0,4.5317390666310375,5.569424035883776,6.438457718533774
22.689655172413794,2.068966310344828,0.1111111111111111,4.418182506150817,5.518233008930306,6.424043309576513
22.689655172413794,2.068966310344828,0.2222222222222222,4.323394449489609,5.476794809017235,6.406193826717447
22.689655172413794,2.068966310344828,0.3333333333333333,4.240733814422481,5.44191425484371,6.387108374411633
22.689655172413794,2.068966310344828,0.4444444444444444,4.166595215606958,5.4117736045333364,6.3677090268611956
22.689655172413794,2.068966310344828,0.5555555555555556,4.098793257201936,5.385232770835192,6.3484186590181375
22.689655172413794,2.068966310344828,0.6666666666666666,4.035897090460823,5.361525984545107,6.329438807463423
22.689655172413794,2.068966310344828,0.7777777777777777,3.9769152082691064,5.340112147802813,6.310864191058024
22.689655172413794,2.068966310344828,0.8888888888888888,3.9211300482424387,5.320593695699794,6.292734973542665
22.689655172413794,2.068966310344828,1.0,3.8680041932720326,5.302669326555974,6.275062467637163
22.689655172413794,2.413793862068966,0.0,4.5317390666310375,5.630652094875716,6.394107236876366
22.689655172413794,2.413793862068966,0.1111111111111111,4.428072692746093,5.586612959316296,6.382782295093714
22.689655172413794,2.413793862068966,0.2222222222222222,4.339748148448876,5.549984475960671,6.368139016455754
22.689655172413794,2.413793862068966,0.3333333333333333,4.261845357560126,5.5185932417284445,6.352012041545282
22.689655172413794,2.413793862068966,0.4444444444444444,4.191499097314452,5.4911129080068335,6.335271764053494
22.689655172413794,2.413793862068966,0.5555555555555556,4.126893272906776,5.466671999211196,6.31836350008145
22.689655172413794,2.413793862068966,0.6666666666666666,4.066801778014892,5.444665462909934,6.301525890003473
22.689655172413794,2.413793862068966,0.7777777777777777,4.010355846225557,5.424655023873462,6.2848895761101256
22.689655172413794,2.413793862068966,0.8888888888888888,3.9569160521032085,5.406312384945771,6.2685256808061185
22.689655172413794,2.413793862068966,1.0,3.905997131714618,5.389384859574938,6.252471222738093
22.689655172413794,2.758621413793104,0.0,4.5317390666310375,5.679361467532755,6.35548876881274
22.689655172413794,2.758621413793104,0.1111111111111111,4.43649877904356,5.6409686873207345,6.346323396120427
22.689655172413794,2.758621413793104,0.2222222222222222,4.353952474401337,5.608318985083194,6.334103950041123
22.689655172413794,2.758621413793104,0.3333333333333333,4.280401480920951,5.57990034977647,6.320324220571971
22.689655172413794,2.758621413793104,0.4444444444444444,4.213558189905172,5.554733138364808,6.305763633174384
22.689655172413794,2.758621413793104,0.5555555555555556,4.151912646093465,5.532146308226632,6.2908541693511335
22.689655172413794,2.758621413793104,0.6666666666666666,4.094415622028283,5.511659503171564,6.275845652800735
22.689655172413794,2.758621413793104,0.7777777777777777,4.040307595932689,5.492916540475126,6.260886569091785
22.689655172413794,2.758621413793104,0.8888888888888888,3.9890202715634167,5.47564564187162,6.246066340741206
22.689655172413794,2.758621413793104,1.0,3.9401167131720243,5.459634468801303,6.231438689390498
22.689655172413794,3.103448965517242,0.0,4.5317390666310375,5.719111140975111,6.321550507520548
22.689655172413794,3.103448965517242,0.1111111111111111,4.4437428283176805,5.685258284702892,6.313921951046046
22.689655172413794,3.103448965517242,0.2222222222222222,4.366369880014334,5.655935576855235,6.303551720973723
22.689655172413794,3.103448965517242,0.3333333333333333,4.296799421330628,5.630068781816572,6.291642898793457
22.689655172413794,3.103448965517242,0.4444444444444444,4.233194281667118,5.606925373672018,6.278873167501784
22.689655172413794,3.103448965517242,0.5555555555555556,4.174296732756748,5.585984601457173,6.26564274327654
22.689655172413794,3.103448965517242,0.6666666666666666,4.119209069475252,5.566863095217829,6.252196741130374
22.689655172413794,3.103448965517242,0.7777777777777777,4.067268090227163,5.5492703014913225,6.238689317262747
22.689655172413794,3.103448965517242,0.8888888888888888,4.017969612609533,5.532980599248908,6.225219133554609
22.689655172413794,3.103448965517242,1.0,3.970921030265354,5.517815163277202,6.21184988061687
22.689655172413794,3.44827651724138,0.0,4.5317390666310375,5.752209915399388,6.291483498283272
22.689655172413794,3.44827651724138,0.1111111111111111,4.450023289176562,5.722065400024328,6.284967306724059
22.689655172413794,3.44827651724138,0.2222222222222222,4.377292293140156,5.695551479216746,6.276021907424318
22.689655172413794,3.44827651724138,0.3333333333333333,4.311364570085466,5.671889859502016,6.265612845925194
22.689655172413794,3.44827651724138,0.4444444444444444,4.250754829001217,5.650526057524295,6.254319460606364
22.689655172413794,3.44827651724138,0.5555555555555556,4.194412422389684,5.631052663439775,6.242502350507056
22.689655172413794,3.44827651724138,0.6666666666666666,4.141568663837759,5.613161976789758,6.230392853961369
22.689655172413794,3.44827651724138,0.7777777777777777,4.091644660365308,5.596616003014405,6.218142947249551
22.689655172413794,3.44827651724138,0.8888888888888888,4.044193565453239,5.581226854820482,6.205854245021159
22.689655172413794,3.44827651724138,1.0,3.9988631003783697,5.566843562523171,6.193595493746527
22.689655172413794,3.7931040689655178,0.0,4.5317390666310375,5.7802262374418865,6.264655567246467
22.689655172413794,3.7931040689655178,0.1111111111111111,4.455510822779314,5.753152928364452,6.25895767070266
22.689655172413794,3.7931040689655178,0.2222222222222222,4.3869560264728005,5.729031145412177,6.251121476743609
22.689655172413794,3.7931040689655178,0.3333333333333333,4.324364914040498,5.707286675407036,6.241922471400712
22.689655172413794,3.7931040689655178,0.4444444444444444,4.266528062593165,5.687494748046428,6.23185126159758
22.689655172413794,3.7931040689655178,0.5555555555555556,4.212564602017801,5.669333981095545,6.221227123940389
22.689655172413794,3.7931040689655178,0.6666666666666666,4.1618152613423565,5.652555937195862,6.2102630375884305
22.689655172413794,3.7931040689655178,0.7777777777777777,4.113774541768493,5.636964809637262,6.199104017844064
22.689655172413794,3.7931040689655178,0.8888888888888888,4.0680465535820085,5.622403601857412,6.187850426987476
22.689655172413794,3.7931040689655178,1.0,4.024315462076896,5.608744517841765,6.176572578477583
22.689655172413794,4.137931620689656,0.0,4.5317390666310375,5.804265578434796,6.240565586726563
22.689655172413794,4.137931620689656,0.1111111111111111,4.460339968420067,5.779767041409184,6.235479132727638
22.689655172413794,4.137931620689656,0.2222222222222222,4.395553406189738,5.7576990495673055,6.2285155626435404
22.689655172413794,4.137931620689656,0.3333333333333333,4.336022297357038,5.737630777227148,6.220299746635939
22.689655172413794,4.137931620689656,0.4444444444444444,4.280754547784335,5.719233028081334,6.211245175599034
22.689655172413794,4.137931620689656,0.5555555555555556,4.2290085174924865,5.7022501732822555,6.201631446710501
22.689655172413794,4.137931620689656,0.6666666666666666,4.180217507256887,5.686480394247335,6.191651439997705
22.689655172413794,4.137931620689656,0.7777777777777777,4.133939663329003,5.671761843314908,6.1814405478678776
22.689655172413794,4.137931620689656,0.8888888888888888,4.089824167789726,5.657962859215719,6.171095198762006
22.689655172413794,4.137931620689656,1.0,4.047587946228068,5.6449749483068645,6.160684873264828
22.689655172413794,4.482759172413794,0.0,4.5317390666310375,5.825130962017942,6.218811186117461
22.689655172413794,4.482759172413794,0.1111111111111111,4.464617757390132,5.802814576129854,6.214188618334533
19.275862068965516,9.655172448275863,0.4444444444444444,4.2302968455286845,5.821257458479228,5.934200528419756
19.275862068965516,9.655172448275863,0.5555555555555556,4.204196492033695,5.81507198383297,5.92961890360051
19.275862068965516,9.655172448275863,0.6666666666666666,4.178770412218992,5.809061701126262,5.924972244296712
19.275862068965516,9.655172448275863,0.7777777777777777,4.153971899616309,5.80321650009502,5.920272407168058
19.275862068965516,9.655172448275863,0.8888888888888888,4.129758651009038,5.797527081446536,5.915529669603265
19.275862068965516,9.655172448275863,1.0,4.106092253700615,5.791984878874323,5.910752952220859
19.275862068965516,10.0,0.0,4.342564809773673,5.853804854594398,5.944714323290707
19.275862068965516,10.0,0.1111111111111111,4.3140822052073675,5.847076464612122,5.940674188265943
19.275862068965516,10.0,0.2222222222222222,4.286457399511548,5.840555363550264,5.936510515598683
19.275862068965516,10.0,0.3333333333333333,4.259626428055725,5.834228960496946,5.932242236608682
19.275862068965516,10.0,0.4444444444444444,4.2335316595435675,5.828085678640649,5.927885775001856
19.275862068965516,10.0,0.5555555555555556,4.208121063143002,5.822114867094239,5.923455393645804
19.275862068965516,10.0,0.6666666666666666,4.183347561546754,5.816306718089726,5.918963493212485
19.275862068965516,10.0,0.7777777777777777,4.15916846249612,5.810652190371126,5.914420868477916
19.275862068965516,10.0,0.8888888888888888,4.135544960599491,5.805142939032599,5.909836927858318
19.275862068965516,10.0,1.0,4.112441701342419,5.799771251697696,5.905219881302857
20.982758620689655,1e-06,0.0,4.4422630872587705,3.045742585328886,6.852199842367382
20.982758620689655,1e-06,0.1111111111111111,4.237697683742278,3.045740639444781,6.7531382435759815
20.982758620689655,1e-06,0.2222222222222222,4.095891623823633,3.0457456772557037,6.682793532449265
20.982758620689655,1e-06,0.3333333333333333,3.9798596743213253,3.0457435126159678,6.62572164612805
20.982758620689655,1e-06,0.4444444444444444,3.8784468470681026,3.0457466401624647,6.576715171650558
20.982758620689655,1e-06,0.5555555555555556,3.7865493355680626,3.0457468638872234,6.5332532321796295
20.982758620689655,1e-06,0.6666666666666666,3.701350498347726,3.0457471409839454,6.493890172901794
20.982758620689655,1e-06,0.7777777777777777,3.6211162056987862,3.045747421029908,6.457707604692352
20.982758620689655,1e-06,0.8888888888888888,,,
20.982758620689655,1e-06,1.0,3.4713158095554415,3.0456285635398914,6.392559952048026
20.982758620689655,0.34482855172413795,0.0,4.4422630872587705,4.282449606415889,6.733683181704904
20.982758620689655,0.34482855172413795,0.1111111111111111,4.264851176599756,4.15369610299403,6.664725962503568
20.982758620689655,0.34482855172413795,0.2222222222222222,4.135171068997006,4.068207721679064,6.609675110297271
20.982758620689655,0.34482855172413795,0.3333333333333333,4.027561412586157,4.003312113069568,6.562683124678393
20.982758620689655,0.34482855172413795,0.4444444444444444,3.9330716967657406,3.9508641075565225,6.521122236211102
20.982758620689655,0.34482855172413795,0.5555555555555556,3.84736373859099,3.906879290262107,6.483537384298747
20.982758620689655,0.34482855172413795,0.6666666666666666,3.76796176386581,3.8690761902686646,6.449022053889249
20.982758620689655,0.34482855172413795,0.7777777777777777,3.693304195442235,3.83601338481347,6.416966260961075
20.982758620689655,0.34482855172413795,0.8888888888888888,3.622337487831672,3.8067160626796603,6.386936478684904
20.982758620689655,0.34482855172413795,1.0,3.5543164621311534,3.780491067861373,6.3586116878832195
20.982758620689655,0.689656103448276,0.0,4.4422630872587705,4.8397361851873955,6.6379446614764035
20.982758620689655,0.689656103448276,0.1111111111111111,4.2866197994898885,4.7469064319220635,6.588421518925392
20.982758620689655,0.689656103448276,0.2222222222222222,4.16772855586632,4.681568496642236,6.544969011704164
20.982758620689655,0.689656103448276,0.3333333333333333,4.067637418549273,4.630713679247056,6.506119251350607
20.982758620689655,0.689656103448276,0.4444444444444444,3.9792350196626303,4.589013191355617,6.470780554507062
20.982758620689655,0.689656103448276,0.5555555555555556,3.8988722792939723,4.553692611725655,6.438209919571798
20.982758620689655,0.689656103448276,0.6666666666666666,3.8243951139119448,4.523102505072621,6.40788619046699
20.982758620689655,0.689656103448276,0.7777777777777777,3.7544128610774115,4.496174173940935,6.379429996549896
20.982758620689655,0.689656103448276,0.8888888888888888,3.687970006185499,4.472171772732734,6.35255600069708
20.982758620689655,0.689656103448276,1.0,3.6243794526159845,4.450565063262309,6.3270436202619935
20.982758620689655,1.034483655172414,0.0,4.4422630872587705,5.109390678252999,6.559098457487006
20.982758620689655,1.034483655172414,0.1111111111111111,4.30427064188709,5.036031146109913,6.52241128261969
20.982758620689655,1.034483655172414,0.2222222222222222,4.194958212516719,4.981611738488385,6.4877099750770375
20.982758620689655,1.034483655172414,0.3333333333333333,4.101627664224973,4.938087203287268,6.455387655583672
20.982758620689655,1.034483655172414,0.4444444444444444,4.018660356076995,4.901764747386747,6.4252131234049665
20.982758620689655,1.034483655172414,0.5555555555555556,3.9430100856241195,4.870602198344433,6.3968969880738875
20.982758620689655,1.034483655172414,0.6666666666666666,3.8728170309237036,4.843337950591885,6.370183176193175
20.982758620689655,1.034483655172414,0.7777777777777777,3.8068523714720173,4.819132355153008,6.34485936881024
20.982758620689655,1.034483655172414,0.8888888888888888,3.744256975571453,4.797395662899184,6.320751666848482
20.982758620689655,1.034483655172414,1.0,3.684404169209666,4.777696344799586,6.29771719487301
20.982758620689655,1.3793112068965518,0.0,4.4422630872587705,5.275969488977986,6.4930769598986515
20.982758620689655,1.3793112068965518,0.1111111111111111,4.318748778236437,5.215860192109609,6.465069512638404
20.982758620689655,1.3793112068965518,0.2222222222222222,4.217926813084205,5.169305819594717,6.436973823189021
20.982758620689655,1.3793112068965518,0.3333333333333333,4.130697908625035,5.131144949963616,6.409865045173465
20.982758620689655,1.3793112068965518,0.4444444444444444,4.0526315011495555,5.09876620967239,6.383958419252862
20.982758620689655,1.3793112068965518,0.5555555555555556,3.9811973509540706,5.070642339281823,6.359238615935466
20.982758620689655,1.3793112068965518,0.6666666666666666,3.9147987790541348,5.045794239127554,6.335624667039505
20.982758620689655,1.3793112068965518,0.7777777777777777,3.852356270305219,5.023552754359925,6.313021369601263
20.982758620689655,1.3793112068965518,0.8888888888888888,3.7931020216496343,5.003438376167057,6.2913363708843955
20.982758620689655,1.3793112068965518,1.0,3.736468319249461,4.985094693006767,6.270485534742334
20.982758620689655,1.7241387586206898,0.0,4.4422630872587705,5.391050205293601,6.436999378601427
20.982758620689655,1.7241387586206898,0.1111111111111111,4.3307602641380445,5.340622941889822,6.414999552898566
20.982758620689655,1.7241387586206898,0.2222222222222222,4.237459999906901,5.30017501894002,6.391911937156459
20.982758620689655,1.7241387586206898,0.3333333333333333,4.155748913851561,5.266298451111364,6.368965098968658
20.982758620689655,1.7241387586206898,0.4444444444444444,4.082129884353078,5.237119603827715,6.346578920244225
20.982758620689655,1.7241387586206898,0.5555555555555556,4.014506915498418,5.211485267417493,6.3248926978907
20.982758620689655,1.7241387586206898,0.6666666666666666,3.951514559672105,5.188629813490765,6.303935801303103
20.982758620689655,1.7241387586206898,0.7777777777777777,3.8922085170628042,5.168016397603395,6.283692235034123
20.982758620689655,1.7241387586206898,0.8888888888888888,3.8359056645644984,5.149252688948034,6.264127615294162
20.982758620689655,1.7241387586206898,1.0,3.7820941316026,5.132042496726806,6.245201146796127
20.982758620689655,2.068966310344828,0.0,4.4422630872587705,5.476027027978317,6.38877767165627
20.982758620689655,2.068966310344828,0.1111111111111111,4.340834790226039,5.432952205159566,6.371030852597293
20.982758620689655,2.068966310344828,0.2222222222222222,4.254202183907104,5.397401206824492,6.351767463651268
20.982758620689655,2.068966310344828,0.3333333333333333,4.177487398845957,5.367065715956666,6.3321497197588545
20.982758620689655,2.068966310344828,0.4444444444444444,4.107921146757709,5.340583392015188,6.312667593030783
20.982758620689655,2.068966310344828,0.5555555555555556,4.043768439773953,5.317076137683156,6.293538656663374
20.982758620689655,2.068966310344828,0.6666666666666666,3.983864277315268,5.295941636739829,6.274857572938356
20.982758620689655,2.068966310344828,0.7777777777777777,3.9273850907875185,5.276747122460055,6.256659638017113
20.982758620689655,2.068966310344828,0.8888888888888888,3.8737250821611684,5.259170261723277,6.2389503401656015
20.982758620689655,2.068966310344828,1.0,3.822424328264413,5.242963976034539,6.221720028714046
20.982758620689655,2.413793862068966,0.0,4.4422630872587705,5.5416585788538235,6.346865790934254
20.982758620689655,2.413793862068966,0.1111111111111111,4.3493722916642215,5.504319113490995,6.332195382261071
20.982758620689655,2.413793862068966,0.2222222222222222,4.268659875757661,5.472771384314994,6.315878616397816
20.982758620689655,2.413793862068966,0.3333333333333333,4.196474406734594,5.445415000350984,6.29893423640016
20.982758620689655,2.413793862068966,0.4444444444444444,4.130612181559598,5.421246395414814,6.281851687320662
20.982758620689655,2.413793862068966,0.5555555555555556,4.069635792652086,5.399591386692409,6.264879925594337
20.982758620689655,2.413793862068966,0.6666666666666666,4.012552212598183,5.379973371821897,6.248148577516436
20.982758620689655,2.413793862068966,0.7777777777777777,3.9586444845863373,5.362041940759266,6.231724238574709
20.982758620689655,2.413793862068966,0.8888888888888888,3.907376602784302,5.345531318480511,6.215638717312823
20.982758620689655,2.413793862068966,1.0,3.8583363586509076,5.330234759650852,6.199904059936942
20.982758620689655,2.758621413793104,0.0,4.4422630872587705,5.594032450315403,6.310096623451101
20.982758620689655,2.758621413793104,0.1111111111111111,4.356677175960474,5.561262229297851,6.297697416564127
20.982758620689655,2.758621413793104,0.2222222222222222,4.281233806925472,5.53303344263679,6.2836741651579135
20.982758620689655,2.758621413793104,0.3333333333333333,4.213159586110973,5.508212353654646,6.268888054011635
20.982758620689655,2.758621413793104,0.4444444444444444,4.150690225160737,5.486050123578984,6.253794094695112
20.982758620689655,2.758621413793104,0.5555555555555556,4.092632292837705,5.466024743908281,6.2386451234939955
20.982758620689655,2.758621413793104,0.6666666666666666,4.0381391887089,5.447756831663613,6.223585974796619
20.982758620689655,2.758621413793104,0.7777777777777777,3.9865872955441697,5.430961387041618,6.208700605478562
20.982758620689655,2.758621413793104,0.8888888888888888,3.937503029788825,5.415418490665305,6.194037227985708
20.982758620689655,2.758621413793104,1.0,3.8905175894510178,5.400954636851866,6.1796224150936405
20.982758620689655,3.103448965517242,0.0,4.4422630872587705,5.636883412664949,6.2775735917403805
20.982758620689655,3.103448965517242,0.1111111111111111,4.362983258295617,5.607817758984367,6.2668837409848415
20.982758620689655,3.103448965517242,0.2222222222222222,4.292243073593676,5.582372318508148,6.254664937513411
20.982758620689655,3.103448965517242,0.3333333333333333,4.227906227745012,5.559727783802224,6.241632314254091
20.982758620689655,3.103448965517242,0.4444444444444444,4.168550565928882,5.539318306111088,6.228192845824408
20.982758620689655,3.103448965517242,0.5555555555555556,4.113182111420721,5.520736226427123,6.214588097997997
17.56896551724138,8.275862241379311,0.8888888888888888,4.01032901520524,5.695704055628327,5.881421605789738
17.56896551724138,8.275862241379311,1.0,3.9858712259232547,5.690141504941596,5.875774208882043
17.56896551724138,8.620689793103448,0.0,4.230025308986138,5.755198660947344,5.917321228839764
17.56896551724138,8.620689793103448,0.1111111111111111,4.200694899660266,5.748330165069196,5.912179626519522
17.56896551724138,8.620689793103448,0.2222222222222222,4.17226559804994,5.741695516397226,5.906954203517783
17.56896551724138,8.620689793103448,0.3333333333333333,4.144663009606771,5.7352783436195125,5.901663095818727
17.56896551724138,8.620689793103448,0.4444444444444444,4.11782114643455,5.729063896950529,5.896321552625717
17.56896551724138,8.620689793103448,0.5555555555555556,4.0916812500407085,5.7230388500747145,5.890942427197012
17.56896551724138,8.620689793103448,0.6666666666666666,4.066190800741046,5.717191129200283,5.885536577241605
17.56896551724138,8.620689793103448,0.7777777777777777,4.041302682504062,5.711509765493104,5.880113192513177
17.56896551724138,8.620689793103448,0.8888888888888888,4.016974476988251,5.705984767555274,5.87468006373954
17.56896551724138,8.620689793103448,1.0,3.993167864949462,5.700607011036097,5.8692438041822115
17.56896551724138,8.965517344827587,0.0,4.2300253089861375,5.762912666845247,5.909361096157458
17.56896551724138,8.965517344827587,0.1111111111111111,4.201654674208187,5.7563352260924505,5.90440222623296
17.56896551724138,8.965517344827587,0.2222222222222222,4.1741211961808515,5.749971301712446,5.899366004627651
17.56896551724138,8.965517344827587,0.3333333333333333,4.147358555494407,5.743806607162095,5.894268526968731
17.56896551724138,8.965517344827587,0.4444444444444444,4.121307612472013,5.737828205565694,5.889123432342296
17.56896551724138,8.965517344827587,0.5555555555555556,4.095915445585166,5.732024353202655,5.883942303007018
17.56896551724138,8.965517344827587,0.6666666666666666,4.071134535089324,5.726384363128158,5.878734993833883
17.56896551724138,8.965517344827587,0.7777777777777777,4.046922068964642,5.720898486399556,5.873509904476464
17.56896551724138,8.965517344827587,0.8888888888888888,4.023239351590848,5.715557808587458,5.8682742048566015
17.56896551724138,8.965517344827587,1.0,4.000051298651867,5.7103541595008345,5.863034022542897
17.56896551724138,9.310344896551724,0.0,4.2300253089861375,5.770115230212335,5.901827756670973
17.56896551724138,9.310344896551724,0.1111111111111111,4.202554426013062,5.763806675819477,5.8970378145274305
17.56896551724138,9.310344896551724,0.2222222222222222,4.17586317295187,5.757693678700879,5.892176449366393
17.56896551724138,9.310344896551724,0.3333333333333333,4.149892204302531,5.751763715177489,5.8872579858498115
17.56896551724138,9.310344896551724,0.4444444444444444,4.124588338282352,5.7460053916064,5.882294649462795
17.56896551724138,9.310344896551724,0.5555555555555556,4.099903766223283,5.74040831982156,5.8772968937860295
17.56896551724138,9.310344896551724,0.6666666666666666,4.075795375850811,5.73496300763504,5.872273672811365
17.56896551724138,9.310344896551724,0.7777777777777777,4.05222417147256,5.729660762683883,5.86723266795578
17.56896551724138,9.310344896551724,0.8888888888888888,4.029154776369608,5.724493608002429,5.862180477746823
17.56896551724138,9.310344896551724,1.0,4.0065550048223555,5.719454207842503,5.8571227767275404
17.56896551724138,9.655172448275863,0.0,4.230025308986138,5.7768559445491885,5.894687671177568
17.56896551724138,9.655172448275863,0.1111111111111111,4.203399550436982,5.77079645128062,5.890054399546866
17.56896551724138,9.655172448275863,0.2222222222222222,4.177501502805965,5.764916588033677,5.8853551347789015
17.56896551724138,9.655172448275863,0.3333333333333333,4.152277871073137,5.759205329694663,5.88060265990102
17.56896551724138,9.655172448275863,0.4444444444444444,4.1276806776436,5.753652602585034,5.875807956923949
17.56896551724138,9.655172448275863,0.5555555555555556,4.103666608263877,5.748249184665193,5.870980476195276
17.56896551724138,9.655172448275863,0.6666666666666666,4.080196447921126,5.742986617081871,5.866128362508386
17.56896551724138,9.655172448275863,0.7777777777777777,4.057234594047702,5.737857125895518,5.8612586451833515
17.56896551724138,9.655172448275863,0.8888888888888888,4.034748635895589,5.732853552854572,5.856377398160793
17.56896551724138,9.655172448275863,1.0,4.012708990445791,5.727969294159237,5.851489875133027
17.56896551724138,10.0,0.0,4.2300253089861375,5.78317815439795,5.88791073384255
17.56896551724138,10.0,0.1111111111111111,4.204194821762242,5.77734993013319,5.883423201413201
17.56896551724138,10.0,0.2222222222222222,4.179045041543426,5.771687157589001,5.878874647690848
17.56896551724138,10.0,0.3333333333333333,4.154527945393873,5.766180091917746,5.874276509826512
17.56896551724138,10.0,0.4444444444444444,4.130600118968844,5.7608197935692,5.869638673796735
17.56896551724138,10.0,0.5555555555555556,4.107222212169616,5.755598047823996,5.864969697194118
17.56896551724138,10.0,0.6666666666666666,4.084358466412476,5.750507292926372,5.860276997787108
17.56896551724138,10.0,0.7777777777777777,4.061976303963924,5.745540556028608,5.855567013277391
17.56896551724138,10.0,0.8888888888888888,4.040045970848961,5.74069139615406,5.850845336857904
17.56896551724138,10.0,1.0,4.018540225897968,5.735953853420487,5.846116832445902
19.275862068965516,1e-06,0.0,4.342564809773673,3.045744706757564,6.743618572013529
19.275862068965516,1e-06,0.1111111111111111,4.165934561341024,3.045745905724507,6.66072375372124
19.275862068965516,1e-06,0.2222222222222222,4.035372509785846,3.0390262909270964,6.598360615142176
19.275862068965516,1e-06,0.3333333333333333,3.9259313588442053,3.045747131612275,6.546528055064748
19.275862068965516,1e-06,0.4444444444444444,3.828964016969049,3.04574731409784,6.50138831643305
19.275862068965516,1e-06,0.5555555555555556,3.740279269156588,3.0457478491658643,6.460973801271983
19.275862068965516,1e-06,0.6666666666666666,3.657482486696493,3.045747529665925,6.424116171903546
19.275862068965516,1e-06,0.7777777777777777,3.579062383884713,3.045734240082835,6.390055189868214
19.275862068965516,1e-06,0.8888888888888888,3.50400091344621,3.045745812938488,6.3582638896207
19.275862068965516,1e-06,1.0,3.431582309373912,3.045748620948105,6.328359606756689
19.275862068965516,0.34482855172413795,0.0,4.342564809773673,4.123051369840629,6.640605298980419
19.275862068965516,0.34482855172413795,0.1111111111111111,4.188695069687009,4.021550163140528,6.57978400737273
19.275862068965516,0.34482855172413795,0.2222222222222222,4.069962122386528,3.9499015798114714,6.529914886796643
19.275862068965516,0.34482855172413795,0.3333333333333333,3.9690861183644524,3.8939639329303897,6.486709361833641
19.275862068965516,0.34482855172413795,0.4444444444444444,3.8792652346503087,3.8479892160962974,6.448121757973402
19.275862068965516,0.34482855172413795,0.5555555555555556,3.797008952020594,3.808990479264597,6.412978294555863
19.275862068965516,0.34482855172413795,0.6666666666666666,3.7202532467737672,3.775191710566022,6.380529762679859
19.275862068965516,0.34482855172413795,0.7777777777777777,3.647662874965094,3.7454409196637,6.35026295658689
19.275862068965516,0.34482855172413795,0.8888888888888888,3.578318924334809,3.7189435697833817,6.321808059063486
19.275862068965516,0.34482855172413795,1.0,3.511560382592501,3.6951259413664532,6.29488817444617
19.275862068965516,0.689656103448276,0.0,4.342564809773673,4.706693661112189,6.555848340043685
19.275862068965516,0.689656103448276,0.1111111111111111,4.206950412977793,4.633574660137996,6.50984692672201
19.275862068965516,0.689656103448276,0.2222222222222222,4.098526957560242,4.579495678058641,6.469492760990284
19.275862068965516,0.689656103448276,0.3333333333333333,4.00517626046902,4.536309831035237,6.433235551321092
19.275862068965516,0.689656103448276,0.4444444444444444,3.9215721815876803,4.5003164441575905,6.4000954646348776
19.275862068965516,0.689656103448276,0.5555555555555556,3.844827533226494,4.4694778420729495,6.369422992485309
19.275862068965516,0.689656103448276,0.6666666666666666,3.7731763694073828,4.442537714594213,6.340764156620139
19.275862068965516,0.689656103448276,0.7777777777777777,3.705448979728884,4.418660649222216,6.313787629155789
19.275862068965516,0.689656103448276,0.8888888888888888,3.640825419826592,4.397259987538653,6.288243109291205
19.275862068965516,0.689656103448276,1.0,3.5787062040447313,4.377906367565744,6.263936168073586
19.275862068965516,1.034483655172414,0.0,4.342564809773673,4.989371792795647,6.484960451220299
19.275862068965516,1.034483655172414,0.1111111111111111,4.221786543664236,4.931037377981254,6.449157809585236
19.275862068965516,1.034483655172414,0.2222222222222222,4.1223640377491755,4.886004459082101,6.416060273314026
19.275862068965516,1.034483655172414,0.3333333333333333,4.035677641315534,4.849156019047469,6.385383872048823
19.275862068965516,1.034483655172414,0.4444444444444444,3.957560546769037,4.8179331489218145,6.356757650369499
19.275862068965516,1.034483655172414,0.5555555555555556,3.8856344628524853,4.790847260755633,6.329866589527334
19.275862068965516,1.034483655172414,0.6666666666666666,3.818396054983812,4.766946660169752,6.304458661179575
19.275862068965516,1.034483655172414,0.7777777777777777,3.75482629149832,4.745581851402429,6.2803331280201
19.275862068965516,1.034483655172414,0.8888888888888888,3.6941982625054193,4.726287731248565,6.257328638659046
19.275862068965516,1.034483655172414,1.0,3.635972881507715,4.708718672177244,6.235313866023695
19.275862068965516,1.3793112068965518,0.0,4.342564809773673,5.164833238761604,6.424825453520277
19.275862068965516,1.3793112068965518,0.1111111111111111,4.233997986941218,5.116534029127837,6.3962145902248295
19.275862068965516,1.3793112068965518,0.2222222222222222,4.142450035144787,5.07790198490894,6.368681315491011
19.275862068965516,1.3793112068965518,0.3333333333333333,4.061696081598385,5.045593610395802,6.342489305386168
19.275862068965516,1.3793112068965518,0.4444444444444444,3.9884699282158707,5.017793751444191,6.317599480984751
19.275862068965516,1.3793112068965518,0.5555555555555556,3.920816065444429,4.993392046612993,6.293902617361185
19.275862068965516,1.3793112068965518,0.6666666666666666,3.8574587468534967,4.971653738584883,6.271280805860622
19.275862068965516,1.3793112068965518,0.7777777777777777,3.7975135073489237,4.95206456216706,6.249624778949128
19.275862068965516,1.3793112068965518,0.8888888888888888,3.7403386038943847,4.934249050285178,6.2288379944121655
19.275862068965516,1.3793112068965518,1.0,3.6854516393335865,4.917923869284091,6.208836526304891
19.275862068965516,1.7241387586206898,0.0,4.342564809773673,5.286624751802024,6.373180955837278
19.275862068965516,1.7241387586206898,0.1111111111111111,4.244170572442069,5.2457043363751295,6.349761737983338
19.275862068965516,1.7241387586206898,0.2222222222222222,4.159529903548482,5.212009139849022,6.3265295720358035
19.275862068965516,1.7241387586206898,0.3333333333333333,4.084076910838345,5.1832889383792615,6.303951392052273
19.275862068965516,1.7241387586206898,0.4444444444444444,4.015240797266558,5.158233362149022,6.282157232291267
19.275862068965516,1.7241387586206898,0.5555555555555556,3.9514135393418797,5.136003612761351,6.261159073652111
19.275862068965516,1.7241387586206898,0.6666666666666666,3.8915142278554664,5.116026522607155,6.240925223983672
19.275862068965516,1.7241387586206898,0.7777777777777777,3.834776983953312,5.097891162582219,6.221408835929173
19.275862068965516,1.7241387586206898,0.8888888888888888,3.7806368153999057,5.081291837278317,6.2025595740785295
19.275862068965516,1.7241387586206898,1.0,3.7286634103230396,5.06599436859983,6.184328465141107
20.982758620689655,6.8965520344827596,0.8888888888888888,4.146013088982374,5.773370538519509,6.025735493778804
20.982758620689655,6.8965520344827596,1.0,4.1148376189367,5.765145210200963,6.019299502180057
20.982758620689655,7.2413795862068975,0.0,4.4422630872587705,5.8633086262588785,6.059843957690371
20.982758620689655,7.2413795862068975,0.1111111111111111,4.400919378953619,5.852139520032525,6.055478115142319
20.982758620689655,7.2413795862068975,0.2222222222222222,4.361533548034456,5.841516823501856,6.050688795932103
20.982758620689655,7.2413795862068975,0.3333333333333333,4.323889176538357,5.831390780583258,6.045558503517283
20.982758620689655,7.2413795862068975,0.4444444444444444,4.287801167542854,5.821717522250328,6.040154301270776
20.982758620689655,7.2413795862068975,0.5555555555555556,4.2531105787216035,5.812458327216885,6.0345308598540734
20.982758620689655,7.2413795862068975,0.6666666666666666,4.219680294756076,5.803578946087334,6.028732899170931
20.982758620689655,7.2413795862068975,0.7777777777777777,4.187391446968594,5.795049003450962,6.022797131380762
20.982758620689655,7.2413795862068975,0.8888888888888888,4.156140468056191,5.786841478493172,6.016753803071252
20.982758620689655,7.2413795862068975,1.0,4.125836673372557,5.778932258113415,6.010627919811482
20.982758620689655,7.586207137931035,0.0,4.4422630872587705,5.872149726863842,6.049430466395223
20.982758620689655,7.586207137931035,0.1111111111111111,4.402533281675771,5.861580938259509,6.045224103263063
20.982758620689655,7.586207137931035,0.2222222222222222,4.364594115966821,5.851500339593909,6.040635127762304
20.982758620689655,7.586207137931035,0.3333333333333333,4.328257437318892,5.841865957347336,6.035734498997523
20.982758620689655,7.586207137931035,0.4444444444444444,4.293360898702982,5.832640467510131,6.030580598664334
20.982758620689655,7.586207137931035,0.5555555555555556,4.259763952000932,5.82379066370798,6.025221565962874
20.982758620689655,7.586207137931035,0.6666666666666666,4.227344440332187,5.815286958938176,6.019697203296166
20.982758620689655,7.586207137931035,0.7777777777777777,4.195995737757745,5.807102935704124,6.0140405186056185
20.982758620689655,7.586207137931035,0.8888888888888888,4.165624364532672,5.799214948301737,6.008278968883177
20.982758620689655,7.586207137931035,1.0,4.136148004267053,5.791601775532629,6.002435461852395
20.982758620689655,7.931034689655173,0.0,4.4422630872587705,5.880302832023676,6.039675345715661
20.982758620689655,7.931034689655173,0.1111111111111111,4.404028018561482,5.87027846310179,6.035612093368589
20.982758620689655,7.931034689655173,0.2222222222222222,4.367436334963204,5.860692254510912,6.031202380932435
20.982758620689655,7.931034689655173,0.3333333333333333,4.3323235562631455,5.851508559661352,6.026507508260088
20.982758620689655,7.931034689655173,0.4444444444444444,4.298546627156502,5.842695436230914,6.021578465629011
20.982758620689655,7.931034689655173,0.5555555555555556,4.265980778371857,5.834224260429033,6.016457736503907
20.982758620689655,7.931034689655173,0.6666666666666666,4.234516820974517,5.826069356975399,6.011180793805484
20.982758620689655,7.931034689655173,0.7777777777777777,4.204058845535851,5.8182076584399365,6.005777329985149
20.982758620689655,7.931034689655173,0.8888888888888888,4.174522280176438,5.810618399004717,6.000272263276221
20.982758620689655,7.931034689655173,1.0,4.145832257382749,5.803282843119949,5.994686559217578
20.982758620689655,8.275862241379311,0.0,4.4422630872587705,5.88784587789472,6.0305177478257646
20.982758620689655,8.275862241379311,0.1111111111111111,4.405416113991686,5.878317114656266,6.026583842967967
20.982758620689655,8.275862241379311,0.2222222222222222,4.370082266806548,5.86918327355313,6.022335525733817
20.982758620689655,8.275862241379311,0.3333333333333333,4.336117020027667,5.860413891049451,6.017825975947722
20.982758620689655,8.275862241379311,0.4444444444444444,4.303393763939241,5.851981479120966,6.013099872233539
20.982758620689655,8.275862241379311,0.5555555555555556,4.271801322346743,5.84386124342631,6.0081947941535825
20.982758620689655,8.275862241379311,0.6666666666666666,4.241241786989662,5.836030806638162,6.00314240400699
20.982758620689655,8.275862241379311,0.7777777777777777,4.211628654285481,5.828469948895391,5.997969432505469
20.982758620689655,8.275862241379311,0.8888888888888888,4.182885235025588,5.821160370717618,5.992698496022927
20.982758620689655,8.275862241379311,1.0,4.154943302833878,5.814085479945403,5.9873487722337115
20.982758620689655,8.620689793103448,0.0,4.4422630872587705,5.894845382623924,6.0219041296135885
20.982758620689655,8.620689793103448,0.1111111111111111,4.406708422144071,5.885769384763819,6.018087906781556
20.982758620689655,8.620689793103448,0.2222222222222222,4.372551159106801,5.877050740310662,6.013985741306396
20.982758620689655,8.620689793103448,0.3333333333333333,4.339663695218544,5.868663262281007,6.009643955628574
20.982758620689655,8.620689793103448,0.4444444444444444,4.3079335107352845,5.860583172373878,6.0051018221207535
20.982758620689655,8.620689793103448,0.5555555555555556,4.277261187947984,5.852788893663084,6.000392661313213
20.982758620689655,8.620689793103448,0.6666666666666666,4.247558664507232,5.845260842401569,5.995544780721683
20.982758620689655,8.620689793103448,0.7777777777777777,4.218747714653525,5.837981229118353,5.990582268390829
20.982758620689655,8.620689793103448,0.8888888888888888,4.190758639672503,5.8309338741095145,5.985525659120398
20.982758620689655,8.620689793103448,1.0,4.163529144168534,5.82410403938898,5.980392491720377
20.982758620689655,8.965517344827587,0.0,4.4422630872587705,5.901358474209478,6.0137871851337135
20.982758620689655,8.965517344827587,0.1111111111111111,4.407914392577651,5.892697469158556,6.010078681155613
20.982758620689655,8.965517344827587,0.2222222222222222,4.374859871148079,5.884361011499266,6.006109581496979
20.982758620689655,8.965517344827587,0.3333333333333333,4.342986353822864,5.876326466689336,6.001920391780815
20.982758620689655,8.965517344827587,0.4444444444444444,4.312193450605245,5.868573164296016,5.997545739127118
20.982758620689655,8.965517344827587,0.5555555555555556,4.282391955914128,5.861082244567317,5.99301523812857
20.982758620689655,8.965517344827587,0.6666666666666666,4.25350242935377,5.8538365008243,5.988354240851522
20.982758620689655,8.965517344827587,0.7777777777777777,4.22545394989337,5.846820226188504,5.983584478656261
20.982758620689655,8.965517344827587,0.8888888888888888,4.198183031668506,5.840019069268611,5.978724607348771
20.982758620689655,8.965517344827587,1.0,4.171632685336219,5.833419901013832,5.973790668169686
20.982758620689655,9.310344896551724,0.0,4.4422630872587705,5.907434499188651,6.006124960358301
20.982758620689655,9.310344896551724,0.1111111111111111,4.409042287376901,5.8991550377340705,6.002515603641228
20.982758620689655,9.310344896551724,0.2222222222222222,4.377023226214525,5.891171342306233,5.998668268423008
20.982758620689655,9.310344896551724,0.3333333333333333,4.346105111913903,5.883463748043498,5.994618504987448
20.982758620689655,9.310344896551724,0.4444444444444444,4.316198044505194,5.876014202747604,5.990396936516651
20.982758620689655,9.310344896551724,0.5555555555555556,4.287221721711589,5.868806152703977,5.986029946323119
20.982758620689655,9.310344896551724,0.6666666666666666,4.259104277599579,5.861824422704693,5.981540280259505
20.982758620689655,9.310344896551724,0.7777777777777777,4.231781254390989,5.855055097318709,5.97694756818366
20.982758620689655,9.310344896551724,0.8888888888888888,4.20519470008469,5.848485407474322,5.972268771712391
20.982758620689655,9.310344896551724,1.0,4.1792923808305265,5.842103624505228,5.967518566736709
20.982758620689655,9.655172448275863,0.0,4.4422630872587705,5.913116310224123,5.99888011486623
20.982758620689655,9.655172448275863,0.1111111111111111,4.4100993597248355,5.9051886509183245,5.995362479485533
20.982758620689655,9.655172448275863,0.2222222222222222,4.379054304493953,5.897531396140419,5.991627092177946
20.982758620689655,9.655172448275863,0.3333333333333333,4.3490377974804355,5.890127378387036,5.987705264307551
20.982758620689655,9.655172448275863,0.4444444444444444,4.319969050237859,5.882960762909087,5.983624157095003
20.982758620689655,9.655172448275863,0.5555555555555556,4.291775551519309,5.8760169623248375,5.979407330347987
20.982758620689655,9.655172448275863,0.6666666666666666,4.264392110502227,5.869282544816717,5.975075228863617
20.982758620689655,9.655172448275863,0.7777777777777777,4.237760003195627,5.8627451417035825,5.970645607990185
20.982758620689655,9.655172448275863,0.8888888888888888,4.211826217524223,5.856393357894348,5.966133902753068
20.982758620689655,9.655172448275863,1.0,4.1865427894637754,5.850216687217698,5.961553546231545
20.982758620689655,10.0,0.0,4.4422630872587705,5.918441305208938,5.992019302741898
20.982758620689655,10.0,0.1111111111111111,4.411092001571002,5.91083890217911,5.988586912423687
20.982758620689655,10.0,0.2222222222222222,4.3809646877137265,5.903484463338758,5.984954899020618
20.982758620689655,10.0,0.3333333333333333,4.35180026008494,5.8963629331714325,5.981150933378407
20.982758620689655,10.0,0.4444444444444444,4.3235258772798755,5.889460364398706,5.977199174122358
20.982758620689655,10.0,0.5555555555555556,4.296075870101677,5.882763853853106,5.973120708366463
20.982758620689655,10.0,0.6666666666666666,4.269390948213898,5.876261471897896,5.968933946435837
20.982758620689655,10.0,0.7777777777777777,4.2434174874566075,5.869942190138429,5.964654970667654
20.982758620689655,10.0,0.8888888888888888,4.218106895138021,5.863795810412088,5.960297840835001
20.982758620689655,10.0,1.0,4.193415048032411,5.857812896851533,5.955874859956882
22.689655172413794,1e-06,0.0,4.5317390666310375,3.045736338138491,6.9543398700677255
22.689655172413794,1e-06,0.1111111111111111,4.2971009619527765,3.0457428868939886,6.837410690435403
22.689655172413794,1e-06,0.2222222222222222,4.144709977349092,3.045744248641001,6.759197900272327
22.689655172413794,1e-06,0.3333333333333333,4.022641979617379,3.0457451228619847,6.697133160985476
22.689655172413794,1e-06,0.4444444444444444,,,
22.689655172413794,1e-06,0.5555555555555556,3.822349128271003,3.0457464414288395,6.5982027983090665
22.689655172413794,1e-06,0.6666666666666666,3.734937030601579,3.045746649623067,6.556520299919713
22.689655172413794,1e-06,0.7777777777777777,3.6530085418730778,3.0457315193473193,6.518378936002454
22.689655172413794,1e-06,0.8888888888888888,3.5753052521670496,3.0457276073015,6.483058685307241
22.689655172413794,1e-06,1.0,,,
22.689655172413794,0.34482855172413795,0.0,4.5317390666310375,4.435174347945757,6.817797975647396
22.689655172413794,0.34482855172413795,0.1111111111111111,4.329053674989321,4.275666046569131,6.741237685142116
22.689655172413794,0.34482855172413795,0.2222222222222222,4.188819576162377,4.176152623775467,6.6813762798185365
22.689655172413794,0.34482855172413795,0.3333333333333333,4.0749144863617,4.102533759125017,6.630896681056475
22.689655172413794,0.34482855172413795,0.4444444444444444,3.9761052797792895,4.043918382940377,6.586609431656517
22.689655172413794,0.34482855172413795,0.5555555555555556,3.887208544299129,3.9952505928724116,6.54679129163834
22.689655172413794,0.34482855172413795,0.6666666666666666,3.8053522269280005,3.9537254770914987,6.510387485066769
22.689655172413794,0.34482855172413795,0.7777777777777777,3.728761823800775,3.917608986289305,6.476697656867078
22.689655172413794,0.34482855172413795,0.8888888888888888,3.656259121968847,3.8857471209890746,6.445229223934789
22.689655172413794,0.34482855172413795,1.0,3.5870219126462466,3.8573295124505522,6.415620504777581
22.689655172413794,4.482759172413794,0.2222222222222222,4.403241844379578,5.782523093494311,6.207918864834963
22.689655172413794,4.482759172413794,0.3333333333333333,4.3465212829145505,5.763928211709746,6.200507819750746
22.689655172413794,4.482759172413794,0.4444444444444444,4.29363617536457,5.7467719486544295,6.192303380109248
22.689655172413794,4.482759172413794,0.5555555555555556,4.24395923766741,5.7308493025535325,6.183548748414006
22.689655172413794,4.482759172413794,0.6666666666666666,4.197002013361563,5.715995306532747,6.174416689768432
22.689655172413794,4.482759172413794,0.7777777777777777,4.15237769815519,5.702075538586089,6.1650317327823245
22.689655172413794,4.482759172413794,0.8888888888888888,4.109775199769468,5.688979163488559,6.155484780019955
22.689655172413794,4.482759172413794,1.0,4.068940770899536,5.676613790786027,6.145842894933839
22.689655172413794,4.827586724137932,0.0,4.5317390666310375,5.843420605548345,6.199065538591969
22.689655172413794,4.827586724137932,0.1111111111111111,4.468430101362834,5.822971678433458,6.194800227267598
22.689655172413794,4.827586724137932,0.2222222222222222,4.410150924127601,5.804227525301856,6.189087998303914
22.689655172413794,4.827586724137932,0.3333333333333333,4.356016170311093,5.7869343573574215,6.1823407068559915
22.689655172413794,4.827586724137932,0.4444444444444444,4.305343242404428,5.770887843169748,6.174851147082087
22.689655172413794,4.827586724137932,0.5555555555555556,4.257599019391692,5.755922256305824,6.166830050293861
22.689655172413794,4.827586724137932,0.6666666666666666,4.212361183203915,5.741901913724359,6.1584310349751545
22.689655172413794,4.827586724137932,0.7777777777777777,4.169290474561038,5.728714624549669,6.1497674468374015
22.689655172413794,4.827586724137932,0.8888888888888888,4.128110727910466,5.716266718133956,6.140923831025388
22.689655172413794,4.827586724137932,1.0,4.08859436705704,5.704479263963625,6.131963848435159
22.689655172413794,5.17241427586207,0.0,4.5317390666310375,5.859589799043204,6.181060393244382
22.689655172413794,5.17241427586207,0.1111111111111111,4.47184655908,5.840753046136956,6.177074354759499
22.689655172413794,5.17241427586207,0.2222222222222222,4.416387942994488,5.823365284194094,6.171814877942323
22.689655172413794,5.17241427586207,0.3333333333333333,4.3646365821425634,5.807227713029864,6.165619273064925
22.689655172413794,5.17241427586207,0.4444444444444444,4.316020084262396,5.792176855191853,6.158734361960008
22.689655172413794,5.17241427586207,0.5555555555555556,4.270083116633851,5.778077685821548,6.151342404153278
22.689655172413794,5.17241427586207,0.6666666666666666,4.2264593224559635,5.764817919803741,6.143579347547227
22.689655172413794,5.17241427586207,0.7777777777777777,4.1848504832843165,5.752303458875946,6.13554760905841
22.689655172413794,5.17241427586207,0.8888888888888888,4.145011092260994,5.7404548210355335,6.12732506185273
22.689655172413794,5.17241427586207,1.0,4.106736874349719,5.7292043511878905,6.118971409748065
22.689655172413794,5.517241827586208,0.0,4.5317390666310375,5.873991497059037,6.164573482398885
22.689655172413794,5.517241827586208,0.1111111111111111,4.474923918396066,5.856557558331993,6.160809045195289
22.689655172413794,5.517241827586208,0.2222222222222222,4.422042262255103,5.840365914067619,6.1559210978912215
22.689655172413794,5.517241827586208,0.3333333333333333,4.372491929894228,5.825258924723751,6.150187603913659
22.689655172413794,5.517241827586208,0.4444444444444444,4.325789589929247,5.811104545495745,6.143817156738058
22.689655172413794,5.517241827586208,0.5555555555555556,4.281544413779008,5.797791933615715,6.136967324571944
22.689655172413794,5.517241827586208,0.6666666666666666,4.239437473751681,5.785227604468379,6.129758071087999
22.689655172413794,5.517241827586208,0.7777777777777777,4.199205984670128,5.773332246578287,6.122281473694433
22.689655172413794,5.517241827586208,0.8888888888888888,4.160631329304422,5.762038144229372,6.11460875933911
22.689655172413794,5.517241827586208,1.0,4.123529946092868,5.751287111004826,6.106795423582202
22.689655172413794,5.862069379310346,0.0,4.5317390666310375,5.886903742848261,6.149419044849095
22.689655172413794,5.862069379310346,0.1111111111111111,4.477708908947113,5.870699212319828,6.145833113469173
22.689655172413794,5.862069379310346,0.2222222222222222,4.427188731107235,5.855568202218328,6.141253207080497
22.689655172413794,5.862069379310346,0.3333333333333333,4.379674998447331,5.841384293492562,6.135909798446306
22.689655172413794,5.862069379310346,0.4444444444444444,4.3347568460110715,5.828039866316233,6.129979721629559
22.689655172413794,5.862069379310346,0.5555555555555556,4.2920971556105885,5.815443267949664,6.1235992787415245
22.689655172413794,5.862069379310346,0.6666666666666666,4.251417285813954,5.803516206396356,6.116874167080804
22.689655172413794,5.862069379310346,0.7777777777777777,4.212485067777391,5.7921915081595445,6.109886890199202
22.689655172413794,5.862069379310346,0.8888888888888888,4.175105463203618,5.7814112481965365,6.102702269125862
22.689655172413794,5.862069379310346,1.0,4.139113306346091,5.771125212730641,6.095371548097307
22.689655172413794,6.206896931034484,0.0,4.5317390666310375,5.898548674580615,6.135440602260895
22.689655172413794,6.206896931034484,0.1111111111111111,4.480240272968124,5.883428621933004,6.1320006574790815
22.689655172413794,6.206896931034484,0.2222222222222222,4.431890393606032,5.8692429581323,6.127678762954543
22.689655172413794,6.206896931034484,0.3333333333333333,4.38626483435133,5.855889238662604,6.122667174936965
22.689655172413794,6.206896931034484,0.4444444444444444,4.3430120941579675,5.843279004058855,6.117116324570296
22.689655172413794,6.206896931034484,0.5555555555555556,4.301839973761593,5.831335941929087,6.111144272165339
22.689655172413794,6.206896931034484,0.6666666666666666,4.262504139962892,5.819994107549901,6.104844096111823
22.689655172413794,6.206896931034484,0.7777777777777777,4.224798912165848,5.809196335692214,6.098289564889827
22.689655172413794,6.206896931034484,0.8888888888888888,4.18854993432817,5.79889287695215,6.091539460545971
22.689655172413794,6.206896931034484,1.0,4.153608371411486,5.78904024951303,6.084640871077166
22.689655172413794,6.551724482758622,0.0,4.5317390666310375,5.909105994304022,6.122505387927599
22.689655172413794,6.551724482758622,0.1111111111111111,4.482550358969773,5.894948282322461,6.119186663295967
22.689655172413794,6.551724482758622,0.2222222222222222,4.436200638246235,5.881609250426608,6.115083045944033
22.689655172413794,6.551724482758622,0.3333333333333333,4.392329082177668,5.869005076978262,6.110355859054113
22.689655172413794,6.551724482758622,0.4444444444444444,4.3506331433747425,5.857062469328281,6.105133545257325
22.689655172413794,6.551724482758622,0.5555555555555556,4.3108583589565965,5.845717465696275,6.09951855003017
22.689655172413794,6.551724482758622,0.6666666666666666,4.272789697786253,5.83491421299941,6.093592856869874
22.689655172413794,6.551724482758622,0.7777777777777777,4.236244434323471,5.82460383557432,6.087422346146005
22.689655172413794,6.551724482758622,0.8888888888888888,4.2010663673438575,5.8147434358766406,6.081060194280771
22.689655172413794,6.551724482758622,1.0,4.167121159669634,5.805295233217998,6.074549515658018
22.689655172413794,6.8965520344827596,0.0,4.5317390666310375,5.918722702331261,6.110500003121608
22.689655172413794,6.8965520344827596,0.1111111111111111,4.484666358094036,5.90542361704838,6.107283469212923
22.689655172413794,6.8965520344827596,0.2222222222222222,4.440164913180644,5.892846198235551,6.103366327260391
22.689655172413794,6.8965520344827596,0.3333333333333333,4.397925881896664,5.8809212457028766,6.098884714873498
22.689655172413794,6.8965520344827596,0.4444444444444444,4.357687346742458,5.8695875759299145,6.093948716746626
22.689655172413794,6.8965520344827596,0.5555555555555556,4.319226692499811,5.858791239494933,6.0886474215647155
22.689655172413794,6.8965520344827596,0.6666666666666666,4.282353992327019,5.848484677408951,6.083053095565334
22.689655172413794,6.8965520344827596,0.7777777777777777,4.246906453039596,5.838625911099696,6.0772245471202355
22.689655172413794,6.8965520344827596,0.8888888888888888,4.212743826966048,5.829177806672977,6.071209806506426
22.689655172413794,6.8965520344827596,1.0,4.17974465281541,5.820107426260659,6.065048248643402
22.689655172413794,7.2413795862068975,0.0,4.5317390666310375,5.927520256592275,6.099326996509269
22.689655172413794,7.2413795862068975,0.1111111111111111,4.4866112708335,5.914991109676056,6.096197906567301
22.689655172413794,7.2413795862068975,0.2222222222222222,4.443822101705016,5.90310167721463,6.092441596174938
22.689655172413794,7.2413795862068975,0.3333333333333333,4.40310541594626,5.891794353950225,6.088173576713243
22.689655172413794,7.2413795862068975,0.4444444444444444,4.364233228209821,5.881017703327476,6.083488560198549
22.689655172413794,7.2413795862068975,0.5555555555555556,4.327009924415154,5.87072594688371,6.078464206620941
22.689655172413794,7.2413795862068975,0.6666666666666666,4.29126715562685,5.860878379632563,6.073164291294669
22.689655172413794,7.2413795862068975,0.7777777777777777,4.256859474420171,5.851438787309227,6.067641314062802
22.689655172413794,7.2413795862068975,0.8888888888888888,4.223660671475773,5.842374902337035,6.061938618469501
22.689655172413794,7.2413795862068975,1.0,4.191560728997254,5.8336579133244495,6.05609210045846
22.689655172413794,7.586207137931035,0.0,4.5317390666310375,5.935599921178021,6.088902145423031
22.689655172413794,7.586207137931035,0.1111111111111111,4.488404668712569,5.923764381195791,6.085848975747419
22.689655172413794,7.586207137931035,0.2222222222222222,4.447205630938512,5.912498843659849,6.082232667026777
22.689655172413794,7.586207137931035,0.3333333333333333,4.407911175798835,5.901754984257242,6.078151741191355
22.689655172413794,7.586207137931035,0.4444444444444444,4.370321826912278,5.8914892728608415,6.0736879947524365
22.689655172413794,7.586207137931035,0.5555555555555556,4.334264966356997,5.881662642047492,6.06890929878305
22.689655172413794,7.586207137931035,0.6666666666666666,4.299590854038532,5.872240080926018,6.063872018063291
22.689655172413794,7.586207137931035,0.7777777777777777,4.266169173128012,5.863190214238369,6.0586230441370965
22.689655172413794,7.586207137931035,0.8888888888888888,4.233886087011522,5.8544848983630455,6.053201476838373
22.689655172413794,7.586207137931035,1.0,4.202641758148553,5.846098849010434,6.047640002731082
22.689655172413794,7.931034689655173,0.0,4.5317390666310375,5.943046818816463,6.079152276349019
22.689655172413794,7.931034689655173,0.1111111111111111,4.490063298858554,5.931838795107146,6.076165947227343
22.689655172413794,7.931034689655173,0.2222222222222222,4.450344370046264,5.9211410895373255,6.07267259930836
22.689655172413794,7.931034689655173,0.3333333333333333,4.412381003131388,5.910912871511482,6.068756682268353
22.689655172413794,7.931034689655173,0.4444444444444444,4.375997812484068,5.901117071452533,6.064489103457852
22.689655172413794,7.931034689655173,0.5555555555555556,4.341041852904752,5.891720167861883,6.059929336602126
22.689655172413794,7.931034689655173,0.6666666666666666,4.307379486899924,5.88269190484207,6.055127281073272
22.689655172413794,7.931034689655173,0.7777777777777777,4.2748936288473285,5.874004987082694,6.050124853652449
22.689655172413794,7.931034689655173,0.8888888888888888,4.243481366049471,5.8656347787218905,6.0449573275461805
22.689655172413794,7.931034689655173,1.0,4.213051928036964,5.8575590197282335,6.039654447171084
22.689655172413794,8.275862241379311,0.0,4.5317390666310375,5.9499330408098485,6.070013503686455
22.689655172413794,8.275862241379311,0.1111111111111111,4.491601567281916,5.939294990728227,6.067086801734191
22.689655172413794,8.275862241379311,0.2222222222222222,4.453263361678329,5.929115851883862,6.063702375710038
22.689655172413794,8.275862241379311,0.3333333333333333,4.416547949221084,5.919360893822043,6.059932956188103
24.39655172413793,1.7241387586206898,0.6666666666666666,4.042471486174522,5.3166660565458566,6.4098905269810285
24.39655172413793,1.7241387586206898,0.7777777777777777,3.9783879940784246,5.291441017641015,6.388643995457792
24.39655172413793,1.7241387586206898,0.8888888888888888,3.9180612380142996,5.268682533068571,6.368028069960132
24.39655172413793,1.7241387586206898,1.0,3.8608184414233704,5.247966606312645,6.348037685128365
24.39655172413793,2.068966310344828,0.0,4.612887329136392,5.657294192560191,6.478720600134567
24.39655172413793,2.068966310344828,0.1111111111111111,4.486815406667119,5.597905281966314,6.469239463066108
24.39655172413793,2.068966310344828,0.2222222222222222,4.383846532043267,5.550623590039985,6.453620089444402
24.39655172413793,2.068966310344828,0.3333333333333333,4.295333909386685,5.51129228262954,6.435551410975271
24.39655172413793,2.068966310344828,0.4444444444444444,4.216750832604027,5.4776062760357025,6.4165559141309885
24.39655172413793,2.068966310344828,0.5555555555555556,4.145429950853147,5.448149591295695,6.397334778365132
24.39655172413793,2.068966310344828,0.6666666666666666,4.079662660478934,5.4219867725285145,6.378232124399005
24.39655172413793,2.068966310344828,0.7777777777777777,4.018285324879492,5.398465607356681,6.359421277200065
24.39655172413793,2.068966310344828,0.8888888888888888,3.960467586467969,5.377112145649938,6.340988181332295
24.39655172413793,2.068966310344828,1.0,3.9055947975873884,5.357570503812044,6.322971946562962
24.39655172413793,2.413793862068966,0.0,4.612887329136392,5.714131334733356,6.432200103852864
24.39655172413793,2.413793862068966,0.1111111111111111,4.498155229767779,5.6634038781059335,6.425586361660274
24.39655172413793,2.413793862068966,0.2222222222222222,4.402180562890226,5.621759081366695,6.413381209960879
24.39655172413793,2.413793862068966,0.3333333333333333,4.318625112696934,5.586424873051985,6.398548194974788
24.39655172413793,2.413793862068966,0.4444444444444444,4.243896703666173,5.555736066562644,6.382473754370765
24.39655172413793,2.413793862068966,0.5555555555555556,4.1757722251711185,5.52861549042167,6.36586389940958
24.39655172413793,2.413793862068966,0.6666666666666666,4.112780090542841,5.504325385941276,6.34909975752574
24.39655172413793,2.413793862068966,0.7777777777777777,4.053894400872143,5.482337513608537,6.332394770567102
24.39655172413793,2.413793862068966,0.8888888888888888,3.998370240046609,5.462260085595666,6.315870547855191
24.39655172413793,2.413793862068966,1.0,3.9456487359286108,5.443794105552926,6.299596090933904
24.39655172413793,2.758621413793104,0.0,4.612887329136392,5.759209668123647,6.392004830210684
24.39655172413793,2.758621413793104,0.1111111111111111,4.5077755286591605,5.715258741692746,6.38723300361251
24.39655172413793,2.758621413793104,0.2222222222222222,4.418085407174745,5.678266897567492,6.377519793004507
24.39655172413793,2.758621413793104,0.3333333333333333,4.339102137160822,5.646341407053956,6.365205100861415
24.39655172413793,2.758621413793104,0.4444444444444444,4.26796619419599,5.618265471303283,6.351497778723092
24.39655172413793,2.758621413793104,0.5555555555555556,4.202826966351141,5.593214578351658,6.33706350214339
24.39655172413793,2.758621413793104,0.6666666666666666,4.142420715570868,5.570604783804659,6.322287230857583
24.39655172413793,2.758621413793104,0.7777777777777777,4.085846221520087,5.550007289413789,6.307399613584238
24.39655172413793,2.758621413793104,0.8888888888888888,4.03243775810124,5.5310977338544225,6.29254212451404
24.39655172413793,2.758621413793104,1.0,3.9816891162317605,5.513624635686107,6.277802593964966
24.39655172413793,3.103448965517242,0.0,4.612887329136392,5.795903388502017,6.356914340583159
24.39655172413793,3.103448965517242,0.1111111111111111,4.516012497771326,5.757356996907486,6.353331873644466
24.39655172413793,3.103448965517242,0.2222222222222222,4.431968408197098,5.724244865468093,6.34544742722553
24.39655172413793,3.103448965517242,0.3333333333333333,4.357195409163958,5.695245557695408,6.335096733750724
24.39655172413793,3.103448965517242,0.4444444444444444,4.289406109944793,5.669459158497245,6.323308056590208
24.39655172413793,3.103448965517242,0.5555555555555556,4.227059227903557,5.646250107209646,6.31068522235372
24.39655172413793,3.103448965517242,0.6666666666666666,4.169071152465555,5.6251541874911375,6.2975971417646415
24.39655172413793,3.103448965517242,0.7777777777777777,4.114652114245913,5.605822328074433,6.284276336729
24.39655172413793,3.103448965517242,0.8888888888888888,4.063208851709029,5.587985461647112,6.270872817625481
24.39655172413793,3.103448965517242,1.0,4.014284238676809,5.571431768725,6.257484920689173
24.39655172413793,3.44827651724138,0.0,4.612887329136392,5.826392769030887,6.326004258130515
24.39655172413793,3.44827651724138,0.1111111111111111,4.5231262435036275,5.792229087479297,6.323190152842592
24.39655172413793,3.44827651724138,0.2222222222222222,4.444159477516426,5.762382034837532,6.3166563318583755
24.39655172413793,3.44827651724138,0.3333333333333333,4.3732599962480485,5.7359095526228145,6.307842634821952
24.39655172413793,3.44827651724138,0.4444444444444444,4.308586927548378,5.712137870086225,6.297611531181389
24.39655172413793,3.44827651724138,0.5555555555555556,4.248854227734294,5.690573326528733,6.286497732952551
24.39655172413793,3.44827651724138,0.6666666666666666,4.193133005495598,5.670845042279797,6.27484331305495
24.39655172413793,3.44827651724138,0.7777777777777777,4.140732127988357,5.652667881432179,6.262872952203721
24.39655172413793,3.44827651724138,0.8888888888888888,4.091123955830463,5.635818105002769,6.250737380302332
24.39655172413793,3.44827651724138,1.0,4.04389662428313,5.62011698189063,6.238539363626642
24.39655172413793,3.7931040689655178,0.0,4.612887329136392,5.852153776720772,6.2985617234361095
24.39655172413793,3.7931040689655178,0.1111111111111111,4.529319492989072,5.821596482770881,6.296241226444424
24.39655172413793,3.7931040689655178,0.2222222222222222,4.454926684749254,5.794521074878898,6.290711736424838
24.39655172413793,3.7931040689655178,0.3333333333333333,4.387590027086608,5.770242741029297,6.28310631973058
24.39655172413793,3.7931040689655178,0.4444444444444444,4.325817793135128,5.7482508168010655,6.274143016443017
24.39655172413793,3.7931040689655178,0.5555555555555556,4.268533773978619,5.728158774922707,6.264288193278996
24.39655172413793,3.7931040689655178,0.6666666666666666,4.214941122484764,5.709668682537165,6.253852247206631
24.39655172413793,3.7931040689655178,0.7777777777777777,4.164435325059911,5.692546727618594,6.243046319506964
24.39655172413793,3.7931040689655178,0.8888888888888888,4.116547669194707,5.6766063377973754,6.232016710366263
24.39655172413793,3.7931040689655178,1.0,4.070907663772595,5.661696380851708,6.22086632571666
24.39655172413793,4.137931620689656,0.0,4.612887329136392,5.874223511004549,6.274028135435108
24.39655172413793,4.137931620689656,0.1111111111111111,4.53475155630601,5.846672358346269,6.272020323887942
24.39655172413793,4.137931620689656,0.2222222222222222,4.464488712661531,5.8219688084048045,6.267242943887882
24.39655172413793,4.137931620689656,0.3333333333333333,4.400430117844762,5.7996059610991875,6.260592443812918
24.39655172413793,4.137931620689656,0.4444444444444444,4.341358069555462,5.7791921008377845,6.252664694115376
24.39655172413793,4.137931620689656,0.5555555555555556,4.286368607054233,5.760422087745587,6.2438626127206165
24.39655172413793,4.137931620689656,0.6666666666666666,4.234777088042151,5.743055194740105,6.234463796040959
24.39655172413793,4.137931620689656,0.7777777777777777,4.186054619645747,5.726898883275199,6.224662917898958
24.39655172413793,4.137931620689656,0.8888888888888888,4.1397850505830665,5.711797080570366,6.214598664640468
24.39655172413793,4.137931620689656,1.0,4.095635440015938,5.697621680680213,6.204371171431936
24.39655172413793,4.482759172413794,0.0,4.612887329136392,5.8933532969821,6.251959493215194
24.39655172413793,4.482759172413794,0.1111111111111111,4.539548708884381,5.868336868203836,6.250144510496549
24.39655172413793,4.482759172413794,0.2222222222222222,4.473024763339103,5.845678436488477,6.245934396700601
24.39655172413793,4.482759172413794,0.3333333333333333,4.411984509356121,5.82499645545593,6.240043026582637
24.39655172413793,4.482759172413794,0.4444444444444444,4.35542639297494,5.805986936747169,6.232964660947141
24.39655172413793,4.482759172413794,0.5555555555555556,4.302587876872073,5.788406992188586,6.225045445837805
24.39655172413793,4.482759172413794,0.6666666666666666,4.252879417309866,5.772060941463085,6.216531236903611
24.39655172413793,4.482759172413794,0.7777777777777777,4.205837860515536,5.756789518656944,6.207599153705826
24.39655172413793,4.482759172413794,0.8888888888888888,4.161093695030313,5.742461714658601,6.198378490629923
24.39655172413793,4.482759172413794,1.0,4.118347864316757,5.728968649126086,6.188964741392649
24.39655172413793,4.827586724137932,0.0,4.612887329136392,5.9101015060569075,6.231998362312762
24.39655172413793,4.827586724137932,0.1111111111111111,4.543811917176447,5.887244336678828,6.230296598258217
24.39655172413793,4.827586724137932,0.2222222222222222,4.4806824109986145,5.8663617639170145,6.226517417908824
24.39655172413793,4.827586724137932,0.3333333333333333,4.422424413381187,5.847162116991934,6.221233351673989
24.39655172413793,4.827586724137932,0.4444444444444444,4.368207875516907,5.82940683809477,6.2148549427536155
24.39655172413793,4.827586724137932,0.5555555555555556,4.317386552969619,5.812900999927069,6.207678683476621
24.39655172413793,4.827586724137932,0.6666666666666666,4.269451407039134,5.797484560557711,6.199920925337481
24.39655172413793,4.827586724137932,0.7777777777777777,4.223996269081134,5.783025157753709,6.191741318786514
24.39655172413793,4.827586724137932,0.8888888888888888,4.180692851447988,5.7694124185628475,6.183258964231563
24.39655172413793,4.827586724137932,1.0,4.1392725345539905,5.756553534103664,6.17456360767358
24.39655172413793,5.17241427586207,0.0,4.612887329136392,5.924892205146923,6.2138536872592045
24.39655172413793,5.17241427586207,0.1111111111111111,4.547622607863406,5.903891452183515,6.212212344803216
24.39655172413793,5.17241427586207,0.2222222222222222,4.48758381630441,5.884561091291452,6.208762907193259
24.39655172413793,5.17241427586207,0.3333333333333333,4.431893939002463,5.8666749493133095,6.203967918895926
24.39655172413793,5.17241427586207,0.4444444444444444,4.379859892865951,5.850043810479113,6.198169270358129
24.39655172413793,5.17241427586207,0.5555555555555556,4.330931304570371,5.834509975401093,6.191620645584593
24.39655172413793,5.17241427586207,0.6666666666666666,4.284667284147463,5.819941740861964,6.184511665212431
24.39655172413793,5.17241427586207,0.7777777777777777,4.240710975309964,5.806228573999037,6.176985299952854
24.39655172413793,5.17241427586207,0.8888888888888888,4.198770424954517,5.793277132762574,6.169150309262308
24.39655172413793,5.17241427586207,1.0,4.1586042576451385,5.78100806452494,6.161090133221517
24.39655172413793,5.517241827586208,0.0,4.612887329136392,5.938053525118921,6.197286007105899
24.39655172413793,5.517241827586208,0.1111111111111111,4.551046999487892,5.9186621128746815,6.195670312478391
24.39655172413793,5.517241827586208,0.2222222222222222,4.493830643184942,5.900696805729908,6.192475051673408
24.39655172413793,5.517241827586208,0.3333333333333333,4.440514885290236,5.8839798938832635,6.18807665794137
24.39655172413793,5.517241827586208,0.4444444444444444,4.390516770882405,5.8683597725584535,6.182760813744184
24.39655172413793,5.517241827586208,0.5555555555555556,4.34336522247049,5.85370785885974,6.176744626962126
24.39655172413793,5.517241827586208,0.6666666666666666,4.298677090041275,5.839915105001179,6.170193907055757
24.39655172413793,5.517241827586208,0.7777777777777777,4.256138157879557,5.826888757972394,6.1632361210133295
22.689655172413794,8.275862241379311,0.4444444444444444,4.38130041395117,5.909998362770067,6.0558402365872155
22.689655172413794,8.275862241379311,0.5555555555555556,4.3473847137644075,5.900999347378337,6.051476473225381
22.689655172413794,8.275862241379311,0.6666666666666666,4.314681192298699,5.892337582444824,6.046885923005692
22.689655172413794,8.275862241379311,0.7777777777777777,4.283084363954282,5.883989227316032,6.042106095664371
22.689655172413794,8.275862241379311,0.8888888888888888,4.25250097909563,5.8759326406626915,6.037168823966965
22.689655172413794,8.275862241379311,1.0,4.222848353666437,5.868148163683236,6.032101167704368
22.689655172413794,8.620689793103448,0.0,4.5317390666310375,5.956320061556886,6.061429795888091
22.689655172413794,8.620689793103448,0.1111111111111111,4.493031927832046,5.946201625253572,6.058556942348124
22.689655172413794,8.620689793103448,0.2222222222222222,4.455984420602964,5.936497574172678,6.05526979282851
22.689655172413794,8.620689793103448,0.3333333333333333,4.4204409871996955,5.927178181610739,6.051631267513437
22.689655172413794,8.620689793103448,0.4444444444444444,4.386264196282684,5.918216096499933,6.047695234868736
22.689655172413794,8.620689793103448,0.5555555555555556,4.353332590865242,5.909586261417017,6.043507734421451
22.689655172413794,8.620689793103448,0.6666666666666666,4.321538694638578,5.901265776646935,6.039108095013179
22.689655172413794,8.620689793103448,0.7777777777777777,4.290787218602243,5.893233738950561,6.034529924633686
22.689655172413794,8.620689793103448,0.8888888888888888,4.260993477905434,5.8854710725728046,6.029801968975094
22.689655172413794,8.620689793103448,1.0,4.232082010911133,5.877960363053654,6.024948846579311
22.689655172413794,8.965517344827587,0.0,4.5317390666310375,5.962260633190776,6.053351799998433
22.689655172413794,8.965517344827587,0.1111111111111111,4.494365197278502,5.95261752410198,6.05052812575156
22.689655172413794,8.965517344827587,0.2222222222222222,4.458526626076498,5.943350032004163,6.047328527446708
22.689655172413794,8.965517344827587,0.3333333333333333,4.424085604749758,5.934432564081917,6.043807671519978
22.689655172413794,8.965517344827587,0.4444444444444444,4.390919711980657,5.925841438462306,6.040012756784435
22.689655172413794,8.965517344827587,0.5555555555555556,4.358920127661111,5.917554836883372,6.035984455217887
22.689655172413794,8.965517344827587,0.6666666666666666,4.327990021776713,5.909552711154519,6.0317577867023076
22.689655172413794,8.965517344827587,0.7777777777777777,4.2980430919985295,5.901816665759223,6.027362905096635
22.689655172413794,8.965517344827587,0.8888888888888888,4.269002260476142,5.894329830796123,6.022825789585211
22.689655172413794,8.965517344827587,1.0,4.240798526456713,5.8870767341709325,6.018168844290616
22.689655172413794,9.310344896551724,0.0,4.5317390666310375,5.967800286845995,6.045735871747732
22.689655172413794,9.310344896551724,0.1111111111111111,4.495610812137072,5.9585933835253995,6.0429575709841705
22.689655172413794,9.310344896551724,0.2222222222222222,4.460906728773584,5.949728176786827,6.0398373480567535
22.689655172413794,9.310344896551724,0.3333333333333333,4.4275042992819,5.941182512078211,6.036422891895916
22.689655172413794,9.310344896551724,0.4444444444444444,4.395294049791466,5.9329357834874905,6.032755695815489
22.689655172413794,9.310344896551724,0.5555555555555556,4.364178152708076,5.924968909275524,6.0288717859730765
22.689655172413794,9.310344896551724,0.6666666666666666,4.334069114108501,5.91726426819803,6.024802409362781
22.689655172413794,9.310344896551724,0.7777777777777777,4.304888572931703,5.909805614086199,6.020574660924956
22.689655172413794,9.310344896551724,0.8888888888888888,4.276566221902998,5.902577980142526,6.016212042341088
22.689655172413794,9.310344896551724,1.0,4.249038849454565,5.895567580397172,6.011734952573845
22.689655172413794,9.655172448275863,0.0,4.531739066631037,5.97297853296567,6.038543270371851
22.689655172413794,9.655172448275863,0.1111111111111111,4.49677703925438,5.964173130721018,6.035807212695253
22.689655172413794,9.655172448275863,0.2222222222222222,4.463139488688673,5.955679610032354,6.032759446832225
22.689655172413794,9.655172448275863,0.3333333333333333,4.430716993263365,5.947478694158466,6.029441735937748
22.689655172413794,9.655172448275863,0.4444444444444444,4.399411298415125,5.9395523702696575,6.025890675232738
22.689655172413794,9.655172448275863,0.5555555555555556,4.369134175439096,5.931883879916385,6.022138259465557
22.689655172413794,9.655172448275863,0.6666666666666666,4.339806343731633,5.924457676411803,6.018212426859919
22.689655172413794,9.655172448275863,0.7777777777777777,4.311356478163208,5.917259362814497,6.0141375616338175
22.689655172413794,9.655172448275863,0.8888888888888888,4.283720310445283,5.910275619789592,6.009934947327188
22.689655172413794,9.655172448275863,1.0,4.256839825186038,5.903494129398204,6.005623169341971
22.689655172413794,10.0,0.0,4.5317390666310375,5.9778298289882725,6.031739486352186
22.689655172413794,10.0,0.1111111111111111,4.497871149454403,5.969395019309264,6.029043072603639
22.689655172413794,10.0,0.2222222222222222,4.465237957001176,5.961245771785947,6.026061871763811
22.689655172413794,10.0,0.3333333333333333,4.433741383914349,5.953365232752811,6.0228325922320805
22.689655172413794,10.0,0.4444444444444444,4.403292939734777,5.945737586997421,6.019387609639701
22.689655172413794,10.0,0.5555555555555556,4.373812808750392,5.93834805782501,6.015755411413151
22.689655172413794,10.0,0.6666666666666666,4.345228958476863,5.931182879293168,6.0119610289893295
22.689655172413794,10.0,0.7777777777777777,4.317476313806526,5.924229251380126,6.008026442231943
22.689655172413794,10.0,0.8888888888888888,4.2904960044533995,5.917475285563197,6.003970948547849
22.689655172413794,10.0,1.0,4.2642346870814345,5.910909945823287,5.999811494207906
24.39655172413793,1e-06,0.0,4.612887329136392,3.045737077532869,7.0512384875043566
24.39655172413793,1e-06,0.1111111111111111,4.346349768659874,3.0457412173700584,6.914822543314037
24.39655172413793,1e-06,0.2222222222222222,4.184121007175709,3.045754108056243,6.828954206788139
24.39655172413793,1e-06,0.3333333333333333,4.056548310608788,3.045744124733891,6.762161954457223
24.39655172413793,1e-06,0.4444444444444444,3.9474000827438447,3.045744860905295,6.706131736532874
24.39655172413793,1e-06,0.5555555555555556,3.8498795079942663,3.045746208524202,6.657194271424443
24.39655172413793,1e-06,0.6666666666666666,3.7604217991864424,3.0457459002113105,6.613355765792645
24.39655172413793,1e-06,0.7777777777777777,,,
24.39655172413793,1e-06,0.8888888888888888,3.597983183484839,3.04574532122008,6.536502144088462
24.39655172413793,1e-06,1.0,3.522730279104797,3.045755030980557,6.502109263236698
24.39655172413793,0.34482855172413795,0.0,4.612887329136392,4.581943924205297,6.893811372448052
24.39655172413793,0.34482855172413795,0.1111111111111111,4.38344591426367,4.388463324332527,6.810658370873293
24.39655172413793,0.34482855172413795,0.2222222222222222,4.233148999391126,4.275002663997669,6.746423665612472
24.39655172413793,0.34482855172413795,0.3333333333333333,4.113385189782521,4.192998561572236,6.692760584060159
24.39655172413793,0.34482855172413795,0.4444444444444444,4.010582025406598,4.128560935801988,6.645980820857324
24.39655172413793,0.34482855172413795,0.5555555555555556,3.918734456955072,4.075523967862677,6.60411792047444
24.39655172413793,0.34482855172413795,0.6666666666666666,3.834596030912138,4.030555977745724,6.565982262833462
24.39655172413793,0.34482855172413795,0.7777777777777777,3.756194689339617,3.9916338344104574,6.530791364649702
24.39655172413793,0.34482855172413795,0.8888888888888888,3.682238042748115,3.957428808897717,6.497999056037547
24.39655172413793,0.34482855172413795,1.0,3.6118340672304807,3.927017341245011,6.467206815307451
24.39655172413793,0.689656103448276,0.0,4.612887329136392,5.0901581801034075,6.772395193962551
24.39655172413793,0.689656103448276,0.1111111111111111,4.413266662908472,4.951693457768564,6.720764959440505
24.39655172413793,0.689656103448276,0.2222222222222222,4.27412745636986,4.8632328054064935,6.672920900144616
24.39655172413793,0.689656103448276,0.3333333333333333,4.161559456531263,4.797399401030322,6.629973491805748
24.39655172413793,0.689656103448276,0.4444444444444444,4.064435388933593,4.744868195135037,6.591023573951716
24.39655172413793,0.689656103448276,0.5555555555555556,3.9775360145411676,4.701203110240552,6.55527524294827
24.39655172413793,0.689656103448276,0.6666666666666666,3.8979474935875658,4.663911499372954,6.5221321938553976
24.39655172413793,0.689656103448276,0.7777777777777777,3.8238611177097837,4.631440881825367,6.491150599451048
24.39655172413793,0.689656103448276,0.8888888888888888,3.7540709303992927,4.602753478055218,6.4619941724145535
24.39655172413793,0.689656103448276,1.0,3.687730787096271,4.577118640881928,6.434402601728079
24.39655172413793,1.034483655172414,0.0,4.612887329136392,5.333483215191549,6.676109100492687
24.39655172413793,1.034483655172414,0.1111111111111111,4.437400698503636,5.226362826222046,6.64340988908167
24.39655172413793,1.034483655172414,0.2222222222222222,4.308591607847153,5.15264239821785,6.607723484055084
24.39655172413793,1.034483655172414,0.3333333333333333,4.202709296608487,5.095973771162738,6.573367799351564
24.39655172413793,1.034483655172414,0.4444444444444444,4.110766942345349,5.049874381711138,6.5409547540382365
24.39655172413793,1.034483655172414,0.5555555555555556,4.028290321082701,5.0110377853275905,6.510436604966326
24.39655172413793,1.034483655172414,0.6666666666666666,3.9526956221575635,4.977527100948737,6.4816315099519155
24.39655172413793,1.034483655172414,0.7777777777777777,3.8823427766875547,4.948101680714105,6.454345927020482
24.39655172413793,1.034483655172414,0.8888888888888888,3.8161200105448136,4.921915212233316,6.428404883572122
24.39655172413793,1.034483655172414,1.0,3.7532364473829722,4.898362640015229,6.403657415842548
24.39655172413793,1.3793112068965518,0.0,4.612887329136392,5.481820902945531,6.597937721679096
24.39655172413793,1.3793112068965518,0.1111111111111111,4.457095524158718,5.395896139534419,6.576790667641957
24.39655172413793,1.3793112068965518,0.2222222222222222,4.3377530355085865,5.333115893265511,6.550003829097717
24.39655172413793,1.3793112068965518,0.3333333333333333,4.238093844670453,5.2833995518408,6.522446370007597
24.39655172413793,1.3793112068965518,0.4444444444444444,4.150933938395324,5.242194014361246,6.495431021195238
24.39655172413793,1.3793112068965518,0.5555555555555556,4.072479791521854,5.2070168497990235,6.4693475976105805
24.39655172413793,1.3793112068965518,0.6666666666666666,4.0004632750139,5.17635220708728,6.444286378885148
24.39655172413793,1.3793112068965518,0.7777777777777777,3.9334110244491494,5.149200904668635,6.4202302457679
24.39655172413793,1.3793112068965518,0.8888888888888888,3.8703073595571587,5.124866842627701,6.397123583880658
24.39655172413793,1.3793112068965518,1.0,3.810420173909651,5.102844248151434,6.374899250708984
24.39655172413793,1.7241387586206898,0.0,4.612887329136392,5.583152635086025,6.5332107457373265
24.39655172413793,1.7241387586206898,0.1111111111111111,4.47331895336107,5.512440943973573,6.519225348319333
24.39655172413793,1.7241387586206898,0.2222222222222222,4.362579109701593,5.458251364477048,6.498909477937787
24.39655172413793,1.7241387586206898,0.3333333333333333,4.26870426629696,5.414194103820843,6.476682866304832
24.39655172413793,1.7241387586206898,0.4444444444444444,4.185985489712887,5.377044531144013,6.454087899167379
24.39655172413793,1.7241387586206898,0.5555555555555556,4.111232831094133,5.344931673545784,6.431738660568281
24.39655172413793,5.517241827586208,0.8888888888888888,4.215488438320684,5.8145495695440115,6.155969961698308
24.39655172413793,5.517241827586208,1.0,4.176510878289474,5.80282947560906,6.148472387271774
24.39655172413793,5.862069379310346,0.0,4.612887329136392,5.94984351828153,6.18209646034418
24.39655172413793,5.862069379310346,0.1111111111111111,4.5541393762618885,5.93185776552933,6.180483838214329
24.39655172413793,5.862069379310346,0.2222222222222222,4.499507953592996,5.91509977412309,6.1774859987404485
24.39655172413793,5.862069379310346,0.3333333333333333,4.4483906254508785,5.89942820524254,6.173411503837698
24.39655172413793,5.862069379310346,0.4444444444444444,4.40029360331305,5.884720421673273,6.168499996498724
24.39655172413793,5.862069379310346,0.5555555555555556,4.354811647534501,5.870870785909871,6.1629375015169545
24.39655172413793,5.862069379310346,0.6666666666666666,4.311610607703022,5.857788462721385,6.156868857668137
24.39655172413793,5.862069379310346,0.7777777777777777,4.270413140879668,5.845395239816907,6.150407381645104
24.39655172413793,5.862069379310346,0.8888888888888888,4.230987351012833,5.833623567420357,6.143642229294839
24.39655172413793,5.862069379310346,1.0,4.193137858818388,5.822414872609637,6.136643958666784
24.39655172413793,6.206896931034484,0.0,4.612887329136392,5.960468038172445,6.168118492615619
24.39655172413793,6.206896931034484,0.1111111111111111,4.556944580482538,5.943718440599815,6.16649466207722
24.39655172413793,6.206896931034484,0.2222222222222222,4.50468729961853,5.928033927400407,6.16365138853155
24.39655172413793,6.206896931034484,0.3333333333333333,4.4556092615881235,5.913300818096335,6.159843366620319
24.39655172413793,6.206896931034484,0.4444444444444444,4.409289376629209,5.899419008957207,6.155272459868519
24.39655172413793,6.206896931034484,0.5555555555555556,4.365377299230245,5.886301080359246,6.150098354787636
24.39655172413793,6.206896931034484,0.6666666666666666,4.32358055140162,5.87387092071862,6.144447560710285
24.39655172413793,6.206896931034484,0.7777777777777777,4.283653696979068,5.862062260213197,6.138420641750697
24.39655172413793,6.206896931034484,0.8888888888888888,4.245389517211477,5.850817290767874,6.132097886252476
24.39655172413793,6.206896931034484,1.0,4.208611923538859,5.840085439239219,6.125543700330839
24.39655172413793,6.551724482758622,0.0,4.612887329136392,5.9700933840317125,6.155211522189733
24.39655172413793,6.551724482758622,0.1111111111111111,4.559499924618743,5.9544376540796495,6.153567854013063
24.39655172413793,6.551724482758622,0.2222222222222222,4.509429185964204,5.93971233928557,6.150846628702397
24.39655172413793,6.551724482758622,0.3333333333333333,4.462246193194302,5.925825051907994,6.147259488510648
24.39655172413793,6.551724482758622,0.4444444444444444,4.417589538169491,5.912693384096887,6.142977210034717
24.39655172413793,6.551724482758622,0.5555555555555556,4.375154848785294,5.900244486965974,6.138137187808639
24.39655172413793,6.551724482758622,0.6666666666666666,4.3346851798264865,5.888414219508867,6.132849989210856
24.39655172413793,6.551724482758622,0.7777777777777777,4.295962737696848,5.877146163441223,6.1272047868657795
24.39655172413793,6.551724482758622,0.8888888888888888,4.258801984917385,5.8663906506200405,6.121273733110341
24.39655172413793,6.551724482758622,1.0,4.223043991909532,5.85610386861093,6.115115430775295
24.39655172413793,6.8965520344827596,0.0,4.612887329136392,5.978855422030022,6.143256043824656
24.39655172413793,6.8965520344827596,0.1111111111111111,4.561836669632076,5.964173167665386,6.141587756178382
24.39655172413793,6.8965520344827596,0.2222222222222222,4.513785038287331,5.950308887032387,6.138963796977736
24.39655172413793,6.8965520344827596,0.3333333333333333,4.468366213893588,5.937186773129458,6.135561161197642
24.39655172413793,6.8965520344827596,0.4444444444444444,4.425268114459026,5.924738441328606,6.131524959149299
24.39655172413793,6.8965520344827596,0.5555555555555556,4.384225047178708,5.91290277989255,6.1269737163051
24.39655172413793,6.8965520344827596,0.6666666666666666,4.345010452562486,5.9016254349559345,6.1220041765733
24.39655172413793,6.8965520344827596,0.7777777777777777,4.30743052369831,5.890858151111683,6.1166953996222375
24.39655172413793,6.8965520344827596,0.8888888888888888,4.271318783721957,5.880558085769621,6.111112144160227
24.39655172413793,6.8965520344827596,1.0,4.236531563624979,5.870687156131821,6.105307612336613
24.39655172413793,7.2413795862068975,0.0,4.612887329136392,5.986866282052384,6.132149803320887
24.39655172413793,7.2413795862068975,0.1111111111111111,4.563981176812974,5.973054891701084,6.130454721207085
24.39655172413793,7.2413795862068975,0.2222222222222222,4.51779878311328,5.95996684848904,6.127909067883996
24.39655172413793,7.2413795862068975,0.3333333333333333,4.474025228082814,5.947539395218868,6.1246617664824985
24.39655172413793,7.2413795862068975,0.4444444444444444,4.432389464442068,5.935715356089065,6.120836656574725
24.39655172413793,7.2413795862068975,0.5555555555555556,4.392658493366351,5.924443139540193,6.116536276084921
24.39655172413793,7.2413795862068975,0.6666666666666666,4.354631820919882,5.913676438166781,6.111845402023005
24.39655172413793,7.2413795862068975,0.7777777777777777,4.318136494576669,5.903373790481419,6.106834154037554
24.39655172413793,7.2413795862068975,0.8888888888888888,4.283022810695806,5.893498097954721,6.101560618314122
24.39655172413793,7.2413795862068975,1.0,4.249160675900389,5.884016147797588,6.096073020794437
24.39655172413793,7.586207137931035,0.0,4.612887329136392,5.994219352727226,6.1218047787413825
24.39655172413793,7.586207137931035,0.1111111111111111,4.565955812086541,5.9811907790840175,6.120082476296167
24.39655172413793,7.586207137931035,0.2222222222222222,4.521508121630614,5.96880533482417,6.117600573815698
24.39655172413793,7.586207137931035,0.3333333333333333,4.479271660803823,5.957010636092795,6.114485100991756
24.39655172413793,7.586207137931035,0.4444444444444444,4.4390097353064375,5.945758539809021,6.110842198758734
24.39655172413793,7.586207137931035,0.5555555555555556,4.40051710979481,5.935005228020573,6.106760836840856
24.39655172413793,7.586207137931035,0.6666666666666666,4.36361572327714,5.924711044799422,6.10231543882234
24.39655172413793,7.586207137931035,0.7777777777777777,4.328150793708528,5.914840208386188,6.097568243174432
24.39655172413793,7.586207137931035,0.8888888888888888,4.293987396781688,5.905360471818832,6.092571344361455
24.39655172413793,7.586207137931035,1.0,4.261007522936556,5.896242774078631,6.087368416959384
24.39655172413793,7.931034689655173,0.0,4.612887329136392,6.000993060524083,6.112144776195524
24.39655172413793,7.931034689655173,0.1111111111111111,4.567779661257756,5.988671282086693,6.11039598140139
24.39655172413793,7.931034689655173,0.2222222222222222,4.5249455614533725,5.976924168556081,6.107966624448995
24.39655172413793,7.931034689655173,0.3333333333333333,4.484147619529502,5.96570765869463,6.104963946842511
24.39655172413793,7.931034689655173,0.4444444444444444,4.445178075241899,5.954980945054918,6.101479302185548
24.39655172413793,7.931034689655173,0.5555555555555556,4.407855378421813,5.94470659802261,6.097590121144651
24.39655172413793,7.931034689655173,0.6666666666666666,4.372020839751526,5.9348504892801985,6.093361868313154
24.39655172413793,7.931034689655173,0.7777777777777777,4.337535546445685,5.925381606274598,6.088849846135135
24.39655172413793,7.931034689655173,0.8888888888888888,4.304277616565821,5.916271814789861,6.084100787722763
24.39655172413793,7.931034689655173,1.0,4.272139805765839,5.907495604054673,6.07915422762611
24.39655172413793,8.275862241379311,0.0,4.612887329136392,6.007253765987864,6.103103498697274
24.39655172413793,8.275862241379311,0.1111111111111111,4.5694690997872796,5.995572765138712,6.101329679396452
24.39655172413793,8.275862241379311,0.2222222222222222,4.528139256304405,5.984407627864312,6.098944221229458
24.39655172413793,8.275862241379311,0.3333333333333333,4.488689854843558,5.9737210283153885,6.096038853215472
24.39655172413793,8.275862241379311,0.4444444444444444,4.450937646943174,5.963478160272167,6.092692522352118
24.39655172413793,8.275862241379311,0.5555555555555556,4.414721379843859,5.953646876492506,6.08897282224124
24.39655172413793,8.275862241379311,0.6666666666666666,4.379899149522788,5.944197666092056,6.0849374593394305
24.39655172413793,8.275862241379311,0.7777777777777777,4.346345937125955,5.935103538560703,6.0806356370820005
24.39655172413793,8.275862241379311,0.8888888888888888,4.313951390028094,5.926339858836464,6.076109302938159
24.39655172413793,8.275862241379311,1.0,4.282617864818398,5.917884161350115,6.0713942408196075
24.39655172413793,8.620689793103448,0.0,4.612887329136392,6.0130580095409405,6.0946229826954585
24.39655172413793,8.620689793103448,0.1111111111111111,4.571038249823131,6.001960148325338,6.092826058735022
24.39655172413793,8.620689793103448,0.2222222222222222,4.531113692641357,5.991327352778831,6.090477814749117
24.39655172413793,8.620689793103448,0.3333333333333333,4.492930557661429,5.981127792250075,6.087657097646958
24.39655172413793,8.620689793103448,0.4444444444444444,4.456326477295152,5.971331604274938,6.084432401799921
24.39655172413793,8.620689793103448,0.5555555555555556,4.421157669871311,5.961911035356119,6.080862912609451
24.39655172413793,8.620689793103448,0.6666666666666666,4.387296825393178,5.952840451109407,6.0769996103822
24.39655172413793,8.620689793103448,0.7777777777777777,4.3546311208132344,5.94409626740355,6.072886336708861
24.39655172413793,8.620689793103448,0.8888888888888888,4.323060414281697,5.935656837046001,6.068560774031906
24.39655172413793,8.620689793103448,1.0,4.292495635844689,5.927502314506044,6.064055318391865
24.39655172413793,8.965517344827587,0.0,4.612887329136392,6.018454271690616,6.086652322922569
24.39655172413793,8.965517344827587,0.1111111111111111,4.572499349229807,6.007888976686129,6.084834466560847
24.39655172413793,8.965517344827587,0.2222222222222222,4.533890253793943,5.997744623973911,6.082518262215814
24.39655172413793,8.965517344827587,0.3333333333333333,4.496898023204193,5.987993900403152,6.079771799857008
24.39655172413793,8.965517344827587,0.4444444444444444,4.461378171985762,5.97861104298315,6.0766547311397465
24.39655172413793,8.965517344827587,0.5555555555555556,4.427202021391776,5.969571973539805,6.073219034621965
24.39655172413793,8.965517344827587,0.6666666666666666,4.394254993421249,5.960854327970045,6.06950985043356
24.39655172413793,8.965517344827587,0.7777777777777777,4.362434998404257,5.952437419099027,6.06556630507822
24.39655172413793,8.965517344827587,0.8888888888888888,4.331650955349611,5.944302160131388,6.061422283400456
24.39655172413793,8.965517344827587,1.0,4.301821461085888,5.936430966679023,6.057107127635478
24.39655172413793,9.310344896551724,0.0,4.612887329136392,6.023484366275092,6.079146625227068
24.39655172413793,9.310344896551724,0.1111111111111111,4.573863051452366,6.0134070558150645,6.077310123588387
24.39655172413793,9.310344896551724,0.2222222222222222,4.5364876856401315,6.003712166487373,6.075021950023034
24.39655172413793,9.310344896551724,0.3333333333333333,4.500617206015354,5.994376125398897,6.072341164747804
24.39655172413793,9.310344896551724,0.4444444444444444,4.466122518426594,5.98537659015668,6.069319908375424
24.39655172413793,9.310344896551724,0.5555555555555556,4.432888054203854,5.976692573629599,6.066003964639633
24.39655172413793,9.310344896551724,0.6666666666666666,4.400810380198068,5.968304483508835,6.062433393966341
24.39655172413793,9.310344896551724,0.7777777777777777,4.369796878141592,5.960194106345124,6.058643173785479
24.39655172413793,9.310344896551724,0.8888888888888888,4.339764523961141,5.952344557118258,6.05466380884043
24.39655172413793,9.310344896551724,1.0,4.310638780971756,5.944740208777849,6.050521892569547
26.103448275862068,3.103448965517242,0.2222222222222222,4.490578644807616,5.787779468023553,6.381531035565545
26.103448275862068,3.103448965517242,0.3333333333333333,4.410648750794081,5.755776864879903,6.373139455372045
26.103448275862068,3.103448965517242,0.4444444444444444,4.3387450656095,5.727464652549011,6.362615341632654
26.103448275862068,3.103448965517242,0.5555555555555556,4.2730277477336385,5.702095739774832,6.350809387696304
26.103448275862068,3.103448965517242,0.6666666666666666,4.212218987349947,5.679126484977173,6.338239779516528
26.103448275862068,3.103448965517242,0.7777777777777777,4.155398094692182,5.658150112667674,6.325232908426085
26.103448275862068,3.103448965517242,0.8888888888888888,4.101880567548957,5.638854702125535,6.311999907381765
26.103448275862068,3.103448965517242,1.0,4.051143796633281,5.620995936047923,6.298680133909197
26.103448275862068,3.44827651724138,0.0,4.687121888100542,5.895529675769377,6.353478855393529
26.103448275862068,3.44827651724138,0.1111111111111111,4.58927487175275,5.857544511454152,6.355118210991975
26.103448275862068,3.44827651724138,0.2222222222222222,4.504074044032503,5.82451110632193,6.3515196782590735
26.103448275862068,3.44827651724138,0.3333333333333333,4.428240927008095,5.795351449599292,6.344672036473944
26.103448275862068,3.44827651724138,0.4444444444444444,4.3595637598957895,5.769282517525532,6.33577371924449
26.103448275862068,3.44827651724138,0.5555555555555556,4.29650965374884,5.745728444812282,6.3255672392241875
26.103448275862068,3.44827651724138,0.6666666666666666,4.23798238916966,5.724257054389355,6.314526623553439
26.103448275862068,3.44827651724138,0.7777777777777777,4.183174455339536,5.70453710720281,6.3029628246118214
26.103448275862068,3.44827651724138,0.8888888888888888,4.131475126495182,5.686309692848503,6.291084568123659
26.103448275862068,3.44827651724138,1.0,4.082411756700636,5.669368830137071,6.27903460319331
26.103448275862068,3.7931040689655178,0.0,4.687121888100542,5.919116032938156,6.325661253394614
26.103448275862068,3.7931040689655178,0.1111111111111111,4.596196287849367,5.885262459405213,6.327344348635117
26.103448275862068,3.7931040689655178,0.2222222222222222,4.515972250334602,5.855374721653174,6.324582047219598
26.103448275862068,3.7931040689655178,0.3333333333333333,4.443923748293591,5.828680771654852,6.318909708812888
26.103448275862068,3.7931040689655178,0.4444444444444444,4.378267604133946,5.804593694078591,6.311309527007488
26.103448275862068,3.7931040689655178,0.5555555555555556,4.317723852823573,5.782666132785142,6.302420637491008
26.103448275862068,3.7931040689655178,0.6666666666666666,4.2613521945756885,5.7625527970830905,6.292668124706344
26.103448275862068,3.7931040689655178,0.7777777777777777,4.20844536465149,5.743983060894816,6.282340851757844
26.103448275862068,3.7931040689655178,0.8888888888888888,4.158459569793297,5.726741528094779,6.271638938702976
26.103448275862068,3.7931040689655178,1.0,4.110968360030803,5.710654262624302,6.260703335559778
26.103448275862068,4.137931620689656,0.0,4.687121888100542,5.939293143613266,6.300899160008067
26.103448275862068,4.137931620689656,0.1111111111111111,4.602247251176592,5.908865475792305,6.30249529896655
26.103448275862068,4.137931620689656,0.2222222222222222,4.526519879528086,5.881661267408903,6.300308260804571
26.103448275862068,4.137931620689656,0.3333333333333333,4.457965096907635,5.857116695814115,6.295531983007838
26.103448275862068,4.137931620689656,0.4444444444444444,4.395134599937226,5.834786306939525,6.288969771736226
26.103448275862068,4.137931620689656,0.5555555555555556,4.3369561281732505,5.81431971900156,6.28116708520938
26.103448275862068,4.137931620689656,0.6666666666666666,4.2826224014795855,5.795439532994756,6.272500023568099
26.103448275862068,4.137931620689656,0.7777777777777777,4.231514240235787,5.777923797139471,6.26323225870285
26.103448275862068,4.137931620689656,0.8888888888888888,4.183148046017149,5.761592828491463,6.2535515927460095
26.103448275862068,4.137931620689656,1.0,4.137139694460488,5.7462994598084896,6.243593702754303
26.103448275862068,4.482759172413794,0.0,4.687121888100542,5.956760084026622,6.2787093991493945
26.103448275862068,4.482759172413794,0.1111111111111111,4.607575073823555,5.929207761976806,6.280145638276599
26.103448275862068,4.482759172413794,0.2222222222222222,4.5359192793252845,5.904310455781778,6.278349833316406
26.103448275862068,4.482759172413794,0.3333333333333333,4.4705894815680125,5.881648892498091,6.274258015141562
26.103448275862068,4.482759172413794,0.4444444444444444,4.410400171709946,5.8608808270337,6.268527557399379
26.103448275862068,4.482759172413794,0.5555555555555556,4.3544494579821045,5.841729521184531,6.261621696325309
26.103448275862068,4.482759172413794,0.6666666666666666,4.30204305776544,5.823970805000858,6.253870204132266
26.103448275862068,4.482759172413794,0.7777777777777777,4.252638726678181,5.807421877005371,6.245510796850924
26.103448275862068,4.482759172413794,0.8888888888888888,4.2058066261172335,5.7919323813427805,6.2367170266736105
26.103448275862068,4.482759172413794,1.0,4.1612011226366175,5.777377510616365,6.227617125340046
26.103448275862068,4.827586724137932,0.0,4.687121888100542,5.972035227272564,6.258706384261213
26.103448275862068,4.827586724137932,0.1111111111111111,4.612297068623616,5.946922341271082,6.259945309237921
26.103448275862068,4.827586724137932,0.2222222222222222,4.5443371376819055,5.924022498558257,6.258410749804795
26.103448275862068,4.827586724137932,0.3333333333333333,4.481985626676971,5.9030186622253815,6.25484282059874
26.103448275862068,4.827586724137932,0.4444444444444444,4.424264410447817,5.883644760171063,6.249780718499365
26.103448275862068,4.827586724137932,0.5555555555555556,4.370411416187373,5.865680371991703,6.243616936781295
26.103448275862068,4.827586724137932,0.6666666666666666,4.319828109529345,5.848943234005354,6.236638933917019
26.103448275862068,4.827586724137932,0.7777777777777777,4.272039152208512,5.833282108691256,6.2290591638687225
26.103448275862068,4.827586724137932,0.8888888888888888,4.226662459145486,5.818570752457383,6.2210362260274294
26.103448275862068,4.827586724137932,1.0,4.183387189567726,5.804703044270299,6.212689692732404
26.103448275862068,5.17241427586207,0.0,4.687121888100542,5.985511486190991,6.240578544363045
26.103448275862068,5.17241427586207,0.1111111111111111,4.616507460569571,5.962488293446156,6.241604559296718
26.103448275862068,5.17241427586207,0.2222222222222222,4.551911385660489,5.9413296741171315,6.240239375568887
26.103448275862068,5.17241427586207,0.3333333333333333,4.492312691005735,5.9217921742085995,6.237073235201038
26.103448275862068,5.17241427586207,0.4444444444444444,4.4368979592227715,5.903666588261591,6.23254993068634
26.103448275862068,5.17241427586207,0.5555555555555556,4.385020078133545,5.8867758837665365,6.227001846218996
26.103448275862068,5.17241427586207,0.6666666666666666,4.336161559406709,5.870970945185054,6.220678659360138
26.103448275862068,5.17241427586207,0.7777777777777777,4.28990508001661,5.856126057959872,6.2137690998159325
26.103448275862068,5.17241427586207,0.8888888888888888,4.245910800661997,5.842134838616891,6.206416925326384
26.103448275862068,5.17241427586207,1.0,4.203899179665743,5.828906798205457,6.19873251935169
26.103448275862068,5.517241827586208,0.0,4.687121888100542,5.997492355071885,6.224071285032559
26.103448275862068,5.517241827586208,0.1111111111111111,4.620282570305946,5.976274863898763,6.22488206596947
26.103448275862068,5.517241827586208,0.2222222222222222,4.558756711439713,5.956643674719397,6.223621394647586
26.103448275862068,5.517241827586208,0.3333333333333333,4.501705364042642,5.9384091642605075,6.220763970432528
26.103448275862068,5.517241827586208,0.4444444444444444,4.448446832139308,5.921405059865768,6.216676588076494
26.103448275862068,5.517241827586208,0.5555555555555556,4.398428795623163,5.9054880114572965,6.21164094794176
26.103448275862068,5.517241827586208,0.6666666666666666,4.35120237498607,5.890535259091416,6.205873499872306
26.103448275862068,5.517241827586208,0.7777777777777777,4.306400466660441,5.876441797403383,6.199541216636025
26.103448275862068,5.517241827586208,0.8888888888888888,4.263720495430008,5.863117637768223,6.192773636367392
26.103448275862068,5.517241827586208,1.0,4.222910971390765,5.8504853871889955,6.185671897075442
26.103448275862068,5.862069379310346,0.0,4.687121888100542,6.008216140031355,6.208974463118205
26.103448275862068,5.862069379310346,0.1111111111111111,4.623684722675098,5.988571229621552,6.209575589883523
26.103448275862068,5.862069379310346,0.2222222222222222,4.564968957542759,5.970287804502773,6.2083737858425225
26.103448275862068,5.862069379310346,0.3333333333333333,4.5102780419799045,5.953216224657147,6.205753950613818
26.103448275862068,5.862069379310346,0.4444444444444444,4.459036381095974,5.937222985543254,6.20202063861118
26.103448275862068,5.862069379310346,0.5555555555555556,4.41077009760795,5.922191087538925,6.1974129993242375
26.103448275862068,5.862069379310346,0.6666666666666666,4.365088452655373,5.9080188397674664,6.192118553380877
26.103448275862068,5.862069379310346,0.7777777777777777,4.321667782219951,5.894618104290837,6.18628464409892
26.103448275862068,5.862069379310346,0.8888888888888888,4.280238316988321,5.881912462624894,6.18002750798248
26.103448275862068,5.862069379310346,1.0,4.240573638586283,5.869835513089991,6.173439294445287
26.103448275862068,6.206896931034484,0.0,4.687121888100542,6.017872677172533,6.195113037536061
26.103448275862068,6.206896931034484,0.1111111111111111,4.626765213246718,5.999607084720437,6.195514606834423
26.103448275862068,6.206896931034484,0.2222222222222222,4.570628627758766,5.982519401376819,6.194339754950628
26.103448275862068,6.206896931034484,0.3333333333333333,4.51812824991687,5.966490107555828,6.19190301759673
26.103448275862068,6.206896931034484,0.4444444444444444,4.4687745735578055,5.95141097246034,6.188458495792859
26.103448275862068,6.206896931034484,0.5555555555555556,4.422158902114621,5.937185770124175,6.1842096890316265
26.103448275862068,6.206896931034484,0.6666666666666666,4.377939853670864,5.923729747369286,6.179319098370756
26.103448275862068,6.206896931034484,0.7777777777777777,4.335831342303167,5.91096856080962,6.173916557995087
26.103448275862068,6.206896931034484,0.8888888888888888,4.29559244746937,5.898837057398006,6.1681060686408955
26.103448275862068,6.206896931034484,1.0,4.257019114541057,5.88727808013395,6.161971244175016
26.103448275862068,6.551724482758622,0.0,4.687121888100542,6.026615132392927,6.182339993056752
26.103448275862068,6.551724482758622,0.1111111111111111,4.629566576165338,6.009567187137954,6.182554480383836
26.103448275862068,6.551724482758622,0.2222222222222222,4.575803688062003,5.9935457784856085,6.181384506456753
26.103448275862068,6.551724482758622,0.3333333333333333,4.525339447977152,5.978454377357638,6.179089026439446
26.103448275862068,6.551724482758622,0.4444444444444444,4.477754709019929,5.9642044432041,6.175881093673039
26.103448275862068,6.551724482758622,0.5555555555555556,4.432695177625234,5.950716251899576,6.171934351634555
26.103448275862068,6.551724482758622,0.6666666666666666,4.389861469901114,5.9379187445484325,6.167389753904059
26.103448275862068,6.551724482758622,0.7777777777777777,4.349000031629921,5.925748907595487,6.162361640893744
26.103448275862068,6.551724482758622,0.8888888888888888,4.309895300434671,5.914150970168414,6.15694289261583
26.103448275862068,6.551724482758622,1.0,4.272363144579456,5.903075569539918,6.151209152495604
26.103448275862068,6.8965520344827596,0.0,4.687121888100542,6.034568498243106,6.170530916119494
26.103448275862068,6.8965520344827596,0.1111111111111111,4.632124331006756,6.018601836551763,6.170571832077714
26.103448275862068,6.8965520344827596,0.2222222222222222,4.580551809195767,6.003535768083355,6.169391731422064
26.103448275862068,6.8965520344827596,0.3333333333333333,4.5319833348368785,5.9892915277147,6.1672053202745785
27.810344827586206,0.34482855172413795,0.6666666666666666,3.874548086167524,4.16518202831706,6.663847443336098
27.810344827586206,0.34482855172413795,0.7777777777777777,3.792829232494561,4.121327921124358,6.625964378746916
27.810344827586206,0.34482855172413795,0.8888888888888888,3.7161775990270294,4.083030779249494,6.590785940845043
27.810344827586206,0.34482855172413795,1.0,3.64358111047196,4.049156419692279,6.557851325398818
27.810344827586206,0.689656103448276,0.0,4.75552564588372,5.320143629165489,6.87183634560583
27.810344827586206,0.689656103448276,0.1111111111111111,4.50805760863659,5.13059098912476,6.827996051970024
27.810344827586206,0.689656103448276,0.2222222222222222,4.349985430041947,5.019531332775881,6.778374289177707
27.810344827586206,0.689656103448276,0.3333333333333333,4.226246194812424,4.939782546399713,6.732694221929372
27.810344827586206,0.689656103448276,0.4444444444444444,4.121426306292979,4.877470850598249,6.69103931209855
27.810344827586206,0.689656103448276,0.5555555555555556,4.028772329751074,4.826411007275512,6.6527865043546335
27.810344827586206,0.689656103448276,0.6666666666666666,3.94466443709908,4.78326172554257,6.617356453337633
27.810344827586206,0.689656103448276,0.7777777777777777,3.8669179449052318,4.745997929037807,6.584287171677456
27.810344827586206,0.689656103448276,0.8888888888888888,3.7941068023984696,4.7132931840106735,6.553218043263361
27.810344827586206,0.689656103448276,1.0,3.725247522829691,4.684228396094271,6.523865811844433
27.810344827586206,1.034483655172414,0.0,4.75552564588372,5.536441389816605,6.757040946878042
27.810344827586206,1.034483655172414,0.1111111111111111,4.539645986375918,5.393196060920375,6.738459851740043
27.810344827586206,1.034483655172414,0.2222222222222222,4.392090579554808,5.300603211717537,6.7049184186370425
27.810344827586206,1.034483655172414,0.3333333333333333,4.274665314759872,5.2316213711342945,6.67010180530114
27.810344827586206,1.034483655172414,0.4444444444444444,4.174628417875233,5.17659856289769,6.636443101202318
27.810344827586206,1.034483655172414,0.5555555555555556,4.08604041657323,5.130882691626337,6.604433257881215
27.810344827586206,1.034483655172414,0.6666666666666666,4.005611994636136,5.091846978891967,6.57408452546966
27.810344827586206,1.034483655172414,0.7777777777777777,3.9313161911414136,5.057852633119949,6.545280210980499
27.810344827586206,1.034483655172414,0.8888888888888888,3.861809514219128,5.027803981003484,6.517876243633447
27.810344827586206,1.034483655172414,1.0,3.7961533321082785,5.000930108175654,6.491732907560016
27.810344827586206,1.3793112068965518,0.0,4.75552564588372,5.666160410092133,6.667210830193201
27.810344827586206,1.3793112068965518,0.1111111111111111,4.565343443760948,5.553673705183914,6.662013553364285
27.810344827586206,1.3793112068965518,0.2222222222222222,4.4278568987118145,5.47512278767565,6.639894867209409
27.810344827586206,1.3793112068965518,0.3333333333333333,4.316522689213316,5.414554445231093,6.61361839921846
27.810344827586206,1.3793112068965518,0.4444444444444444,4.221006387690078,5.365247887830731,6.5865716359225015
27.810344827586206,1.3793112068965518,0.5555555555555556,4.1361704656245735,5.323704533046703,6.55987945612308
27.810344827586206,1.3793112068965518,0.6666666666666666,4.059067226684166,5.287856756806217,6.5339420948525335
27.810344827586206,1.3793112068965518,0.7777777777777777,3.9878387849964985,5.256374683767435,6.508888373144986
27.810344827586206,1.3793112068965518,0.8888888888888888,3.9212338804842592,5.228349466989258,6.484736524098596
27.810344827586206,1.3793112068965518,1.0,3.858367364919703,5.203130962883258,6.461458501430595
27.810344827586206,1.7241387586206898,0.0,4.75552564588372,5.753695794841662,6.594951091417626
27.810344827586206,1.7241387586206898,0.1111111111111111,4.5863854239387924,5.66278834339367,6.596706563828285
27.810344827586206,1.7241387586206898,0.2222222222222222,4.4583588664718095,5.595365131841122,6.582514286765743
27.810344827586206,1.7241387586206898,0.3333333333333333,4.3528740257332945,5.541756556080483,6.5628232856662745
27.810344827586206,1.7241387586206898,0.4444444444444444,4.261661890024813,5.497273596840284,6.541161644936691
27.810344827586206,1.7241387586206898,0.5555555555555556,4.180339293200577,5.459289180123483,6.518945534729444
27.810344827586206,1.7241387586206898,0.6666666666666666,4.106296458993453,5.426178544430345,6.496802593318399
27.810344827586206,1.7241387586206898,0.7777777777777777,4.037848499253345,5.396863703519917,6.475023653134338
27.810344827586206,1.7241387586206898,0.8888888888888888,3.973841296550315,5.370591090797213,6.453742061062629
27.810344827586206,1.7241387586206898,1.0,3.9134479122281496,5.346812257160497,6.43301295276878
27.810344827586206,2.068966310344828,0.0,4.75552564588372,5.817154229243055,6.5355108797149075
27.810344827586206,2.068966310344828,0.1111111111111111,4.60375797364142,5.741957999770046,6.540711580879297
27.810344827586206,2.068966310344828,0.2222222222222222,4.484487248713043,5.683498600293377,6.531922604619344
27.810344827586206,2.068966310344828,0.3333333333333333,4.3845796089569165,5.635754956719931,6.517233708526645
27.810344827586206,2.068966310344828,0.4444444444444444,4.297473802780659,5.595439120875128,6.499903929548542
27.810344827586206,2.068966310344828,0.5555555555555556,4.219469979802302,5.560578484721428,6.481417749880157
27.810344827586206,2.068966310344828,0.6666666666666666,4.148280872797569,5.529897920269949,6.462512196593818
27.810344827586206,2.068966310344828,0.7777777777777777,4.082392468273303,5.502524858956725,6.443574168648192
27.810344827586206,2.068966310344828,0.8888888888888888,4.020749125565293,5.477835232562957,6.42481305126657
27.810344827586206,2.068966310344828,1.0,3.962584320851187,5.455366776931838,6.406342774118092
27.810344827586206,2.413793862068966,0.0,4.75552564588372,5.865454975411022,6.485711630003284
27.810344827586206,2.413793862068966,0.1111111111111111,4.618233789032755,5.802040957059532,6.492436428542029
27.810344827586206,2.413793862068966,0.2222222222222222,4.50697991335118,5.750879433757409,6.487276810351384
27.810344827586206,2.413793862068966,0.3333333333333333,4.412349854279171,5.708119342082624,6.476343806145342
27.810344827586206,2.413793862068966,0.4444444444444444,4.329157261591509,5.671436929617539,6.462464660007302
27.810344827586206,2.413793862068966,0.5555555555555556,4.254302821041644,5.63934806276937,6.447061170476507
27.810344827586206,2.413793862068966,0.6666666666666666,4.185798122253863,5.610852068529402,6.4308989339516645
27.810344827586206,2.413793862068966,0.7777777777777777,4.122293175271604,5.58524319049117,6.414411654195002
27.810344827586206,2.413793862068966,0.8888888888888888,4.062829327144489,5.562005087275205,6.397853867378626
27.810344827586206,2.413793862068966,1.0,4.006700808674804,5.540748478859681,6.381378239777673
27.810344827586206,2.758621413793104,0.0,4.75552564588372,5.903545562702731,6.4433498640755005
27.810344827586206,2.758621413793104,0.1111111111111111,4.630411879766953,5.849190282749226,6.450548855982788
27.810344827586206,2.758621413793104,0.2222222222222222,4.526445953628204,5.804025598995541,6.4477917502523665
27.810344827586206,2.758621413793104,0.3333333333333333,4.436775982508822,5.765522864251503,6.439654301286807
27.810344827586206,2.758621413793104,0.4444444444444444,4.357302680599075,5.732023107660606,6.428503383675039
27.810344827586206,2.758621413793104,0.5555555555555556,4.2854422291829275,5.702405355060822,6.4156312169140906
27.810344827586206,2.758621413793104,0.6666666666666666,4.219476555383591,5.675883291753479,6.4017807813147805
27.810344827586206,2.758621413793104,0.7777777777777777,4.1582094414674176,5.65188598821367,6.3873978123631545
27.810344827586206,2.758621413793104,0.8888888888888888,4.100775554736614,5.629986372645029,6.372758666446093
27.810344827586206,2.758621413793104,1.0,4.046528777753994,5.609856792521543,6.358038871327639
27.810344827586206,3.103448965517242,0.0,4.75552564588372,5.93440762461638,6.406850486464938
27.810344827586206,3.103448965517242,0.1111111111111111,4.6407546290894395,5.887168225852549,6.413957933414105
27.810344827586206,3.103448965517242,0.2222222222222222,4.543386327091786,5.846975509150427,6.412763346305077
27.810344827586206,3.103448965517242,0.3333333333333333,4.458352105693049,5.8121266035162105,6.406692436016894
27.810344827586206,3.103448965517242,0.4444444444444444,4.382402586632092,5.781423287271776,6.397686773411382
27.810344827586206,3.103448965517242,0.5555555555555556,4.313388656860682,5.754014224431238,6.3868830859759775
27.810344827586206,3.103448965517242,0.6666666666666666,4.2498320778208765,5.7292799452184,6.374972453645182
27.810344827586206,3.103448965517242,0.7777777777777777,4.190678004955672,5.706758069134753,6.36238959903641
27.810344827586206,3.103448965517242,0.8888888888888888,4.1351491809254615,5.686095225181538,6.349415885696575
27.810344827586206,3.103448965517242,1.0,4.0826569370425805,5.667015631197692,6.336237608427544
27.810344827586206,3.44827651724138,0.0,4.75552564588372,5.959952300284674,6.375057417432674
27.810344827586206,3.44827651724138,0.1111111111111111,4.649619189732065,5.918407948266057,6.381779282868127
27.810344827586206,3.44827651724138,0.2222222222222222,4.558211994674815,5.882373776202191,6.381575630987121
27.810344827586206,3.44827651724138,0.3333333333333333,4.477492130193161,5.850675114171353,6.377023488104393
27.810344827586206,3.44827651724138,0.4444444444444444,4.404870871831265,5.822435587073874,6.369698119667107
27.810344827586206,3.44827651724138,0.5555555555555556,4.338561013108645,5.797004276670288,6.360578869994174
27.810344827586206,3.44827651724138,0.6666666666666666,4.277293856180222,5.77389135854352,6.350290782798489
27.810344827586206,3.44827651724138,0.7777777777777777,4.220142466478827,5.752721607217987,6.339243474929242
27.810344827586206,3.44827651724138,0.8888888888888888,4.166411387464051,5.733202317277036,6.327711825085058
27.810344827586206,3.44827651724138,1.0,4.115566398758695,5.715101238814119,6.315884043400617
27.810344827586206,3.7931040689655178,0.0,4.75552564588372,5.981464583319868,6.34710250727117
27.810344827586206,3.7931040689655178,0.1111111111111111,4.657282559374638,5.944553254529502,6.353298089203114
27.810344827586206,3.7931040689655178,0.2222222222222222,4.571259741468097,5.912027101216497,6.3536981212022035
27.810344827586206,3.7931040689655178,0.3333333333333333,4.4945432883591545,5.883057295795345,6.350255909789185
27.810344827586206,3.7931040689655178,0.4444444444444444,4.425057182937624,5.856994468323715,6.34424313075408
27.810344827586206,3.7931040689655178,0.5555555555555556,4.361312909451645,5.833337130878658,6.336492502041076
27.810344827586206,3.7931040689655178,0.6666666666666666,4.302222709669257,5.811696197587542,6.327558719101846
27.810344827586206,3.7931040689655178,0.7777777777777777,4.246973892099651,5.791766318313305,6.317818683064422
27.810344827586206,3.7931040689655178,0.8888888888888888,4.194945969002906,5.773304619693043,6.30753344006567
27.810344827586206,3.7931040689655178,1.0,4.145655638330692,5.756115303471573,6.296886925724052
27.810344827586206,4.137931620689656,0.0,4.75552564588372,5.999842173119028,6.3223207502568295
27.810344827586206,4.137931620689656,0.1111111111111111,4.663960924916439,5.966754503223434,6.327935797360142
27.810344827586206,4.137931620689656,0.2222222222222222,4.582805709619414,5.937212008810306,6.328678258208293
27.810344827586206,4.137931620689656,0.3333333333333333,4.509797265621067,5.9106174315858055,6.326042112239573
27.810344827586206,4.137931620689656,0.4444444444444444,4.4432580635757795,5.886483267251718,6.321052832774301
27.810344827586206,4.137931620689656,0.5555555555555556,4.381944799435606,5.86441996800968,6.314412840227654
27.810344827586206,4.137931620689656,0.6666666666666666,4.324924611703029,5.844116838213468,6.306608099238994
27.810344827586206,4.137931620689656,0.7777777777777777,4.271485807372748,5.825324534291339,6.297979648723449
27.810344827586206,4.137931620689656,0.8888888888888888,4.221075860320464,5.807841069123327,6.28877044785661
27.810344827586206,4.137931620689656,1.0,4.173258556302736,5.791501119519484,6.279156070571062
27.810344827586206,4.482759172413794,0.0,4.75552564588372,6.015732185139892,6.300193830427262
27.810344827586206,4.482759172413794,0.1111111111111111,4.669824300779083,5.985840602784162,6.305222283862292
27.810344827586206,4.482759172413794,0.2222222222222222,4.593076743201505,5.958855699828891,6.306131925182281
27.810344827586206,4.482759172413794,0.3333333333333333,4.523499465266626,5.934338602485418,6.304076563222991
27.810344827586206,4.482759172413794,0.4444444444444444,4.459725824565421,5.911918572476907,6.299884368897959
27.810344827586206,4.482759172413794,0.5555555555555556,4.400713305169542,5.891290415895249,6.294145273242109
27.810344827586206,4.482759172413794,0.6666666666666666,4.345660848241539,5.87220459941799,6.287281377769729
27.810344827586206,4.482759172413794,0.7777777777777777,4.293945349259657,5.854456705705936,6.279597624309806
27.810344827586206,4.482759172413794,0.8888888888888888,4.2450753506497385,5.837878285188038,6.271316846768298
27.810344827586206,4.482759172413794,1.0,4.198657781783537,5.822329471401672,6.2626037737912785
27.810344827586206,4.827586724137932,0.0,4.75552564588372,6.029613479026788,6.280311547887341
27.810344827586206,4.827586724137932,0.1111111111111111,4.675007503881265,6.0024237812916565,6.284773455663956
27.810344827586206,4.827586724137932,0.2222222222222222,4.602259740563474,5.977647481986084,6.285733766004701
27.810344827586206,4.827586724137932,0.3333333333333333,4.535856749834335,5.954956226068514,6.284092424066354
27.810344827586206,4.827586724137932,0.4444444444444444,4.474675746213876,5.934064519279787,6.280520390777414
27.810344827586206,4.827586724137932,0.5555555555555556,4.417838555397137,5.914731167253315,6.275512223859149
27.810344827586206,4.827586724137932,0.6666666666666666,4.364655836348021,5.896754531283347,6.269432534880404
27.810344827586206,4.827586724137932,0.7777777777777777,4.314581733648788,5.8799662937678,6.262551711892893
27.810344827586206,4.827586724137932,0.8888888888888888,4.2671792824283274,5.864225529495149,6.255071946208154
27.810344827586206,4.827586724137932,1.0,4.222094642583078,5.849413632944634,6.247145819643259
27.810344827586206,5.17241427586207,0.0,4.75552564588372,6.041848367784226,6.262344848338288
27.810344827586206,5.17241427586207,0.1111111111111111,4.67961835927736,6.016965926924649,6.266273553696972
27.810344827586206,5.17241427586207,0.2222222222222222,4.61050926849332,5.994110117170805,6.267208180997009
27.810344827586206,5.17241427586207,0.3333333333333333,4.547043902647932,5.973031160946838,6.265857553449154
27.810344827586206,5.17241427586207,0.4444444444444444,4.488292002605969,5.953506545794151,6.262767586785674
27.810344827586206,5.17241427586207,0.5555555555555556,4.433510071747829,5.93534399412696,6.258352880920034
27.810344827586206,5.17241427586207,0.6666666666666666,4.382103264977887,5.918379537616999,6.252927361804794
27.810344827586206,5.17241427586207,0.7777777777777777,4.333592809544732,5.902473937791886,6.246729393403417
27.810344827586206,5.17241427586207,0.8888888888888888,4.287590104132497,5.8875088865485035,6.239941000249651
27.810344827586206,5.17241427586207,1.0,4.243776762813715,5.873383542713605,6.232702156956971
27.810344827586206,5.517241827586208,0.0,4.75552564588372,6.052716267618389,6.24602657341391
27.810344827586206,5.517241827586208,0.1111111111111111,4.6837438440946375,6.029821992709411,6.249461291412411
27.810344827586206,5.517241827586208,0.2222222222222222,4.617953708965443,6.008646989574244,6.250321366614831
27.810344827586206,5.517241827586208,0.3333333333333333,4.557209005680314,5.988998333253095,6.249170395474895
27.810344827586206,5.517241827586208,0.4444444444444444,4.500732573645005,5.970700598010724,6.246454745483915
27.810344827586206,5.517241827586208,0.5555555555555556,4.4478915617538775,5.9535991857627755,6.242522427848771
27.810344827586206,5.517241827586208,0.6666666666666666,4.398171002831624,5.937559904446351,6.237643299617729
27.810344827586206,5.517241827586208,0.7777777777777777,4.351150221688873,5.922467011889139,6.232026686694076
27.810344827586206,5.517241827586208,0.8888888888888888,4.306483368878429,5.9082208186288225,6.225835529546948
27.810344827586206,5.517241827586208,1.0,4.2638839447045,5.894735340685236,6.219197310432952
27.810344827586206,5.862069379310346,0.0,4.75552564588372,6.062436269394077,6.231137465768575
27.810344827586206,5.862069379310346,0.1111111111111111,4.687454706868153,6.04126920570865,6.234119023953186
27.810344827586206,5.862069379310346,0.2222222222222222,4.624700195953877,6.021574148066956,6.234874484756571
27.810344827586206,5.862069379310346,0.3333333333333333,4.566477901772787,6.0031999798127185,6.233856049519055
27.810344827586206,5.862069379310346,0.4444444444444444,4.512133336766935,5.986006885912677,6.231430628442221
27.810344827586206,5.862069379310346,0.5555555555555556,4.461124865824591,5.969869523069557,6.227890972483798
27.810344827586206,5.862069379310346,0.6666666666666666,4.413005078364082,5.95467736238734,6.223468975655305
27.810344827586206,5.862069379310346,0.7777777777777777,4.367403540615333,5.940333714921591,6.218348029157052
27.810344827586206,5.862069379310346,0.8888888888888888,4.324012087520505,5.9267542537709685,6.212673405983366
27.810344827586206,5.862069379310346,1.0,4.2825727898096355,5.913865438585941,6.206560585021076
27.810344827586206,6.206896931034484,0.0,4.75552564588372,6.071182681212019,6.217495824150044
27.810344827586206,6.206896931034484,0.1111111111111111,4.690808960912988,6.05152721149046,6.2200642753384
27.810344827586206,6.206896931034484,0.2222222222222222,4.630838570738372,6.033142590414996,6.220697905752996
27.810344827586206,6.206896931034484,0.3333333333333333,4.574957887837949,6.015908913919085,6.219762673649917
27.810344827586206,6.206896931034484,0.4444444444444444,4.522611484356131,5.9997135994207325,6.217561830048256
27.810344827586206,6.206896931034484,0.5555555555555556,4.473333234558622,5.984454199157177,6.21434232697384
27.810344827586206,6.206896931034484,0.6666666666666666,4.426732945976263,5.970039095654366,6.210303550404639
27.810344827586206,6.206896931034484,0.7777777777777777,4.382483611511915,5.956387111289293,6.205605972540981
27.810344827586206,6.206896931034484,0.8888888888888888,4.3403102229281085,5.943426629513916,6.200378763011242
27.810344827586206,6.206896931034484,1.0,4.299980379637086,5.931094551203665,6.194726112751515
27.810344827586206,6.551724482758622,0.0,4.75552564588372,6.079095979049748,6.204949740956284
27.810344827586206,6.551724482758622,0.1111111111111111,4.693854544334724,6.060772270582978,6.207143087710835
27.810344827586206,6.551724482758622,0.2222222222222222,4.6364445495137385,6.043554083050851,6.207646407874217
27.810344827586206,6.551724482758622,0.3333333333333333,4.582740766572609,6.027345143206851,6.206758282425876
27.810344827586206,6.551724482758622,0.4444444444444444,4.532268382490839,6.012053916788327,6.204730731654007
27.810344827586206,6.551724482758622,0.5555555555555556,4.484624066536876,5.997596016895348,6.201772740635042
27.810344827586206,6.551724482758622,0.6666666666666666,4.439466192182825,5.983895027761158,6.198055959514154
27.810344827586206,6.551724482758622,0.7777777777777777,4.396505301138925,5.970882452868911,6.19372075519836
27.810344827586206,6.551724482758622,0.8888888888888888,4.355495529658649,5.9584972236082505,6.188881783286952
27.810344827586206,6.551724482758622,1.0,4.3162272438676075,5.946685020803336,6.183632783155451
27.810344827586206,6.8965520344827596,0.0,4.75552564588372,6.086290679628311,6.193371197820354
27.810344827586206,6.8965520344827596,0.1111111111111111,4.696631360533542,6.069147457286128,6.195224776036147
27.810344827586206,6.8965520344827596,0.2222222222222222,4.641582262996497,6.052972598124665,6.195595198347324
27.810344827586206,6.8965520344827596,0.3333333333333333,4.589905366307815,6.037687953534086,6.1947279464076255
27.810344827586206,6.8965520344827596,0.4444444444444444,4.541191965009105,6.023218423865515,6.192833608744666
27.810344827586206,6.8965520344827596,0.5555555555555556,4.495091205791539,6.009493980363889,6.190089653469401
27.810344827586206,6.8965520344827596,0.6666666666666666,4.451302795001765,5.996450498824667,6.186644111964798
27.810344827586206,6.8965520344827596,0.7777777777777777,4.4095697730674965,5.9840298956878195,6.182619802446924
27.810344827586206,6.8965520344827596,0.8888888888888888,4.369671886804848,5.972179884461657,6.178118404684943
27.810344827586206,6.8965520344827596,1.0,4.331419781140508,5.960853546868344,6.173224090802321
27.810344827586206,7.2413795862068975,0.0,4.75552564588372,6.092861103109036,6.182651518522857
27.810344827586206,7.2413795862068975,0.1111111111111111,4.699172855513978,6.076770113739896,6.184197768398104
27.810344827586206,7.2413795862068975,0.2222222222222222,4.646306297102094,6.0615327178239715,6.184436624710615
27.810344827586206,7.2413795862068975,0.3333333333333333,4.596519622004729,6.047084836772496,6.183571371664773
27.810344827586206,7.2413795862068975,0.4444444444444444,4.549458740453198,6.033364327649227,6.1817789176191855
27.810344827586206,7.2413795862068975,0.5555555555555556,4.504816876476634,6.020312662940269,6.179210512017251
27.810344827586206,7.2413795862068975,0.6666666666666666,4.462329021933256,6.0078757153951905,6.1759940866161775
27.810344827586206,7.2413795862068975,0.7777777777777777,4.4217663877171445,5.996003990598938,6.172237192579522
27.810344827586206,7.2413795862068975,0.8888888888888888,4.382931232660654,5.984652539272509,6.168029976516059
27.810344827586206,7.2413795862068975,1.0,4.345652253364721,5.973780698045587,6.163447926689322
27.810344827586206,7.586207137931035,0.0,4.75552564588372,6.098885659534789,6.17269782735829
27.810344827586206,7.586207137931035,0.1111111111111111,4.701507246576537,6.083737383080621,6.173966287621627
27.810344827586206,7.586207137931035,0.2222222222222222,4.650663337726663,6.069345901484992,6.174077458701772
27.810344827586206,7.586207137931035,0.3333333333333333,4.602642295375581,6.055658181554268,6.1732008236628895
27.810344827586206,7.586207137931035,0.4444444444444444,4.557135476358156,6.042622389105027,6.1714857677567885
27.810344827586206,7.586207137931035,0.5555555555555556,4.513873316636394,6.030189277217828,6.169061670825944
27.810344827586206,7.586207137931035,0.6666666666666666,4.472621032334645,6.018312896701948,6.166039354985363
27.810344827586206,7.586207137931035,0.7777777777777777,4.433174299997284,6.006950870356597,6.162513115385787
27.810344827586206,7.586207137931035,0.8888888888888888,4.395355182351031,5.9960644009277475,6.158562889945596
27.810344827586206,7.586207137931035,1.0,4.359008443475631,5.9856181262250905,6.1542563343480055
27.810344827586206,7.931034689655173,0.0,4.75552564588372,6.104430083643767,6.163430261862276
27.810344827586206,7.931034689655173,0.1111111111111111,4.703658486762867,6.0901303748338425,6.16444768787377
27.810344827586206,7.931034689655173,0.2222222222222222,4.6546935012518365,6.076505221650699,6.1644366513378435
27.810344827586206,7.931034689655173,0.3333333333333333,4.608324398879028,6.063510352555918,6.163539355023548
27.810344827586206,7.931034689655173,0.4444444444444444,4.56428061460728,6.051102206709453,6.161882573941588
27.810344827586206,7.931034689655173,0.5555555555555556,4.52232416122994,6.039239079067435,6.159577390244024
27.810344827586206,7.931034689655173,0.6666666666666666,4.482246235796336,6.0278817488604926,6.15672004736231
27.810344827586206,7.931034689655173,0.7777777777777777,4.443863810474076,6.016993763498903,6.153393341673111
27.810344827586206,7.931034689655173,0.8888888888888888,4.40701638997769,6.006541502934287,6.149668200195799
27.810344827586206,7.931034689655173,1.0,4.371563044402562,5.996494110989782,6.145605246595206
24.39655172413793,9.655172448275863,0.0,4.612887329136392,6.028184553286439,6.072066141089618
24.39655172413793,9.655172448275863,0.1111111111111111,4.5751386706576,6.018555756286421,6.070213302387209
24.39655172413793,9.655172448275863,0.2222222222222222,4.538922482778235,6.009275589876589,6.067950052843935
24.39655172413793,9.655172448275863,0.3333333333333333,4.5041101855927295,6.000323598646511,6.065327834672518
24.39655172413793,9.655172448275863,0.4444444444444444,4.470585996045595,5.991680311223447,6.062392383366355
24.39655172413793,9.655172448275863,0.5555555555555556,4.438245771375451,5.983327353591361,6.059184142265727
24.39655172413793,9.655172448275863,0.6666666666666666,4.406995866175951,5.975247493368254,6.055738745113324
24.39655172413793,9.655172448275863,0.7777777777777777,4.376752042212964,5.9674246377545375,6.052087514858285
24.39655172413793,9.655172448275863,0.8888888888888888,4.347438454678755,5.95984380162718,6.04825794765018
24.39655172413793,9.655172448275863,1.0,4.3189867265683635,5.952491057373063,6.044274164836634
24.39655172413793,10.0,0.0,4.612887329136392,6.032586435184766,6.0653755479859575
24.39655172413793,10.0,0.1111111111111111,4.576334383300128,6.023371062627383,6.063508638680105
24.39655172413793,10.0,0.2222222222222222,4.541209210211213,6.014474547409215,6.061267905910056
24.39655172413793,10.0,0.3333333333333333,4.507396558445887,6.005879048878577,6.058698334129401
24.39655172413793,10.0,0.4444444444444444,4.4747922095370445,5.997567518904997,6.055840175817004
24.39655172413793,10.0,0.5555555555555556,4.443302017365959,5.989523803490571,6.052729257073561
24.39655172413793,10.0,0.6666666666666666,4.412840960148429,5.9817326882666935,6.049397346205754
24.39655172413793,10.0,0.7777777777777777,4.383332233685949,5.974179905361337,6.045872543527262
24.39655172413793,10.0,0.8888888888888888,4.35470640402518,5.966852114572674,6.042179666313047
24.39655172413793,10.0,1.0,4.3269006290887155,5.959736868166915,6.038340613658532
26.103448275862068,1e-06,0.0,4.687121888100542,3.045732464507938,7.143845759240436
26.103448275862068,1e-06,0.1111111111111111,4.387157746661613,3.0457401184871196,6.986425779249967
26.103448275862068,1e-06,0.2222222222222222,4.2158549877761295,3.0457417082011586,6.893178857799933
26.103448275862068,1e-06,0.3333333333333333,,,
26.103448275862068,1e-06,0.4444444444444444,3.9707381466964904,3.0457439667633888,6.762707492710843
26.103448275862068,1e-06,0.5555555555555556,3.8707405907367867,3.0457446557416206,6.711298615108027
26.103448275862068,1e-06,0.6666666666666666,,,
26.103448275862068,1e-06,0.7777777777777777,3.69438228930169,3.0457444234627093,6.623777454999576
26.103448275862068,1e-06,0.8888888888888888,3.6142964536142745,3.0457455989985536,6.585409662299318
26.103448275862068,1e-06,1.0,3.5381614469380573,3.0457462728594447,6.549716774347524
26.103448275862068,0.34482855172413795,0.0,4.687121888100542,4.723243264663477,6.962300695557074
26.103448275862068,0.34482855172413795,0.1111111111111111,4.429682540821121,4.492976550053035,6.874087825329959
26.103448275862068,0.34482855172413795,0.2222222222222222,4.269853893194326,4.365851837605619,6.805950673169263
26.103448275862068,0.34482855172413795,0.3333333333333333,4.14464024161301,4.275863327757705,6.749396947060324
26.103448275862068,0.34482855172413795,0.4444444444444444,4.038133157275424,4.205963780955199,6.700336944619965
26.103448275862068,0.34482855172413795,0.5555555555555556,3.943542063643722,4.148867819045681,6.656593996513672
26.103448275862068,0.34482855172413795,0.6666666666666666,3.8572705712479585,4.100724268370091,6.616859580284791
26.103448275862068,0.34482855172413795,0.7777777777777777,3.7771646029509065,4.059228955699437,6.580278194670392
26.103448275862068,0.34482855172413795,0.8888888888888888,3.701827679587055,4.022884979977138,6.546255823523058
26.103448275862068,0.34482855172413795,1.0,3.630304723389108,3.990660658028882,6.514360963398379
26.103448275862068,0.689656103448276,0.0,4.687121888100542,5.207709055961801,6.826236369907143
26.103448275862068,0.689656103448276,0.1111111111111111,4.463965667321036,5.044136786913769,6.77702698938402
26.103448275862068,0.689656103448276,0.2222222222222222,4.315185455496629,4.944233701961049,6.727965735402966
26.103448275862068,0.689656103448276,0.3333333333333333,4.196880383734496,4.871281763947923,6.683493495162316
26.103448275862068,0.689656103448276,0.4444444444444444,4.095794868468579,4.8137188165773885,6.6430909523793575
26.103448275862068,0.689656103448276,0.5555555555555556,4.005933605157093,4.766235071521702,6.606018615487645
26.103448275862068,0.689656103448276,0.6666666666666666,3.924022000917604,4.725910292914938,6.571676873112279
26.103448275862068,0.689656103448276,0.7777777777777777,3.8480579906600756,4.690952518146923,6.539607063164018
26.103448275862068,0.689656103448276,0.8888888888888888,3.776721916243739,4.66017708687909,6.509457503044822
26.103448275862068,0.689656103448276,1.0,3.7090964326147207,4.632757151771083,6.480954413954523
26.103448275862068,1.034483655172414,0.0,4.687121888100542,5.437607848921816,6.720736276542831
26.103448275862068,1.034483655172414,0.1111111111111111,4.491717579797175,5.312513279632077,6.69368040386328
26.103448275862068,1.034483655172414,0.2222222222222222,4.353429759200957,5.229235951474462,6.6586760510291185
26.103448275862068,1.034483655172414,0.3333333333333333,4.241656689742105,5.166278859155771,6.623906454871534
26.103448275862068,1.034483655172414,0.4444444444444444,4.1455680895889175,5.115598549143483,6.590759921897493
26.103448275862068,1.034483655172414,0.5555555555555556,4.059957432179593,5.073217739546131,6.559419404189601
26.103448275862068,1.034483655172414,0.6666666666666666,3.981884469517739,5.036852961960432,6.529785051133744
26.103448275862068,1.034483655172414,0.7777777777777777,3.9095122456594655,5.0050624662232,6.50169463885156
26.103448275862068,1.034483655172414,0.8888888888888888,3.8416104569957397,4.976873472713734,6.474984812617682
26.103448275862068,1.034483655172414,1.0,3.7773123540646463,4.951596534966923,6.449507954370663
26.103448275862068,1.3793112068965518,0.0,4.687121888100542,5.576652337765612,6.636590644326957
26.103448275862068,1.3793112068965518,0.1111111111111111,4.514324749270064,5.477375985509803,6.622210951506323
26.103448275862068,1.3793112068965518,0.2222222222222222,4.385851040678519,5.406596116597563,6.59734263277819
26.103448275862068,1.3793112068965518,0.3333333333333333,4.280263383800986,5.351339566325297,6.57022307207241
26.103448275862068,1.3793112068965518,0.4444444444444444,4.188841277730586,5.3059797140991405,6.543070895241926
26.103448275862068,1.3793112068965518,0.5555555555555556,4.107125455960877,5.267527100890077,6.516600892574907
26.103448275862068,1.3793112068965518,0.6666666666666666,4.0325075586245305,5.234188919625003,6.491040989937143
26.103448275862068,1.3793112068965518,0.7777777777777777,3.963320235822001,5.204799230614641,6.466438765821419
26.103448275862068,1.3793112068965518,0.8888888888888888,3.8984282891449937,5.178554253748496,6.442771094044362
26.103448275862068,1.3793112068965518,1.0,3.8370216344948456,5.154874920057278,6.419987781286289
26.103448275862068,1.7241387586206898,0.0,4.687121888100542,5.671057673750101,6.567895315115881
26.103448275862068,1.7241387586206898,0.1111111111111111,4.532889637685475,5.590110482671836,6.560798957903026
26.103448275862068,1.7241387586206898,0.2222222222222222,4.413474895157925,5.529191686549988,6.5431354017177945
26.103448275862068,1.7241387586206898,0.3333333333333333,4.313726910614378,5.480256060741943,6.521963901025187
26.103448275862068,1.7241387586206898,0.4444444444444444,4.226691429608147,5.439347245098338,6.499706404109299
26.103448275862068,1.7241387586206898,0.5555555555555556,4.148591003722686,5.404215731405997,6.47733624804977
26.103448275862068,1.7241387586206898,0.6666666666666666,4.077135128462651,5.373453359915715,6.455276740411763
26.103448275862068,1.7241387586206898,0.7777777777777777,4.010824281401227,5.346116690391077,6.433714555409747
26.103448275862068,1.7241387586206898,0.8888888888888888,3.948619944920619,5.321540912422709,6.4127259727758865
26.103448275862068,1.7241387586206898,1.0,3.8897713087935055,5.299238930214022,6.392333147693659
26.103448275862068,2.068966310344828,0.0,4.687121888100542,5.73980844683666,6.510722372129299
26.103448275862068,2.068966310344828,0.1111111111111111,4.548274725680871,5.672355527913386,6.507800105446459
26.103448275862068,2.068966310344828,0.2222222222222222,4.437137696448624,5.619374304719023,6.4952129526575
26.103448275862068,2.068966310344828,0.3333333333333333,4.342876492561064,5.575742191847957,6.478620510191187
26.103448275862068,2.068966310344828,0.4444444444444444,4.259974164327079,5.538657230188647,6.460324150151739
26.103448275862068,2.068966310344828,0.5555555555555556,4.185256745598606,5.506423234835621,6.441379033833819
26.103448275862068,2.068966310344828,0.6666666666666666,4.116729360704222,5.4779336704156005,6.4223080157251955
26.103448275862068,2.068966310344828,0.7777777777777777,4.053053824111112,5.452425137010357,6.4033820376214905
26.103448275862068,2.068966310344828,0.8888888888888888,3.993286903430583,5.429347775854148,6.3847436291558
26.103448275862068,2.068966310344828,1.0,3.9367374988856882,5.408291796563235,6.366466240583288
26.103448275862068,2.413793862068966,0.0,4.687121888100542,5.792320101094197,6.462368298365347
26.103448275862068,2.413793862068966,0.1111111111111111,4.561147663734486,5.735087188761206,6.461804283130145
26.103448275862068,2.413793862068966,0.2222222222222222,4.4575220296951485,5.688576263437873,6.452775924709072
26.103448275862068,2.413793862068966,0.3333333333333333,4.368390175976834,5.649440682971872,6.439685750693466
26.103448275862068,2.413793862068966,0.4444444444444444,4.289381743124855,5.615677697154542,6.424574437102987
26.103448275862068,2.413793862068966,0.5555555555555556,4.217844239167694,5.586003761444902,6.408474092803938
26.103448275862068,2.413793862068966,0.6666666666666666,4.152051219883249,5.559548170176726,6.3919418551882385
26.103448275862068,2.413793862068966,0.7777777777777777,4.0908159944966025,5.5356929263648205,6.3752924431009035
26.103448275862068,2.413793862068966,0.8888888888888888,4.033287035806752,5.5139832023033195,6.358708792730222
26.103448275862068,2.413793862068966,1.0,3.9788318639946194,5.494074242861721,6.342298594734619
26.103448275862068,2.758621413793104,0.0,4.687121888100542,5.833845783480111,6.420915209403675
26.103448275862068,2.758621413793104,0.1111111111111111,4.5720228169306685,5.78453805826555,6.421637351081079
26.103448275862068,2.758621413793104,0.2222222222222222,4.475184501817049,5.743356220304354,6.415096617348853
26.103448275862068,2.758621413793104,0.3333333333333333,4.39082668884959,5.708058902835713,6.404675054596762
26.103448275862068,2.758621413793104,0.4444444444444444,4.315481925606761,5.677199106933571,6.392113915903256
26.103448275862068,2.758621413793104,0.5555555555555556,4.246940116200401,5.649800638845188,6.378366663767371
26.103448275862068,2.758621413793104,0.6666666666666666,4.183713854720601,5.625176682515252,6.3639831373629265
26.103448275862068,2.758621413793104,0.7777777777777777,4.124755975687633,5.602826349921539,6.34929336855484
26.103448275862068,2.758621413793104,0.8888888888888888,4.069301529172782,5.582373202907528,6.334501346692742
26.103448275862068,2.758621413793104,1.0,4.016774458570978,5.563527119383261,6.319735649983276
26.103448275862068,3.103448965517242,0.0,4.687121888100542,5.867566596167619,6.384965961708158
26.103448275862068,3.103448965517242,0.1111111111111111,4.581296443817835,5.824530338461092,6.386336654246109
29.517241379310345,1.7241387586206898,0.2222222222222222,4.498199528110256,5.657203240829804,6.617825879293327
29.517241379310345,1.7241387586206898,0.3333333333333333,4.387101847356329,5.599155887666142,6.60000674435606
29.517241379310345,1.7241387586206898,0.4444444444444444,4.291836482623054,5.551296763237958,6.579171518039836
29.517241379310345,1.7241387586206898,0.5555555555555556,4.207400598365472,5.510630217010352,6.557261381362726
29.517241379310345,1.7241387586206898,0.6666666666666666,4.130863112153333,5.4753205038599555,6.5351434673953985
29.517241379310345,1.7241387586206898,0.7777777777777777,4.0603549974835085,5.444159109321251,6.513229852662055
29.517241379310345,1.7241387586206898,0.8888888888888888,3.994608464911341,5.4163067299936545,6.491720121201188
29.517241379310345,1.7241387586206898,1.0,3.9327223152228394,5.39115589424837,6.470707715611252
29.517241379310345,2.068966310344828,0.0,4.818946070752262,5.889544820169257,6.554059396943523
29.517241379310345,2.068966310344828,0.1111111111111111,4.654213082269223,5.807073149342821,6.568808281272825
29.517241379310345,2.068966310344828,0.2222222222222222,4.526853622179634,5.743413566054166,6.564531282916244
29.517241379310345,2.068966310344828,0.3333333333333333,4.421393914563477,5.69177405202183,6.552137506151893
29.517241379310345,2.068966310344828,0.4444444444444444,4.330187451642611,5.648408405878838,6.536013873099507
29.517241379310345,2.068966310344828,0.5555555555555556,4.248993339589729,5.611077781644678,6.518146833681282
29.517241379310345,2.068966310344828,0.6666666666666666,4.175227431911777,5.578343914359564,6.499521528414944
29.517241379310345,2.068966310344828,0.7777777777777777,4.107199291800098,5.5492286478011685,6.480658186638595
29.517241379310345,2.068966310344828,0.8888888888888888,4.04374160422373,5.523036299035515,6.461842668272922
29.517241379310345,2.068966310344828,1.0,3.984013524452634,5.499254109407881,6.443235070738164
29.517241379310345,2.413793862068966,0.0,4.818946070752262,5.933791591536432,6.503234670622022
29.517241379310345,2.413793862068966,0.1111111111111111,4.6703479186144525,5.864625797106115,6.518329465407517
29.517241379310345,2.413793862068966,0.2222222222222222,4.551502834362846,5.80907619298863,6.517669212596708
29.517241379310345,2.413793862068966,0.3333333333333333,4.451448887088258,5.762892190737348,6.509269713862408
29.517241379310345,2.413793862068966,0.4444444444444444,4.364158274748004,5.723457677829477,6.496863523316123
29.517241379310345,2.413793862068966,0.5555555555555556,4.286071458837041,5.689098745911308,6.482321664982297
29.517241379310345,2.413793862068966,0.6666666666666666,4.214932639661036,5.6586901914430685,6.4666487877753625
29.517241379310345,2.413793862068966,0.7777777777777777,4.14922679947094,5.631441839660701,6.450414216431713
29.517241379310345,2.413793862068966,0.8888888888888888,4.087888009259357,5.6067781563109085,6.4339536712602925
29.517241379310345,2.413793862068966,1.0,4.030137687755982,5.584267068563899,6.417470612729013
29.517241379310345,2.758621413793104,0.0,4.818946070752262,5.968596061662135,6.460324916626406
29.517241379310345,2.758621413793104,0.1111111111111111,4.6838645935178045,5.909578070720005,6.474823883746594
29.517241379310345,2.758621413793104,0.2222222222222222,4.57280882426312,5.860676335455974,6.476393840179952
29.517241379310345,2.758621413793104,0.3333333333333333,4.47788858817208,5.819155641235436,6.470891195345393
29.517241379310345,2.758621413793104,0.4444444444444444,4.394360171603094,5.7831716840833085,6.4613856779876135
29.517241379310345,2.758621413793104,0.5555555555555556,4.319255773875148,5.751469489105074,6.449554071716692
29.517241379310345,2.758621413793104,0.6666666666666666,4.250621380494614,5.72316862052508,6.436358525206213
29.517241379310345,2.758621413793104,0.7777777777777777,4.187109456901875,5.697631293982419,6.422375596289553
29.517241379310345,2.758621413793104,0.8888888888888888,4.127753560952799,5.674381941287463,6.407963122800399
29.517241379310345,2.758621413793104,1.0,4.071837522176,5.6530569360908665,6.393349294938252
29.517241379310345,3.103448965517242,0.0,4.818946070752262,5.9967369263216455,6.423583385331457
29.517241379310345,3.103448965517242,0.1111111111111111,4.695297899673851,5.945636192122097,6.437058477638845
29.517241379310345,3.103448965517242,0.2222222222222222,4.591321322712443,5.902230121090781,6.4399359830261345
29.517241379310345,3.103448965517242,0.3333333333333333,4.501237723493483,5.864710354956765,6.43650508980893
29.517241379310345,3.103448965517242,0.4444444444444444,4.421306607280514,5.831761622961983,6.429242219976203
29.517241379310345,3.103448965517242,0.5555555555555556,4.349062730890289,5.802438558186669,6.419603463500447
29.517241379310345,3.103448965517242,0.6666666666666666,4.282822942154988,5.776051070151395,6.408473856824497
29.517241379310345,3.103448965517242,0.7777777777777777,4.221395893996568,5.752084224870968,6.396409581039928
29.517241379310345,3.103448965517242,0.8888888888888888,4.16391054028637,5.7301452024988935,6.3837705455795435
29.517241379310345,3.103448965517242,1.0,4.109711843861258,5.709928183358896,6.370795385180431
29.517241379310345,3.44827651724138,0.0,4.818946070752261,6.019988654314358,6.391747387650579
29.517241379310345,3.44827651724138,0.1111111111111111,4.705060481309947,5.975188053882512,6.4040392171838265
29.517241379310345,3.44827651724138,0.2222222222222222,4.60749450964937,5.936364450872175,6.407618036585652
29.517241379310345,3.44827651724138,0.3333333333333333,4.521939503946273,5.902290979619932,6.4056473529191
29.517241379310345,3.44827651724138,0.4444444444444444,4.445432074055844,5.872017530409114,6.4001049330418835
29.517241379310345,3.44827651724138,0.5555555555555556,4.375926848578752,5.844827445302798,6.3922299154958235
29.517241379310345,3.44827651724138,0.6666666666666666,4.311979233636657,5.820178175530471,6.38281465366884
29.517241379310345,3.44827651724138,0.7777777777777777,4.2525407385073,5.797653412176774,6.372378374662519
29.517241379310345,3.44827651724138,0.8888888888888888,4.196830046439132,5.7769285408504265,6.3612694207316
29.517241379310345,3.44827651724138,1.0,4.144250870737866,5.757746368563015,6.349726402004757
29.517241379310345,3.7931040689655178,0.0,4.818946070752262,6.0395407434604245,6.363880583033891
29.517241379310345,3.7931040689655178,0.1111111111111111,4.7134714341452195,5.999840570143338,6.374968419616709
29.517241379310345,3.7931040689655178,0.2222222222222222,4.621702275829236,5.964870874885017,6.378855017636375
29.517241379310345,3.7931040689655178,0.3333333333333333,4.540368285549409,5.933778802536424,6.377895950208999
29.517241379310345,3.7931040689655178,0.4444444444444444,4.467105993502102,5.905868668973575,6.373664262165512
29.517241379310345,3.7931040689655178,0.5555555555555556,4.40021683581628,5.8805931105097216,6.367201135773616
29.517241379310345,3.7931040689655178,0.6666666666666666,4.3384632699327605,5.857523797876367,6.359202944831821
29.517241379310345,3.7931040689655178,0.7777777777777777,4.280925422975723,5.836323387402297,6.350143422716196
29.517241379310345,3.7931040689655178,0.8888888888888888,4.226905035727356,5.81672330413782,6.340350757220624
29.517241379310345,3.7931040689655178,1.0,4.175861386774894,5.798507126547241,6.330056247990136
29.517241379310345,4.137931620689656,0.0,4.818946070752261,6.056222093621753,6.339273269908364
29.517241379310345,4.137931620689656,0.1111111111111111,4.720778817750247,6.020713949470108,6.349205463917576
29.517241379310345,4.137931620689656,0.2222222222222222,4.634251956026928,5.989012610475083,6.353148097507604
29.517241379310345,4.137931620689656,0.3333333333333333,4.556840204030062,5.960511616816848,6.3528741001727544
29.517241379310345,4.137931620689656,0.4444444444444444,4.486643467296685,5.9346945162524225,6.3496343737916465
29.517241379310345,4.137931620689656,0.5555555555555556,4.422247555117414,5.911139767434145,6.344297180937162
29.517241379310345,4.137931620689656,0.6666666666666666,4.362592666666739,5.889507508427204,6.337466885071632
29.517241379310345,4.137931620689656,0.7777777777777777,4.306873276883782,5.869523540023142,6.329568708977858
29.517241379310345,4.137931620689656,0.8888888888888888,4.254466997918864,5.850965234171754,6.320905891385001
29.517241379310345,4.137931620689656,1.0,4.204884961412413,5.833650271186612,6.311697676549042
29.517241379310345,4.482759172413794,0.0,4.818946070752262,6.070628955097897,6.3173772435870115
29.517241379310345,4.482759172413794,0.1111111111111111,4.727176852182482,6.038612398491044,6.3262338420926545
29.517241379310345,4.482759172413794,0.2222222222222222,4.645396267962874,6.009705103294784,6.330074842887044
29.517241379310345,4.482759172413794,0.3333333333333333,4.5716222714313925,5.983466674782127,6.330249669899014
29.517241379310345,4.482759172413794,0.4444444444444444,4.504313890333239,5.95950844457097,6.327755415129625
29.517241379310345,4.482759172413794,0.5555555555555556,4.44228918802488,5.937502907487352,6.32331329912177
29.517241379310345,4.482759172413794,0.6666666666666666,4.384639748606244,5.917178858869807,6.317443461094089
29.517241379310345,4.482759172413794,0.7777777777777777,4.330660712593997,5.8983125930510925,6.31052315968146
29.517241379310345,4.482759172413794,0.8888888888888888,4.27979825612206,5.880719113817337,6.302828606482184
29.517241379310345,4.482759172413794,1.0,4.2316113616674205,5.864244578684675,6.294564193817428
29.517241379310345,4.827586724137932,0.0,4.818946070752261,6.0832017395326305,6.297761992724771
29.517241379310345,4.827586724137932,0.1111111111111111,4.7328188520926275,6.054127840167311,6.305634735161828
29.517241379310345,4.827586724137932,0.2222222222222222,4.655343406042015,6.027627292653359,6.3092786452155085
29.517241379310345,4.827586724137932,0.3333333333333333,4.5849401753236,6.0033740543465575,6.309732343170648
29.517241379310345,4.827586724137932,0.4444444444444444,4.520348025802893,5.98107170541264,6.307793813155284
29.517241379310345,4.827586724137932,0.5555555555555556,4.460574456115996,5.960463492822754,6.304061319852493
29.517241379310345,4.827586724137932,0.6666666666666666,4.404839311086298,5.941331665136811,6.298980155189805
29.517241379310345,4.827586724137932,0.7777777777777777,4.3525256942806445,5.923492938361882,6.292882284857987
29.517241379310345,4.827586724137932,0.8888888888888888,4.303141209970563,5.906793133926576,6.286016666906783
29.517241379310345,4.827586724137932,1.0,4.256288592281401,5.8911021697296935,6.278571482173792
29.517241379310345,5.17241427586207,0.0,4.818946070752261,6.094273135500277,6.280084486462498
29.517241379310345,5.17241427586207,0.1111111111111111,4.737826892726271,6.067705400678165,6.287066283283865
29.517241379310345,5.17241427586207,0.2222222222222222,4.664265401144078,6.043292824214677,6.290458639631257
29.517241379310345,5.17241427586207,0.3333333333333333,4.596984934889997,6.020789702031307,6.291069691190345
29.517241379310345,5.17241427586207,0.4444444444444444,4.53494390789564,5.99996705544934,6.289541307043503
29.517241379310345,5.17241427586207,0.5555555555555556,4.477304442069828,5.9806217637755,6.286369984236255
29.517241379310345,5.17241427586207,0.6666666666666666,4.423394715512677,5.962577863928527,6.281935791511234
29.517241379310345,5.17241427586207,0.7777777777777777,4.37267428157771,5.945684496249546,6.276529195038994
29.517241379310345,5.17241427586207,0.8888888888888888,4.324705409298828,5.929812737172426,6.270372863239148
29.517241379310345,5.17241427586207,1.0,4.279130536608841,5.914852327002465,6.263638423731828
29.517241379310345,5.517241827586208,0.0,4.818946070752261,6.104099348242634,6.264067861682125
29.517241379310345,5.517241827586208,0.1111111111111111,4.742299028855389,6.079686127226012,6.270247481966042
29.517241379310345,5.517241827586208,0.2222222222222222,4.672304946197298,6.057097089067912,6.273360694141044
29.517241379310345,5.517241827586208,0.3333333333333333,4.607918541907135,6.036144035520269,6.274042873193106
26.103448275862068,6.8965520344827596,0.4444444444444444,4.4860576759295405,5.975796062851456,6.1641921173437515
26.103448275862068,6.8965520344827596,0.5555555555555556,4.442466159391406,5.96298285550892,6.16050074357736
26.103448275862068,6.8965520344827596,0.6666666666666666,4.400945236126302,5.950791982248918,6.156253640235542
26.103448275862068,6.8965520344827596,0.7777777777777777,4.361269550759781,5.939169776047851,6.1515515126567015
26.103448275862068,6.8965520344827596,0.8888888888888888,4.323245834202,5.928068306272696,6.146477221103292
26.103448275862068,6.8965520344827596,1.0,4.286707690917671,5.917444798759587,6.141099056852286
26.103448275862068,7.2413795862068975,0.0,4.687121888100542,6.041835822291427,6.159579788473084
26.103448275862068,7.2413795862068975,0.1111111111111111,4.634468338676381,6.0268345516923185,6.1594608440197
26.103448275862068,7.2413795862068975,0.2222222222222222,4.58492216802005,6.012628218923956,6.1582606958773365
26.103448275862068,7.2413795862068975,0.3333333333333333,4.538121741783674,5.999151941229321,6.156158554485191
26.103448275862068,7.2413795862068975,0.4444444444444444,4.493753831158293,5.986344960062854,6.1533064189433055
26.103448275862068,7.2413795862068975,0.5555555555555556,4.451548202822587,5.974151402626878,6.149831905419215
26.103448275862068,7.2413795862068975,0.6666666666666666,4.4112719774285045,5.962520451856209,6.145841568123256
26.103448275862068,7.2413795862068975,0.7777777777777777,4.372724284019894,5.951406185672087,6.141424157241159
26.103448275862068,7.2413795862068975,0.8888888888888888,4.33573146463664,5.940767248221001,6.136653561824972
26.103448275862068,7.2413795862068975,1.0,4.30014291024278,5.93056645012844,6.131591352475603
26.103448275862068,7.586207137931035,0.0,4.687121888100542,6.04850284597887,6.149395690310105
26.103448275862068,7.586207137931035,0.1111111111111111,4.636623861898211,6.034367782880936,6.149130289579333
26.103448275862068,7.586207137931035,0.2222222222222222,4.588956899889753,6.020938343944204,6.14790382744151
26.103448275862068,7.586207137931035,0.3333333333333333,4.543808193360192,6.0081606106441585,6.145866832638744
26.103448275862068,7.586207137931035,0.4444444444444444,4.5009045687318885,5.995983667976113,6.143148615648771
26.103448275862068,7.586207137931035,0.5555555555555556,4.460008338951612,5.984360284125873,6.139859122157102
26.103448275862068,7.586207137931035,0.6666666666666666,4.420912959963717,5.9732471309143325,6.136091274142625
26.103448275862068,7.586207137931035,0.7777777777777777,4.383438862964955,5.962604732949143,6.131923363956928
26.103448275862068,7.586207137931035,0.8888888888888888,4.347429659173298,5.952397267822085,6.127421284240209
26.103448275862068,7.586207137931035,1.0,4.312748793879587,5.942592293778803,6.122640503356338
26.103448275862068,7.931034689655173,0.0,4.687121888100542,6.054641509554613,6.139900190802291
26.103448275862068,7.931034689655173,0.1111111111111111,4.638612400882052,6.041287222252094,6.139501135158758
26.103448275862068,7.931034689655173,0.2222222222222222,4.592692274510601,6.028562525743329,6.138244712784598
26.103448275862068,7.931034689655173,0.3333333333333333,4.549089196468696,6.016422246698464,6.136258115073114
26.103448275862068,7.931034689655173,0.4444444444444444,4.507563632255785,6.004823416440227,6.13365185847908
26.103448275862068,7.931034689655173,0.5555555555555556,4.46790558406159,5.993725864643357,6.130520984760097
26.103448275862068,7.931034689655173,0.6666666666666666,4.429931198625481,5.983092455765242,6.126946711541449
26.103448275862068,7.931034689655173,0.7777777777777777,4.393479482610844,5.9728891045359,6.122998194963951
26.103448275862068,7.931034689655173,0.8888888888888888,4.35840927432583,5.963084662592657,6.118734222406151
26.103448275862068,7.931034689655173,1.0,4.324596538497544,5.953650736132422,6.114204749088032
26.103448275862068,8.275862241379311,0.0,4.687121888100542,6.060312634899247,6.131025263948233
26.103448275862068,8.275862241379311,0.1111111111111111,4.640452356638572,6.047665097388408,6.130504592023386
26.103448275862068,8.275862241379311,0.2222222222222222,4.596159652081803,6.035581999001814,6.129216432810364
26.103448275862068,8.275862241379311,0.3333333333333333,4.554005308141508,6.0240252060188775,6.127268862743679
26.103448275862068,8.275862241379311,0.4444444444444444,4.513778215576687,6.012958214495041,6.12475675693322
26.103448275862068,8.275862241379311,0.5555555555555556,4.475292045601014,6.002346662274481,6.121762550563152
26.103448275862068,8.275862241379311,0.6666666666666666,4.438382564091151,5.992158562099914,6.118357400753073
26.103448275862068,8.275862241379311,0.7777777777777777,4.402905015155504,5.982364355439359,6.114602486061111
26.103448275862068,8.275862241379311,0.8888888888888888,4.368731684744126,5.972936856529249,6.110550293583586
26.103448275862068,8.275862241379311,1.0,4.335749699407139,5.963851133421487,6.10624581579564
26.103448275862068,8.620689793103448,0.0,4.687121888100542,6.065568003487254,6.122711609988516
26.103448275862068,8.620689793103448,0.1111111111111111,4.642159561203528,6.053562717461165,6.122080524712438
26.103448275862068,8.620689793103448,0.2222222222222222,4.599386264283526,6.042065703849423,6.120760175136228
26.103448275862068,8.620689793103448,0.3333333333333333,4.558592022641465,6.031044544384225,6.118842882279675
26.103448275862068,8.620689793103448,0.4444444444444444,4.519589888177927,6.02046803324883,6.116410443111851
26.103448275862068,8.620689793103448,0.5555555555555556,4.48221385870303,6.010306615326312,6.113534596927088
26.103448275862068,8.620689793103448,0.6666666666666666,4.446316723368633,6.0005326057816415,6.1102778400360345
26.103448275862068,8.620689793103448,0.7777777777777777,4.411767956560938,5.991120264362609,6.106694384395578
26.103448275862068,8.620689793103448,0.8888888888888888,4.378451741393869,5.982045777039479,6.10283113769923
26.103448275862068,8.620689793103448,1.0,4.3462651668039,5.9732871815464454,6.0987286368280715
26.103448275862068,8.965517344827587,0.0,4.687121888100542,6.070451983337608,6.114907292921521
26.103448275862068,8.965517344827587,0.1111111111111111,4.643747704351654,6.059032462554139,6.114176143509504
26.103448275862068,8.965517344827587,0.2222222222222222,4.602395855108595,6.0480725195443155,6.112824074323846
26.103448275862068,8.965517344827587,0.3333333333333333,4.562880510804354,6.0375444137459935,6.1109303421403425
26.103448275862068,8.965517344827587,0.4444444444444444,4.525035375253152,6.02742131164572,6.108565759051129
26.103448275862068,8.965517344827587,0.5555555555555556,4.48871198141378,6.017677660302868,6.1057929608541
26.103448275862068,8.965517344827587,0.6666666666666666,4.453777941490533,6.008289388633295,6.102666974358942
26.103448275862068,8.965517344827587,0.7777777777777777,4.420115234294976,5.999233990896717,6.099235924318729
26.103448275862068,8.965517344827587,0.8888888888888888,4.387618588583155,5.990490532447612,6.09554178056191
26.103448275862068,8.965517344827587,1.0,4.356193996613626,5.98203960632508,6.0916210869391625
26.103448275862068,9.310344896551724,0.0,4.687121888100542,6.075002815528542,6.107566626570232
26.103448275862068,9.310344896551724,0.1111111111111111,4.645228679242388,6.064119353229177,6.1067449244544125
26.103448275862068,9.310344896551724,0.2222222222222222,4.6052092090931716,6.053653029614455,6.105362239407014
26.103448275862068,9.310344896551724,0.3333333333333333,4.566898238263282,6.043579961325845,6.10348693375336
26.103448275862068,9.310344896551724,0.4444444444444444,4.530147217047884,6.033876946894471,6.1011805519038065
26.103448275862068,9.310344896551724,0.5555555555555556,4.4948228717453595,6.024521784453539,6.098497956535981
26.103448275862068,9.310344896551724,0.6666666666666666,4.460805766928512,6.015493453090535,6.09548771922929
26.103448275862068,9.310344896551724,0.7777777777777777,4.427988899091602,6.006772198546994,6.092192640983061
26.103448275862068,9.310344896551724,0.8888888888888888,4.3962763635986635,5.998339553917111,6.088650322128384
26.103448275862068,9.310344896551724,1.0,4.365582121031241,5.990178317722491,6.084893732207769
26.103448275862068,9.655172448275863,0.0,4.687121888100542,6.079253640837342,6.100649257697456
26.103448275862068,9.655172448275863,0.1111111111111111,4.646612864142447,6.068862300154309,6.099745712626901
26.103448275862068,9.655172448275863,0.2222222222222222,4.607844588703793,6.058850928975917,6.098333935754881
26.103448275862068,9.655172448275863,0.3333333333333333,4.5706694841349575,6.049198847005132,6.096473155266215
26.103448275862068,9.655172448275863,0.4444444444444444,4.534954327691305,6.0398858887057685,6.094217062913047
26.103448275862068,9.655172448275863,0.5555555555555556,4.500579065630552,6.03089267339353,6.091613862739761
26.103448275862068,9.655172448275863,0.6666666666666666,4.467435619272975,6.022200766807592,6.088706535394019
26.103448275862068,9.655172448275863,0.7777777777777777,4.435426719349338,6.013792764835859,6.085533220214528
26.103448275862068,9.655172448275863,0.8888888888888888,4.404464798129072,6.0056523229721535,6.082127649986248
26.103448275862068,9.655172448275863,1.0,4.37447095884078,5.997764149076706,6.078519596857221
26.103448275862068,10.0,0.0,4.687121888100542,6.083233325935761,6.094119406541831
26.103448275862068,10.0,0.1111111111111111,4.6479093534132065,6.073295107382315,6.093141973845918
26.103448275862068,10.0,0.2222222222222222,4.610318098118788,6.063704154780385,6.091702894424521
26.103448275862068,10.0,0.3333333333333333,4.574215777672759,6.054442465295067,6.089853698912166
26.103448275862068,10.0,0.4444444444444444,4.539482470161593,6.045492426028707,6.087641397607414
26.103448275862068,10.0,0.5555555555555556,4.50600967156931,6.036837043735288,6.085108472249866
26.103448275862068,10.0,0.6666666666666666,4.473699294493824,6.028460087715235,6.082293050010249
26.103448275862068,10.0,0.7777777777777777,4.442462693443694,6.020346169178769,6.079229182550088
26.103448275862068,10.0,0.8888888888888888,4.412219737084299,6.012480775316031,6.075947177453097
26.103448275862068,10.0,1.0,4.38289794174251,6.0048502719165695,6.0724739473452365
27.810344827586206,1e-06,0.0,,,
27.810344827586206,1e-06,0.1111111111111111,4.42088147013698,3.04573347349946,7.0531024724302975
27.810344827586206,1e-06,0.2222222222222222,4.241237660262016,3.0457362601100866,6.952786965296313
27.810344827586206,1e-06,0.3333333333333333,4.1040453596730915,3.045737928367225,6.877314550924366
27.810344827586206,1e-06,0.4444444444444444,3.9884170458845634,3.0457390786030545,6.815098988431596
27.810344827586206,1e-06,0.5555555555555556,3.8861216314564437,3.045739955561822,6.7613608919532
27.810344827586206,1e-06,0.6666666666666666,3.792985066150073,3.0457423491203905,6.713599798820473
27.810344827586206,1e-06,0.7777777777777777,3.7065856690004875,3.045744966210601,6.6703221060265605
27.810344827586206,1e-06,0.8888888888888888,3.6254003520568596,3.0442954159922166,6.630555418174228
27.810344827586206,1e-06,1.0,3.548424402602274,3.0457459444782686,6.593626916985935
27.810344827586206,0.34482855172413795,0.0,4.75552564588372,4.859375090736716,7.023634336686235
27.810344827586206,0.34482855172413795,0.1111111111111111,4.469068538547166,4.590006439116507,6.932446519831506
27.810344827586206,0.34482855172413795,0.2222222222222222,4.3002377615863745,4.449649250327647,6.8608841184816
27.810344827586206,0.34482855172413795,0.3333333333333333,4.169942390852354,4.352109314107147,6.801709879870837
27.810344827586206,0.34482855172413795,0.4444444444444444,4.059983034152267,4.277107418166584,6.750555371349359
27.810344827586206,0.34482855172413795,0.5555555555555556,3.9628255338991947,4.216250403177727,6.705071359775992
27.810344827586206,8.275862241379311,0.0,4.75552564588372,6.109549908224044,6.154779758187304
27.810344827586206,8.275862241379311,0.1111111111111111,4.705647027540982,6.096017341027648,6.155570303846411
27.810344827586206,8.275862241379311,0.2222222222222222,4.658431415149539,6.083088986867073,6.155443474185491
27.810344827586206,8.275862241379311,0.3333333333333333,4.613610376958067,6.070727591922454,6.154519296808313
27.810344827586206,8.275862241379311,0.4444444444444444,4.570945462629691,6.058896289802407,6.152905875591465
27.810344827586206,8.275862241379311,0.5555555555555556,4.530225615497187,6.047559546203482,6.150698932997913
27.810344827586206,8.275862241379311,0.6666666666666666,4.491264447754844,6.036683707106946,6.147982271795442
27.810344827586206,8.275862241379311,0.7777777777777777,4.453897513722301,6.026237274297366,6.144828715886049
27.810344827586206,8.275862241379311,0.8888888888888888,4.417979702670985,6.016191000750728,6.141301253009329
27.810344827586206,8.275862241379311,1.0,4.383382831000229,6.006517871943366,6.1374542148017825
27.810344827586206,8.620689793103448,0.0,4.75552564588372,6.114292377899536,6.146686275910273
27.810344827586206,8.620689793103448,0.1111111111111111,4.70749042630601,6.101456126480439,6.147271703350252
27.810344827586206,8.620689793103448,0.2222222222222222,4.661907099369956,6.089163543941009,6.147035976612187
27.810344827586206,8.620689793103448,0.3333333333333333,4.618539088274483,6.077383048302914,6.146080975747565
27.810344827586206,8.620689793103448,0.4444444444444444,4.577175197720487,6.066083232159079,6.1444993076369965
27.810344827586206,8.620689793103448,0.5555555555555556,4.537627452565014,6.055233643137953,6.14237375684615
27.810344827586206,8.620689793103448,0.6666666666666666,4.499728875628296,6.044805257979135,6.139777490092331
27.810344827586206,8.620689793103448,0.7777777777777777,4.463331278449959,6.034770740197347,6.13677467917694
27.810344827586206,8.620689793103448,0.8888888888888888,4.428303143550074,6.025104550282829,6.133421323876696
27.810344827586206,8.620689793103448,1.0,4.394527654980697,6.015782959002331,6.129766139294768
27.810344827586206,8.965517344827587,0.0,4.75552564588372,6.118697946134054,6.13909736343264
27.810344827586206,8.965517344827587,0.1111111111111111,4.709203833649,6.106496079542602,6.13949725925666
27.810344827586206,8.965517344827587,0.2222222222222222,4.665146688411132,6.094785467842378,6.139159701560015
27.810344827586206,8.965517344827587,0.3333333333333333,4.623144624683876,6.083539151894212,6.138171623760529
27.810344827586206,8.965517344827587,0.4444444444444444,4.583009715483685,6.072730208508554,6.136612706379249
27.810344827586206,8.965517344827587,0.5555555555555556,4.544573863401349,6.06233239677948,6.134554797591729
27.810344827586206,8.965517344827587,0.6666666666666666,4.507686962669024,6.0523205659695,6.132061951415927
27.810344827586206,8.965517344827587,0.7777777777777777,4.472215087147917,6.042670891011225,6.129190826843934
27.810344827586206,8.965517344827587,0.8888888888888888,4.438038752859373,6.033360987345188,6.125991275507059
27.810344827586206,8.965517344827587,1.0,4.40505129420007,6.024369943941506,6.1225070069408245
27.810344827586206,9.310344896551724,0.0,4.75552564588372,6.1228014579569745,6.131966989822522
27.810344827586206,9.310344896551724,0.1111111111111111,4.710800386807252,6.111179556909695,6.132198975731625
27.810344827586206,9.310344896551724,0.2222222222222222,4.668173025516117,6.100003289348331,6.1317666130664
27.810344827586206,9.310344896551724,0.3333333333333333,4.627456996090082,6.0892494937472845,6.130744450360447
27.810344827586206,9.310344896551724,0.4444444444444444,4.588484348146168,6.078894955980828,6.129201334124573
27.810344827586206,9.310344896551724,0.5555555555555556,4.551104182500309,6.068916946147987,6.127199835169138
27.810344827586206,9.310344896551724,0.6666666666666666,4.515181111918248,6.059293568527766,6.124796181746966
27.810344827586206,9.310344896551724,0.7777777777777777,4.480593757776824,6.0500039736540465,6.12204050163176
27.810344827586206,9.310344896551724,0.8888888888888888,4.4472333107057525,6.04102847158073,6.118977236770566
27.810344827586206,9.310344896551724,1.0,4.415002181138749,6.032348576310234,6.115645639971981
27.810344827586206,9.655172448275863,0.0,4.75552564588372,6.12663309300829,6.12525458689416
27.810344827586206,9.655172448275863,0.1111111111111111,4.712291529397197,6.115543119626458,6.125334518143871
27.810344827586206,9.655172448275863,0.2222222222222222,4.671006153834332,6.104858870021818,6.124814197551998
27.810344827586206,9.655172448275863,0.3333333333333333,4.631502704910855,6.094560325429012,6.123757852658568
27.810344827586206,9.655172448275863,0.4444444444444444,4.593630474111498,6.084627359743479,6.122225207466695
27.810344827586206,9.655172448275863,0.5555555555555556,4.557253508796478,6.075040186857049,6.120270934908609
27.810344827586206,9.655172448275863,0.6666666666666666,4.522249308807842,6.065779660546296,6.117944526088193
27.810344827586206,9.655172448275863,0.7777777777777777,4.488507565922281,6.056827463588371,6.115290422739769
27.810344827586206,9.655172448275863,0.8888888888888888,4.455928960341973,6.048166215830265,6.112348304701548
27.810344827586206,9.655172448275863,1.0,4.4244240304638955,6.039779524448773,6.109153458604779
27.810344827586206,10.0,0.0,4.75552564588372,6.130219123878518,6.118924258512579
27.810344827586206,10.0,0.1111111111111111,4.71368727283368,6.119618491739667,6.118866407042662
27.810344827586206,10.0,0.2222222222222222,4.6736637242184775,6.1093885054787,6.118264708061879
27.810344827586206,10.0,0.3333333333333333,4.635305229483035,6.099511765176103,6.117174741451959
27.810344827586206,10.0,0.4444444444444444,4.598476036481572,6.089970731631589,6.115648515492461
27.810344827586206,10.0,0.5555555555555556,4.563053238095244,6.080748100431458,6.113733956065072
27.810344827586206,10.0,0.6666666666666666,4.5289256578495705,6.0718270589033185,6.111474739526555
27.810344827586206,10.0,0.7777777777777777,4.495992782623619,6.0631914536667715,6.108910349297923
27.810344827586206,10.0,0.8888888888888888,4.464163747462307,6.054825891558653,6.106076269988692
27.810344827586206,10.0,1.0,4.433356381755501,6.046715792036269,6.103004258877865
29.517241379310345,1e-06,0.0,,,
29.517241379310345,1e-06,0.1111111111111111,4.448606962796262,3.0457313142180764,7.115603356164318
29.517241379310345,1e-06,0.2222222222222222,4.261296650286336,3.045739066491101,7.008535804838368
29.517241379310345,1e-06,0.3333333333333333,4.119872803841073,3.0457364641990736,6.929067257158487
29.517241379310345,1e-06,0.4444444444444444,4.001365233331694,3.0457377710202045,6.864006170912436
29.517241379310345,1e-06,0.5555555555555556,3.89692451089539,3.0457430828383103,6.808052687541151
29.517241379310345,1e-06,0.6666666666666666,3.8021184070839826,3.0457437738089546,6.758473846295906
29.517241379310345,1e-06,0.7777777777777777,3.7143982655599563,3.0457443241504265,6.713652568282085
29.517241379310345,1e-06,0.8888888888888888,3.632173590316825,3.0457407097495266,6.672543170926532
29.517241379310345,1e-06,1.0,3.5544036341540366,3.045741163763797,6.634425832465047
29.517241379310345,0.34482855172413795,0.0,4.818946070752262,4.990499120607521,7.078027999693451
29.517241379310345,0.34482855172413795,0.1111111111111111,4.50264806139028,4.680279677674138,6.986515115927589
29.517241379310345,0.34482855172413795,0.2222222222222222,4.325316411533385,4.527220389517514,6.911989777475436
29.517241379310345,0.34482855172413795,0.3333333333333333,4.190262393945272,4.422572483052327,6.8504350995922305
29.517241379310345,0.34482855172413795,0.4444444444444444,4.077065907463111,4.342816963780367,6.797342711751769
29.517241379310345,0.34482855172413795,0.5555555555555556,3.977492314464644,4.278479627727185,6.7502304181461685
29.517241379310345,0.34482855172413795,0.6666666666666666,3.88731744256009,4.224718148202051,6.707602993553001
29.517241379310345,0.34482855172413795,0.7777777777777777,3.804065635053362,4.178700436700843,6.668486412930077
29.517241379310345,0.34482855172413795,0.8888888888888888,3.726158708846148,4.138617202075608,6.632207528969107
29.517241379310345,0.34482855172413795,1.0,3.652532850058928,4.103237637096495,6.598279602767819
29.517241379310345,0.689656103448276,0.0,4.818946070752261,5.427404759196973,6.909588531723072
29.517241379310345,0.689656103448276,0.1111111111111111,4.546557391543534,5.2115242909847295,6.874466390243355
29.517241379310345,0.689656103448276,0.2222222222222222,4.379530155587279,5.089696660091298,6.8249187598327445
29.517241379310345,0.689656103448276,0.3333333333333333,4.2506261540365236,5.003499698629417,6.778315735548066
29.517241379310345,0.689656103448276,0.4444444444444444,4.14226787612699,4.936726164772394,6.735580004811658
29.517241379310345,0.689656103448276,0.5555555555555556,4.046965282709843,4.882327815489862,6.6962653145521775
29.517241379310345,0.689656103448276,0.6666666666666666,3.9607687811257484,4.836553899160578,6.6598355302400725
29.517241379310345,0.689656103448276,0.7777777777777777,3.8813211129675267,4.79715473039921,6.625836272515634
29.517241379310345,0.689656103448276,0.8888888888888888,3.8070964421262237,4.762668216085117,6.593904006554366
29.517241379310345,0.689656103448276,1.0,3.7370496214660722,4.732087478087376,6.563749646459376
29.517241379310345,1.034483655172414,0.0,4.818946070752262,5.629982093527829,6.785650412780119
29.517241379310345,1.034483655172414,0.1111111111111111,4.58218014974185,5.468812293962126,6.778549443448009
29.517241379310345,1.034483655172414,0.2222222222222222,4.425564438698301,5.367237160848394,6.74722641262813
29.517241379310345,1.034483655172414,0.3333333333333333,4.30270104198951,5.292524874258687,6.71269685325687
29.517241379310345,1.034483655172414,0.4444444444444444,4.198888090534176,5.233407416039557,6.67871888713492
29.517241379310345,1.034483655172414,0.5555555555555556,4.107456970514528,5.184565949698069,6.646168631767793
29.517241379310345,1.034483655172414,0.6666666666666666,4.024777514760885,5.143038365253493,6.615199603294546
29.517241379310345,1.034483655172414,0.7777777777777777,3.9486395238621843,5.106995033423026,6.585754104866446
29.517241379310345,1.034483655172414,0.8888888888888888,3.877591309005806,5.075222044567236,6.557714484482621
29.517241379310345,1.034483655172414,1.0,3.810625980589097,5.04687052947578,6.530953104974151
29.517241379310345,1.3793112068965518,0.0,4.818946070752261,5.750428259867996,6.690599394293707
29.517241379310345,1.3793112068965518,0.1111111111111111,4.61112919422621,5.62516417753261,6.6970080426210234
29.517241379310345,1.3793112068965518,0.2222222222222222,4.464749639614683,5.5391502093253,6.678438394554185
29.517241379310345,1.3793112068965518,0.3333333333333333,4.347833137891936,5.473528934853248,6.65337707484103
29.517241379310345,1.3793112068965518,0.4444444444444444,4.248369794812772,5.420495192446991,6.626649907491124
29.517241379310345,1.3793112068965518,0.5555555555555556,4.16053577305187,5.376049089986646,6.599876439196131
29.517241379310345,1.3793112068965518,0.6666666666666666,4.0810462560520575,5.337854458975948,6.573662794595335
29.517241379310345,1.3793112068965518,0.7777777777777777,4.0078565526461745,5.304422304965311,6.548234744847162
29.517241379310345,1.3793112068965518,0.8888888888888888,3.9396027231743247,5.274742387824153,6.523660166724573
29.517241379310345,1.3793112068965518,1.0,3.875327284815451,5.248096315413755,6.499937947539589
29.517241379310345,1.7241387586206898,0.0,4.818946070752261,5.831223576893621,6.615288858110188
29.517241379310345,1.7241387586206898,0.1111111111111111,4.634768714446853,5.730838549894041,6.627769382844005
29.517241379310345,5.517241827586208,0.4444444444444444,4.548271808095484,6.016647912946453,6.272813239824348
29.517241379310345,5.517241827586208,0.5555555555555556,4.492653365258457,5.998446580329481,6.2700845495712025
29.517241379310345,5.517241827586208,0.6666666666666666,4.440482771817502,5.981396902366581,6.266180772676092
29.517241379310345,5.517241827586208,0.7777777777777777,4.39128578194505,5.9653741009510695,6.261355126830175
29.517241379310345,5.517241827586208,0.8888888888888888,4.344673062280237,5.950269978156389,6.255805660755832
29.517241379310345,5.517241827586208,1.0,4.300322864968244,5.935990819881498,6.2496877954353955
29.517241379310345,5.862069379310346,0.0,4.818946070752261,6.112881012875812,6.2494860849773755
29.517241379310345,5.862069379310346,0.1111111111111111,4.746314702235077,6.0903356481847535,6.254945707601393
29.517241379310345,5.862069379310346,0.2222222222222222,4.679580917867606,6.069349140016004,6.2577696464852295
29.517241379310345,5.862069379310346,0.3333333333333333,4.617878708323674,6.049775171292181,6.258462399094442
29.517241379310345,5.862069379310346,0.4444444444444444,4.560478429395599,6.031472100098741,6.257446481887354
29.517241379310345,5.862069379310346,0.5555555555555556,4.506772549595257,6.014309355830463,6.255065932686205
29.517241379310345,5.862069379310346,0.6666666666666666,4.456257714175467,5.998169730499096,6.25159688433133
29.517241379310345,5.862069379310346,0.7777777777777777,4.408516876975345,5.982949496465144,6.247259597450993
29.517241379310345,5.862069379310346,0.8888888888888888,4.363203394555664,5.968557498549282,6.24222953628864
29.517241379310345,5.862069379310346,1.0,4.320027673062872,5.9549138478691415,6.236646700311666
29.517241379310345,6.206896931034484,0.0,4.818946070752261,6.120777569989746,6.236152715458774
29.517241379310345,6.206896931034484,0.1111111111111111,4.749938813440697,6.0998638803943255,6.240967042116849
29.517241379310345,6.206896931034484,0.2222222222222222,4.68619281952256,6.080293855641577,6.243502760082308
29.517241379310345,6.206896931034484,0.3333333333333333,4.626982838664438,6.061952173232843,6.244164186615871
29.517241379310345,6.206896931034484,0.4444444444444444,4.571690452412676,6.044725557980161,6.243297235145328
29.517241379310345,6.206896931034484,0.5555555555555556,4.519793749223525,6.028507963893256,6.241189589755295
29.517241379310345,6.206896931034484,0.6666666666666666,4.47085448155028,6.013202777759702,6.238076811282058
29.517241379310345,6.206896931034484,0.7777777777777777,4.424504976285843,5.998723327142941,6.2341502906053154
29.517241379310345,6.206896931034484,0.8888888888888888,4.380436150480484,5.984992506167605,6.229565077916202
29.517241379310345,6.206896931034484,1.0,4.338387175488738,5.971941995888038,6.22444679172007
29.517241379310345,6.551724482758622,0.0,4.818946070752261,6.12791737840807,6.223912538860146
29.517241379310345,6.551724482758622,0.1111111111111111,4.7532248083092155,6.1084388778402685,6.228148740647487
29.517241379310345,6.551724482758622,0.2222222222222222,4.692224347400764,6.090127648920645,6.230404278186771
29.517241379310345,6.551724482758622,0.3333333333333333,4.635331339329591,6.072891649509792,6.231006018468312
29.517241379310345,6.551724482758622,0.4444444444444444,4.582017532940902,6.056639356865385,6.23023887379816
29.517241379310345,6.551724482758622,0.5555555555555556,4.531831952317628,6.04128393459973,6.228344273425856
29.517241379310345,6.551724482758622,0.6666666666666666,4.484391452839154,6.026745225916876,6.225523476060503
29.517241379310345,6.551724482758622,0.7777777777777777,4.439370978169954,6.012950434511113,6.221942757222879
29.517241379310345,6.551724482758622,0.8888888888888888,4.3964944428348405,5.999834069629938,6.2177389104498015
29.517241379310345,6.551724482758622,1.0,4.35552668559066,5.987337513668247,6.213024339378615
29.517241379310345,6.8965520344827596,0.0,4.818946070752262,6.1344049755809635,6.2126352484992635
29.517241379310345,6.8965520344827596,0.1111111111111111,4.756217034787134,6.116196753470375,6.216353337182732
29.517241379310345,6.8965520344827596,0.2222222222222222,4.697746252096307,6.09900980392031,6.218340924718833
29.517241379310345,6.8965520344827596,0.3333333333333333,4.64301036750968,6.0827698122609295,6.218864429280444
29.517241379310345,6.8965520344827596,0.4444444444444444,4.591554834173084,6.067402116337288,6.218159911995352
29.517241379310345,6.8965520344827596,0.5555555555555556,4.542987754105062,6.052835049272402,6.216430762934271
29.517241379310345,6.8965520344827596,0.6666666666666666,4.496972745541792,6.039001683681703,6.213849282132964
29.517241379310345,6.8965520344827596,0.7777777777777777,4.4532215659642524,6.025840562971991,6.210559996768951
29.517241379310345,6.8965520344827596,0.8888888888888888,4.411487099417528,6.013295829789373,6.2066834982304915
29.517241379310345,6.8965520344827596,1.0,4.371557048348647,6.001317019505723,6.202320178000905
29.517241379310345,7.2413795862068975,0.0,4.818946070752261,6.140326385301849,6.202210609297185
29.517241379310345,7.2413795862068975,0.1111111111111111,4.758952556675893,6.123248912033958,6.205464004312997
29.517241379310345,7.2413795862068975,0.2222222222222222,4.702818637463817,6.107070791159611,6.207198200457648
29.517241379310345,7.2413795862068975,0.3333333333333333,4.650094111040263,6.091731379396494,6.207632009617904
29.517241379310345,7.2413795862068975,0.4444444444444444,4.600385164542826,6.077169217364606,6.206962144426439
29.517241379310345,7.2413795862068975,0.5555555555555556,4.553349370489293,6.063324712859643,6.205360628615142
29.517241379310345,7.2413795862068975,0.6666666666666666,4.508690159408689,6.050141638512099,6.202975320346606
29.517241379310345,7.2413795862068975,0.7777777777777777,4.466151134811495,6.037567847248979,6.199931969087305
29.517241379310345,7.2413795862068975,0.8888888888888888,4.425510614943098,6.025555498911078,6.196336866176719
29.517241379310345,7.2413795862068975,1.0,4.386576648021542,6.014060997952324,6.19227957192204
29.517241379310345,7.586207137931035,0.0,4.818946070752261,6.145753061206355,6.19254471235899
29.517241379310345,7.586207137931035,0.1111111111111111,4.761462560473424,6.129687405875837,6.1953808768062295
29.517241379310345,7.586207137931035,0.2222222222222222,4.707492811932236,6.114418456885249,6.196877337354358
29.517241379310345,7.586207137931035,0.3333333333333333,4.656646678415198,6.099896238908274,6.1972150931325904
29.517241379310345,7.586207137931035,0.4444444444444444,4.608580782065108,6.086069731323869,6.196558977362203
29.517241379310345,7.586207137931035,0.5555555555555556,4.562994349943117,6.0728890274614535,6.195055067654349
29.517241379310345,7.586207137931035,0.6666666666666666,4.519624827587627,6.060306606580292,6.192830578643207
29.517241379310345,7.586207137931035,0.7777777777777777,4.478243419774428,6.048278000239495,6.1899950735657585
29.517241379310345,7.586207137931035,0.8888888888888888,4.438650788722544,6.0367620644266164,6.186642270740661
29.517241379310345,7.586207137931035,1.0,4.400673080645636,6.025721006817053,6.182852022388263
29.517241379310345,7.931034689655173,0.0,4.818946070752261,6.1507448596539325,6.183557042384566
29.517241379310345,7.931034689655173,0.1111111111111111,4.763773455183485,6.135588957497763,6.186018119657545
29.517241379310345,7.931034689655173,0.2222222222222222,4.711812784099417,6.121142691636843,6.187292792584539
29.517241379310345,7.931034689655173,0.3333333333333333,4.662723666393873,6.107364502301429,6.187531784169485
29.517241379310345,7.931034689655173,0.4444444444444444,4.616204917359359,6.094211697868871,6.186873950226277
29.517241379310345,7.931034689655173,0.5555555555555556,4.571991031028885,6.081642198705176,6.1854438306479755
29.517241379310345,7.931034689655173,0.6666666666666666,4.52984862449042,6.0696156109464185,6.183351181145607
29.517241379310345,7.931034689655173,0.7777777777777777,4.489572879558111,6.058093829520461,6.180691621805945
29.517241379310345,7.931034689655173,0.8888888888888888,4.450984108851249,6.0470413239483625,6.17754784460663
29.517241379310345,7.931034689655173,1.0,4.413924558990805,6.036425218857836,6.1739910383658145
29.517241379310345,8.275862241379311,0.0,4.818946070752261,6.155352310600442,6.1751781584365695
29.517241379310345,8.275862241379311,0.1111111111111111,4.765907738728253,6.141018020085092,6.177301574488398
29.517241379310345,8.275862241379311,0.2222222222222222,4.715816475451734,6.127318994866683,6.178370183140804
29.517241379310345,8.275862241379311,0.3333333333333333,4.668373461806638,6.114220381449551,6.178510281608118
29.517241379310345,8.275862241379311,0.4444444444444444,4.623313059901116,6.101686191301793,6.177839437800182
29.517241379310345,8.275862241379311,0.5555555555555556,4.580399784996982,6.089680715250675,6.176464247012428
29.517241379310345,8.275862241379311,0.6666666666666666,4.539425369718593,6.078169427269887,6.174479672252404
29.517241379310345,8.275862241379311,0.7777777777777777,4.500205878129906,6.067119520548598,6.171969321715438
29.517241379310345,8.275862241379311,0.8888888888888888,4.462578929468168,6.056500188344449,6.169006232576428
29.517241379310345,8.275862241379311,1.0,4.426401101397393,6.046282733873339,6.165653886818102
29.517241379310345,8.620689793103448,0.0,4.818946070752261,6.159618373125416,6.167347842826734
29.517241379310345,8.620689793103448,0.1111111111111111,4.767884685601397,6.146029133776751,6.169166857999958
29.517241379310345,8.620689793103448,0.2222222222222222,4.719536707727488,6.133011227236563,6.1700445792616145
29.517241379310345,8.620689793103448,0.3333333333333333,4.6736383245903985,6.120535194757009,6.170087456957599
29.517241379310345,8.620689793103448,0.4444444444444444,4.629954045332697,6.10857048637767,6.169395518053329
29.517241379310345,8.620689793103448,0.5555555555555556,4.588274076549106,6.097086613462043,6.1680603498508715
29.517241379310345,8.620689793103448,0.6666666666666666,4.548411860220436,6.086053908698248,6.166164354270494
29.517241379310345,8.620689793103448,0.7777777777777777,4.510201697743503,6.0754439973162055,6.163780784631919
29.517241379310345,8.620689793103448,0.8888888888888888,4.4734964773532,6.065230062702595,6.16097423100946
29.517241379310345,8.620689793103448,1.0,4.438165544143537,6.0553869701515,6.157801334366284
29.517241379310345,8.965517344827587,0.0,4.818946070752261,6.163579807485006,6.160013611030309
29.517241379310345,8.965517344827587,0.1111111111111111,4.769720896580824,6.150668759534738,6.161557815992406
29.517241379310345,8.965517344827587,0.2222222222222222,4.723002010265856,6.138273757700514,6.162259090089514
29.517241379310345,8.965517344827587,0.3333333333333333,4.678555290854929,6.126369721225434,6.162207648741821
29.517241379310345,8.965517344827587,0.4444444444444444,4.6361709758005585,6.114930546695282,6.1614889885336215
29.517241379310345,8.965517344827587,0.5555555555555556,4.595661370627597,6.103930051740459,6.160182096342313
29.517241379310345,8.965517344827587,0.6666666666666666,4.5568587571144334,6.0933426144014,6.158358681955566
29.517241379310345,8.965517344827587,0.7777777777777777,4.519613410403279,6.083143584409004,6.156083062581865
29.517241379310345,8.965517344827587,0.8888888888888888,4.48379171652555,6.073309528441975,6.15341243924492
29.517241379310345,8.965517344827587,1.0,4.449274408319793,6.0638183578617175,6.150397389003032
29.517241379310345,9.310344896551724,0.0,4.818946070752262,6.167268258261164,6.15312950274325
29.517241379310345,9.310344896551724,0.1111111111111111,4.771430741214217,6.154976720776804,6.154425258825144
29.517241379310345,9.310344896551724,0.2222222222222222,4.726237283087505,6.143153154479,6.15496368757486
29.517241379310345,9.310344896551724,0.3333333333333333,4.6831569278371274,6.131776060730228,6.1548216398450855
29.517241379310345,9.310344896551724,0.4444444444444444,4.642002000217541,6.120822997977791,6.154072514036229
29.517241379310345,9.310344896551724,0.5555555555555556,4.602603908735108,6.110271358236012,6.152784677164487
31.224137931034484,2.758621413793104,0.8888888888888888,4.1509334587828155,5.715946733636808,6.4406382952684975
31.224137931034484,2.758621413793104,1.0,4.093390548736702,5.69351168856976,6.426180057376651
31.224137931034484,3.103448965517242,0.0,4.878058709586501,6.054865996831121,6.436061936218605
31.224137931034484,3.103448965517242,0.1111111111111111,4.745651594260043,6.0002759402912895,6.456371761206813
31.224137931034484,3.103448965517242,0.2222222222222222,4.635123849314676,5.9539047533671186,6.463706777140663
31.224137931034484,3.103448965517242,0.3333333333333333,4.540045858990006,5.913900954195336,6.463192766971553
31.224137931034484,3.103448965517242,0.4444444444444444,4.456191634102746,5.878858723298079,6.457868801736982
31.224137931034484,3.103448965517242,0.5555555555555556,4.380776499058204,5.84775082337589,6.4495367286127
31.224137931034484,3.103448965517242,0.6666666666666666,4.3119094467356724,5.8198228823749965,6.439293632717617
31.224137931034484,3.103448965517242,0.7777777777777777,4.248261018721035,5.794511149147151,6.42782879452928
31.224137931034484,3.103448965517242,0.8888888888888888,4.188865719718918,5.771385791204155,6.4155881426328785
31.224137931034484,3.103448965517242,1.0,4.1330020247532255,5.750112666500181,6.402867532202579
31.224137931034484,3.44827651724138,0.0,4.878058709586501,6.0759607025238695,6.404427255180832
31.224137931034484,3.44827651724138,0.1111111111111111,4.756315150902124,6.028227227222234,6.422631576536267
31.224137931034484,3.44827651724138,0.2222222222222222,4.652654002008279,5.986840858151502,6.430306258294661
31.224137931034484,3.44827651724138,0.3333333333333333,4.562318109481449,5.950566413341226,6.431159772479283
31.224137931034484,3.44827651724138,0.4444444444444444,4.481979027347162,5.9184013706829015,6.4275815550036635
31.224137931034484,3.44827651724138,0.5555555555555556,4.409332731265158,5.889573966637948,6.421086675029731
31.224137931034484,3.44827651724138,0.6666666666666666,4.342756899801735,5.8634947062646905,6.41264798604367
31.224137931034484,3.44827651724138,0.7777777777777777,4.28108015814633,5.8397096511237,6.402903690105056
31.224137931034484,3.44827651724138,0.8888888888888888,4.223434631248883,5.817864528715502,6.392282009732794
31.224137931034484,3.44827651724138,1.0,4.169161711929597,5.797678777879919,6.381076344519223
31.224137931034484,3.7931040689655178,0.0,4.878058709586501,6.093673667914852,6.376853559598731
31.224137931034484,3.7931040689655178,0.1111111111111111,4.7654718940094245,6.051467522887673,6.3930861202622875
31.224137931034484,3.7931040689655178,0.2222222222222222,4.668025011138478,6.014260981809576,6.4007124709200305
31.224137931034484,3.7931040689655178,0.3333333333333333,4.582128517577297,5.981208280145323,6.402446411090093
31.224137931034484,3.7931040689655178,0.4444444444444444,4.505142432897294,5.951584312497106,6.400160484106236
31.224137931034484,3.7931040689655178,0.5555555555555556,4.435159658773774,5.924804941920949,6.395112856730009
31.224137931034484,3.7931040689655178,0.6666666666666666,4.370792101101183,5.900407772553032,6.388150556920055
31.224137931034484,3.7931040689655178,0.7777777777777777,4.311011789689385,5.878026630486576,6.379851316675062
31.224137931034484,3.7931040689655178,0.8888888888888888,4.255042089269679,5.857369315137214,6.370615750179577
31.224137931034484,3.7931040689655178,1.0,4.202284566569067,5.838200232859837,6.3607263270098136
31.224137931034484,4.137931620689656,0.0,4.878058709586501,6.108766988039928,6.3525940871126005
31.224137931034484,4.137931620689656,0.1111111111111111,4.773403819865729,6.071087527082305,6.367030090038961
31.224137931034484,4.137931620689656,0.2222222222222222,4.681577189152852,6.03741586371592,6.374376681169907
31.224137931034484,4.137931620689656,0.3333333333333333,4.599818486748455,6.0071586883581505,6.376644473399277
31.224137931034484,4.137931620689656,0.4444444444444444,4.526015683250069,5.979783884854797,6.375301928672291
31.224137931034484,4.137931620689656,0.5555555555555556,4.458586427668332,5.954845592256484,6.371386341497604
31.224137931034484,4.137931620689656,0.6666666666666666,4.396344089453205,5.931979352143783,6.365626049378869
31.224137931034484,4.137931620689656,0.7777777777777777,4.338388833441435,5.910888977117442,6.3585356533419395
31.224137931034484,4.137931620689656,0.8888888888888888,4.284027972175935,5.891333103793132,6.350482846865974
31.224137931034484,4.137931620689656,1.0,4.232719720303023,5.8731137531775675,6.341733730278833
31.224137931034484,4.482759172413794,0.0,4.878058709586501,6.121787826751326,6.331076724371926
31.224137931034484,4.482759172413794,0.1111111111111111,4.780330653608432,6.087867278952132,6.343899517790838
31.224137931034484,4.482759172413794,0.2222222222222222,4.693590551469678,6.0572097477194315,6.350835533513379
31.224137931034484,4.482759172413794,0.3333333333333333,4.61567748307287,6.02938962666338,6.3533932372681186
31.224137931034484,4.482759172413794,0.4444444444444444,4.544885592932646,6.004010745572129,6.352727930803477
31.224137931034484,4.482759172413794,0.5555555555555556,4.479896820319538,5.980729693223507,6.349691781846288
31.224137931034484,4.482759172413794,0.6666666666666666,4.419696138983969,5.95925758021221,6.344905934978038
31.224137931034484,4.482759172413794,0.7777777777777777,4.363496852158342,5.93935398649004,6.3388234867103215
31.224137931034484,4.482759172413794,0.8888888888888888,4.310682525085693,5.920819107820281,6.331777180786674
31.224137931034484,4.482759172413794,1.0,4.260764001186019,5.903486355102731,6.3240136471211486
31.224137931034484,4.827586724137932,0.0,4.878058709586501,6.133139677447175,6.311855335817938
31.224137931034484,4.827586724137932,0.1111111111111111,4.786425005960901,6.102378876209082,6.32324067559853
31.224137931034484,4.827586724137932,0.2222222222222222,4.704295667869755,6.074311600745804,6.329699401708041
31.224137931034484,4.827586724137932,0.3333333333333333,4.629950796333732,6.048626228402476,6.332377267370312
31.224137931034484,4.827586724137932,0.4444444444444444,4.561998815800157,6.025023620039124,6.3321876011418015
31.224137931034484,4.827586724137932,0.5555555555555556,4.499336301142999,6.003236779439396,6.329829826644566
31.224137931034484,4.827586724137932,0.6666666666666666,4.441093432396637,5.983035289689083,6.325830970561828
31.224137931034484,4.827586724137932,0.7777777777777777,4.3865825076858735,5.964223191333616,6.3205867392063775
31.224137931034484,4.827586724137932,0.8888888888888888,4.33525564277816,5.94663462871145,6.314395117182063
31.224137931034484,4.827586724137932,1.0,4.286672043372617,5.9301291694939655,6.307481886601622
31.224137931034484,5.17241427586207,0.0,4.878058709586501,6.1431268994795065,6.294576606340043
31.224137931034484,5.17241427586207,0.1111111111111111,4.791823679901936,6.1150511254055315,6.304685907695501
31.224137931034484,5.17241427586207,0.2222222222222222,4.713882821296083,6.089226257266705,6.3106410270857864
31.224137931034484,5.17241427586207,0.3333333333333333,4.642846346672133,6.065419814220443,6.313322562269075
31.224137931034484,5.17241427586207,0.4444444444444444,4.577567664270757,6.043402843479945,6.313456743706204
31.224137931034484,5.17241427586207,0.5555555555555556,4.517117724353674,6.022965781709777,6.311618144072707
31.224137931034484,5.17241427586207,0.6666666666666666,4.460749081059892,6.003923633832797,6.308252683213263
31.224137931034484,5.17241427586207,0.7777777777777777,4.407860077821678,5.986115944011131,6.303704030988509
31.224137931034484,5.17241427586207,0.8888888888888888,4.357963956902515,5.969404593884869,6.298237005396273
31.224137931034484,5.17241427586207,1.0,4.310663969073411,5.953670933044393,6.29205637727862
31.224137931034484,5.517241827586208,0.0,4.878058709586501,6.151983577418803,6.278956897005506
31.224137931034484,5.517241827586208,0.1111111111111111,4.796636083277314,6.126211577042096,6.287935040429171
31.224137931034484,5.517241827586208,0.2222222222222222,4.722509573768814,6.102341365938275,6.293385279697234
31.224137931034484,5.517241827586208,0.3333333333333333,4.654540577349521,6.08019650958449,6.295992031794465
31.224137931034484,5.517241827586208,0.4444444444444444,4.591775092172525,6.059599499845871,6.296336414554691
31.224137931034484,5.517241827586208,0.5555555555555556,4.533426055927585,6.040384296378663,6.2948914624470165
31.224137931034484,5.517241827586208,0.6666666666666666,4.4788489558713716,6.022401357473887,6.292034062030493
31.224137931034484,5.517241827586208,0.7777777777777777,4.427516582218537,6.005518649672053,6.288061622410879
31.224137931034484,5.517241827586208,0.8888888888888888,4.378996344975285,5.9896207404854565,6.283208191127368
31.224137931034484,5.517241827586208,1.0,4.33293131976687,5.974607119830353,6.2776581749309175
31.224137931034484,5.862069379310346,0.0,4.878058709586501,6.159892807832069,6.26476573993493
31.224137931034484,5.862069379310346,0.1111111111111111,4.800950500797273,6.1361146373068305,6.272741121576247
31.224137931034484,5.862069379310346,0.2222222222222222,4.730306929231835,6.113959199734298,6.2777003228794035
31.224137931034484,5.862069379310346,0.3333333333333333,4.665183494397507,6.093290481511354,6.280180899628803
31.224137931034484,5.862069379310346,0.4444444444444444,4.604778971895273,6.073969171427234,6.2806509039805505
31.224137931034484,5.862069379310346,0.5555555555555556,4.54842233737427,6.05586249494774,6.2795009610153585
31.224137931034484,5.862069379310346,0.6666666666666666,4.495555637762868,6.0388487332912275,6.277049670245546
31.224137931034484,5.862069379310346,0.7777777777777777,4.445715890351471,6.0228186800149315,6.273553875599392
31.224137931034484,5.862069379310346,0.8888888888888888,4.398518286664758,6.007675489227915,6.269219635786283
31.224137931034484,5.862069379310346,1.0,4.353641707277059,5.9933337694206905,6.264212145272905
31.224137931034484,6.206896931034484,0.0,4.878058709586501,6.166999937025506,6.251813841687197
31.224137931034484,6.206896931034484,0.1111111111111111,4.804838792906261,6.144960838489268,6.258899461840445
31.224137931034484,6.206896931034484,0.2222222222222222,4.73738431054583,6.124318710614242,6.263390178074844
31.224137931034484,6.206896931034484,0.3333333333333333,4.674902933265173,6.104967185491541,6.265712359521513
31.224137931034484,6.206896931034484,0.4444444444444444,4.6167157619249055,6.086795667117302,6.266245475816115
31.224137931034484,6.206896931034484,0.5555555555555556,4.562247044233962,6.069697028989018,6.26531326533991
31.224137931034484,6.206896931034484,0.6666666666666666,4.511011697103554,6.053571515151121,6.263185355593015
31.224137931034484,6.206896931034484,0.7777777777777777,4.462602068296859,6.0383283217810835,6.260083357424326
31.224137931034484,6.206896931034484,0.8888888888888888,4.416675363786602,6.023885866294226,6.256188229137796
31.224137931034484,6.206896931034484,1.0,4.372942515343253,6.01017137353592,6.251647385789041
31.224137931034484,6.551724482758622,0.0,4.878058709586501,6.173421860894386,6.239944214202882
31.224137931034484,6.551724482758622,0.1111111111111111,4.808359939268033,6.152910340772695,6.246239177471875
31.224137931034484,6.551724482758622,0.2222222222222222,4.743833560241516,6.133611132789526,6.250288558953339
31.224137931034484,6.551724482758622,0.3333333333333333,4.683808143263383,6.1154399510084145,6.252433642720471
31.224137931034484,6.551724482758622,0.4444444444444444,4.627703643489864,6.098308044345489,6.252984077389596
31.224137931034484,6.551724482758622,0.5555555555555556,4.5750229474385105,6.082128233179681,6.252209232486026
31.224137931034484,6.551724482758622,0.6666666666666666,4.5253424471834345,6.0668182049823365,6.2503376996449225
31.224137931034484,6.551724482758622,0.7777777777777777,4.478302143670623,6.0523020540768275,6.247560686437569
31.224137931034484,6.551724482758622,0.8888888888888888,4.433596112985658,6.038510766978484,6.244036870223811
31.224137931034484,6.551724482758622,1.0,4.3909638865125045,6.025382115243826,6.239897443312624
32.93103448275862,0.34482855172413795,0.2222222222222222,4.36259222876033,4.666471939632616,7.005165950873937
32.93103448275862,0.34482855172413795,0.3333333333333333,4.2188173162623395,4.548912403441311,6.93943037135151
32.93103448275862,0.34482855172413795,0.4444444444444444,4.099668242870517,4.460624023927206,6.882811520141281
32.93103448275862,0.34482855172413795,0.5555555555555556,3.9956294066287668,4.3900868798933566,6.832678525697713
32.93103448275862,0.34482855172413795,0.6666666666666666,3.9019313777976548,4.331553248312239,6.787414433276672
32.93103448275862,0.34482855172413795,0.7777777777777777,3.815822798928234,4.281716127468088,6.745959773437289
32.93103448275862,0.34482855172413795,0.8888888888888888,3.7355714670684534,4.238488406524351,6.707581254418883
32.93103448275862,0.34482855172413795,1.0,3.660022694005506,4.200463806987028,6.671748684059757
32.93103448275862,0.689656103448276,0.0,4.933410671733785,5.626156374852329,6.963046853148632
32.93103448275862,0.689656103448276,0.1111111111111111,4.609911777537079,5.358604727414081,6.956525665689847
32.93103448275862,0.689656103448276,0.2222222222222222,4.4258678050881715,5.216656389053672,6.9088823398532515
32.93103448275862,0.689656103448276,0.3333333333333333,4.287302310161009,5.118644374958206,6.861147918909695
32.93103448275862,0.689656103448276,0.4444444444444444,4.172341986914145,5.043785976537432,6.816650701702011
32.93103448275862,0.689656103448276,0.5555555555555556,4.072089313208139,4.983382043809305,6.775472752288299
32.93103448275862,0.689656103448276,0.6666666666666666,3.9819769866607992,4.932910278069499,6.737228258636138
32.93103448275862,0.689656103448276,0.7777777777777777,3.899328359221482,4.889702302969422,6.701507595227726
32.93103448275862,0.689656103448276,0.8888888888888888,3.822434458977028,4.852045257093736,6.667957203980911
32.93103448275862,0.689656103448276,1.0,3.750137755661293,4.818771104417473,6.636285684237223
32.93103448275862,1.034483655172414,0.0,4.9334106717337844,5.801338402915075,6.822323256055988
32.93103448275862,1.034483655172414,0.1111111111111111,4.654133976840857,5.606386030125553,6.847289611049977
32.93103448275862,1.034483655172414,0.2222222222222222,4.479942126419572,5.4880801988701355,6.822514514079844
32.93103448275862,1.034483655172414,0.3333333333333333,4.346733214776505,5.4028461417972125,6.789423294471064
32.93103448275862,1.034483655172414,0.4444444444444444,4.235785430656513,5.336283549961628,6.755275459011402
32.93103448275862,1.034483655172414,0.5555555555555556,4.138989862668582,5.28179784863991,6.721941035897178
32.93103448275862,1.034483655172414,0.6666666666666666,4.052058315892386,5.2357926097945375,6.68993776513503
32.93103448275862,1.034483655172414,0.7777777777777777,3.9724321098677375,5.196080572107584,6.659362679624502
32.93103448275862,1.034483655172414,0.8888888888888888,3.8984559250234785,5.161227967184794,6.630169998565944
32.93103448275862,1.034483655172414,1.0,3.8289954010892733,5.130241929306455,6.602267155586761
32.93103448275862,1.3793112068965518,0.0,4.933410671733785,5.903775499714048,6.718837790986162
32.93103448275862,1.3793112068965518,0.1111111111111111,4.690014728757351,5.755159281375789,6.755230604659302
32.93103448275862,1.3793112068965518,0.2222222222222222,4.526162231148145,5.655349223124202,6.745978209136276
32.93103448275862,1.3793112068965518,0.3333333333333333,4.398486705597619,5.580461794882043,6.7243265367558
32.93103448275862,1.3793112068965518,0.4444444444444444,4.29148563942457,5.520645179527251,6.698774410910276
32.93103448275862,1.3793112068965518,0.5555555555555556,4.197947507307001,5.470948482964168,6.6721748143456505
32.93103448275862,1.3793112068965518,0.6666666666666666,4.113921270594498,5.428528544229233,6.64564010875277
32.93103448275862,1.3793112068965518,0.7777777777777777,4.036999091883308,5.391597857912899,6.619633182725381
32.93103448275862,1.3793112068965518,0.8888888888888888,3.9656006042383893,5.3589571488681145,6.594343560562
32.93103448275862,1.3793112068965518,1.0,3.8986306405895728,5.3297615182490805,6.569836693675918
32.93103448275862,1.7241387586206898,0.0,4.9334106717337844,5.971751734888361,6.639269780321143
32.93103448275862,1.7241387586206898,0.1111111111111111,4.719155473214383,5.854439860098083,6.678061402981364
32.93103448275862,1.7241387586206898,0.2222222222222222,4.565691211643058,5.769431837049144,6.678730825467495
32.93103448275862,1.7241387586206898,0.3333333333333333,4.44367375794073,5.703272613997599,6.665690069089897
32.93103448275862,1.7241387586206898,0.4444444444444444,4.34060099222828,5.649274700269726,6.64709460972392
32.93103448275862,1.7241387586206898,0.5555555555555556,4.250199460027464,5.603755153852108,6.626168788510335
32.93103448275862,1.7241387586206898,0.6666666666666666,4.168892251748659,5.564482924029063,6.604357244411151
32.93103448275862,1.7241387586206898,0.7777777777777777,4.094446170717983,5.5300053408846015,6.5823616664736875
32.93103448275862,1.7241387586206898,0.8888888888888888,4.025371452296536,5.499323317573345,6.560539023001845
32.93103448275862,1.7241387586206898,1.0,3.96062331638796,5.471719855194934,6.539073634694452
32.93103448275862,2.068966310344828,0.0,4.9334106717337844,6.020446770007829,6.5760123214310635
32.93103448275862,2.068966310344828,0.1111111111111111,4.742941170694789,5.925199945918369,6.613305391925548
32.93103448275862,2.068966310344828,0.2222222222222222,4.599548571240544,5.8521174397867135,6.6199377156122585
32.93103448275862,2.068966310344828,0.3333333333333333,4.483220817871799,5.793392638454243,6.613162837893732
32.93103448275862,2.068966310344828,0.4444444444444444,4.384063450131144,5.7444933273561825,6.6000656448813
32.93103448275862,2.068966310344828,0.5555555555555556,4.296719993328983,5.7026967694328485,6.583835837211955
32.93103448275862,2.068966310344828,0.6666666666666666,4.218003062079149,5.666263054068519,6.56604846385855
32.93103448275862,2.068966310344828,0.7777777777777777,4.145868862234235,5.634017884689926,6.5475380659662905
32.93103448275862,2.068966310344828,0.8888888888888888,4.07892914556382,5.6051325629149416,6.528769580503516
32.93103448275862,2.068966310344828,1.0,4.016197522295203,5.579000741027928,6.510010729142189
32.93103448275862,2.413793862068966,0.0,4.933410671733785,6.057177610225743,6.524408475517928
32.93103448275862,2.413793862068966,0.1111111111111111,4.762509587465136,5.978035986390279,6.558686405490898
32.93103448275862,2.413793862068966,0.2222222222222222,4.62862480797374,5.914612805023211,6.568631704373477
32.93103448275862,2.413793862068966,0.3333333333333333,4.517916530636139,5.862236560643423,6.566273577682644
32.93103448275862,2.413793862068966,0.4444444444444444,4.422642669423969,5.817823475363925,6.557429703429365
32.93103448275862,2.413793862068966,0.5555555555555556,4.338296306662368,5.779366245843136,6.545024529628663
32.93103448275862,2.413793862068966,0.6666666666666666,4.262075465620458,5.745513683239788,6.530622972113024
32.93103448275862,2.413793862068966,0.7777777777777777,4.192131821232056,5.7153204928014985,6.515110563847418
32.93103448275862,2.413793862068966,0.8888888888888888,4.127185151950935,5.688101891195388,6.499011238146676
32.93103448275862,2.413793862068966,1.0,4.066312842250722,5.663346769337588,6.482645644083111
32.93103448275862,2.758621413793104,0.0,4.933410671733785,6.085937159154763,6.481442432747156
32.93103448275862,2.758621413793104,0.1111111111111111,4.77876250043487,6.018903844547047,6.512279235529985
32.93103448275862,2.758621413793104,0.2222222222222222,4.653687933786129,5.963355806154957,6.52383350154618
32.93103448275862,2.758621413793104,0.3333333333333333,4.548438932757555,5.916408741795249,6.524489826536463
32.93103448275862,2.758621413793104,0.4444444444444444,4.45698654126571,5.875946729366605,6.518872314159972
32.93103448275862,2.758621413793104,0.5555555555555556,4.375578285686438,5.840489150100324,6.509537282900953
32.93103448275862,2.758621413793104,0.6666666666666666,4.301778033808247,5.808988842233123,6.497952260580808
32.93103448275862,2.758621413793104,0.7777777777777777,4.233931286314179,5.780686971242637,6.484995319404886
32.93103448275862,2.758621413793104,0.8888888888888888,4.170868311791691,5.75501928522822,6.471211474026896
32.93103448275862,2.758621413793104,1.0,4.111733319503392,5.731556099221764,6.4569494227031585
32.93103448275862,3.103448965517242,0.0,4.933410671733785,6.109101746394901,6.44507042532265
32.93103448275862,3.103448965517242,0.1111111111111111,4.79239971956361,6.051405555306168,6.472523431573479
32.93103448275862,3.103448965517242,0.2222222222222222,4.675390565627337,6.002328245923657,6.48462614150709
32.93103448275862,3.103448965517242,0.3333333333333333,4.575372360402345,5.960033485710095,6.48726493880658
32.93103448275862,3.103448965517242,0.4444444444444444,4.487647375540379,5.923052551379675,6.484049828457183
32.93103448275862,3.103448965517242,0.5555555555555556,4.409111605318632,5.890289646041404,6.477147385632628
32.93103448275862,3.103448965517242,0.6666666666666666,4.337664695788185,5.860933213871979,6.467881683931781
32.93103448275862,3.103448965517242,0.7777777777777777,4.271838128586609,5.8343749064726556,6.457085212506666
32.93103448275862,3.103448965517242,0.8888888888888888,4.210571610127698,5.81015062975719,6.445296555043471
32.93103448275862,3.103448965517242,1.0,4.153077151460314,5.7878998454454225,6.432873165835093
32.93103448275862,3.44827651724138,0.0,4.933410671733785,6.128179546180678,6.413855111490668
32.93103448275862,3.44827651724138,0.1111111111111111,4.803959102208245,6.077842443016601,6.438179263107328
32.93103448275862,3.44827651724138,0.2222222222222222,4.694280047378231,6.03412756155901,6.450191477914756
32.93103448275862,3.44827651724138,0.3333333333333333,4.599219436027239,5.995830990100157,6.454070787475906
32.93103448275862,3.44827651724138,0.4444444444444444,4.515099492030002,5.961919258365549,6.452611463089697
32.93103448275862,3.44827651724138,0.5555555555555556,4.439360228543271,5.9315767866874385,6.447613651839324
32.93103448275862,3.44827651724138,0.6666666666666666,4.370201287076515,5.904173443871155,6.440240694799772
32.93103448275862,3.44827651724138,0.7777777777777777,4.30632783450636,5.87922148944872,6.43125752513427
32.93103448275862,3.44827651724138,0.8888888888888888,4.246785126814943,5.856339501817518,6.421177775288784
32.93103448275862,3.44827651724138,1.0,4.190852183848148,5.83522530700604,6.41035349344084
32.93103448275862,3.7931040689655178,0.0,4.933410671733785,6.144176510461242,6.386754157465609
32.93103448275862,3.7931040689655178,0.1111111111111111,4.813853338811471,6.099750054914426,6.4082687261652165
32.93103448275862,3.7931040689655178,0.2222222222222222,4.710810969160122,6.060518565498661,6.419821142136506
32.93103448275862,3.7931040689655178,0.3333333333333333,4.620410898349371,6.025670765844896,6.424417474689019
32.93103448275862,3.7931040689655178,0.4444444444444444,4.539751746456766,5.9944686342565445,6.424215314059286
32.93103448275862,3.7931040689655178,0.5555555555555556,4.466722152559751,5.9663006660673945,6.42069209920485
32.93103448275862,3.7931040689655178,0.6666666666666666,4.399784199601762,5.940675922619963,6.41485139172695
32.93103448275862,3.7931040689655178,0.7777777777777777,4.337801707595159,5.917202839719912,6.407380461692303
32.93103448275862,3.7931040689655178,0.8888888888888888,4.279919502726932,5.895567872309502,6.398756717783614
32.93103448275862,3.7931040689655178,1.0,4.225481395452863,5.875517856227703,6.38931705317451
32.93103448275862,4.137931620689656,0.0,4.933410671733785,6.1577907167611485,6.362991994931722
32.93103448275862,4.137931620689656,0.1111111111111111,4.82240018485934,6.118190108980986,6.382020006614939
32.93103448275862,4.137931620689656,0.2222222222222222,4.7253585564247125,6.082740085109626,6.392912893223908
32.93103448275862,4.137931620689656,0.3333333333333333,4.639314461804699,6.050879891326806,6.397862992385118
32.93103448275862,4.137931620689656,0.4444444444444444,4.561957073213466,6.0220744160667055,6.398538827597911
32.93103448275862,4.137931620689656,0.5555555555555556,4.4915408405688595,5.995861222131991,6.396144579248812
32.93103448275862,4.137931620689656,0.6666666666666666,4.42675379890541,5.9718560283446385,6.391535264057397
32.93103448275862,4.137931620689656,0.7777777777777777,4.366602134050488,5.949743721241441,6.385318468654521
32.93103448275862,4.137931620689656,0.8888888888888888,4.310322895013424,5.929266265399293,6.377929595186151
32.93103448275862,4.137931620689656,1.0,4.257321398319235,5.910211481855749,6.369684221936902
32.93103448275862,4.482759172413794,0.0,4.933410671733785,6.169522517052791,6.34197880900035
32.93103448275862,4.482759172413794,0.1111111111111111,4.8298459200605794,6.133918972405033,6.358821251905155
32.93103448275862,4.482759172413794,0.2222222222222222,4.738231599040474,6.101685534818336,6.3689599974517455
32.93103448275862,4.482759172413794,0.3333333333333333,4.656243059781031,6.072425483975864,6.374015984879618
32.93103448275862,4.482759172413794,0.4444444444444444,4.582020215498274,6.045744910352388,6.375284755302435
32.93103448275862,4.482759172413794,0.5555555555555556,4.514113867536787,6.0212908291986125,6.37374464700443
32.93103448275862,4.482759172413794,0.6666666666666666,4.451404342261481,5.998760751616038,6.370118206584936
32.93103448275862,4.482759172413794,0.7777777777777777,4.39302379883603,5.977900245201902,6.3649363907189995
32.93103448275862,4.482759172413794,0.8888888888888888,4.338293430360041,5.958496552853903,6.358590728856333
32.93103448275862,4.482759172413794,1.0,4.286676051438439,5.940371664705571,6.351372099006573
32.93103448275862,4.827586724137932,0.0,4.933410671733785,6.179740331105906,6.323257555748298
32.93103448275862,4.827586724137932,0.1111111111111111,4.836383024390313,6.147489395847674,6.338184141567389
32.93103448275862,4.827586724137932,0.2222222222222222,4.749684107668777,6.118014182462461,6.347538245698712
32.93103448275862,4.827586724137932,0.3333333333333333,4.671462472859479,6.091027996381935,6.35253426448915
32.93103448275862,4.827586724137932,0.4444444444444444,4.600204267250391,6.0662365631687,6.354183755130025
32.93103448275862,4.827586724137932,0.5555555555555556,4.534699725298298,6.043367809996217,6.353281142930795
32.93103448275862,4.827586724137932,0.6666666666666666,4.473991525820159,6.0221821271766505,6.35043400173827
32.93103448275862,4.827586724137932,0.7777777777777777,4.417322108108485,6.002473246813156,6.34610256464719
32.93103448275862,4.827586724137932,0.8888888888888888,4.364088514144873,5.984065294472902,6.340635243746009
32.93103448275862,4.827586724137932,1.0,4.313806628980173,5.9668086877515085,6.334296873752512
32.93103448275862,5.17241427586207,0.0,4.933410671733785,6.1887216868847394,6.306468260041481
32.93103448275862,5.17241427586207,0.1111111111111111,4.842163317039953,6.15931432299044,6.319715893223224
32.93103448275862,5.17241427586207,0.2222222222222222,4.75992535236231,6.132222274171864,6.328293064091385
32.93103448275862,5.17241427586207,0.3333333333333333,4.685198250501954,6.1072343101661986,6.333121023432114
32.93103448275862,5.17241427586207,0.4444444444444444,4.6167363453994605,6.084127459262918,6.3349946957612735
32.93103448275862,5.17241427586207,0.5555555555555556,4.553523364717847,6.062689935331068,6.334560009636835
32.93103448275862,5.17241427586207,0.6666666666666666,4.49473839455661,6.0427306519095865,6.332326528937446
32.93103448275862,5.17241427586207,0.7777777777777777,4.439719658056291,6.024081619161787,6.3286909925932875
32.93103448275862,5.17241427586207,0.8888888888888888,4.387931918152721,6.006596998688891,6.3239610732238525
32.93103448275862,5.17241427586207,1.0,4.338939534414421,5.9901508315859955,6.318375647263147
32.93103448275862,5.517241827586208,0.0,4.933410671733785,6.196679770453524,6.291323324816395
32.93103448275862,5.517241827586208,0.1111111111111111,4.847307681735241,6.169708236243269,6.3030979693366875
32.93103448275862,5.517241827586208,0.2222222222222222,4.7691282506043144,6.144689912340143,6.310927845906202
32.93103448275862,5.517241827586208,0.3333333333333333,4.69764185537671,6.121466399997086,6.315520033048915
32.93103448275862,5.517241827586208,0.4444444444444444,4.631812553855479,6.099866470342648,6.3175035152818975
32.93103448275862,5.517241827586208,0.5555555555555556,4.570780826363518,6.07972364299736,6.317404830701169
32.93103448275862,5.517241827586208,0.6666666666666666,4.513840092690654,6.060884456400147,6.315650973335796
32.93103448275862,5.517241827586208,0.7777777777777777,4.46041131494194,6.043211411685748,6.312582753880057
32.93103448275862,5.517241827586208,0.8888888888888888,4.4100192780502425,6.026583147864924,6.308470377141951
32.93103448275862,5.517241827586208,1.0,4.362272246567373,6.010893331283056,6.303527786197868
32.93103448275862,5.862069379310346,0.0,4.933410671733785,6.203781143594576,6.2775900629027985
32.93103448275862,5.862069379310346,0.1111111111111111,4.851913275440955,6.17891471542358,6.28806991402881
32.93103448275862,5.862069379310346,0.2222222222222222,4.777436240903168,6.155712770436411,6.295193893562082
32.93103448275862,5.862069379310346,0.3333333333333333,4.708956012674868,6.134054598215545,6.29951061888734
32.93103448275862,5.862069379310346,0.4444444444444444,4.64560232849449,6.113807029696209,6.301521262797082
32.93103448275862,5.862069379310346,0.5555555555555556,4.586643175877971,6.094837937992472,6.301656501622915
32.93103448275862,5.862069379310346,0.6666666666666666,4.531467766988005,6.07702319744833,6.300274286731951
32.93103448275862,5.862069379310346,0.7777777777777777,4.47956828830144,6.060249673302706,6.297666812759744
32.93103448275862,5.862069379310346,0.8888888888888888,4.430522435620722,6.044415982078671,6.294070477351559
32.93103448275862,5.862069379310346,1.0,4.383977975999248,6.029432100748669,6.289675884918354
32.93103448275862,6.206896931034484,0.0,4.933410671733785,6.2101578886902296,6.2650780882257
32.93103448275862,6.206896931034484,0.1111111111111111,4.856058897263834,6.18712526933917,6.274417052765664
32.93103448275862,6.206896931034484,0.2222222222222222,4.784968848052457,6.165524042734388,6.2808819857501
32.93103448275862,6.206896931034484,0.3333333333333333,4.719279295237657,6.145260850953295,6.284902851611285
32.93103448275862,6.206896931034484,0.4444444444444444,4.658252224049724,6.126230885338381,6.286881756715186
32.93103448275862,6.206896931034484,0.5555555555555556,4.6012598816858965,6.108328305475631,6.287172353744212
32.93103448275862,6.206896931034484,0.6666666666666666,4.547771829658132,6.091451996815482,6.286075117275566
32.93103448275862,6.206896931034484,0.7777777777777777,4.4973414576673285,6.075508366444299,6.283840366049905
32.93103448275862,6.206896931034484,0.8888888888888888,4.449592927943067,6.060412371178746,6.28067440901129
32.93103448275862,6.206896931034484,1.0,4.4042093680597105,6.046087558184451,6.27674640740551
32.93103448275862,6.551724482758622,0.0,4.933410671733785,6.215916130698237,6.2536300509286376
32.93103448275862,6.551724482758622,0.1111111111111111,4.859809014206146,6.1944924908872565,6.261961083458627
32.93103448275862,6.551724482758622,0.2222222222222222,4.791826158587062,6.174309943773021,6.267815418522795
32.93103448275862,6.551724482758622,0.3333333333333333,4.728730007780393,6.155295298372921,6.271533169738761
32.93103448275862,6.551724482758622,0.4444444444444444,4.669889195385182,6.137365140940823,6.273439141005895
32.93103448275862,6.551724482758622,0.5555555555555556,4.614761728133937,6.120433927481901,6.273824968185442
32.93103448275862,6.551724482758622,0.6666666666666666,4.562884720514562,6.104418707939974,6.272943382874051
32.93103448275862,6.551724482758622,0.7777777777777777,4.51386413232295,6.089241630115712,6.271008854421818
32.93103448275862,6.551724482758622,0.8888888888888888,4.467364835363387,6.074831052344716,6.268201175708727
32.93103448275862,6.551724482758622,1.0,4.423101491195615,6.0611218300055265,6.2646700738533445
32.93103448275862,6.8965520344827596,0.0,4.933410671733785,6.2211421413781665,6.243114720251024
32.93103448275862,6.8965520344827596,0.1111111111111111,4.863216803582421,6.201139429576313,6.250552831814025
32.93103448275862,6.8965520344827596,0.2222222222222222,4.798092408657337,6.182220851137847,6.255844312539041
32.93103448275862,6.8965520344827596,0.3333333333333333,4.73740944988739,6.164328301163833,6.259260515279797
32.93103448275862,6.8965520344827596,0.4444444444444444,4.68062342402506,6.147394695279529,6.261065509643606
32.93103448275862,6.8965520344827596,0.5555555555555556,4.627263332124117,6.131350300523472,6.2615008463399775
32.93103448275862,6.8965520344827596,0.6666666666666666,4.576923265719845,6.116126598847211,6.260779622916594
32.93103448275862,6.8965520344827596,0.7777777777777777,4.529254369808165,6.101658475271208,6.259085738917143
32.93103448275862,6.8965520344827596,0.8888888888888888,4.483957138406215,6.0878853138495295,6.256575783848095
32.93103448275862,6.8965520344827596,1.0,4.440774281336682,6.0747514124636695,6.253382048893516
32.93103448275862,7.2413795862068975,0.0,4.933410671733785,6.225906792338115,6.233421745699027
32.93103448275862,7.2413795862068975,0.1111111111111111,4.866326471663528,6.207166388331471,6.240066632197417
32.93103448275862,7.2413795862068975,0.2222222222222222,4.8038388588338,6.189379446688352,6.244840975493931
32.93103448275862,7.2413795862068975,0.3333333333333333,4.745404641796176,6.172499299394206,6.247962987357416
32.93103448275862,7.2413795862068975,0.4444444444444444,4.690550740731013,6.156471462879627,6.249648693603097
32.93103448275862,7.2413795862068975,0.5555555555555556,4.638865316953289,6.141238627762158,6.250099048308072
32.93103448275862,7.2413795862068975,0.6666666666666666,4.589990703621568,6.1267438176548366,6.249494227689958
32.93103448275862,7.2413795862068975,0.7777777777777777,4.543616943040429,6.112932274109233,6.247992122841817
32.93103448275862,7.2413795862068975,0.8888888888888888,4.499475691451626,6.099752483615088,6.245729118679754
32.93103448275862,7.2413795862068975,1.0,4.457334565955158,6.087156647593776,6.242821979947346
32.93103448275862,7.586207137931035,0.0,4.933410671733785,6.230268857028001,6.224457637572954
32.93103448275862,7.586207137931035,0.1111111111111111,4.869175035944639,6.21265593184119,6.230395935991682
32.93103448275862,7.586207137931035,0.2222222222222222,4.809126100518759,6.195886752635026,6.23469612875078
32.93103448275862,7.586207137931035,0.3333333333333333,4.752790593693589,6.179923429300829,6.237534979762247
32.93103448275862,7.586207137931035,0.4444444444444444,4.699754693554772,6.164721302869638,6.239090254863652
32.93103448275862,7.586207137931035,0.5555555555555556,4.649656188270068,6.150232907429578,6.23952986964307
32.93103448275862,7.586207137931035,0.6666666666666666,4.602178430970114,6.13641055692019,6.239006615996929
32.93103448275862,7.586207137931035,0.7777777777777777,4.55704502187638,6.123207955450836,6.237656280127464
32.93103448275862,7.586207137931035,0.8888888888888888,4.514014891827961,6.110581131877567,6.235597711938738
32.93103448275862,7.586207137931035,1.0,4.472877758269151,6.098488920792389,6.2329339258908325
32.93103448275862,7.931034689655173,0.0,4.933410671733785,6.234277495434063,6.216142646530994
32.93103448275862,7.931034689655173,0.1111111111111111,4.871793706857266,6.217676630951274,6.221449852939012
32.93103448275862,7.931034689655173,0.2222222222222222,4.81400591104781,6.201826667089285,6.225315834871659
32.93103448275862,7.931034689655173,0.3333333333333333,4.75963219183443,6.186696528234159,6.227884751192553
32.93103448275862,7.931034689655173,0.4444444444444444,4.708308308172749,6.1722492902573185,6.22930370095811
32.93103448275862,7.931034689655173,0.5555555555555556,4.6597139511463395,6.158445349035248,6.22971359781524
29.517241379310345,9.310344896551724,0.6666666666666666,4.564811349190352,6.100098905689598,6.151020714031258
29.517241379310345,9.310344896551724,0.7777777777777777,4.5284886296834665,6.09028413410389,6.14883721922347
29.517241379310345,9.310344896551724,0.8888888888888888,4.493514093802124,6.080806489765174,6.146284928446543
29.517241379310345,9.310344896551724,1.0,4.459778645717864,6.071646497078633,6.143409047969405
29.517241379310345,9.655172448275863,0.0,4.818946070752261,6.170711117366234,6.1466550938453866
29.517241379310345,9.655172448275863,0.1111111111111111,4.773026716353135,6.15898734718616,6.147725921037501
29.517241379310345,9.655172448275863,0.2222222222222222,4.729264343926308,6.147689528628674,6.1481142249974035
29.517241379310345,9.655172448275863,0.3333333333333333,4.6874719668230975,6.136799116556135,6.1478857891046115
29.517241379310345,9.655172448275863,0.4444444444444444,4.6474809770062535,6.126296705732624,6.147103889089907
29.517241379310345,9.655172448275863,0.5555555555555556,4.6091393746263485,6.116162672813489,6.145827907225967
29.517241379310345,9.655172448275863,0.6666666666666666,4.572310211504414,6.106377630957562,6.144112619629346
29.517241379310345,9.655172448275863,0.7777777777777777,4.536870161076072,6.096922739658883,6.142007935914286
29.517241379310345,9.655172448275863,0.8888888888888888,4.502708183909893,6.087779905281989,6.13955893104914
29.517241379310345,9.655172448275863,1.0,4.469724283350736,6.078931900913158,6.136806055922381
29.517241379310345,10.0,0.0,4.818946070752262,6.1739322175307985,6.140554683392293
29.517241379310345,10.0,0.1111111111111111,4.774519738501536,6.162730390029189,6.141421600598548
29.517241379310345,10.0,0.2222222222222222,4.73210238154025,6.151917610384739,6.141671614878368
29.517241379310345,10.0,0.3333333333333333,4.691525835356032,6.141477786225379,6.141361292717197
29.517241379310345,10.0,0.4444444444444444,4.652638038192,6.131394046246511,6.140545400154053
29.517241379310345,10.0,0.5555555555555556,4.615301466123238,6.121649273525738,6.13927568959653
29.517241379310345,10.0,0.6666666666666666,4.579391774551763,6.112226490152697,6.137600236336666
29.517241379310345,10.0,0.7777777777777777,4.544796565882619,6.103109125508038,6.13556315261483
29.517241379310345,10.0,0.8888888888888888,4.511414249426707,6.094281195369554,6.133204552486247
29.517241379310345,10.0,1.0,4.479152982478089,6.085727414039623,6.130560676012729
31.224137931034484,1e-06,0.0,,,
31.224137931034484,1e-06,0.1111111111111111,4.471209271230719,3.045730008410025,7.174573940231042
31.224137931034484,1e-06,0.2222222222222222,4.2768359720613764,3.04573343617381,7.061056112728439
31.224137931034484,1e-06,0.3333333333333333,4.131493561199109,3.045739883836437,6.977777626272551
31.224137931034484,1e-06,0.4444444444444444,4.01030018151862,3.04573721556468,6.909993138431412
31.224137931034484,1e-06,0.5555555555555556,3.9038467877630163,3.045737651933422,6.851909674465946
31.224137931034484,1e-06,0.6666666666666666,3.8074688648803154,3.0457384777744037,6.800575894800574
31.224137931034484,1e-06,0.7777777777777777,3.7185042764682015,3.0457390923929655,6.754259132938092
31.224137931034484,1e-06,0.8888888888888888,3.63530303152278,3.0457397539473745,6.711845164991941
31.224137931034484,1e-06,1.0,3.55679345941235,3.045740259341692,6.6725701453345705
31.224137931034484,0.34482855172413795,0.0,4.878058709586501,5.116664093170234,7.125590752442555
31.224137931034484,0.34482855172413795,0.1111111111111111,4.531264642327035,4.764456663906394,7.036961876592056
31.224137931034484,0.34482855172413795,0.2222222222222222,4.345889584621435,4.599284899955988,6.9599054829095275
31.224137931034484,0.34482855172413795,0.3333333333333333,4.206355841242483,4.487968354442341,6.8961759767186015
31.224137931034484,0.34482855172413795,0.4444444444444444,4.09010512006413,4.403790921981487,6.841272209001173
31.224137931034484,0.34482855172413795,0.5555555555555556,3.9882435307759976,4.336234029125903,6.792618582036222
31.224137931034484,0.34482855172413795,0.6666666666666666,3.896265262341917,4.279990998791281,6.748651412307225
31.224137931034484,0.34482855172413795,0.7777777777777777,3.8115519440529946,4.231985396328945,6.708350216769173
31.224137931034484,0.34482855172413795,0.8888888888888888,3.7324454982156663,4.190264640467054,6.671009700435753
31.224137931034484,0.34482855172413795,1.0,3.65783482792864,4.153507242741586,6.636120151179509
31.224137931034484,0.689656103448276,0.0,4.878058709586501,5.52942625808866,6.939862159521541
31.224137931034484,0.689656103448276,0.1111111111111111,4.58028561871851,5.287386531994826,6.91711567039373
31.224137931034484,0.689656103448276,0.2222222222222222,4.4046130413275915,5.1552484429073555,6.868241834643444
31.224137931034484,0.689656103448276,0.3333333333333333,4.270778384249591,5.062963481304728,6.820965897209086
31.224137931034484,0.689656103448276,0.4444444444444444,4.159048611871804,4.992010866537695,6.777292090494711
31.224137931034484,0.689656103448276,0.5555555555555556,4.061219365021092,4.934501998451619,6.737009993295653
31.224137931034484,0.689656103448276,0.6666666666666666,3.9730257489340746,4.8862916936232015,6.6996484666912215
31.224137931034484,0.689656103448276,0.7777777777777777,3.891946923869913,4.844915543689344,6.664770884292821
31.224137931034484,0.689656103448276,0.8888888888888888,3.8163630396479133,4.808782527375965,6.632016262035229
31.224137931034484,0.689656103448276,1.0,3.7451711434361106,4.776802737606822,6.601092938813773
31.224137931034484,1.034483655172414,0.0,4.878058709586501,5.718257420933039,6.807193038378225
31.224137931034484,1.034483655172414,0.1111111111111111,4.6201238683892605,5.539751353320061,6.814631307461529
31.224137931034484,1.034483655172414,0.2222222222222222,4.454637850423695,5.429591174860813,6.786245034318445
31.224137931034484,1.034483655172414,0.3333333333333333,4.32652268800116,5.349459283653326,6.752302062446275
31.224137931034484,1.034483655172414,0.4444444444444444,4.2190806516974,5.286496517700223,6.718169894684965
31.224137931034484,1.034483655172414,0.5555555555555556,4.124919853719912,5.23473435870105,6.685185237620464
31.224137931034484,1.034483655172414,0.6666666666666666,4.040077399960526,5.1908866926968225,6.653670639487876
31.224137931034484,1.034483655172414,0.7777777777777777,3.9621661014406353,5.152940731309085,6.623639962413059
31.224137931034484,1.034483655172414,0.8888888888888888,3.8896305336304375,5.119569708346977,6.595008517544563
31.224137931034484,1.034483655172414,1.0,3.821398724466335,5.08985069220593,6.567664518590255
31.224137931034484,1.3793112068965518,0.0,4.878058709586501,5.829577915369716,6.707546108937787
31.224137931034484,1.3793112068965518,0.1111111111111111,4.652471365284978,5.692210364101171,6.727883617597059
31.224137931034484,1.3793112068965518,0.2222222222222222,4.497308770916617,5.599097439439471,6.713619310577692
31.224137931034484,1.3793112068965518,0.3333333333333333,4.37495280046483,5.528700101820215,6.690110831044778
31.224137931034484,1.3793112068965518,0.4444444444444444,4.271668136131101,5.4721631973968,6.663890340464698
31.224137931034484,1.3793112068965518,0.5555555555555556,4.180939188471719,5.425000863291972,6.637154469806046
31.224137931034484,1.3793112068965518,0.6666666666666666,4.099146720463416,5.384617685383818,6.610747290207058
31.224137931034484,1.3793112068965518,0.7777777777777777,4.024062847475813,5.349371788313866,6.5850062600457555
31.224137931034484,1.3793112068965518,0.8888888888888888,3.954214057905794,5.31815595114672,6.560056557819227
31.224137931034484,1.3793112068965518,1.0,3.8885729764485153,5.290186770678558,6.535928370910238
31.224137931034484,1.7241387586206898,0.0,4.878058709586501,5.903833258933314,6.629782653975075
31.224137931034484,1.7241387586206898,0.1111111111111111,4.678814786031497,5.794611285894491,6.654687463198082
31.224137931034484,1.7241387586206898,0.2222222222222222,4.533769154483494,5.715103760010154,6.649717578209688
31.224137931034484,1.7241387586206898,0.3333333333333333,4.417166546167885,5.652869575076163,6.63412661551542
31.224137931034484,1.7241387586206898,0.4444444444444444,4.3179535700117295,5.601838341525798,6.614321699588246
31.224137931034484,1.7241387586206898,0.5555555555555556,4.230496655645085,5.558660935019163,6.592848118491227
31.224137931034484,1.7241387586206898,0.6666666666666666,4.151542220660419,5.5212988692464515,6.570845972308439
31.224137931034484,1.7241387586206898,0.7777777777777777,4.079038493476694,5.488418419374265,6.54886463962494
31.224137931034484,1.7241387586206898,0.8888888888888888,4.011605867863069,5.459098272350055,6.527178456626557
31.224137931034484,1.7241387586206898,1.0,3.9482706024837686,5.432674676424335,6.505924064095759
31.224137931034484,2.068966310344828,0.0,4.878058709586501,5.95722102549658,6.567278193480228
31.224137931034484,2.068966310344828,0.1111111111111111,4.700401350856128,5.868045176443556,6.592802347672775
31.224137931034484,2.068966310344828,0.2222222222222222,4.565001454353667,5.799502680232562,6.593688542302738
31.224137931034484,2.068966310344828,0.3333333333333333,4.454072700158931,5.7441995919018485,6.583944740257429
31.224137931034484,2.068966310344828,0.4444444444444444,4.358853967265838,5.697971971926895,6.569240184367388
31.224137931034484,2.068966310344828,0.5555555555555556,4.274551311236566,5.658329753036876,6.5521315582613795
31.224137931034484,2.068966310344828,0.6666666666666666,4.198280304665626,5.623679199654979,6.533884080956947
31.224137931034484,2.068966310344828,0.7777777777777777,4.1281738623060775,5.592941297766464,6.515167576195267
31.224137931034484,2.068966310344828,0.8888888888888888,4.062953811627858,5.565351995644159,6.4963533106072076
31.224137931034484,2.068966310344828,1.0,4.001706054112281,5.540350412043562,6.477652786682822
31.224137931034484,2.413793862068966,0.0,4.878058709586501,5.997603757820602,6.515856250471405
31.224137931034484,2.413793862068966,0.1111111111111111,4.718238030573987,5.923183535914438,6.5402060473392485
31.224137931034484,2.413793862068966,0.2222222222222222,4.59184739729648,5.863540103404391,6.544605532816455
31.224137931034484,2.413793862068966,0.3333333333333333,4.486436842540848,5.814147820263052,6.539076991568041
31.224137931034484,2.413793862068966,0.4444444444444444,4.395123054153543,5.772135438147608,6.528357554578792
31.224137931034484,2.413793862068966,0.5555555555555556,4.313876275952421,5.735653790875231,6.514821352262027
31.224137931034484,2.413793862068966,0.6666666666666666,4.2401691760102365,5.703460396690557,6.49974033801954
31.224137931034484,2.413793862068966,0.7777777777777777,4.1723205041817275,5.674684992575318,6.483834869194575
31.224137931034484,2.413793862068966,0.8888888888888888,4.109157108380521,5.648695754179606,6.467530704164668
31.224137931034484,2.413793862068966,1.0,4.049828128273388,5.625019910377342,6.451087445724419
31.224137931034484,2.758621413793104,0.0,4.878058709586501,6.029293495747865,6.472752466823322
31.224137931034484,2.758621413793104,0.1111111111111111,4.73311684318275,5.96604274837102,6.495192359099211
31.224137931034484,2.758621413793104,0.2222222222222222,4.6150214846356645,5.913674954060937,6.501558250728452
31.224137931034484,2.758621413793104,0.3333333333333333,4.5149096653222385,5.869336978180504,6.499000141497884
31.224137931034484,2.758621413793104,0.4444444444444444,4.427391165304042,5.831031258258043,6.491347616850915
31.224137931034484,2.758621413793104,0.5555555555555556,4.349107510436484,5.797382337544567,6.480701277012904
31.224137931034484,2.758621413793104,0.6666666666666666,4.27786490658461,5.767422489920374,6.46826576527098
31.224137931034484,2.758621413793104,0.7777777777777777,4.2121628827618105,5.74045109500277,6.4547622215200455
34.63793103448276,1.3793112068965518,0.8888888888888888,3.9741852400101876,5.397466161396835,6.62686395652768
34.63793103448276,1.3793112068965518,1.0,3.905917709768905,5.367132612946154,6.601995955672298
34.63793103448276,1.7241387586206898,0.0,4.985451202283545,6.0352338192643264,6.644540077547174
34.63793103448276,1.7241387586206898,0.1111111111111111,4.75631062052636,5.910638796306915,6.698409009749903
34.63793103448276,1.7241387586206898,0.2222222222222222,4.594474597531196,5.820522030210699,6.70532145165883
34.63793103448276,1.7241387586206898,0.3333333333333333,4.467114099245455,5.750703845351089,6.695120612395008
34.63793103448276,1.7241387586206898,0.4444444444444444,4.3602521738379005,5.693942849087294,6.677891287580339
34.63793103448276,1.7241387586206898,0.5555555555555556,4.266967627837917,5.646245308880079,6.657607083506449
34.63793103448276,1.7241387586206898,0.6666666666666666,4.183359455474573,5.605199224285492,6.636046818162467
34.63793103448276,1.7241387586206898,0.7777777777777777,4.1070141295480385,5.569239945044621,6.614078501153
34.63793103448276,1.7241387586206898,0.8888888888888888,4.03633311322457,5.5372952161044,6.592149030233073
34.63793103448276,1.7241387586206898,1.0,3.9702018392129568,5.508598030269239,6.570494519035802
34.63793103448276,2.068966310344828,0.0,4.985451202283545,6.0795005636196535,6.581032998512068
34.63793103448276,2.068966310344828,0.1111111111111111,4.782339404044028,5.978843755553559,6.630845028510809
34.63793103448276,2.068966310344828,0.2222222222222222,4.630999812062862,5.901579556395842,6.64373627934235
34.63793103448276,2.068966310344828,0.3333333333333333,4.509329732205695,5.839679483405447,6.640215332121214
34.63793103448276,2.068966310344828,0.4444444444444444,4.406292916197865,5.788298250459082,6.62889149900223
34.63793103448276,2.068966310344828,0.5555555555555556,4.315963078209103,5.744501545435508,6.613644172804598
34.63793103448276,2.068966310344828,0.6666666666666666,4.234847704291745,5.706413784990086,6.596385706357352
34.63793103448276,2.068966310344828,0.7777777777777777,4.160726267483307,5.672771595558776,6.578129381692515
34.63793103448276,2.068966310344828,0.8888888888888888,4.092101117666263,5.642685707708319,6.559441453475932
34.63793103448276,2.068966310344828,1.0,4.027914390870278,5.615507171569593,6.540650297193512
34.63793103448276,2.413793862068966,0.0,4.985451202283545,6.112803056609855,6.5296323130955765
34.63793103448276,2.413793862068966,0.1111111111111111,4.803656951592872,6.029484324768889,6.574304673339429
34.63793103448276,2.413793862068966,0.2222222222222222,4.662334342872274,5.962606465599788,6.590207524822041
34.63793103448276,2.413793862068966,0.3333333333333333,4.546378643272363,5.9074747885078365,6.591283332204184
34.63793103448276,2.413793862068966,0.4444444444444444,4.447196267837133,5.860838374755733,6.584481215294725
34.63793103448276,2.413793862068966,0.5555555555555556,4.359799128224452,5.820550664904369,6.573315956031131
34.63793103448276,2.413793862068966,0.6666666666666666,4.281108396207721,5.785161288962933,6.559668417107107
34.63793103448276,2.413793862068966,0.7777777777777777,4.209108098720357,5.753655515951401,6.544602210593948
34.63793103448276,2.413793862068966,0.8888888888888888,4.142411137692958,5.725299254680719,6.528746911670549
34.63793103448276,2.413793862068966,1.0,4.080023618325247,5.699545616374741,6.5124887182096085
34.63793103448276,2.758621413793104,0.0,4.985451202283545,6.1388217184392335,6.487102707121236
34.63793103448276,2.758621413793104,0.1111111111111111,4.821284968339053,6.06845901033104,6.526620698508243
34.63793103448276,2.758621413793104,0.2222222222222222,4.689300983085048,6.010023796045056,6.54368152077798
34.63793103448276,2.758621413793104,0.3333333333333333,4.5789649434930055,5.960679318408554,6.547784681908693
34.63793103448276,2.758621413793104,0.4444444444444444,4.483626213245039,5.918227005964242,6.544361028060353
34.63793103448276,2.758621413793104,0.5555555555555556,4.399138338838364,5.8810974836356396,6.536446862364783
34.63793103448276,2.758621413793104,0.6666666666666666,4.32282152133701,5.848172716451977,6.525789992081242
34.63793103448276,2.758621413793104,0.7777777777777777,4.2528666134088375,5.818640716119354,6.513436386110102
34.63793103448276,2.758621413793104,0.8888888888888888,4.188002089696096,5.791897693058062,6.50003524290079
34.63793103448276,2.758621413793104,1.0,4.127302705767314,5.767484297385076,6.486002203501765
34.63793103448276,3.103448965517242,0.0,4.985451202283545,6.15974000700064,6.451284520465639
34.63793103448276,3.103448965517242,0.1111111111111111,4.836016668086439,6.099319915561086,6.4860475722666315
34.63793103448276,3.103448965517242,0.2222222222222222,4.712607546710201,6.04779983141992,6.503157222064092
34.63793103448276,3.103448965517242,0.3333333333333333,4.607702626414294,6.003409804894859,6.509146600781919
34.63793103448276,3.103448965517242,0.4444444444444444,4.516153335794174,5.964645530721933,6.50818660974793
34.63793103448276,3.103448965517242,0.5555555555555556,4.43453980766235,5.930356519394551,6.502820129686642
34.63793103448276,3.103448965517242,0.6666666666666666,4.3605522908161145,5.89968161336342,6.494610010851712
34.63793103448276,3.103448965517242,0.7777777777777777,4.292582893664029,5.871972425278548,6.48454055948379
34.63793103448276,3.103448965517242,0.8888888888888888,4.229476458453007,5.846733579970178,6.473248853098816
34.63793103448276,3.103448965517242,1.0,4.170378675175202,5.82358022571909,6.461157859877803
34.63793103448276,3.44827651724138,0.0,4.985451202283545,6.17694024327358,6.420676652330302
34.63793103448276,3.44827651724138,0.1111111111111111,4.848459626464582,6.124326122277811,6.4512110363889
34.63793103448276,3.44827651724138,0.2222222222222222,4.732852220978326,6.078519229813408,6.4677367578005125
34.63793103448276,3.44827651724138,0.3333333333333333,4.633125090350371,6.038381155729679,6.474805666353817
34.63793103448276,3.44827651724138,0.4444444444444444,4.545271626574419,6.002868092079999,6.475595977713016
34.63793103448276,3.44827651724138,0.5555555555555556,4.466481617310488,5.971132110976468,6.472195413569647
34.63793103448276,3.44827651724138,0.6666666666666666,4.39477787745145,5.942509051277788,6.465964673506493
34.63793103448276,3.44827651724138,0.7777777777777777,4.328742288888916,5.916481443624953,6.457801620594084
34.63793103448276,3.44827651724138,0.8888888888888888,4.267333301434205,5.89264340830895,6.4483099833559905
34.63793103448276,3.44827651724138,1.0,4.209767695535057,5.870673045563509,6.4379038247660665
34.63793103448276,3.7931040689655178,0.0,4.985451202283545,6.1913425270842675,6.394200758908305
34.63793103448276,3.7931040689655178,0.1111111111111111,4.859077614084104,6.144978241900992,6.421037457930436
34.63793103448276,3.7931040689655178,0.2222222222222222,4.7505337904446785,6.1039344986374235,6.43664262890438
34.63793103448276,3.7931040689655178,0.3333333333333333,4.655692950568046,6.067458159970437,6.444234173859478
34.63793103448276,3.7931040689655178,0.4444444444444444,4.57141006552585,6.034813788861203,6.446229926246798
34.63793103448276,3.7931040689655178,0.5555555555555556,4.495376288252873,6.005371855245608,6.444323232603879
34.63793103448276,3.7931040689655178,0.6666666666666666,4.42590607771274,5.978618550980988,6.439677150571584
34.63793103448276,3.7931040689655178,0.7777777777777777,4.361755733989014,5.954140526407921,6.43309248227443
34.63793103448276,3.7931040689655178,0.8888888888888888,4.3019918192607935,5.931605310562346,6.425126934722135
34.63793103448276,3.7931040689655178,1.0,4.245900582749212,5.910743876916944,6.416174565549843
34.63793103448276,4.137931620689656,0.0,4.985451202283545,6.203584215267334,6.371060699297679
34.63793103448276,4.137931620689656,0.1111111111111111,4.868225654343559,6.162309458451639,6.394687532101551
34.63793103448276,4.137931620689656,0.2222222222222222,4.766064492500763,6.125272885133237,6.409215608734071
34.63793103448276,4.137931620689656,0.3333333333333333,4.675801553040034,6.091963246155777,6.41695382783643
34.63793103448276,4.137931620689656,0.4444444444444444,4.594941301024728,6.061854156942592,6.419745835020094
34.63793103448276,4.137931620689656,0.5555555555555556,4.5215818183673155,6.034474150598022,6.418955945774516
34.63793103448276,4.137931620689656,0.6666666666666666,4.4542886203673175,6.009423939964955,6.415565953253681
34.63793103448276,4.137931620689656,0.7777777777777777,4.391975045842876,5.986372646161905,6.4102785658231305
34.63793103448276,4.137931620689656,0.8888888888888888,4.333808388141604,5.965047722757882,6.403599292136328
34.63793103448276,4.137931620689656,1.0,4.279141362107116,5.945224332951878,6.395895290319969
34.63793103448276,4.482759172413794,0.0,4.985451202283545,6.2141214102128535,6.350654972602211
34.63793103448276,4.482759172413794,0.1111111111111111,4.8761773348141295,6.17705294371073,6.371501738606769
34.63793103448276,4.482759172413794,0.2222222222222222,4.779783410016421,6.143417188973199,6.384903351732766
34.63793103448276,4.482759172413794,0.3333333333333333,4.693788509597147,6.112858900395574,6.392540568661737
34.63793103448276,4.482759172413794,0.4444444444444444,4.616188722214795,6.084995396975514,6.395825906231307
34.63793103448276,4.482759172413794,0.5555555555555556,4.545409943191665,6.059470199945872,6.395855456892005
34.63793103448276,4.482759172413794,0.6666666666666666,4.480230918264097,6.0359712785534265,6.39345131869249
34.63793103448276,4.482759172413794,0.7777777777777777,4.419704107259066,6.014232937173535,6.389222980325428
34.63793103448276,4.482759172413794,0.8888888888888888,4.363089048353177,5.994031385126502,6.383622189587766
34.63793103448276,4.482759172413794,1.0,4.309800937303246,5.975178578974553,6.376985569777395
34.63793103448276,4.827586724137932,0.0,4.985451202283545,6.22328946569052,6.332520096389499
34.63793103448276,4.827586724137932,0.1111111111111111,4.88314532852922,6.189742586074028,6.350957931277315
34.63793103448276,4.827586724137932,0.2222222222222222,4.791969025736738,6.159017147995002,6.36324574887706
34.63793103448276,4.827586724137932,0.3333333333333333,4.709941104170445,6.130861042489696,6.370623863731025
34.63793103448276,4.827586724137932,0.4444444444444444,4.635432578846708,6.104991826273506,6.374181174161667
34.63793103448276,4.827586724137932,0.5555555555555556,4.567132623915446,6.081137257406173,6.3747981294358835
34.63793103448276,4.827586724137932,0.6666666666666666,4.503999440614081,6.059051936879903,6.373159781105533
34.63793103448276,4.827586724137932,0.7777777777777777,4.445207222902525,6.038521665094645,6.369790473197251
34.63793103448276,4.827586724137932,0.8888888888888888,4.390098814146691,6.019362244159825,6.365089681748084
34.63793103448276,4.827586724137932,1.0,4.338147292979879,6.001416184540268,6.359362251729331
34.63793103448276,5.17241427586207,0.0,4.985451202283545,6.231340667789467,6.316292810292343
34.63793103448276,5.17241427586207,0.1111111111111111,4.8892965615208315,6.200775937951388,6.332639171536561
34.63793103448276,5.17241427586207,0.2222222222222222,4.802850257733781,6.1725605749408485,6.343860222232003
34.63793103448276,5.17241427586207,0.3333333333333333,4.724503308038631,6.146512214849325,6.350882945290949
34.63793103448276,5.17241427586207,0.4444444444444444,4.652915441855736,6.122419372180273,6.3545525716326035
34.63793103448276,5.17241427586207,0.5555555555555556,4.586987365668846,6.100072021632394,6.355577503888238
34.63793103448276,5.17241427586207,0.6666666666666666,4.525827471067653,6.079275836882607,6.354527199984684
34.63793103448276,5.17241427586207,0.7777777777777777,4.4687155115201005,6.059857340798929,6.351850289935812
34.63793103448276,5.17241427586207,0.8888888888888888,4.415068741069149,6.041664465843208,6.347897312088768
34.63793103448276,5.17241427586207,1.0,4.3644132234721145,6.024565054218972,6.342941747301036
31.224137931034484,6.8965520344827596,0.0,4.878058709586501,6.179253693609534,6.2290255171586475
31.224137931034484,6.8965520344827596,0.1111111111111111,4.811562731132802,6.16009257860576,6.234616625240858
31.224137931034484,6.8965520344827596,0.2222222222222222,4.749732150860517,6.141991222280349,6.23825379980991
31.224137931034484,6.8965520344827596,0.3333333333333333,4.691992782503781,6.12488202300699,6.240212551245845
31.224137931034484,6.8965520344827596,0.4444444444444444,4.6378451954241084,6.108693036541593,6.240747147649416
31.224137931034484,6.8965520344827596,0.5555555555555556,4.586857558401188,6.093352729183766,6.240082654402447
31.224137931034484,6.8965520344827596,0.6666666666666666,4.538658275507336,6.078792729477572,6.2384133126546555
31.224137931034484,6.8965520344827596,0.7777777777777777,4.492928416243439,6.064949247087731,6.235904206305262
31.224137931034484,6.8965520344827596,0.8888888888888888,4.449394380378953,6.051763651595018,6.232694379452125
31.224137931034484,6.8965520344827596,1.0,4.407821163055644,6.039182549993401,6.228900375925732
31.224137931034484,7.2413795862068975,0.0,4.878058709586501,6.18457363737409,6.2189469910690995
31.224137931034484,7.2413795862068975,0.1111111111111111,4.814487833453798,6.166613274335475,6.223910272638504
31.224137931034484,7.2413795862068975,0.2222222222222222,4.755145761806727,6.14958548520343,6.227164700773111
31.224137931034484,7.2413795862068975,0.3333333333333333,4.699537411543571,6.133435441401584,6.228934453613385
31.224137931034484,7.2413795862068975,0.4444444444444444,4.647229669299174,6.118104268094814,6.229429592092369
31.224137931034484,7.2413795862068975,0.5555555555555556,4.597845221428241,6.103532806404802,6.228838964081836
31.224137931034484,7.2413795862068975,0.6666666666666666,4.551056629484249,6.089663897324797,6.22732805143615
31.224137931034484,7.2413795862068975,0.7777777777777777,4.506580406773929,6.076443649171683,6.225039549804904
31.224137931034484,7.2413795862068975,0.8888888888888888,4.464171286358966,6.063822038170608,6.222095292897829
31.224137931034484,7.2413795862068975,1.0,4.423616904562191,6.051753091297615,6.218598699755724
31.224137931034484,7.586207137931035,0.0,4.878058709586501,6.18944659684059,6.2096145526138615
31.224137931034484,7.586207137931035,0.1111111111111111,4.817169377246896,6.1725596189144625,6.214016661500386
31.224137931034484,7.586207137931035,0.2222222222222222,4.760130351359626,6.156498290441962,6.216917128411382
31.224137931034484,7.586207137931035,0.3333333333333333,4.7065115657378245,6.141217681243028,6.218499709819463
31.224137931034484,7.586207137931035,0.4444444444444444,4.655934920711013,6.126669182470341,6.218938954890255
31.224137931034484,7.586207137931035,0.5555555555555556,4.608068905526668,6.112803501965652,6.218393997048957
31.224137931034484,7.586207137931035,0.6666666666666666,4.562623714956575,6.099572555392975,6.217006214495133
31.224137931034484,7.586207137931035,0.7777777777777777,4.519346512741635,6.086930577582354,6.214899141513674
31.224137931034484,7.586207137931035,0.8888888888888888,4.478016880248301,6.074834704833097,6.212179579073239
31.224137931034484,7.586207137931035,1.0,4.4384425725327095,6.063245212237093,6.208939253736819
31.224137931034484,7.931034689655173,0.0,4.878058709586501,6.193926901328773,6.200947751197593
31.224137931034484,7.931034689655173,0.1111111111111111,4.819636199256825,6.178004153981776,6.204847209411213
31.224137931034484,7.931034689655173,0.2222222222222222,4.764733827408216,6.162816471635268,6.2074212328013125
31.224137931034484,7.931034689655173,0.3333333333333333,4.712975476469579,6.1483266817475,6.2088214795112044
31.224137931034484,7.931034689655173,0.4444444444444444,4.6640290465698175,6.134494316323309,6.209193794875126
31.224137931034484,7.931034689655173,0.5555555555555556,4.617601739209007,6.121278011382226,6.2086728378657
31.224137931034484,7.931034689655173,0.6666666666666666,4.573435953543171,6.108637072660232,6.207379750688771
31.224137931034484,7.931034689655173,0.7777777777777777,4.531305423150072,6.096532439125442,6.205421674183724
31.224137931034484,7.931034689655173,0.8888888888888888,4.491011544511714,6.084927226200757,6.202892309062241
31.224137931034484,7.931034689655173,1.0,4.4523799493735865,6.073786985521543,6.199873008673715
31.224137931034484,8.275862241379311,0.0,4.878058709586501,6.1980603823868154,6.192877371990499
31.224137931034484,8.275862241379311,0.1111111111111111,4.821912814783546,6.1830077191059205,6.196325657118253
31.224137931034484,8.275862241379311,0.2222222222222222,4.768997399339973,6.168612834394632,6.198599165125226
31.224137931034484,8.275862241379311,0.3333333333333333,4.718981501376016,6.154844699525479,6.199823864000103
31.224137931034484,8.275862241379311,0.4444444444444444,4.67157177231362,6.141669360158332,6.200122258191743
31.224137931034484,8.275862241379311,0.5555555555555556,4.626508325537428,6.129051870378854,6.199608766101632
31.224137931034484,8.275862241379311,0.6666666666666666,4.5835612358615645,6.11695759068824,6.198387504305224
31.224137931034484,8.275862241379311,0.7777777777777777,4.542527332932613,6.105353017721398,6.196551583377079
31.224137931034484,8.275862241379311,0.8888888888888888,4.503227194053927,6.094206279143261,6.194183303101813
31.224137931034484,8.275862241379311,1.0,4.465502342806361,6.083487396157122,6.19135484112276
31.224137931034484,8.620689793103448,0.0,4.878058709586501,6.2018859785434435,6.185343530017419
31.224137931034484,8.620689793103448,0.1111111111111111,4.82402018704301,6.187621716216248,6.188386017425658
31.224137931034484,8.620689793103448,0.2222222222222222,4.772956676284912,6.173948859343787,6.190383200808135
31.224137931034484,8.620689793103448,0.3333333333333333,4.724575314233438,6.160841292515184,6.191440334636602
31.224137931034484,8.620689793103448,0.4444444444444444,4.678615627276712,6.1482703172111615,6.191660833040993
31.224137931034484,8.620689793103448,0.5555555555555556,4.634845869269418,6.136206220221448,6.191142306012616
31.224137931034484,8.620689793103448,0.6666666666666666,4.593060001190397,6.124619352129407,6.189974509980834
31.224137931034484,8.620689793103448,0.7777777777777777,4.553074989111198,6.113480839090101,6.188238536908755
31.224137931034484,8.620689793103448,0.8888888888888888,4.514728305934038,6.102763026901383,6.186006770370995
31.224137931034484,8.620689793103448,1.0,4.4778756148525405,6.092439734637761,6.1833432877190795
31.224137931034484,8.965517344827587,0.0,4.878058709586501,6.20543698853902,6.1782941413098635
31.224137931034484,8.965517344827587,0.1111111111111111,4.825976340175029,6.1918898686145925,6.180970916034191
31.224137931034484,8.965517344827587,0.2222222222222222,4.776642563121477,6.1788768070502496,6.182714191189732
31.224137931034484,8.965517344827587,0.3333333333333333,4.729796896706772,6.166375653541527,6.183612404364083
31.224137931034484,8.965517344827587,0.4444444444444444,4.685206941140491,6.15436198428052,6.183753268636053
31.224137931034484,8.965517344827587,0.5555555555555556,4.642665143501192,6.142810381431169,6.183220377914993
31.224137931034484,8.965517344827587,0.6666666666666666,4.601986168947813,6.131695331785821,6.182091343912895
31.224137931034484,8.965517344827587,0.7777777777777777,4.563004594674768,6.120991836245164,6.18043694964068
31.224137931034484,8.965517344827587,0.8888888888888888,4.525572807376617,6.110675804348073,6.178320953763259
31.224137931034484,8.965517344827587,1.0,4.489559065887941,6.1007242926066985,6.175800291577178
31.224137931034484,9.310344896551724,0.0,4.878058709586501,6.208742059939578,6.171683686512081
31.224137931034484,9.310344896551724,0.1111111111111111,4.827796851180887,6.195849601259502,6.174030240797623
31.224137931034484,9.310344896551724,0.2222222222222222,4.780081994740114,6.183441372969922,6.175540281676124
31.224137931034484,9.310344896551724,0.3333333333333333,4.73468136684916,6.171498451931554,6.1762885044776885
31.224137931034484,9.310344896551724,0.4444444444444444,4.6913866895811855,6.159999917233558,6.176349639665667
31.224137931034484,9.310344896551724,0.5555555555555556,4.650011319322245,6.14892389993639,6.175795545555076
31.224137931034484,9.310344896551724,0.6666666666666666,4.610387943488723,6.138248334292331,6.1746935335380195
31.224137931034484,9.310344896551724,0.7777777777777777,4.572366591446651,6.127951479373763,6.173105529728094
31.224137931034484,9.310344896551724,0.8888888888888888,4.535812844421668,6.118012267329226,6.1710877875791645
31.224137931034484,9.310344896551724,1.0,4.500606197842632,6.108410523290537,6.168690949187707
31.224137931034484,9.655172448275863,0.0,4.878058709586501,6.211825976266297,6.165472203431879
31.224137931034484,9.655172448275863,0.1111111111111111,4.8294952474117725,6.199533134029446,6.16752003528726
31.224137931034484,9.655172448275863,0.2222222222222222,4.783298540488507,6.187681000221428,6.168815846503673
31.224137931034484,9.655172448275863,0.3333333333333333,4.739259673038888,6.176253299233131,6.169423033889302
31.224137931034484,9.655172448275863,0.4444444444444444,4.697191212956357,6.165232000967331,6.169405538151814
31.224137931034484,9.655172448275863,0.5555555555555556,4.656924678625208,6.154598186825955,6.16882535184496
31.224137931034484,9.655172448275863,0.6666666666666666,4.618308510365291,6.144332679831419,6.167741024729401
31.224137931034484,9.655172448275863,0.7777777777777777,4.581206339642005,6.134416491264653,6.166206859444985
31.224137931034484,9.655172448275863,0.8888888888888888,4.545495449365218,6.124831126807451,6.164272573182005
31.224137931034484,9.655172448275863,1.0,4.511065375806273,6.1155587869586965,6.161983263715723
31.224137931034484,10.0,0.0,4.878058709586501,6.214710289089016,6.159624460368419
31.224137931034484,10.0,0.1111111111111111,4.831083329843616,6.202968355176031,6.161401587138377
31.224137931034484,10.0,0.2222222222222222,4.7863129040119095,6.191628929587052,6.162500600070066
31.224137931034484,10.0,0.3333333333333333,4.743559176870917,6.180677924991355,6.162975553123795
31.224137931034484,10.0,0.4444444444444444,4.702652828145309,6.170099712976163,6.16288137593029
31.224137931034484,10.0,0.5555555555555556,4.663441227288263,6.159877842188855,6.162271734546409
31.224137931034484,10.0,0.6666666666666666,4.625786639516469,6.149995568741132,6.1611977038033094
31.224137931034484,10.0,0.7777777777777777,4.589564708840485,6.140436239055489,6.159707011285672
31.224137931034484,10.0,0.8888888888888888,4.55466312191427,6.131183558317071,6.157843675529704
31.224137931034484,10.0,1.0,4.520980403633566,6.12222177157764,6.1556479086643225
32.93103448275862,1e-06,0.0,,,
32.93103448275862,1e-06,0.1111111111111111,4.4893959362927705,3.0457316658440647,7.230573085786291
32.93103448275862,1e-06,0.2222222222222222,4.288489840478147,3.045736694738154,7.110875315258516
32.93103448275862,1e-06,0.3333333333333333,4.139496865117901,3.0457389218929456,7.023934208131086
32.93103448275862,1e-06,0.4444444444444444,4.0157856807134324,3.045740460548542,6.95351498708743
32.93103448275862,1e-06,0.5555555555555556,3.9074390432481434,3.045741954261675,6.893359200086459
32.93103448275862,1e-06,0.6666666666666666,3.809582030725123,3.045737609123051,6.840310310601092
32.93103448275862,1e-06,0.7777777777777777,3.7194502237910023,3.045739496722642,6.792527043260644
32.93103448275862,1e-06,0.8888888888888888,3.635340674790365,3.045739043420605,6.748830621217708
32.93103448275862,1e-06,1.0,3.556154986761023,3.0457440572714565,6.708415599792842
32.93103448275862,0.34482855172413795,0.0,4.933410671733785,5.237836025509772,7.166366475166213
32.93103448275862,0.34482855172413795,0.1111111111111111,4.55560417503663,4.843136957464576,7.084362721771212
34.63793103448276,5.517241827586208,0.0,4.985451202283545,6.238468576550264,6.301684144924135
34.63793103448276,5.517241827586208,0.1111111111111111,4.89476336432712,6.210454857468879,6.316209555584834
34.63793103448276,5.517241827586208,0.2222222222222222,4.81261577587962,6.184420178171872,6.326428407867863
34.63793103448276,5.517241827586208,0.3333333333333333,4.737682191777721,6.160230317968775,6.33304165447392
34.63793103448276,5.517241827586208,0.4444444444444444,4.668847117128119,6.1377247536733295,6.336710112798396
34.63793103448276,5.517241827586208,0.5555555555555556,4.605181717376135,6.116739824746228,6.338005396659591
34.63793103448276,5.517241827586208,0.6666666666666666,4.545919744868337,6.097120542561876,6.3374005519467485
34.63793103448276,5.517241827586208,0.7777777777777777,4.490431916002681,6.078725702050127,6.335278113212633
34.63793103448276,5.517241827586208,0.8888888888888888,4.438201394341661,6.0614293207738985,6.331943984540571
34.63793103448276,5.517241827586208,1.0,4.388802279986132,6.045120229017345,6.3276417698676655
34.63793103448276,5.862069379310346,0.0,4.985451202283545,6.244824248842361,6.288461201881886
34.63793103448276,5.862069379310346,0.1111111111111111,4.899651681031795,6.219012506344994,6.301396065306686
34.63793103448276,5.862069379310346,0.2222222222222222,4.821421670440023,6.194885183468218,6.310684720243533
34.63793103448276,5.862069379310346,0.3333333333333333,4.749653616470919,6.172341916343821,6.316862906164124
34.63793103448276,5.862069379310346,0.4444444444444444,4.683409049851249,6.151259296108804,6.320450985417095
34.63793103448276,5.862069379310346,0.5555555555555556,4.6218971554828,6.13150853674552,6.321911881207962
34.63793103448276,5.862069379310346,0.6666666666666666,4.56445628138172,6.112965120911909,6.321638782968608
34.63793103448276,5.862069379310346,0.7777777777777777,4.510535222664065,6.095513497607774,6.319957259049795
34.63793103448276,5.862069379310346,0.8888888888888888,4.459675162526822,6.079048889620403,6.317133252536829
34.63793103448276,5.862069379310346,1.0,4.411493421168472,6.063477519236772,6.313382608389482
34.63793103448276,6.206896931034484,0.0,4.985451202283545,6.250527345362641,6.2764340809624235
34.63793103448276,6.206896931034484,0.1111111111111111,4.904047142830246,6.226631739901062,6.287974891903056
34.63793103448276,6.206896931034484,0.2222222222222222,4.829397667526514,6.204183177590497,6.296406817390235
34.63793103448276,6.206896931034484,0.3333333333333333,4.760567173181593,6.183105510339558,6.302143341154839
34.63793103448276,6.206896931034484,0.4444444444444444,4.6967582361537294,6.163302718451127,6.305597104083885
34.63793103448276,6.206896931034484,0.5555555555555556,4.637292470158114,6.1446724954896865,6.307144549605051
34.63793103448276,6.206896931034484,0.6666666666666666,4.581595615309522,6.1271140742791195,6.307112981937432
34.63793103448276,6.206896931034484,0.7777777777777777,4.529183353758509,6.110532374550901,6.305779297962517
34.63793103448276,6.206896931034484,0.8888888888888888,4.479647724392404,6.094839893062979,6.30337413688926
34.63793103448276,6.206896931034484,1.0,4.432644708681251,6.079957276759434,6.300088014457296
34.63793103448276,6.551724482758622,0.0,4.985451202283545,6.2556739156651515,6.265446325126566
34.63793103448276,6.551724482758622,0.1111111111111111,4.908019594192222,6.233457915869363,6.275761066327204
34.63793103448276,6.551724482758622,0.2222222222222222,4.836652122649702,6.212495501783495,6.283407781208749
34.63793103448276,6.551724482758622,0.3333333333333333,4.770550400008066,6.192728113879792,6.288708444774468
34.63793103448276,6.551724482758622,0.4444444444444444,4.7090306612387565,6.174080198568244,6.291992483725278
34.63793103448276,6.551724482758622,0.5555555555555556,4.651506728172998,6.156469742908151,6.29356735202124
34.63793103448276,6.551724482758622,0.6666666666666666,4.597477559210771,6.139814612450075,6.293706089886864
34.63793103448276,6.551724482758622,0.7777777777777777,4.54651611248936,6.124036132324923,6.292644248858472
34.63793103448276,6.551724482758622,0.8888888888888888,4.498258883580473,6.109060908460123,6.290581574935656
34.63793103448276,6.551724482758622,1.0,4.4523962898952485,6.094821569037436,6.2876857769294165
34.63793103448276,6.8965520344827596,0.0,4.985451202283545,6.260341968693348,6.255367820395246
34.63793103448276,6.8965520344827596,0.1111111111111111,4.911626494262667,6.239607995226106,6.264600538022094
34.63793103448276,6.8965520344827596,0.2222222222222222,4.843276015533825,6.2199682958034295,6.271529760754321
34.63793103448276,6.8965520344827596,0.3333333333333333,4.779712340825321,6.201377266692695,6.276408239432835
34.63793103448276,6.8965520344827596,0.4444444444444444,4.720344292481605,6.183774827529186,6.279500652430445
34.63793103448276,6.8965520344827596,0.5555555555555556,4.664661864424027,6.167094659965206,6.281059224836567
34.63793103448276,6.8965520344827596,0.6666666666666666,4.612225586523602,6.15126934545722,6.281312311975123
34.63793103448276,6.8965520344827596,0.7777777777777777,4.562657503719296,6.136233418349051,6.280460469023795
34.63793103448276,6.8965520344827596,0.8888888888888888,4.515632921840439,6.12192504499693,6.2786765905423225
34.63793103448276,6.8965520344827596,1.0,4.470872840493771,6.108286824927536,6.276108050385463
34.63793103448276,7.2413795862068975,0.0,4.985451202283545,6.264595532485885,6.246089441269614
34.63793103448276,7.2413795862068975,0.1111111111111111,4.914915495928315,6.245177125175187,6.254364074785769
34.63793103448276,7.2413795862068975,0.2222222222222222,4.849346142285873,6.226720550639329,6.260638825611387
34.63793103448276,7.2413795862068975,0.3333333333333333,4.788146525096007,6.209189872282432,6.265113562626424
34.63793103448276,7.2413795862068975,0.4444444444444444,4.730801664094932,6.192536837319161,6.2680022258463595
34.63793103448276,7.2413795862068975,0.5555555555555556,4.676864943416708,6.176707372429323,6.269512649342229
34.63793103448276,7.2413795862068975,0.6666666666666666,4.625948897912029,6.16164575975814,6.269836356734331
34.63793103448276,7.2413795862068975,0.7777777777777777,4.577717716736808,6.147297221924258,6.269144338763828
34.63793103448276,7.2413795862068975,0.8888888888888888,4.531880577900243,6.133609430514818,6.267586260174191
34.63793103448276,7.2413795862068975,1.0,4.488185591337813,6.1205333033759,6.265291494758457
34.63793103448276,7.586207137931035,0.0,4.985451202283545,6.268487661685181,6.237518958271203
34.63793103448276,7.586207137931035,0.1111111111111111,4.9179264192043215,6.250243478426966,6.244942526008697
34.63793103448276,7.586207137931035,0.2222222222222222,4.854927668718225,6.2328500671200215,6.250620802986975
34.63793103448276,7.586207137931035,0.3333333333333333,4.795933450740992,6.216278790753747,6.254712893001365
34.63793103448276,7.586207137931035,0.4444444444444444,4.74049209514546,6.200490530918502,6.257392702739833
34.63793103448276,7.586207137931035,0.5555555555555556,4.688210126824533,6.185440848924603,6.2588322316516
34.63793103448276,7.586207137931035,0.6666666666666666,4.638744217744108,6.171083392248352,6.2591925917287705
34.63793103448276,7.586207137931035,0.7777777777777777,4.591794832230997,6.157372075864086,6.258619816619588
34.63793103448276,7.586207137931035,0.8888888888888888,4.547100729146822,6.144262416089194,6.2572435360404075
34.63793103448276,7.586207137931035,1.0,4.504434029988411,6.131712288764371,6.255177274347316
34.63793103448276,7.931034689655173,0.0,4.985451202283545,6.272062698622609,6.229577872013866
34.63793103448276,7.931034689655173,0.1111111111111111,4.920692774833792,6.254871863165956,6.236243114164775
34.63793103448276,7.931034689655173,0.2222222222222222,4.860076177683792,6.238437924627408,6.241377906960778
34.63793103448276,7.931034689655173,0.3333333333333333,4.803142647422112,6.2227378190230125,6.245109665746088
34.63793103448276,7.931034689655173,0.4444444444444444,4.7494935841005645,6.207739550744594,6.247580501943509
34.63793103448276,7.931034689655173,0.5555555555555556,4.69878038022561,6.193406323264111,6.2489333577329
34.63793103448276,7.931034689655173,0.6666666666666666,4.6506973575824,6.179699329193548,6.249304176868098
34.63793103448276,7.931034689655173,0.7777777777777777,4.604976299658945,6.166579588944542,6.248817921703083
34.63793103448276,7.931034689655173,0.8888888888888888,4.561381832764301,6.154009118552472,6.247586974322693
34.63793103448276,7.931034689655173,1.0,4.51970734340061,6.1419516310468705,6.245710955636888
34.63793103448276,8.275862241379311,0.0,4.985451202283545,6.275357996030464,6.222198936878315
34.63793103448276,8.275862241379311,0.1111111111111111,4.923242950985178,6.259116452178577,6.228186507913767
34.63793103448276,8.275862241379311,0.2222222222222222,4.864839316331388,6.243551874023456,6.232826002698072
34.63793103448276,8.275862241379311,0.3333333333333333,4.8098343894467455,6.228645496452109,6.236220012653079
34.63793103448276,8.275862241379311,0.4444444444444444,4.75787442197865,6.214370928611151,6.238485238005136
34.63793103448276,8.275862241379311,0.5555555555555556,4.708648949851984,6.200697482569741,6.239740952569428
34.63793103448276,8.275862241379311,0.6666666666666666,4.661884577130081,6.187592468394615,6.240102215545072
34.63793103448276,8.275862241379311,0.7777777777777777,4.61734022051677,6.175022744491086,6.239676183895953
34.63793103448276,8.275862241379311,0.8888888888888888,4.574803168811065,6.162955733916939,6.238560405222958
34.63793103448276,8.275862241379311,1.0,4.534085651429751,6.1513600618491235,6.236842335392941
34.63793103448276,8.620689793103448,0.0,4.985451202283546,6.278405245559003,6.215324204432527
34.63793103448276,8.620689793103448,0.1111111111111111,4.9256011454000665,6.2630228714093965,6.220704494089099
34.63793103448276,8.620689793103448,0.2222222222222222,4.869258126866991,6.2482489431838655,6.2248923788654045
34.63793103448276,8.620689793103448,0.3333333333333333,4.8160611181798885,6.234068043960873,6.227970864270412
34.63793103448276,8.620689793103448,0.4444444444444444,4.765694563275846,6.220458230885551,6.2300362203731
34.63793103448276,8.620689793103448,0.5555555555555556,4.7178806377390785,6.207393734754205,6.231188355502416
34.63793103448276,8.620689793103448,0.6666666666666666,4.672373768594736,6.194846856194366,6.231524948388332
34.63793103448276,8.620689793103448,0.7777777777777777,4.6289564657259765,6.182789274565015,6.231138090250267
34.63793103448276,8.620689793103448,0.8888888888888888,4.587435917838062,6.171192929312844,6.230112572187163
34.63793103448276,8.620689793103448,1.0,4.547641068792724,6.16003059267717,6.2285252235740804
34.63793103448276,8.965517344827587,0.0,4.985451202283545,6.281231513689106,6.208903463110554
34.63793103448276,8.965517344827587,0.1111111111111111,4.927788103553721,6.266629816305563,6.213738112208596
34.63793103448276,8.965517344827587,0.2222222222222222,4.873368126446761,6.252577458959256,6.217513927019822
34.63793103448276,8.965517344827587,0.3333333333333333,4.821868624658998,6.2390616563239725,6.220298357370919
34.63793103448276,8.965517344827587,0.4444444444444444,4.773006790013558,6.22606402403453,6.222171155064572
34.63793103448276,8.965517344827587,0.5555555555555556,4.726532901349165,6.213562781281375,6.223216313737612
34.63793103448276,8.965517344827587,0.6666666666666666,4.682225487043906,6.201534324236897,6.223517003555458
34.63793103448276,8.965517344827587,0.7777777777777777,4.639887650189159,6.1899543331939855,6.223152546486554
34.63793103448276,8.965517344827587,0.8888888888888888,4.599344098659076,6.178798535494021,6.2221967601065815
34.63793103448276,8.965517344827587,1.0,4.560438624521538,6.168043216112668,6.220717199773538
34.63793103448276,9.310344896551724,0.0,4.985451202283545,6.283860057716013,6.202892983214002
34.63793103448276,9.310344896551724,0.1111111111111111,4.929821707736322,6.269970315684194,6.207236148969633
32.93103448275862,7.931034689655173,0.6666666666666666,4.613567511450226,6.14524454462755,6.229244408963662
32.93103448275862,7.931034689655173,0.7777777777777777,4.569621618650117,6.1326075307807315,6.228013135228967
32.93103448275862,7.931034689655173,0.8888888888888888,4.527659102716461,6.12049661009812,6.226123439995766
32.93103448275862,7.931034689655173,1.0,4.487489288672991,6.108876200341551,6.223666208515612
32.93103448275862,8.275862241379311,0.0,4.933410671733785,6.237974148765583,6.208408314942265
32.93103448275862,8.275862241379311,0.1111111111111111,4.874208967931757,6.222285899319967,6.2131504066588725
32.93103448275862,8.275862241379311,0.2222222222222222,4.818522750865343,6.207269414152362,6.216618990758007
32.93103448275862,8.275862241379311,0.3333333333333333,4.765985765679482,6.192898964376366,6.218932372130413
32.93103448275862,8.275862241379311,0.4444444444444444,4.71627558352767,6.179143771355985,6.220212915378837
32.93103448275862,8.275862241379311,0.5555555555555556,4.669107502473348,6.165970558248974,6.220579369579231
32.93103448275862,8.275862241379311,0.6666666666666666,4.62422998065163,6.153345300272893,6.220142631116539
32.93103448275862,8.275862241379311,0.7777777777777777,4.581420836001172,6.141234387011464,6.219003726717456
32.93103448275862,8.275862241379311,0.8888888888888888,4.540483874072054,6.12960536020215,6.217253182001714
32.93103448275862,8.275862241379311,1.0,4.5012458238447595,6.1184273514084175,6.214971212441735
32.93103448275862,8.620689793103448,0.0,4.933410671733785,6.241394001779644,6.201195536396679
32.93103448275862,8.620689793103448,0.1111111111111111,4.876443427077478,6.226532168519621,6.205430340869165
32.93103448275862,8.620689793103448,0.2222222222222222,4.822714976630509,6.212274198094072,6.208535276350181
32.93103448275862,8.620689793103448,0.3333333333333333,4.771900390913734,6.198598598486697,6.210607994060613
32.93103448275862,8.620689793103448,0.4444444444444444,4.723712761391185,6.18547951596689,6.211750789285407
32.93103448275862,8.620689793103448,0.5555555555555556,4.6778978290767705,6.172888803323663,6.212064137593711
32.93103448275862,8.620689793103448,0.6666666666666666,4.6342299759264485,6.160797467526112,6.211642957451808
32.93103448275862,8.620689793103448,0.7777777777777777,4.592508947393857,6.149176655747925,6.21057467667418
32.93103448275862,8.620689793103448,0.8888888888888888,4.552556995695685,6.137998302392213,6.208938459763358
32.93103448275862,8.620689793103448,1.0,4.514216312047498,6.127235531496955,6.20680515329782
32.93103448275862,8.965517344827587,0.0,4.933410671733785,6.244567123914223,6.194453003931346
32.93103448275862,8.965517344827587,0.1111111111111111,4.878516492715572,6.2304565744724325,6.198231353392177
32.93103448275862,8.965517344827587,0.2222222222222222,4.826615828410683,6.216891266609731,6.201003470295961
32.93103448275862,8.965517344827587,0.3333333333333333,4.777418974457742,6.203853096984331,6.202850391605726
32.93103448275862,8.965517344827587,0.4444444444444444,4.730669403846412,6.19132019073602,6.203858035355985
32.93103448275862,8.965517344827587,0.5555555555555556,4.686139038267059,6.1792685884130485,6.2041117461679125
32.93103448275862,8.965517344827587,0.6666666666666666,4.643624715345439,6.16767344812651,6.20369301677368
32.93103448275862,8.965517344827587,0.7777777777777777,4.602945334994787,6.1565098825736095,6.2026776803834345
32.93103448275862,8.965517344827587,0.8888888888888888,4.5639394093381265,6.145753523911472,6.201135074908572
32.93103448275862,8.965517344827587,1.0,4.526462884489548,6.135380888724702,6.199127829129985
32.93103448275862,9.310344896551724,0.0,4.933410671733785,6.24751936882018,6.188135958693569
32.93103448275862,9.310344896551724,0.1111111111111111,4.8804449148089555,6.234094278430996,6.1915026648834735
32.93103448275862,9.310344896551724,0.2222222222222222,4.830254236683281,6.22116353026052,6.193970061673071
32.93103448275862,9.310344896551724,0.3333333333333333,4.782579159800737,6.208711754953378,6.195605734177172
32.93103448275862,9.310344896551724,0.4444444444444444,4.7371893081867285,6.196720316899246,6.196482163210011
32.93103448275862,9.310344896551724,0.5555555555555556,4.693879244295755,6.1851686982602265,6.196672111149154
32.93103448275862,9.310344896551724,0.6666666666666666,4.652465346367776,6.174035501303799,6.196245755292152
32.93103448275862,9.310344896551724,0.7777777777777777,4.612783305287388,6.163299159921069,6.1952690252152225
32.93103448275862,9.310344896551724,0.8888888888888888,4.5746860013900355,6.152938431495283,6.193802754089128
32.93103448275862,9.310344896551724,1.0,4.538041636262114,6.142932724889126,6.191902366064102
32.93103448275862,9.655172448275863,0.0,4.933410671733785,6.2502730900676,6.182205173035301
32.93103448275862,9.655172448275863,0.1111111111111111,4.882243220866883,6.237475511509363,6.185199851327544
32.93103448275862,9.655172448275863,0.2222222222222222,4.833655485100819,6.225127844998124,6.187388101138767
32.93103448275862,9.655172448275863,0.3333333333333333,4.787414084279102,6.213216945123684,6.188826549876539
32.93103448275862,9.655172448275863,0.4444444444444444,4.743311284535373,6.201726832532294,6.189576596249229
32.93103448275862,9.655172448275863,0.5555555555555556,4.701161331176255,6.190639835760719,6.1897004962785545
32.93103448275862,9.655172448275863,0.6666666666666666,4.660797682127877,6.1799374303376915,6.189258860972661
32.93103448275862,9.655172448275863,0.7777777777777777,4.622070799495291,6.1696008447430035,6.18830914356526
32.93103448275862,9.655172448275863,0.8888888888888888,4.584846293724018,6.159611488155844,6.186904809308672
32.93103448275862,9.655172448275863,1.0,4.5490033056509835,6.1499512433883705,6.185094966120034
32.93103448275862,10.0,0.0,4.933410671733785,6.252847715502804,6.176626118159451
32.93103448275862,10.0,0.1111111111111111,4.883924069691622,6.24062640787131,6.179283885814634
32.93103448275862,10.0,0.2222222222222222,4.836841757340394,6.228816036369349,6.181216246305064
32.93103448275862,10.0,0.3333333333333333,4.791953014270475,6.217405278702338,6.18247085010268
32.93103448275862,10.0,0.4444444444444444,4.749069817713959,6.206380348672411,6.183099911157792
32.93103448275862,10.0,0.5555555555555556,4.7080236096007955,6.195725943150938,6.183156877133685
32.93103448275862,10.0,0.6666666666666666,4.6686628407062205,6.185425947320244,6.182694246431551
32.93103448275862,10.0,0.7777777777777777,4.630851013257415,6.175463951858914,6.1817622018533775
32.93103448275862,10.0,0.8888888888888888,4.594465047201848,6.165823624798907,6.180407817736443
32.93103448275862,10.0,1.0,4.559393867054727,6.156488972071793,6.178674662641957
34.63793103448276,1e-06,0.0,,,
34.63793103448276,1e-06,0.1111111111111111,4.503740086160624,3.045728974035685,7.284086802575049
34.63793103448276,1e-06,0.2222222222222222,4.296762466567117,3.0457330906685893,7.158435077051172
34.63793103448276,1e-06,0.3333333333333333,4.144351224503657,3.045737769751481,7.067936710461684
34.63793103448276,1e-06,0.4444444444444444,4.018272786115458,3.045739518820131,6.994937891266697
34.63793103448276,1e-06,0.5555555555555556,3.90814541635782,3.0457365761401136,6.932740903957085
34.63793103448276,1e-06,0.6666666666666666,3.8089018341527185,3.0457371949019887,6.877995581780862
34.63793103448276,1e-06,0.7777777777777777,3.717684434603207,3.0457424918807847,6.828757791332852
34.63793103448276,1e-06,0.8888888888888888,3.632742610431206,3.0457389653410414,6.783787278681485
34.63793103448276,1e-06,1.0,3.5529546713552262,3.0457386751928714,6.742238713709614
34.63793103448276,0.34482855172413795,0.0,4.985451202283545,5.353925054674932,7.200373954134391
34.63793103448276,0.34482855172413795,0.1111111111111111,4.576226872879893,4.91686423756825,7.129216626821287
34.63793103448276,0.34482855172413795,0.2222222222222222,4.375932063017358,4.729333491860232,7.048221863941902
34.63793103448276,0.34482855172413795,0.3333333333333333,4.228119376178888,4.60593670919149,6.9806110139327
34.63793103448276,0.34482855172413795,0.4444444444444444,4.10620625408456,4.513825331941638,6.922343658176505
34.63793103448276,0.34482855172413795,0.5555555555555556,4.000088254504568,4.440525021859256,6.870769406168027
34.63793103448276,0.34482855172413795,0.6666666666666666,3.904747519578965,4.379871114054947,6.824231708031407
34.63793103448276,0.34482855172413795,0.7777777777777777,3.817307723242661,4.328339914887968,6.781638572340606
34.63793103448276,0.34482855172413795,0.8888888888888888,3.73596723339671,4.283718452318238,6.742232152890281
34.63793103448276,0.34482855172413795,1.0,3.6595307615020913,4.244521409555943,6.7054637511009725
34.63793103448276,0.689656103448276,0.0,4.985451202283545,5.717578406097203,6.979584951692454
34.63793103448276,0.689656103448276,0.1111111111111111,4.635985948007114,5.425580401609437,6.993198237002989
34.63793103448276,0.689656103448276,0.2222222222222222,4.443804675002955,5.274345291432812,6.947295055103358
34.63793103448276,0.689656103448276,0.3333333333333333,4.300676318507629,5.170960624238407,6.899281373611425
34.63793103448276,0.689656103448276,0.4444444444444444,4.182603946443574,5.092456792255929,6.854048480882284
34.63793103448276,0.689656103448276,0.5555555555555556,4.080015702692329,5.029358875188396,6.8120246512067535
34.63793103448276,0.689656103448276,0.6666666666666666,3.988052904314546,4.976786277572126,6.772928144911887
34.63793103448276,0.689656103448276,0.7777777777777777,3.903889586872306,4.931877931381602,6.736384642147968
34.63793103448276,0.689656103448276,0.8888888888888888,3.825731678558809,4.892806400894626,6.702052269936483
34.63793103448276,0.689656103448276,1.0,3.7523696997250044,4.858330463139352,6.669642292062586
34.63793103448276,1.034483655172414,0.0,4.985451202283545,5.879347529911952,6.831728503706452
34.63793103448276,1.034483655172414,0.1111111111111111,4.684752013561795,5.669069405817703,6.877026876112815
34.63793103448276,1.034483655172414,0.2222222222222222,4.5019887095293525,5.5430831430140275,6.856490445661005
34.63793103448276,1.034483655172414,0.3333333333333333,4.363816472442556,5.453064064538528,6.824483128192422
34.63793103448276,1.034483655172414,0.4444444444444444,4.249464767161332,5.383139679156581,6.790433336268607
34.63793103448276,1.034483655172414,0.5555555555555556,4.150113148414868,5.326117761593412,6.756814025694258
34.63793103448276,1.034483655172414,0.6666666666666666,4.061154473443436,5.278106930082604,6.724362646081648
34.63793103448276,1.034483655172414,0.7777777777777777,3.979863190951304,5.236754821853632,6.693270080073408
34.63793103448276,1.034483655172414,0.8888888888888888,3.904487269286324,5.200526824062411,6.663534820100167
34.63793103448276,1.034483655172414,1.0,3.8338321694069006,5.1683644006773575,6.635086500033355
34.63793103448276,1.3793112068965518,0.0,4.985451202283545,5.973229490005307,6.72525104440268
34.63793103448276,1.3793112068965518,0.1111111111111111,4.724291044894201,5.81433939494202,6.779557035578567
34.63793103448276,1.3793112068965518,0.2222222222222222,4.551821114000711,5.708257982591537,6.775970458350331
34.63793103448276,1.3793112068965518,0.3333333333333333,4.418922900884399,5.62916931794169,6.7564476526292205
34.63793103448276,1.3793112068965518,0.4444444444444444,4.308290733554864,5.56629243560655,6.731702266374516
34.63793103448276,1.3793112068965518,0.5555555555555556,4.212013305675427,5.5142365085518215,6.70531927169855
34.63793103448276,1.3793112068965518,0.6666666666666666,4.1258099453091495,5.469923739790017,6.6787079405090735
34.63793103448276,1.3793112068965518,0.7777777777777777,4.047095577136725,5.431428972235034,6.652469387677255
36.3448275862069,2.758621413793104,0.4444444444444444,4.507704505496541,5.958149847459684,6.568149899771351
36.3448275862069,2.758621413793104,0.5555555555555556,4.420172856901256,5.919482624669769,6.561751794558151
36.3448275862069,2.758621413793104,0.6666666666666666,4.341371613530843,5.885246106090194,6.552089715099989
36.3448275862069,2.758621413793104,0.7777777777777777,4.269336824409784,5.854580532787583,6.5403871777380305
36.3448275862069,2.758621413793104,0.8888888888888888,4.20269528087494,5.826846082141822,6.527403710655773
36.3448275862069,2.758621413793104,1.0,4.140452561243478,5.801556179064085,6.513625830596227
36.3448275862069,3.103448965517242,0.0,5.034553680724625,6.207059843191333,6.455277566475489
36.3448275862069,3.103448965517242,0.1111111111111111,4.876890666508405,6.14429145419489,6.497399517153452
36.3448275862069,3.103448965517242,0.2222222222222222,4.7471744126487865,6.090592049930018,6.519691587505014
36.3448275862069,3.103448965517242,0.3333333333333333,4.637436347679551,6.044302600310628,6.529194794341839
36.3448275862069,3.103448965517242,0.4444444444444444,4.542103938576267,6.003909361035903,6.530615156067386
36.3448275862069,3.103448965517242,0.5555555555555556,4.4574483160911,5.968221161874876,6.52687650429676
36.3448275862069,3.103448965517242,0.6666666666666666,4.380951778267827,5.9363351157148,6.5197892437216005
36.3448275862069,3.103448965517242,0.7777777777777777,4.310867398597451,5.907567590611913,6.51049668855439
36.3448275862069,3.103448965517242,0.8888888888888888,4.245945370269863,5.881395080310377,6.499739513514505
36.3448275862069,3.103448965517242,1.0,4.1852653166817255,5.857410620857443,6.488009698862049
36.3448275862069,3.44827651724138,0.0,5.034553680724625,6.222517667349871,6.425434625957687
36.3448275862069,3.44827651724138,0.1111111111111111,4.890198989494118,6.167947224395999,6.46217467788752
36.3448275862069,3.44827651724138,0.2222222222222222,4.768764123449568,6.120283701003594,6.483332639175695
36.3448275862069,3.44827651724138,0.3333333333333333,4.664431320802239,6.078484349462313,6.493721347676184
36.3448275862069,3.44827651724138,0.4444444444444444,4.572888879345032,6.041514338450876,6.496870914834147
36.3448275862069,3.44827651724138,0.5555555555555556,4.491085010220187,6.008504730908844,6.495153218832783
36.3448275862069,3.44827651724138,0.6666666666666666,4.416868468295219,5.978764075604522,6.490130304249268
36.3448275862069,3.44827651724138,0.7777777777777777,4.348698797600164,5.951749403352684,6.48283771364114
36.3448275862069,3.44827651724138,0.8888888888888888,4.285448086620461,5.927033195841027,6.473973181685494
36.3448275862069,3.44827651724138,1.0,4.226271195746688,5.904275811841957,6.464015707373244
36.3448275862069,3.7931040689655178,0.0,5.034553680724625,6.235442290753458,6.399709252515367
36.3448275862069,3.7931040689655178,0.1111111111111111,4.901522689035467,6.187417713072445,6.431830869895038
36.3448275862069,3.7931040689655178,0.2222222222222222,4.787581709579899,6.144772596070594,6.4515650240460864
36.3448275862069,3.7931040689655178,0.3333333333333333,4.688367160485375,6.106833420657504,6.46225275433888
36.3448275862069,3.7931040689655178,0.4444444444444444,4.6005090945199445,6.072881694071485,6.466539747594611
36.3448275862069,3.7931040689655178,0.5555555555555556,4.5215101602113394,6.04227893122106,6.466327150855112
36.3448275862069,3.7931040689655178,0.6666666666666666,4.449540849426118,6.014494146569259,6.462937884138666
36.3448275862069,3.7931040689655178,0.7777777777777777,4.383251455160116,5.989095897600836,6.4572888713561785
36.3448275862069,3.7931040689655178,0.8888888888888888,4.321631000233393,5.965735296086887,6.4500208358287585
36.3448275862069,3.7931040689655178,1.0,4.263908611918315,5.94412923705915,6.441587278899493
36.3448275862069,4.137931620689656,0.0,5.034553680724625,6.246413875986958,6.377292473579225
36.3448275862069,4.137931620689656,0.1111111111111111,4.911255174945639,6.2037079746156865,6.405461167558599
36.3448275862069,4.137931620689656,0.2222222222222222,4.804078673776348,6.165274529050065,6.42366927317569
36.3448275862069,4.137931620689656,0.3333333333333333,4.709668489672669,6.130667822591748,6.434271854420921
36.3448275862069,4.137931620689656,0.4444444444444444,4.6253578460315685,6.099381039838478,6.439257685068627
36.3448275862069,4.137931620689656,0.5555555555555556,4.549096730622886,6.070940911735679,6.44014083363529
36.3448275862069,4.137931620689656,0.6666666666666666,4.47933219879897,6.044937906183157,6.438027748422368
36.3448275862069,4.137931620689656,0.7777777777777777,4.414886677523483,6.021028573854625,6.433717099740653
36.3448275862069,4.137931620689656,0.8888888888888888,4.354858694816542,5.998928074849298,6.427786137353829
36.3448275862069,4.137931620689656,1.0,4.298548944601221,5.978400512055065,6.420655237956039
36.3448275862069,4.482759172413794,0.0,5.034553680724625,6.25584693728092,6.357576647516872
36.3448275862069,4.482759172413794,0.1111111111111111,4.919697760439164,6.2175284602851795,6.382359176241602
36.3448275862069,4.482759172413794,0.2222222222222222,4.8186259226939985,6.182661765661907,6.399045486066328
36.3448275862069,4.482759172413794,0.3333333333333333,4.7286990290815805,6.150945514742286,6.40931982653309
36.3448275862069,4.482759172413794,0.4444444444444444,4.647778129490535,6.122016614083291,6.414685055975363
36.3448275862069,4.482759172413794,0.5555555555555556,4.574171191110937,6.09552086556404,6.416343910989584
36.3448275862069,4.482759172413794,0.6666666666666666,4.506559415654243,6.071140657943843,6.415214371565872
36.3448275862069,4.482759172413794,0.7777777777777777,4.443917736160944,6.048601777403567,6.411983983851864
36.3448275862069,4.482759172413794,0.8888888888888888,4.385445233870942,6.027671348049314,6.407165433649578
36.3448275862069,4.482759172413794,1.0,4.3305102006879395,6.008152717349359,6.401142137410823
36.3448275862069,4.827586724137932,0.0,5.034553680724625,6.2640458049305865,6.34009591135602
36.3448275862069,4.827586724137932,0.1111111111111111,4.927083372639182,6.229394692464898,6.361970056381497
36.3448275862069,4.827586724137932,0.2222222222222222,4.831527374902712,6.197574597545735,6.377196621237555
36.3448275862069,4.827586724137932,0.3333333333333333,4.74576870501877,6.168377930106391,6.386996278010069
36.3448275862069,4.827586724137932,0.4444444444444444,4.668068254479622,6.14154067160583,6.392512080503273
36.3448275862069,4.827586724137932,0.5555555555555556,4.597019595685877,6.116795060636042,6.3946995623037
36.3448275862069,4.827586724137932,0.6666666666666666,4.531500155010832,6.0938932012668205,6.394316738458806
36.3448275862069,4.827586724137932,0.7777777777777777,4.470618109863972,6.07261531006453,6.391950669249903
36.3448275862069,4.827586724137932,0.8888888888888888,4.413663430538598,6.0527705691389055,6.388051887846947
36.3448275862069,4.827586724137932,1.0,4.360067210789757,6.0341948468385125,6.382965784888268
36.3448275862069,5.17241427586207,0.0,5.034553680724625,6.271239116297295,6.324486745819521
36.3448275862069,5.17241427586207,0.1111111111111111,4.933593939141363,6.239689316109906,6.343853900816442
36.3448275862069,5.17241427586207,0.2222222222222222,4.843032155038681,6.210492505362529,6.357711651365489
36.3448275862069,5.17241427586207,0.3333333333333333,4.76114075871893,6.183503296178086,6.366955436639153
36.3448275862069,5.17241427586207,0.4444444444444444,4.68648702911716,6.1585270067482165,6.372460772412688
36.3448275862069,5.17241427586207,0.5555555555555556,4.617892611205798,6.13535915809142,6.374988231896929
36.3448275862069,5.17241427586207,0.6666666666666666,4.554398382595028,6.113804927234348,6.375162295127386
36.3448275862069,5.17241427586207,0.7777777777777777,4.495227761858509,6.093687354151984,6.373481493190388
36.3448275862069,5.17241427586207,0.8888888888888888,4.4397518634137265,6.0748496264605505,6.3703386780986895
36.3448275862069,5.17241427586207,1.0,4.387459344291811,6.057154507074033,6.366042048541507
36.3448275862069,5.517241827586208,0.0,5.034553680724625,6.277602066882015,6.310461104217832
36.3448275862069,5.517241827586208,0.1111111111111111,4.939373066114407,6.248702017459611,6.327658555957556
36.3448275862069,5.517241827586208,0.2222222222222222,4.853344972413224,6.221780921844166,6.340250367328437
36.3448275862069,5.517241827586208,0.3333333333333333,4.775038464339148,6.196735460690446,6.3489005381990475
36.3448275862069,5.517241827586208,0.4444444444444444,4.703258599175806,6.173420190280723,6.354284457667766
36.3448275862069,5.517241827586208,0.5555555555555556,4.637009845065117,6.151677391613229,6.357009348634675
36.3448275862069,5.517241827586208,0.6666666666666666,4.57546886073269,6.131352846730688,6.357589393775885
36.3448275862069,5.517241827586208,0.7777777777777777,4.51795804947654,6.112303356471532,6.356446515007474
36.3448275862069,5.517241827586208,0.8888888888888888,4.463920291483857,6.094399608059626,6.353921377027785
36.3448275862069,5.517241827586208,1.0,4.412896436762076,6.077526584226665,6.35028702629063
36.3448275862069,5.862069379310346,0.0,5.034553680724625,6.2832712213198905,6.297787643276634
36.3448275862069,5.862069379310346,0.1111111111111111,4.944535298079775,6.2566559525539365,6.313099438894201
36.3448275862069,5.862069379310346,0.2222222222222222,4.862634683346364,6.231722755092643,6.32453041244567
36.3448275862069,5.862069379310346,0.3333333333333333,4.787651213199782,6.2083972469711055,6.332577683915404
36.3448275862069,5.862069379310346,0.4444444444444444,4.718576913094686,6.186569437215765,6.337765897157353
36.3448275862069,5.862069379310346,0.5555555555555556,4.654563656158588,6.166116489196146,6.340581642802146
36.3448275862069,5.862069379310346,0.6666666666666666,4.594900884721549,6.146915432421221,6.341448579334494
36.3448275862069,5.862069379310346,0.7777777777777777,4.538995666831288,6.128849765920911,6.340723145877878
36.3448275862069,5.862069379310346,0.8888888888888888,4.486353920422038,6.111812441729791,6.338699635632509
36.3448275862069,5.862069379310346,1.0,4.436563418872006,6.0957067990699425,6.335618666410765
36.3448275862069,6.206896931034484,0.0,5.034553680724625,6.2883546417305185,6.286278326084413
36.3448275862069,6.206896931034484,0.1111111111111111,4.949172919770015,6.263725693493518,6.299944474631853
36.3448275862069,6.206896931034484,0.2222222222222222,4.871041225003537,6.240540119819687,6.31031654903612
36.3448275862069,6.206896931034484,0.3333333333333333,4.799139857352539,6.21874374396634,6.317769873102574
36.3448275862069,6.206896931034484,0.4444444444444444,4.73260977363641,6.198252435221752,6.322714701885962
36.3448275862069,6.206896931034484,0.5555555555555556,4.670722543182221,6.17896962845733,6.32554254926515
36.3448275862069,6.206896931034484,0.6666666666666666,4.612861467737116,6.160796553057615,6.326603029878109
36.3448275862069,6.206896931034484,0.7777777777777777,4.558505887530249,6.143637902433327,6.326197073191359
36.3448275862069,6.206896931034484,0.8888888888888888,4.507216833182317,6.127404691407991,6.324578297760586
36.3448275862069,6.206896931034484,1.0,4.458623992524465,6.112015435118232,6.3219579274548785
36.3448275862069,6.551724482758622,0.0,5.034553680724625,6.292938978827474,6.275778675151981
36.3448275862069,6.551724482758622,0.1111111111111111,4.953360992428798,6.270049692305713,6.288002772311923
36.3448275862069,6.551724482758622,0.2222222222222222,4.8786811720342484,6.248409619743228,6.297411918802942
36.3448275862069,6.551724482758622,0.3333333333333333,4.8096413019115865,6.227978880943564,6.304291555864372
36.3448275862069,6.551724482758622,0.4444444444444444,4.74550245402684,6.208692437689616,6.308964488973913
36.3448275862069,6.551724482758622,0.5555555555555556,4.685634160371881,6.190473697338654,6.311747064641714
34.63793103448276,9.310344896551724,0.2222222222222222,4.87720018762283,6.256578631584508,6.210635647529807
34.63793103448276,9.310344896551724,0.3333333333333333,4.827297034709089,6.243674306376671,6.213146498111319
34.63793103448276,9.310344896551724,0.4444444444444444,4.779857700078623,6.231241824304421,6.214835025838725
34.63793103448276,9.310344896551724,0.5555555555555556,4.73465680107995,6.219262660178217,6.215772089466972
34.63793103448276,9.310344896551724,0.6666666666666666,4.691493846559415,6.207716590541167,6.216028709984379
34.63793103448276,9.310344896551724,0.7777777777777777,4.650189983777152,6.196582632257542,6.2156733654886365
34.63793103448276,9.310344896551724,0.8888888888888888,4.61058538683725,6.185839702506811,6.214770426374007
34.63793103448276,9.310344896551724,1.0,4.572537061704811,6.175467071678008,6.213379357129604
34.63793103448276,9.655172448275863,0.0,4.985451202283545,6.286310974520302,6.197254499475963
34.63793103448276,9.655172448275863,0.1111111111111111,4.931717450632835,6.273072729447979,6.201153915030603
34.63793103448276,9.655172448275863,0.2222222222222222,4.88078125963845,6.260287807473318,6.204209418223716
34.63793103448276,9.655172448275863,0.3333333333333333,4.8323816315148935,6.2479471771686566,6.206466038474038
34.63793103448276,9.655172448275863,0.4444444444444444,4.786288546896494,6.236037652004548,6.207979132237867
34.63793103448276,9.655172448275863,0.5555555555555556,4.742297816522701,6.224543381181566,6.208808672695576
34.63793103448276,9.655172448275863,0.6666666666666666,4.70022729964071,6.213446946762435,6.209015475269095
34.63793103448276,9.655172448275863,0.7777777777777777,4.659914015102001,6.2027301613506864,6.208658789644171
34.63793103448276,9.655172448275863,0.8888888888888888,4.621211830722537,6.192374639131689,6.207794844137164
34.63793103448276,9.655172448275863,1.0,4.583989535722084,6.182362196289006,6.206476043822924
34.63793103448276,10.0,0.0,4.985451202283545,6.288601720854864,6.191954380142666
34.63793103448276,10.0,0.1111111111111111,4.933488818714989,6.275961543178138,6.195452244753904
34.63793103448276,10.0,0.2222222222222222,4.884134962202753,6.263735468159296,6.198192975149349
34.63793103448276,10.0,0.3333333333333333,4.837153544366567,6.2519158078390085,6.200213530270348
34.63793103448276,10.0,0.4444444444444444,4.792335953614507,6.240491279982093,6.201560263396327
34.63793103448276,10.0,0.5555555555555556,4.749496549827689,6.22944824405971,6.202284090226273
34.63793103448276,10.0,0.6666666666666666,4.708469315170712,6.218771622948233,6.202437226382911
34.63793103448276,10.0,0.7777777777777777,4.6691052821113574,6.208445582628023,6.202071050327755
34.63793103448276,10.0,0.8888888888888888,4.631270479045623,6.198454026619732,6.201234763694639
34.63793103448276,10.0,1.0,4.594844225744152,6.188780949306388,6.199974609283439
36.3448275862069,1e-06,0.0,,,
36.3448275862069,1e-06,0.1111111111111111,4.51470632363734,3.0457280075276323,7.33553887705799
36.3448275862069,1e-06,0.2222222222222222,4.302058016482079,3.0457336240516377,7.204104766839142
36.3448275862069,1e-06,0.3333333333333333,4.146434694822059,3.0457373584224743,7.110110632854472
36.3448275862069,1e-06,0.4444444444444444,4.0181295996526725,3.0457384329260346,7.034554471419513
36.3448275862069,1e-06,0.5555555555555556,3.9063326900162987,3.0457404750846453,6.970322599982189
36.3448275862069,1e-06,0.6666666666666666,3.80579887392042,3.045741519407166,6.913880593916202
36.3448275862069,1e-06,0.7777777777777777,3.713584617295461,3.0457380424233245,6.863185693062444
36.3448275862069,1e-06,0.8888888888888888,3.62789589044786,3.045740055871171,6.816938167393811
36.3448275862069,1e-06,1.0,3.54759044667675,3.0457382304746643,6.774253758389499
36.3448275862069,0.34482855172413795,0.0,5.034553680724625,5.464812262564326,7.22764684173034
36.3448275862069,0.34482855172413795,0.1111111111111111,4.593591725615779,4.986131380011702,7.171957913522728
36.3448275862069,0.34482855172413795,0.2222222222222222,4.386317565152426,4.788355797930278,7.089454823654008
36.3448275862069,0.34482855172413795,0.3333333333333333,4.234641058281566,4.659503483240657,7.020061258710274
36.3448275862069,0.34482855172413795,0.4444444444444444,4.1100818280267015,4.563832635283982,6.960183081911011
36.3448275862069,0.34482855172413795,0.5555555555555556,4.001974345557072,4.487963716091622,6.9071831301617745
36.3448275862069,0.34482855172413795,0.6666666666666666,3.905064728240247,4.425339502835265,6.859377177874698
36.3448275862069,0.34482855172413795,0.7777777777777777,3.816358096834922,4.372233354580892,6.815646042329614
36.3448275862069,0.34482855172413795,0.8888888888888888,3.7339871100783357,4.326314892739421,6.775209982033597
36.3448275862069,0.34482855172413795,1.0,3.656718245180244,4.286025300468217,6.737503199328943
36.3448275862069,0.689656103448276,0.0,5.034553680724625,5.803726768421948,6.989989347408163
36.3448275862069,0.689656103448276,0.1111111111111111,4.658962780605292,5.488688676262928,7.027568160832226
36.3448275862069,0.689656103448276,0.2222222222222222,4.4588372510091565,5.328699599527813,6.983866332949605
36.3448275862069,0.689656103448276,0.3333333333333333,4.31128524030784,5.220285138864255,6.935718509445235
36.3448275862069,0.689656103448276,0.4444444444444444,4.190200333329472,5.138380970623659,6.889812083503022
36.3448275862069,0.689656103448276,0.5555555555555556,4.085352104842325,5.072774638573849,6.846972129695285
36.3448275862069,0.689656103448276,0.6666666666666666,3.991599511748556,5.018247031903016,6.8070381077590625
36.3448275862069,0.689656103448276,0.7777777777777777,3.9059724860953553,4.971755944269019,6.769678352862142
36.3448275862069,0.689656103448276,0.8888888888888888,3.826595042687512,4.931366678889982,6.734566310696697
36.3448275862069,0.689656103448276,1.0,3.7522078189835812,4.895769731907564,6.70141787375874
36.3448275862069,1.034483655172414,0.0,5.034553680724625,5.952459379733499,6.836120041405198
36.3448275862069,1.034483655172414,0.1111111111111111,4.7124279792195765,5.728133382433783,6.90427706119429
36.3448275862069,1.034483655172414,0.2222222222222222,4.521195345602736,5.594945972209869,6.888559660149197
36.3448275862069,1.034483655172414,0.3333333333333333,4.378164030091997,5.500453994442944,6.857837419549921
36.3448275862069,1.034483655172414,0.4444444444444444,4.260490901411739,5.427395996853779,6.823976404276717
36.3448275862069,1.034483655172414,0.5555555555555556,4.158647947004758,5.3680140319783245,6.790118913662638
36.3448275862069,1.034483655172414,0.6666666666666666,4.067714128778414,5.318138317039204,6.757245059153339
36.3448275862069,1.034483655172414,0.7777777777777777,3.9848007050009158,5.2752612199692255,6.725649376218958
36.3448275862069,1.034483655172414,0.8888888888888888,3.908061449534405,5.237753622830019,6.695379450300691
36.3448275862069,1.034483655172414,1.0,3.8362433798890536,5.204495645578153,6.666389727184965
36.3448275862069,1.3793112068965518,0.0,5.034553680724625,6.038182899183496,6.727535015673993
36.3448275862069,1.3793112068965518,0.1111111111111111,4.755742576528216,5.870059407856049,6.801301898242671
36.3448275862069,1.3793112068965518,0.2222222222222222,4.574705349064259,5.758146435962807,6.803982165590595
36.3448275862069,1.3793112068965518,0.3333333333333333,4.436658815269204,5.675143995716026,6.786830878952108
36.3448275862069,1.3793112068965518,0.4444444444444444,4.322462558338876,5.609419977670049,6.763009502838229
36.3448275862069,1.3793112068965518,0.5555555555555556,4.223501380282531,5.555171853396231,6.736906896363778
36.3448275862069,1.3793112068965518,0.6666666666666666,4.135166456019021,5.509101504669353,6.710256243505264
36.3448275862069,1.3793112068965518,0.7777777777777777,4.054697568299571,5.469154630312049,6.683808824333861
36.3448275862069,1.3793112068965518,0.8888888888888888,3.980306933806546,5.43396394976235,6.657901763199311
36.3448275862069,1.3793112068965518,1.0,3.9107686314818184,5.402572791385922,6.632681486545341
36.3448275862069,1.7241387586206898,0.0,5.034553680724625,6.0945516606243135,6.646321159305956
36.3448275862069,1.7241387586206898,0.1111111111111111,4.790711350140296,5.963503055372107,6.716178517007563
36.3448275862069,1.7241387586206898,0.2222222222222222,4.620538907829327,5.868680805297068,6.729875672932473
36.3448275862069,1.7241387586206898,0.3333333333333333,4.487889145521482,5.795470189043116,6.722774758770373
36.3448275862069,1.7241387586206898,0.4444444444444444,4.37729232264915,5.736145724273576,6.707048185409276
36.3448275862069,1.7241387586206898,0.5555555555555556,4.2811726020396526,5.68642843661541,6.687484078385051
36.3448275862069,1.7241387586206898,0.6666666666666666,4.195303980900559,5.643738082245374,6.666223230492613
36.3448275862069,1.7241387586206898,0.7777777777777777,4.117093376611197,5.606405522369491,6.644313079569736
36.3448275862069,1.7241387586206898,0.8888888888888888,4.044834549754625,5.573290211585497,6.622297237773749
36.3448275862069,1.7241387586206898,1.0,3.977344126158366,5.543578519038624,6.600467404049442
36.3448275862069,2.068966310344828,0.0,5.034553680724625,6.134665057789194,6.583028672784272
36.3448275862069,2.068966310344828,0.1111111111111111,4.819014520005923,6.0292629972215055,6.645877860559593
36.3448275862069,2.068966310344828,0.2222222222222222,4.65977191809228,5.948183484859396,6.6654718373780435
36.3448275862069,2.068966310344828,0.3333333333333333,4.532803150482875,5.883355725580459,6.665458523532448
36.3448275862069,2.068966310344828,0.4444444444444444,4.425932211854665,5.829679836777538,6.6560542399738205
36.3448275862069,2.068966310344828,0.5555555555555556,4.332657840281503,5.784032849345255,6.64187837905077
36.3448275862069,2.068966310344828,0.6666666666666666,4.249180619500339,5.744414919470252,6.62520584797755
36.3448275862069,2.068966310344828,0.7777777777777777,4.173103228903295,5.709480282727046,6.607241680451681
36.3448275862069,2.068966310344828,0.8888888888888888,4.102819139574553,5.678283441812073,6.588660550701981
36.3448275862069,2.068966310344828,1.0,4.037199661689036,5.650135863521089,6.569855594708784
36.3448275862069,2.413793862068966,0.0,5.034553680724625,6.1647646795348745,6.532174661672061
36.3448275862069,2.413793862068966,0.1111111111111111,4.842086543766001,6.077809150851683,6.587521630267025
36.3448275862069,2.413793862068966,0.2222222222222222,4.693387909767046,6.007806412675923,6.609722572854776
36.3448275862069,2.413793862068966,0.3333333333333333,4.572227058892344,5.950148947799764,6.61446267218186
36.3448275862069,2.413793862068966,0.4444444444444444,4.469176716035799,5.90146495342134,6.6098483981164415
36.3448275862069,2.413793862068966,0.5555555555555556,4.378766633874748,5.85948864107903,6.6000175571201805
36.3448275862069,2.413793862068966,0.6666666666666666,4.297639805948138,5.822680682556366,6.587187311865296
36.3448275862069,2.413793862068966,0.7777777777777777,4.223612266335409,5.789962914024018,6.572611092785797
36.3448275862069,2.413793862068966,0.8888888888888888,4.155190240562221,5.760555831769504,6.557030980274398
36.3448275862069,2.413793862068966,1.0,4.091308961345042,5.733879475671427,6.540902873065666
36.3448275862069,2.758621413793104,0.0,5.034553680724625,6.188229823596421,6.490341363767487
36.3448275862069,2.758621413793104,0.1111111111111111,4.861080468855116,6.114984440709383,6.538676830136909
36.3448275862069,2.758621413793104,0.2222222222222222,4.722266560284314,6.0539571486039,6.5614934530674525
36.3448275862069,2.758621413793104,0.3333333333333333,4.606890089434304,6.002427637443649,6.569241472385329
38.05172413793103,1e-06,0.8888888888888888,3.6211369886044045,3.0457386028017908,6.848455095455697
38.05172413793103,1e-06,1.0,3.5404094795372822,3.0457380107014527,6.8046262752041935
38.05172413793103,0.34482855172413795,0.0,5.081031774162636,5.5703768768437545,7.248272593286352
38.05172413793103,0.34482855172413795,0.1111111111111111,4.60807556391985,5.051385683304921,7.212966350569564
38.05172413793103,0.34482855172413795,0.2222222222222222,4.3940790730929615,4.843969066620485,7.1291892599040345
38.05172413793103,0.34482855172413795,0.3333333333333333,4.238688977613547,4.710016067291227,7.058067473399993
38.05172413793103,0.34482855172413795,0.4444444444444444,4.1115900059430235,4.61102399998745,6.996588303192981
38.05172413793103,0.34482855172413795,0.5555555555555556,4.001578061024573,4.532758521922583,6.942157096016106
38.05172413793103,0.34482855172413795,0.6666666666666666,3.903172986284706,4.468294129295146,6.893071905539869
38.05172413793103,0.34482855172413795,0.7777777777777777,3.8132663012262165,4.413714661214973,6.8481904364670685
38.05172413793103,0.34482855172413795,0.8888888888888888,3.729927810627578,4.366580465738981,6.8067128558169685
38.05172413793103,0.34482855172413795,1.0,,,
38.05172413793103,0.689656103448276,0.0,5.0810317741626365,5.884696565065722,6.9948447631452275
38.05172413793103,0.689656103448276,0.1111111111111111,4.679220015071824,5.548278761409239,7.060013723931573
38.05172413793103,0.689656103448276,0.2222222222222222,4.471302695763454,5.380068026397661,7.018926624111077
38.05172413793103,0.689656103448276,0.3333333333333333,4.319440646943251,5.266951655760406,6.970757133796962
38.05172413793103,0.689656103448276,0.4444444444444444,4.195426901529419,5.18187546796862,6.924215109698297
38.05172413793103,0.689656103448276,0.5555555555555556,4.088384726580118,5.113930116190486,6.880569904766851
38.05172413793103,0.689656103448276,0.6666666666666666,3.9928976853308096,5.0575783360176665,6.839797709636939
38.05172413793103,0.689656103448276,0.7777777777777777,3.9058555742554146,5.009608431333602,6.801615910868943
38.05172413793103,0.689656103448276,0.8888888888888888,3.8253028929989945,4.967985703504049,6.765716275186373
38.05172413793103,0.689656103448276,1.0,3.7499319442881363,4.931337175246324,6.731820841070466
38.05172413793103,1.034483655172414,0.0,5.0810317741626365,6.020894067733182,6.836211721952517
38.05172413793103,1.034483655172414,0.1111111111111111,4.737538562185598,5.783888544924179,6.929416343929362
38.05172413793103,1.034483655172414,0.2222222222222222,4.5379057659016695,5.6439850805471234,6.9190529461989545
38.05172413793103,1.034483655172414,0.3333333333333333,4.390095038023488,5.545324073754003,6.889788369787864
38.05172413793103,1.034483655172414,0.4444444444444444,4.269165657692903,5.469349195446516,6.856185726982475
38.05172413793103,1.034483655172414,0.5555555555555556,4.164883981329997,5.407771362610135,6.822120080809127
38.05172413793103,1.034483655172414,0.6666666666666666,4.0720186899238415,5.356159803577291,6.7888357358179405
38.05172413793103,1.034483655172414,0.7777777777777777,3.987520563562156,5.311861748596588,6.756739884821382
38.05172413793103,1.034483655172414,0.8888888888888888,3.909451040322406,5.27316000564327,6.72593352104708
38.05172413793103,1.034483655172414,1.0,3.8364999718216346,5.238877684340908,6.696398166745786
38.05172413793103,1.3793112068965518,0.0,5.0810317741626365,6.098901155353116,6.726390645338148
38.05172413793103,1.3793112068965518,0.1111111111111111,4.784739979300928,5.9226081759864,6.820846012196952
38.05172413793103,1.3793112068965518,0.2222222222222222,4.595163016848487,5.805310493877151,6.830342945763259
38.05172413793103,1.3793112068965518,0.3333333333333333,4.452020831862886,5.718677449707399,6.815779266726147
38.05172413793103,1.3793112068965518,0.4444444444444444,4.334310450588654,5.650311588778919,6.7929802588689
38.05172413793103,1.3793112068965518,0.5555555555555556,4.232708031334645,5.594029341253291,6.767206973414231
38.05172413793103,1.3793112068965518,0.6666666666666666,4.142277235861411,5.54632750510948,6.740542071266734
38.05172413793103,1.3793112068965518,0.7777777777777777,4.060084125867253,5.505031532243192,6.713898193114816
38.05172413793103,1.3793112068965518,0.8888888888888888,3.984239361975354,5.468698608630751,6.687694762501678
38.05172413793103,1.3793112068965518,1.0,3.9134533112116068,5.43632197272515,6.662123292264489
38.05172413793103,1.7241387586206898,0.0,5.0810317741626365,6.149982604027345,6.64526534884263
38.05172413793103,1.7241387586206898,0.1111111111111111,4.822717640443312,6.013308176528798,6.73175932411649
38.05172413793103,1.7241387586206898,0.2222222222222222,4.644233408432204,5.914189236540281,6.752722863070463
38.05172413793103,1.7241387586206898,0.3333333333333333,4.5063307530660035,5.837850592476886,6.74895513218727
38.05172413793103,1.7241387586206898,0.4444444444444444,4.392037753480301,5.776156874747398,6.734850249965901
38.05172413793103,1.7241387586206898,0.5555555555555556,4.293117847413483,5.724571348334833,6.716071185296944
38.05172413793103,1.7241387586206898,0.6666666666666666,4.20501889602729,5.680359086107395,6.695146818970665
38.05172413793103,1.7241387586206898,0.7777777777777777,4.124968660855035,5.641754359496587,6.6733163433245295
38.05172413793103,1.7241387586206898,0.8888888888888888,4.051153927203766,5.607553413766677,6.651226436396019
38.05172413793103,1.7241387586206898,1.0,3.9823232132360955,5.5768994815893045,6.629227904917675
38.05172413793103,2.068966310344828,0.0,5.081031774162636,6.186216852883807,6.58259983547863
38.05172413793103,2.068966310344828,0.1111111111111111,4.853314031462758,6.076724547563286,6.658799913685335
38.05172413793103,2.068966310344828,0.2222222222222222,4.686212169167346,5.992199064605996,6.68547485491779
38.05172413793103,2.068966310344828,0.3333333333333333,4.55397609125203,5.924690034487962,6.689194563361633
38.05172413793103,2.068966310344828,0.4444444444444444,4.4433031692297655,5.868902949911536,6.681838666789275
38.05172413793103,2.068966310344828,0.5555555555555556,4.347114234378483,5.8215504205323025,6.668810507743218
38.05172413793103,2.068966310344828,0.6666666666666666,4.261301564441769,5.780520459322033,6.652770704383598
38.05172413793103,2.068966310344828,0.7777777777777777,4.18329091297725,5.74439197371346,6.635128152397497
38.05172413793103,2.068966310344828,0.8888888888888888,4.11136722213614,5.712167788866961,6.616672581687825
38.05172413793103,2.068966310344828,1.0,4.044331443747808,5.683122923312013,6.597865721845931
38.05172413793103,2.413793862068966,0.0,5.081031774162636,6.213333877366803,6.532589409701692
38.05172413793103,2.413793862068966,0.1111111111111111,4.878134326025609,6.123271111845744,6.598734896922435
38.05172413793103,2.413793862068966,0.2222222222222222,4.722128388243994,6.050473786097923,6.62750884955543
38.05172413793103,2.413793862068966,0.3333333333333333,4.595797651189247,5.990519214578598,6.636113620293777
38.05172413793103,2.413793862068966,0.4444444444444444,4.488909569087851,5.939960560850876,6.633815652467396
38.05172413793103,2.413793862068966,0.5555555555555556,4.3955140114836455,5.896433548243126,6.625401324036967
38.05172413793103,2.413793862068966,0.6666666666666666,4.311975399371609,5.858320630668568,6.613441943903912
38.05172413793103,2.413793862068966,0.7777777777777777,4.235941655442404,5.824486531498413,6.5993914379442895
38.05172413793103,2.413793862068966,0.8888888888888888,4.165812525248442,5.794110420875119,6.584110727236558
38.05172413793103,2.413793862068966,1.0,4.100452697734776,5.76658209186386,6.568129266937483
38.05172413793103,2.758621413793104,0.0,5.0810317741626365,6.234426406596931,6.491672261582592
38.05172413793103,2.758621413793104,0.1111111111111111,4.898475670876176,6.158735720868552,6.548841801003512
38.05172413793103,2.758621413793104,0.2222222222222222,4.752921829925621,6.095410108120165,6.577602171053029
38.05172413793103,2.758621413793104,0.3333333333333333,4.632549160651394,6.041906791823899,6.58916229077394
38.05172413793103,2.758621413793104,0.4444444444444444,4.529548922539154,5.995966071746426,6.590522953090654
38.05172413793103,2.758621413793104,0.5555555555555556,4.439000811016968,5.955892211819719,6.585723738487605
38.05172413793103,2.758621413793104,0.6666666666666666,4.35773886411305,5.9204528919658586,6.577113671835605
38.05172413793103,2.758621413793104,0.7777777777777777,4.283644664762054,5.888746207709344,6.566102256605004
38.05172413793103,2.758621413793104,0.8888888888888888,4.215243589333634,5.860099970420626,6.5535648964630475
38.05172413793103,2.758621413793104,1.0,4.151472338318387,5.834002926246612,6.540062586453762
38.05172413793103,3.103448965517242,0.0,5.0810317741626365,6.251319679108365,6.457529385133128
38.05172413793103,3.103448965517242,0.1111111111111111,4.915341553606962,6.1865712313990695,6.506966291051683
38.05172413793103,3.103448965517242,0.2222222222222222,4.779422315607976,6.130953511168246,6.534561615232049
38.05172413793103,3.103448965517242,0.3333333333333333,4.664905847482095,6.0829590040654065,6.547711528550363
38.05172413793103,3.103448965517242,0.4444444444444444,4.565827097066055,6.0410891725138285,6.551619139483566
38.05172413793103,3.103448965517242,0.5555555555555556,4.478158471531502,6.00412606031288,6.549587749328259
38.05172413793103,3.103448965517242,0.6666666666666666,4.399177359573768,5.971133079626986,6.543681333857463
38.05172413793103,3.103448965517242,0.7777777777777777,4.326998837535136,5.941396312970209,6.535208107799139
38.05172413793103,3.103448965517242,0.8888888888888888,4.260278963607244,5.914367400410964,6.5250167854479395
38.05172413793103,3.103448965517242,1.0,4.198031665939924,5.889619558388393,6.513671492245056
38.05172413793103,3.44827651724138,0.0,5.0810317741626365,6.265164132642531,6.428579848008359
38.05172413793103,3.44827651724138,0.1111111111111111,4.929492309817672,6.208952556701545,6.4714478599085865
38.05172413793103,3.44827651724138,0.2222222222222222,4.802341306359072,6.159664817309377,6.497309445690118
38.05172413793103,3.44827651724138,0.3333333333333333,4.693467184071688,6.116382625792178,6.511119278903197
38.05172413793103,3.44827651724138,0.4444444444444444,4.598278372087365,6.078098160464962,6.516719498153643
38.05172413793103,3.44827651724138,0.5555555555555556,4.51349287248175,6.043932516911953,6.5167578355677325
38.05172413793103,3.44827651724138,0.6666666666666666,4.4367897536496335,6.013173720114951,6.512999127922366
38.05172413793103,3.44827651724138,0.7777777777777777,4.36650799109059,5.9852576243469,6.506620047042517
38.05172413793103,3.44827651724138,0.8888888888888888,4.301434164645663,5.959737983373488,6.498415550442051
38.05172413793103,3.44827651724138,1.0,4.240661731473898,5.936259471997319,6.488932102704176
38.05172413793103,3.7931040689655178,0.0,5.081031774162636,6.276722529510536,6.403705572179989
38.05172413793103,3.7931040689655178,0.1111111111111111,4.941500570130024,6.227311208917628,6.441016234640591
38.05172413793103,3.7931040689655178,0.2222222222222222,4.822275463774087,6.183272528663872,6.464915200441704
38.05172413793103,3.7931040689655178,0.3333333333333333,4.718759018666015,6.1440342107443735,6.478773434929728
38.05172413793103,3.7931040689655178,0.4444444444444444,4.627374332029585,6.108908152130642,6.485427313899502
38.05172413793103,3.7931040689655178,0.5555555555555556,4.545446346375986,6.0772556296752125,6.48697405565544
38.05172413793103,3.7931040689655178,0.6666666666666666,4.471006677052075,6.0485341126603345,6.48489463976166
38.05172413793103,3.7931040689655178,0.7777777777777777,4.402601976742944,6.022297794887237,6.480223482972688
38.05172413793103,3.7931040689655178,0.8888888888888888,4.339144929231451,5.998183937043602,6.473686353413699
38.05172413793103,3.7931040689655178,1.0,4.279808238375173,5.975897193941395,6.465798071907526
38.05172413793103,4.137931620689656,0.0,5.0810317741626365,6.286521367282718,6.38209174021631
38.05172413793103,4.137931620689656,0.1111111111111111,4.951798789880769,6.242624504226271,6.414697510361602
38.05172413793103,4.137931620689656,0.2222222222222222,4.839717928150754,6.202980936199186,6.436596233133274
38.05172413793103,4.137931620689656,0.3333333333333333,4.741237263092583,6.167227420602396,6.450115349371468
38.05172413793103,4.137931620689656,0.4444444444444444,4.65353009143632,6.134887009718087,6.457355879562914
38.05172413793103,4.137931620689656,0.5555555555555556,4.574407509530166,6.1054915313952804,6.459968719455895
38.05172413793103,4.137931620689656,0.6666666666666666,4.502203312727246,6.0786258637337465,6.45918110914044
38.05172413793103,4.137931620689656,0.7777777777777777,4.435651755060713,6.053937176316475,6.455887443973691
38.05172413793103,4.137931620689656,0.8888888888888888,4.373784089308634,6.031130582358326,6.45073769867056
38.05172413793103,4.137931620689656,1.0,4.315849867824006,6.0099607585710375,6.4442067093016675
38.05172413793103,4.482759172413794,0.0,5.0810317741626365,6.294936191711378,6.363129512108119
38.05172413793103,4.482759172413794,0.1111111111111111,4.960716066172992,6.255580657639541,6.391739676264038
38.05172413793103,4.482759172413794,0.2222222222222222,4.855072924223114,6.219651742344806,6.4117034919493765
38.05172413793103,4.482759172413794,0.3333333333333333,4.761293407305676,6.186915672373734,6.424649440325719
38.05172413793103,4.482759172413794,0.4444444444444444,4.677109491493265,6.1570370632239335,6.4321422756055275
38.05172413793103,4.482759172413794,0.5555555555555556,4.600718379307011,6.129669510920929,6.43547854606475
38.05172413793103,4.482759172413794,0.6666666666666666,4.530708561623699,6.104493664949005,6.435667113767029
38.05172413793103,4.482759172413794,0.7777777777777777,4.465980309824055,6.081229505838265,6.433472203610404
38.05172413793103,4.482759172413794,0.8888888888888888,4.4056739298052365,6.059637027830792,6.4294675737745495
38.05172413793103,4.482759172413794,1.0,4.34911183921617,6.039512415064894,6.424084105773688
38.05172413793103,4.827586724137932,0.0,5.0810317741626365,6.302242298131574,6.346354225283608
38.05172413793103,4.827586724137932,0.1111111111111111,4.968505380559039,6.2666773325356,6.371556587440865
38.05172413793103,4.827586724137932,0.2222222222222222,4.868670658774957,6.23391580940221,6.389702273970024
38.05172413793103,4.827586724137932,0.3333333333333333,4.779261276256207,6.203805868817127,6.401944056524817
38.05172413793103,4.827586724137932,0.4444444444444444,4.698430012376683,6.176108496029615,6.409454718724619
38.05172413793103,4.827586724137932,0.5555555555555556,4.624679933643906,6.1505648800093455,6.413252790472186
38.05172413793103,4.827586724137932,0.6666666666666666,4.556811854327434,6.126927807600919,6.414163759269533
38.05172413793103,4.827586724137932,0.7777777777777777,4.4938707098457265,6.104974213320869,6.412835280817358
38.05172413793103,4.827586724137932,0.8888888888888888,4.435095358437487,6.084508354311413,6.409768434573122
38.05172413793103,4.827586724137932,1.0,4.379876039573772,6.0653607308005,6.405349351096005
38.05172413793103,5.17241427586207,0.0,5.0810317741626365,6.308646214883912,6.331404749875932
38.05172413793103,5.17241427586207,0.1111111111111111,4.975363375539874,6.276282755650287,6.353686680002019
38.05172413793103,5.17241427586207,0.2222222222222222,4.880780886938967,6.246244346760688,6.370152894677025
38.05172413793103,5.17241427586207,0.3333333333333333,4.795424266084369,6.218431882061482,6.381627512691047
38.05172413793103,5.17241427586207,0.4444444444444444,4.717767621087306,6.19267293280641,6.388995358706119
38.05172413793103,5.17241427586207,0.5555555555555556,4.646556775080998,6.168772250024537,6.393058098818929
38.05172413793103,5.17241427586207,0.6666666666666666,4.580768439461425,6.146537164595268,6.3944896654394405
38.05172413793103,5.17241427586207,0.7777777777777777,4.519572219811557,6.125789188578157,6.393835938660652
38.05172413793103,5.17241427586207,0.8888888888888888,4.462294826096001,6.106368231282105,6.39153111443256
38.05172413793103,5.17241427586207,1.0,4.408388683463872,6.08813309580899,6.387917924390254
38.05172413793103,5.517241827586208,0.0,5.081031774162636,6.314305986152928,6.317995955382884
38.05172413793103,5.517241827586208,0.1111111111111111,4.981444638450832,6.284674893035458,6.337762712750155
38.05172413793103,5.517241827586208,0.2222222222222222,4.891624514489489,6.256995604790874,6.352693384230643
38.05172413793103,5.517241827586208,0.3333333333333333,4.8100224365725515,6.231203482239218,6.3633818952353085
38.05172413793103,5.517241827586208,0.4444444444444444,4.735361522897516,6.207172752183498,6.370500128645947
38.05172413793103,5.517241827586208,0.5555555555555556,4.666581244032527,6.184754722870733,6.374680905269652
38.05172413793103,5.517241827586208,0.6666666666666666,4.602803674231931,6.163798177427179,6.376474137615185
38.05172413793103,5.517241827586208,0.7777777777777777,4.543305071315413,6.144159589047597,6.376338376093645
38.05172413793103,5.517241827586208,0.8888888888888888,4.487489655595191,6.125707583697791,6.374647772713206
38.05172413793103,5.517241827586208,1.0,4.434866191000696,6.108324278869638,6.371704345956372
38.05172413793103,5.862069379310346,0.0,5.0810317741626365,6.319344655096487,6.305899577387511
38.05172413793103,5.862069379310346,0.1111111111111111,4.986872044927263,6.292067301886728,6.32348953628148
38.05172413793103,5.862069379310346,0.2222222222222222,4.901383164915739,6.266446287313308,6.337024849615348
38.05172413793103,5.862069379310346,0.3333333333333333,4.823259062444291,6.242439745272456,6.346936202472257
38.05172413793103,5.862069379310346,0.4444444444444444,4.7514187022070455,6.219955018617189,6.353736864731186
38.05172413793103,5.862069379310346,0.5555555555555556,4.68495713988856,6.198877843328851,6.357928103769133
38.05172413793103,5.862069379310346,0.6666666666666666,4.623116637658137,6.179088692866464,6.359958929795961
38.05172413793103,5.862069379310346,0.7777777777777777,4.565264302097509,6.160471544918631,6.3602138390227845
38.05172413793103,5.862069379310346,0.8888888888888888,4.510872236561395,6.142918181297844,6.359014018933853
38.05172413793103,5.862069379310346,1.0,4.459499773548902,6.126329920155685,6.356624185779368
38.05172413793103,6.206896931034484,0.0,5.0810317741626365,6.323859472565744,6.2949306226207735
38.05172413793103,6.206896931034484,0.1111111111111111,4.991744299778788,6.298626632479456,6.310627654075159
38.05172413793103,6.206896931034484,0.2222222222222222,4.910206903270252,6.274813160376569,6.322899458516265
38.05172413793103,6.206896931034484,0.3333333333333333,4.835306446617163,6.25239235937514,6.3320596728562535
38.05172413793103,6.206896931034484,0.4444444444444444,4.766118142636621,6.231295357026332,6.338502541349459
38.05172413793103,6.206896931034484,0.5555555555555556,4.701863111471506,6.2114335875339455,6.3426265902839605
38.05172413793103,6.206896931034484,0.6666666666666666,4.641883255963402,6.192711908011424,6.344798972353511
38.05172413793103,6.206896931034484,0.7777777777777777,4.5856229319364745,6.17503601898637,6.345341877879914
38.05172413793103,6.206896931034484,0.8888888888888888,4.532613402965333,6.158316411255909,6.344530355794129
38.05172413793103,6.206896931034484,1.0,4.482459074877777,6.142470225640669,6.342595526836434
38.05172413793103,6.551724482758622,0.0,5.0810317741626365,6.3279283366214925,6.284937518329813
38.05172413793103,6.551724482758622,0.1111111111111111,4.996141484101014,6.304484749834241,6.298980963184405
38.05172413793103,6.551724482758622,0.2222222222222222,4.918220399964386,6.2822682161960826,6.3101107320459215
38.05172413793103,6.551724482758622,0.3333333333333333,4.846310939938751,6.261262193379592,6.318555710194914
38.05172413793103,6.551724482758622,0.4444444444444444,4.779614653053786,6.241415075173027,6.32462016933903
38.05172413793103,6.551724482758622,0.5555555555555556,4.7174557358408515,6.222657652451595,6.328622124506819
38.05172413793103,6.551724482758622,0.6666666666666666,4.6592590501300295,6.2049136694792635,6.330862378145711
38.05172413793103,6.551724482758622,0.7777777777777777,4.604534650079898,6.188106059926,6.331610959373699
38.05172413793103,6.551724482758622,0.8888888888888888,4.552865211035949,6.172160471171543,6.331103078907093
38.05172413793103,6.551724482758622,1.0,4.503895114353722,6.157007100458815,6.329539978936917
38.05172413793103,6.8965520344827596,0.0,5.0810317741626365,6.3316143900934145,6.275794849678421
38.05172413793103,6.8965520344827596,0.1111111111111111,5.000129176778181,6.30974730145588,6.2883875257902275
38.05172413793103,6.8965520344827596,0.2222222222222222,4.925527822702218,6.288949507291693,6.298485764457698
38.05172413793103,6.8965520344827596,0.3333333333333333,4.856397197321033,6.269211273608931,6.3062565573889815
38.05172413793103,6.8965520344827596,0.4444444444444444,4.792042267288195,6.250493649808217,6.311935688308246
38.05172413793103,6.8965520344827596,0.5555555555555556,4.73187229156267,6.232742133149483,6.315777829923791
38.05172413793103,6.8965520344827596,0.6666666666666666,4.67538157022614,6.215895196118477,6.318029974980008
38.05172413793103,6.8965520344827596,0.7777777777777777,4.622136128027851,6.199889509691458,6.318918609957563
38.05172413793103,6.8965520344827596,0.8888888888888888,4.571763267085772,6.184663039179694,6.318644757723598
38.05172413793103,6.8965520344827596,1.0,4.523942706982812,6.1701567762466745,6.317383331996458
38.05172413793103,7.2413795862068975,0.0,5.0810317741626365,6.334969364127891,6.267397921489462
38.05172413793103,7.2413795862068975,0.1111111111111111,5.003761548681074,6.314499884671649,6.278712554909562
38.05172413793103,7.2413795862068975,0.2222222222222222,4.9322167132152055,6.294969014286425,6.287879005957709
38.05172413793103,7.2413795862068975,0.3333333333333333,4.865671743599769,6.276371573040807,6.29501873129671
38.05172413793103,7.2413795862068975,0.4444444444444444,4.803517218461707,6.258677967287456,6.300315036625391
38.05172413793103,7.2413795862068975,0.5555555555555556,4.7452332334147815,6.241844959064997,6.30397254705489
38.05172413793103,7.2413795862068975,0.6666666666666666,4.690372556880318,6.225822582397465,6.306194550706263
38.05172413793103,7.2413795862068975,0.7777777777777777,4.638549032691934,6.210558513882429,6.307171235164765
38.05172413793103,7.2413795862068975,0.8888888888888888,4.589428708302799,6.196000765453822,6.307074404548333
38.05172413793103,7.2413795862068975,1.0,4.54272248448179,6.182099274208217,6.306055927842476
38.05172413793103,7.586207137931035,0.0,5.0810317741626365,6.338036050166287,6.259658628820019
38.05172413793103,7.586207137931035,0.1111111111111111,5.007083709773726,6.318812559818017,6.26984303166317
38.05172413793103,7.586207137931035,0.2222222222222222,4.938361062960805,6.300418445044252,6.278167294222455
38.05172413793103,7.586207137931035,0.3333333333333333,4.874225938997918,6.282851550040347,6.284719163749489
38.05172413793103,7.586207137931035,0.4444444444444444,4.814140511234714,6.266089253338816,6.289641488369784
38.05172413793103,7.586207137931035,0.5555555555555556,4.7576443810195395,6.250097012034881,6.2930991769376385
38.05172413793103,7.586207137931035,0.6666666666666666,4.704339858303054,6.234833994761065,6.295259944901645
38.05172413793103,7.586207137931035,0.7777777777777777,4.653881790918968,6.220256740277429,6.296283727023321
38.05172413793103,7.586207137931035,0.8888888888888888,4.605969908302683,6.206321485905042,6.296317419770365
38.05172413793103,7.586207137931035,1.0,4.560342606054031,6.192985602004588,6.295492818387969
38.05172413793103,7.931034689655173,0.0,5.0810317741626365,6.340850154842629,6.252502281525475
38.05172413793103,7.931034689655173,0.1111111111111111,5.010133507566873,6.322743202627042,6.2616835358897465
36.3448275862069,6.551724482758622,0.6666666666666666,4.629498097431316,6.173242756365004,6.312928411146598
36.3448275862069,6.551724482758622,0.7777777777777777,4.576635285417053,6.15692120758004,6.312762654942268
36.3448275862069,6.551724482758622,0.8888888888888888,4.526654801680789,6.141434758711636,6.311468063961658
36.3448275862069,6.551724482758622,1.0,4.47922359916403,6.12671448876962,6.309229561501918
36.3448275862069,6.8965520344827596,0.0,5.034553680724625,6.297094540495108,6.266160559674563
36.3448275862069,6.8965520344827596,0.1111111111111111,4.957161116967818,6.275739113169905,6.277116040314199
36.3448275862069,6.8965520344827596,0.2222222222222222,4.885652166965447,6.255473289115192,6.285650987238305
36.3448275862069,6.8965520344827596,0.3333333333333333,4.819272393049118,6.236267423890852,6.291983837488333
36.3448275862069,6.8965520344827596,0.4444444444444444,4.757380879342018,6.21807073415243,6.296370051161714
36.3448275862069,6.8965520344827596,0.5555555555555556,4.699427992370619,6.20082194923132,6.299066319861246
36.3448275862069,6.8965520344827596,0.6666666666666666,4.6449411428426854,6.184455975171166,6.300312349745341
36.3448275862069,6.8965520344827596,0.7777777777777777,4.593514052821942,6.168907944100917,6.300322932548892
36.3448275862069,6.8965520344827596,0.8888888888888888,4.544797630288652,6.1541155533645275,6.29928581045167
36.3448275862069,6.8965520344827596,1.0,4.498491854534937,6.140020303488364,6.297362597460853
36.3448275862069,7.2413795862068975,0.0,5.034553680724625,6.300878981912333,6.257316776392357
36.3448275862069,7.2413795862068975,0.1111111111111111,4.960624272939065,6.280884205341748,6.267152019730645
36.3448275862069,7.2413795862068975,0.2222222222222222,4.892036447377298,6.2618465544843716,6.2748938681787605
36.3448275862069,7.2413795862068975,0.3333333333333333,4.828133176989691,6.24374379073008,6.280710349099569
36.3448275862069,7.2413795862068975,0.4444444444444444,4.768354393246147,6.226535885064371,6.284804692548205
36.3448275862069,7.2413795862068975,0.5555555555555556,4.7122177141391965,6.210173423706498,6.287386044590281
36.3448275862069,7.2413795862068975,0.6666666666666666,4.659305964626069,6.1946030163145505,6.28865367840646
36.3448275862069,7.2413795862068975,0.7777777777777777,4.609257997917363,6.179770696818094,6.2887893818472325
36.3448275862069,7.2413795862068975,0.8888888888888888,4.561761136764416,6.165623980911377,6.2879546531018775
36.3448275862069,7.2413795862068975,1.0,4.516544574544962,6.15211303404668,6.2862905918773455
36.3448275862069,7.586207137931035,0.0,5.034553680724625,6.3043400366078,6.249156921946951
36.3448275862069,7.586207137931035,0.1111111111111111,4.963792981129472,6.28555897722751,6.2579994165120345
36.3448275862069,7.586207137931035,0.2222222222222222,4.897903656616418,6.267624114402801,6.265021760881189
36.3448275862069,7.586207137931035,0.3333333333333333,4.836309614668566,6.2505186184335955,6.270353740455891
36.3448275862069,7.586207137931035,0.4444444444444444,4.778518142795791,6.2342106525340935,6.274157804879978
36.3448275862069,7.586207137931035,0.5555555555555556,4.724103261263017,6.218660054675492,6.276605036449545
36.3448275862069,7.586207137931035,0.6666666666666666,4.6726947672474894,6.203822745446783,6.277861563569222
36.3448275862069,7.586207137931035,0.7777777777777777,4.62397027852347,6.189653582008563,6.278081495135435
36.3448275862069,7.586207137931035,0.8888888888888888,4.5776488456252675,6.176108150927495,6.2774038300835535
36.3448275862069,7.586207137931035,1.0,4.533485482124855,6.163143841547974,6.275951704576539
36.3448275862069,7.931034689655173,0.0,5.034553680724625,6.307517567795859,6.241604209753343
36.3448275862069,7.931034689655173,0.1111111111111111,4.966702966693999,6.289824675593476,6.249563955681896
36.3448275862069,7.931034689655173,0.2222222222222222,4.90331308929259,6.272884340614898,6.255933276086191
36.3448275862069,7.931034689655173,0.3333333333333333,4.843875834991738,6.256683717057455,6.260812725881393
36.3448275862069,7.931034689655173,0.4444444444444444,4.787955120811463,6.241197265101371,6.264332711059244
36.3448275862069,7.931034689655173,0.5555555555555556,4.7351726368415505,6.226392098776481,6.266633702659077
36.3448275862069,7.931034689655173,0.6666666666666666,4.685198223766887,6.212231594418884,6.267854591350653
36.3448275862069,7.931034689655173,0.7777777777777777,4.637742914254934,6.198677787126715,6.268126263823481
36.3448275862069,7.931034689655173,0.8888888888888888,4.592553448222186,6.185692924248996,6.267568461541698
36.3448275862069,7.931034689655173,1.0,4.549407660616296,6.1732404354480295,6.266288646469491
36.3448275862069,8.275862241379311,0.0,5.034553680724625,6.310445129893935,6.23459298742777
36.3448275862069,8.275862241379311,0.1111111111111111,4.969384450044546,6.293732410505188,6.241765282900114
36.3448275862069,8.275862241379311,0.2222222222222222,4.908315491712983,6.2776926136440885,6.247541469661138
36.3448275862069,8.275862241379311,0.3333333333333333,4.850896002296796,6.262315850179024,6.251999607925449
36.3448275862069,8.275862241379311,0.4444444444444444,4.796737907139389,6.247581461361977,6.255244774225041
36.3448275862069,8.275862241379311,0.5555555555555556,4.74550348167376,6.233462326420167,6.257392710695413
36.3448275862069,8.275862241379311,0.6666666666666666,4.6968968991742575,6.219927829642307,6.258559862078245
36.3448275862069,8.275862241379311,0.7777777777777777,4.650658108994114,6.206945875650824,6.258857612068481
36.3448275862069,8.275862241379311,0.8888888888888888,4.606558069733376,6.194484231235963,6.258389231245587
36.3448275862069,8.275862241379311,1.0,4.564394802143801,6.182511392577234,6.257248537581362
36.3448275862069,8.620689793103448,0.0,5.034553680724625,6.313151171708208,6.228066780534356
36.3448275862069,8.620689793103448,0.1111111111111111,4.971863157729378,6.297325160304146,6.2345345114460295
36.3448275862069,8.620689793103448,0.2222222222222222,4.912954511680246,6.282103879833379,6.2397714389373755
36.3448275862069,8.620689793103448,0.3333333333333333,4.8574258640397,6.267479650568764,6.243838206316074
36.3448275862069,8.620689793103448,0.4444444444444444,4.804930148984665,6.253435627298805,6.2468197557861895
36.3448275862069,8.620689793103448,0.5555555555555556,4.755164434192029,6.239949289835592,6.248811764420605
36.3448275862069,8.620689793103448,0.6666666666666666,4.7078624952536945,6.226994893320705,6.2499121246485645
36.3448275862069,8.620689793103448,0.7777777777777777,4.662789409192147,6.214545166343186,6.250215816646101
36.3448275862069,8.620689793103448,0.8888888888888888,4.619737373709264,6.20257246818777,6.249812023883021
36.3448275862069,8.620689793103448,1.0,4.578522287414157,6.191049558610086,6.2487827051780265
36.3448275862069,8.965517344827587,0.0,5.034553680724625,6.315659973857994,6.221976736417851
36.3448275862069,8.965517344827587,0.1111111111111111,4.9741611207604075,6.300639320457408,6.227812264981551
36.3448275862069,8.965517344827587,0.2222222222222222,4.917267871454424,6.286164632364652,6.232558367014226
36.3448275862069,8.965517344827587,0.3333333333333333,4.863514034837946,6.272229891148071,6.236262126977586
36.3448275862069,8.965517344827587,0.4444444444444444,4.812587817489577,6.258821253327206,6.23899239870377
36.3448275862069,8.965517344827587,0.5555555555555556,4.764216305407392,6.245919894779635,6.240828508875202
36.3448275862069,8.965517344827587,0.6666666666666666,4.718158937717986,6.2335040428170645,6.241852968613823
36.3448275862069,8.965517344827587,0.7777777777777777,4.674202719091846,6.22155041039367,6.24214693675976
36.3448275862069,8.965517344827587,0.8888888888888888,4.632158528180704,6.210035193734296,6.2417875425200275
36.3448275862069,8.965517344827587,1.0,4.5918581248852295,6.198934752459078,6.240846444912203
36.3448275862069,9.310344896551724,0.0,5.034553680724625,6.317992386607879,6.216280375462933
36.3448275862069,9.310344896551724,0.1111111111111111,4.976297310164492,6.303705912565369,6.221547104280963
36.3448275862069,9.310344896551724,0.2222222222222222,4.92128832144048,6.289914461103515,6.225845924547614
36.3448275862069,9.310344896551724,0.3333333333333333,4.869203063766076,6.276613270044131,6.229213314482306
36.3448275862069,9.310344896551724,0.4444444444444444,4.819760273852973,6.2637908753451645,6.23170521002615
36.3448275862069,9.310344896551724,0.5555555555555556,4.772713092458551,6.251431441381889,6.233387559719036
36.3448275862069,9.310344896551724,0.6666666666666666,4.727843324440979,6.239516453059952,6.234330082749318
36.3448275862069,9.310344896551724,0.7777777777777777,4.684957190805476,6.228025930177533,6.234602268921392
36.3448275862069,9.310344896551724,0.8888888888888888,4.643882052668906,6.216939287726553,6.234270923547858
36.3448275862069,9.310344896551724,1.0,4.6044637711678895,6.206235935062625,6.233398762172918
36.3448275862069,9.655172448275863,0.0,5.034553680724625,6.320166416066631,6.210940580940792
36.3448275862069,9.655172448275863,0.1111111111111111,4.978288146814679,6.306551537208343,6.215694253685467
36.3448275862069,9.655172448275863,0.2222222222222222,4.925044419510774,6.293387276183155,6.219584957740781
36.3448275862069,9.655172448275863,0.3333333333333333,4.874530323646839,6.280669825718173,6.222640839854369
36.3448275862069,9.655172448275863,0.4444444444444444,4.826491174150044,6.268389620603462,6.224907417075276
36.3448275862069,9.655172448275863,0.5555555555555556,4.780702852192142,6.2565332564332685,6.226439648777877
36.3448275862069,9.655172448275863,0.6666666666666666,4.736966751828388,6.24508490418146,6.227296582799377
36.3448275862069,9.655172448275863,0.7777777777777777,4.69510600477143,6.234027341106954,6.227537835845747
36.3448275862069,9.655172448275863,0.8888888888888888,4.654962562043761,6.223342693250544,6.227221360910826
36.3448275862069,9.655172448275863,1.0,4.61639485011798,6.213012962387158,6.226402106207066
36.3448275862069,10.0,0.0,5.034553680724625,6.322197693960011,6.205924775729143
36.3448275862069,10.0,0.1111111111111111,4.98014791336808,6.309199131621325,6.210214563297053
36.3448275862069,10.0,0.2222222222222222,4.9285611710654145,6.2966122822153965,6.213732406334424
36.3448275862069,10.0,0.3333333333333333,4.879528754121183,6.284434067797968,6.216499883464425
36.3448275862069,10.0,0.4444444444444444,4.832819237989513,6.272656448192034,6.218554073478342
36.3448275862069,10.0,0.5555555555555556,4.7882284539521915,6.261268008456652,6.219940875252504
36.3448275862069,10.0,0.6666666666666666,4.745575034649729,6.250255145933558,6.220710407257453
36.3448275862069,10.0,0.7777777777777777,4.704697054169678,6.239602947739412,6.220913913940643
36.3448275862069,10.0,0.8888888888888888,4.665449420632641,6.229295832345155,6.220601747258494
36.3448275862069,10.0,1.0,4.627701784822457,6.219318012626531,6.219822105949569
38.05172413793103,1e-06,0.0,,,
38.05172413793103,1e-06,0.1111111111111111,4.522671337225437,3.045726367818392,7.385299192904225
38.05172413793103,1e-06,0.2222222222222222,4.3047035416899595,3.0457326719350726,7.248191829308635
38.05172413793103,1e-06,0.3333333333333333,4.1460575682117,3.045735076161861,7.150718636226617
38.05172413793103,1e-06,0.4444444444444444,4.015663239463392,3.0457369592372108,7.072595841436021
38.05172413793103,1e-06,0.5555555555555556,3.9023114021539436,3.045738661632971,7.00631284788132
38.05172413793103,1e-06,0.6666666666666666,3.800590620664701,3.045737027568221,6.948157619695052
38.05172413793103,1e-06,0.7777777777777777,3.7074771703826817,3.0457373795403835,6.8959911795742155
39.758620689655174,1.3793112068965518,0.4444444444444444,4.344088452509791,5.689224283420525,6.82185758050333
39.758620689655174,1.3793112068965518,0.5555555555555556,4.23987530529486,5.631056519113083,6.796449231014441
39.758620689655174,1.3793112068965518,0.6666666666666666,4.147375421924901,5.581839896446184,6.769784125631224
39.758620689655174,1.3793112068965518,0.7777777777777777,4.063481852478886,5.539288807799689,6.742946843553171
39.758620689655174,1.3793112068965518,0.8888888888888888,3.9862044521160764,5.501890720357403,6.716444252186478
39.758620689655174,1.3793112068965518,1.0,3.91419048710155,5.468592703627529,6.690515667766565
39.758620689655174,1.7241387586206898,0.0,5.12515151299065,6.201797795407875,6.6419420505642375
39.758620689655174,1.7241387586206898,0.1111111111111111,4.852631818119199,6.060311063726515,6.7454908580599655
39.758620689655174,1.7241387586206898,0.2222222222222222,4.665851489871857,5.957305711975207,6.774145878338566
39.758620689655174,1.7241387586206898,0.3333333333333333,4.522715643185209,5.878099630195356,6.773920900615912
39.758620689655174,1.7241387586206898,0.4444444444444444,4.404750351526287,5.814224588665959,6.761541247262864
39.758620689655174,1.7241387586206898,0.5555555555555556,4.303053117395479,5.760915105244703,6.743600319781389
39.758620689655174,1.7241387586206898,0.6666666666666666,4.212744242824616,5.715295820687399,6.723039722427498
39.758620689655174,1.7241387586206898,0.7777777777777777,4.130872326134786,5.675512638566399,6.701302080535061
39.758620689655174,1.7241387586206898,0.8888888888888888,4.055517547400765,5.640303830027072,6.67914313823768
39.758620689655174,1.7241387586206898,1.0,3.985360730006591,5.608773050204461,6.656976113624183
39.758620689655174,2.068966310344828,0.0,5.12515151299065,6.234418274512001,6.5802592256199235
39.758620689655174,2.068966310344828,0.1111111111111111,4.88552787493873,6.121476661703317,6.669955141220526
39.758620689655174,2.068966310344828,0.2222222222222222,4.7106125373155,6.033874115508256,6.704028922932382
39.758620689655174,2.068966310344828,0.3333333333333333,4.573129286812188,5.96392755631505,6.711681852276117
39.758620689655174,2.068966310344828,0.4444444444444444,4.458673987955186,5.906208123138463,6.706488169763212
39.758620689655174,2.068966310344828,0.5555555555555556,4.359589154652099,5.85728920828465,6.694672971083862
39.758620689655174,2.068966310344828,0.6666666666666666,4.27145776505106,5.814959363049913,6.679303821782791
39.758620689655174,2.068966310344828,0.7777777777777777,4.191528438134262,5.7777295339876495,6.66200481390396
39.758620689655174,2.068966310344828,0.8888888888888888,4.117977755247064,5.744555583875762,6.643686986184483
39.758620689655174,2.068966310344828,1.0,4.049536591403244,5.714679307366982,6.624884275882391
39.758620689655174,2.413793862068966,0.0,5.12515151299065,6.2587633846300115,6.5313427644735755
39.758620689655174,2.413793862068966,0.1111111111111111,4.912079274591074,6.166111906571724,6.608287240562931
39.758620689655174,2.413793862068966,0.2222222222222222,4.748843518507652,6.090848090176896,6.643850926145139
39.758620689655174,2.413793862068966,0.3333333333333333,4.617372479103886,6.028822784825133,6.656494160717198
39.758620689655174,2.413793862068966,0.4444444444444444,4.506667327426823,5.976558827864245,6.656625723586459
39.758620689655174,2.413793862068966,0.5555555555555556,4.410303950023558,5.931614611339497,6.649699401264201
39.758620689655174,2.413793862068966,0.6666666666666666,4.32436885118259,5.892305504541252,6.638656167217093
39.758620689655174,2.413793862068966,0.7777777777777777,4.246341980232716,5.857445691386954,6.62516017345381
39.758620689655174,2.413793862068966,0.8888888888888888,4.174516801220422,5.82617725615312,6.610197068153089
39.758620689655174,2.413793862068966,1.0,4.107687709991018,5.797862662046432,6.594373475875289
39.758620689655174,2.758621413793104,0.0,5.12515151299065,6.277655350755701,6.491523577500328
39.758620689655174,2.758621413793104,0.1111111111111111,4.933741328302048,6.199948953903386,6.557452266973348
39.758620689655174,2.758621413793104,0.2222222222222222,4.781548902212859,6.134615481697531,6.59229227679866
39.758620689655174,2.758621413793104,0.3333333333333333,4.656223322145786,6.079347256874716,6.607804851832212
39.758620689655174,2.758621413793104,0.4444444444444444,4.549434250714004,6.031903202044715,6.611722312433679
39.758620689655174,2.758621413793104,0.5555555555555556,4.45588907046251,5.99055018594405,6.608594292796425
39.758620689655174,2.758621413793104,0.6666666666666666,4.372182200650192,5.954013019391737,6.601085481607862
39.758620689655174,2.758621413793104,0.7777777777777777,4.2960416490991395,5.921353463051397,6.590798719057252
39.758620689655174,2.758621413793104,0.8888888888888888,4.225891825418312,5.891870758685651,6.578730306674316
39.758620689655174,2.758621413793104,1.0,4.160600882742442,5.865031605700796,6.565519042504273
39.758620689655174,3.103448965517242,0.0,5.12515151299065,6.292755596294319,6.458436769051419
39.758620689655174,3.103448965517242,0.1111111111111111,4.951634547260205,6.22639021049329,6.515075345331229
39.758620689655174,3.103448965517242,0.2222222222222222,4.809627561633051,6.169111448356213,6.548050366801335
39.758620689655174,3.103448965517242,0.3333333333333333,4.690389874998507,6.119603773587564,6.5649539935601045
39.758620689655174,3.103448965517242,0.4444444444444444,4.587598150179743,6.07640710625118,6.571440070294068
39.758620689655174,3.103448965517242,0.5555555555555556,4.496939740144522,6.038290335717449,6.571184834114431
39.758620689655174,3.103448965517242,0.6666666666666666,4.415491881763295,6.004291269772281,6.566509421922989
39.758620689655174,3.103448965517242,0.7777777777777777,4.341233464023957,5.973670779662502,6.5588916874908305
39.758620689655174,3.103448965517242,0.8888888888888888,4.272727257999924,5.945859027172684,6.549292247202266
39.758620689655174,3.103448965517242,1.0,4.208922001011248,5.920411774251553,6.538350192237813
39.758620689655174,3.44827651724138,0.0,5.12515151299065,6.305108916703011,6.430482873860273
39.758620689655174,3.44827651724138,0.1111111111111111,4.966601375499933,6.2475682250718165,6.479347353357787
39.758620689655174,3.44827651724138,0.2222222222222222,4.833854874955226,6.196885002441666,6.509947092335113
39.758620689655174,3.44827651724138,0.3333333333333333,4.720508202324144,6.152295819464828,6.527255543191248
39.758620689655174,3.44827651724138,0.4444444444444444,4.621714681154817,6.112836956423578,6.535382484610723
39.758620689655174,3.44827651724138,0.5555555555555556,4.533975884820574,6.077630226182044,6.537239544141035
39.758620689655174,3.44827651724138,0.6666666666666666,4.454807217975693,6.045949857416258,6.534793691972722
39.758620689655174,3.44827651724138,0.7777777777777777,4.382429740968332,6.017214903878006,6.529365059853188
39.758620689655174,3.44827651724138,0.8888888888888888,4.315545824760347,5.990963367446394,6.521848444149709
39.758620689655174,3.44827651724138,1.0,,,
39.758620689655174,3.7931040689655178,0.0,5.12515151299065,6.315406574094639,6.40653805842578
39.758620689655174,3.7931040689655178,0.1111111111111111,4.979271091294471,6.264880225572915,6.44889925303662
39.758620689655174,3.7931040689655178,0.2222222222222222,4.8548819090965845,6.219652435929947,6.476968625942346
39.758620689655174,3.7931040689655178,0.3333333333333333,4.747140590342994,6.179276059430459,6.494050457688443
39.758620689655174,3.7931040689655178,0.4444444444444444,4.652278721447124,6.143106364546148,6.5031323377105235
39.758620689655174,3.7931040689655178,0.5555555555555556,4.567455642595181,6.110512769162608,6.506493424012928
39.758620689655174,3.7931040689655178,0.6666666666666666,4.490570557180111,6.08094673094383,6.5057692867472365
39.758620689655174,3.7931040689655178,0.7777777777777777,4.420069728990478,6.053951813698107,6.502112207375239
39.758620689655174,3.7931040689655178,0.8888888888888888,4.354791212156344,6.029154028944034,6.496334447166037
39.758620689655174,3.7931040689655178,1.0,4.29385226782711,6.006247669021203,6.48901368112752
39.758620689655174,4.137931620689656,0.0,5.12515151299065,6.324124786346397,6.385787813947876
39.758620689655174,4.137931620689656,0.1111111111111111,4.990115346928542,6.279276189324096,6.4226914301104
39.758620689655174,4.137931620689656,0.2222222222222222,4.873245867871066,6.238606339082377,6.448266621165981
39.758620689655174,4.137931620689656,0.3333333333333333,4.770776650352023,6.2018537383863555,6.46473598897185
39.758620689655174,4.137931620689656,0.4444444444444444,4.679728875040589,6.168581526808963,6.4742786982591225
39.758620689655174,4.137931620689656,0.5555555555555556,4.5977842690312025,6.138333271340405,6.478668091121066
39.758620689655174,4.137931620689656,0.6666666666666666,4.523169552196279,6.110692796771377,6.479247122441698
39.758620689655174,4.137931620689656,0.7777777777777777,4.454534335854622,6.085301053791132,6.477004848940405
39.758620689655174,4.137931620689656,0.8888888888888888,4.390844605703714,6.061855367120149,6.472664430392356
39.758620689655174,4.137931620689656,1.0,4.331299969483226,6.0401026455522295,6.466756076193841
39.758620689655174,4.482759172413794,0.0,5.12515151299065,6.3316026266248,6.367626422326007
39.758620689655174,4.482759172413794,0.1111111111111111,4.9994907208300905,6.291422590841757,6.399927836158235
39.758620689655174,4.482759172413794,0.2222222222222222,4.88938568554885,6.254597734549944,6.423141661890212
39.758620689655174,4.482759172413794,0.3333333333333333,4.791837528165343,6.2209776073171925,6.438777907492258
39.758620689655174,4.482759172413794,0.4444444444444444,4.704451380996517,6.190262838001699,6.448433994315164
39.758620689655174,4.482759172413794,0.5555555555555556,4.625320423378113,6.162120175105702,6.453486621029452
39.758620689655174,4.482759172413794,0.6666666666666666,4.552945839717175,6.136232259785131,6.455029711964143
39.758620689655174,4.482759172413794,0.7777777777777777,4.486156739917495,6.112315936172094,6.453902154531672
39.758620689655174,4.482759172413794,0.8888888888888888,4.4240368169806565,6.090126018737263,6.450738470180826
39.758620689655174,4.482759172413794,1.0,4.3658639690740735,6.069452985372393,6.446017381521994
39.758620689655174,4.827586724137932,0.0,5.12515151299065,6.338088243301272,6.351593531197088
39.758620689655174,4.827586724137932,0.1111111111111111,5.0076698088257405,6.301799744829302,6.379992545329147
39.758620689655174,4.827586724137932,0.2222222222222222,4.903658547381432,6.268248022045162,6.401020956246651
39.758620689655174,4.827586724137932,0.3333333333333333,4.810682297808514,6.237349917437796,6.415712060017462
39.758620689655174,4.827586724137932,0.4444444444444444,4.726784220711709,6.208898333152077,6.425243276250235
39.758620689655174,4.827586724137932,0.5555555555555556,4.650381074089481,6.182647819365759,6.430683579774883
39.758620689655174,4.827586724137932,0.6666666666666666,4.580201421641205,6.158354940008872,6.432919922755954
39.758620689655174,4.827586724137932,0.7777777777777777,4.515230181252864,6.135795602445603,6.432657975852526
39.758620689655174,4.827586724137932,0.8888888888888888,4.454657269838111,6.114770818359753,6.430448500772752
39.758620689655174,4.827586724137932,1.0,4.397833511261573,6.09510699556984,6.426718308849269
39.758620689655174,5.17241427586207,0.0,5.12515151299065,6.343767515334026,6.337332685780325
39.758620689655174,5.17241427586207,0.1111111111111111,5.014863527140911,6.310761943336522,6.362403683159731
39.758620689655174,5.17241427586207,0.2222222222222222,4.916355096261252,6.280020171097277,6.381436168422551
39.758620689655174,5.17241427586207,0.3333333333333333,4.827615402821536,6.251500090356407,6.395140097553159
39.758620689655174,5.17241427586207,0.4444444444444444,4.747021577833817,6.225057375829688,6.404387946733031
39.758620689655174,5.17241427586207,0.5555555555555556,4.673245714921325,6.200509710994152,6.410011118080966
39.758620689655174,5.17241427586207,0.6666666666666666,4.605203609060766,6.177669177271073,6.41272712038621
39.758620689655174,5.17241427586207,0.7777777777777777,4.542013839464954,6.156357672069265,6.41312632072406
39.758620689655174,5.17241427586207,0.8888888888888888,4.482960765792071,6.136413273023397,6.411683024528084
39.758620689655174,5.17241427586207,1.0,4.427462028149177,6.117691938281729,6.4087741060000925
39.758620689655174,5.517241827586208,0.0,5.12515151299065,6.348782485221899,6.324563381646515
39.758620689655174,5.517241827586208,0.1111111111111111,5.021237052849194,6.318575871589218,6.3467800644127745
39.758620689655174,5.517241827586208,0.2222222222222222,4.927712445075869,6.2902653243139985,6.364003792080417
39.758620689655174,5.517241827586208,0.3333333333333333,4.842894229444666,6.2638337558239074,6.376722551703207
39.758620689655174,5.517241827586208,0.4444444444444444,4.76541850688022,6.239180065863133,6.385585918834947
39.758620689655174,5.517241827586208,0.5555555555555556,4.694160222839203,6.216167750037758,6.3912420949272715
39.758620689655174,5.517241827586208,0.6666666666666666,4.628189066927563,6.194650800599966,6.394271141035661
39.758620689655174,5.517241827586208,0.7777777777777777,4.566737418593943,6.174486998152031,6.3951652821948395
39.758620689655174,5.517241827586208,0.8888888888888888,4.509172683712705,6.1555441567325175,6.394330698163714
39.758620689655174,5.517241827586208,1.0,4.45497292779278,6.137702502910936,6.392097751385009
39.758620689655174,5.862069379310346,0.0,5.125151512990651,6.353243594658573,6.3130617318855515
39.758620689655174,5.862069379310346,0.1111111111111111,5.026921263646181,6.325445878527443,6.332816927844103
39.758620689655174,5.862069379310346,0.2222222222222222,4.937924867136666,6.299254081100275,6.348408716911063
39.758620689655174,5.862069379310346,0.3333333333333333,4.856736225869272,6.274666209629637,6.360171139697478
39.758620689655174,5.862069379310346,0.4444444444444444,4.782195584323179,6.251611244257276,6.36858968526184
39.758620689655174,5.862069379310346,0.5555555555555556,4.713340479262951,6.229986226136955,6.374171114612839
39.758620689655174,5.862069379310346,0.6666666666666666,4.649367276484374,6.20967697475015,6.377384571080456
39.758620689655174,5.862069379310346,0.7777777777777777,4.589604851651363,6.190569356166299,6.378639680423729
39.758620689655174,5.862069379310346,0.8888888888888888,4.533493073245032,6.172555066007359,6.378282946523846
39.758620689655174,5.862069379310346,1.0,4.480564108398765,6.155534254400873,6.376602395950523
39.758620689655174,6.206896931034484,0.0,5.12515151299065,6.357238029705511,6.302646786198847
39.758620689655174,6.206896931034484,0.1111111111111111,5.032021014860044,6.331531036002576,6.320268146590863
39.758620689655174,6.206896931034484,0.2222222222222222,4.947152380904059,6.307197970961437,6.334390862432331
39.758620689655174,6.206896931034484,0.3333333333333333,4.869325267283109,6.284245731019487,6.345241302835435
39.758620689655174,6.206896931034484,0.4444444444444444,4.7975433422712195,6.262624416953089,6.353183322750407
39.758620689655174,6.206896931034484,0.5555555555555556,4.730975772198174,6.242255847621645,6.358614197893525
39.758620689655174,6.206896931034484,0.6666666666666666,4.6689235909207705,6.223050165487119,6.361913778593459
39.758620689655174,6.206896931034484,0.7777777777777777,4.610797391721645,6.204915305253163,6.363422682795343
39.758620689655174,6.206896931034484,0.8888888888888888,4.556099959481444,6.187762180137634,6.3634357676010715
39.758620689655174,6.206896931034484,1.0,4.504411544963613,6.171507306037832,6.362203163053117
39.758620689655174,6.551724482758622,0.0,5.12515151299065,6.360835548777362,6.293170654425128
39.758620689655174,6.551724482758622,0.1111111111111111,5.036621189243881,6.336956922452316,6.308933059998378
39.758620689655174,6.551724482758622,0.2222222222222222,4.955527560969605,6.314264490300274,6.32173446829278
39.758620689655174,6.551724482758622,0.3333333333333333,4.8808171642875715,6.292770138517294,6.331725446244424
39.758620689655174,6.551724482758622,0.4444444444444444,4.811626349160076,6.272438906116889,6.339179088286789
39.758620689655174,6.551724482758622,0.5555555555555556,4.747231957835726,6.253211063308524,6.344407629417424
39.758620689655174,6.551724482758622,0.6666666666666666,4.687021975632489,6.235015460743372,6.3477190733327005
39.758620689655174,6.551724482758622,0.7777777777777777,4.6304762583863575,6.217777450983369,6.349396648091447
39.758620689655174,6.551724482758622,0.8888888888888888,,,
39.758620689655174,6.551724482758622,1.0,4.526672194578926,6.185883444274879,6.348818416021328
39.758620689655174,6.8965520344827596,0.0,5.12515151299065,6.364092638405766,6.284511249304404
39.758620689655174,6.8965520344827596,0.1111111111111111,5.04079116781209,6.341823931174509,6.2986466256793285
39.758620689655174,6.8965520344827596,0.2222222222222222,4.963160912737297,6.3205878237482,6.310259572839335
39.758620689655174,6.8965520344827596,0.3333333333333333,4.891344330228328,6.300398741799162,6.319447044195763
39.758620689655174,6.8965520344827596,0.4444444444444444,4.824586866775973,6.28123235005833,6.326413999076722
39.758620689655174,6.8965520344827596,0.5555555555555556,4.76225435561365,6.263042763063903,6.331406364790673
39.758620689655174,6.8965520344827596,0.6666666666666666,4.703807478950582,6.245773313019516,6.334674293131113
39.758620689655174,6.8965520344827596,0.7777777777777777,4.648784944707031,6.22936316488921,6.336453406281784
39.758620689655174,6.8965520344827596,0.8888888888888888,4.596791169341869,6.213751288965273,6.336956424479686
39.758620689655174,6.8965520344827596,1.0,4.547486394288227,6.1988787548391215,6.336370596695763
39.758620689655174,7.2413795862068975,0.0,5.12515151299065,6.3670555319238975,6.276566868958731
39.758620689655174,7.2413795862068975,0.1111111111111111,5.04458817105147,6.3462132370477295,6.289271977871414
39.758620689655174,7.2413795862068975,0.2222222222222222,4.9701451089131385,6.326276614856844,6.299815247694297
39.758620689655174,7.2413795862068975,0.3333333333333333,4.901019682869676,6.307261100385232,6.308255615401041
39.758620689655174,7.2413795862068975,0.4444444444444444,4.836548063654678,6.289149947145326,6.314746610763692
39.758620689655174,7.2413795862068975,0.5555555555555556,4.77617036073605,6.2719077293706365,6.319482253857806
39.758620689655174,7.2413795862068975,0.6666666666666666,4.719408457439931,6.255489058688416,6.322666040171397
39.758620689655174,7.2413795862068975,0.7777777777777777,4.665851250651955,6.239844106806595,6.324494146202685
39.758620689655174,7.2413795862068975,0.8888888888888888,4.615143983877493,6.2249220392493685,6.3251471509381805
39.758620689655174,7.2413795862068975,1.0,4.56697987394006,6.210673088399714,6.324786727664929
39.758620689655174,7.586207137931035,0.0,5.12515151299065,6.369762438767665,6.269252094892219
39.758620689655174,7.586207137931035,0.1111111111111111,5.04805978362638,6.350191153375316,6.280694746670926
39.758620689655174,7.586207137931035,0.2222222222222222,4.976558334193715,6.331419683024372,6.290274222454281
39.758620689655174,7.586207137931035,0.3333333333333333,4.9099398793942415,6.313463530625158,6.2980224977398995
39.758620689655174,7.586207137931035,0.4444444444444444,4.847616798775615,6.296311382156209,6.304054096030806
39.758620689655174,7.586207137931035,0.5555555555555556,4.7890917716612735,6.279935764274973,6.308522242754892
39.758620689655174,7.586207137931035,0.6666666666666666,4.733938571391702,6.264300126290373,6.3115927273705115
39.758620689655174,7.586207137931035,0.7777777777777777,4.681789085535275,6.2493634539124185,6.31342904528234
39.758620689655174,7.586207137931035,0.8888888888888888,4.6323239772159255,6.2350832252985855,6.314184521138902
39.758620689655174,7.586207137931035,1.0,4.585265470454426,6.221417261825919,6.313998658225031
39.758620689655174,7.931034689655173,0.0,5.12515151299065,6.372245215504221,6.262494645941209
39.758620689655174,7.931034689655173,0.1111111111111111,5.0512458825506625,6.353812361447297,6.272818678762814
39.758620689655174,7.931034689655173,0.2222222222222222,4.982466934721863,6.336090287408686,6.281528602852108
39.758620689655174,7.931034689655173,0.3333333333333333,4.918187986605701,6.319094000830387,6.288637323266413
39.758620689655174,7.931034689655173,0.4444444444444444,4.857886008999734,6.302816078336131,6.294229658552429
39.758620689655174,7.931034689655173,0.5555555555555556,4.801116841916789,6.2872351273240925,6.298426651183306
39.758620689655174,7.931034689655173,0.6666666666666666,4.7474985642274055,6.272321560873276,6.301363544974138
39.758620689655174,7.931034689655173,0.7777777777777777,4.696700068810278,6.258041457001374,6.3031767418925275
39.758620689655174,7.931034689655173,0.8888888888888888,,,
39.758620689655174,7.931034689655173,1.0,4.602444604888602,6.231238608446064,6.303943120784291
39.758620689655174,8.275862241379311,0.0,5.12515151299065,6.374530635375668,6.256232937080902
39.758620689655174,8.275862241379311,0.1111111111111111,5.054180124837971,6.357122337506198,6.265562229723843
39.758620689655174,8.275862241379311,0.2222222222222222,4.987927526136304,6.3403493473438015,6.2734864472716545
39.758620689655174,8.275862241379311,0.3333333333333333,4.925835680779049,6.3242258566029745,6.28000508985923
39.758620689655174,8.275862241379311,0.4444444444444444,4.867436742871393,6.308747223658622,6.285180278867945
39.758620689655174,8.275862241379311,0.5555555555555556,4.812332074006718,6.293896729447418,6.289107576870328
39.758620689655174,8.275862241379311,0.6666666666666666,4.760177840258087,6.2796503037153775,6.291897419714832
39.758620689655174,8.275862241379311,0.7777777777777777,4.710674951334308,6.265979758442773,6.293663723154838
39.758620689655174,8.275862241379311,0.8888888888888888,4.663561770412478,6.25285496645605,6.294517192094931
39.758620689655174,8.275862241379311,1.0,4.618608566565598,6.240245305684826,6.2945616517605245
39.758620689655174,8.620689793103448,0.0,5.12515151299065,6.376641364703591,6.250414164881583
39.758620689655174,8.620689793103448,0.1111111111111111,5.056891106407453,6.360159199547333,6.2588558886833
39.758620689655174,8.620689793103448,0.2222222222222222,4.992988679390726,6.34424790295348,6.266069017497732
39.758620689655174,8.620689793103448,0.3333333333333333,4.932945059920723,6.328920686354504,6.272043732831217
39.758620689655174,8.620689793103448,0.4444444444444444,4.876339885741303,6.314174888598474,6.276824769427694
39.758620689655174,8.620689793103448,0.5555555555555556,4.822813778108475,6.299997399217702,6.280487450447557
39.758620689655174,8.620689793103448,0.6666666666666666,4.7720558565359115,6.286368540425923,6.2831220115778175
39.758620689655174,8.620689793103448,0.7777777777777777,4.7237948753466155,6.273264781293028,6.2848236791431
39.758620689655174,8.620689793103448,0.8888888888888888,4.6777927500988525,6.260660606535096,6.285686616436878
39.758620689655174,8.620689793103448,1.0,4.633839636829313,6.248529784636043,6.285800419598199
39.758620689655174,8.965517344827587,0.0,5.12515151299065,6.378596722287738,6.2449927912577055
39.758620689655174,8.965517344827587,0.1111111111111111,5.05940327316067,6.362955128871709,6.252640060216005
39.758620689655174,8.965517344827587,0.2222222222222222,4.997692276264574,6.347829015439313,6.259208560326936
39.758620689655174,8.965517344827587,0.3333333333333333,4.939570138591797,6.333230547408763,6.264682111334455
39.758620689655174,8.965517344827587,0.4444444444444444,4.884657619539111,6.319158463052813,6.269092107108256
39.758620689655174,8.965517344827587,0.5555555555555556,4.832629420360927,6.305602449709581,6.272497746205664
39.758620689655174,8.965517344827587,0.6666666666666666,4.783203345473452,6.292546343730708,6.274972774125719
39.758620689655174,8.965517344827587,0.7777777777777777,4.7361324892508945,6.279970413451522,6.2765968577839
38.05172413793103,7.931034689655173,0.2222222222222222,4.944023760258388,6.305373567567491,6.269245875840754
38.05172413793103,7.931034689655173,0.3333333333333333,4.882138435026021,6.288741074168436,6.275251966290769
38.05172413793103,7.931034689655173,0.4444444444444444,4.824000127852169,6.272828332613896,6.279813288492197
38.05172413793103,7.931034689655173,0.5555555555555556,4.769198839594644,6.257607560083621,6.283063096786744
38.05172413793103,7.931034689655173,0.6666666666666666,4.717379125812194,6.243045187613081,6.285140079555211
38.05172413793103,7.931034689655173,0.7777777777777777,4.668231141762166,6.229104926550351,6.286178943763624
38.05172413793103,7.931034689655173,0.8888888888888888,4.621483958428481,6.215749775247374,6.286305383483496
38.05172413793103,7.931034689655173,1.0,4.5769002227926325,6.202943299092392,6.285633766537492
38.05172413793103,8.275862241379311,0.0,5.081031774162636,6.343441710634203,6.245865134221076
38.05172413793103,8.275862241379311,0.1111111111111111,5.012942918613632,6.326340028455956,6.2541529875259485
38.05172413793103,8.275862241379311,0.2222222222222222,4.949258545024272,6.3098974880550465,6.261025210138114
38.05172413793103,8.275862241379311,0.3333333333333333,4.889477204670854,6.294115179927448,6.266525730218066
38.05172413793103,8.275862241379311,0.4444444444444444,4.833172909369489,6.27897966455831,6.270741584764389
38.05172413793103,8.275862241379311,0.5555555555555556,4.779978675105086,6.264468450535902,6.273780692299644
38.05172413793103,8.275862241379311,0.6666666666666666,4.7295753084930805,6.25055377764621,6.27575798971562
38.05172413793103,8.275862241379311,0.7777777777777777,4.681683504074176,6.2372051916367255,6.276787122904427
38.05172413793103,8.275862241379311,0.8888888888888888,4.636057962021912,6.224391270724085,6.276975747701554
38.05172413793103,8.275862241379311,1.0,4.592482742439526,6.21208075956669,6.276423135369211
38.05172413793103,8.620689793103448,0.0,5.0810317741626365,6.3458361618226125,6.239692444683526
38.05172413793103,8.620689793103448,0.1111111111111111,5.015539135154805,6.329643516706767,6.2471820779374205
38.05172413793103,8.620689793103448,0.2222222222222222,4.954111577441368,6.314043159618078,6.253428391264148
38.05172413793103,8.620689793103448,0.3333333333333333,4.896301220439663,6.299036957943963,6.258461278088188
38.05172413793103,8.620689793103448,0.4444444444444444,4.841726154006544,6.284614471719054,6.262348637253639
38.05172413793103,8.620689793103448,0.5555555555555556,4.790056368218827,6.270757377788163,6.265178026626648
38.05172413793103,8.620689793103448,0.6666666666666666,4.741003966527758,6.257442588872281,6.267044892175741
38.05172413793103,8.620689793103448,0.7777777777777777,4.694316181618051,6.244644420034188,6.268045270526682
38.05172413793103,8.620689793103448,0.8888888888888888,4.649770169778563,6.232336073278989,6.268271469870375
38.05172413793103,8.620689793103448,1.0,4.607168929300372,6.22049063741442,6.267809701479451
38.05172413793103,8.965517344827587,0.0,5.0810317741626365,6.3480552098608545,6.233936932881667
38.05172413793103,8.965517344827587,0.1111111111111111,5.017945421196099,6.332687894781596,6.24071122861154
38.05172413793103,8.965517344827587,0.2222222222222222,4.958622703171944,6.317855322731306,6.2463890596891325
38.05172413793103,8.965517344827587,0.3333333333333333,4.902661842838332,6.303559803884556,6.250989791946669
38.05172413793103,8.965517344827587,0.4444444444444444,4.849718972373139,6.289793187317721,6.254566278130673
38.05172413793103,8.965517344827587,0.5555555555555556,4.799496071889833,6.276540453136912,6.2571896506822275
38.05172413793103,8.965517344827587,0.6666666666666666,4.751732421925923,6.263782294081434,6.258939314154889
38.05172413793103,8.965517344827587,0.7777777777777777,4.706198424464728,6.251496942648931,6.259896555600712
38.05172413793103,8.965517344827587,0.8888888888888888,4.662690978204798,6.239661447883468,6.260140617396212
38.05172413793103,8.965517344827587,1.0,4.621029865813121,6.228252554368773,6.2597464201081525
38.05172413793103,9.310344896551724,0.0,5.0810317741626365,6.350117478204905,6.228557547085398
38.05172413793103,9.310344896551724,0.1111111111111111,5.020181792575659,6.335502294456997,6.23468895641971
38.05172413793103,9.310344896551724,0.2222222222222222,4.96282647918419,6.321372020994588,6.239849702240114
38.05172413793103,9.310344896551724,0.3333333333333333,4.908603971487684,6.307729183914561,6.24405125395014
38.05172413793103,9.310344896551724,0.4444444444444444,4.857203435609787,6.294567386905535,6.247334592137162
38.05172413793103,9.310344896551724,0.5555555555555556,4.808354696520842,6.28187424272621,6.249757550548481
38.05172413793103,9.310344896551724,0.6666666666666666,4.761820764491336,6.26963351804985,6.251386292953188
38.05172413793103,9.310344896551724,0.7777777777777777,4.71739236308606,6.257826678119377,6.252289727903705
38.05172413793103,9.310344896551724,0.8888888888888888,4.674883809025885,6.246433985552909,6.252535964253178
38.05172413793103,9.310344896551724,1.0,4.634129796442836,6.2354352717035155,6.252190162814333
38.05172413793103,9.655172448275863,0.0,5.0810317741626365,6.352039040103072,6.223518467736197
38.05172413793103,9.655172448275863,0.1111111111111111,5.02226556147265,6.338111661763072,6.229070554916419
38.05172413793103,9.655172448275863,0.2222222222222222,4.966753009921623,6.324625796031924,6.233760261732338
38.05172413793103,9.655172448275863,0.3333333333333333,4.914167001894815,6.311584032543012,6.237593145166117
38.05172413793103,9.655172448275863,0.4444444444444444,4.864225548220828,6.298981325232806,6.240600788659683
38.05172413793103,9.655172448275863,0.5555555555555556,4.816682845076251,6.286807396360388,6.242830222506031
38.05172413793103,9.655172448275863,0.6666666666666666,4.77132272975378,6.275048525036781,6.244336650311556
38.05172413793103,9.655172448275863,0.7777777777777777,4.727953829759776,6.263688856306522,6.245178570616235
38.05172413793103,9.655172448275863,0.8888888888888888,4.68640588444389,6.252711347749152,6.245414594084778
38.05172413793103,9.655172448275863,1.0,4.646526870429448,6.242098445749633,6.245101442947787
38.05172413793103,10.0,0.0,5.0810317741626365,6.353833841245792,6.218788297136544
38.05172413793103,10.0,0.1111111111111111,5.024211775623986,6.3405374793638005,6.223817023239009
38.05172413793103,10.0,0.2222222222222222,4.970428632501774,6.327644637504297,6.228076994317723
38.05172413793103,10.0,0.3333333333333333,4.919385623057885,6.315157868288034,6.231569357450394
38.05172413793103,10.0,0.4444444444444444,4.870826073081346,6.303073168305734,6.234318238544537
38.05172413793103,10.0,0.5555555555555556,4.824525618398903,6.291381958800149,6.2363618641627685
38.05172413793103,10.0,0.6666666666666666,4.7802864643118035,6.280072582397108,6.237746340629338
38.05172413793103,10.0,0.7777777777777777,4.737933080408816,6.269131415309289,6.23852139345406
38.05172413793103,10.0,0.8888888888888888,4.697308910960311,6.258543683848846,6.238737519227382
38.05172413793103,10.0,1.0,4.658273796903979,6.248294057132374,6.238444139811009
39.758620689655174,1e-06,0.0,,,
39.758620689655174,1e-06,0.1111111111111111,4.527940483823083,3.0457230888481943,7.433690328821475
39.758620689655174,1e-06,0.2222222222222222,4.304966737523441,3.0457308559973333,7.290949921137021
39.758620689655174,1e-06,0.3333333333333333,4.143479638900993,3.0457349216916083,7.189969509370457
39.758620689655174,1e-06,0.4444444444444444,4.0111362115702525,3.045736312432664,7.109241312449543
39.758620689655174,1e-06,0.5555555555555556,3.8963511822352794,3.0457372198728514,7.040871279498185
39.758620689655174,1e-06,0.6666666666666666,3.7935557360104144,3.0457379658025308,6.9809730653420425
39.758620689655174,1e-06,0.7777777777777777,3.699650532308254,3.0457411332787085,6.927311806562678
39.758620689655174,1e-06,0.8888888888888888,3.6127642600848313,3.0457379926230748,6.878469786538682
39.758620689655174,1e-06,1.0,3.5317198023966547,3.045737885221194,6.833484265181582
39.758620689655174,0.34482855172413795,0.0,5.12515151299065,5.670523098657227,7.262427240451875
39.758620689655174,0.34482855172413795,0.1111111111111111,4.619988079330204,5.113034068866928,7.252575636048131
39.758620689655174,0.34482855172413795,0.2222222222222222,4.39948482156193,4.896555665563112,7.167702068325162
39.758620689655174,0.34482855172413795,0.3333333333333333,4.240513070521581,4.757827936452324,7.094868964676447
39.758620689655174,0.34482855172413795,0.4444444444444444,4.110973420092318,4.6557271698224865,7.031771973087068
39.758620689655174,0.34482855172413795,0.5555555555555556,3.999140566365379,4.57521497104951,6.9758843955918275
39.758620689655174,0.34482855172413795,0.6666666666666666,3.8993153646920407,4.509021401271354,6.925494353694201
39.758620689655174,0.34482855172413795,0.7777777777777777,3.808279380332849,4.4530537197081435,6.879439146298361
39.758620689655174,0.34482855172413795,0.8888888888888888,,,
39.758620689655174,0.34482855172413795,1.0,,,
39.758620689655174,0.689656103448276,0.0,5.12515151299065,5.960645023816872,6.9947923423543825
39.758620689655174,0.689656103448276,0.1111111111111111,4.69707299168953,5.604675416698776,7.090865656325947
39.758620689655174,0.689656103448276,0.2222222222222222,4.481477049352921,5.428767957306836,7.0527606810713
39.758620689655174,0.689656103448276,0.3333333333333333,4.3253959651837,5.311260187046051,7.004650959248761
39.758620689655174,0.689656103448276,0.4444444444444444,4.198524042605113,5.223222517288917,6.9574884141817375
39.758620689655174,0.689656103448276,0.5555555555555556,4.089346734546262,5.153091035024241,6.913031209379935
39.758620689655174,0.689656103448276,0.6666666666666666,3.9921771223621345,5.0950309786721375,6.871406251564811
39.758620689655174,0.689656103448276,0.7777777777777777,3.9037676368625283,5.045672762789815,6.832385428370559
39.758620689655174,0.689656103448276,0.8888888888888888,3.8220849224171514,5.002888809391397,6.795681192571693
39.758620689655174,0.689656103448276,1.0,3.7457740200215457,4.965247324528771,6.761022790951142
39.758620689655174,1.034483655172414,0.0,5.12515151299065,6.084904811313755,6.832692874936665
39.758620689655174,1.034483655172414,0.1111111111111111,4.760401352988506,5.836624964603368,6.952772184110013
39.758620689655174,1.034483655172414,0.2222222222222222,4.552404667593024,5.6904906839915625,6.9482553879749895
39.758620689655174,1.034483655172414,0.3333333333333333,4.3998710912918755,5.587954074153058,6.920594992845696
39.758620689655174,1.034483655172414,0.4444444444444444,4.275735004183953,5.509266552215246,6.887300933390824
39.758620689655174,1.034483655172414,0.5555555555555556,4.1690566913051725,5.4456445555374415,6.853041827104948
39.758620689655174,1.034483655172414,0.6666666666666666,4.074296640359152,5.392414358531251,6.819346466551807
39.758620689655174,1.034483655172414,0.7777777777777777,3.9882468849220154,5.346788365962265,6.786742994620788
39.758620689655174,1.034483655172414,0.8888888888888888,3.908877737591781,5.306967766441518,6.7553896639972875
39.758620689655174,1.034483655172414,1.0,3.8348227202434506,5.271722958113041,6.725297011826289
39.758620689655174,1.3793112068965518,0.0,5.12515151299065,6.155658131414667,6.722452459559873
39.758620689655174,1.3793112068965518,0.1111111111111111,4.811596131675709,5.972255420543886,6.838521118522087
39.758620689655174,1.3793112068965518,0.2222222222222222,4.613485080628827,5.850022194567883,6.855336266586675
39.758620689655174,1.3793112068965518,0.3333333333333333,4.465279013599582,5.760035509457811,6.843552683231987
39.758620689655174,8.965517344827587,0.8888888888888888,4.69119947659091,6.267852962653975,6.277450148045418
39.758620689655174,8.965517344827587,1.0,4.648212077042482,6.256171441613195,6.277609992730178
39.758620689655174,9.310344896551724,0.0,5.12515151299065,6.38041327611879,6.239929331803029
39.758620689655174,9.310344896551724,0.1111111111111111,5.061737643407888,6.365537475936885,6.246863374036238
39.758620689655174,9.310344896551724,0.2222222222222222,5.002074605405684,6.351129249249878,6.2528465085925715
39.758620689655174,9.310344896551724,0.3333333333333333,4.945758083555919,6.337199711382447,6.257858336951273
39.758620689655174,9.310344896551724,0.4444444444444444,4.892444656791762,6.323748577697599,6.2619200092051015
39.758620689655174,9.310344896551724,0.5555555555555556,4.841838785635296,6.310767712636133,6.26507784378046
39.758620689655174,9.310344896551724,0.6666666666666666,4.793683385196608,6.298243776744666,6.267392091409522
39.758620689655174,9.310344896551724,0.7777777777777777,4.747752931942715,6.286160151080215,6.268929442486142
39.758620689655174,9.310344896551724,0.8888888888888888,4.703848332315755,6.274498313931717,6.269758167529535
39.758620689655174,9.310344896551724,1.0,4.6617929999995935,6.263238812985443,6.269945072174758
39.758620689655174,9.655172448275863,0.0,5.12515151299065,6.3821053167066495,6.235189379448414
39.758620689655174,9.655172448275863,0.1111111111111111,5.063912385358143,6.367929629055911,6.241481325942426
39.758620689655174,9.655172448275863,0.2222222222222222,5.006167253576512,6.354179838813744,6.246932014917785
39.758620689655174,9.655172448275863,0.3333333333333333,4.95155023803046,6.34086604446776,6.251518383762986
39.758620689655174,9.655172448275863,0.4444444444444444,4.899749283890955,6.32798863117736,6.255253719936349
39.758620689655174,9.655172448275863,0.5555555555555556,4.850494978499896,6.315541162906554,6.258174030195064
39.758620689655174,9.655172448275863,0.6666666666666666,4.803552334257642,6.303512579655509,6.260328496038038
39.758620689655174,9.655172448275863,0.7777777777777777,4.758714700378483,6.291888823243258,6.2617729657244645
39.758620689655174,9.655172448275863,0.8888888888888888,4.7157991854938865,6.280654020451769,6.262565626148948
39.758620689655174,9.655172448275863,1.0,4.674643140148473,6.269791333115206,6.262764206902407
39.758620689655174,10.0,0.0,5.12515151299065,6.383685235826627,6.230742811658238
39.758620689655174,10.0,0.1111111111111111,5.065943282277284,6.3701517029998,6.236455177343908
39.758620689655174,10.0,0.2222222222222222,5.009997834421551,6.3570076148670225,6.241420750621294
39.758620689655174,10.0,0.3333333333333333,4.9569829734266,6.3442621077915495,6.245614929736601
39.758620689655174,10.0,0.4444444444444444,4.906614243882149,6.331916013230577,6.249044977213571
39.758620689655174,10.0,0.5555555555555556,4.858645284108836,6.319964225518275,6.2517386291697195
39.758620689655174,10.0,0.6666666666666666,4.812860646505958,6.3083975319386525,6.2537359676683995
39.758620689655174,10.0,0.7777777777777777,4.769070413116436,6.297203989354721,6.2550837656456855
39.758620689655174,10.0,0.8888888888888888,4.7271061076999406,6.286369942156677,6.2558316408489425
39.758620689655174,10.0,1.0,4.6868175353274495,6.275880765460945,6.256029504946377
41.46551724137931,1e-06,0.0,,,
41.46551724137931,1e-06,0.1111111111111111,4.5307612622448294,3.0457208565310694,7.480992724054869
41.46551724137931,1e-06,0.2222222222222222,4.303069945214673,3.0457294608251813,7.332585223898426
41.46551724137931,1e-06,0.3333333333333333,4.138923392612084,3.045733542394877,7.2280255688152755
41.46551724137931,1e-06,0.4444444444444444,4.0047785290622,3.045736034524142,7.1446266327414
41.46551724137931,1e-06,0.5555555555555556,3.888691760815676,3.045737749684733,7.0741174167110294
41.46551724137931,1e-06,0.6666666666666666,3.784942870710208,3.045726360999499,7.0124378349239
41.46551724137931,1e-06,0.7777777777777777,3.6903641498370283,3.045738248493208,6.957251596964962
41.46551724137931,1e-06,0.8888888888888888,3.603046059191269,3.0457412379014874,6.907083239863594
41.46551724137931,1e-06,1.0,3.521797730037042,3.0457419064452886,6.860927443613924
41.46551724137931,0.34482855172413795,0.0,5.167140463650056,5.765204581911848,7.270400839685703
41.46551724137931,0.34482855172413795,0.1111111111111111,4.629583714752219,5.171448070490713,7.2910806483595705
41.46551724137931,0.34482855172413795,0.2222222222222222,4.402753181010238,4.946457039185705,7.205230544371569
41.46551724137931,0.34482855172413795,0.3333333333333333,4.240318393678694,4.803250169131817,7.130666091145496
41.46551724137931,0.34482855172413795,0.4444444444444444,4.108433547072744,4.698227356765417,7.065909125548405
41.46551724137931,0.34482855172413795,0.5555555555555556,3.9948645249243984,4.615596594247791,7.008522154389978
41.46551724137931,0.34482855172413795,0.6666666666666666,3.893698234211497,4.547766625741476,6.95678877615533
41.46551724137931,0.34482855172413795,0.7777777777777777,,,
41.46551724137931,0.34482855172413795,0.8888888888888888,,,
41.46551724137931,0.34482855172413795,1.0,,,
41.46551724137931,0.689656103448276,0.0,5.167140463650056,6.03178426916047,6.990500731286734
41.46551724137931,0.689656103448276,0.1111111111111111,4.712786134951301,5.658181001779767,7.120414783264106
41.46551724137931,0.689656103448276,0.2222222222222222,4.489586912809065,5.475089559643322,7.085616002059042
41.46551724137931,0.689656103448276,0.3333333333333333,4.329357790195891,5.353481840428631,7.037618051315257
41.46551724137931,0.689656103448276,0.4444444444444444,4.19968767581383,5.262674819307557,6.989828463388809
41.46551724137931,0.689656103448276,0.5555555555555556,4.08842875820528,5.190493489314554,6.944536049214845
41.46551724137931,0.689656103448276,0.6666666666666666,3.9896265089139975,5.130826319679422,6.902030928967519
41.46551724137931,0.689656103448276,0.7777777777777777,3.899897612136864,5.080157271367184,6.862143998937584
41.46551724137931,0.689656103448276,0.8888888888888888,3.8171318255964923,5.036272804109053,6.824610117457788
41.46551724137931,0.689656103448276,1.0,,,
41.46551724137931,1.034483655172414,0.0,5.167140463650056,6.144762049736917,6.826202251547711
41.46551724137931,1.034483655172414,0.1111111111111111,4.781286069576552,5.886613594845164,6.9746310500140405
41.46551724137931,1.034483655172414,0.2222222222222222,4.56492922943178,5.734730087042737,6.976414878469602
41.46551724137931,1.034483655172414,0.3333333333333333,4.4077074496235324,5.628599395964405,6.950481621155148
41.46551724137931,1.034483655172414,0.4444444444444444,4.28039991073454,5.547390320939819,6.917528584015771
41.46551724137931,1.034483655172414,0.5555555555555556,4.17135775585207,5.481863144283717,6.883076579902902
41.46551724137931,1.034483655172414,0.6666666666666666,4.074733771933038,5.427119674510295,6.848958155571022
41.46551724137931,1.034483655172414,0.7777777777777777,3.9871619867394346,5.380247895808085,6.815830075508886
41.46551724137931,1.034483655172414,0.8888888888888888,,,
41.46551724137931,1.034483655172414,1.0,,,
41.46551724137931,1.3793112068965518,0.0,5.167140463650056,6.208722933485941,6.716277025814658
41.46551724137931,1.3793112068965518,0.1111111111111111,4.836576948062797,6.01925293912571,6.854617568163812
41.46551724137931,1.3793112068965518,0.2222222222222222,4.629916762535286,5.892532539640295,6.879207928654453
41.46551724137931,1.3793112068965518,0.3333333333333333,4.476658316159701,5.799461753970385,6.870376272866693
41.46551724137931,1.3793112068965518,0.4444444444444444,4.352006239280683,5.726392247262849,6.849851735172959
41.46551724137931,1.3793112068965518,0.5555555555555556,4.2452016338287875,5.66647784868646,6.824831985231393
41.46551724137931,1.3793112068965518,0.6666666666666666,4.150651233987201,5.615853681139893,6.798170735830177
41.46551724137931,1.3793112068965518,0.7777777777777777,4.065075048310623,5.572132485727767,6.771134597093065
41.46551724137931,1.3793112068965518,0.8888888888888888,,,
41.46551724137931,1.3793112068965518,1.0,,,
41.46551724137931,1.7241387586206898,0.0,5.167140463650056,6.250253330462948,6.63683673601273
41.46551724137931,1.7241387586206898,0.1111111111111111,4.880709035656873,6.10475116402321,6.757669944817094
41.46551724137931,1.7241387586206898,0.2222222222222222,4.685641817827716,5.998268526036609,6.794389494072408
41.46551724137931,1.7241387586206898,0.3333333333333333,4.537276562179781,5.916450750523846,6.797896181009452
41.46551724137931,1.7241387586206898,0.4444444444444444,4.415648548997797,5.850575528953059,6.787332013260677
41.46551724137931,1.7241387586206898,0.5555555555555556,4.311185204849105,5.79567890936452,6.770271979924773
41.46551724137931,1.7241387586206898,0.6666666666666666,4.218677566212468,5.748759933323819,6.750093793662369
41.46551724137931,1.7241387586206898,0.7777777777777777,4.134994638796651,5.707884624659172,6.728454682430883
41.46551724137931,1.7241387586206898,0.8888888888888888,,,
41.46551724137931,1.7241387586206898,1.0,,,
41.46551724137931,2.068966310344828,0.0,5.167140463650056,6.2795121117451504,6.5764369082664285
41.46551724137931,2.068966310344828,0.1111111111111111,4.915898835997569,6.163750157045823,6.679642412343814
41.46551724137931,2.068966310344828,0.2222222222222222,4.73322056089098,6.073436894486826,6.72137911095223
41.46551724137931,2.068966310344828,0.3333333333333333,4.5905002128628345,6.0012929667218256,6.733143398749241
41.46551724137931,2.068966310344828,0.4444444444444444,4.472270194591882,5.941814981388432,6.730212930218791
41.46551724137931,2.068966310344828,0.5555555555555556,4.370297243699854,5.891463044863868,6.719666566693206
41.46551724137931,2.068966310344828,0.6666666666666666,4.279854553861334,5.847939396843867,6.704998335344474
41.46551724137931,2.068966310344828,0.7777777777777777,4.198013343037394,5.809694646048442,6.688058211606279
41.46551724137931,2.068966310344828,0.8888888888888888,,,
41.46551724137931,2.068966310344828,1.0,,,
41.46551724137931,2.413793862068966,0.0,5.167140463650056,6.30128457975418,6.528821600424839
41.46551724137931,2.413793862068966,0.1111111111111111,4.944153956558528,6.206555494147219,6.6164734296078205
41.46551724137931,2.413793862068966,0.2222222222222222,4.773776538737609,6.129149574881673,6.658994154885918
41.46551724137931,2.413793862068966,0.3333333333333333,4.637190633124676,6.065276801138784,6.675826545226025
41.46551724137931,2.413793862068966,0.4444444444444444,4.522680311601222,6.011472938523358,6.678487861853971
41.46551724137931,2.413793862068966,0.5555555555555556,4.423357442023998,5.965240419645862,6.673112072008331
41.46551724137931,2.413793862068966,0.6666666666666666,4.335032493560641,5.924838969174873,6.663023220382819
41.46551724137931,2.413793862068966,0.7777777777777777,4.2550178959175,5.889039014857169,6.650104591063647
41.46551724137931,2.413793862068966,0.8888888888888888,,,
41.46551724137931,2.413793862068966,1.0,,,
41.46551724137931,6.551724482758622,0.2222222222222222,4.990821185686993,6.344571653942286,6.332469387796997
41.46551724137931,6.551724482758622,0.3333333333333333,4.9133776793330926,6.322675146484133,6.343984790377159
41.46551724137931,6.551724482758622,0.4444444444444444,4.841755843105247,6.3019352956104155,6.352823197908415
41.46551724137931,6.551724482758622,0.5555555555555556,4.775182249350495,6.282304099955572,6.359283397069777
41.46551724137931,6.551724482758622,0.6666666666666666,4.713007344567316,6.263717049151429,6.363676136945593
41.46551724137931,6.551724482758622,0.7777777777777777,4.65468125043397,6.246103021020899,6.36629520927892
41.46551724137931,6.551724482758622,0.8888888888888888,4.599736724992633,6.229390047149571,6.367404910812638
41.46551724137931,6.551724482758622,1.0,,,
41.46551724137931,6.8965520344827596,0.0,5.167140463650056,6.3947002215456745,6.292498831268453
41.46551724137931,6.8965520344827596,0.1111111111111111,5.079369233126341,6.3721400647676605,6.308077733451312
41.46551724137931,6.8965520344827596,0.2222222222222222,4.998770369257303,6.350559102253505,6.321154287647147
41.46551724137931,6.8965520344827596,0.3333333333333333,4.924331533154835,6.330000062812482,6.331735532380237
41.46551724137931,6.8965520344827596,0.4444444444444444,4.85523259415915,6.310456158842039,6.339983731396033
41.46551724137931,6.8965520344827596,0.5555555555555556,4.790792918250619,6.291892103671255,6.3461290898274445
41.46551724137931,6.8965520344827596,0.6666666666666666,4.730438518172764,6.274257457503277,6.350420773687914
41.46551724137931,6.8965520344827596,0.7777777777777777,4.673680846579722,6.2574948692505306,6.35310103771176
41.46551724137931,6.8965520344827596,0.8888888888888888,4.620102011469093,6.241545065208845,6.354392774994372
41.46551724137931,6.8965520344827596,1.0,,,
41.46551724137931,7.2413795862068975,0.0,5.167140463650056,6.397306238905164,6.285007152127014
41.46551724137931,7.2413795862068975,0.1111111111111111,5.083326688274523,6.376193067749649,6.299010051216385
41.46551724137931,7.2413795862068975,0.2222222222222222,5.006040987578222,6.35593802134648,6.310880399031511
41.46551724137931,7.2413795862068975,0.3333333333333333,4.934394888083183,6.336580535424991,6.320597648023533
41.46551724137931,7.2413795862068975,0.4444444444444444,4.867664637702003,6.318119215406984,6.328275058383859
41.46551724137931,7.2413795862068975,0.5555555555555556,4.805247323717285,6.300528193232221,6.334089697705897
41.46551724137931,7.2413795862068975,0.6666666666666666,4.746632638787763,6.283767883138476,6.338241414092517
41.46551724137931,7.2413795862068975,0.7777777777777777,4.691384281650041,6.267791842813745,6.340930000654174
41.46551724137931,7.2413795862068975,0.8888888888888888,4.639126995786781,6.252551067093433,6.342343335945826
41.46551724137931,7.2413795862068975,1.0,,,
41.46551724137931,7.586207137931035,0.0,5.167140463650056,6.399685915763872,6.278115831124988
41.46551724137931,7.586207137931035,0.1111111111111111,5.0869441174927745,6.379861460910955,6.290730072448742
41.46551724137931,7.586207137931035,0.2222222222222222,5.012715246238773,6.360794432763152,6.301516573791223
41.46551724137931,7.586207137931035,0.3333333333333333,4.9436695598963745,6.342520767137159,6.310437006275215
41.46551724137931,7.586207137931035,0.4444444444444444,4.879164646400688,6.325042596681775,6.317568285600637
41.46551724137931,7.586207137931035,0.5555555555555556,4.818663314320596,6.308341054457833,6.323046180555001
41.46551724137931,7.586207137931035,0.6666666666666666,4.761709343582319,6.292384968749047,6.327030971354047
41.46551724137931,7.586207137931035,0.7777777777777777,4.707911176341296,6.277136577185365,6.329687468895326
41.46551724137931,7.586207137931035,0.8888888888888888,4.656930486089693,6.262555210263258,6.331174004689105
41.46551724137931,7.586207137931035,1.0,,,
41.46551724137931,7.931034689655173,0.0,5.167140463650056,6.401867550546997,6.271755245238375
41.46551724137931,7.931034689655173,0.1111111111111111,5.090263337652902,6.383196892001097,6.283140982645054
41.46551724137931,7.931034689655173,0.2222222222222222,5.018862802254487,6.365199170726295,6.2929519768097135
41.46551724137931,7.931034689655173,0.3333333333333333,4.9522428962198255,6.347906856649244,6.30113887831067
41.46551724137931,7.931034689655173,0.4444444444444444,4.889830444925044,6.331324320252328,6.307751623052599
41.46551724137931,7.931034689655173,0.5555555555555556,4.831144313600675,6.315437911428318,6.312893792890803
41.46551724137931,7.931034689655173,0.6666666666666666,4.775774571830749,6.300223010551077,6.3166938585126715
41.46551724137931,7.931034689655173,0.7777777777777777,4.723368196963035,6.285648791633092,6.319287794500915
41.46551724137931,7.931034689655173,0.8888888888888888,4.673618959325799,6.271681376334089,6.320809028019434
41.46551724137931,7.931034689655173,1.0,,,
41.46551724137931,8.275862241379311,0.0,5.167140463650056,6.403874907497558,6.2658661693677224
41.46551724137931,8.275862241379311,0.1111111111111111,5.093319613924351,6.386242239961599,6.276160999343876
41.46551724137931,8.275862241379311,0.2222222222222222,5.024543022395216,6.369211044898984,6.285092438751408
41.46551724137931,8.275862241379311,0.3333333333333333,4.960190151132182,6.3528104936463885,6.292604778261702
41.46551724137931,8.275862241379311,0.4444444444444444,4.89974720901537,6.337046304312546,6.298727937217308
41.46551724137931,8.275862241379311,0.5555555555555556,4.84278124857296,6.321908719396366,6.303540352148741
41.46551724137931,8.275862241379311,0.6666666666666666,4.788922240599486,6.307378242462278,6.3071448685777325
41.46551724137931,8.275862241379311,0.7777777777777777,4.7378505420547565,6.2934296136154435,6.309653668030033
41.46551724137931,8.275862241379311,0.8888888888888888,,,
41.46551724137931,8.275862241379311,1.0,4.6429909415455795,6.267163334485224,6.31182896989391
41.46551724137931,8.620689793103448,0.0,5.167140463650056,6.4057280907890215,6.260397899522911
41.46551724137931,8.620689793103448,0.1111111111111111,5.096142887177647,6.389033386819504,6.269720598418727
41.46551724137931,8.620689793103448,0.2222222222222222,5.029806783002656,6.372879253165487,6.277857538900866
41.46551724137931,8.620689793103448,0.3333333333333333,4.967576433906323,6.35729179745032,6.2847498540349465
41.46551724137931,8.620689793103448,0.4444444444444444,4.9089893257193875,6.342277473193695,6.290412647412648
41.46551724137931,8.620689793103448,0.5555555555555556,4.853654224960929,6.327829427993324,6.29490467361078
41.46551724137931,8.620689793103448,0.6666666666666666,4.801235727285943,6.313932186245129,6.298308093506115
41.46551724137931,8.620689793103448,0.7777777777777777,4.751443267732996,6.300564972263433,6.300715432988567
41.46551724137931,8.620689793103448,0.8888888888888888,4.704023161985574,6.287704017191545,6.302221457704725
41.46551724137931,8.620689793103448,1.0,,,
41.46551724137931,8.965517344827587,0.0,5.167140463650056,6.40744422373469,6.255306769446566
41.46551724137931,8.965517344827587,0.1111111111111111,5.098758737182389,6.3916005791155825,6.263760325841502
41.46551724137931,8.965517344827587,0.2222222222222222,5.034697912860333,6.3762452421676805,6.2711782600229125
41.46551724137931,8.965517344827587,0.3333333333333333,4.974458310782484,6.361401519533465,6.277500731890704
41.46551724137931,8.965517344827587,0.4444444444444444,4.917621962971024,6.347076182318908,6.282731928533909
41.46551724137931,8.965517344827587,0.5555555555555556,4.863833974750768,6.333264543811313,6.286915177554379
41.46551724137931,8.965517344827587,0.6666666666666666,4.812789173792718,6.319954294614768,6.290115911747173
41.46551724137931,8.965517344827587,0.7777777777777777,4.764222464899397,6.30712828525906,6.2924103974120955
41.46551724137931,8.965517344827587,0.8888888888888888,,,
41.46551724137931,8.965517344827587,1.0,4.673622673158976,6.282847428456622,6.29459917665348
41.46551724137931,9.310344896551724,0.0,5.167140463650056,6.409037982022332,6.250554967462331
41.46551724137931,9.310344896551724,0.1111111111111111,5.101189145180007,6.393969485147125,6.258229057187722
41.46551724137931,9.310344896551724,0.2222222222222222,5.03925435685395,6.379344156351648,6.264995093157879
41.46551724137931,9.310344896551724,0.3333333333333333,4.980885124826039,6.3651827683419056,6.270793733471395
41.46551724137931,9.310344896551724,0.4444444444444444,4.925702392650625,6.351492128279464,6.275621181159258
41.46551724137931,9.310344896551724,0.5555555555555556,4.873383102621486,6.338269159638771,6.279508662558546
41.46551724137931,9.310344896551724,0.6666666666666666,4.823648628754822,6.325504053655843,6.282508059158101
41.46551724137931,9.310344896551724,0.7777777777777777,4.776256301341723,6.3131826037180225,6.284682168080069
41.46551724137931,9.310344896551724,0.8888888888888888,4.730993120748751,6.301287893218273,6.286098279343701
41.46551724137931,9.310344896551724,1.0,4.687671006347929,6.289801496327791,6.286824062319744
41.46551724137931,9.655172448275863,0.0,5.167140463650056,6.4105220163397165,6.246109584805288
41.46551724137931,9.655172448275863,0.1111111111111111,5.103453102645734,6.3961620241018124,6.253082602583575
41.46551724137931,9.655172448275863,0.2222222222222222,5.043509120064549,6.382205977014967,6.259256497922552
41.46551724137931,9.655172448275863,0.3333333333333333,4.986900086859407,6.368672371737294,6.264573397832512
41.46551724137931,9.655172448275863,0.4444444444444444,4.933281106048998,6.355567865619773,6.269023731756164
41.46551724137931,9.655172448275863,0.5555555555555556,4.882357156927711,6.342890573885633,6.272629232773688
41.46551724137931,9.655172448275863,0.6666666666666666,4.83387304470977,6.330632667881423,6.275430788438371
41.46551724137931,9.655172448275863,0.7777777777777777,4.7876059415805665,6.3187823373491945,6.277480022685333
41.46551724137931,9.655172448275863,0.8888888888888888,4.74335979218457,6.307325235549032,6.278833610469449
41.46551724137931,9.655172448275863,1.0,4.700961051737987,6.296245525939104,6.279549535397618
41.46551724137931,10.0,0.0,5.167140463650056,6.411907290284898,6.241941844149819
41.46551724137931,10.0,0.1111111111111111,5.105567101058832,6.398197022248846,6.248282580402402
41.46551724137931,10.0,0.2222222222222222,5.047491038223987,6.384856425413377,6.253917645068948
41.46551724137931,10.0,0.3333333333333333,4.992541180329539,6.371901961906557,6.2587912531162875
41.46551724137931,10.0,0.4444444444444444,4.94040275528574,6.359340020502124,6.262889729106207
41.46551724137931,10.0,0.5555555555555556,4.890805548997144,6.347169592381205,6.266227364244832
41.46551724137931,10.0,0.6666666666666666,4.843515146715877,6.335384420354163,6.268836116232359
41.46551724137931,10.0,0.7777777777777777,4.7983263569909544,6.32397465175522,6.270758328046718
41.46551724137931,10.0,0.8888888888888888,4.755058227304766,6.31292807691284,6.272041703361092
41.46551724137931,10.0,1.0,4.713550216190078,6.302231041270763,6.272735918301166
43.172413793103445,1e-06,0.0,,,
43.172413793103445,1e-06,0.1111111111111111,,,
43.172413793103445,1e-06,0.2222222222222222,4.299201212451394,3.0457280426762736,7.373261652585606
43.172413793103445,1e-06,0.3333333333333333,4.132583634133428,3.045726137864257,7.265009684812503
41.46551724137931,2.758621413793104,0.0,5.167140463650056,6.31813856701048,6.490247830623957
41.46551724137931,2.758621413793104,0.1111111111111111,4.967103031042797,6.2388420284967685,6.564794414289193
41.46551724137931,2.758621413793104,0.2222222222222222,4.808385332792512,6.171786977958299,6.6058081515781915
41.46551724137931,2.758621413793104,0.3333333333333333,4.678150770169527,6.114959735936498,6.625390725877072
41.46551724137931,2.758621413793104,0.4444444444444444,4.567593302759422,6.066168634434573,6.631956325215477
41.46551724137931,2.758621413793104,0.5555555555555556,4.471063142474435,6.023660186699725,6.630562951080022
41.46551724137931,2.758621413793104,0.6666666666666666,4.38491960502641,5.9861260652521535,6.624197930334395
41.46551724137931,2.758621413793104,0.7777777777777777,4.3067386556087035,5.9525976532614635,6.614663831959512
41.46551724137931,2.758621413793104,0.8888888888888888,4.234844403601529,5.9223495261519865,6.603082432112944
41.46551724137931,2.758621413793104,1.0,4.168036833681169,5.894829040033777,6.590173429586779
41.46551724137931,3.103448965517242,0.0,5.167140463650056,6.331581620054063,6.458324310343958
41.46551724137931,3.103448965517242,0.1111111111111111,4.98599108551764,6.263960626463844,6.5220020061195365
41.46551724137931,3.103448965517242,0.2222222222222222,4.8380220714103315,6.205274034267716,6.560399515845826
41.46551724137931,3.103448965517242,0.3333333333333333,4.714124105594375,6.154442085176884,6.581142703960877
41.46551724137931,3.103448965517242,0.4444444444444444,4.607650461484185,6.1100654098949265,6.590285373178684
41.46551724137931,3.103448965517242,0.5555555555555556,4.5140203535335415,6.070913055342812,6.59186638459442
41.46551724137931,3.103448965517242,0.6666666666666666,4.430117466054712,6.03600533230539,6.588465605431235
41.46551724137931,3.103448965517242,0.7777777777777777,4.353787174493588,6.004583056672638,6.581734276857373
41.46551724137931,3.103448965517242,0.8888888888888888,4.283500194506282,5.976058365227858,6.57274828507729
41.46551724137931,3.103448965517242,1.0,,,
41.46551724137931,3.44827651724138,0.0,5.167140463650056,6.342559381144433,6.431445159820233
41.46551724137931,3.44827651724138,0.1111111111111111,5.001745472310818,6.284001138882172,6.486136948880377
41.46551724137931,3.44827651724138,0.2222222222222222,4.863531969597674,6.232147570866069,6.521482966465077
41.46551724137931,3.44827651724138,0.3333333333333333,4.745786761028518,6.186424305633937,6.542348910893573
41.46551724137931,3.44827651724138,0.4444444444444444,4.643430302036071,6.145928406324079,6.55306618410011
41.46551724137931,3.44827651724138,0.5555555555555556,4.552763468496581,6.109792754075691,6.556796032217871
41.46551724137931,3.44827651724138,0.6666666666666666,4.471145683573129,6.077284436818189,6.555705297174847
41.46551724137931,3.44827651724138,0.7777777777777777,4.396683696943298,6.0478101101782284,6.551258988644383
41.46551724137931,3.44827651724138,0.8888888888888888,,,
41.46551724137931,3.44827651724138,1.0,,,
41.46551724137931,3.7931040689655178,0.0,5.167140463650056,6.351696061995679,6.408488697553733
41.46551724137931,3.7931040689655178,0.1111111111111111,5.015052651262385,6.300326678411305,6.455732419251614
41.46551724137931,3.7931040689655178,0.2222222222222222,4.8856245384856845,6.254111243758893,6.487957275043102
41.46551724137931,3.7931040689655178,0.3333333333333333,4.773740862475079,6.212755101818539,6.508300064475795
41.46551724137931,3.7931040689655178,0.4444444444444444,4.675453009315781,6.17566994474886,6.519859666188165
41.46551724137931,3.7931040689655178,0.5555555555555556,4.587767475498213,6.142241459121483,6.52508186459539
41.46551724137931,3.7931040689655178,0.6666666666666666,4.508458773568699,6.111920518467692,6.525752239734961
41.46551724137931,3.7931040689655178,0.7777777777777777,4.435876934352079,6.084243777626529,6.523140557134903
41.46551724137931,3.7931040689655178,0.8888888888888888,,,
41.46551724137931,3.7931040689655178,1.0,,,
41.46551724137931,4.137931620689656,0.0,5.167140463650056,6.359420777870492,6.388646083125317
41.46551724137931,4.137931620689656,0.1111111111111111,5.02642310061097,6.313860298257092,6.429684800682833
41.46551724137931,4.137931620689656,0.2222222222222222,4.904883429896391,6.272345624516329,6.458906356424616
41.46551724137931,4.137931620689656,0.3333333333333333,4.798512547281967,6.234739101181222,6.478346779123752
41.46551724137931,4.137931620689656,0.4444444444444444,4.704182775318172,6.200654556363077,6.490229097445946
41.46551724137931,4.137931620689656,0.5555555555555556,4.619455621428057,6.169653806273069,6.496434260856214
41.46551724137931,4.137931620689656,0.6666666666666666,4.5424576772393515,6.141324056632885,6.49841519842377
41.46551724137931,4.137931620689656,0.7777777777777777,4.471758196216302,6.115303167385736,6.497254010673688
41.46551724137931,4.137931620689656,0.8888888888888888,4.406260437059676,6.091282935744502,6.493747117566579
41.46551724137931,4.137931620689656,1.0,,,
41.46551724137931,4.482759172413794,0.0,5.167140463650056,6.366038473527608,6.37131846472979
41.46551724137931,4.482759172413794,0.1111111111111111,5.036240242460122,6.325247231443731,6.4071557489163995
41.46551724137931,4.482759172413794,0.2222222222222222,4.921783496596546,6.287690873838056,6.4335796112401455
41.46551724137931,4.482759172413794,0.3333333333333333,4.820554708077758,6.2533201689131355,6.451914457787589
41.46551724137931,4.482759172413794,0.4444444444444444,4.730030133928661,6.221880598852726,6.46376084880713
41.46551724137931,4.482759172413794,0.5555555555555556,4.648204629033324,6.19305740635462,6.470561885729693
41.46551724137931,4.482759172413794,0.6666666666666666,4.5734977636089535,6.166538880055912,6.473490414944175
41.46551724137931,4.482759172413794,0.7777777777777777,4.50467153214621,6.142041356933585,6.4734576122195255
41.46551724137931,4.482759172413794,0.8888888888888888,4.440755643696948,6.119316412209977,6.47115816181923
41.46551724137931,4.482759172413794,1.0,,,
41.46551724137931,4.827586724137932,0.0,5.167140463650056,6.371771927072642,6.356052480963354
41.46551724137931,4.827586724137932,0.1111111111111111,5.0447956439650605,6.334950943576932,6.387501104112358
41.46551724137931,4.827586724137932,0.2222222222222222,4.936709378483743,6.30075885980471,6.411366007416621
41.46551724137931,4.827586724137932,0.3333333333333333,4.840253074085692,6.269195716333197,6.428505391764266
41.46551724137931,4.827586724137932,0.4444444444444444,4.753355123321043,6.2400938193565185,6.4400756982566625
41.46551724137931,4.827586724137932,0.5555555555555556,4.67434878785758,6.213225565392906,6.447183840623491
41.46551724137931,4.827586724137932,0.6666666666666666,4.601894642014607,6.188354351548925,6.450772132376941
41.46551724137931,4.827586724137932,0.7777777777777777,4.534921132372233,6.165257278209579,6.451601486411506
41.46551724137931,4.827586724137932,0.8888888888888888,4.47257177280002,6.143733776218638,6.450271286997795
41.46551724137931,4.827586724137932,1.0,,,
41.46551724137931,5.17241427586207,0.0,5.167140463650056,6.376787744835201,6.342498310595293
41.46551724137931,5.17241427586207,0.1111111111111111,5.052313935918705,6.3433122551142755,6.370219984712267
41.46551724137931,5.17241427586207,0.2222222222222222,4.949972669934631,6.312004322258678,6.3917687371131136
41.46551724137931,5.17241427586207,0.3333333333333333,4.857933996877583,6.282890574037009,6.407693989904593
41.46551724137931,5.17241427586207,0.4444444444444444,4.774471325792317,6.255861179522836,6.4188335048133265
41.46551724137931,5.17241427586207,0.5555555555555556,4.698183631899197,6.230750591520489,6.426037104546014
41.46551724137931,5.17241427586207,0.6666666666666666,4.627928667393797,6.207378237363545,6.430060025340449
41.46551724137931,5.17241427586207,0.7777777777777777,4.562776887143919,6.185568290306536,6.431534190019509
41.46551724137931,5.17241427586207,0.8888888888888888,4.50197260853915,6.165158428204175,6.430972668879829
41.46551724137931,5.17241427586207,1.0,,,
41.46551724137931,5.517241827586208,0.0,5.167140463650056,6.381213054399171,6.330381530551983
41.46551724137931,5.517241827586208,0.1111111111111111,5.058970427466596,6.35058698436354,6.354918336490302
41.46551724137931,5.517241827586208,0.2222222222222222,4.961826546144057,6.321771355570696,6.374383078932519
41.46551724137931,5.517241827586208,0.3333333333333333,4.873872656408945,6.294806138095639,6.389118961241739
41.46551724137931,5.517241827586208,0.4444444444444444,4.793650485112573,6.269620376152189,6.39973362849821
41.46551724137931,5.517241827586208,0.5555555555555556,4.719969506637003,6.2460930789994595,6.406880422915698
41.46551724137931,5.517241827586208,0.6666666666666666,4.651848682668893,6.2240856858513744,6.411164047756178
41.46551724137931,5.517241827586208,0.7777777777777777,4.588478727705809,6.203458911657561,6.413107459608569
41.46551724137931,5.517241827586208,0.8888888888888888,4.529192220027072,6.184080997036197,6.413147364591918
41.46551724137931,5.517241827586208,1.0,4.4734381012789655,6.165831246626302,6.411641779001732
41.46551724137931,5.862069379310346,0.0,5.167140463650056,6.385146567418468,6.319483728552415
41.46551724137931,5.862069379310346,0.1111111111111111,5.064903633735547,6.356970635570028,6.34128266602467
41.46551724137931,5.862069379310346,0.2222222222222222,4.97247769611221,6.330324541657437,6.3588780702610705
41.46551724137931,5.862069379310346,0.3333333333333333,4.88830087823042,6.305253870393897,6.372474664408494
41.46551724137931,5.862069379310346,0.4444444444444444,4.811127327843858,6.281713925895689,6.382512887183255
41.46551724137931,5.862069379310346,0.5555555555555556,4.739935092151884,6.259615962596464,6.389495709358601
41.46551724137931,5.862069379310346,0.6666666666666666,4.673875304059918,6.238853100735704,6.393907264404607
41.46551724137931,5.862069379310346,0.7777777777777777,4.612240160686348,6.21931451082344,6.396179434373637
41.46551724137931,5.862069379310346,0.8888888888888888,4.554438916593436,6.200892881518197,6.396682468870033
41.46551724137931,5.862069379310346,1.0,,,
41.46551724137931,6.206896931034484,0.0,5.167140463650056,6.388666113383655,6.309628834734411
41.46551724137931,6.206896931034484,0.1111111111111111,5.070224273247283,6.362615019096872,6.329060934726943
41.46551724137931,6.206896931034484,0.2222222222222222,4.982095833147586,6.337870273158143,6.344981742593596
41.46551724137931,6.206896931034484,0.3333333333333333,4.901414148440151,6.314478617709312,6.357502775306524
41.46551724137931,6.206896931034484,0.4444444444444444,4.827104276272782,6.292413138706635,6.366942272559217
41.46551724137931,6.206896931034484,0.5555555555555556,4.758280839914166,6.271608594265316,6.373687826965988
41.46551724137931,6.206896931034484,0.6666666666666666,4.694203902286835,6.251982136869353,6.378127197295436
41.46551724137931,6.206896931034484,0.7777777777777777,4.634251256608883,6.233445181235307,6.380616666342375
41.46551724137931,6.206896931034484,0.8888888888888888,4.577898457014485,6.215910011394471,6.381469315356658
41.46551724137931,6.206896931034484,1.0,4.524702788229134,6.1992932661827265,6.380953403851019
41.46551724137931,6.551724482758622,0.0,5.167140463650056,6.39183389341472,6.300673287741611
41.46551724137931,6.551724482758622,0.1111111111111111,5.075021804600757,6.36763970247798,6.3180485121016225
43.172413793103445,1e-06,0.4444444444444444,3.9967966582449903,3.045735164942741,7.178851134038922
43.172413793103445,1e-06,0.5555555555555556,3.8795507280985833,3.0457370023473116,7.106138363373369
43.172413793103445,1e-06,0.6666666666666666,3.7749830181113064,3.045738355084169,7.042629385189779
43.172413793103445,1e-06,0.7777777777777777,3.679854182869497,3.0457393995755893,6.985889089810442
43.172413793103445,1e-06,0.8888888888888888,3.592225711659388,3.0457402317165907,6.934373653222534
43.172413793103445,1e-06,1.0,3.510892276197231,3.045740916972934,6.887034938195428
43.172413793103445,0.34482855172413795,0.0,5.207194796768261,5.854443521845238,7.272607484125511
43.172413793103445,0.34482855172413795,0.1111111111111111,4.637071078356021,5.226968498989474,7.328743751152946
43.172413793103445,0.34482855172413795,0.2222222222222222,4.404061998576179,4.993979608118705,7.241979044087044
43.172413793103445,0.34482855172413795,0.3333333333333333,4.238273965389269,4.846557756715806,7.165627036970574
43.172413793103445,0.34482855172413795,0.4444444444444444,4.104139018200087,4.738773817545431,7.099144052917157
43.172413793103445,0.34482855172413795,0.5555555555555556,3.988921907252552,4.654131690782926,7.040198469622263
43.172413793103445,0.34482855172413795,0.6666666666666666,,,
43.172413793103445,0.34482855172413795,0.7777777777777777,,,
43.172413793103445,0.34482855172413795,0.8888888888888888,,,
43.172413793103445,0.34482855172413795,1.0,,,
43.172413793103445,0.689656103448276,0.0,5.207194796768261,6.098366544472599,6.982630224214701
43.172413793103445,0.689656103448276,0.1111111111111111,4.726582105004173,5.709077836333391,7.148918669695904
43.172413793103445,0.689656103448276,0.2222222222222222,4.495818386411821,5.519299582560012,7.117709934405284
43.172413793103445,0.689656103448276,0.3333333333333333,4.331494365937803,5.393863117797987,7.069847841369514
43.172413793103445,0.689656103448276,0.4444444444444444,4.199077313812431,5.300460097614009,7.021404213016267
43.172413793103445,0.689656103448276,0.5555555555555556,4.085786609846677,5.226348644650858,6.9752379489529615
43.172413793103445,0.689656103448276,0.6666666666666666,3.985400957402251,5.16516108106477,6.931813451192406
43.172413793103445,0.689656103448276,0.7777777777777777,,,
43.172413793103445,0.689656103448276,0.8888888888888888,,,
43.172413793103445,0.689656103448276,1.0,,,
43.172413793103445,1.034483655172414,0.0,5.207194796768261,6.200737205677504,6.817308756287545
43.172413793103445,1.034483655172414,0.1111111111111111,4.800423510540288,5.934107994541941,6.9952450788505125
43.172413793103445,1.034483655172414,0.2222222222222222,4.575678043481719,5.776950766401578,7.003749222858224
43.172413793103445,1.034483655172414,0.3333333333333333,4.413781567910346,5.667494686806274,6.979644915949405
43.172413793103445,1.034483655172414,0.4444444444444444,4.28332449677541,5.583941630152383,6.947049007386703
43.172413793103445,1.034483655172414,0.5555555555555556,4.171942921052578,5.516635450816934,6.912391552432717
43.172413793103445,1.034483655172414,0.6666666666666666,4.073480755919817,5.460472314223252,6.877827311482258
43.172413793103445,1.034483655172414,0.7777777777777777,,,
43.172413793103445,1.034483655172414,0.8888888888888888,,,
43.172413793103445,1.034483655172414,1.0,,,
43.172413793103445,1.3793112068965518,0.0,5.207194796768261,6.258349594150182,6.708339402283808
43.172413793103445,1.3793112068965518,0.1111111111111111,4.8599098983316145,6.063836085289035,6.869390873986076
43.172413793103445,1.3793112068965518,0.2222222222222222,4.6446664332660985,5.933074169194972,6.902173095373823
43.172413793103445,1.3793112068965518,0.3333333333333333,4.4863472275859,5.837180716982153,6.896447383354712
43.172413793103445,1.3793112068965518,0.4444444444444444,4.358237441181233,5.7620303388569445,6.877146965494852
43.172413793103445,1.3793112068965518,0.5555555555555556,4.248849864766421,5.700498385943162,6.852528715032205
43.172413793103445,1.3793112068965518,0.6666666666666666,4.152259758209965,5.6485644951331855,6.825866263270261
43.172413793103445,1.3793112068965518,0.7777777777777777,,,
43.172413793103445,1.3793112068965518,0.8888888888888888,3.984918852933732,5.564418658972028,6.77147995528994
43.172413793103445,1.3793112068965518,1.0,,,
43.172413793103445,1.7241387586206898,0.0,5.207194796768261,6.295584923312837,6.630355473413567
43.172413793103445,1.7241387586206898,0.1111111111111111,4.907165480162141,6.146851840898916,6.768556955187215
43.172413793103445,1.7241387586206898,0.2222222222222222,4.703817032044605,6.03729830651905,6.813667368049984
43.172413793103445,1.7241387586206898,0.3333333333333333,4.550210938674673,5.953119200042213,6.821076889500482
43.172413793103445,1.7241387586206898,0.4444444444444444,4.424915773467359,5.885417955025699,6.812407127379932
43.172413793103445,1.7241387586206898,0.5555555555555556,4.317686156294179,5.829063514628549,6.79626174450525
43.172413793103445,1.7241387586206898,0.6666666666666666,,,
43.172413793103445,1.7241387586206898,0.7777777777777777,4.137491590805431,5.739056275365874,6.754935324724313
43.172413793103445,1.7241387586206898,0.8888888888888888,,,
43.172413793103445,1.7241387586206898,1.0,,,
43.172413793103445,2.068966310344828,0.0,5.207194796768261,6.321719511703811,6.5714883765060765
43.172413793103445,2.068966310344828,0.1111111111111111,4.9446307889424,6.203759719967097,6.68812127067623
43.172413793103445,2.068966310344828,0.2222222222222222,4.7542477787282875,6.111098372395847,6.737738819550669
43.172413793103445,2.068966310344828,0.3333333333333333,4.606291647195907,6.036993204156942,6.753773611942317
43.172413793103445,2.068966310344828,0.4444444444444444,4.484283119795324,5.975925260448902,6.7531965350905185
43.172413793103445,2.068966310344828,0.5555555555555556,4.37941921489647,5.924267856156463,6.743966916408259
43.172413793103445,2.068966310344828,0.6666666666666666,,,
43.172413793103445,2.068966310344828,0.7777777777777777,,,
43.172413793103445,2.068966310344828,0.8888888888888888,,,
43.172413793103445,2.068966310344828,1.0,,,
43.172413793103445,2.413793862068966,0.0,5.207194796768261,6.341107344938503,6.525342968356301
43.172413793103445,2.413793862068966,0.1111111111111111,4.974552975881393,6.244809369425022,6.623545943694725
43.172413793103445,2.413793862068966,0.2222222222222222,4.797134407433406,6.165581418379483,6.67315135080498
43.172413793103445,2.413793862068966,0.3333333333333333,4.655456622853301,6.100080957404553,6.69430402277106
43.172413793103445,2.413793862068966,0.4444444444444444,4.537145076428506,6.044898503963252,6.699584394039489
43.172413793103445,2.413793862068966,0.5555555555555556,4.4348621278627,5.997501987363569,6.69581415580102
43.172413793103445,2.413793862068966,0.6666666666666666,4.344145548784134,5.956107176399791,6.686711964391316
43.172413793103445,2.413793862068966,0.7777777777777777,,,
43.172413793103445,2.413793862068966,0.8888888888888888,,,
43.172413793103445,2.413793862068966,1.0,,,
43.172413793103445,2.758621413793104,0.0,5.207194796768261,6.356077036364698,6.488131815327641
43.172413793103445,2.758621413793104,0.1111111111111111,4.998749812304421,6.275615916510475,6.571109947376356
43.172413793103445,2.758621413793104,0.2222222222222222,4.83363225228039,6.207121325630627,6.6183604621894165
43.172413793103445,2.758621413793104,0.3333333333333333,4.6985349420692115,6.148937677947732,6.642111981819254
43.172413793103445,2.758621413793104,0.4444444444444444,4.584225210788512,6.098952408320616,6.651406090042958
43.172413793103445,2.758621413793104,0.5555555555555556,4.484715467154222,6.0554085017689205,6.651803468662067
43.172413793103445,2.758621413793104,0.6666666666666666,4.396136356259767,6.016974317777116,6.646619181131509
43.172413793103445,2.758621413793104,0.7777777777777777,,,
43.172413793103445,2.758621413793104,0.8888888888888888,,,
43.172413793103445,2.758621413793104,1.0,,,
43.172413793103445,3.103448965517242,0.0,5.207194796768261,6.367991476297643,6.457454325185771
43.172413793103445,3.103448965517242,0.1111111111111111,5.018597464592125,6.29947736008249,6.527975891348651
43.172413793103445,3.103448965517242,0.2222222222222222,4.864801518801733,6.239632455983187,6.571815739751564
43.172413793103445,3.103448965517242,0.3333333333333333,4.736309217017568,6.187661990852207,6.596468038427002
43.172413793103445,3.103448965517242,0.4444444444444444,4.6261835740481665,6.142249134529942,6.608334861761025
43.172413793103445,3.103448965517242,0.5555555555555556,4.52959550956316,6.102176099842539,6.611805019768605
43.172413793103445,3.103448965517242,0.6666666666666666,4.443243706104883,6.066453788501252,6.609717128196831
43.172413793103445,3.103448965517242,0.7777777777777777,,,
43.172413793103445,3.103448965517242,0.8888888888888888,,,
43.172413793103445,3.103448965517242,1.0,,,
43.172413793103445,3.44827651724138,0.0,5.207194796768261,6.3777031639915105,6.4317087990537045
43.172413793103445,3.44827651724138,0.1111111111111111,5.035109938609255,6.318440501060414,6.4920343025693334
43.172413793103445,3.44827651724138,0.2222222222222222,4.8915639586656345,6.265638777045069,6.532118293519813
43.172413793103445,3.44827651724138,0.3333333333333333,4.769500114260001,6.218951412833397,6.556587280253881
43.172413793103445,3.44827651724138,0.4444444444444444,4.663623682816409,6.177553115519682,6.569948869051582
43.172413793103445,3.44827651724138,0.5555555555555556,4.570051875668343,6.140597940689958,6.57559869467894
43.172413793103445,3.44827651724138,0.6666666666666666,4.485997430537621,6.107352412760985,6.575900165541685
43.172413793103445,3.44827651724138,0.7777777777777777,,,
43.172413793103445,3.44827651724138,0.8888888888888888,4.338971698589097,6.04970192300857,6.566390342048279
43.172413793103445,3.44827651724138,1.0,,,
43.172413793103445,3.7931040689655178,0.0,5.207194796768261,6.385773397938293,6.409782603733987
43.172413793103445,3.7931040689655178,0.1111111111111111,5.049030619361679,6.333834528460721,6.461722216115147
43.172413793103445,3.7931040689655178,0.2222222222222222,4.9146917237588355,6.286830706750718,6.498076046256884
43.172413793103445,3.7931040689655178,0.3333333333333333,4.798753732009376,6.24465046001568,6.521706863479721
43.172413793103445,3.7931040689655178,0.4444444444444444,4.6970936926687825,6.206775522224718,6.535785621626467
43.172413793103445,3.7931040689655178,0.5555555555555556,4.6065778891324385,6.172615861188359,6.542909373385568
43.172413793103445,3.7931040689655178,0.6666666666666666,4.524864925493508,6.14162710653991,6.545008600468238
43.172413793103445,3.7931040689655178,0.7777777777777777,,,
43.172413793103445,3.7931040689655178,0.8888888888888888,4.381320229048131,6.087374066159121,6.539280522166126
43.172413793103445,3.7931040689655178,1.0,4.31719523554661,6.063400496180586,6.533148053670622
43.172413793103445,4.137931620689656,0.0,5.207194796768261,6.392587161099195,6.390877224295701
43.172413793103445,4.137931620689656,0.1111111111111111,5.060907944452416,6.346555993306964,6.435873944239935
43.172413793103445,4.137931620689656,0.2222222222222222,4.934817134750586,6.304376386787993,6.4687036614703155
43.172413793103445,4.137931620689656,0.3333333333333333,4.824635971404612,6.2660588205144325,6.491128382619787
43.172413793103445,4.137931620689656,0.4444444444444444,4.727086011221591,6.231279142763925,6.50538098724468
43.172413793103445,4.137931620689656,0.5555555555555556,4.6396165814174575,6.199623950590906,6.513435571786487
43.172413793103445,4.137931620689656,0.6666666666666666,4.5602615576786745,6.170688202668908,6.51684918010621
43.172413793103445,4.137931620689656,0.7777777777777777,4.4875148034467625,6.1441097680753005,6.516795073709473
43.172413793103445,4.137931620689656,0.8888888888888888,,,
43.172413793103445,4.137931620689656,1.0,4.357481610257247,6.096826842820055,6.509535049826514
43.172413793103445,4.482759172413794,0.0,5.207194796768261,6.398417473588258,6.374403912059495
43.172413793103445,4.482759172413794,0.1111111111111111,5.0711512588976495,6.357229370958253,6.413610601849965
43.172413793103445,4.482759172413794,0.2222222222222222,4.952451903847518,6.319104886887691,6.443198912022509
43.172413793103445,4.482759172413794,0.3333333333333333,4.84763372275753,6.284115168505401,6.464235375449243
43.172413793103445,4.482759172413794,0.4444444444444444,4.754037733095813,6.252060124289489,6.47829391111995
43.172413793103445,4.482759172413794,0.5555555555555556,4.669564540114869,6.222648961800005,6.486870738601865
43.172413793103445,4.482759172413794,0.6666666666666666,4.592557742171603,6.195579251746793,6.4912116271665745
43.172413793103445,4.482759172413794,0.7777777777777777,,,
43.172413793103445,4.482759172413794,0.8888888888888888,,,
43.172413793103445,4.482759172413794,1.0,4.394662399924254,6.1257637120921435,6.487541877248637
43.172413793103445,4.827586724137932,0.0,5.207194796768261,6.4034634215509305,6.359918598891679
43.172413793103445,4.827586724137932,0.1111111111111111,5.080070306490018,6.366301747135511,6.394261268586052
43.172413793103445,4.827586724137932,0.2222222222222222,4.968008341756219,6.331618449398306,6.420912602884991
43.172413793103445,4.827586724137932,0.3333333333333333,4.868160777794083,6.299511830315101,6.440495741061415
43.172413793103445,4.827586724137932,0.4444444444444444,4.778332727112507,6.2698617281779745,6.454119883579819
43.172413793103445,4.827586724137932,0.5555555555555556,4.696774997429423,6.242463065923459,6.46291774189504
43.172413793103445,4.827586724137932,0.6666666666666666,4.622084011732293,6.217089151291499,6.467881151501176
43.172413793103445,4.827586724137932,0.7777777777777777,,,
43.172413793103445,4.827586724137932,0.8888888888888888,,,
43.172413793103445,4.827586724137932,1.0,4.429042955163915,6.151019473626176,6.467093556741915
43.172413793103445,5.17241427586207,0.0,5.207194796768261,6.407873644239843,6.347079766103483
43.172413793103445,5.17241427586207,0.1111111111111111,5.08790279705617,6.3741008963429575,6.377307258523902
43.172413793103445,5.17241427586207,0.2222222222222222,4.981818847869468,6.342363577823965,6.401319753291751
43.172413793103445,5.17241427586207,0.3333333333333333,4.886566177202055,6.31276886829558,6.419456243973345
43.172413793103445,5.17241427586207,0.4444444444444444,4.800305257036487,6.2852483287510985,6.432496534722255
43.172413793103445,5.17241427586207,0.5555555555555556,4.721560876435046,6.259657240328967,6.441297753216632
43.172413793103445,5.17241427586207,0.6666666666666666,4.649134971849714,6.235825028310717,6.446647300901456
43.172413793103445,5.17241427586207,0.7777777777777777,,,
43.172413793103445,5.17241427586207,0.8888888888888888,,,
43.172413793103445,5.17241427586207,1.0,4.460892785971041,6.173221436155381,6.44810534350071
43.172413793103445,5.517241827586208,0.0,5.207194796768261,6.411761387953604,6.335620301221657
43.172413793103445,5.517241827586208,0.1111111111111111,5.094833679135316,6.380872145009373,6.362342621378443
43.172413793103445,5.517241827586208,0.2222222222222222,4.994152360307877,6.351677363021171,6.383994797173106
43.172413793103445,5.517241827586208,0.3333333333333333,4.903143253772495,6.324283327380589,6.400733629981472
43.172413793103445,5.517241827586208,0.4444444444444444,4.82024461729845,6.298655062780667,6.413104246297826
43.172413793103445,5.517241827586208,0.5555555555555556,4.7441980438867,6.274690637982929,6.4217549250970585
43.172413793103445,5.517241827586208,0.6666666666666666,4.673972680655484,6.252261257838269,6.427309754706502
43.172413793103445,5.517241827586208,0.7777777777777777,,,
43.172413793103445,5.517241827586208,0.8888888888888888,,,
43.172413793103445,5.517241827586208,1.0,4.490450999986025,6.19286425034597,6.430487221353074
43.172413793103445,5.862069379310346,0.0,5.207194796768261,6.415214464929637,6.325328184213775
43.172413793103445,5.862069379310346,0.1111111111111111,5.101008727572265,6.386802479205007,6.349045917662503
43.172413793103445,5.862069379310346,0.2222222222222222,5.005227642402742,6.359818441339614,6.36859129142088
43.172413793103445,5.862069379310346,0.3333333333333333,4.918138306729408,6.334362764929354,6.384004904273771
43.172413793103445,5.862069379310346,0.4444444444444444,4.838400217314954,6.310421997964826,6.395663921560928
43.172413793103445,5.862069379310346,0.5555555555555556,4.764928755165106,6.287924713809864,6.40405814392295
43.172413793103445,5.862069379310346,0.6666666666666666,4.6968297356703,6.266773381738394,6.40968173598116
43.172413793103445,5.862069379310346,0.7777777777777777,4.633359911792664,6.2468619274791815,6.412986150407665
43.172413793103445,5.862069379310346,0.8888888888888888,,,
43.172413793103445,5.862069379310346,1.0,,,
43.172413793103445,6.206896931034484,0.0,5.207194796768261,6.418302024178926,6.316032918568982
43.172413793103445,6.206896931034484,0.1111111111111111,5.106544234848403,6.392036731063344,6.337159833539627
43.172413793103445,6.206896931034484,0.2222222222222222,5.015223772384582,6.36698815265021,6.354825723523682
43.172413793103445,6.206896931034484,0.3333333333333333,4.931758378106582,6.343248558796501,6.368998057235548
43.172413793103445,6.206896931034484,0.4444444444444444,4.854986663278878,6.320818154024786,6.3799333506512514
43.172413793103445,6.206896931034484,0.5555555555555556,4.783965167159946,6.299647355183362,6.388000893560693
43.172413793103445,6.206896931034484,0.6666666666666666,4.717912185069736,6.279662145868641,6.393591676878689
43.172413793103445,6.206896931034484,0.7777777777777777,,,
43.172413793103445,6.206896931034484,0.8888888888888888,,,
43.172413793103445,6.206896931034484,1.0,,,
43.172413793103445,6.551724482758622,0.0,5.207194796768261,6.421079266017498,6.30759580016814
43.172413793103445,6.551724482758622,0.1111111111111111,5.1115340130422995,6.396688703091345,6.326476285716099
43.172413793103445,6.551724482758622,0.2222222222222222,5.024288336306045,6.373345295739907,6.3424647439923625
43.172413793103445,6.551724482758622,0.3333333333333333,4.944177948221369,6.351132410638838,6.355483789770768
43.172413793103445,6.551724482758622,0.4444444444444444,4.870188541665227,6.330058702415503,6.365703064049402
43.172413793103445,6.551724482758622,0.5555555555555556,4.801492777653931,6.310090275359734,6.373399996124048
43.172413793103445,6.551724482758622,0.6666666666666666,4.737402290937234,6.291170882550069,6.378883673047861
43.172413793103445,6.551724482758622,0.7777777777777777,,,
43.172413793103445,6.551724482758622,0.8888888888888888,,,
43.172413793103445,6.551724482758622,1.0,,,
43.172413793103445,6.8965520344827596,0.0,5.207194796768261,6.423590794567966,6.299902810098902
43.172413793103445,6.8965520344827596,0.1111111111111111,5.116054519696688,6.400848974093481,6.316825408773905
43.172413793103445,6.8965520344827596,0.2222222222222222,5.032543803738987,6.379016608360193,6.331315145851456
43.172413793103445,6.8965520344827596,0.3333333333333333,4.955544560521295,6.358168226097144,6.343268396746579
43.172413793103445,6.8965520344827596,0.4444444444444444,4.884164744828749,6.338317481591096,6.352792187763547
43.172413793103445,6.8965520344827596,0.5555555555555556,4.817673676502792,6.319441760155733,6.360093760699848
43.172413793103445,6.8965520344827596,0.6666666666666666,4.7554611319369435,6.301498300632523,6.365417147217625
43.172413793103445,6.8965520344827596,0.7777777777777777,,,
43.172413793103445,6.8965520344827596,0.8888888888888888,,,
43.172413793103445,6.8965520344827596,1.0,,,
43.172413793103445,7.2413795862068975,0.0,5.207194796768261,6.425873046677664,6.292859338766721
43.172413793103445,7.2413795862068975,0.1111111111111111,5.120168658952335,6.404590479668931,6.3080673184087885
43.172413793103445,7.2413795862068975,0.2222222222222222,5.040092492515896,6.384104335266102,6.321216003105929
43.172413793103445,7.2413795862068975,0.3333333333333333,4.965983477850124,6.364480796389836,6.332187774975326
43.172413793103445,7.2413795862068975,0.4444444444444444,4.897052277522325,6.3457362355009,6.34104456930725
43.172413793103445,7.2413795862068975,0.5555555555555556,4.832649533857259,6.327856145866531,6.347939887259779
43.172413793103445,7.2413795862068975,0.6666666666666666,4.7722310221627735,6.310808039290795,6.353066032627693
43.172413793103445,7.2413795862068975,0.7777777777777777,4.7153346592848155,6.294549800482893,6.356624109303954
43.172413793103445,7.2413795862068975,0.8888888888888888,4.6615647790169294,6.279034960146393,6.358807917265479
43.172413793103445,7.2413795862068975,1.0,,,
43.172413793103445,7.586207137931035,0.0,5.207194796768261,6.427956081345364,6.286386211793589
43.172413793103445,7.586207137931035,0.1111111111111111,5.123928635379744,6.407972569380693,6.300085882064415
43.172413793103445,7.586207137931035,0.2222222222222222,5.047020447355525,6.38869177668011,6.312032489625186
43.172413793103445,7.586207137931035,0.3333333333333333,4.975601504936347,6.3701722302729324,6.322102439306784
43.172413793103445,7.586207137931035,0.4444444444444444,4.908969545499752,6.352431522481903,6.330325294624334
43.172413793103445,7.586207137931035,0.5555555555555556,4.846544288032038,6.33546095827063,6.336813340323232
43.172413793103445,7.586207137931035,0.6666666666666666,4.787837727242192,6.319235899542022,6.341717695969801
43.172413793103445,7.586207137931035,0.7777777777777777,4.732434082299199,6.303722687394937,6.345202280134684
43.172413793103445,7.586207137931035,0.8888888888888888,4.679975905472596,6.288883147730686,6.347429087600131
43.172413793103445,7.586207137931035,1.0,,,
43.172413793103445,7.931034689655173,0.0,5.207194796768261,6.429864917999215,6.2804166567137685
43.172413793103445,7.931034689655173,0.1111111111111111,5.127378121839628,6.411044001712571,6.292783957670202
43.172413793103445,7.931034689655173,0.2222222222222222,5.053400484582214,6.392847412784971,6.303651001246883
43.172413793103445,7.931034689655173,0.3333333333333333,4.984490113647412,6.375326779829066,6.312893405089508
43.172413793103445,7.931034689655173,0.4444444444444444,4.920019162049923,6.358499943683635,6.320517630389322
43.172413793103445,7.931034689655173,0.5555555555555556,4.859466524353703,6.342362352845542,6.326604316196464
43.172413793103445,7.931034689655173,0.6666666666666666,4.802392468063218,6.326895382891325,6.331271748004912
43.172413793103445,7.931034689655173,0.7777777777777777,4.748421152190052,6.31207207465265,6.3346533642351615
43.172413793103445,7.931034689655173,0.8888888888888888,,,
43.172413793103445,7.931034689655173,1.0,,,
43.172413793103445,8.275862241379311,0.0,5.207194796768261,6.431620551083525,6.274893959815279
43.172413793103445,8.275862241379311,0.1111111111111111,5.130553924514203,6.41384518579567,6.286079717904094
43.172413793103445,8.275862241379311,0.2222222222222222,5.059294595893045,6.396628008870177,6.295975288571664
43.172413793103445,8.275862241379311,0.3333333333333333,4.992727995117009,6.380014503559344,6.3044587973818835
43.172413793103445,8.275862241379311,0.4444444444444444,4.930290324339341,6.36402214319335,6.311520379932823
43.172413793103445,8.275862241379311,0.5555555555555556,4.871511555635427,6.348649304587628,6.3172163682621205
43.172413793103445,8.275862241379311,0.6666666666666666,4.815993712302222,6.333881978651871,6.321638837644306
43.172413793103445,8.275862241379311,0.7777777777777777,4.763395622678475,6.319698531069482,6.32489622671339
43.172413793103445,8.275862241379311,0.8888888888888888,4.713422050373677,6.3060729744142705,6.327101453421619
43.172413793103445,8.275862241379311,1.0,,,
43.172413793103445,8.620689793103448,0.0,5.207194796768261,6.433240728825136,6.2697696361804605
43.172413793103445,8.620689793103448,0.1111111111111111,5.133487275027172,6.416409880757512,6.279903785592855
43.172413793103445,8.620689793103448,0.2222222222222222,5.0647558578443945,6.400080980542241,6.288923375310396
43.172413793103445,8.620689793103448,0.3333333333333333,5.000383145390995,6.384294077007452,6.296711061244922
43.172413793103445,8.620689793103448,0.4444444444444444,4.9398608160502535,6.369065899461922,6.303245618558901
43.172413793103445,8.620689793103448,0.5555555555555556,4.882763226314566,6.354396866360653,6.308564717552154
43.172413793103445,8.620689793103448,0.6666666666666666,4.828728761761731,6.3402765148103395,6.312739488033981
43.172413793103445,8.620689793103448,0.7777777777777777,4.777446527699144,6.326687454875179,6.315857847608122
43.172413793103445,8.620689793103448,0.8888888888888888,4.728646726696908,6.313608154566326,6.318013938726501
43.172413793103445,8.620689793103448,1.0,,,
43.172413793103445,8.965517344827587,0.0,5.207194796768261,6.434740557787538,6.265001986112041
43.172413793103445,8.965517344827587,0.1111111111111111,5.136204842920271,6.418766499001363,6.274196981334303
43.172413793103445,8.965517344827587,0.2222222222222222,5.0698299583804465,6.4032462148717855,6.282425089370397
43.172413793103445,8.965517344827587,0.3333333333333333,5.007514573351658,6.3882149709443015,6.289574665180587
43.172413793103445,8.965517344827587,0.4444444444444444,4.948798690955545,6.3736885369224145,6.295616765254633
43.172413793103445,8.965517344827587,0.5555555555555556,4.893295467836253,6.359668725720546,6.300574753505231
43.172413793103445,8.965517344827587,0.6666666666666666,4.840675148891896,6.346147800233966,6.304503007716892
43.172413793103445,8.965517344827587,0.7777777777777777,4.790653431933514,6.3331117625286435,6.307472586564969
43.172413793103445,8.965517344827587,0.8888888888888888,4.742982943929112,6.320542723816288,6.309561881871726
43.172413793103445,8.965517344827587,1.0,,,
43.172413793103445,9.310344896551724,0.0,5.207194796768261,6.43613297707626,6.260554945798146
43.172413793103445,9.310344896551724,0.1111111111111111,5.138729536219265,6.420939116500317,6.268908537632429
43.172413793103445,9.310344896551724,0.2222222222222222,5.07455642502604,6.406157486714554,6.276420073981141
43.172413793103445,9.310344896551724,0.3333333333333333,5.014173703418389,6.391819155173102,6.282984207446064
43.172413793103445,9.310344896551724,0.4444444444444444,4.957163687223713,6.377938823786036,6.288566946360969
43.172413793103445,9.310344896551724,0.5555555555555556,4.90317363450074,6.364519228059344,6.293180717189498
43.172413793103445,9.310344896551724,0.6666666666666666,4.85190185894318,6.351554725152168,6.2968664930795635
43.172413793103445,9.310344896551724,0.7777777777777777,4.803087539448972,6.339034034261542,6.299681470961398
43.172413793103445,9.310344896551724,0.8888888888888888,,,
43.172413793103445,9.310344896551724,1.0,,,
43.172413793103445,9.655172448275863,0.0,5.207194796768261,6.437429133867802,6.256397164406687
43.172413793103445,9.655172448275863,0.1111111111111111,5.141081139823676,6.422948263766227,6.263994671740269
43.172413793103445,9.655172448275863,0.2222222222222222,5.07896961929017,6.408843570469175,6.270856176731263
43.172413793103445,9.655172448275863,0.3333333333333333,5.020405531595771,6.395142442856667,6.276882850925309
43.172413793103445,9.655172448275863,0.4444444444444444,4.965008416004469,6.381858477688368,6.282037609355749
43.172413793103445,9.655172448275863,0.5555555555555556,4.912455648225356,6.368994989959889,6.286324552785288
43.172413793103445,9.655172448275863,0.6666666666666666,4.862470395467655,6.35654794366749,6.289773927496485
43.172413793103445,9.655172448275863,0.7777777777777777,4.814812672735559,6.34450823901264,6.292431524647652
43.172413793103445,9.655172448275863,0.8888888888888888,,,
43.172413793103445,9.655172448275863,1.0,,,
43.172413793103445,10.0,0.0,5.207194796768261,6.438638683429143,6.252501257123183
43.172413793103445,10.0,0.1111111111111111,5.143276828623674,6.424811550816489,6.25941743668503
43.172413793103445,10.0,0.2222222222222222,5.083099546739356,6.411329120340316,6.265688137645194
43.172413793103445,10.0,0.3333333333333333,5.026249581906619,6.398215559826142,6.27122102593276
43.172413793103445,10.0,0.4444444444444444,4.972379361637601,6.385483369362637,6.2759773490243305
43.172413793103445,10.0,0.5555555555555556,4.9211929785785795,6.373136195157341,6.279954910388084
43.172413793103445,10.0,0.6666666666666666,4.872435706879137,6.361171231009812,6.283175375966147
43.172413793103445,10.0,0.7777777777777777,4.8258861347047395,6.349581130892602,6.2856751464121485
43.172413793103445,10.0,0.8888888888888888,4.78135020242153,6.33835547278717,6.287498969611945
43.172413793103445,10.0,1.0,,,
44.87931034482759,1e-06,0.0,,,
44.87931034482759,1e-06,0.1111111111111111,,,
44.87931034482759,1e-06,0.2222222222222222,4.293414998889937,3.0324662156323194,7.413293222718899
44.87931034482759,1e-06,0.3333333333333333,4.124637682475735,3.045731420546953,7.3010072298057835
44.87931034482759,1e-06,0.4444444444444444,3.9873797898257157,3.0457342965308976,7.211984359079257
44.87931034482759,1e-06,0.5555555555555556,3.8691285869275953,3.0457362582023966,7.136995849951509
44.87931034482759,1e-06,0.6666666666666666,3.763882250092968,3.0457376979983724,7.071610610487126
44.87931034482759,1e-06,0.7777777777777777,3.6683369701757114,3.0457388070953058,7.01328413949214
44.87931034482759,1e-06,0.8888888888888888,3.5805244522281425,3.045739614336876,6.960402938172493
44.87931034482759,1e-06,1.0,,,
44.87931034482759,0.34482855172413795,0.0,5.2454848042730875,5.938340840132226,7.269574973104541
44.87931034482759,0.34482855172413795,0.1111111111111111,4.642620362155398,5.279909754227698,7.36580038153915
44.87931034482759,0.34482855172413795,0.2222222222222222,4.4035556898365105,5.039399887103488,7.278124699409709
44.87931034482759,0.34482855172413795,0.3333333333333333,4.23451935422139,4.88799503722797,7.1998935848153005
44.87931034482759,0.34482855172413795,0.4444444444444444,4.0982317220423266,4.777585494449941,7.131596136318253
44.87931034482759,0.34482855172413795,0.5555555555555556,3.981459654790499,4.691019102916748,7.071018249273464
44.87931034482759,0.34482855172413795,0.6666666666666666,,,
44.87931034482759,0.34482855172413795,0.7777777777777777,,,
44.87931034482759,0.34482855172413795,0.8888888888888888,,,
44.87931034482759,0.34482855172413795,1.0,,,
44.87931034482759,0.689656103448276,0.0,5.245484804273088,6.160664725150775,6.971798298678701
44.87931034482759,0.689656103448276,0.1111111111111111,4.738649131673298,5.75763069585231,7.1766074689441215
44.87931034482759,0.689656103448276,0.2222222222222222,4.500323906477142,5.5616448841835355,7.149235754464994
44.87931034482759,0.689656103448276,0.3333333333333333,4.331941927401814,5.432629792859502,7.1015070415914705
44.87931034482759,0.689656103448276,0.4444444444444444,4.196822024166844,5.336785135887963,7.052362841149956
44.87931034482759,0.689656103448276,0.5555555555555556,4.081546957360924,5.260846846765728,7.005269517475009
44.87931034482759,0.689656103448276,0.6666666666666666,,,
44.87931034482759,0.689656103448276,0.7777777777777777,,,
44.87931034482759,0.689656103448276,0.8888888888888888,,,
44.87931034482759,0.689656103448276,1.0,,,
44.87931034482759,1.034483655172414,0.0,5.245484804273088,6.253089031830216,6.806501781187853
44.87931034482759,1.034483655172414,0.1111111111111111,4.818012758568091,5.979346204030773,7.01483787722727
44.87931034482759,1.034483655172414,0.2222222222222222,4.584818105727923,5.817383269866194,7.03045214734161
44.87931034482759,1.034483655172414,0.3333333333333333,4.418239623164792,5.704857143201319,7.008259726907262
44.87931034482759,1.034483655172414,0.4444444444444444,4.284642174799222,5.619123976532876,6.976021957338871
44.87931034482759,1.034483655172414,0.5555555555555556,4.170937850041485,5.550152167285071,6.941134202442584
44.87931034482759,1.034483655172414,0.6666666666666666,,,
44.87931034482759,1.034483655172414,0.7777777777777777,3.980121114199174,5.443491883874267,6.871828313676255
44.87931034482759,1.034483655172414,0.8888888888888888,,,
44.87931034482759,1.034483655172414,1.0,,,
44.87931034482759,5.17241427586207,0.2222222222222222,5.012052555539327,6.37124904206976,6.410225821175331
44.87931034482759,5.17241427586207,0.3333333333333333,4.913670704184869,6.3412854139084995,6.4305652923348635
44.87931034482759,5.17241427586207,0.4444444444444444,4.8246839158894455,6.313368121508854,6.445515991249056
44.87931034482759,5.17241427586207,0.5555555555555556,4.7435400181534755,6.287377597982661,6.455931468332323
44.87931034482759,5.17241427586207,0.6666666666666666,,,
44.87931034482759,5.17241427586207,0.7777777777777777,,,
44.87931034482759,5.17241427586207,0.8888888888888888,4.535769656312047,6.219364295711822,6.467561354604685
44.87931034482759,5.17241427586207,1.0,4.475602361809801,6.199489398336359,6.466865017308542
44.87931034482759,5.517241827586208,0.0,5.245484804273088,6.440575979740412,6.340407671241108
44.87931034482759,5.517241827586208,0.1111111111111111,5.128990388979554,6.40957918333611,6.369181528701141
44.87931034482759,5.517241827586208,0.2222222222222222,5.024849427459914,6.380131335399231,6.3929701590693275
44.87931034482759,5.517241827586208,0.3333333333333333,4.930864586386819,6.352412893207692,6.411700274548873
44.87931034482759,5.517241827586208,0.4444444444444444,4.845360492376167,6.326430800218814,6.425832868959409
44.87931034482759,5.517241827586208,0.5555555555555556,4.767007092390746,6.302105952272104,6.436000970541298
44.87931034482759,5.517241827586208,0.6666666666666666,,,
44.87931034482759,5.517241827586208,0.7777777777777777,,,
44.87931034482759,5.517241827586208,0.8888888888888888,4.564975148858935,6.237862941702568,6.44877290389641
44.87931034482759,5.517241827586208,1.0,4.506174745167927,6.218941537677144,6.448765706738896
44.87931034482759,5.862069379310346,0.0,5.2454848042730875,6.443593110094512,6.330716880253508
44.87931034482759,5.862069379310346,0.1111111111111111,5.135400802186152,6.415086360938732,6.356230026354909
44.87931034482759,5.862069379310346,0.2222222222222222,5.036334924117591,6.387880897208432,6.377674691416446
44.87931034482759,5.862069379310346,0.3333333333333333,4.946407175809064,6.362137779043601,6.394891133548964
44.87931034482759,5.862069379310346,0.4444444444444444,4.8641732621156955,6.337879670467793,6.408174090045813
44.87931034482759,5.862069379310346,0.5555555555555556,4.788481707251623,6.315055736398481,6.417990682760432
44.87931034482759,5.862069379310346,0.6666666666666666,,,
44.87931034482759,5.862069379310346,0.7777777777777777,,,
44.87931034482759,5.862069379310346,0.8888888888888888,4.592037697612581,6.254271468427553,6.431458591354674
44.87931034482759,5.862069379310346,1.0,4.534584666516355,6.236238489935764,6.431994147703886
44.87931034482759,6.206896931034484,0.0,5.2454848042730875,6.4462891051306555,6.321975348093087
44.87931034482759,6.206896931034484,0.1111111111111111,5.141145744789636,6.419938496330702,6.344683458263516
44.87931034482759,6.206896931034484,0.2222222222222222,5.046697104403465,6.394694078226322,6.364044663882081
44.87931034482759,6.206896931034484,0.3333333333333333,4.960516916344098,6.370697931738537,6.379852278449602
44.87931034482759,6.206896931034484,0.4444444444444444,4.881349238011873,6.347981353283873,6.392284189890163
44.87931034482759,6.206896931034484,0.5555555555555556,,,
44.87931034482759,6.206896931034484,0.6666666666666666,,,
44.87931034482759,6.206896931034484,0.7777777777777777,,,
44.87931034482759,6.206896931034484,0.8888888888888888,4.617160607656913,6.268905138892846,6.4154999836424365
44.87931034482759,6.206896931034484,1.0,,,
44.87931034482759,6.551724482758622,0.0,5.245484804273088,6.44871269976976,6.314049649709187
44.87931034482759,6.551724482758622,0.1111111111111111,5.146323171218244,6.424243839638455,6.334330734588166
44.87931034482759,6.551724482758622,0.2222222222222222,5.056090584770292,6.400725439286612,6.351838347309107
44.87931034482759,6.551724482758622,0.3333333333333333,4.973377348456416,6.378281964107152,6.366343730346432
44.87931034482759,6.551724482758622,0.4444444444444444,4.897083139837593,6.356948831283332,6.3779428170725305
44.87931034482759,6.551724482758622,0.5555555555555556,4.826322578317696,6.336708684531923,6.386883522617465
44.87931034482759,6.551724482758622,0.6666666666666666,,,
44.87931034482759,6.551724482758622,0.7777777777777777,,,
44.87931034482759,6.551724482758622,0.8888888888888888,,,
44.87931034482759,6.551724482758622,1.0,4.585690001248882,6.265587086922671,6.402059580816997
44.87931034482759,6.8965520344827596,0.0,5.245484804273088,6.45090323312294,6.306830322280501
44.87931034482759,6.8965520344827596,0.1111111111111111,5.1510128298501545,6.4280883554169215,6.325000151534112
44.87931034482759,6.8965520344827596,0.2222222222222222,5.0646434164443885,6.40609810409871,6.340856270694242
44.87931034482759,6.8965520344827596,0.3333333333333333,4.9851432758865775,6.3850410733933565,6.354163369559248
44.87931034482759,6.8965520344827596,0.4444444444444444,4.9115421472670775,6.364953962546523,6.364960184214656
44.87931034482759,6.8965520344827596,0.5555555555555556,4.843055413406067,6.34582891197611,6.373423500326484
44.87931034482759,6.8965520344827596,0.6666666666666666,4.779034615881019,6.32763236027506,6.379788063024018
44.87931034482759,6.8965520344827596,0.7777777777777777,,,
44.87931034482759,6.8965520344827596,0.8888888888888888,,,
44.87931034482759,6.8965520344827596,1.0,4.608722747664953,6.278115298222921,6.38871645420345
44.87931034482759,7.2413795862068975,0.0,5.2454848042730875,6.452892810621101,6.300226701920099
44.87931034482759,7.2413795862068975,0.1111111111111111,5.155280274835377,6.431541116456225,6.316550783204774
44.87931034482759,7.2413795862068975,0.2222222222222222,5.072462407107303,6.41091122260308,6.330932817526054
44.87931034482759,7.2413795862068975,0.3333333333333333,4.995945833569409,6.39109767571306,6.3431404479434965
44.87931034482759,7.2413795862068975,0.4444444444444444,4.924870067359591,6.372136708474777,6.3531728421981954
44.87931034482759,7.2413795862068975,0.5555555555555556,4.858535700011789,6.354026950361054,6.361153085397252
44.87931034482759,7.2413795862068975,0.6666666666666666,4.796362540758397,6.336744355036961,6.367261999451791
44.87931034482759,7.2413795862068975,0.7777777777777777,,,
44.87931034482759,7.2413795862068975,0.8888888888888888,,,
44.87931034482759,7.2413795862068975,1.0,4.630271971232255,6.289463621856608,6.376343261753442
44.87931034482759,7.586207137931035,0.0,5.2454848042730875,6.454707894911457,6.2941630437624525
44.87931034482759,7.586207137931035,0.1111111111111111,5.159179870508494,6.434658216478136,6.3088659985538
44.87931034482759,7.586207137931035,0.2222222222222222,5.079637256773314,6.415245433689705,6.321929648231111
44.87931034482759,7.586207137931035,0.3333333333333333,5.005896620862586,6.396551794654702,6.333130220787426
44.87931034482759,7.586207137931035,0.4444444444444444,4.93719091816549,6.378612027526149,6.342439901270403
44.87931034482759,7.586207137931035,0.5555555555555556,4.8728934670183195,6.361429115224387,6.349941254080999
44.87931034482759,7.586207137931035,0.6666666666666666,4.8124824542219065,6.3449861371264,6.35577252492442
44.87931034482759,7.586207137931035,0.7777777777777777,,,
44.87931034482759,7.586207137931035,0.8888888888888888,,,
44.87931034482759,7.586207137931035,1.0,4.650466377315332,6.299782013216876,6.364861806926414
44.87931034482759,7.931034689655173,0.0,5.245484804273088,6.456370494286579,6.288575567186769
44.87931034482759,7.931034689655173,0.1111111111111111,5.162757068911273,6.437485652248308,6.301848525436712
44.87931034482759,7.931034689655173,0.2222222222222222,5.0862437904443905,6.419166919474303,6.313730530342797
44.87931034482759,7.931034689655173,0.3333333333333333,5.0150910613385795,6.4014858485067965,6.324009531667608
44.87931034482759,7.931034689655173,0.4444444444444444,4.948611971762236,6.3844750868306805,6.33263972922838
44.87931034482759,7.931034689655173,0.5555555555555556,4.88624241927289,6.36814045477244,6.33967315976728
44.87931034482759,7.931034689655173,0.6666666666666666,,,
44.87931034482759,7.931034689655173,0.7777777777777777,,,
44.87931034482759,7.931034689655173,0.8888888888888888,,,
44.87931034482759,7.931034689655173,1.0,4.669421678441387,6.3091969121385665,6.354199371409213
44.87931034482759,8.275862241379311,0.0,5.2454848042730875,6.457899062701562,6.283410178086581
44.87931034482759,8.275862241379311,0.1111111111111111,5.166050156049803,6.4400614763906034,6.295416653813785
44.87931034482759,8.275862241379311,0.2222222222222222,5.092346501074216,6.422730452835893,6.306237254854318
44.87931034482759,8.275862241379311,0.3333333333333333,5.0236111325820385,6.405968279676168,6.315673190795914
44.87931034482759,8.275862241379311,0.4444444444444444,4.959226318194975,6.389805245492285,6.32366710798852
44.87931034482759,8.275862241379311,0.5555555555555556,4.898682188132304,6.3742489341757995,6.330248110613595
44.87931034482759,8.275862241379311,0.6666666666666666,,,
44.87931034482759,8.275862241379311,0.7777777777777777,,,
44.87931034482759,8.275862241379311,0.8888888888888888,,,
44.87931034482759,8.275862241379311,1.0,4.687241977860633,6.317815591064641,6.344288726512328
44.87931034482759,8.620689793103448,0.0,5.2454848042730875,6.459309189911443,6.278620693479251
44.87931034482759,8.620689793103448,0.1111111111111111,5.169091605104086,6.4424174261060205,6.289501286863566
44.87931034482759,8.620689793103448,0.2222222222222222,5.098000563548729,6.425981715218185,6.299366393060913
44.87931034482759,8.620689793103448,0.3333333333333333,5.031527587246733,6.410056336204127,6.308031005737722
44.87931034482759,8.620689793103448,0.4444444444444444,4.96911501620187,6.394669130054551,6.315430806979279
44.87931034482759,8.620689793103448,0.5555555555555556,4.910300276753815,6.379828687071273,6.321577753065885
44.87931034482759,8.620689793103448,0.6666666666666666,4.85469379928362,6.365530349535318,6.326528917808872
44.87931034482759,8.620689793103448,0.7777777777777777,,,
44.87931034482759,8.620689793103448,0.8888888888888888,,,
44.87931034482759,8.620689793103448,1.0,4.704021008572916,6.325729580497003,6.3350679961635485
44.87931034482759,8.965517344827587,0.0,5.245484804273088,6.460614136724539,6.274167443537506
44.87931034482759,8.965517344827587,0.1111111111111111,5.171909135489481,6.4445801699129035,6.284043629759197
44.87931034482759,8.965517344827587,0.2222222222222222,5.10325344067467,6.4289590786195525,6.29304670640773
44.87931034482759,8.965517344827587,0.3333333333333333,5.038901764962233,6.413798224924308,6.301005344701051
44.87931034482759,1.3793112068965518,0.0,5.245484804273088,6.3047708864679075,6.699036300911858
44.87931034482759,1.3793112068965518,0.1111111111111111,4.881790751136463,6.106225360961259,6.883067319902452
44.87931034482759,1.3793112068965518,0.2222222222222222,4.657912645976806,5.9718638658755685,6.924422190366195
44.87931034482759,1.3793112068965518,0.3333333333333333,4.49450451057796,5.873400807772223,6.921941309082661
44.87931034482759,1.3793112068965518,0.4444444444444444,4.36292605523032,5.796337232809514,6.903907044738032
44.87931034482759,1.3793112068965518,0.5555555555555556,,,
44.87931034482759,1.3793112068965518,0.6666666666666666,,,
44.87931034482759,1.3793112068965518,0.7777777777777777,,,
44.87931034482759,1.3793112068965518,0.8888888888888888,,,
44.87931034482759,1.3793112068965518,1.0,,,
44.87931034482759,1.7241387586206898,0.0,5.245484804273088,6.338006167034808,6.622832649634621
44.87931034482759,1.7241387586206898,0.1111111111111111,4.9321848520845615,6.186821807029091,6.7783809156591435
44.87931034482759,1.7241387586206898,0.2222222222222222,4.72056060411419,6.074600267411645,6.832167847510149
44.87931034482759,1.7241387586206898,0.3333333333333333,4.561687698229731,5.988304674280235,6.8436363935601285
44.87931034482759,1.7241387586206898,0.4444444444444444,4.432707050605138,5.918944607123545,6.836930378099426
44.87931034482759,1.7241387586206898,0.5555555555555556,4.322699642657509,5.861254250199077,6.82172556282883
44.87931034482759,1.7241387586206898,0.6666666666666666,,,
44.87931034482759,1.7241387586206898,0.7777777777777777,,,
44.87931034482759,1.7241387586206898,0.8888888888888888,,,
44.87931034482759,1.7241387586206898,1.0,,,
44.87931034482759,2.068966310344828,0.0,5.245484804273088,6.3612405654545485,6.565703504102913
44.87931034482759,2.068966310344828,0.1111111111111111,4.9718953042557725,6.24170522060594,6.695616675437114
44.87931034482759,2.068966310344828,0.2222222222222222,4.773876321367842,6.147054328072024,6.753295443210149
44.87931034482759,2.068966310344828,0.3333333333333333,4.620678398029214,6.071219932606247,6.7737438872959235
44.87931034482759,2.068966310344828,0.4444444444444444,4.494876560074649,6.0087254993016455,6.77560138028913
44.87931034482759,2.068966310344828,0.5555555555555556,,,
44.87931034482759,2.068966310344828,0.6666666666666666,,,
44.87931034482759,2.068966310344828,0.7777777777777777,,,
44.87931034482759,2.068966310344828,0.8888888888888888,,,
44.87931034482759,2.068966310344828,1.0,,,
44.87931034482759,2.413793862068966,0.0,5.245484804273088,6.378421820050776,6.521163093183578
44.87931034482759,2.413793862068966,0.1111111111111111,5.003439824637497,6.2810658128946795,6.629719758668443
44.87931034482759,2.413793862068966,0.2222222222222222,4.819094206889247,6.2003317137800344,6.6865082495577
44.87931034482759,2.413793862068966,0.3333333333333333,4.672346930374034,6.133419832483245,6.71209634806858
44.87931034482759,2.413793862068966,0.4444444444444444,4.550231014375082,6.077016114933531,6.720076080675661
44.87931034482759,2.413793862068966,0.5555555555555556,,,
44.87931034482759,2.413793862068966,0.6666666666666666,,,
44.87931034482759,2.413793862068966,0.7777777777777777,,,
44.87931034482759,2.413793862068966,0.8888888888888888,,,
44.87931034482759,2.413793862068966,1.0,,,
44.87931034482759,2.758621413793104,0.0,5.2454848042730875,6.391653133555718,6.485405268018238
44.87931034482759,2.758621413793104,0.1111111111111111,5.028841118976686,6.310455929259288,6.576601211936428
44.87931034482759,2.758621413793104,0.2222222222222222,4.857460725154027,6.240800181070825,6.630131428808718
44.87931034482759,2.758621413793104,0.3333333333333333,4.717550895614556,6.181459520632812,6.658136590360408
44.87931034482759,2.758621413793104,0.4444444444444444,4.599501902951055,6.130429658111272,6.670230764586067
44.87931034482759,2.758621413793104,0.5555555555555556,4.49701191895092,6.0859666620925905,6.672469023792783
44.87931034482759,2.758621413793104,0.6666666666666666,,,
44.87931034482759,2.758621413793104,0.7777777777777777,,,
44.87931034482759,2.758621413793104,0.8888888888888888,,,
44.87931034482759,2.758621413793104,1.0,,,
44.87931034482759,3.103448965517242,0.0,5.245484804273088,6.402161179229851,6.456035106219712
44.87931034482759,3.103448965517242,0.1111111111111111,5.049611763994998,6.333119262671718,6.5331864448186625
44.87931034482759,3.103448965517242,0.2222222222222222,4.890131744894038,6.272362764090209,6.582475881796637
44.87931034482759,3.103448965517242,0.3333333333333333,4.757117155330489,6.219436594702593,6.611095522245271
44.87931034482759,3.103448965517242,0.4444444444444444,4.643369546915226,6.173128512664309,6.6257459819910585
44.87931034482759,3.103448965517242,0.5555555555555556,4.543833772770067,6.132246680109413,6.631152479269701
44.87931034482759,3.103448965517242,0.6666666666666666,,,
44.87931034482759,3.103448965517242,0.7777777777777777,,,
44.87931034482759,3.103448965517242,0.8888888888888888,4.300706249994774,6.033251922254795,6.6178200665318
44.87931034482759,3.103448965517242,1.0,,,
44.87931034482759,3.44827651724138,0.0,5.2454848042730875,6.410710875744518,6.431464375883778
44.87931034482759,3.44827651724138,0.1111111111111111,5.066852939187293,6.351059239363546,6.49721681564165
44.87931034482759,3.44827651724138,0.2222222222222222,4.918112931307878,6.297529627581497,6.5420232924882065
44.87931034482759,3.44827651724138,0.3333333333333333,4.7918166113539336,6.250045547559436,6.570132851478657
44.87931034482759,3.44827651724138,0.4444444444444444,4.682465447634093,6.2078769369568505,6.586185940321377
44.87931034482759,3.44827651724138,0.5555555555555556,4.586010475175701,6.170209028387896,6.593797717669676
44.87931034482759,3.44827651724138,0.6666666666666666,,,
44.87931034482759,3.44827651724138,0.7777777777777777,,,
44.87931034482759,3.44827651724138,0.8888888888888888,,,
44.87931034482759,3.44827651724138,1.0,,,
44.87931034482759,3.7931040689655178,0.0,5.2454848042730875,6.417804479956058,6.410595519796442
44.87931034482759,3.7931040689655178,0.1111111111111111,5.081363916962492,6.365571335045083,6.467035229345895
44.87931034482759,3.7931040689655178,0.2222222222222222,4.942243257254479,6.317977205162609,6.507487983078879
44.87931034482759,3.7931040689655178,0.3333333333333333,4.822344247517622,6.275126327354398,6.534428928466915
44.87931034482759,3.7931040689655178,0.4444444444444444,4.717369174894056,6.236585020723747,6.551063087677281
44.87931034482759,3.7931040689655178,0.5555555555555556,4.624055730248577,6.20179560053147,6.560124364341607
44.87931034482759,3.7931040689655178,0.6666666666666666,,,
44.87931034482759,3.7931040689655178,0.7777777777777777,,,
44.87931034482759,3.7931040689655178,0.8888888888888888,4.392549532594283,6.114942632485129,6.559875302683179
44.87931034482759,3.7931040689655178,1.0,4.326832623072175,6.090516187649013,6.554358301725285
44.87931034482759,4.137931620689656,0.0,5.245484804273088,6.42378564764705,6.392644397009667
44.87931034482759,4.137931620689656,0.1111111111111111,5.09372980082805,6.377526003637038,6.441415874099119
44.87931034482759,4.137931620689656,0.2222222222222222,4.963205628496884,6.334860729319634,6.477814382429037
44.87931034482759,4.137931620689656,0.3333333333333333,4.849309341935104,6.2959732484841515,6.503234183950052
44.87931034482759,4.137931620689656,0.4444444444444444,4.748604574427737,6.260613651880108,6.519884248054287
44.87931034482759,4.137931620689656,0.5555555555555556,4.6584346799876295,6.228400032380421,6.529818370345859
44.87931034482759,4.137931620689656,0.6666666666666666,,,
44.87931034482759,4.137931620689656,0.7777777777777777,4.501969504833718,6.171872936538883,6.535768451478342
44.87931034482759,4.137931620689656,0.8888888888888888,4.432885783777835,6.146887959139324,6.533989365739837
44.87931034482759,4.137931620689656,1.0,,,
44.87931034482759,4.482759172413794,0.0,5.245484804273088,6.428897569836258,6.377035154362061
44.87931034482759,4.482759172413794,0.1111111111111111,5.104384726865958,6.387527404343117,6.419440965218221
44.87931034482759,4.482759172413794,0.2222222222222222,4.9815492083463395,6.348997917850862,6.452148514154373
44.87931034482759,4.482759172413794,0.3333333333333333,4.873235123102945,6.3135194139926405,6.475889064310445
44.87931034482759,4.482759172413794,0.4444444444444444,4.776637947906472,6.280956523926093,6.492179653188764
44.87931034482759,4.482759172413794,0.5555555555555556,4.689566013415735,6.251048150264323,6.5025571426772695
44.87931034482759,4.482759172413794,0.6666666666666666,,,
44.87931034482759,4.482759172413794,0.7777777777777777,,,
44.87931034482759,4.482759172413794,0.8888888888888888,4.469994202730237,6.174433644697066,6.510049102394451
44.87931034482759,4.482759172413794,1.0,4.4070572160167325,6.152438850091027,6.507421516071416
44.87931034482759,4.827586724137932,0.0,5.2454848042730875,6.433317244386459,6.363334984493908
44.87931034482759,4.827586724137932,0.1111111111111111,5.113655726515071,6.396006658609318,6.400414150241029
44.87931034482759,4.827586724137932,0.2222222222222222,4.9977139022333334,6.360981274205313,6.429803259251322
44.87931034482759,4.827586724137932,0.3333333333333333,4.8945647842865485,6.328451773218201,6.451826471750554
44.87931034482759,4.827586724137932,0.4444444444444444,4.801878964428137,6.298354159933642,6.467518617690467
44.87931034482759,4.827586724137932,0.5555555555555556,4.717823840045853,6.270510846174058,6.478026578067412
44.87931034482759,4.827586724137932,0.6666666666666666,,,
44.87931034482759,4.827586724137932,0.7777777777777777,,,
44.87931034482759,4.827586724137932,0.8888888888888888,4.504194020370253,6.1983846396003495,6.487945935453714
44.87931034482759,4.827586724137932,1.0,,,
44.87931034482759,5.17241427586207,0.0,5.245484804273088,6.437176595045715,6.351212081979493
44.87931034482759,5.17241427586207,0.1111111111111111,5.121792917832026,6.403278865533388,6.383800002869827
44.87931034482759,8.965517344827587,0.4444444444444444,4.978348893554186,6.399123031427483,6.307851523643152
44.87931034482759,8.965517344827587,0.5555555555555556,4.9211737313269595,6.384942565044732,6.313584464772497
44.87931034482759,8.965517344827587,0.6666666666666666,4.867020306732993,6.371254350057472,6.318244687099954
44.87931034482759,8.965517344827587,0.7777777777777777,,,
44.87931034482759,8.965517344827587,0.8888888888888888,,,
44.87931034482759,8.965517344827587,1.0,,,
44.87931034482759,9.310344896551724,0.0,5.245484804273088,6.4618252544838635,6.270016160471776
44.87931034482759,9.310344896551724,0.1111111111111111,5.174526549395431,6.446572272354468,6.27899336269387
44.87931034482759,9.310344896551724,0.2222222222222222,5.108146172536275,6.4316949894452415,6.287217066096758
44.87931034482759,9.310344896551724,0.3333333333333333,5.045787075549754,6.417234793802154,6.294529133069252
44.87931034482759,9.310344896551724,0.4444444444444444,4.986990053604804,6.403214789417657,6.300860140830472
44.87931034482759,9.310344896551724,0.5555555555555556,4.931370571392745,6.389644153441827,6.306199947019209
44.87931034482759,9.310344896551724,0.6666666666666666,,,
44.87931034482759,9.310344896551724,0.7777777777777777,,,
44.87931034482759,9.310344896551724,0.8888888888888888,,,
44.87931034482759,9.310344896551724,1.0,,,
44.87931034482759,9.655172448275863,0.0,5.2454848042730875,6.462952316988732,6.266137087750023
44.87931034482759,9.655172448275863,0.1111111111111111,5.176964398272528,6.448412947961987,6.274307185059801
44.87931034482759,9.655172448275863,0.2222222222222222,5.112714418519753,6.434217053233443,6.281824772685634
44.87931034482759,9.655172448275863,0.3333333333333333,5.052230217957594,6.420400857862518,6.288544201952867
44.87931034482759,9.655172448275863,0.4444444444444444,4.995093136983309,6.4069852865242,6.294396254439989
44.87931034482759,9.655172448275863,0.5555555555555556,4.940951011413107,6.39397937768893,6.299364000150007
44.87931034482759,9.655172448275863,0.6666666666666666,,,
44.87931034482759,9.655172448275863,0.7777777777777777,,,
44.87931034482759,9.655172448275863,0.8888888888888888,,,
44.87931034482759,9.655172448275863,1.0,,,
44.87931034482759,10.0,0.0,5.2454848042730875,6.464003785472346,6.262504260230176
44.87931034482759,10.0,0.1111111111111111,5.1792405181259475,6.450118655988866,6.269947646589328
44.87931034482759,10.0,0.2222222222222222,5.116989304860192,6.4365488923224135,6.276824191234041
44.87931034482759,10.0,0.3333333333333333,5.058272186244114,6.423326252718576,6.282999922864937
44.87931034482759,10.0,0.4444444444444444,5.00270638002862,6.4104696411033855,6.288406929661448
44.87931034482759,10.0,0.5555555555555556,4.949968503214736,6.397987792674497,6.293023462810436
44.87931034482759,10.0,0.6666666666666666,4.899782195366126,6.385881798485967,6.296858695507052
44.87931034482759,10.0,0.7777777777777777,,,
44.87931034482759,10.0,0.8888888888888888,,,
44.87931034482759,10.0,1.0,,,
46.58620689655172,1e-06,0.0,,,
46.58620689655172,1e-06,0.1111111111111111,,,
46.58620689655172,1e-06,0.2222222222222222,4.286180000303736,3.0457252197525295,7.4522077485017135
46.58620689655172,1e-06,0.3333333333333333,4.115245870286052,3.045730355828824,7.336078995194128
46.58620689655172,1e-06,0.4444444444444444,3.976704118475279,3.045733429415206,7.244072112832524
46.58620689655172,1e-06,0.5555555555555556,3.8576119173600443,3.045735517600021,7.166732464200815
46.58620689655172,1e-06,0.6666666666666666,3.751835381860476,3.045737041426383,7.0994241528132935
46.58620689655172,1e-06,0.7777777777777777,3.656010653779106,3.0457382204626877,7.039483830780873
46.58620689655172,1e-06,0.8888888888888888,3.568142719594611,3.04573915513522,6.985222229547657
46.58620689655172,1e-06,1.0,3.4870050045092222,3.045029403473497,6.935492337678448
46.58620689655172,0.34482855172413795,0.0,5.282159256452142,6.017074585084456,7.261913238241026
46.58620689655172,0.34482855172413795,0.1111111111111111,4.646369126419321,5.330563828089307,7.402464117122538
46.58620689655172,0.34482855172413795,0.2222222222222222,4.401350555306537,5.082969022566854,7.3138224357414465
46.58620689655172,0.34482855172413795,0.3333333333333333,4.229169530343859,4.9277804568076755,7.233586122520215
46.58620689655172,0.34482855172413795,0.4444444444444444,4.0908312408027365,4.814855906464277,7.163364842100534
46.58620689655172,0.34482855172413795,0.5555555555555556,3.972603760544001,4.7264331668366815,7.101068145632996
46.58620689655172,0.34482855172413795,0.6666666666666666,3.867943569144108,4.654084286443048,7.044971231501057
46.58620689655172,0.34482855172413795,0.7777777777777777,,,
46.58620689655172,0.34482855172413795,0.8888888888888888,,,
46.58620689655172,0.34482855172413795,1.0,,,
46.58620689655172,0.689656103448276,0.0,5.282159256452142,6.218952097839309,6.95855379935759
46.58620689655172,0.689656103448276,0.1111111111111111,4.749146925887172,5.804089357621279,7.203689149575958
46.58620689655172,0.689656103448276,0.2222222222222222,4.503227456592373,5.602355746186706,7.180367966934132
46.58620689655172,0.689656103448276,0.3333333333333333,4.33080941023045,5.4699904539824376,7.132744707688414
46.58620689655172,0.689656103448276,0.4444444444444444,4.193024807639494,5.3718393866007155,7.082834575698344
46.58620689655172,0.689656103448276,0.5555555555555556,,,
46.58620689655172,0.689656103448276,0.6666666666666666,,,
46.58620689655172,0.689656103448276,0.7777777777777777,,,
46.58620689655172,0.689656103448276,0.8888888888888888,,,
46.58620689655172,0.689656103448276,1.0,,,
46.58620689655172,1.034483655172414,0.0,5.282159256452142,6.30205458333767,6.794190574286078
46.58620689655172,1.034483655172414,0.1111111111111111,4.834227025354324,6.022552674644848,7.033609628532137
46.58620689655172,1.034483655172414,0.2222222222222222,4.592490345637775,5.856243960114284,7.05669845900262
46.58620689655172,1.034483655172414,0.3333333333333333,4.421201540192589,5.740889560502274,7.036484061029308
46.58620689655172,1.034483655172414,0.4444444444444444,4.284460298877188,5.653126390049888,7.004591351154791
46.58620689655172,1.034483655172414,0.5555555555555556,,,
46.58620689655172,1.034483655172414,0.6666666666666666,,,
46.58620689655172,1.034483655172414,0.7777777777777777,,,
46.58620689655172,1.034483655172414,0.8888888888888888,,,
46.58620689655172,1.034483655172414,1.0,,,
46.58620689655172,1.3793112068965518,0.0,5.282159256452142,6.348196394569748,6.688693152939322
46.58620689655172,1.3793112068965518,0.1111111111111111,4.902388920433161,6.146628030347281,6.895848774191409
46.58620689655172,1.3793112068965518,0.2222222222222222,4.6698097810163395,6.009104908612203,6.946125912236417
46.58620689655172,1.3793112068965518,0.3333333333333333,4.501264544125222,5.908317005928607,6.9470161210962695
46.58620689655172,1.3793112068965518,0.4444444444444444,4.366191450951357,5.829498277839139,6.930279907130451
46.58620689655172,1.3793112068965518,0.5555555555555556,,,
46.58620689655172,1.3793112068965518,0.6666666666666666,,,
46.58620689655172,1.3793112068965518,0.7777777777777777,,,
46.58620689655172,1.3793112068965518,0.8888888888888888,,,
46.58620689655172,1.3793112068965518,1.0,,,
46.58620689655172,1.7241387586206898,0.0,5.282159256452142,6.377709733483564,6.6145393867451565
46.58620689655172,1.7241387586206898,0.1111111111111111,4.955923516287341,6.224856534905089,6.7873437273160135
46.58620689655172,1.7241387586206898,0.2222222222222222,4.7360322974540505,6.110366307161943,6.850058867875603
46.58620689655172,1.7241387586206898,0.3333333333333333,4.571852716546734,6.022193750560357,6.865730241722177
46.58620689655172,1.7241387586206898,0.4444444444444444,,,
46.58620689655172,1.7241387586206898,0.5555555555555556,,,
46.58620689655172,1.7241387586206898,0.6666666666666666,,,
46.58620689655172,1.7241387586206898,0.7777777777777777,4.138096545140848,5.798469334920075,6.806438298359359
46.58620689655172,1.7241387586206898,0.8888888888888888,4.056628844383518,5.7598670244078995,6.78393059669567
46.58620689655172,1.7241387586206898,1.0,,,
46.58620689655172,2.068966310344828,0.0,5.282159256452142,6.398256732635085,6.559314627215184
46.58620689655172,2.068966310344828,0.1111111111111111,4.997837031401212,6.2777729674136395,6.702322887258756
46.58620689655172,2.068966310344828,0.2222222222222222,4.792264090041076,6.181487280229442,6.768215082443369
46.58620689655172,2.068966310344828,0.3333333333333333,4.633812663162412,6.104151789336225,6.793207261322751
46.58620689655172,2.068966310344828,0.4444444444444444,,,
46.58620689655172,2.068966310344828,0.5555555555555556,,,
46.58620689655172,2.068966310344828,0.6666666666666666,,,
46.58620689655172,2.068966310344828,0.7777777777777777,,,
46.58620689655172,2.068966310344828,0.8888888888888888,,,
46.58620689655172,2.068966310344828,1.0,,,
46.58620689655172,2.413793862068966,0.0,5.282159256452142,6.413401231655041,6.516484805511724
46.58620689655172,2.413793862068966,0.1111111111111111,5.030952516736523,6.3155030636655605,6.635176362250078
46.58620689655172,2.413793862068966,0.2222222222222222,4.839808161157294,6.233575282250191,6.699227973153273
46.58620689655172,2.413793862068966,0.3333333333333333,4.688015175294704,6.16546500885077,6.7293543412393015
46.58620689655172,2.413793862068966,0.4444444444444444,4.56208561252703,6.107993645304213,6.740106546426952
46.58620689655172,2.413793862068966,0.5555555555555556,,,
48.29310344827586,3.7931040689655178,0.2222222222222222,4.993326131671883,6.376149309143997,6.524708861766162
48.29310344827586,3.7931040689655178,0.3333333333333333,4.865802806869005,6.332412596408821,6.558342176689132
48.29310344827586,3.7931040689655178,0.4444444444444444,4.754385503714313,6.29290190136422,6.580190720339459
48.29310344827586,3.7931040689655178,0.5555555555555556,4.655581012946932,6.2571495729674895,6.59322631652231
48.29310344827586,3.7931040689655178,0.6666666666666666,4.566758550231093,6.224657455364707,6.599787073039405
48.29310344827586,3.7931040689655178,0.7777777777777777,4.4859419624221655,6.194971624388573,6.601603723863853
48.29310344827586,3.7931040689655178,0.8888888888888888,,,
48.29310344827586,3.7931040689655178,1.0,,,
48.29310344827586,4.137931620689656,0.0,5.317348879659417,6.480859849736231,6.39523256736178
48.29310344827586,4.137931620689656,0.1111111111111111,5.154922936236128,6.434866988158013,6.451019113816375
48.29310344827586,4.137931620689656,0.2222222222222222,5.015872502142223,6.391770480708304,6.494462674757446
48.29310344827586,4.137931620689656,0.3333333333333333,4.894841592766458,6.352163490692491,6.525919023437644
48.29310344827586,4.137931620689656,0.4444444444444444,4.788038367716562,6.315984203544029,6.547447593051197
48.29310344827586,4.137931620689656,0.5555555555555556,,,
48.29310344827586,4.137931620689656,0.6666666666666666,4.606333053362271,6.252661616728283,6.569098203229299
48.29310344827586,4.137931620689656,0.7777777777777777,4.527532057983478,6.224819698562375,6.572498004264217
48.29310344827586,4.137931620689656,0.8888888888888888,,,
48.29310344827586,4.137931620689656,1.0,,,
48.29310344827586,4.482759172413794,0.0,5.317348879659417,6.484727876391616,6.381344671274381
48.29310344827586,4.482759172413794,0.1111111111111111,5.166362162819544,6.443632525272514,6.429658649929686
48.29310344827586,4.482759172413794,0.2222222222222222,5.035557352407038,6.404785174103579,6.468496819507125
48.29310344827586,4.482759172413794,0.3333333333333333,4.9205353798433,6.368718348973067,6.497672464542027
48.29310344827586,4.482759172413794,0.4444444444444444,,,
48.29310344827586,4.482759172413794,0.5555555555555556,,,
48.29310344827586,4.482759172413794,0.6666666666666666,4.642342131108634,6.276558721622715,6.541270409764824
48.29310344827586,4.482759172413794,0.7777777777777777,4.565585859237911,6.250407407300835,6.54583787367392
48.29310344827586,4.482759172413794,0.8888888888888888,,,
48.29310344827586,4.482759172413794,1.0,,,
48.29310344827586,4.827586724137932,0.0,5.317348879659417,6.4880657436803135,6.369197340917672
48.29310344827586,4.827586724137932,0.1111111111111111,5.176306109772673,6.451025434618781,6.411301797743111
48.29310344827586,4.827586724137932,0.2222222222222222,5.05287434528491,6.415765993250862,6.446049286139773
48.29310344827586,4.827586724137932,0.3333333333333333,4.943389499264957,6.3827523482319535,6.472964505296006
48.29310344827586,4.827586724137932,0.4444444444444444,4.845212985376018,6.352058915154229,6.492848082925245
48.29310344827586,4.827586724137932,0.5555555555555556,,,
48.29310344827586,4.827586724137932,0.6666666666666666,,,
48.29310344827586,4.827586724137932,0.7777777777777777,4.600464682040507,6.272533517607084,6.521457523280545
48.29310344827586,4.827586724137932,0.8888888888888888,4.5311991853398945,6.249581711472741,6.523822079181218
48.29310344827586,4.827586724137932,1.0,4.466560883358052,6.228105762599609,6.523780109747047
48.29310344827586,5.17241427586207,0.0,5.317348879659417,6.490975558351764,6.358481504291896
48.29310344827586,5.17241427586207,0.1111111111111111,5.185027726772515,6.457336275080335,6.395382194302266
48.29310344827586,5.17241427586207,0.2222222222222222,5.068215376642632,6.425134494862853,6.4265126313110965
48.29310344827586,5.17241427586207,0.3333333333333333,4.963824167263846,6.394769920408854,6.451258124379531
48.29310344827586,5.17241427586207,0.4444444444444444,,,
48.29310344827586,5.17241427586207,0.5555555555555556,,,
48.29310344827586,5.17241427586207,0.6666666666666666,4.705171107374962,6.314997923625888,6.493221625416201
48.29310344827586,5.17241427586207,0.7777777777777777,4.632493970549613,6.291814180934063,6.499181590944313
48.29310344827586,5.17241427586207,0.8888888888888888,4.564920497063887,6.270090373594123,6.502315049041085
48.29310344827586,5.17241427586207,1.0,,,
48.29310344827586,5.517241827586208,0.0,5.317348879659417,6.493534767152367,6.348957408530484
48.29310344827586,5.517241827586208,0.1111111111111111,5.192737955193496,6.462780583875108,6.381462794497994
48.29310344827586,5.517241827586208,0.2222222222222222,5.0818935739161555,6.433206808592436,6.409400746185767
48.29310344827586,5.517241827586208,0.3333333333333333,4.98218779286054,6.4051541733870225,6.432104244547102
48.29310344827586,5.517241827586208,0.4444444444444444,4.891686548784087,6.378729636153145,6.44979769885457
48.29310344827586,5.517241827586208,0.5555555555555556,4.8089011646308215,6.353911597578094,6.46305293646538
48.29310344827586,5.517241827586208,0.6666666666666666,4.732647766824924,6.330615825702947,6.472524367210363
48.29310344827586,5.517241827586208,0.7777777777777777,4.661965891464116,6.308731950486439,6.478834033268379
48.29310344827586,5.517241827586208,0.8888888888888888,4.596067817542466,6.288142683537264,6.482529332616407
48.29310344827586,5.517241827586208,1.0,4.534303443915577,6.268733535833343,6.484073977009556
48.29310344827586,5.862069379310346,0.0,5.317348879659417,6.495803182809634,6.340436162108107
48.29310344827586,5.862069379310346,0.1111111111111111,5.1996021965222505,6.46752126745312,6.369202011024606
48.29310344827586,5.862069379310346,0.2222222222222222,5.0941610900157155,6.440223931396574,6.3943225287429994
48.29310344827586,5.862069379310346,0.3333333333333333,4.998769394659705,6.4142003852194325,6.41512827371229
48.29310344827586,5.862069379310346,0.4444444444444444,,,
48.29310344827586,5.862069379310346,0.5555555555555556,,,
48.29310344827586,5.862069379310346,0.6666666666666666,4.757877015377232,6.34436182676619,6.453749821706618
48.29310344827586,5.862069379310346,0.7777777777777777,,,
48.29310344827586,5.862069379310346,0.8888888888888888,4.624891494549548,6.304128799464962,6.46433336770619
48.29310344827586,5.862069379310346,1.0,4.564543523266099,6.285646384025571,6.466412439256207
48.29310344827586,6.206896931034484,0.0,5.317348879659417,6.497827735875325,6.332766891956156
48.29310344827586,6.206896931034484,0.1111111111111111,5.205751865808326,6.471683515361917,6.3583296787758705
48.29310344827586,6.206896931034484,0.2222222222222222,5.105222671800428,6.446372312117276,6.380961383084848
48.29310344827586,6.206896931034484,0.3333333333333333,5.013809376080906,6.422139179759602,6.400017740572515
48.29310344827586,6.206896931034484,0.4444444444444444,,,
48.29310344827586,6.206896931034484,0.5555555555555556,,,
48.29310344827586,6.206896931034484,0.6666666666666666,4.781101348255458,6.356533192987141,6.436698224265066
48.29310344827586,6.206896931034484,0.7777777777777777,4.7142548725080555,6.336934807495598,6.443250172054847
48.29310344827586,6.206896931034484,0.8888888888888888,4.6516159497977,6.318363019070019,6.447598512558703
48.29310344827586,6.206896931034484,1.0,4.592660858243851,6.300742792968705,6.4500778758060076
48.29310344827586,6.551724482758622,0.0,5.317348879659417,6.499645767697949,6.325827614198154
48.29310344827586,6.551724482758622,0.1111111111111111,5.211292633500777,6.475364970770125,6.348629760423255
48.29310344827586,6.551724482758622,0.2222222222222222,5.115245965607093,6.4517981292401405,6.369059366099692
48.29310344827586,6.551724482758622,0.3333333333333333,5.027508515560155,6.429152863325511,6.386511563388929
48.29310344827586,6.551724482758622,0.4444444444444444,4.9467875676060125,6.407525219648703,6.400888968855544
48.29310344827586,6.551724482758622,0.5555555555555556,,,
48.29310344827586,6.551724482758622,0.6666666666666666,4.8025342666996735,6.367369823668211,6.421188514493566
48.29310344827586,6.551724482758622,0.7777777777777777,4.7375123739264735,6.348776378452174,6.427701693709536
48.29310344827586,6.551724482758622,0.8888888888888888,4.676442070714256,6.331101120260988,6.432201744169676
48.29310344827586,6.551724482758622,1.0,4.61885064234263,6.314283294142731,6.43497111422396
48.29310344827586,6.8965520344827596,0.0,5.317348879659417,6.501287361887438,6.319518620616496
48.29310344827586,6.8965520344827596,0.1111111111111111,5.216310399306596,6.478642813702299,6.339927736849262
48.29310344827586,6.8965520344827596,0.2222222222222222,5.124369358792638,6.456617379326955,6.358404943472581
48.29310344827586,6.8965520344827596,0.3333333333333333,5.040035307644322,6.435387135603077,6.374391016134537
48.29310344827586,6.8965520344827596,0.4444444444444444,4.962163785542531,6.415040093817736,6.387748234424237
48.29310344827586,6.8965520344827596,0.5555555555555556,,,
48.29310344827586,6.8965520344827596,0.6666666666666666,,,
48.29310344827586,6.8965520344827596,0.7777777777777777,4.759098420279101,6.359398309290445,6.413460274117767
48.29310344827586,6.8965520344827596,0.8888888888888888,4.69954945513981,6.342553155844389,6.418027291228466
48.29310344827586,6.8965520344827596,1.0,4.643288102771033,6.326482477704246,6.420996608840062
48.29310344827586,7.2413795862068975,0.0,5.317348879659417,6.502777026763824,6.313757605974683
48.29310344827586,7.2413795862068975,0.1111111111111111,5.220875687381489,6.481578788259679,6.3320812960906
48.29310344827586,7.2413795862068975,0.2222222222222222,5.13270797630742,6.4609231258073985,6.348823514850015
48.29310344827586,7.2413795862068975,0.3333333333333333,5.051531890911332,6.440959613732005,6.36347225130124
48.29310344827586,7.2413795862068975,0.4444444444444444,4.976329029145813,6.421767953135215,6.375866551796787
48.29310344827586,7.2413795862068975,0.5555555555555556,,,
48.29310344827586,7.2413795862068975,0.6666666666666666,,,
48.29310344827586,7.2413795862068975,0.7777777777777777,4.779176275892876,6.368968798167494,6.400399749575841
48.29310344827586,7.2413795862068975,0.8888888888888888,4.721098525171972,6.352893044937375,6.4049674883403505
48.29310344827586,7.2413795862068975,1.0,4.666130500299369,6.337518545311882,6.408063692289033
48.29310344827586,7.586207137931035,0.0,5.317348879659417,6.504134930314945,6.3084760230830845
48.29310344827586,7.586207137931035,0.1111111111111111,5.225046925334595,6.484222832075761,6.3249733747450305
48.29310344827586,7.586207137931035,0.2222222222222222,5.140358297169755,6.464790787378375,6.340170053837681
48.29310344827586,7.586207137931035,0.3333333333333333,5.062118811582737,6.445966123843409,6.353600168043722
46.58620689655172,2.413793862068966,0.6666666666666666,4.358308664968095,6.015521351104462,6.732637418412103
46.58620689655172,2.413793862068966,0.7777777777777777,,,
46.58620689655172,2.413793862068966,0.8888888888888888,,,
46.58620689655172,2.413793862068966,1.0,,,
46.58620689655172,2.758621413793104,0.0,5.282159256452142,6.425033521607849,6.482247690491745
46.58620689655172,2.758621413793104,0.1111111111111111,5.057512492520002,6.343532896277156,6.581435570214088
46.58620689655172,2.758621413793104,0.2222222222222222,4.880016775979698,6.272991848948934,6.641279085111126
46.58620689655172,2.758621413793104,0.3333333333333333,4.735350298065475,6.212690715485697,6.67361285281058
46.58620689655172,2.758621413793104,0.4444444444444444,4.613573214680871,6.160762818755596,6.688571937165387
46.58620689655172,2.758621413793104,0.5555555555555556,,,
46.58620689655172,2.758621413793104,0.6666666666666666,,,
46.58620689655172,2.758621413793104,0.7777777777777777,,,
46.58620689655172,2.758621413793104,0.8888888888888888,,,
46.58620689655172,2.758621413793104,1.0,,,
46.58620689655172,3.103448965517242,0.0,5.282159256452142,6.434251860132397,6.454227248433271
46.58620689655172,3.103448965517242,0.1111111111111111,5.079169399599622,6.365050405399172,6.537787660732266
46.58620689655172,3.103448965517242,0.2222222222222222,4.914153881111386,6.303627523741029,6.592531114362854
46.58620689655172,3.103448965517242,0.3333333333333333,4.776696032089421,6.249926004990299,6.625170112946551
46.58620689655172,3.103448965517242,0.4444444444444444,,,
46.58620689655172,3.103448965517242,0.5555555555555556,4.556882126011058,6.1612795863090115,6.650043830279328
46.58620689655172,3.103448965517242,0.6666666666666666,,,
46.58620689655172,3.103448965517242,0.7777777777777777,,,
46.58620689655172,3.103448965517242,0.8888888888888888,,,
46.58620689655172,3.103448965517242,1.0,,,
46.58620689655172,3.44827651724138,0.0,5.282159256452142,6.4417388197579815,6.430856897759889
46.58620689655172,3.44827651724138,0.1111111111111111,5.097110812352267,6.38201535825098,6.501826595557933
46.58620689655172,3.44827651724138,0.2222222222222222,4.943316911125596,6.327977487761971,6.551341346835965
46.58620689655172,3.44827651724138,0.3333333333333333,4.81288058828452,6.279862086881495,6.583126291379607
46.58620689655172,3.44827651724138,0.4444444444444444,4.70010325243282,6.237053044422328,6.601914123399171
46.58620689655172,3.44827651724138,0.5555555555555556,4.600786678698601,6.198776852752398,6.611526231063279
46.58620689655172,3.44827651724138,0.6666666666666666,,,
46.58620689655172,3.44827651724138,0.7777777777777777,4.4311905274573125,6.133073819198987,6.6133624397778386
46.58620689655172,3.44827651724138,0.8888888888888888,,,
46.58620689655172,3.44827651724138,1.0,,,
46.58620689655172,3.7931040689655178,0.0,5.282159256452142,6.4479413057569515,6.411059436676982
46.58620689655172,3.7931040689655178,0.1111111111111111,5.112190151169896,6.395689717056052,6.471803224822638
46.58620689655172,3.7931040689655178,0.2222222222222222,4.968415600725182,6.3477033322058976,6.5163285141502225
46.58620689655172,3.7931040689655178,0.3333333333333333,4.844653545781726,6.3043338127595385,6.546601885703403
46.58620689655172,3.7931040689655178,0.4444444444444444,4.736424573592216,6.265247682539586,6.565825611169803
46.58620689655172,3.7931040689655178,0.5555555555555556,,,
46.58620689655172,3.7931040689655178,0.6666666666666666,4.55387807669415,6.197855542795992,6.581904130759152
46.58620689655172,3.7931040689655178,0.7777777777777777,4.475111437612846,6.16856871523461,6.5825813240705555
46.58620689655172,3.7931040689655178,0.8888888888888888,,,
46.58620689655172,3.7931040689655178,1.0,,,
46.58620689655172,4.137931620689656,0.0,5.282159256452142,6.453164342698894,6.394068611287674
46.58620689655172,4.137931620689656,0.1111111111111111,5.125027567369357,6.406918188409563,6.446433395300916
46.58620689655172,4.137931620689656,0.2222222222222222,4.990184906258178,6.363946854449409,6.4863663153267455
46.58620689655172,4.137931620689656,0.3333333333333333,4.872671472517814,6.324629585234161,6.51479434337855
46.58620689655172,4.137931620689656,0.4444444444444444,4.768881038198393,6.288803753325874,6.53386875295987
46.58620689655172,4.137931620689656,0.5555555555555556,,,
46.58620689655172,4.137931620689656,0.6666666666666666,4.592063151232165,6.22621996248668,6.5520708955290825
46.58620689655172,4.137931620689656,0.7777777777777777,4.515266378002407,6.198732827644208,6.554298749239429
46.58620689655172,4.137931620689656,0.8888888888888888,,,
46.58620689655172,4.137931620689656,1.0,,,
46.58620689655172,4.482759172413794,0.0,5.282159256452142,6.457623316674563,6.379323858837877
46.58620689655172,4.482759172413794,0.1111111111111111,5.136080726834138,6.416284981247762,6.424761854801111
46.58620689655172,4.482759172413794,0.2222222222222222,5.00921161966976,6.377514136670653,6.460549145768455
46.58620689655172,4.482759172413794,0.3333333333333333,4.897496267773273,6.341676491958212,6.487000102691853
46.58620689655172,4.482759172413794,0.4444444444444444,4.797971172789819,6.308712184910548,6.505543912305632
46.58620689655172,4.482759172413794,0.5555555555555556,,,
46.58620689655172,4.482759172413794,0.6666666666666666,4.626845114615358,6.250454934293981,6.524984198182989
46.58620689655172,4.482759172413794,0.7777777777777777,4.552038816047437,6.224619777842322,6.528371212304864
46.58620689655172,4.482759172413794,0.8888888888888888,4.482820633607449,6.200643916688829,6.528778705131717
46.58620689655172,4.482759172413794,1.0,,,
46.58620689655172,4.827586724137932,0.0,5.282159256452142,6.461474690539687,6.366405297295958
46.58620689655172,4.827586724137932,0.1111111111111111,5.145693021173018,6.42420559016904,6.4060679555363516
46.58620689655172,4.827586724137932,0.2222222222222222,5.025962860913986,6.3889878113515355,6.4381522830740625
46.58620689655172,4.827586724137932,0.3333333333333333,4.9196017162685814,6.356155775633634,6.462616696419885
46.58620689655172,4.827586724137932,0.4444444444444444,4.824132569218542,6.3257104585729635,6.480393503994174
46.58620689655172,4.827586724137932,0.5555555555555556,,,
46.58620689655172,4.827586724137932,0.6666666666666666,4.658589631896188,6.271348304360766,6.500409913381405
46.58620689655172,4.827586724137932,0.7777777777777777,4.585773096863148,6.247028290201328,6.504637078894686
46.58620689655172,4.827586724137932,0.8888888888888888,4.51820891865345,6.22435167927224,6.506053493461588
46.58620689655172,4.827586724137932,1.0,4.455110318665585,6.203141303268838,6.505246355403858
46.58620689655172,5.17241427586207,0.0,5.282159256452142,6.4648348861788,6.354992009784805
46.58620689655172,5.17241427586207,0.1111111111111111,5.154126306130159,6.430982737707978,6.3898004352020745
46.58620689655172,5.17241427586207,0.2222222222222222,5.040811363790337,6.398797817161007,6.418595465766279
46.58620689655172,5.17241427586207,0.3333333333333333,4.939383998845042,6.368577320120955,6.441135044650181
46.58620689655172,5.17241427586207,0.4444444444444444,4.847744906412187,6.340357062573136,6.458009197714138
46.58620689655172,5.17241427586207,0.5555555555555556,,,
46.58620689655172,5.17241427586207,0.6666666666666666,,,
46.58620689655172,5.17241427586207,0.7777777777777777,4.616778308592515,6.2665748745250545,6.482927279281569
46.58620689655172,5.17241427586207,0.8888888888888888,4.550861401171975,6.2451000984621325,6.485113157702847
46.58620689655172,5.17241427586207,1.0,4.4891710368530715,6.224937018805963,6.485182560083201
46.58620689655172,5.517241827586208,0.0,5.282159256452142,6.467792336077774,6.344834398148661
46.58620689655172,5.517241827586208,0.1111111111111111,5.161583324434982,6.4368416756261375,6.375531978166003
46.58620689655172,5.517241827586208,0.2222222222222222,5.054056146951298,6.407267292754971,6.401412501162415
46.58620689655172,5.517241827586208,0.3333333333333333,4.957173239561682,6.379329042023762,6.422127941500247
46.58620689655172,5.517241827586208,0.4444444444444444,4.869135053117291,6.3530814344024,6.438032613061761
46.58620689655172,5.517241827586208,0.5555555555555556,,,
46.58620689655172,5.517241827586208,0.6666666666666666,,,
46.58620689655172,5.517241827586208,0.7777777777777777,4.6453314420728065,6.283742704448976,6.463073025447756
46.58620689655172,5.517241827586208,0.8888888888888888,4.581043807654194,6.26337933059222,6.465831327011514
46.58620689655172,5.517241827586208,1.0,4.520750962770283,6.244191631835842,6.466593392643723
46.58620689655172,5.862069379310346,0.0,5.282159256452142,6.470415425489775,6.335735345725952
46.58620689655172,5.862069379310346,0.1111111111111111,5.168223271843463,6.441953144894344,6.3629272014534966
46.58620689655172,5.862069379310346,0.2222222222222222,5.065938760330492,6.414643113291693,6.386226950244227
46.58620689655172,5.862069379310346,0.3333333333333333,4.973244467500577,6.388710421284024,6.405237904260887
46.58620689655172,5.862069379310346,0.4444444444444444,4.888583121794119,6.364218294605069,6.4201524588149566
46.58620689655172,5.862069379310346,0.5555555555555556,,,
46.58620689655172,5.862069379310346,0.6666666666666666,,,
46.58620689655172,5.862069379310346,0.7777777777777777,4.671680187563186,6.298915453375701,6.4449110558690785
46.58620689655172,5.862069379310346,0.8888888888888888,4.608994291504328,6.279579934405152,6.448081273502924
46.58620689655172,5.862069379310346,1.0,4.550081345521085,6.2613003898808905,6.449381869398168
46.58620689655172,6.206896931034484,0.0,5.282159256452142,6.472757873304609,6.32753706962285
46.58620689655172,6.206896931034484,0.1111111111111111,5.174172769323766,6.446448710730409,6.3517198111593824
46.58620689655172,6.206896931034484,0.2222222222222222,5.076655824248811,6.421116677198642,6.372733056740533
46.58620689655172,6.206896931034484,0.3333333333333333,4.9878272766669856,6.396955738946157,6.390165863751111
46.58620689655172,6.206896931034484,0.4444444444444444,4.906328662349785,6.374031745158682,6.404100013200734
46.58620689655172,6.206896931034484,0.5555555555555556,4.831087131579526,6.352334924737063,6.4148414882311915
46.58620689655172,6.206896931034484,0.6666666666666666,,,
46.58620689655172,6.206896931034484,0.7777777777777777,4.696045548622534,6.3124012963876455,6.4282869396841615
48.29310344827586,1e-06,0.0,,,
48.29310344827586,1e-06,0.1111111111111111,,,
48.29310344827586,1e-06,0.2222222222222222,4.277303106324003,3.0457237839910434,7.490631043074501
48.29310344827586,1e-06,0.3333333333333333,4.104560629413242,3.0457292884343596,7.370258806874854
48.29310344827586,1e-06,0.4444444444444444,3.9649354117641624,3.045732563966708,7.2751421621901455
48.29310344827586,1e-06,0.5555555555555556,3.8451749869976672,3.045734781089914,7.19537726014847
48.29310344827586,1e-06,0.6666666666666666,3.739019428796474,3.0457250462222083,7.126105273672394
48.29310344827586,1e-06,0.7777777777777777,3.6430559910286764,3.045737640322464,7.064527136758651
48.29310344827586,1e-06,0.8888888888888888,3.555260911530485,3.0457386261280743,7.0088760318319006
48.29310344827586,1e-06,1.0,3.4744020737658414,3.0457394298574503,6.957947333416481
48.29310344827586,0.34482855172413795,0.0,5.317348879659417,6.090885671070483,7.25026667909076
48.29310344827586,0.34482855172413795,0.1111111111111111,4.648426722301214,5.379204089053469,7.438931394889178
48.29310344827586,0.34482855172413795,0.2222222222222222,4.397538672371025,5.124916908270611,7.349209474068537
48.29310344827586,0.34482855172413795,0.3333333333333333,4.222318366167487,4.966110796805614,7.266808037272368
48.29310344827586,0.34482855172413795,0.4444444444444444,4.082038031781496,4.850757410204437,7.1945340156037
48.29310344827586,0.34482855172413795,0.5555555555555556,3.96246219495152,4.760527951589528,7.130420705277376
48.29310344827586,0.34482855172413795,0.6666666666666666,,,
48.29310344827586,0.34482855172413795,0.7777777777777777,,,
48.29310344827586,0.34482855172413795,0.8888888888888888,,,
48.29310344827586,0.34482855172413795,1.0,,,
48.29310344827586,0.689656103448276,0.0,5.317348879659417,6.273485415373509,6.9433633828123416
48.29310344827586,0.689656103448276,0.1111111111111111,4.75821148114047,5.848691177060686,7.23035425089709
48.29310344827586,0.689656103448276,0.2222222222222222,4.5046285107077635,5.641649042450495,7.21126701244099
48.29310344827586,0.689656103448276,0.3333333333333333,4.328181900135823,5.506139783765021,7.16369663095772
48.29310344827586,0.689656103448276,0.4444444444444444,,,
48.29310344827586,0.689656103448276,0.5555555555555556,,,
48.29310344827586,0.689656103448276,0.6666666666666666,,,
48.29310344827586,0.689656103448276,0.7777777777777777,,,
48.29310344827586,0.689656103448276,0.8888888888888888,,,
48.29310344827586,0.689656103448276,1.0,,,
48.29310344827586,1.034483655172414,0.0,5.317348879659417,6.347845527186224,6.780709607264424
48.29310344827586,1.034483655172414,0.1111111111111111,4.8492184364985045,6.063940211795433,7.051741650180876
48.29310344827586,1.034483655172414,0.2222222222222222,4.598814061717459,5.893737650314654,7.082648553761496
48.29310344827586,1.034483655172414,0.3333333333333333,4.422764890409945,5.775783195188484,7.064463362493773
48.29310344827586,1.034483655172414,0.4444444444444444,,,
48.29310344827586,1.034483655172414,0.5555555555555556,,,
48.29310344827586,1.034483655172414,0.6666666666666666,,,
48.29310344827586,1.034483655172414,0.7777777777777777,,,
48.29310344827586,1.034483655172414,0.8888888888888888,,,
48.29310344827586,1.034483655172414,1.0,,,
48.29310344827586,1.3793112068965518,0.0,5.317348879659417,6.38881407855171,6.677572090318522
48.29310344827586,1.3793112068965518,0.1111111111111111,4.921851698274317,6.18523971365366,6.907916821262657
48.29310344827586,1.3793112068965518,0.2222222222222222,4.680492653015071,6.044989315462155,6.967439570149146
48.29310344827586,1.3793112068965518,0.3333333333333333,4.506741637426097,5.942113391078627,6.971816797216461
48.29310344827586,1.3793112068965518,0.4444444444444444,,,
48.29310344827586,1.3793112068965518,0.5555555555555556,,,
48.29310344827586,1.3793112068965518,0.6666666666666666,,,
48.29310344827586,1.3793112068965518,0.7777777777777777,,,
48.29310344827586,1.3793112068965518,0.8888888888888888,,,
48.29310344827586,1.3793112068965518,1.0,,,
48.29310344827586,1.7241387586206898,0.0,5.317348879659417,6.414870464102649,6.60569081890607
48.29310344827586,1.7241387586206898,0.1111111111111111,4.978514635855872,6.261139604922404,6.795623602616273
48.29310344827586,1.7241387586206898,0.2222222222222222,4.750372553625257,6.144776989040198,6.867492142294849
48.29310344827586,1.7241387586206898,0.3333333333333333,4.5808332681538015,6.054962162267481,6.887500190738042
48.29310344827586,1.7241387586206898,0.4444444444444444,,,
48.29310344827586,1.7241387586206898,0.5555555555555556,,,
48.29310344827586,1.7241387586206898,0.6666666666666666,,,
48.29310344827586,1.7241387586206898,0.7777777777777777,,,
48.29310344827586,1.7241387586206898,0.8888888888888888,,,
48.29310344827586,1.7241387586206898,1.0,,,
48.29310344827586,2.068966310344828,0.0,5.317348879659417,6.432934159402454,6.552502813843671
48.29310344827586,2.068966310344828,0.1111111111111111,5.022578159852032,6.3121368692427335,6.708406622210215
48.29310344827586,2.068966310344828,0.2222222222222222,4.8095488371057336,6.214568292112937,6.782646490837247
48.29310344827586,2.068966310344828,0.3333333333333333,4.6458283546587475,6.135956476049718,6.812302354713885
48.29310344827586,2.068966310344828,0.4444444444444444,,,
48.29310344827586,2.068966310344828,0.5555555555555556,,,
48.29310344827586,2.068966310344828,0.6666666666666666,,,
48.29310344827586,2.068966310344828,0.7777777777777777,,,
48.29310344827586,2.068966310344828,0.8888888888888888,,,
48.29310344827586,2.068966310344828,1.0,,,
48.29310344827586,2.413793862068966,0.0,5.317348879659417,6.446205037918734,6.5114630179684845
48.29310344827586,2.413793862068966,0.1111111111111111,5.057208266790742,6.3482863960560385,6.640067102398531
48.29310344827586,2.413793862068966,0.2222222222222222,4.859407589696975,6.265475345545232,6.711454679978574
48.29310344827586,2.413793862068966,0.3333333333333333,4.702596211682258,6.196377033611012,6.746213710194303
48.29310344827586,2.413793862068966,0.4444444444444444,,,
48.29310344827586,2.413793862068966,0.5555555555555556,4.461588208436633,6.087802587763023,6.76112597101441
48.29310344827586,2.413793862068966,0.6666666666666666,,,
48.29310344827586,2.413793862068966,0.7777777777777777,,,
48.29310344827586,2.413793862068966,0.8888888888888888,,,
48.29310344827586,2.413793862068966,1.0,,,
48.29310344827586,2.758621413793104,0.0,5.317348879659417,6.456372033555955,6.478793261586747
48.29310344827586,2.758621413793104,0.1111111111111111,5.084880200270726,6.375004257171921,6.58574908441522
48.29310344827586,2.758621413793104,0.2222222222222222,4.901425409163647,6.303852848239434,6.651940704963979
48.29310344827586,2.758621413793104,0.3333333333333333,4.7520653433706075,6.242785590314992,6.688673058038265
48.29310344827586,2.758621413793104,0.4444444444444444,,,
48.29310344827586,2.758621413793104,0.5555555555555556,4.518097900141484,6.144138601192054,6.712609862247446
48.29310344827586,2.758621413793104,0.6666666666666666,4.422151985003963,6.1035484922396686,6.7111473110278554
48.29310344827586,2.758621413793104,0.7777777777777777,,,
48.29310344827586,2.758621413793104,0.8888888888888888,,,
48.29310344827586,2.758621413793104,1.0,,,
48.29310344827586,3.103448965517242,0.0,5.317348879659417,6.464412396697886,6.45214816228995
48.29310344827586,3.103448965517242,0.1111111111111111,5.107387551921554,6.395421248503419,6.5419020194603315
48.29310344827586,3.103448965517242,0.2222222222222222,4.936988499563173,6.33357730053612,6.602110274667868
48.29310344827586,3.103448965517242,0.3333333333333333,4.795173976066211,6.27927911575771,6.638819684816336
48.29310344827586,3.103448965517242,0.4444444444444444,,,
48.29310344827586,3.103448965517242,0.5555555555555556,,,
48.29310344827586,3.103448965517242,0.6666666666666666,,,
48.29310344827586,3.103448965517242,0.7777777777777777,,,
48.29310344827586,3.103448965517242,0.8888888888888888,,,
48.29310344827586,3.103448965517242,1.0,,,
48.29310344827586,3.44827651724138,0.0,5.317348879659417,6.470931407526376,6.429990020397585
48.29310344827586,3.44827651724138,0.1111111111111111,5.1260022611795035,6.411453208082651,6.505974510150344
48.29310344827586,3.44827651724138,0.2222222222222222,4.9672940937680075,6.3571275175554245,6.560192353475248
48.29310344827586,3.44827651724138,0.3333333333333333,4.832816250121832,6.308545091141959,6.595690080310062
48.29310344827586,3.44827651724138,0.4444444444444444,,,
48.29310344827586,3.44827651724138,0.5555555555555556,,,
48.29310344827586,3.44827651724138,0.6666666666666666,4.523190963853483,6.1915030875422605,6.633568726714549
48.29310344827586,3.44827651724138,0.7777777777777777,4.440415412602659,6.159808940322895,6.633298910291956
48.29310344827586,3.44827651724138,0.8888888888888888,,,
48.29310344827586,3.44827651724138,1.0,,,
48.29310344827586,3.7931040689655178,0.0,5.317348879659417,6.476324214840727,6.411266602439689
48.29310344827586,3.7931040689655178,0.1111111111111111,5.141629597105469,6.424328719953771,6.476127213732899
46.58620689655172,6.206896931034484,0.8888888888888888,4.634926209870629,6.294016733352898,6.431739499306514
46.58620689655172,6.206896931034484,1.0,4.577369548958541,6.276582764187299,6.4334504693903325
46.58620689655172,6.551724482758622,0.0,5.282159256452142,6.47486246680698,6.32011174811032
46.58620689655172,6.551724482758622,0.1111111111111111,5.179533718265954,6.4504312485397834,6.341696088337225
46.58620689655172,6.551724482758622,0.2222222222222222,5.086368642578087,6.426838348933378,6.360680915854347
46.58620689655172,6.551724482758622,0.3333333333333333,5.001113992228753,6.404250481627547,6.376661259193935
46.58620689655172,6.551724482758622,0.4444444444444444,4.9225765057523745,6.382732490951008,6.3896440696790275
46.58620689655172,6.551724482758622,0.5555555555555556,4.849808405547625,6.362285937253899,6.399839377259203
46.58620689655172,6.551724482758622,0.6666666666666666,,,
46.58620689655172,6.551724482758622,0.7777777777777777,4.718624343909315,6.3244502932974855,6.413056930700509
46.58620689655172,6.551724482758622,0.8888888888888888,4.6590305809105494,6.306946102581369,6.416688103636227
46.58620689655172,6.551724482758622,1.0,4.602801653438273,6.290299650798844,6.418703651943627
46.58620689655172,6.8965520344827596,0.0,5.282159256452142,6.476763709707744,6.31335471303349
46.58620689655172,6.8965520344827596,0.1111111111111111,5.184389009792984,6.4539822659815185,6.332682796249797
46.58620689655172,6.8965520344827596,0.2222222222222222,5.095210570926015,6.431927681043703,6.349864966230721
46.58620689655172,6.8965520344827596,0.3333333333333333,5.01326641271822,6.410743116870349,6.36451364378578
46.58620689655172,6.8965520344827596,0.4444444444444444,4.937502013476643,6.390490344541221,6.3765859645518965
46.58620689655172,6.8965520344827596,0.5555555555555556,4.867074843546887,6.371178236610002,6.386220570464289
46.58620689655172,6.8965520344827596,0.6666666666666666,,,
46.58620689655172,6.8965520344827596,0.7777777777777777,,,
46.58620689655172,6.8965520344827596,0.8888888888888888,4.6814783121386,6.318578725298032,6.402816216463476
46.58620689655172,6.8965520344827596,1.0,,,
46.58620689655172,7.2413795862068975,0.0,5.282159256452142,6.478489735520269,6.307179422060769
46.58620689655172,7.2413795862068975,0.1111111111111111,5.188806734372521,6.457167112882774,6.324538215007729
46.58620689655172,7.2413795862068975,0.2222222222222222,5.103292683543415,6.436480771091645,6.3401150489686975
46.58620689655172,7.2413795862068975,0.3333333333333333,5.024421304398806,6.416553674883247,6.353545700695313
46.58620689655172,7.2413795862068975,0.4444444444444444,4.951255649727978,6.397443437192755,6.3647549900796125
46.58620689655172,7.2413795862068975,0.5555555555555556,4.883042660224715,6.379163455589349,6.373828574786821
46.58620689655172,7.2413795862068975,0.6666666666666666,,,
46.58620689655172,7.2413795862068975,0.7777777777777777,4.7591028586313335,6.345021083048629,6.386261880179617
46.58620689655172,7.2413795862068975,0.8888888888888888,4.702422245444598,6.329089157615739,6.390020743607365
46.58620689655172,7.2413795862068975,1.0,4.648748694710476,6.313860666948807,6.3924011857111145
46.58620689655172,7.586207137931035,0.0,5.282159256452142,6.48006371369394,6.3015136893680115
46.58620689655172,7.586207137931035,0.1111111111111111,5.192843327752421,6.460038751776861,6.317145416087836
46.58620689655172,7.586207137931035,0.2222222222222222,5.110708155819937,6.440575637755157,6.331289437597723
46.58620689655172,7.586207137931035,0.3333333333333333,5.0346948500526905,6.4217800902085465,6.3436074916821426
46.58620689655172,7.586207137931035,0.4444444444444444,4.963966886420793,6.403705092755803,6.354004315743108
46.58620689655172,7.586207137931035,0.5555555555555556,4.897847931761638,6.38636664344837,6.362526393764068
46.58620689655172,7.586207137931035,0.6666666666666666,,,
46.58620689655172,7.586207137931035,0.7777777777777777,,,
46.58620689655172,7.586207137931035,0.8888888888888888,4.721999038925304,6.338623101356976,6.378206622084909
46.58620689655172,7.586207137931035,1.0,4.669548339590058,6.324033008014353,6.380676855977323
46.58620689655172,7.931034689655173,0.0,5.282159256452142,6.481504898832104,6.296296821256009
46.58620689655172,7.931034689655173,0.1111111111111111,5.196545951710299,6.462640529106921,6.310407160665645
46.58620689655172,7.931034689655173,0.2222222222222222,5.1175356759754935,6.4442762044690305,6.32326937956479
46.58620689655172,7.931034689655173,0.3333333333333333,5.044186243074106,6.426502948060688,6.3345717457402975
46.58620689655172,7.931034689655173,0.4444444444444444,4.975747497704103,6.40936901901595,6.344207441017219
46.58620689655172,7.931034689655173,0.5555555555555556,,,
46.58620689655172,7.931034689655173,0.6666666666666666,,,
46.58620689655172,7.931034689655173,0.7777777777777777,,,
46.58620689655172,7.931034689655173,0.8888888888888888,,,
46.58620689655172,7.931034689655173,1.0,4.689064671724416,6.333309121933066,6.369800654480197
46.58620689655172,8.275862241379311,0.0,5.282159256452142,6.482829424450352,6.291477412517809
46.58620689655172,8.275862241379311,0.1111111111111111,5.199954316908539,6.465008240766578,6.304241988928795
46.58620689655172,8.275862241379311,0.2222222222222222,5.123842120055947,6.447635289169171,6.31595479883534
46.58620689655172,8.275862241379311,0.3333333333333333,5.052980592441586,6.430789078552624,6.326330007918891
46.58620689655172,8.275862241379311,0.4444444444444444,4.986694319362125,6.414513271673373,6.335255152557218
46.58620689655172,8.275862241379311,0.5555555555555556,,,
46.58620689655172,8.275862241379311,0.6666666666666666,,,
46.58620689655172,8.275862241379311,0.7777777777777777,,,
46.58620689655172,8.275862241379311,0.8888888888888888,4.757527128066267,6.355232409777388,6.357181643376704
46.58620689655172,8.275862241379311,1.0,4.707406484253776,6.341795880253609,6.359702388801612
46.58620689655172,8.620689793103448,0.0,5.282159256452142,6.484050911043242,6.287011632009235
46.58620689655172,8.620689793103448,0.1111111111111111,5.203102093823975,6.467171691588952,6.298581192652455
46.58620689655172,8.620689793103448,0.2222222222222222,5.129684664747185,6.450696874623496,6.309260893480862
46.58620689655172,8.620689793103448,0.3333333333333333,5.061151275887353,6.434694308099231,6.31878949160512
46.58620689655172,8.620689793103448,0.4444444444444444,4.996891551167136,6.419203312044159,6.3270529361596495
46.58620689655172,8.620689793103448,0.5555555555555556,4.936403573269829,6.404241350687816,6.334032818983243
46.58620689655172,8.620689793103448,0.6666666666666666,,,
46.58620689655172,8.620689793103448,0.7777777777777777,,,
46.58620689655172,8.620689793103448,0.8888888888888888,4.773685606949605,6.362499397622549,6.347819098855152
46.58620689655172,8.620689793103448,1.0,4.724671632418448,6.3495844240223995,6.350317474512105
46.58620689655172,8.965517344827587,0.0,5.282159256452142,6.485180937260007,6.282861875037418
46.58620689655172,8.965517344827587,0.1111111111111111,5.206018015911254,6.469155886753513,6.293366449749371
46.58620689655172,8.965517344827587,0.2222222222222222,5.135112468390263,6.453497851269062,6.3031154261913915
46.58620689655172,8.965517344827587,0.3333333333333333,5.068761852412024,6.4382655868704,6.311870502592767
46.58620689655172,8.965517344827587,0.4444444444444444,5.00641267509066,6.423494388018786,6.319518786646374
46.58620689655172,8.965517344827587,0.5555555555555556,,,
46.58620689655172,8.965517344827587,0.6666666666666666,4.891962213902992,6.395389218922312,6.331431532236416
46.58620689655172,8.965517344827587,0.7777777777777777,,,
46.58620689655172,8.965517344827587,0.8888888888888888,4.788894024980961,6.369179284792428,6.3391336006852805
46.58620689655172,8.965517344827587,1.0,4.740948206322273,6.356752891083828,6.341586696214851
46.58620689655172,9.310344896551724,0.0,5.282159256452142,6.486229408857312,6.278995694018438
46.58620689655172,9.310344896551724,0.1111111111111111,5.2087267502633665,6.470981951951413,6.288547959906677
46.58620689655172,9.310344896551724,0.2222222222222222,5.140168018038846,6.456069368636278,6.297456553985251
46.58620689655172,9.310344896551724,0.3333333333333333,5.075867622896704,6.4415426491971255,6.305504326582972
46.58620689655172,9.310344896551724,0.4444444444444444,,,
46.58620689655172,9.310344896551724,0.5555555555555556,4.95811296970415,6.413757687677932,6.318651199297684
46.58620689655172,9.310344896551724,0.6666666666666666,,,
46.58620689655172,9.310344896551724,0.7777777777777777,,,
46.58620689655172,9.310344896551724,0.8888888888888888,,,
46.58620689655172,9.310344896551724,1.0,4.756315584385578,6.363368601821853,6.333455902484174
46.58620689655172,9.655172448275863,0.0,5.282159256452142,6.4872048504097695,6.275384942504111
46.58620689655172,9.655172448275863,0.1111111111111111,5.2112495908010485,6.47266785125141,6.284082963105072
46.58620689655172,9.655172448275863,0.2222222222222222,5.144888216397131,6.458437893105122,6.292231079758374
46.58620689655172,9.655172448275863,0.3333333333333333,5.082516909186328,6.444559320768951,6.29963149202651
46.58620689655172,9.655172448275863,0.4444444444444444,5.023676264407183,6.431060404100983,6.306178413229716
46.58620689655172,9.655172448275863,0.5555555555555556,,,
46.58620689655172,9.655172448275863,0.6666666666666666,,,
46.58620689655172,9.655172448275863,0.7777777777777777,,,
46.58620689655172,9.655172448275863,0.8888888888888888,,,
46.58620689655172,9.655172448275863,1.0,4.770845376714673,6.369489824226594,6.3258756655939825
46.58620689655172,10.0,0.0,5.282159256452142,6.488114638015063,6.272005084441668
46.58620689655172,10.0,0.1111111111111111,5.213605014680347,6.474228952394149,6.279934553307008
46.58620689655172,10.0,0.2222222222222222,5.149305264717173,6.460626043050446,6.287393035693001
46.58620689655172,10.0,0.3333333333333333,5.08875210728372,6.447344556144306,6.294200337175381
46.58620689655172,10.0,0.4444444444444444,5.031525214028792,6.434409750443165,6.3002554953127605
46.58620689655172,10.0,0.5555555555555556,,,
46.58620689655172,10.0,0.6666666666666666,,,
46.58620689655172,10.0,0.7777777777777777,,,
46.58620689655172,10.0,0.8888888888888888,,,
46.58620689655172,10.0,1.0,4.784602267436717,6.375167209241558,6.318800927740497
50.0,8.965517344827587,0.0,5.351169159248258,6.530805225269689,6.298936748492612
50.0,8.965517344827587,0.1111111111111111,5.269949385132893,6.514995623172721,6.310584221355599
50.0,8.965517344827587,0.2222222222222222,5.194629037102241,6.499453461357597,6.321772999709921
50.0,8.965517344827587,0.3333333333333333,5.124384641242299,6.484254547265563,6.332113019332216
50.0,8.965517344827587,0.4444444444444444,,,
50.0,8.965517344827587,0.5555555555555556,,,
50.0,8.965517344827587,0.6666666666666666,,,
50.0,8.965517344827587,0.7777777777777777,4.882655812729187,6.427678035689855,6.362193210855908
50.0,8.965517344827587,0.8888888888888888,4.829959547484931,6.41464792806626,6.366878343709697
50.0,8.965517344827587,1.0,4.779741478733643,6.402052965538725,6.370550588668327
50.0,9.310344896551724,0.0,5.351169159248258,6.531579003862456,6.295604201438602
50.0,9.310344896551724,0.1111111111111111,5.272837108351856,6.516528268487836,6.306204294404491
50.0,9.310344896551724,0.2222222222222222,5.200000965008864,6.501724276467661,6.316435278790209
50.0,9.310344896551724,0.3333333333333333,5.131915718272215,6.4872319089390595,6.325947064255424
50.0,9.310344896551724,0.4444444444444444,,,
50.0,9.310344896551724,0.5555555555555556,,,
50.0,9.310344896551724,0.6666666666666666,,,
50.0,9.310344896551724,0.7777777777777777,4.896563636698773,6.433081582078654,6.354090719665245
50.0,9.310344896551724,0.8888888888888888,4.845059965051265,6.420557979388054,6.3585807196351265
50.0,9.310344896551724,1.0,4.795918745617057,6.408433512024206,6.362143718605833
50.0,9.655172448275863,0.0,5.351169159248258,6.532298543979709,6.292494818115484
50.0,9.655172448275863,0.1111111111111111,5.275526661370723,6.5179411776701075,6.302156856485328
50.0,9.655172448275863,0.2222222222222222,5.205016744352874,6.503812632991553,6.3115230530840165
50.0,9.655172448275863,0.3333333333333333,,,
50.0,9.655172448275863,0.4444444444444444,,,
50.0,9.655172448275863,0.5555555555555556,,,
50.0,9.655172448275863,0.6666666666666666,,,
50.0,9.655172448275863,0.7777777777777777,,,
50.0,9.655172448275863,0.8888888888888888,4.859312975311482,6.426014414911522,6.350880490618293
50.0,9.655172448275863,1.0,4.811208972955111,6.414331254639733,6.354321593786439
50.0,10.0,0.0,5.351169159248258,6.532969356313426,6.289586889296921
50.0,10.0,0.1111111111111111,5.278037751817317,6.51924769129879,6.29840617865831
50.0,10.0,0.2222222222222222,5.209710603618323,6.505739196783173,6.306989761840967
50.0,10.0,0.3333333333333333,5.145572062195093,6.492491772793224,6.315054434723198
50.0,10.0,0.4444444444444444,,,
50.0,10.0,0.5555555555555556,,,
50.0,10.0,0.6666666666666666,,,
50.0,10.0,0.7777777777777777,4.922046315537215,6.442671781868833,6.339638514944459
50.0,10.0,0.8888888888888888,4.87278679310403,6.431064872650437,6.343725351321814
50.0,10.0,1.0,,,
48.29310344827586,7.586207137931035,0.4444444444444444,4.989418033315099,6.42782044273535,6.3650911648877715
48.29310344827586,7.586207137931035,0.5555555555555556,,,
48.29310344827586,7.586207137931035,0.6666666666666666,,,
48.29310344827586,7.586207137931035,0.7777777777777777,4.797890674988755,6.377627660365805,6.388405843283713
48.29310344827586,7.586207137931035,0.8888888888888888,4.741232507304445,6.36226586355143,6.39292308134404
48.29310344827586,7.586207137931035,1.0,4.687518952572948,6.347540579640278,6.396087295303227
48.29310344827586,7.931034689655173,0.0,5.317348879659417,6.505377820683599,6.303616318644664
48.29310344827586,7.931034689655173,0.1111111111111111,5.228872922262623,6.486615737601431,6.318506898122093
48.29310344827586,7.931034689655173,0.2222222222222222,5.147401735306132,6.468282050254834,6.332323362707445
48.29310344827586,7.931034689655173,0.3333333333333333,5.0718988479990035,6.450485404433268,6.344643406612096
48.29310344827586,7.931034689655173,0.4444444444444444,5.001546896216661,6.433289776442111,6.355290714130955
48.29310344827586,7.931034689655173,0.5555555555555556,,,
48.29310344827586,7.931034689655173,0.6666666666666666,,,
48.29310344827586,7.931034689655173,0.7777777777777777,4.815369949861951,6.385491926605201,6.3773755077763425
48.29310344827586,7.931034689655173,0.8888888888888888,4.760079270067234,6.370793454603918,6.381803160730345
48.29310344827586,7.931034689655173,1.0,4.707580100874461,6.356674146699513,6.38498827951301
48.29310344827586,8.275862241379311,0.0,5.317348879659417,6.506519721838933,6.299129810802014
48.29310344827586,8.275862241379311,0.1111111111111111,5.232394763962729,6.488791131291239,6.312600761754085
48.29310344827586,8.275862241379311,0.2222222222222222,5.153907438973198,6.471447799562447,6.325181562791928
48.29310344827586,8.275862241379311,0.3333333333333333,5.080960085870905,6.454582664011732,6.336490269010848
48.29310344827586,8.275862241379311,0.4444444444444444,,,
48.29310344827586,8.275862241379311,0.5555555555555556,,,
48.29310344827586,8.275862241379311,0.6666666666666666,,,
48.29310344827586,8.275862241379311,0.7777777777777777,4.831727970370951,6.392660185835129,6.3672161071999245
48.29310344827586,8.275862241379311,0.8888888888888888,4.777753011608393,6.378578792168596,6.3715248549951164
48.29310344827586,8.275862241379311,1.0,4.72642763135513,6.365025662102552,6.374693497468792
48.29310344827586,8.620689793103448,0.0,5.317348879659417,6.507572466008282,6.29497504081101
48.29310344827586,8.620689793103448,0.1111111111111111,5.235647278513415,6.490776964716036,6.307186730345016
48.29310344827586,8.620689793103448,0.2222222222222222,5.159934496591682,6.474330341770975,6.318658534134244
48.29310344827586,8.620689793103448,0.3333333333333333,5.08937839874614,6.458312301402081,6.329045393705433
48.29310344827586,8.620689793103448,0.4444444444444444,5.023312660176369,6.442773424757336,6.338177214751645
48.29310344827586,8.620689793103448,0.5555555555555556,,,
48.29310344827586,8.620689793103448,0.6666666666666666,,,
48.29310344827586,8.620689793103448,0.7777777777777777,,,
48.29310344827586,8.620689793103448,0.8888888888888888,4.794355793936764,6.38570941014041,6.362012879281329
48.29310344827586,8.620689793103448,1.0,4.744163657994015,6.372685828450312,6.365135667145543
48.29310344827586,8.965517344827587,0.0,5.317348879659417,6.508546105890451,6.291116479546594
48.29310344827586,8.965517344827587,0.1111111111111111,5.238660181288529,6.4925966514254565,6.3022070220561055
48.29310344827586,8.965517344827587,0.2222222222222222,5.165533688345301,6.476965108048674,6.312681087817979
48.29310344827586,8.965517344827587,0.3333333333333333,5.097219456818814,6.461720006778107,6.322227041023356
48.29310344827586,8.965517344827587,0.4444444444444444,5.033112772479733,6.446906200658469,6.330681663145324
48.29310344827586,8.965517344827587,0.5555555555555556,,,
48.29310344827586,8.965517344827587,0.6666666666666666,,,
48.29310344827586,8.965517344827587,0.7777777777777777,4.8614736853714575,6.405230525803539,6.349186315150071
48.29310344827586,8.965517344827587,0.8888888888888888,4.809978925396138,6.392260120021477,6.353199006411362
48.29310344827586,8.965517344827587,1.0,4.76087997372121,6.379732366176238,6.356253126205162
48.29310344827586,9.310344896551724,0.0,5.317348879659417,6.509449237180012,6.287523502702065
48.29310344827586,9.310344896551724,0.1111111111111111,5.241458978067049,6.494269943295981,6.297612409949967
48.29310344827586,9.310344896551724,0.2222222222222222,5.170748887533102,6.479381973005279,6.307186706802129
48.29310344827586,9.310344896551724,0.3333333333333333,5.104540361253904,6.464844399590816,6.315964871970953
48.29310344827586,9.310344896551724,0.4444444444444444,5.042282890218765,6.450696962296301,6.3237917688278715
48.29310344827586,9.310344896551724,0.5555555555555556,,,
48.29310344827586,9.310344896551724,0.6666666666666666,,,
48.29310344827586,9.310344896551724,0.7777777777777777,4.875031549045879,6.410764788309704,6.341174760851252
48.29310344827586,9.310344896551724,0.8888888888888888,,,
48.29310344827586,9.310344896551724,1.0,4.776659176624457,6.386232201113385,6.347989513652964
48.29310344827586,9.655172448275863,0.0,5.317348879659417,6.5102892533793275,6.284169571668239
48.29310344827586,9.655172448275863,0.1111111111111111,5.244065683667536,6.495813612961723,6.293360717429741
48.29310344827586,9.655172448275863,0.2222222222222222,5.175618189796796,6.4816062852875564,6.302121730330503
48.29310344827586,9.655172448275863,0.3333333333333333,5.1113909803495154,6.467718316608353,6.310198125598531
48.29310344827586,9.655172448275863,0.4444444444444444,,,
48.29310344827586,9.655172448275863,0.5555555555555556,,,
48.29310344827586,9.655172448275863,0.6666666666666666,,,
48.29310344827586,9.655172448275863,0.7777777777777777,,,
48.29310344827586,9.655172448275863,0.8888888888888888,4.838604982347291,6.403870058119663,6.337424583713579
48.29310344827586,9.655172448275863,1.0,4.791575679034914,6.39224323020062,6.340293412902402
48.29310344827586,10.0,0.0,5.317348879659417,6.5110725489272,6.281031573438658
48.29310344827586,10.0,0.1111111111111111,5.246499398514239,6.497241990270332,6.289415616558739
48.29310344827586,10.0,0.2222222222222222,5.1801748293343355,6.483659680063132,6.297439886410725
48.29310344827586,10.0,0.3333333333333333,5.117815047420057,6.470369833064902,6.304874118595617
48.29310344827586,10.0,0.4444444444444444,5.058959901736157,6.457403617589077,6.311580739521741
48.29310344827586,10.0,0.5555555555555556,,,
48.29310344827586,10.0,0.6666666666666666,,,
48.29310344827586,10.0,0.7777777777777777,,,
48.29310344827586,10.0,0.8888888888888888,4.851747209011687,6.40903282152836,6.330357835048844
48.29310344827586,10.0,1.0,4.805696608060799,6.397815756675274,6.333117979951498
50.0,1e-06,0.0,,,
50.0,1e-06,0.1111111111111111,,,
50.0,1e-06,0.2222222222222222,4.267015160622994,3.0457223357525356,7.528410328014564
50.0,1e-06,0.3333333333333333,4.0927264131131125,3.045728218606026,7.4035624137925256
50.0,1e-06,0.4444444444444444,3.9522302951527024,3.045731700786779,7.305209466412984
50.0,1e-06,0.5555555555555556,3.8319803253421596,3.0457340493817413,7.222950605633817
50.0,1e-06,0.6666666666666666,,,
50.0,1e-06,0.7777777777777777,3.6296365904972254,3.0457524894422345,7.088448584717832
50.0,1e-06,0.8888888888888888,3.542039708992917,3.0457381048172993,7.0314053879316
50.0,1e-06,1.0,3.461575155735113,3.045738949460148,6.979283085967823
50.0,0.34482855172413795,0.0,5.351169159248258,6.160053140782044,7.235261126931134
50.0,0.34482855172413795,0.1111111111111111,4.648877556792131,5.426088964329379,7.475386038586142
50.0,0.34482855172413795,0.2222222222222222,4.392190625412862,5.16545599677408,7.384409446216818
50.0,0.34482855172413795,0.3333333333333333,4.214041083746896,5.003164955387295,7.299649591223449
50.0,0.34482855172413795,0.4444444444444444,4.071935673240416,4.885444907217705,7.2251755514389275
50.0,0.34482855172413795,0.5555555555555556,,,
50.0,0.34482855172413795,0.6666666666666666,,,
50.0,0.34482855172413795,0.7777777777777777,,,
50.0,0.34482855172413795,0.8888888888888888,,,
50.0,0.34482855172413795,1.0,,,
50.0,0.689656103448276,0.0,5.351169159248258,6.32449411178029,6.9266092994235855
50.0,0.689656103448276,0.1111111111111111,4.765959020958097,5.891663720846637,7.256780304008433
50.0,0.689656103448276,0.2222222222222222,4.50460498020197,5.679731330651898,7.242083535265857
50.0,0.689656103448276,0.3333333333333333,4.324123098049594,5.541261637462093,7.194489198487697
50.0,0.689656103448276,0.4444444444444444,,,
50.0,0.689656103448276,0.5555555555555556,,,
50.0,0.689656103448276,0.6666666666666666,,,
50.0,0.689656103448276,0.7777777777777777,,,
50.0,0.689656103448276,0.8888888888888888,,,
50.0,0.689656103448276,1.0,,,
50.0,1.034483655172414,0.0,5.351169159248258,6.3906492079868364,6.766326127556851
50.0,1.034483655172414,0.1111111111111111,4.863121985892856,6.103711934401724,7.06940052951055
50.0,1.034483655172414,0.2222222222222222,4.603890551520783,5.930060189853028,7.1084524383073004
50.0,1.034483655172414,0.3333333333333333,,,
50.0,1.034483655172414,0.4444444444444444,4.279917319504156,5.7182924403191615,7.061039504155317
50.0,1.034483655172414,0.5555555555555556,,,
50.0,4.827586724137932,0.8888888888888888,4.5432753153275645,6.2741908949412935,6.5413493013409525
50.0,4.827586724137932,1.0,4.4771081351911235,6.252495048578127,6.542085207957341
50.0,5.17241427586207,0.0,5.351169159248258,6.515715824800118,6.361710126658281
50.0,5.17241427586207,0.1111111111111111,5.21460748651102,6.482451881897511,6.400592971767304
50.0,5.17241427586207,0.2222222222222222,5.094370278730722,6.45037250629547,6.434039286633203
50.0,5.17241427586207,0.3333333333333333,4.9870942352846,6.419978166009324,6.461008345699611
50.0,5.17241427586207,0.4444444444444444,,,
50.0,5.17241427586207,0.5555555555555556,4.802391545997185,6.364724842916078,6.497181096344407
50.0,5.17241427586207,0.6666666666666666,4.721732717053342,6.339748541924066,6.508035024884851
50.0,5.17241427586207,0.7777777777777777,4.647260788202876,6.316370746601029,6.515164466239368
50.0,5.17241427586207,0.8888888888888888,4.578056207826629,6.294449214584529,6.5192623785625194
50.0,5.17241427586207,1.0,4.513368851531202,6.2738465351391,6.52090300431529
50.0,5.517241827586208,0.0,5.351169159248258,6.517917768306432,6.352802138686882
50.0,5.517241827586208,0.1111111111111111,5.2225652194235845,6.487505724778339,6.387017241095447
50.0,5.517241827586208,0.2222222222222222,5.108468388531658,6.458060384994738,6.416991947309542
50.0,5.517241827586208,0.3333333333333333,5.006011992600865,6.430000271992145,6.441697817232861
50.0,5.517241827586208,0.4444444444444444,,,
50.0,5.517241827586208,0.5555555555555556,4.828208906707644,6.378537716264792,6.476041765763907
50.0,5.517241827586208,0.6666666666666666,4.7500464969511835,6.355084493200088,6.486862199780311
50.0,5.517241827586208,0.7777777777777777,4.677633318113647,6.333030362540137,6.49431022029399
50.0,5.517241827586208,0.8888888888888888,4.610155081625383,6.312265140890947,6.498959832970956
50.0,5.517241827586208,1.0,4.546941022430133,6.292678544284812,6.501301177998879
50.0,5.862069379310346,0.0,5.351169159248258,6.519868354279056,6.344841244119548
50.0,5.862069379310346,0.1111111111111111,5.229649037589717,6.49189821401993,6.37509382609252
50.0,5.862069379310346,0.2222222222222222,5.121109480213659,6.46473122900989,6.402014145947388
50.0,5.862069379310346,0.3333333333333333,5.023086507532258,6.438716945501601,6.424626223964643
50.0,5.862069379310346,0.4444444444444444,,,
50.0,5.862069379310346,0.5555555555555556,,,
50.0,5.862069379310346,0.6666666666666666,4.776023288820832,6.368567851908334,6.4676836985809105
50.0,5.862069379310346,0.7777777777777777,4.7056167700675635,6.347726137491397,6.475279209860527
50.0,5.862069379310346,0.8888888888888888,4.639835900822642,6.328028349950305,6.48030520944069
50.0,5.862069379310346,1.0,4.5780788740212355,6.309386076659696,6.483177456614593
50.0,6.206896931034484,0.0,5.351169159248258,6.521608318854657,6.337683709534634
50.0,6.206896931034484,0.1111111111111111,5.235994933033119,6.495748276625383,6.364548994480542
50.0,6.206896931034484,0.2222222222222222,5.132505993590471,6.4705664982192985,6.388778520483516
50.0,6.206896931034484,0.3333333333333333,5.038568578714681,6.44635505392989,6.409467717600868
50.0,6.206896931034484,0.4444444444444444,,,
50.0,6.206896931034484,0.5555555555555556,,,
50.0,6.206896931034484,0.6666666666666666,4.799919230069186,6.38049442766283,6.450290265734677
50.0,6.206896931034484,0.7777777777777777,4.731457332103015,6.3607643925508235,6.4579024995498
50.0,6.206896931034484,0.8888888888888888,4.667335273429519,6.342052516300752,6.46316468924693
50.0,6.206896931034484,1.0,4.607010942667589,6.324288017159692,6.46642766866889
50.0,6.551724482758622,0.0,5.351169159248258,6.523170042928067,6.331213541334957
50.0,6.551724482758622,0.1111111111111111,5.241712184639409,6.499148432025219,6.3551646357595555
50.0,6.551724482758622,0.2222222222222222,5.1428315815276155,6.475708158661227,6.377019153594754
50.0,6.551724482758622,0.3333333333333333,5.052667065456826,6.4530936473092755,6.395950702458015
50.0,6.551724482758622,0.4444444444444444,,,
50.0,6.551724482758622,0.5555555555555556,,,
50.0,6.551724482758622,0.6666666666666666,4.821959166165891,6.391102720189842,6.43449243880816
50.0,6.551724482758622,0.7777777777777777,,,
50.0,6.551724482758622,0.8888888888888888,4.692864805076932,6.354592720694337,6.44741012013046
50.0,6.551724482758622,1.0,4.633942462972697,6.337644460293851,6.450949003479723
50.0,6.8965520344827596,0.0,5.351169159248258,6.524579590678033,6.325336089909196
50.0,6.8965520344827596,0.1111111111111111,5.2468895798678385,6.502171635338786,6.34676514527043
50.0,6.8965520344827596,0.2222222222222222,5.152229402038498,6.480268634449628,6.366518595328903
50.0,6.8965520344827596,0.3333333333333333,5.065556839074514,6.459075597907399,6.383848170001921
50.0,6.8965520344827596,0.4444444444444444,,,
50.0,6.8965520344827596,0.5555555555555556,,,
50.0,6.8965520344827596,0.6666666666666666,4.842340119929871,6.400586819586397,6.420120163244352
50.0,6.8965520344827596,0.7777777777777777,,,
50.0,6.8965520344827596,0.8888888888888888,4.716613400964681,6.365858290411466,6.432920842166692
50.0,6.8965520344827596,1.0,4.659057565617578,6.349669494205132,6.436642219603459
50.0,7.2413795862068975,0.0,5.351169159248258,6.5258581788061605,6.319973348251539
50.0,7.2413795862068975,0.1111111111111111,5.25159998427259,6.504876121214386,6.339207776294002
50.0,7.2413795862068975,0.2222222222222222,5.160818426523262,6.4843379463313155,6.357097855419612
50.0,7.2413795862068975,0.3333333333333333,5.077385143181032,6.464416062378204,6.372969734004963
50.0,7.2413795862068975,0.4444444444444444,,,
50.0,7.2413795862068975,0.5555555555555556,,,
50.0,7.2413795862068975,0.6666666666666666,4.861234634781266,6.409106020602272,6.407021704202426
50.0,7.2413795862068975,0.7777777777777777,4.7981850749810135,6.392198876336069,6.414189305772654
50.0,7.2413795862068975,0.8888888888888888,4.738749492954925,6.3760224207669145,6.4195846431822785
50.0,7.2413795862068975,1.0,4.6825213214750345,6.360540788018293,6.423413050217805
50.0,7.586207137931035,0.0,5.351169159248258,6.527023253779872,6.315060442669201
50.0,7.586207137931035,0.1111111111111111,5.255903745854858,6.5073088918929365,6.33237545574523
50.0,7.586207137931035,0.2222222222222222,5.168698276544347,6.487988910716689,6.348608653661658
50.0,7.586207137931035,0.3333333333333333,5.0882766661698575,6.469208720417761,6.363155121561702
50.0,7.586207137931035,0.4444444444444444,,,
50.0,7.586207137931035,0.5555555555555556,,,
50.0,7.586207137931035,0.6666666666666666,4.878793875120211,6.4167920812722805,6.395062200041077
50.0,7.586207137931035,0.7777777777777777,4.817403110536291,6.400681745131556,6.4019846080680045
50.0,7.586207137931035,0.8888888888888888,4.759423159952707,6.3852294847237046,6.407298107052194
50.0,7.586207137931035,1.0,4.7044816456798015,6.370406884820173,6.411173012646258
50.0,7.931034689655173,0.0,5.351169159248258,6.528089293938533,6.3105429767453325
50.0,7.931034689655173,0.1111111111111111,5.2598512649855005,6.509508268549902,6.3261713722567805
50.0,7.931034689655173,0.2222222222222222,5.175952963578423,6.491280979167605,6.340927388013178
50.0,7.931034689655173,0.3333333333333333,5.098337588902954,6.4735304333014785,6.354268875123989
50.0,7.931034689655173,0.4444444444444444,,,
50.0,7.931034689655173,0.5555555555555556,,,
50.0,7.931034689655173,0.6666666666666666,4.895150425146851,6.423754767220161,6.384122077047497
50.0,7.931034689655173,0.7777777777777777,,,
50.0,7.931034689655173,0.8888888888888888,4.778768112965756,6.39360065420653,6.395966554762393
50.0,7.931034689655173,1.0,4.725071063840682,6.379392819450541,6.399839788232071
50.0,8.275862241379311,0.0,5.351169159248258,6.529068415123119,6.30637499563678
50.0,8.275862241379311,0.1111111111111111,5.263484958141511,6.511505784302169,6.320514854897421
50.0,8.275862241379311,0.2222222222222222,5.182653805231342,6.494263110296993,6.333950412971021
50.0,8.275862241379311,0.3333333333333333,5.107658823422237,6.477444763565023,6.346196045775625
50.0,8.275862241379311,0.4444444444444444,,,
50.0,8.275862241379311,0.5555555555555556,,,
50.0,8.275862241379311,0.6666666666666666,4.9104207682141965,6.430086131530459,6.374095459243253
50.0,8.275862241379311,0.7777777777777777,4.852135790388632,6.415392957723903,6.380461613496332
50.0,8.275862241379311,0.8888888888888888,4.796903524948745,6.401238270397494,6.385503724988553
50.0,8.275862241379311,1.0,4.744408338900769,6.387604494553813,6.389337301762745
50.0,8.620689793103448,0.0,5.351169159248258,6.529970833790258,6.302517407810178
50.0,8.620689793103448,0.1111111111111111,5.266840775371143,6.513327607249177,6.315338202573333
50.0,8.620689793103448,0.2222222222222222,5.188861718386954,6.496975943360771,6.327590321540283
50.0,8.620689793103448,0.3333333333333333,5.116318614784712,6.481004663169604,6.338838690602431
50.0,8.620689793103448,0.4444444444444444,,,
50.0,8.620689793103448,0.5555555555555556,,,
50.0,8.620689793103448,0.6666666666666666,4.924707454562112,6.435863850684863,6.364888650217522
50.0,8.620689793103448,0.7777777777777777,4.867874221536658,6.421801955677136,6.3709604212100714
50.0,8.620689793103448,0.8888888888888888,,,
50.0,8.620689793103448,1.0,4.7625999576935305,6.395132123753406,6.379595598164261
50.0,1.034483655172414,0.6666666666666666,,,
50.0,1.034483655172414,0.7777777777777777,,,
50.0,1.034483655172414,0.8888888888888888,,,
50.0,1.034483655172414,1.0,,,
50.0,1.3793112068965518,0.0,5.351169159248258,6.426794066447873,6.665878670943148
50.0,1.3793112068965518,0.1111111111111111,4.9403075881916445,6.222245954635444,6.919436299964703
50.0,1.3793112068965518,0.2222222222222222,4.69008034912723,6.079700027543348,6.988506913486275
50.0,1.3793112068965518,0.3333333333333333,,,
50.0,1.3793112068965518,0.4444444444444444,,,
50.0,1.3793112068965518,0.5555555555555556,,,
50.0,1.3793112068965518,0.6666666666666666,,,
50.0,1.3793112068965518,0.7777777777777777,,,
50.0,1.3793112068965518,0.8888888888888888,,,
50.0,1.3793112068965518,1.0,,,
50.0,1.7241387586206898,0.0,5.351169159248258,6.449649250197111,6.596451330436262
50.0,1.7241387586206898,0.1111111111111111,5.000071534852058,6.29584397953984,6.803377803142299
50.0,1.7241387586206898,0.2222222222222222,4.763706041289914,6.178003451627962,6.884606806128327
50.0,1.7241387586206898,0.3333333333333333,,,
50.0,1.7241387586206898,0.4444444444444444,,,
50.0,1.7241387586206898,0.5555555555555556,,,
50.0,1.7241387586206898,0.6666666666666666,,,
50.0,1.7241387586206898,0.7777777777777777,,,
50.0,1.7241387586206898,0.8888888888888888,,,
50.0,1.7241387586206898,1.0,,,
50.0,2.068966310344828,0.0,5.351169159248258,6.465427077421527,6.545402088615623
50.0,2.068966310344828,0.1111111111111111,5.046222181219657,6.344959498334568,6.714009561759485
50.0,2.068966310344828,0.2222222222222222,4.825851377995352,6.246458692455736,6.796724401527292
50.0,2.068966310344828,0.3333333333333333,4.656844632033282,6.16679275441576,6.831156782862975
50.0,2.068966310344828,0.4444444444444444,,,
50.0,2.068966310344828,0.5555555555555556,4.4028035220835875,6.045240154409834,6.837136068575042
50.0,2.068966310344828,0.6666666666666666,,,
50.0,2.068966310344828,0.7777777777777777,,,
50.0,2.068966310344828,0.8888888888888888,,,
50.0,2.068966310344828,1.0,,,
50.0,2.413793862068966,0.0,5.351169159248258,6.476981820759657,6.506208333059175
50.0,2.413793862068966,0.1111111111111111,5.082307392995929,6.379569102698074,6.644515918711034
50.0,2.413793862068966,0.2222222222222222,4.878006040030474,6.296185096531504,6.7233165315886065
50.0,2.413793862068966,0.3333333333333333,,,
50.0,2.413793862068966,0.4444444444444444,4.582605912554764,6.167148997157574,6.779294484375421
50.0,2.413793862068966,0.5555555555555556,4.468311074267555,6.116254997333537,6.782388661002353
50.0,2.413793862068966,0.6666666666666666,,,
50.0,2.413793862068966,0.7777777777777777,,,
50.0,2.413793862068966,0.8888888888888888,,,
50.0,2.413793862068966,1.0,,,
50.0,2.758621413793104,0.0,5.351169159248258,6.485812151132921,6.475134069421799
50.0,2.758621413793104,0.1111111111111111,5.111044987281003,6.40501507507998,6.589649511925729
50.0,2.758621413793104,0.2222222222222222,4.9217938692951755,6.333529358754491,6.662235523905021
50.0,2.758621413793104,0.3333333333333333,,,
50.0,2.758621413793104,0.4444444444444444,4.6386121685259045,6.218595162949099,6.7243036707294
50.0,2.758621413793104,0.5555555555555556,,,
50.0,2.758621413793104,0.6666666666666666,,,
50.0,2.758621413793104,0.7777777777777777,,,
50.0,2.758621413793104,0.8888888888888888,4.2593854295514975,6.061004189708737,6.717659758103484
50.0,2.758621413793104,1.0,,,
50.0,3.103448965517242,0.0,5.351169159248258,6.492781578234378,6.449875067635974
50.0,3.103448965517242,0.1111111111111111,5.134368661577027,6.424369739663613,6.5456236172066555
50.0,3.103448965517242,0.2222222222222222,4.958739024986085,6.362352015631109,6.611322494204913
50.0,3.103448965517242,0.3333333333333333,,,
50.0,3.103448965517242,0.4444444444444444,,,
50.0,3.103448965517242,0.5555555555555556,4.579912472917398,6.216801635020939,6.686935635778046
50.0,3.103448965517242,0.6666666666666666,,,
50.0,3.103448965517242,0.7777777777777777,,,
50.0,3.103448965517242,0.8888888888888888,,,
50.0,3.103448965517242,1.0,,,
50.0,3.44827651724138,0.0,5.351169159248258,6.49842309180948,6.4289288802599875
50.0,3.44827651724138,0.1111111111111111,5.153631610203932,6.43950467959439,6.5097433256878245
50.0,3.44827651724138,0.2222222222222222,4.9901463259459184,6.385113972207483,6.568675357474358
50.0,3.44827651724138,0.3333333333333333,,,
50.0,3.44827651724138,0.4444444444444444,,,
50.0,3.44827651724138,0.5555555555555556,4.6272942445414085,6.253335870742596,6.646039037400097
50.0,3.44827651724138,0.6666666666666666,,,
50.0,3.44827651724138,0.7777777777777777,,,
50.0,3.44827651724138,0.8888888888888888,,,
50.0,3.44827651724138,1.0,,,
50.0,3.7931040689655178,0.0,5.351169159248258,6.503083650760772,6.411272236472319
50.0,3.7931040689655178,0.1111111111111111,5.169788273167797,6.451615095673505,6.48008052219125
50.0,3.7931040689655178,0.2222222222222222,5.017076594776596,6.403444264388355,6.532718710768973
50.0,3.7931040689655178,0.3333333333333333,,,
50.0,3.7931040689655178,0.4444444444444444,,,
50.0,3.7931040689655178,0.5555555555555556,4.669868624084147,6.283588741560021,6.609335447128396
50.0,3.7931040689655178,0.6666666666666666,,,
50.0,3.7931040689655178,0.7777777777777777,,,
50.0,3.7931040689655178,0.8888888888888888,,,
50.0,3.7931040689655178,1.0,4.349208546053906,6.1676555952487,6.615999992851665
50.0,4.137931620689656,0.0,5.351169159248258,6.506998906751275,6.396183276022408
50.0,4.137931620689656,0.1111111111111111,5.183523344254452,6.461494772263494,6.4552384022123475
50.0,4.137931620689656,0.2222222222222222,5.040370852859363,6.418456124511675,6.5021847844926315
50.0,4.137931620689656,0.3333333333333333,,,
50.0,4.137931620689656,0.4444444444444444,,,
50.0,4.137931620689656,0.5555555555555556,4.70818800411574,6.308952690628993,6.576468379350886
50.0,4.137931620689656,0.6666666666666666,4.6196698145745785,6.278388050442339,6.585876541598625
50.0,4.137931620689656,0.7777777777777777,,,
50.0,4.137931620689656,0.8888888888888888,,,
50.0,4.137931620689656,1.0,4.395359417144948,6.20011970514902,6.589561123132425
50.0,4.482759172413794,0.0,5.351169159248258,6.510334561916625,6.38313775664533
50.0,4.482759172413794,0.1111111111111111,5.195337630723804,6.469688631196657,6.434189944411129
50.0,4.482759172413794,0.2222222222222222,5.060689878823118,6.4309314206882195,6.476065518030677
50.0,4.482759172413794,0.3333333333333333,4.942454849329599,6.394766716193722,6.507992024636218
50.0,4.482759172413794,0.4444444444444444,,,
50.0,4.482759172413794,0.5555555555555556,4.742755909518325,6.330449877231003,6.547062413993095
50.0,4.482759172413794,0.6666666666666666,4.656893082708083,6.301936943009338,6.557292648743807
50.0,4.482759172413794,0.7777777777777777,4.578210068502622,6.275532229000878,6.5630609346367095
50.0,4.482759172413794,0.8888888888888888,4.505518672617798,6.251000472208736,6.565355055886404
50.0,4.482759172413794,1.0,,,
50.0,4.827586724137932,0.0,5.351169159248258,6.5132105492298535,6.371745532324358
50.0,4.827586724137932,0.1111111111111111,5.205604530474253,6.476581497312902,6.416168434726054
50.0,4.827586724137932,0.2222222222222222,5.078552952525444,6.441432530961855,6.453561840298315
50.0,4.827586724137932,0.3333333333333333,4.966030644260452,6.408359685113779,6.482949459055713
50.0,4.827586724137932,0.4444444444444444,,,
50.0,4.827586724137932,0.5555555555555556,4.774023897180747,6.34884605546129,6.520748903356278
50.0,4.827586724137932,0.6666666666666666,4.690791114547945,6.322189315200141,6.531430386232386
50.0,4.827586724137932,0.7777777777777777,,,
