Lp,B,sigma,Obj_mass,Obj_concentration,Obj_retentate_concentration
2.206896551724138,7.241379827586207,0.8888888888888888,3.0881127883314607,2.359104975354956,4.257218623084794
2.206896551724138,7.241379827586207,1.0,3.089427229837451,2.359385177105008,4.2578386896893194
2.206896551724138,7.758621172413793,0.0,3.0772611405302497,2.344712904626769,4.253235659588923
2.206896551724138,7.758621172413793,0.1111111111111111,3.0785729198186607,2.344997706607877,4.253830831294028
2.206896551724138,7.758621172413793,0.2222222222222222,3.0798759207221,2.3452820971559523,4.2544247467312735
2.206896551724138,7.758621172413793,0.3333333333333333,3.081170229880689,2.3455660765474433,4.2550174024200675
2.206896551724138,7.758621172413793,0.4444444444444444,3.082455932934345,2.3458496450670467,4.255608795084407
2.206896551724138,7.758621172413793,0.5555555555555556,3.083733114532369,2.346132803007578,4.256198921647381
2.206896551724138,7.758621172413793,0.6666666666666666,3.0850018583431393,2.346415550669844,4.256787779225817
2.206896551724138,7.758621172413793,0.7777777777777777,3.086262247063879,2.3466978883625123,4.2573753651250685
2.206896551724138,7.758621172413793,0.8888888888888888,3.087514362430496,2.346979816401984,4.257961676833927
2.206896551724138,7.758621172413793,1.0,3.0887582852274793,2.34726133511227,4.25854671201968
2.206896551724138,8.275862517241379,0.0,3.0772611405302497,2.3337315779368804,4.254158081654087
2.206896551724138,8.275862517241379,0.1111111111111111,3.0785029949405223,2.3340162766333346,4.254721065431251
2.206896551724138,8.275862517241379,0.2222222222222222,3.07973693891779,2.3343005607260965,4.255282899100818
2.206896551724138,8.275862517241379,0.3333333333333333,3.0809630470908123,2.3345844306324777,4.2558435801116
2.206896551724138,8.275862517241379,0.4444444444444444,3.082181393259454,2.334867886775776,4.256403106071142
2.206896551724138,8.275862517241379,0.5555555555555556,3.0833920504025274,2.335150929585174,4.2569614747416
2.206896551724138,8.275862517241379,0.6666666666666666,3.0845950906857,2.335433559495639,4.257518684035732
2.206896551724138,8.275862517241379,0.7777777777777777,3.08579058546945,2.3357157769478216,4.258074732012986
2.206896551724138,8.275862517241379,0.8888888888888888,3.0869786053170643,2.3359975823879626,4.258629616875682
2.206896551724138,8.275862517241379,1.0,3.088159220002664,2.336278976267786,4.259183336965288
2.206896551724138,8.793103862068964,0.0,3.0772611405302497,2.3237482772407754,4.2549904867176345
2.206896551724138,8.793103862068964,0.1111111111111111,3.0784401461871616,2.3240317332638822,4.2555245429291535
2.206896551724138,8.793103862068964,0.2222222222222222,3.0796119869951704,2.3243147776077837,4.256057543252693
2.206896551724138,8.793103862068964,0.3333333333333333,3.080776727684056,2.324597410768657,4.256589485813837
2.206896551724138,8.793103862068964,0.4444444444444444,3.0819344322911726,2.32487963324717,4.257120368862952
2.206896551724138,8.793103862068964,0.5555555555555556,3.0830851641679002,2.3251614455484053,4.257650190772059
2.206896551724138,8.793103862068964,0.6666666666666666,3.084228985986128,2.325442848181779,4.258178950031789
2.206896551724138,8.793103862068964,0.7777777777777777,3.0853659597447742,2.3257238416609542,4.258706645248389
2.206896551724138,8.793103862068964,0.8888888888888888,3.0864961467763217,2.3260044265037707,4.259233275140826
2.206896551724138,8.793103862068964,1.0,3.0876196077533806,2.3262846032321605,4.259758838537946
2.206896551724138,9.310345206896551,0.0,3.0772611405302497,2.3146333755352995,4.255745403989911
2.206896551724138,9.310345206896551,0.1111111111111111,3.0783833513574725,2.314914731582922,4.256253326858405
2.206896551724138,9.310345206896551,0.2222222222222222,3.079499042469941,2.315195683044438,4.2567602776322975
2.206896551724138,9.310345206896551,0.3333333333333333,3.080608270368117,2.315476230453337,4.257266254935334
2.206896551724138,9.310345206896551,0.4444444444444444,3.081711090969756,2.315756374346621,4.257771257490526
2.206896551724138,9.310345206896551,0.5555555555555556,3.0828075596152393,2.3160361152647373,4.258275284117757
2.206896551724138,9.310345206896551,0.6666666666666666,3.083897731072927,2.316315453751514,4.258778333731422
2.206896551724138,9.310345206896551,0.7777777777777777,3.0849816595445194,2.3165943903540827,4.259280405338124
2.206896551724138,9.310345206896551,0.8888888888888888,3.086059398670446,2.316872925622826,4.259781498034445
2.206896551724138,9.310345206896551,1.0,3.087131001535256,2.317151060111301,4.260281611004739
2.206896551724138,9.827586551724137,0.0,3.0772611405302497,2.3062787311017705,4.2564331464766845
2.206896551724138,9.827586551724137,0.1111111111111111,3.07833177606034,2.3065573460495856,4.256917348023903
2.206896551724138,9.827586551724137,0.2222222222222222,3.079396453791942,2.3068355662920816,4.257400652184847
2.206896551724138,9.827586551724137,0.3333333333333333,3.080455223329492,2.307113392372568,4.257883057953356
2.206896551724138,9.827586551724137,0.4444444444444444,3.08150813378369,2.307390824837226,4.258364564403115
2.206896551724138,9.827586551724137,0.5555555555555556,3.082555233775929,2.3076678642350448,4.258845170685766
2.206896551724138,9.827586551724137,0.6666666666666666,3.083596571442735,2.307944511117765,4.259324876029083
2.206896551724138,9.827586551724137,0.7777777777777777,3.0846321944402155,2.308220766039822,4.259803679735176
2.206896551724138,9.827586551724137,0.8888888888888888,3.0856621499485186,2.308496629558283,4.260281581178729
2.206896551724138,9.827586551724137,1.0,3.08668648467629,2.308772102232798,4.2607585798053
2.206896551724138,10.344827896551724,0.0,3.0772611405302497,2.2985934116644766,4.25706227908093
2.206896551724138,10.344827896551724,0.1111111111111111,3.0782847324821385,2.2988688108824777,4.257524855163393
2.206896551724138,10.344827896551724,0.2222222222222222,3.079302859030277,2.299143827072866,4.257986600652244
2.206896551724138,10.344827896551724,0.3333333333333333,3.0803155639578303,2.2994184607709407,4.258447514818461
2.206896551724138,10.344827896551724,0.4444444444444444,3.081322890626953,2.299692712514442,4.258907596997859
2.206896551724138,10.344827896551724,0.5555555555555556,3.0823248819824807,2.2999665828435027,4.259366846589633
2.206896551724138,10.344827896551724,0.6666666666666666,3.083321580555639,2.300240072300596,4.259825263054901
2.206896551724138,10.344827896551724,0.7777777777777777,3.0843130284677507,2.3005131814304813,4.260282845915288
2.206896551724138,10.344827896551724,0.8888888888888888,3.0852992674339488,2.3007859107801543,4.260739594751541
2.206896551724138,10.344827896551724,1.0,3.086280338766889,2.301058260898799,4.261195509202178
2.206896551724138,10.86206924137931,0.0,3.0772611405302497,2.2915004022209255,4.257639973121722
2.206896551724138,10.86206924137931,0.1111111111111111,3.0782416485586417,2.2917722398452107,4.258082755916146
2.206896551724138,10.86206924137931,0.2222222222222222,3.0792171250516045,2.292043707206036,4.258524768005036
2.206896551724138,10.86206924137931,0.3333333333333333,3.080187608844948,2.2923148048194677,4.2589660088682315
2.206896551724138,10.86206924137931,0.4444444444444444,3.0811531384133515,2.2925855332037366,4.259406478038732
2.206896551724138,10.86206924137931,0.5555555555555556,3.0821137518734694,2.2928558928791856,4.259846175101512
2.206896551724138,10.86206924137931,0.6666666666666666,3.0830694869870396,2.293125884368227,4.260285099692378
2.206896551724138,10.86206924137931,0.7777777777777777,3.0840203811639904,2.293395508195291,4.260723251496822
2.206896551724138,10.86206924137931,0.8888888888888888,3.0849664714655542,2.2936647648867834,4.261160630248938
2.206896551724138,10.86206924137931,1.0,3.0859077946073676,2.293933654971039,4.261597235730322
2.206896551724138,11.379310586206897,0.0,3.07726114053025,2.284934041648624,4.25817227811222
2.206896551724138,11.379310586206897,0.1111111111111111,3.0782020446123726,2.285202071735367,4.258596878228364
2.206896551724138,11.379310586206897,0.2222222222222222,3.0791383014087126,2.2854697449010053,4.259020761492947
2.206896551724138,11.379310586206897,0.3333333333333333,3.080069945524056,2.285737061635688,4.25944392754407
2.206896551724138,11.379310586206897,0.4444444444444444,3.0809970112517173,2.2860040224315274,4.259866376063753
2.206896551724138,11.379310586206897,0.5555555555555556,3.0819195325761606,2.286270627782572,4.26028810677702
2.206896551724138,11.379310586206897,0.6666666666666666,3.082837543175616,2.2865368781847493,4.260709119450949
2.206896551724138,11.379310586206897,0.7777777777777777,3.0837510764247,2.2868027741358294,4.261129413893771
2.206896551724138,11.379310586206897,0.8888888888888888,3.084660165397039,2.287068316135387,4.261548989953989
2.206896551724138,11.379310586206897,1.0,3.0855648428678832,2.2873335046847485,4.26196784751949
2.206896551724138,11.896551931034482,0.0,3.0772611405302497,2.278838006197871,4.258664332442018
2.206896551724138,11.896551931034482,0.1111111111111111,3.0781655154282923,2.2791020605288823,4.259072173010932
2.206896551724138,11.896551931034482,0.2222222222222222,3.079065584949242,2.2793657714976083,4.259479345296431
2.206896551724138,11.896551931034482,0.3333333333333333,3.079961380058428,2.279629139564653,4.25988584905698
2.206896551724138,11.896551931034482,0.4444444444444444,3.0808529314511506,2.279892165192458,4.2602916840876395
2.206896551724138,11.896551931034482,0.5555555555555556,3.081740269554909,2.2801548488452617,4.260696850219293
2.206896551724138,11.896551931034482,0.6666666666666666,3.0826234245316164,2.2804171909890676,4.261101347317908
2.206896551724138,11.896551931034482,0.7777777777777777,3.083502426279822,2.2806791920915943,4.261505175283786
2.206896551724138,11.896551931034482,0.8888888888888888,3.084377304436925,2.280940852622246,4.261908334050851
2.206896551724138,11.896551931034482,1.0,3.085248088381394,2.2812021730520713,4.262310823585936
2.206896551724138,12.413793275862067,0.0,3.0772611405302497,2.2731637082044087,4.25912052838144
2.206896551724138,12.413793275862067,0.1111111111111111,3.0781317163462347,2.273423679111611,4.2595128728741685
2.206896551724138,12.413793275862067,0.2222222222222222,3.078998292345314,2.2736833201765183,4.259904593008999
2.206896551724138,12.413793275862067,0.3333333333333333,3.079860896345281,2.273942631828635,4.26029568863619
2.206896551724138,12.413793275862067,0.4444444444444444,3.0807195559287086,2.274201614499211,4.2606861596367045
2.206896551724138,12.413793275862067,0.5555555555555556,3.0815742984448375,2.274460268621202,4.26107600592157
2.206896551724138,12.413793275862067,0.6666666666666666,3.082425151011469,2.274718594629236,4.261465227431279
2.206896551724138,12.413793275862067,0.7777777777777777,3.083272140516854,2.274976592959573,4.261853824135179
2.206896551724138,12.413793275862067,0.8888888888888888,3.084115293621581,2.275234264050074,4.262241796030882
2.206896551724138,12.413793275862067,1.0,3.0849546367604606,2.2754916083401637,4.262629143143685
2.206896551724138,12.931034620689655,0.0,3.0772611405302497,2.267869013456738,4.259544642540347
2.206896551724138,12.931034620689655,0.1111111111111111,3.078100352357838,2.2681248404607053,4.25992261764301
2.206896551724138,12.931034620689655,0.2222222222222222,3.0789358385501053,2.268380350925784,4.260300008224173
2.206896551724138,12.931034620689655,0.3333333333333333,3.0797676241890257,2.2686355452501963,4.260676814204174
2.206896551724138,12.931034620689655,0.4444444444444444,3.080595734150746,2.2688904238338377,4.2610530355292875
2.206896551724138,12.931034620689655,0.5555555555555556,3.081420193107202,2.269144987078243,4.261428672171188
2.206896551724138,12.931034620689655,0.6666666666666666,3.0822410255277375,2.269399235386547,4.261803724126456
2.206896551724138,12.931034620689655,0.7777777777777777,3.0830582556807182,2.269653169163458,4.262178191416083
2.206896551724138,12.931034620689655,0.8888888888888888,3.0838719076351486,2.2699067888152205,4.262552074084978
2.206896551724138,12.931034620689655,1.0,3.084682005262275,2.270160094749583,4.2629253722014875
3.913793103448276,9.310345206896551,0.4444444444444444,2.5330827709112103,2.082024598013973,3.9739474328168356
3.913793103448276,9.310345206896551,0.5555555555555556,2.53928336117354,2.0825892708941334,3.9736532650976217
3.913793103448276,9.310345206896551,0.6666666666666666,2.545425983983833,2.083154743392834,3.9733896659907857
3.913793103448276,9.310345206896551,0.7777777777777777,2.551509647949704,2.083720982448266,3.9731559666642746
3.913793103448276,9.310345206896551,0.8888888888888888,2.557533540894888,2.0842879556321736,3.9729515104507946
3.913793103448276,9.310345206896551,1.0,2.563497013460031,2.0848556311360684,3.972775652682103
3.913793103448276,9.827586551724137,0.0,2.507727878701611,2.066333048518388,3.974968123156763
3.913793103448276,9.827586551724137,0.1111111111111111,2.513868265136969,2.066870949437083,3.9745989715464325
3.913793103448276,9.827586551724137,0.2222222222222222,2.5199609211975442,2.067410041543644,3.9742598152301167
3.913793103448276,9.827586551724137,0.3333333333333333,2.526004184515359,2.0679502863897854,3.973950026389327
3.913793103448276,9.827586551724137,0.4444444444444444,2.531996612075208,2.068491646257761,3.9736689882113487
3.913793103448276,9.827586551724137,0.5555555555555556,2.5379369617127363,2.0690340841440706,3.9734160947413035
3.913793103448276,9.827586551724137,0.6666666666666666,2.543824175000558,2.069577563743721,3.9731907507350885
3.913793103448276,9.827586551724137,0.7777777777777777,2.549657361432904,2.070122049434976,3.9729923715131656
3.913793103448276,9.827586551724137,0.8888888888888888,2.555435783822588,2.0706675062646025,3.972820382815173
3.913793103448276,9.827586551724137,1.0,2.5611588448277285,2.071213899933582,3.97267422065538
3.913793103448276,10.344827896551724,0.0,2.507727878701611,2.0540737342985262,3.9745640635763864
3.913793103448276,10.344827896551724,0.1111111111111111,2.5136134159191315,2.0545875532156637,3.9742415673543783
3.913793103448276,10.344827896551724,0.2222222222222222,2.519454856003089,2.055102795751514,3.973946160598073
3.913793103448276,10.344827896551724,0.3333333333333333,2.525250738099701,2.0556194213637387,3.9736772924024373
3.913793103448276,10.344827896551724,0.4444444444444444,2.5309997875088612,2.056137390260658,3.9734344213384962
3.913793103448276,10.344827896551724,0.5555555555555556,2.536700900555687,2.0566566633849868,3.973217015323818
3.913793103448276,10.344827896551724,0.6666666666666666,2.542353130555767,2.05717720239807,3.973024551493987
3.913793103448276,10.344827896551724,0.7777777777777777,2.54795567480608,2.057698969664603,3.972856516075038
3.913793103448276,10.344827896551724,0.8888888888888888,2.553507862536038,2.058221928237818,3.9727124042568542
3.913793103448276,10.344827896551724,1.0,2.559009143755695,2.0587460418451067,3.972591720067501
3.913793103448276,10.86206924137931,0.0,2.5077278787016106,2.04286334260066,3.9742193164702826
3.913793103448276,10.86206924137931,0.1111111111111111,2.5133788776413537,2.043352711840773,3.973937175456132
3.913793103448276,10.86206924137931,0.2222222222222222,2.5189890147456384,2.0438437149540882,3.9736796056346457
3.913793103448276,10.86206924137931,0.3333333333333333,2.5245569994195862,2.0443363098670426,3.9734461212553263
3.913793103448276,10.86206924137931,0.4444444444444444,2.530081700071167,2.0448304552631047,3.973236244759217
3.913793103448276,10.86206924137931,0.5555555555555556,2.5355621316445274,2.0453261105668705,3.9730495066658804
3.913793103448276,10.86206924137931,0.6666666666666666,2.54099744402298,2.045823235928632,3.972885445461392
3.913793103448276,10.86206924137931,0.7777777777777777,2.546386911249392,2.046321792209388,3.972743607487321
3.913793103448276,10.86206924137931,0.8888888888888888,2.5517299215136036,2.0468217409662985,3.972623546830692
3.913793103448276,10.86206924137931,1.0,2.557025967858437,2.047323044438543,3.9725248252149084
3.913793103448276,11.379310586206897,0.0,2.507727878701611,2.03258654185753,3.9739241385564807
3.913793103448276,11.379310586206897,0.1111111111111111,2.513162315275455,2.0330514611209294,3.973677075035104
3.913793103448276,11.379310586206897,0.2222222222222222,2.5185587831855853,2.0335182017601015,3.9734523878581385
3.913793103448276,11.379310586206897,0.3333333333333333,2.5239161366659366,2.0339867206732563,3.9732496467829472
3.913793103448276,11.379310586206897,0.4444444444444444,2.529233366575662,2.0344569755110387,3.973068428676033
3.913793103448276,11.379310586206897,0.5555555555555556,2.534509590051708,2.034928924661229,3.9729083174145683
3.913793103448276,11.379310586206897,0.6666666666666666,2.539744040858685,2.035402527233877,3.9727689037888974
3.913793103448276,11.379310586206897,0.7777777777777777,2.5449360603956177,2.0358777430468424,3.9726497854059986
3.913793103448276,11.379310586206897,0.8888888888888888,2.5500850893204263,2.0363545326117385,3.9725505665938936
3.913793103448276,11.379310586206897,1.0,2.555190659754539,2.0368328571202627,3.9724708583069908
3.913793103448276,11.896551931034482,0.0,2.507727878701611,2.023143177727774,3.9736706273276066
3.913793103448276,11.896551931034482,0.1111111111111111,2.5129617385073177,2.0235839219542977,3.9734541918950943
3.913793103448276,11.896551931034482,0.2222222222222222,2.5181602271018106,2.024026652636098,3.97325820970661
3.913793103448276,11.896551931034482,0.3333333333333333,2.5233223226885575,2.02447132608207,3.973082298063887
3.913793103448276,11.896551931034482,0.4444444444444444,2.5284471215195725,2.024917899340446,3.9729260804623405
3.913793103448276,11.896551931034482,0.5555555555555556,2.533533829249353,2.025366330184257,3.9727891865052762
3.913793103448276,11.896551931034482,0.6666666666666666,2.5385817528523553,2.025816577097183,3.9726712518190377
3.913793103448276,11.896551931034482,0.7777777777777777,2.54359029307238,2.0262685992597835,3.972571917969041
3.913793103448276,11.896551931034482,0.8888888888888888,2.5485589373732367,2.0267223565360903,3.972490832376698
3.913793103448276,11.896551931034482,1.0,2.5534872533611845,2.0271778094605413,3.972427648237203
3.913793103448276,12.413793275862067,0.0,2.507727878701611,2.0144459709640645,3.9734523271416626
3.913793103448276,12.413793275862067,0.1111111111111111,2.5127754403894023,2.014863018111383,3.973262746506267
3.913793103448276,12.413793275862067,0.2222222222222222,2.5177899714287375,2.0152821952877913,3.9730919257975987
3.913793103448276,12.413793275862067,0.3333333333333333,2.522770556753628,2.015703458588409,3.972939523248351
3.913793103448276,12.413793275862067,0.4444444444444444,2.527716383822002,2.0161267648281953,3.9728052025076406
3.913793103448276,12.413793275862067,0.5555555555555556,2.5326267353461653,2.0165520715282734,3.972688632566261
3.913793103448276,12.413793275862067,0.6666666666666666,2.5375009824820216,2.0169793369025935,3.972589487682751
3.913793103448276,12.413793275862067,0.7777777777777777,2.542338578452138,2.0174085198449414,3.9725074473103117
3.913793103448276,12.413793275862067,0.8888888888888888,2.547139052578417,2.017839579916271,3.9724421960245118
3.913793103448276,12.413793275862067,1.0,2.5519020047011276,2.0182724773323573,3.972393423451806
3.913793103448276,12.931034620689655,0.0,2.507727878701611,2.006418609430424,3.9732639291251224
3.913793103448276,12.931034620689655,0.1111111111111111,2.512601948644411,2.006812584012268,3.9730979857675943
3.913793103448276,12.931034620689655,0.2222222222222222,2.5174451042948354,2.0072088119699143,3.972949304476615
3.913793103448276,12.931034620689655,0.3333333333333333,2.5222565229708858,2.0076072495005004,3.972817578892142
3.913793103448276,12.931034620689655,0.4444444444444444,2.5270354714595675,2.0080078534968866,3.972702507408125
3.913793103448276,12.931034620689655,0.5555555555555556,2.531781299869132,2.008410581534873,3.9726037931072855
3.913793103448276,12.931034620689655,0.6666666666666666,2.536493435857351,2.0088153918607277,3.972521143696636
3.913793103448276,12.931034620689655,0.7777777777777777,2.541171379215972,2.0092222433790203,3.9724542714437607
3.913793103448276,12.931034620689655,0.8888888888888888,2.5458146967921476,2.009631095640753,3.9724028931138196
3.913793103448276,12.931034620689655,1.0,2.550423017728251,2.0100419088317714,3.972366729907276
3.913793103448276,13.44827596551724,0.0,2.507727878701611,1.9989941589147293,3.9731010403942513
3.913793103448276,13.44827596551724,0.1111111111111111,2.5124399866774123,1.999365787997163,3.972955976652388
3.913793103448276,13.44827596551724,0.2222222222222222,2.5171231001738783,1.9997397750534818,3.9728268443044525
3.913793103448276,13.44827596551724,0.3333333333333333,2.5217764768760067,2.000116076644131,3.9727133677589754
3.913793103448276,13.44827596551724,0.4444444444444444,2.5263994528958715,2.000494649997969,3.972615275611747
3.913793103448276,13.44827596551724,0.5555555555555556,2.5309914375452425,2.000875453000399,3.9725323005888096
3.913793103448276,13.44827596551724,0.6666666666666666,2.5355519084183658,2.0012584441817665,3.972464179490127
3.913793103448276,13.44827596551724,0.7777777777777777,2.5400804067690537,2.0016435827060453,3.972410653133937
3.913793103448276,13.44827596551724,0.8888888888888888,2.5445765331666457,2.0020308283597656,3.972371466301746
3.913793103448276,13.44827596551724,1.0,2.5490399434159903,2.0024201415412164,3.972346367683972
3.913793103448276,13.965517310344827,0.0,2.507727878701611,1.9921137334000956,3.9729600050263167
3.913793103448276,13.965517310344827,0.1111111111111111,2.51228844211093,1.9924638124369796,3.9728334460711734
3.913793103448276,13.965517310344827,0.2222222222222222,2.5168217578491863,1.9928163368629996,3.972721631593527
3.913793103448276,13.965517310344827,0.3333333333333333,2.521327153841749,1.9931712638145886,3.972624312854776
3.913793103448276,13.965517310344827,0.4444444444444444,2.5258040270509476,1.9935285510672642,3.972541244816878
3.913793103448276,13.965517310344827,0.5555555555555556,2.530251839008589,1.9938881570246503,3.9724721860924403
3.913793103448276,13.965517310344827,0.6666666666666666,2.534670111605851,1.9942500407077393,3.972416898895415
3.913793103448276,13.965517310344827,0.7777777777777777,2.5390584231277864,1.9946141617444073,3.9723751489923935
3.913793103448276,13.965517310344827,0.8888888888888888,2.543416404519969,1.9949804803591569,3.9723467056544846
3.913793103448276,13.965517310344827,1.0,2.5477437358752892,1.9953489573630874,3.972331341609763
3.913793103448276,14.482758655172413,0.0,2.5077278787016106,1.9857253776952968,3.972837764038564
3.913793103448276,14.482758655172413,0.1111111111111111,2.5121463412021714,1.9860547441284726,3.972727655585403
3.913793103448276,14.482758655172413,0.2222222222222222,2.516539149962467,1.9863866277594422,3.9726312289108137
3.913793103448276,14.482758655172413,0.3333333333333333,2.5209056945663626,1.9867209864707323,3.9725482588073135
3.913793103448276,14.482758655172413,0.4444444444444444,2.5252454256085684,1.9870577787535173,3.972478523348479
3.913793103448276,14.482758655172413,0.5555555555555556,2.529557850858297,1.9873969636974977,3.9724218038451586
3.913793103448276,14.482758655172413,0.6666666666666666,2.5338425316377076,1.9877385009809991,3.972377884802225
3.913793103448276,14.482758655172413,0.7777777777777777,2.5380990794047484,1.9880823508613017,3.972346553875859
3.913793103448276,14.482758655172413,0.8888888888888888,2.5423271525303317,1.9884284741651468,3.972327601831349
3.913793103448276,14.482758655172413,1.0,2.5465264532600402,1.9887768322794899,3.972320822501408
3.913793103448276,15.0,0.0,2.507727878701611,1.979783124769402,3.9727317450362136
3.913793103448276,15.0,0.1111111111111111,2.5120128278982796,1.98009263775151,3.9726363026383047
3.913793103448276,15.0,0.2222222222222222,2.5162735816989437,1.9804047256691846,3.972553587151957
3.913793103448276,15.0,0.3333333333333333,2.5205095840346745,1.9807193472843705,3.972483394069676
3.913793103448276,15.0,0.4444444444444444,2.5247203329543213,1.9810364619368255,3.9724255218021534
3.913793103448276,15.0,0.5555555555555556,2.5289053773152848,1.9813560295348094,3.9723797716397597
0.5,5.689655793103449,0.2222222222222222,3.434447367637034,2.6105089823298324,4.613324340219631
0.5,5.689655793103449,0.3333333333333333,3.4345036624742247,2.6105358307885496,4.613370293423131
0.5,5.689655793103449,0.4444444444444444,3.4345598903513945,2.6105626691626234,4.6134162125844655
0.5,5.689655793103449,0.5555555555555556,3.434616051401818,2.610589497456455,4.613462097751143
0.5,5.689655793103449,0.6666666666666666,3.434672145758403,2.6106163156744544,4.61350794897058
0.5,5.689655793103449,0.7777777777777777,3.434728173553694,2.610643123821032,4.613553766290085
0.5,5.689655793103449,0.8888888888888888,3.4347841349198664,2.6106699219006093,4.613599549756876
0.5,5.689655793103449,1.0,3.434840029988738,2.6106967099176113,4.613645299418071
0.5,6.206897137931034,0.0,3.4343345765476445,2.60567938925494,4.613391005486441
0.5,6.206897137931034,0.1111111111111111,3.4343866286745053,2.6057057282184486,4.613433461310673
0.5,6.206897137931034,0.2222222222222222,3.4344386232735635,2.6057320572471045,4.613475887912288
0.5,6.206897137931034,0.3333333333333333,3.4344905604516325,2.6057583763462326,4.613518285329335
0.5,6.206897137931034,0.4444444444444444,3.434542440315251,2.6057846855211597,4.6135606535997935
0.5,6.206897137931034,0.5555555555555556,3.434594262970684,2.6058109847772126,4.613602992761563
0.5,6.206897137931034,0.6666666666666666,3.43464602852392,2.6058372741197187,4.613645302852475
0.5,6.206897137931034,0.7777777777777777,3.434697737080681,2.605863553554007,4.613687583910283
0.5,6.206897137931034,0.8888888888888888,3.4347493887464107,2.605889823085407,4.61372983597267
0.5,6.206897137931034,1.0,3.434800983626286,2.605916082719249,4.613772059077247
0.5,6.724138482758621,0.0,3.4343345765476445,2.6015443868550974,4.613527320392056
0.5,6.724138482758621,0.1111111111111111,3.4343828815332884,2.601570098708532,4.613566722745594
0.5,6.724138482758621,0.2222222222222222,3.4344311367360576,2.601595800963508,4.6136060998035
0.5,6.724138482758621,0.3333333333333333,3.4344793422424407,2.601621493625669,4.6136454515965974
0.5,6.724138482758621,0.4444444444444444,3.43452749813872,2.601647176700657,4.613684778155661
0.5,6.724138482758621,0.5555555555555556,3.4345756045109703,2.601672850194112,4.6137240795114
0.5,6.724138482758621,0.6666666666666666,3.434623661445056,2.6016985141116726,4.613763355694472
0.5,6.724138482758621,0.7777777777777777,3.4346716690266326,2.601724168458975,4.613802606735481
0.5,6.724138482758621,0.8888888888888888,3.4347196273411544,2.6017498132416548,4.613841832664968
0.5,6.724138482758621,1.0,3.4347675364738635,2.6017754484653453,4.6138810335134295
0.5,7.241379827586207,0.0,3.4343345765476445,2.5979293727421684,4.613645677874822
0.5,7.241379827586207,0.1111111111111111,3.4343796374915105,2.597954406697499,4.613682436031122
0.5,7.241379827586207,0.2222222222222222,3.4344246549340394,2.5979794314813702,4.613719172078516
0.5,7.241379827586207,0.3333333333333333,3.434469628946237,2.598004447099404,4.613755886042318
0.5,7.241379827586207,0.4444444444444444,3.4345145595989477,2.5980294535572184,4.613792577947803
0.5,7.241379827586207,0.5555555555555556,3.434559446962851,2.5980544508604293,4.6138292478202
0.5,7.241379827586207,0.6666666666666666,3.4346042911084687,2.5980794390146484,4.613865895684695
0.5,7.241379827586207,0.7777777777777777,3.4346490921061608,2.598104418025486,4.613902521566429
0.5,7.241379827586207,0.8888888888888888,3.4346938500261275,2.5981293878985467,4.613939125490502
0.5,7.241379827586207,1.0,3.434738564938412,2.5981543486394347,4.613975707481972
0.5,7.758621172413793,0.0,3.4343345765476445,2.594742101684688,4.61374939677644
0.5,7.758621172413793,0.1111111111111111,3.4343768016355507,2.5947664366269123,4.613783842949709
0.5,7.758621172413793,0.2222222222222222,3.4344189883866623,2.594790762863976,4.613818269635286
0.5,7.758621172413793,0.3333333333333333,3.434461136859982,2.5948150804012955,4.613852676854213
0.5,7.758621172413793,0.4444444444444444,3.4345032471143813,2.5948393892442843,4.613887064627501
0.5,7.758621172413793,0.5555555555555556,3.434545319208607,2.594863689398349,4.61392143297612
0.5,7.758621172413793,0.6666666666666666,3.434587353201281,2.5948879808688963,4.613955781921012
0.5,7.758621172413793,0.7777777777777777,3.4346293491508963,2.594912263661328,4.6139901114830835
0.5,7.758621172413793,0.8888888888888888,3.4346713071158224,2.59493653778104,4.614024421683204
0.5,7.758621172413793,1.0,3.434713227154303,2.594960803233427,4.614058712542212
0.5,8.275862517241379,0.0,3.4343345765476445,2.5919109433534158,4.6138410268198635
0.5,8.275862517241379,0.1111111111111111,3.4343743015066073,2.591934577081603,4.61387343435845
0.5,8.275862517241379,0.2222222222222222,3.4344139924260597,2.5919582025800776,4.613905824591182
0.5,8.275862517241379,0.3333333333333333,3.434453649355555,2.59198181985396,4.61393819753574
0.5,8.275862517241379,0.4444444444444444,3.4344932723445467,2.592005428908363,4.613970553209772
0.5,8.275862517241379,0.5555555555555556,3.434532861442385,2.592029029748398,4.614002891630899
0.5,8.275862517241379,0.6666666666666666,3.43457241669832,2.5920526223791724,4.614035212816719
0.5,8.275862517241379,0.7777777777777777,3.434611938161504,2.5920762068057894,4.6140675167848
0.5,8.275862517241379,0.8888888888888888,3.4346514258809866,2.5920997830333476,4.614099803552681
0.5,8.275862517241379,1.0,3.434690879905716,2.592123351066942,4.614132073137878
0.5,8.793103862068964,0.0,3.4343345765476445,2.589379421425792,4.613922559149456
0.5,8.793103862068964,0.1111111111111111,3.43437208083291,2.5894023637173786,4.613953155661368
0.5,8.793103862068964,0.2222222222222222,3.434409554692395,2.5894252982463737,4.613983736702764
0.5,8.793103862068964,0.3333333333333333,3.43444699816812,2.5894482250175574,4.6140143022886315
0.5,8.793103862068964,0.4444444444444444,3.4344844113020194,2.5894711440357083,4.6140448524339455
0.5,8.793103862068964,0.5555555555555556,3.43452179413595,2.5894940553056003,4.61407538715365
0.5,8.793103862068964,0.6666666666666666,3.4345591467116847,2.589516958832004,4.614105906462675
0.5,8.793103862068964,0.7777777777777777,3.4345964690709163,2.589539854619684,4.614136410375919
0.5,8.793103862068964,0.8888888888888888,3.4346337612552578,2.5895627426734045,4.614166898908267
0.5,8.793103862068964,1.0,3.43467102330624,2.589585622997923,4.61419737207458
0.5,9.310345206896551,0.0,3.4343345765476445,2.587102403659231,4.613995571263449
0.5,9.310345206896551,0.1111111111111111,3.434370095249836,2.5871246717404364,4.614024548278003
0.5,9.310345206896551,0.2222222222222222,3.4344055865939813,2.5871469325080376,4.614053511380468
0.5,9.310345206896551,0.3333333333333333,3.4344410506160123,2.5871691859664705,4.614082460583667
0.5,9.310345206896551,0.4444444444444444,3.4344764873517977,2.587191432120168,4.614111395900407
0.5,9.310345206896551,0.5555555555555556,3.4345118968371393,2.5872136709735565,4.614140317343473
0.5,9.310345206896551,0.6666666666666666,3.4345472791077736,2.587235902531062,4.614169224925635
0.5,9.310345206896551,0.7777777777777777,3.4345826341993697,2.5872581267971038,4.614198118659644
0.5,9.310345206896551,0.8888888888888888,3.4346179621475326,2.5872803437761,4.614226998558235
0.5,9.310345206896551,1.0,3.4346532629877986,2.587302553472463,4.6142558646341225
0.5,9.827586551724137,0.0,3.4343345765476445,2.5850433877415,4.614061329031833
0.5,9.827586551724137,0.1111111111111111,3.4343683093094506,2.585065003301229,4.614088849239041
0.5,9.827586551724137,0.2222222222222222,3.434402017339577,2.5850866119730864,4.614116356868655
0.5,9.827586551724137,0.3333333333333333,3.4344357006689927,2.5851082137611745,4.6141438519317335
0.5,9.827586551724137,0.4444444444444444,3.4344693593286157,2.5851298086695853,4.614171334439312
0.5,9.827586551724137,0.5555555555555556,3.4345029933493048,2.585151396702408,4.614198804402413
0.5,9.827586551724137,0.6666666666666666,3.4345366027618662,2.5851729778637296,4.614226261832045
0.5,9.827586551724137,0.7777777777777777,3.434570187597053,2.5851945521576334,4.614253706739205
0.5,9.827586551724137,0.8888888888888888,3.4346037478855624,2.5852161195882006,4.614281139134869
0.5,9.827586551724137,1.0,3.43463728365804,2.585237680159506,4.614308559030001
0.5,10.344827896551724,0.0,3.4343345765476445,2.5831725316012415,4.614120859938256
0.5,10.344827896551724,0.1111111111111111,3.4343666943479927,2.5831935188113597,4.614147062699686
0.5,10.344827896551724,0.2222222222222222,3.4343987896824006,2.5832144995338235,4.614173254034993
0.5,10.344827896551724,0.3333333333333333,3.434430862577748,2.5832354737724073,4.614199433953769
0.5,10.344827896551724,0.4444444444444444,3.4344629130608686,2.583256441530884,4.614225602465595
0.5,10.344827896551724,0.5555555555555556,3.4344949411585497,2.583277402813022,4.61425175958004
0.5,10.344827896551724,0.6666666666666666,3.434526946897535,2.5832983576225863,4.614277905306662
0.5,10.344827896551724,0.7777777777777777,3.4345589303045205,2.583319305963342,4.614304039655005
0.5,10.344827896551724,0.8888888888888888,3.4345908914061605,2.5833402478390473,4.614330162634599
0.5,10.344827896551724,1.0,3.4346228302290625,2.583361183253458,4.614356274254968
0.5,10.86206924137931,0.0,3.4343345765476445,2.581465200102784,4.614175006596231
0.5,10.86206924137931,0.1111111111111111,3.434365226937331,2.5814855843036164,4.6142000121999365
0.5,10.86206924137931,0.2222222222222222,3.434395856829284,2.581505962390942,4.61422500737793
0.5,10.86206924137931,0.3333333333333333,3.4344264662469803,2.5815263343682373,4.61424999213859
0.5,10.86206924137931,0.4444444444444444,3.434457055213859,2.5815467002389734,4.614274966490289
0.5,10.86206924137931,0.5555555555555556,3.434487623753322,2.5815670600066185,4.614299930441383
0.5,10.86206924137931,0.6666666666666666,3.434518171888731,2.581587413674641,4.614324884000226
0.5,10.86206924137931,0.7777777777777777,3.4345486996434107,2.5816077612465027,4.614349827175152
0.5,10.86206924137931,0.8888888888888888,3.4345792070406516,2.5816281027256647,4.614374759974491
0.5,10.86206924137931,1.0,3.434609694103702,2.581648438115586,4.614399682406564
0.5,11.379310586206897,0.0,3.4343345765476445,2.579900876642365,4.614224466474318
0.5,11.379310586206897,0.1111111111111111,3.434363887741978,2.579920683472865,4.614248379462231
0.5,11.379310586206897,0.2222222222222222,3.4343931801591308,2.579940484538427,4.614272282899081
0.5,11.379310586206897,0.3333333333333333,3.4344224538197285,2.579960279842249,4.61429617679223
2.206896551724138,1.5517250344827584,0.6666666666666666,3.100544531088734,2.688644658425726,4.231106030152875
2.206896551724138,1.5517250344827584,0.7777777777777777,3.1042100906183476,2.688450467637523,4.232873722203396
2.206896551724138,1.5517250344827584,0.8888888888888888,3.107817486006071,2.6882592393091027,4.2346390943044705
2.206896551724138,1.5517250344827584,1.0,3.111367894100847,2.6880709518375037,4.236401735098879
2.206896551724138,2.068966379310345,0.0,3.0772611405302497,2.6258639367498007,4.227079857767007
2.206896551724138,2.068966379310345,0.1111111111111111,3.080705260440922,2.625786882123293,4.228617476947529
2.206896551724138,2.068966379310345,0.2222222222222222,3.084098883522178,2.6257121855550114,4.2301533922975105
2.206896551724138,2.068966379310345,0.3333333333333333,3.0874429545351503,2.62563982189166,4.231687300560704
2.206896551724138,2.068966379310345,0.4444444444444444,3.090738403063342,2.6255697660194515,4.233218914122401
2.206896551724138,2.068966379310345,0.5555555555555556,3.0939861432504423,2.625501992874767,4.234747960329805
2.206896551724138,2.068966379310345,0.6666666666666666,3.0971870736045286,2.6254364774543175,4.236274180840718
2.206896551724138,2.068966379310345,0.7777777777777777,3.1003420768613164,2.6253731948248116,4.237797330999461
2.206896551724138,2.068966379310345,0.8888888888888888,3.1034520198998994,2.6253121201321554,4.239317179238886
2.206896551724138,2.068966379310345,1.0,3.1065177537050164,2.6252532286101844,4.240833506507494
2.206896551724138,2.5862077241379313,0.0,3.07726114053025,2.5747800415848014,4.232191489368662
2.206896551724138,2.5862077241379313,0.1111111111111111,3.0802621407617763,2.5748069753871947,4.233544294971629
2.206896551724138,2.5862077241379313,0.2222222222222222,3.0832232284303176,2.574835511523092,4.234894595881364
2.206896551724138,2.5862077241379313,0.3333333333333333,3.086145103552036,2.5748656284516187,4.236242220387008
2.206896551724138,2.5862077241379313,0.4444444444444444,3.0890284546185764,2.5748973048149146,4.237587005491993
2.206896551724138,2.5862077241379313,0.5555555555555556,3.091873958538388,2.5749305194407266,4.2389287965508515
2.206896551724138,2.5862077241379313,0.6666666666666666,3.094682280608256,2.5749652513447474,4.240267446920766
2.206896551724138,2.5862077241379313,0.7777777777777777,3.0974540745118433,2.575001479732731,4.2416028176273315
2.206896551724138,2.5862077241379313,0.8888888888888888,3.100189982342231,2.575039184002389,4.242934777043909
2.206896551724138,2.5862077241379313,1.0,3.102890634645795,2.575078343745065,4.244263200584065
2.206896551724138,3.103449068965517,0.0,3.07726114053025,2.5330117555408735,4.236257118093937
2.206896551724138,3.103449068965517,0.1111111111111111,3.0799199504541264,2.5331156148282314,4.237461979038502
2.206896551724138,3.103449068965517,0.2222222222222222,3.0825464754397376,2.533220466237735,4.238664163125315
2.206896551724138,3.103449068965517,0.3333333333333333,3.085141245209607,2.533326293690975,4.239863567801759
2.206896551724138,3.103449068965517,0.4444444444444444,3.0877047808463534,2.533433081296494,4.241060095650803
2.206896551724138,3.103449068965517,0.5555555555555556,3.0902375948036083,2.5335408133493034,4.2422536541868325
2.206896551724138,3.103449068965517,0.6666666666666666,3.0927401909315777,2.5336494743303057,4.2434441556594615
2.206896551724138,3.103449068965517,0.7777777777777777,3.0952130645156344,2.5337590489056234,4.244631516865002
2.206896551724138,3.103449068965517,0.8888888888888888,3.097656702326562,2.533869521925863,4.24581565896535
2.206896551724138,3.103449068965517,1.0,3.1000715826811183,2.533980878425286,4.2469965073139
2.206896551724138,3.6206904137931035,0.0,3.0772611405302497,2.498199104261688,4.239563881505758
2.206896551724138,3.6206904137931035,0.1111111111111111,3.0796477545230188,2.4983590363484938,4.240648403851657
2.206896551724138,3.6206904137931035,0.2222222222222222,3.082007742217611,2.4985195083806473,4.241730328852989
2.206896551724138,3.6206904137931035,0.3333333333333333,3.0843415126065405,2.4986805091241058,4.242809592547242
2.206896551724138,3.6206904137931035,0.4444444444444444,3.08664946818267,2.498842027495032,4.243886134148048
2.206896551724138,3.6206904137931035,0.5555555555555556,3.0889320049707814,2.499004052558531,4.2449598959249135
2.206896551724138,3.6206904137931035,0.6666666666666666,3.091189512566579,2.4991665735273667,4.2460308230874535
2.206896551724138,3.6206904137931035,0.7777777777777777,3.0934223741823366,2.499329579760655,4.247098863673972
2.206896551724138,3.6206904137931035,0.8888888888888888,3.0956309666984496,2.499493060762522,4.248163968444157
2.206896551724138,3.6206904137931035,1.0,3.0978156607202387,2.499657006180761,4.249226090775838
2.206896551724138,4.13793175862069,0.0,3.0772611405302497,2.4687269678138457,4.242303981763756
2.206896551724138,4.13793175862069,0.1111111111111111,3.0794260818661447,2.4689274341595224,4.243289085539007
2.206896551724138,4.13793175862069,0.2222222222222222,3.081568701834941,2.469128118076079,4.244271766416201
2.206896551724138,4.13793175862069,0.3333333333333333,3.083689322042063,2.4693290120363085,4.245251983061305
2.206896551724138,4.13793175862069,0.4444444444444444,3.0857882591556485,2.4695301086230135,4.246229696187324
2.206896551724138,4.13793175862069,0.5555555555555556,3.08786582494098,2.469731400527794,4.247204868480468
2.206896551724138,4.13793175862069,0.6666666666666666,3.089922326298858,2.469932880549838,4.248177464528933
2.206896551724138,4.13793175862069,0.7777777777777777,3.0919580653074954,2.470134541594701,4.249147450754235
2.206896551724138,4.13793175862069,0.8888888888888888,3.093973339267538,2.47033637667309,4.25011479534498
2.206896551724138,4.13793175862069,1.0,3.0959684407498678,2.4705383788996507,4.251079468192999
2.206896551724138,4.655173103448276,0.0,3.0772611405302497,2.4434492207417313,4.24461039497705
2.206896551724138,4.655173103448276,0.1111111111111111,3.079242067290891,2.4436787420465733,4.245512187345519
2.206896551724138,4.655173103448276,0.2222222222222222,3.081204019588896,2.443908256109081,4.246411758825005
2.206896551724138,4.655173103448276,0.3333333333333333,3.0831472544853105,2.4441377580664794,4.247309081913488
2.206896551724138,4.655173103448276,0.4444444444444444,3.0850720252455472,2.4443672431331684,4.248204130475826
2.206896551724138,4.655173103448276,0.5555555555555556,3.0869785813706594,2.4445967065997687,4.2490968796967294
2.206896551724138,4.655173103448276,0.6666666666666666,3.0888671686307796,2.4448261438321834,4.249987306035332
2.206896551724138,4.655173103448276,0.7777777777777777,3.0907380291004967,2.44505555027065,4.2508753871813
2.206896551724138,4.655173103448276,0.8888888888888888,3.092591401195942,2.4452849214288,4.251761102012415
2.206896551724138,4.655173103448276,1.0,3.09442751971339,2.4455142528927323,4.252644430553631
2.206896551724138,5.1724144482758625,0.0,3.07726114053025,2.4215282694015348,4.246577827946461
2.206896551724138,5.1724144482758625,0.1111111111111111,3.0790868700885032,2.421778360202901,4.247408913920798
2.206896551724138,5.1724144482758625,0.2222222222222222,3.0808962765030574,2.4220282896985847,4.248237979584125
2.206896551724138,5.1724144482758625,0.3333333333333333,3.0826895682580515,2.4222780548808007,4.249065006191378
2.206896551724138,5.1724144482758625,0.4444444444444444,3.084466950883028,2.422527652794802,4.249889975938556
2.206896551724138,5.1724144482758625,0.5555555555555556,3.0862286269794974,2.4227770805381748,4.250712871931779
2.206896551724138,5.1724144482758625,0.6666666666666666,3.08797479624871,2.4230263352601638,4.251533678157357
2.206896551724138,5.1724144482758625,0.7777777777777777,3.089705655520543,2.4232754141609854,4.252352379452828
2.206896551724138,5.1724144482758625,0.8888888888888888,3.0914213987833343,2.4235243144911522,4.253168961478925
2.206896551724138,5.1724144482758625,1.0,3.0931222172145802,2.4237730335508045,4.253983410692457
2.206896551724138,5.689655793103449,0.0,3.0772611405302497,2.4023368750108447,4.2482754570144845
2.206896551724138,5.689655793103449,0.1111111111111111,3.0789542150150115,2.4026012375965204,4.24904585433916
2.206896551724138,5.689655793103449,0.2222222222222222,3.0806331011421095,2.402865335331769,4.249814418632717
2.206896551724138,5.689655793103449,0.3333333333333333,3.082297970204131,2.403129166475544,4.250581136862055
2.206896551724138,5.689655793103449,0.4444444444444444,3.083948991165526,2.4033927293229307,4.25134599665943
2.206896551724138,5.689655793103449,0.5555555555555556,3.0855863306845146,2.4036560222046526,4.252108986301508
2.206896551724138,5.689655793103449,0.6666666666666666,3.087210153135706,2.4039190434865985,4.252870094689092
2.206896551724138,5.689655793103449,0.7777777777777777,3.0888206206333555,2.404181791569331,4.2536293113274475
2.206896551724138,5.689655793103449,0.8888888888888888,3.090417893055179,2.404444264887623,4.254386626307262
2.206896551724138,5.689655793103449,1.0,3.0920021280666474,2.404706461909981,4.2551420302861676
2.206896551724138,6.206897137931034,0.0,3.0772611405302497,2.3853955412543844,4.249754935654576
2.206896551724138,6.206897137931034,0.1111111111111111,3.0788395249276714,2.3856694782215127,4.250472719733966
2.206896551724138,6.206897137931034,0.2222222222222222,3.080405464513703,2.385943082622345,4.2511888406920555
2.206896551724138,6.206897137931034,0.3333333333333333,3.0819591016609933,2.386216353568171,4.251903289318025
2.206896551724138,6.206897137931034,0.4444444444444444,3.0835005768863017,2.3864892901948758,4.252616056882564
2.206896551724138,6.206897137931034,0.5555555555555556,3.0850300288683674,2.386761891662606,4.253327135123334
2.206896551724138,6.206897137931034,0.6666666666666666,3.086547594466175,2.387034157155425,4.254036516230876
2.206896551724138,6.206897137931034,0.7777777777777777,3.0880534087376206,2.387306085880981,4.25474419283493
2.206896551724138,6.206897137931034,0.8888888888888888,3.089547604958486,2.3875776770701744,4.25545015799116
2.206896551724138,6.206897137931034,1.0,3.0910303146417064,2.3878489299768293,4.256154405168259
2.206896551724138,6.724138482758621,0.0,3.07726114053025,2.370331176851587,4.25105558445745
2.206896551724138,6.724138482758621,0.1111111111111111,3.0787393829461775,2.3706111676536925,4.251727349519999
2.206896551724138,6.724138482758621,0.2222222222222222,3.080206622533986,2.370890783502883,4.252397603462471
2.206896551724138,6.724138482758621,0.3333333333333333,3.0816629788608196,2.3711700240754587,4.253066339688787
2.206896551724138,6.724138482758621,0.4444444444444444,3.0831085699982754,2.371448889064563,4.253733551958552
2.206896551724138,6.724138482758621,0.5555555555555556,3.084543512536907,2.371727378179944,4.254399234376748
2.206896551724138,6.724138482758621,0.6666666666666666,3.085967921600965,2.3720054911477155,4.25506338138372
2.206896551724138,6.724138482758621,0.7777777777777777,3.0873819108633893,2.372283227710117,4.255725987745439
2.206896551724138,6.724138482758621,0.8888888888888888,3.0887855925609675,2.3725605876252827,4.256387048544051
2.206896551724138,6.724138482758621,1.0,3.090179077509682,2.3728375706670044,4.257046559168673
2.206896551724138,7.241379827586207,0.0,3.0772611405302497,2.3568489919760887,4.252207848762037
2.206896551724138,7.241379827586207,0.1111111111111111,3.078651186809277,2.3571323876502,4.252839042779848
2.206896551724138,7.241379827586207,0.2222222222222222,3.0800314361705583,2.3574153838501424,4.2534688607672395
2.206896551724138,7.241379827586207,0.3333333333333333,3.081401989967982,2.3576979806197564,4.254097297951246
2.206896551724138,7.241379827586207,0.4444444444444444,3.0827629483380714,2.3579801780145595,4.254724349826481
2.206896551724138,7.241379827586207,0.5555555555555556,3.0841144102117624,2.3582619761015695,4.255350012147663
2.206896551724138,7.241379827586207,0.6666666666666666,3.0854564733263348,2.35854337495914,4.255974280922379
2.206896551724138,7.241379827586207,0.7777777777777777,3.0867892342374734,2.35882437467677,4.256597152403989
3.913793103448276,3.6206904137931035,0.2222222222222222,2.5331150976340955,2.3787581055609217,3.9907248751376496
3.913793103448276,3.6206904137931035,0.3333333333333333,2.5455281747129637,2.3791203784384947,3.9884338308108367
3.913793103448276,3.6206904137931035,0.4444444444444444,2.557736951701349,2.3794841718341035,3.9863057329155107
3.913793103448276,3.6206904137931035,0.5555555555555556,2.5697323798938503,2.379849460317053,3.984335795567417
3.913793103448276,3.6206904137931035,0.6666666666666666,2.581507954581841,2.3802162174450032,3.9825192925440223
3.913793103448276,3.6206904137931035,0.7777777777777777,2.593059307090943,2.3805844158901075,3.9808515610494952
3.913793103448276,3.6206904137931035,0.8888888888888888,2.604383855002573,2.3809540275548793,3.9793280052434903
3.913793103448276,3.6206904137931035,1.0,2.615480503088393,2.38132502367862,3.977944099520721
3.913793103448276,4.13793175862069,0.0,2.507727878701611,2.33161640645823,3.9912339249794044
3.913793103448276,4.13793175862069,0.1111111111111111,2.5194529573564983,2.332079184119926,3.9890952839732363
3.913793103448276,4.13793175862069,0.2222222222222222,2.5310253912032064,2.33254249928759,3.987098067390024
3.913793103448276,4.13793175862069,0.3333333333333333,2.5424331747305216,2.333006338664807,3.985238290882468
3.913793103448276,4.13793175862069,0.4444444444444444,2.553666887532686,2.3334706880969125,3.9835120255036736
3.913793103448276,4.13793175862069,0.5555555555555556,2.5647193216961464,2.3339355326623727,3.9819153997911307
3.913793103448276,4.13793175862069,0.6666666666666666,2.575585156825199,2.3344008567571652,3.980444601712192
3.913793103448276,4.13793175862069,0.7777777777777777,2.586260677541216,2.3348666441727075,3.979095880463162
3.913793103448276,4.13793175862069,0.8888888888888888,2.5967435285863965,2.3353328781678213,3.9778655481161618
3.913793103448276,4.13793175862069,1.0,2.6070325030339774,2.3357995415351995,3.976749981109872
3.913793103448276,4.655173103448276,0.0,2.5077278787016106,2.29106384106895,3.987708941379606
3.913793103448276,4.655173103448276,0.1111111111111111,2.5185575464436853,2.291600098198533,3.9859496871128566
3.913793103448276,4.655173103448276,0.2222222222222222,2.5292540713208354,2.292136239969461,3.984307777862855
3.913793103448276,4.655173103448276,0.3333333333333333,2.5398080391878066,2.292672259035097,3.982779958291691
3.913793103448276,4.655173103448276,0.4444444444444444,2.5502119542955914,2.293208147455256,3.981363025215451
3.913793103448276,4.655173103448276,0.5555555555555556,2.5604599794054494,2.293743896752981,3.9800538285445506
3.913793103448276,4.655173103448276,0.6666666666666666,2.570547707142622,2.294279497967369,3.978849272134669
3.913793103448276,4.655173103448276,0.7777777777777777,2.580471959398206,2.2948149417027435,3.977746314545386
3.913793103448276,4.655173103448276,0.8888888888888888,2.5902306117624834,2.2953502181744,3.976741969704833
3.913793103448276,4.655173103448276,1.0,2.5998224401876264,2.2958853172511837,3.975833307479443
3.913793103448276,5.1724144482758625,0.0,2.5077278787016106,2.2554316301316013,3.98495315283999
3.913793103448276,5.1724144482758625,0.1111111111111111,2.5177891933312337,2.256017123806179,3.9834908063267234
3.913793103448276,5.1724144482758625,0.2222222222222222,2.527733422832685,2.2566021549982826,3.9821269916359756
3.913793103448276,5.1724144482758625,0.3333333333333333,2.537553051559488,2.2571867183437466,3.980859033307701
3.913793103448276,5.1724144482758625,0.4444444444444444,2.547242017097669,2.257770808094776,3.979684302247645
3.913793103448276,5.1724144482758625,0.5555555555555556,2.556795524587371,2.2583544181546777,3.9786002160578122
3.913793103448276,5.1724144482758625,0.6666666666666666,2.5662098821022,2.2589375421104574,3.977604239311453
3.913793103448276,5.1724144482758625,0.7777777777777777,2.5754823550528263,2.2595201732634207,3.976693883771677
3.913793103448276,5.1724144482758625,0.8888888888888888,2.584611037687878,2.260102304657866,3.975866708553309
3.913793103448276,5.1724144482758625,1.0,2.5935947398936707,2.2606839291080028,3.975120320228103
3.913793103448276,5.689655793103449,0.0,2.5077278787016106,2.2239599244947206,3.982768686486248
3.913793103448276,5.689655793103449,0.1111111111111111,2.517122644300508,2.2245755198890773,3.981542140440773
3.913793103448276,5.689655793103449,0.2222222222222222,2.5264136864977425,2.225190535858983,3.980399228348171
3.913793103448276,5.689655793103449,0.3333333333333333,2.535594911585187,2.2258049658781345,3.9793377357814204
3.913793103448276,5.689655793103449,0.4444444444444444,2.5446613466409036,2.226418803231782,3.978355488409159
3.913793103448276,5.689655793103449,0.5555555555555556,2.5536090040435466,2.227032041036355,3.977450352010719
3.913793103448276,5.689655793103449,0.6666666666666666,2.562434760528646,2.227644672258039,3.976620232457697
3.913793103448276,5.689655793103449,0.7777777777777777,2.5711362494556385,2.2282566897303515,3.97586307566181
3.913793103448276,5.689655793103449,0.8888888888888888,2.5797117650212016,2.22886808617076,3.975176867489105
3.913793103448276,5.689655793103449,1.0,2.5881601772338647,2.2294788541963815,3.9745596336408315
3.913793103448276,6.206897137931034,0.0,2.507727878701611,2.196032176817971,3.9810160388018216
3.913793103448276,6.206897137931034,0.1111111111111111,2.5165389228398447,2.1966629879560235,3.979979228326126
3.913793103448276,6.206897137931034,0.2222222222222222,2.5252574702769923,2.1972932663947837,3.9790141047140577
3.913793103448276,6.206897137931034,0.3333333333333333,2.5338785129449555,2.1979230023459593,3.978118821411836
3.913793103448276,6.206897137931034,0.4444444444444444,2.5423979209101115,2.1985521860193433,3.977291566071669
3.913793103448276,6.206897137931034,0.5555555555555556,2.5508123416559387,2.199180807631511,3.976530560412545
3.913793103448276,6.206897137931034,0.6666666666666666,2.55911910962515,2.1998088574141255,3.975834060061334
3.913793103448276,6.206897137931034,0.7777777777777777,2.567316165128826,2.2004363256218715,3.975200354374182
3.913793103448276,6.206897137931034,0.8888888888888888,2.5754019817727847,2.201063202540014,3.974627766238366
3.913793103448276,6.206897137931034,1.0,2.5833755016018936,2.201689478491589,3.9741146518548884
3.913793103448276,6.724138482758621,0.0,2.5077278787016106,2.1711426140996886,3.979594851776321
3.913793103448276,6.724138482758621,0.1111111111111111,2.5160234931650014,2.1717772095584165,3.9787125045398826
3.913793103448276,6.724138482758621,0.2222222222222222,2.524236127942908,2.1724114288989,3.9778921507237888
3.913793103448276,6.724138482758621,0.3333333333333333,2.532361617912915,2.1730452579010393,3.9771322389940558
3.913793103448276,6.724138482758621,0.4444444444444444,2.5403964956532836,2.1736786825157677,3.9764312470209604
3.913793103448276,6.724138482758621,0.5555555555555556,2.5483379153229215,2.174311688865636,3.9757876812728794
3.913793103448276,6.724138482758621,0.6666666666666666,2.5561835839190654,2.174944263245426,3.9752000767989544
3.913793103448276,6.724138482758621,0.7777777777777777,2.5639316993012127,2.175576392122771,3.974666997000603
3.913793103448276,6.724138482758621,0.8888888888888888,2.5715808943979703,2.1762080621387856,3.9741870333920093
3.913793103448276,6.724138482758621,1.0,2.579130187046296,2.176839260108669,3.9737588053498176
3.913793103448276,7.241379827586207,0.0,2.5077278787016106,2.148872492018073,3.9784316158975512
3.913793103448276,7.241379827586207,0.1111111111111111,2.515565032927324,2.149502209970481,3.977676339745252
3.913793103448276,7.241379827586207,0.2222222222222222,2.5233273410169326,2.150131776858962,3.9769751068048165
3.913793103448276,7.241379827586207,0.3333333333333333,2.531011302160942,2.1507611735752987,3.9763266042585776
3.913793103448276,7.241379827586207,0.4444444444444444,2.5386139768459066,2.151390381335493,3.9757295438369686
3.913793103448276,7.241379827586207,0.5555555555555556,2.5461329284668106,2.152019381674347,3.9751826615919117
3.913793103448276,7.241379827586207,0.6666666666666666,2.5535661703363797,2.1526481564403164,3.9746847176641795
3.913793103448276,7.241379827586207,0.7777777777777777,2.56091211766426,2.1532766877906324,3.9742344960447857
3.913793103448276,7.241379827586207,0.8888888888888888,2.5681695440979,2.1539049581866596,3.9738308043304835
3.913793103448276,7.241379827586207,1.0,2.5753375424387484,2.1545329503894366,3.9734724734735014
3.913793103448276,7.758621172413793,0.0,2.507727878701611,2.128872369436534,3.9774716106308627
3.913793103448276,7.758621172413793,0.1111111111111111,2.5151545916703917,2.1294907475438842,3.976821859695317
3.913793103448276,7.758621172413793,0.2222222222222222,2.5225134616104947,2.13010923743362,3.976219566440791
3.913793103448276,7.758621172413793,0.3333333333333333,2.529801518223592,2.1307278151496387,3.9756636121381113
3.913793103448276,7.758621172413793,0.4444444444444444,2.5370162478520735,2.131346457189389,3.9751528988481386
3.913793103448276,7.758621172413793,0.5555555555555556,2.544155548092514,2.131965140494112,3.9746863491985724
3.913793103448276,7.758621172413793,0.6666666666666666,2.5512176864184832,2.1325838424395016,3.9742629061578603
3.913793103448276,7.758621172413793,0.7777777777777777,2.558201262509184,2.133202540826779,3.9738815328062227
3.913793103448276,7.758621172413793,0.8888888888888888,2.56510517399333,2.1338212138741346,3.9735412121038354
3.913793103448276,7.758621172413793,1.0,2.5719285853324405,2.134439840208523,3.9732409466562633
3.913793103448276,8.275862517241379,0.0,2.5077278787016106,2.11084862422363,3.9766735050718784
3.913793103448276,8.275862517241379,0.1111111111111111,2.5147850006082706,2.1114509345868857,3.97611213448162
3.913793103448276,8.275862517241379,0.2222222222222222,2.52178035052514,2.1120536353263715,3.9755927164130176
3.913793103448276,8.275862517241379,0.3333333333333333,2.5287113868650124,2.1126566979941974,3.97511429122076
3.913793103448276,8.275862517241379,0.4444444444444444,2.5355759433099507,2.1132600947000406,3.9746759169045496
3.913793103448276,8.275862517241379,0.5555555555555556,2.542372193103236,2.1138637980983828,3.974276668900821
3.913793103448276,8.275862517241379,0.6666666666666666,2.5490986163617615,2.114467781376232,3.973915639873393
3.913793103448276,8.275862517241379,0.7777777777777777,2.5557539701897527,2.1150720182413556,3.9735919395030557
3.913793103448276,8.275862517241379,0.8888888888888888,2.562337261383619,2.1156764829109536,3.973304694276129
3.913793103448276,8.275862517241379,1.0,2.568847721528012,2.1162811501007575,3.9730530472719923
3.913793103448276,8.793103862068964,0.0,2.507727878701611,2.094553029759337,3.976005668204847
3.913793103448276,8.793103862068964,0.1111111111111111,2.5144504503040532,2.0951359042155175,3.9755188904914895
3.913793103448276,8.793103862068964,0.2222222222222222,2.521116546000657,2.095719448046351,3.975069424419076
3.913793103448276,8.793103862068964,0.3333333333333333,2.5277239743684246,2.0963036288473864,3.9746564416674013
3.913793103448276,8.793103862068964,0.4444444444444444,2.534270855219727,2.0968884148510973,3.974279128937501
3.913793103448276,8.793103862068964,0.5555555555555556,2.54075559119945,2.0974737749121584,3.973936687762993
3.913793103448276,8.793103862068964,0.6666666666666666,2.5471768416867717,2.0980596784932737,3.9736283343214005
3.913793103448276,8.793103862068964,0.7777777777777777,2.553533498841047,2.098646095651526,3.9733532992454763
3.913793103448276,8.793103862068964,0.8888888888888888,2.5598246656375987,2.09923299702522,3.973110827434495
3.913793103448276,8.793103862068964,1.0,2.5660496357464093,2.099820353821178,3.9729001778655615
3.913793103448276,9.310345206896551,0.0,2.507727878701611,2.079774586901353,3.975443601550533
3.913793103448276,9.310345206896551,0.1111111111111111,2.514146183043874,2.080335717508853,3.9750202219357615
3.913793103448276,9.310345206896551,0.2222222222222222,2.5205126582357824,2.0808977866102647,3.9746302112424563
3.913793103448276,9.310345206896551,0.3333333333333333,2.526825401640343,2.081460758461965,3.974272850311492
2.206896551724138,13.44827596551724,0.0,3.07726114053025,2.2629172055405182,4.259939939922028
2.206896551724138,13.44827596551724,0.1111111111111111,3.0780711694771323,2.263168864906943,4.260304554479219
2.206896551724138,13.44827596551724,0.2222222222222222,3.07887771974123,2.263420220700096,4.26066862073934
2.206896551724138,13.44827596551724,0.3333333333333333,3.0796808140153678,2.2636712732876294,4.261032138676222
2.206896551724138,13.44827596551724,0.4444444444444444,3.080480474811502,2.2639220230387984,4.261395108285719
2.206896551724138,13.44827596551724,0.5555555555555556,3.081276724462106,2.2641724703244464,4.2617575295852905
2.206896551724138,13.44827596551724,0.6666666666666666,3.0820695851215656,2.2644226155169656,4.262119402613575
2.206896551724138,13.44827596551724,0.7777777777777777,3.082859078767563,2.264672458990263,4.26248072742998
2.206896551724138,13.44827596551724,0.8888888888888888,3.083645227202465,2.264922001119737,4.262841504114279
2.206896551724138,13.44827596551724,1.0,3.084428052054699,2.2651712422822405,4.263201732766215
2.206896551724138,13.965517310344827,0.0,3.0772611405302497,2.258276143363654,4.260309257594756
2.206896551724138,13.965517310344827,0.1111111111111111,3.0780439478502357,2.2585236399061825,4.260661418400818
2.206896551724138,13.965517310344827,0.2222222222222222,3.078823499697244,2.258770845423328,4.261013063934549
2.206896551724138,13.965517310344827,0.3333333333333333,3.079599816668503,2.259017760253419,4.261364194210502
2.206896551724138,13.965517310344827,0.4444444444444444,3.0803729192016718,2.2592643847363467,4.261714809262051
2.206896551724138,13.965517310344827,0.5555555555555556,3.081142827576033,2.259510719213535,4.262064909141038
2.206896551724138,13.965517310344827,0.6666666666666666,3.0819095619137,2.259756764027912,4.262414493917427
2.206896551724138,13.965517310344827,0.7777777777777777,3.082673142180812,2.2600025195238738,4.262763563678953
2.206896551724138,13.965517310344827,0.8888888888888888,3.0834335881887216,2.260247986047265,4.263112118530789
2.206896551724138,13.965517310344827,1.0,3.084190919595197,2.2604931639453483,4.263460158595215
2.206896551724138,14.482758655172413,0.0,3.0772611405302497,2.2539175710705925,4.260655072485257
2.206896551724138,14.482758655172413,0.1111111111111111,3.078018496208595,2.254160931693201,4.260995597529439
2.206896551724138,14.482758655172413,0.2222222222222222,3.0787727988272575,2.25440401337068,4.261335637483422
2.206896551724138,14.482758655172413,0.3333333333333333,3.0795240671377604,2.2546468164136266,4.261675192392621
2.206896551724138,14.482758655172413,0.4444444444444444,3.080272319750318,2.2548893411341484,4.262014262318619
2.206896551724138,14.482758655172413,0.5555555555555556,3.0810175751348763,2.255131587845843,4.26235284733888
2.206896551724138,14.482758655172413,0.6666666666666666,3.0817598516221483,2.255373556863766,4.262690947546445
2.206896551724138,14.482758655172413,0.7777777777777777,3.0824991674046562,2.255615248504404,4.263028563049646
2.206896551724138,14.482758655172413,0.8888888888888888,3.0832355405377627,2.255856663085654,4.263365693971831
2.206896551724138,14.482758655172413,1.0,3.0839689889406996,2.2560978009267862,4.263702340451068
2.206896551724138,15.0,0.0,3.0772611405302497,2.2498165491202933,4.260979556697047
2.206896551724138,15.0,0.1111111111111111,3.0779946473697715,2.250055817714046,4.261309186337427
2.206896551724138,15.0,0.2222222222222222,3.078725285269792,2.2502948189472143,4.261638358537261
2.206896551724138,15.0,0.3333333333333333,3.0794530713499144,2.250533553104407,4.261967073365169
2.206896551724138,15.0,0.4444444444444444,3.0801780226041604,2.250772020471705,4.262295330903747
2.206896551724138,15.0,0.5555555555555556,3.080900155901878,2.2510102213366356,4.262623131249304
2.206896551724138,15.0,0.6666666666666666,3.081619487988645,2.2512481559881414,4.262950474511612
2.206896551724138,15.0,0.7777777777777777,3.0823360354871703,2.2514858247165574,4.2632773608136665
2.206896551724138,15.0,0.8888888888888888,3.08304981489819,2.251723227813588,4.263603790291445
2.206896551724138,15.0,1.0,3.083760842601366,2.2519603655722795,4.263929763093671
3.913793103448276,1e-06,0.0,2.5077278787078074,3.0457570662199394,4.159418815057833
3.913793103448276,1e-06,0.1111111111111111,2.542389528688342,3.0457570449640623,4.140361250882959
3.913793103448276,1e-06,0.2222222222222222,2.5764959861136,3.0457246937604756,4.122133953552516
3.913793103448276,1e-06,0.3333333333333333,2.609739350582275,3.0450883799505992,4.104764856848209
3.913793103448276,1e-06,0.4444444444444444,2.641927907201988,3.045190644029222,4.088280660880171
3.913793103448276,1e-06,0.5555555555555556,2.672952576824728,3.0452765646507913,4.072706243794199
3.913793103448276,1e-06,0.6666666666666666,2.7027619077693052,3.0453798590460464,4.05806408638565
3.913793103448276,1e-06,0.7777777777777777,2.7313438717868936,3.045757026865471,4.044373725468601
3.913793103448276,1e-06,0.8888888888888888,2.7587128260334763,3.0456003996327126,4.031651250919413
3.913793103448276,1e-06,1.0,2.7849002690754303,3.045403519139195,4.019908859969146
3.913793103448276,0.5172423448275862,0.0,2.507727878701611,2.884510019704063,4.099037132157068
3.913793103448276,0.5172423448275862,0.1111111111111111,2.535571774357904,2.8838048374241048,4.085629654433682
3.913793103448276,0.5172423448275862,0.2222222222222222,2.5629049690479913,2.8830975156794896,4.072944657145499
3.913793103448276,0.5172423448275862,0.3333333333333333,2.589562883498879,2.88238835115029,4.060985063350047
3.913793103448276,0.5172423448275862,0.4444444444444444,2.6154379296474395,2.881677636047235,4.049751935842187
3.913793103448276,0.5172423448275862,0.5555555555555556,2.640464853523326,2.8809656583387686,4.0392443532482
3.913793103448276,0.5172423448275862,0.6666666666666666,2.66460941181352,2.880252701900236,4.02945932090951
3.913793103448276,0.5172423448275862,0.7777777777777777,2.687859763373565,2.879539046596333,4.020391717624789
3.913793103448276,0.5172423448275862,0.8888888888888888,2.7102200003203536,2.8788249683065468,4.0120342784991125
3.913793103448276,0.5172423448275862,1.0,2.731705329591943,2.8781107389021927,4.004377613278629
3.913793103448276,1.0344836896551723,0.0,2.5077278787016106,2.756836031229316,4.06182655397456
3.913793103448276,1.0344836896551723,0.1111111111111111,2.5309988593980495,2.756166491063727,4.052183633970354
3.913793103448276,1.0344836896551723,0.2222222222222222,2.553843066839574,2.7555020353179676,4.043111934236018
3.913793103448276,1.0344836896551723,0.3333333333333333,2.5761638592774743,2.754842906522366,4.034604768526136
3.913793103448276,1.0344836896551723,0.4444444444444444,2.5978955526666585,2.7541893315366877,4.026654386298549
3.913793103448276,1.0344836896551723,0.5555555555555556,2.6189962465935657,2.753541522182882,4.019251990392821
3.913793103448276,1.0344836896551723,0.6666666666666666,2.63944212143995,2.7528996758335333,4.01238776890616
3.913793103448276,1.0344836896551723,0.7777777777777777,2.6592229578261324,2.752263975963469,4.006050939984755
3.913793103448276,1.0344836896551723,0.8888888888888888,2.6783386472590034,2.751634592670681,4.000229808085371
3.913793103448276,1.0344836896551723,1.0,2.696796493364755,2.751011683171649,3.994911830134483
3.913793103448276,1.5517250344827584,0.0,2.507727878701611,2.6528662934350686,4.037734404429106
3.913793103448276,1.5517250344827584,0.1111111111111111,2.5277173046415804,2.6524262798813694,4.030616169464131
3.913793103448276,1.5517250344827584,0.2222222222222222,2.5473550704776566,2.65199355417388,4.023939698570179
3.913793103448276,1.5517250344827584,0.3333333333333333,2.5665800520461475,2.651568196673978,4.017696084216163
3.913793103448276,1.5517250344827584,0.4444444444444444,2.5853492976826002,2.6511502747713145,4.011875942139299
3.913793103448276,1.5517250344827584,0.5555555555555556,2.6036341984280758,2.6507398437175373,4.006469444724914
3.913793103448276,1.5517250344827584,0.6666666666666666,2.62141737273367,2.6503369474079084,4.00146635849295
3.913793103448276,1.5517250344827584,0.7777777777777777,2.6386901548133834,2.649941619115561,3.9968560848929764
3.913793103448276,1.5517250344827584,0.8888888888888888,2.6554505836421827,2.6495538821825018,3.99262770362429
3.913793103448276,1.5517250344827584,1.0,2.6717018017064698,2.6491737506708497,3.9887700177243053
3.913793103448276,2.068966379310345,0.0,2.5077278787016106,2.566493016817607,4.021466017526606
3.913793103448276,2.068966379310345,0.1111111111111111,2.5252473053439286,2.566306364560468,4.016080050098488
3.913793103448276,2.068966379310345,0.2222222222222222,2.5424754440291957,2.566126241078365,4.011036641730376
3.913793103448276,2.068966379310345,0.3333333333333333,2.559371343670066,2.5659526382562237,4.006327335395438
3.913793103448276,2.068966379310345,0.4444444444444444,2.575905390280759,2.5657855402989096,4.0019435035816
3.913793103448276,2.068966379310345,0.5555555555555556,2.5920571176830287,2.5656249243788216,3.9978763723224193
3.913793103448276,2.068966379310345,0.6666666666666666,2.6078133926071683,2.5654707612367735,3.9941170460261657
3.913793103448276,2.068966379310345,0.7777777777777777,2.623166920633382,2.5653230157399425,3.990656532750151
3.913793103448276,2.068966379310345,0.8888888888888888,2.638115023089421,2.565181647400273,3.987485769594821
3.913793103448276,2.068966379310345,1.0,2.6526586403132457,2.565046610856363,3.984595647921265
3.913793103448276,2.5862077241379313,0.0,2.507727878701611,2.493661631528086,4.010084406381443
3.913793103448276,2.5862077241379313,0.1111111111111111,2.523320761287415,2.4936991007823215,4.005918691367257
3.913793103448276,2.5862077241379313,0.2222222222222222,2.5386698478070957,2.4937413534475894,4.002021688570902
3.913793103448276,2.5862077241379313,0.3333333333333333,2.553746429921376,2.49378835437133,3.9983861411350343
3.913793103448276,2.5862077241379313,0.4444444444444444,2.5685292258259147,2.493840064319112,3.995004763203512
3.913793103448276,2.5862077241379313,0.5555555555555556,2.5830030576195924,2.4938964403897685,3.991870254264262
3.913793103448276,2.5862077241379313,0.6666666666666666,2.597157737357895,2.4939574363976433,3.988975313411961
3.913793103448276,2.5862077241379313,0.7777777777777777,2.610987134124192,2.494023003224623,3.986312653388518
3.913793103448276,2.5862077241379313,0.8888888888888888,2.624488396272301,2.494093089144414,3.983875014276055
3.913793103448276,2.5862077241379313,1.0,2.6376613054918288,2.494167640121276,3.9816551767335384
3.913793103448276,3.103449068965517,0.0,2.507727878701611,2.431533528621716,4.001880291656871
3.913793103448276,3.103449068965517,0.1111111111111111,2.5217760205527444,2.4317526818446753,3.998596404359181
3.913793103448276,3.103449068965517,0.2222222222222222,2.535617793554585,2.431974844866965,3.995526348596957
3.913793103448276,3.103449068965517,0.3333333333333333,2.5492323253949842,2.432199984342337,3.9926641268066136
3.913793103448276,3.103449068965517,0.4444444444444444,2.5626038065072314,2.4324280647296157,3.9900037718633428
3.913793103448276,3.103449068965517,0.5555555555555556,2.5757206538113833,2.4326590485422335,3.987539355018145
3.913793103448276,3.103449068965517,0.6666666666666666,2.588574796882083,2.432892896577219,3.985264993604137
3.913793103448276,3.103449068965517,0.7777777777777777,2.601161071427233,2.4331295681253224,3.9831748584568367
3.913793103448276,3.103449068965517,0.8888888888888888,2.613476705913092,2.433369021163837,3.981263181001756
3.913793103448276,3.103449068965517,1.0,2.625520888428125,2.4336112125335356,3.979524259970618
3.913793103448276,3.6206904137931035,0.0,2.5077278787016106,2.378038217188641,3.995815220827739
3.913793103448276,3.6206904137931035,0.1111111111111111,2.5205097874519278,2.378397377483165,3.9931837074576784
0.5,11.379310586206897,0.4444444444444444,3.434451708744365,2.5799800693875254,4.614320061149035
0.5,11.379310586206897,0.5555555555555556,3.4344809449536005,2.579999853177449,4.61434393597684
0.5,11.379310586206897,0.6666666666666666,3.4345101624679657,2.580019631215209,4.61436780128298
0.5,11.379310586206897,0.7777777777777777,3.4345393613079587,2.5800394035039926,4.614391657074784
0.5,11.379310586206897,0.8888888888888888,3.434568541494044,2.5800591700469844,4.614415503359572
0.5,11.379310586206897,1.0,3.4345977030466557,2.580078930847366,4.614439340144654
0.5,11.896551931034482,0.0,3.4343345765476445,2.578462336955658,4.614269821806944
0.5,11.896551931034482,0.1111111111111111,3.4343626606629503,2.5784815917835417,4.614292733607206
0.5,11.896551931034482,0.2222222222222222,3.434390727513831,2.5785008411705457,4.614315636625508
0.5,11.896551931034482,0.3333333333333333,3.4344187771185024,2.5785200851196133,4.614338530868355
0.5,11.896551931034482,0.4444444444444444,3.4344468094951566,2.578539323633686,4.61436141634224
0.5,11.896551931034482,0.5555555555555556,3.4344748246619567,2.5785585567157017,4.614384293053656
0.5,11.896551931034482,0.6666666666666666,3.4345028226370373,2.578577784368597,4.6144071610090815
0.5,11.896551931034482,0.7777777777777777,3.4345308034385074,2.578597006595304,4.61443002021499
0.5,11.896551931034482,0.8888888888888888,3.434558767084449,2.5786162233987544,4.614452870677849
0.5,11.896551931034482,1.0,3.4345867135929167,2.578635434781878,4.614475712404117
0.5,12.413793275862067,0.0,3.4343345765476445,2.5771350142266747,4.614311562407982
0.5,12.413793275862067,0.1111111111111111,3.434361532187888,2.5771537417822206,4.614333553439416
0.5,12.413793275862067,0.2222222222222222,3.4343884719008146,2.57717246419782,4.6143555363687625
0.5,12.413793275862067,0.3333333333333333,3.434415395702593,2.577191181476184,4.614377511201791
0.5,12.413793275862067,0.4444444444444444,3.4344423036093708,2.5772098936200187,4.614399477944268
0.5,12.413793275862067,0.5555555555555556,3.434469195637271,2.5772286006320337,4.614421436601955
0.5,12.413793275862067,0.6666666666666666,3.434496071802393,2.57724730251493,4.614443387180603
0.5,12.413793275862067,0.7777777777777777,3.4345229321208155,2.5772659992714093,4.614465329685961
0.5,12.413793275862067,0.8888888888888888,3.4345497766085913,2.5772846909041744,4.614487264123771
0.5,12.413793275862067,1.0,3.4345766052817517,2.577303377415921,4.614509190499766
0.5,12.931034620689655,0.0,3.4343345765476445,2.5759065057064054,4.61435010327678
0.5,12.931034620689655,0.1111111111111111,3.4343604908916907,2.575924729855147,4.614371244647609
0.5,12.931034620689655,0.2222222222222222,3.4343863904960483,2.5759429491432697,4.614392378520263
0.5,12.931034620689655,0.3333333333333333,3.4344122753751365,2.575961163573272,4.6144135048998915
0.5,12.931034620689655,0.4444444444444444,3.43443814554335,2.5759793731476517,4.614434623791636
0.5,12.931034620689655,0.5555555555555556,3.4344640010150687,2.5759975778689026,4.614455735200634
0.5,12.931034620689655,0.6666666666666666,3.4344898418046514,2.576015777739518,4.6144768391320135
0.5,12.931034620689655,0.7777777777777777,3.4345156679264344,2.5760339727619885,4.614497935590903
0.5,12.931034620689655,0.8888888888888888,3.4345414793947353,2.5760521629388036,4.614519024582419
0.5,12.931034620689655,1.0,3.434567276223855,2.5760703482724496,4.614540106111681
0.5,13.44827596551724,0.0,3.4343345765476445,2.5747661853406885,4.614385798332115
0.5,13.44827596551724,0.1111111111111111,3.434359527048528,2.574783928950938,4.614406153223284
0.5,13.44827596551724,0.2222222222222222,3.434384463869344,2.5748016679598504,4.614426501155145
0.5,13.44827596551724,0.3333333333333333,3.434409387023001,2.57481940236973,4.614446842132305
0.5,13.44827596551724,0.4444444444444444,3.4344342965223955,2.5748371321828802,4.614467176159368
0.5,13.44827596551724,0.5555555555555556,3.434459192380398,2.5748548574016055,4.6144875032409365
0.5,13.44827596551724,0.6666666666666666,3.43448407460987,2.5748725780282067,4.614507823381606
0.5,13.44827596551724,0.7777777777777777,3.434508943223652,2.574890294064981,4.61452813658596
0.5,13.44827596551724,0.8888888888888888,3.4345337982345665,2.574908005514228,4.614548442858592
0.5,13.44827596551724,1.0,3.43455863965542,2.5749257123782416,4.614568742204078
0.5,13.965517310344827,0.0,3.4343345765476445,2.573704896739774,4.614418951231893
0.5,13.965517310344827,0.1111111111111111,3.434358632327279,2.573722181614818,4.614438576032773
0.5,13.965517310344827,0.2222222222222222,3.434382675376211,2.573739462129283,4.614458194357169
0.5,13.965517310344827,0.3333333333333333,3.4344067057060443,2.5737567382852995,4.614477806209224
0.5,13.965517310344827,0.4444444444444444,3.43443072332837,2.5737740100849975,4.614497411593077
0.5,13.965517310344827,0.5555555555555556,3.434454728254763,2.5737912775305047,4.614517010512864
0.5,13.965517310344827,0.6666666666666666,3.4344787204967835,2.573808540623947,4.6145366029727155
0.5,13.965517310344827,0.7777777777777777,3.4345027000659756,2.5738257993674485,4.614556188976757
0.5,13.965517310344827,0.8888888888888888,3.4345266669738708,2.5738430537631327,4.614575768529115
0.5,13.965517310344827,1.0,3.434550621231984,2.5738603038131207,4.614595341633905
0.5,14.482758655172413,0.0,3.4343345765476445,2.572714707691514,4.614449823974887
0.5,14.482758655172413,0.1111111111111111,3.4343577995502055,2.5727315545456326,4.614468769222663
0.5,14.482758655172413,0.2222222222222222,3.4343810106759505,2.5727483972628704,4.6144877084282445
0.5,14.482758655172413,0.3333333333333333,3.434404209935349,2.5727652358452002,4.614506641595373
0.5,14.482758655172413,0.4444444444444444,3.434427397338858,2.572782070294592,4.614525568727783
0.5,14.482758655172413,0.5555555555555556,3.434450572896923,2.572798900613013,4.6145444898292025
0.5,14.482758655172413,0.6666666666666666,3.434473736619974,2.5728157268024323,4.614563404903363
0.5,14.482758655172413,0.7777777777777777,3.4344968885184297,2.5728325488648136,4.614582313953985
0.5,14.482758655172413,0.8888888888888888,3.4345200286026922,2.5728493668021226,4.6146012169847905
0.5,14.482758655172413,1.0,3.4345431568831555,2.5728661806163236,4.614620113999497
0.5,15.0,0.0,3.4343345765476445,2.5717887122868337,4.6144786437969305
0.5,15.0,0.1111111111111111,3.434357022500049,2.571805140750718,4.6144969549590495
0.5,15.0,0.2222222222222222,3.434379457346428,2.571821565285733,4.614515260471024
0.5,15.0,0.3333333333333333,3.4344018810962615,2.5718379858937044,4.61453356033624
0.5,15.0,0.4444444444444444,3.434424293759018,2.571854402576458,4.61455185455808
0.5,15.0,0.5555555555555556,3.434446695344151,2.571870815335817,4.61457014313992
0.5,15.0,0.6666666666666666,3.4344690858611058,2.571887224173605,4.614588426085132
0.5,15.0,0.7777777777777777,3.434491465319315,2.5719036290916435,4.614606703397093
0.5,15.0,0.8888888888888888,3.4345138337281997,2.5719200300917513,4.614624975079169
0.5,15.0,1.0,3.4345361910971692,2.57193642717575,4.614643241134723
2.206896551724138,1e-06,0.0,3.077261141304975,3.045736065417798,4.182275823941397
2.206896551724138,1e-06,0.1111111111111111,3.0856479552781177,3.0457363293380553,4.184969070497671
2.206896551724138,1e-06,0.2222222222222222,3.0938717832888267,3.0454707945225996,4.1877507846521675
2.206896551724138,1e-06,0.3333333333333333,3.1019357966270933,3.045736485407453,4.190614919530818
2.206896551724138,1e-06,0.4444444444444444,3.109843232142258,3.045757010640411,4.193555687055398
2.206896551724138,1e-06,0.5555555555555556,3.117597371754526,3.045739410539605,4.19656755259654
2.206896551724138,1e-06,0.6666666666666666,3.1252015168397365,3.045757005447889,4.199645228722621
2.206896551724138,1e-06,0.7777777777777777,3.132658979012674,3.045623137570426,4.202783669504234
2.206896551724138,1e-06,0.8888888888888888,3.139973058165788,3.0457435561328,4.205978063227721
2.206896551724138,1e-06,1.0,3.1471470301429947,3.045756319858626,4.209223825864989
2.206896551724138,0.5172423448275862,0.0,3.07726114053025,2.8845492813808775,4.199493243601463
2.206896551724138,0.5172423448275862,0.1111111111111111,3.083437558727663,2.8840909650124047,4.201913878435203
2.206896551724138,0.5172423448275862,0.2222222222222222,3.0894925046740225,2.8836332168450576,4.204361210609589
2.206896551724138,0.5172423448275862,0.3333333333333333,3.095428418405638,2.883176096828637,4.206832636641693
2.206896551724138,0.5172423448275862,0.4444444444444444,3.1012477369407825,2.882719664555842,4.209325683658669
2.206896551724138,0.5172423448275862,0.5555555555555556,3.1069528868597387,2.8822639792200344,4.211838004242715
2.206896551724138,0.5172423448275862,0.6666666666666666,3.112546278016803,2.881809099573248,4.214367371386817
2.206896551724138,0.5172423448275862,0.7777777777777777,3.1180302982380677,2.881355083884576,4.21691167356931
2.206896551724138,0.5172423448275862,0.8888888888888888,3.123407308877201,2.880901989899027,4.219468909953631
2.206896551724138,0.5172423448275862,1.0,3.1286796411174578,2.8804498747969802,4.222037185718423
2.206896551724138,1.0344836896551723,0.0,3.0772611405302497,2.7726674541402403,4.211669672588878
2.206896551724138,1.0344836896551723,0.1111111111111111,3.08214691139325,2.7722991508185575,4.213737213179894
2.206896551724138,1.0344836896551723,0.2222222222222222,3.086944591666939,2.7719339375545107,4.215812111232007
2.206896551724138,1.0344836896551723,0.3333333333333333,3.091655985496029,2.7715718260648736,4.217893198615349
2.206896551724138,1.0344836896551723,0.4444444444444444,3.096282878000217,2.7712128268437186,4.219979368382019
2.206896551724138,1.0344836896551723,0.5555555555555556,3.100827032777641,2.770856949184171,4.2220695720614065
2.206896551724138,1.0344836896551723,0.6666666666666666,3.1052901898061918,2.7705042012007497,4.224162817056084
2.206896551724138,1.0344836896551723,0.7777777777777777,3.1096740636951035,2.7701545898522264,4.2262581641361665
2.206896551724138,1.0344836896551723,0.8888888888888888,3.113980342244719,2.76980812096498,4.228354725030033
2.206896551724138,1.0344836896551723,1.0,3.1182106852771567,2.769464799256783,4.230451660109035
2.206896551724138,1.5517250344827584,0.0,3.07726114053025,2.689873181923489,4.220477337369428
2.206896551724138,1.5517250344827584,0.1111111111111111,3.0813015845207543,2.689660781990984,4.222248897245888
2.206896551724138,1.5517250344827584,0.2222222222222222,3.085276363030641,2.6894514667060117,4.224021145902441
2.206896551724138,1.5517250344827584,0.3333333333333333,3.089186775903687,2.6892452167047147,4.225793511382604
2.206896551724138,1.5517250344827584,0.4444444444444444,3.0930341041056764,2.689042012190919,4.227565451657469
2.206896551724138,1.5517250344827584,0.5555555555555556,3.0968196088849114,2.6888418329605983,4.22933645328974
0.5,1e-06,0.0,3.4343345765486473,3.0456265337262947,4.59437048894753
0.5,1e-06,0.1111111111111111,3.4350311643632336,3.0456227809180065,4.5948924667251125
0.5,1e-06,0.2222222222222222,3.4357253845758513,3.0454238096466613,4.595413456492537
0.5,1e-06,0.3333333333333333,3.436417246083078,3.045611138420638,4.595933459598806
0.5,1e-06,0.4444444444444444,3.437106761147482,3.0456314833207556,4.596452477568379
0.5,1e-06,0.5555555555555556,3.4377939397044255,3.045756727693955,4.596970511845307
0.5,1e-06,0.6666666666666666,3.4384787921756383,3.045602205770572,4.597487563928514
0.5,1e-06,0.7777777777777777,3.4391613289730767,3.045626980867787,4.598003635233693
0.5,1e-06,0.8888888888888888,3.4398415604283397,3.0455830658976306,4.598518727301729
0.5,1e-06,1.0,3.440519496830001,3.045740156778351,4.5990328415938135
0.5,0.5172423448275862,0.0,3.4343345765476445,2.8483466166163383,4.603792011944279
0.5,0.5172423448275862,0.1111111111111111,3.43468359538942,2.8482331510891643,4.604069691446821
0.5,0.5172423448275862,0.2222222222222222,3.4350310030713107,2.8481199523021097,4.604346615240086
0.5,0.5172423448275862,0.3333333333333333,3.4353768079565103,2.848007020599732,4.604622785724686
0.5,0.5172423448275862,0.4444444444444444,3.4357210183745908,2.8478943563154844,4.604898205298507
0.5,0.5172423448275862,0.5555555555555556,3.4360636426214852,2.847781959771768,4.605172876356634
0.5,0.5172423448275862,0.6666666666666666,3.43640468895948,2.8476698312799953,4.605446801291288
0.5,0.5172423448275862,0.7777777777777777,3.436744165617192,2.8475579711406422,4.6057199824917445
0.5,0.5172423448275862,0.8888888888888888,3.437082080789562,2.847446379643312,4.6059924223442605
0.5,0.5172423448275862,1.0,3.4374184426378416,2.847335057066792,4.606264123232012
0.5,1.0344836896551723,0.0,3.4343345765476445,2.765944804087966,4.6073746099751025
0.5,1.0344836896551723,0.1111111111111111,3.434565262910374,2.765898320460234,4.607560757898825
0.5,1.0344836896551723,0.2222222222222222,3.4347950776676197,2.765852031729562,4.607746479188434
0.5,1.0344836896551723,0.3333333333333333,3.435024025322597,2.765805937283277,4.6079317753129
0.5,1.0344836896551723,0.4444444444444444,3.4352521103530034,2.765760036509116,4.608116647735764
0.5,1.0344836896551723,0.5555555555555556,3.4354793372111496,2.7657143287952497,4.6083010979151435
0.5,1.0344836896551723,0.6666666666666666,3.435705710324082,2.7656688135303074,4.608485127303754
0.5,1.0344836896551723,0.7777777777777777,3.43593123409371,2.765623490103395,4.608668737348905
0.5,1.0344836896551723,0.8888888888888888,3.4361559128969317,2.76557835790412,4.608851929492522
0.5,1.0344836896551723,1.0,3.436379751085758,2.765533416322614,4.609034705171148
0.5,1.5517250344827584,0.0,3.4343345765476445,2.7195248529668117,4.609258480599206
0.5,1.5517250344827584,0.1111111111111111,3.4345065423568553,2.7195146391405305,4.60939793682047
0.5,1.5517250344827584,0.2222222222222222,3.434677976905961,2.719504522390645,4.609537128593343
0.5,1.5517250344827584,0.3333333333333333,3.434848882621471,2.7194945023220085,4.609676056743637
0.5,1.5517250344827584,0.4444444444444444,3.4350192619164313,2.719484578540925,4.609814722093912
0.5,1.5517250344827584,0.5555555555555556,3.4351891171905073,2.7194747506551455,4.609953125463483
0.5,1.5517250344827584,0.6666666666666666,3.4353584508300616,2.719465018273868,4.610091267668438
0.5,1.5517250344827584,0.7777777777777777,3.4355272652082367,2.7194553810077355,4.610229149521658
0.5,1.5517250344827584,0.8888888888888888,3.4356955626850274,2.719445838468828,4.610366771832811
0.5,1.5517250344827584,1.0,3.4358633456073657,2.719436390270667,4.610504135408384
0.5,2.068966379310345,0.0,3.4343345765476445,2.689435565141212,4.6104204605683865
0.5,2.068966379310345,0.1111111111111111,3.434471571199082,2.6894438071860085,4.61053181049413
0.5,2.068966379310345,0.2222222222222222,3.434608210883628,2.689452093501672,4.610642982301715
0.5,2.068966379310345,0.3333333333333333,3.434744497018383,2.6894604238816333,4.610753976482728
0.5,2.068966379310345,0.4444444444444444,3.434880431013243,2.6894687981202208,4.6108647935269325
0.5,2.068966379310345,0.5555555555555556,3.435016014270945,2.6894772160126528,4.610975433922275
0.5,2.068966379310345,0.6666666666666666,3.4351512481871027,2.6894856773550373,4.6110858981548875
0.5,2.068966379310345,0.7777777777777777,3.4352861341502527,2.6894941819443656,4.611196186709103
0.5,2.068966379310345,0.8888888888888888,3.4354206735418935,2.689502729578512,4.6113063000674535
0.5,2.068966379310345,1.0,3.4355548677365273,2.6895113200562273,4.6114162387106905
0.5,2.5862077241379313,0.0,3.4343345765476445,2.6682503495100116,4.611209075428769
0.5,2.5862077241379313,0.1111111111111111,3.434448391894151,2.668268242517307,4.611301699970524
0.5,2.5862077241379313,0.2222222222222222,3.4345619540607566,2.6682861529042583,4.611394196909617
0.5,2.5862077241379313,0.3333333333333333,3.4346752639375326,2.6683040805667364,4.611486566557941
0.5,2.5862077241379313,0.4444444444444444,3.434788322410456,2.668322025401087,4.611578809226328
0.5,2.5862077241379313,0.5555555555555556,3.43490113036143,2.668339987304131,4.611670925224556
0.5,2.5862077241379313,0.6666666666666666,3.4350136886683114,2.6683579661731622,4.611762914861345
0.5,2.5862077241379313,0.7777777777777777,3.4351259982049287,2.6683759619059453,4.611854778444368
0.5,2.5862077241379313,0.8888888888888888,3.4352380598411054,2.6683939744007112,4.611946516280255
0.5,2.5862077241379313,1.0,3.4353498744426796,2.668412003556158,4.612038128674593
0.5,3.103449068965517,0.0,3.4343345765476445,2.6524909138426978,4.611779506298322
0.5,3.103449068965517,0.1111111111111111,3.4344319093488314,2.652513914747542,4.611858776962911
0.5,3.103449068965517,0.2222222222222222,3.4345290527329877,2.652536919187036,4.611937951907446
0.5,3.103449068965517,0.3333333333333333,3.4346260072927906,2.6525599271098885,4.61201703134084
0.5,3.103449068965517,0.4444444444444444,3.4347227736184487,2.652582938465057,4.612096015471354
0.5,3.103449068965517,0.5555555555555556,3.4348193522977133,2.652605953201747,4.61217490450661
0.5,3.103449068965517,0.6666666666666666,3.4349157439158913,2.6526289712694084,4.612253698653578
0.5,3.103449068965517,0.7777777777777777,3.4350119490558577,2.6526519926177348,4.612332398118586
0.5,3.103449068965517,0.8888888888888888,3.4351079682980687,2.6526750171966667,4.612411003107332
0.5,3.103449068965517,1.0,3.435203802220573,2.6526980449563817,4.612489513824866
0.5,3.6206904137931035,0.0,3.4343345765476445,2.640295501336953,4.612211334983152
0.5,3.6206904137931035,0.1111111111111111,3.4344195910800592,2.640321140071015,4.612280607602513
0.5,3.6206904137931035,0.2222222222222222,3.4345044586750446,2.6403467751419254,4.612349805840472
0.5,3.6206904137931035,0.3333333333333333,3.434589179746033,2.6403724065258465,4.612418929843296
0.5,3.6206904137931035,0.4444444444444444,3.434673754704887,2.6403980341990687,4.612487979756843
0.5,3.6206904137931035,0.5555555555555556,3.434758183961909,2.640423658138012,4.6125569557265536
0.5,3.6206904137931035,0.6666666666666666,3.434842467925848,2.6404492783192226,4.612625857897456
0.5,3.6206904137931035,0.7777777777777777,3.434926607003909,2.640474894719377,4.6126946864141685
0.5,3.6206904137931035,0.8888888888888888,3.4350106016017548,2.6405005073152754,4.612763441420898
0.5,3.6206904137931035,1.0,3.4350944521235203,2.640526116083845,4.612832123061445
0.5,4.13793175862069,0.0,3.4343345765476445,2.630572025959922,4.612549599981983
0.5,4.13793175862069,0.1111111111111111,3.4344100374537296,2.630598901813009,4.61261110900492
0.5,4.13793175862069,0.2222222222222222,3.434485381104182,2.6306257703023563,4.61267255860169
0.5,4.13793175862069,0.3333333333333333,3.434560607798402,2.630652631418599,4.612733948878481
0.5,4.13793175862069,0.4444444444444444,3.4346357178347504,2.630679485152433,4.6127952799412
0.5,4.13793175862069,0.5555555555555556,3.4347107115105486,2.630706331494624,4.612856551895483
0.5,4.13793175862069,0.6666666666666666,3.434785589122092,2.630733170436002,4.612917764846685
0.5,4.13793175862069,0.7777777777777777,3.4348603509646476,2.630760001967464,4.612978918899889
0.5,4.13793175862069,0.8888888888888888,3.43493499733246,2.6307868260799725,4.613040014159908
0.5,4.13793175862069,1.0,3.4350095285187567,2.630813642764556,4.613101050731277
0.5,4.655173103448276,0.0,3.4343345765476445,2.6226354838790247,4.612821715924501
0.5,4.655173103448276,0.1111111111111111,3.434402412404608,2.622662778525999,4.6128770231548755
0.5,4.655173103448276,0.2222222222222222,3.4344701525451797,2.622690064004002,4.61293228183451
0.5,4.655173103448276,0.3333333333333333,3.434537797192925,2.6227173403113437,4.61298749204283
0.5,4.655173103448276,0.4444444444444444,3.4346053465706943,2.622744607446368,4.613042653859066
0.5,4.655173103448276,0.5555555555555556,3.4346728009006253,2.622771865407451,4.613097767362264
0.5,4.655173103448276,0.6666666666666666,3.4347401604041465,2.622799114193004,4.613152832631275
0.5,4.655173103448276,0.7777777777777777,3.4348074253019805,2.6228263538014702,4.613207849744763
0.5,4.655173103448276,0.8888888888888888,3.434874595814146,2.6228535842313265,4.6132628187812
0.5,4.655173103448276,1.0,3.4349416721599586,2.622880805481082,4.613317739818874
0.5,5.1724144482758625,0.0,3.4343345765476445,2.6160335778061046,4.613045332722043
0.5,5.1724144482758625,0.1111111111111111,3.434396185894916,2.6160608047158718,4.613095572332975
0.5,5.1724144482758625,0.2222222222222222,3.434457715643541,2.6160880217008664,4.613145771543581
0.5,5.1724144482758625,0.3333333333333333,3.434519165964764,2.6161152287634324,4.613195930414771
0.5,5.1724144482758625,0.4444444444444444,3.4345805370293223,2.616142425905933,4.613246049007319
0.5,5.1724144482758625,0.5555555555555556,3.4346418290074476,2.6161696131307455,4.613296127381862
0.5,5.1724144482758625,0.6666666666666666,3.434703042068868,2.6161967904402648,4.613346165598903
0.5,5.1724144482758625,0.7777777777777777,3.4347641763828096,2.6162239578368984,4.6133961637188134
0.5,5.1724144482758625,0.8888888888888888,3.4348252321180004,2.616251115323073,4.613446121801823
0.5,5.1724144482758625,1.0,3.434886209442668,2.6162782629012282,4.613496039908033
0.5,5.689655793103449,0.0,3.4343345765476445,2.610455255140897,4.6132323314956
0.5,5.689655793103449,0.1111111111111111,3.4343910057061784,2.6104821237820786,4.613278352926359
5.620689655172414,5.1724144482758625,0.8888888888888888,1.8503018193709095,2.124969084301675,4.108817190553054
5.620689655172414,5.1724144482758625,1.0,1.8535312968731743,2.125805126332771,4.099427830060427
5.620689655172414,5.689655793103449,0.0,2.0005614091999107,2.0827677147330337,4.176280621336237
5.620689655172414,5.689655793103449,0.1111111111111111,1.9679791245547313,2.0835128041064164,4.166173822770346
5.620689655172414,5.689655793103449,0.2222222222222222,1.93875148964151,2.0842625354606916,4.15624943493694
5.620689655172414,5.689655793103449,0.3333333333333333,1.91328656755821,2.085016701077722,4.146505771225618
5.620689655172414,5.689655793103449,0.4444444444444444,1.8919331896304028,2.0857751068065657,4.13694124992526
5.620689655172414,5.689655793103449,0.5555555555555556,1.8749519859922452,2.0865375706201874,4.127554383066095
5.620689655172414,5.689655793103449,0.6666666666666666,1.8624913892596573,2.087303921346837,4.118343766034598
5.620689655172414,5.689655793103449,0.7777777777777777,1.8545728663799694,2.0880739975535425,4.1093080678908205
5.620689655172414,5.689655793103449,0.8888888888888888,1.8510882222438687,2.0888476465622907,4.100446022327439
5.620689655172414,5.689655793103449,1.0,1.8518095078776806,2.089624723582159,4.091756419218114
5.620689655172414,6.206897137931034,0.0,2.0005614091999107,2.052934418248899,4.163287967027987
5.620689655172414,6.206897137931034,0.1111111111111111,1.9699220892150386,2.053562384134165,4.153928385107247
5.620689655172414,6.206897137931034,0.2222222222222222,1.942232022419099,2.0541983012384946,4.144733763354397
5.620689655172414,6.206897137931034,0.3333333333333333,1.9178295044852396,2.0548418594671807,4.13570257690166
5.620689655172414,6.206897137931034,0.4444444444444444,1.8970088414211779,2.055492766373346,4.126833383281339
5.620689655172414,6.206897137931034,0.5555555555555556,1.8799990678427168,2.05615074555042,4.1181248139664826
5.620689655172414,6.206897137931034,0.6666666666666666,1.86694561249067,2.056815535200129,4.109575566482251
5.620689655172414,6.206897137931034,0.7777777777777777,1.8578977298798285,2.0574868868550045,4.101184397039486
5.620689655172414,6.206897137931034,0.8888888888888888,1.8528038092092074,2.0581645642371305,4.092950113648294
5.620689655172414,6.206897137931034,1.0,1.851515381466181,2.058848342237203,4.08487156967484
5.620689655172414,6.724138482758621,0.0,2.000561409199911,2.028059481094733,4.151707600286678
5.620689655172414,6.724138482758621,0.1111111111111111,1.9716473781532768,2.028545715680883,4.143004391256409
5.620689655172414,6.724138482758621,0.2222222222222222,1.9453465063022346,2.029043160816969,4.134450872923299
5.620689655172414,6.724138482758621,0.3333333333333333,1.921942269262218,2.0295514248379827,4.126045667314579
5.620689655172414,6.724138482758621,0.4444444444444444,1.9016848589997297,2.0300701359923177,4.117787462139014
5.620689655172414,6.724138482758621,0.5555555555555556,1.8847752993397027,2.030598940824457,4.109675004291686
5.620689655172414,6.724138482758621,0.6666666666666666,1.8713513418156822,2.0311375027204046,4.101707093785808
5.620689655172414,6.724138482758621,0.7777777777777777,1.861477035791672,2.0316855005975794,4.093882578077498
5.620689655172414,6.724138482758621,0.8888888888888888,1.8551375099369745,2.0322426277231402,4.086200346753627
5.620689655172414,6.724138482758621,1.0,1.8522397736511875,2.032808590646677,4.078659326556364
5.620689655172414,7.241379827586207,0.0,2.000561409199911,2.007453432965326,4.141326992617332
5.620689655172414,7.241379827586207,0.1111111111111111,1.9731894896647206,2.0077834603128895,4.133203847097544
5.620689655172414,7.241379827586207,0.2222222222222222,1.9481489930748541,2.00812770635329,4.125216992337528
5.620689655172414,7.241379827586207,0.3333333333333333,1.925679746860467,2.0084857200845145,4.117365182754824
5.620689655172414,7.241379827586207,0.4444444444444444,1.90599597549605,2.008857071249109,4.109647225807173
5.620689655172414,7.241379827586207,0.5555555555555556,1.8892742698412806,2.009241348802882,4.102061976946665
5.620689655172414,7.241379827586207,0.6666666666666666,1.8756426489468874,2.00963815952723,4.094608334897329
5.620689655172414,7.241379827586207,0.7777777777777777,1.8651720058495536,2.01004712676987,4.08728523723173
5.620689655172414,7.241379827586207,0.8888888888888888,1.8578710495902315,2.0104678893005032,4.080091656225086
5.620689655172414,7.241379827586207,1.0,1.8536854396449345,2.0109001002695206,4.07302659496768
5.620689655172414,7.758621172413793,0.0,2.00056140919991,1.9905014926351579,4.131973436894777
5.620689655172414,7.758621172413793,0.1111111111111111,1.9745760233760739,1.9906690142008867,4.124365778188508
5.620689655172414,7.758621172413793,0.2222222222222222,1.9506835594084801,1.990853386377213,4.116882612881946
5.620689655172414,7.758621172413793,0.3333333333333333,1.9290886755855754,1.9910541200736867,4.109522814128388
5.620689655172414,7.758621172413793,0.4444444444444444,1.9099760425450631,1.9912707467165747,4.102285298412467
5.620689655172414,7.758621172413793,0.5555555555555556,1.8935011082335147,1.9915028168557987,4.095169021587656
5.620689655172414,7.758621172413793,0.6666666666666666,1.8797815415093873,1.9917498988946232,4.08817297516142
5.620689655172414,7.758621172413793,0.7777777777777777,1.8688902483140761,1.9920115779297813,4.08129618281033
5.620689655172414,7.758621172413793,0.8888888888888888,1.8608507658356694,1.992287454690993,4.074537697109336
5.620689655172414,7.758621172413793,1.0,1.8556355999630534,1.9925771445701508,4.0678965964611
5.620689655172414,8.275862517241379,0.0,2.0005614091999107,1.9766613370175923,4.123505265739564
5.620689655172414,8.275862517241379,0.1111111111111111,1.975829317024398,1.9766663406045448,4.116358068077453
5.620689655172414,8.275862517241379,0.2222222222222222,1.9529864645417345,1.976690389340021,4.109324942157243
5.620689655172414,8.275862517241379,0.3333333333333333,1.932208866165665,1.9767329747237778,4.102404867310271
5.620689655172414,8.275862517241379,0.4444444444444444,1.9136567241113431,1.9767936078248758,4.095596858637184
5.620689655172414,8.275862517241379,0.5555555555555556,1.8974672513287278,1.976871818048581,4.088899963864834
5.620689655172414,8.275862517241379,0.6666666666666666,1.8837479196904783,1.9769671520060124,4.082313260394812
5.620689655172414,8.275862517241379,0.7777777777777777,1.8725707611898268,1.977079172476698,4.075835852530534
5.620689655172414,8.275862517241379,0.8888888888888888,1.8639683080528557,1.9772074574551988,4.069466868871174
5.620689655172414,8.275862517241379,1.0,1.857931617838898,1.977351599273934,4.063205459861853
5.620689655172414,8.793103862068964,0.0,2.00056140919991,1.9654593116550987,4.115805271580889
5.620689655172414,8.793103862068964,0.1111111111111111,1.976967639731227,1.965306379889189,4.109071345681311
5.620689655172414,8.793103862068964,0.2222222222222222,1.9550877833364593,1.965174237307946,4.102442253495793
5.620689655172414,8.793103862068964,0.3333333333333333,1.935074296001822,1.9650623713349233,4.095917069158618
5.620689655172414,8.793103862068964,0.4444444444444444,1.9170669741041575,1.9649702875781676,4.089494896608358
5.620689655172414,8.793103862068964,0.5555555555555556,1.9011873130643733,1.9648975087590532,4.083174867071485
5.620689655172414,8.793103862068964,0.6666666666666666,1.88753313373457,1.9648435737259893,4.076956136695675
5.620689655172414,8.793103862068964,0.7777777777777777,1.876173923525264,1.9648080365451914,4.070837884323006
5.620689655172414,8.793103862068964,0.8888888888888888,1.8671473213235281,1.9647904656615303,4.064819309394262
5.620689655172414,8.793103862068964,1.0,1.860457093293496,1.964790443123153,4.058899629976403
5.620689655172414,9.310345206896551,0.0,2.000561409199911,1.9564853636799537,4.108775715290849
5.620689655172414,9.310345206896551,0.1111111111111111,1.9780060755194313,1.956182246334859,4.102414349488931
5.620689655172414,9.310345206896551,0.2222222222222222,1.957012653691781,1.9559012312188537,4.096149600588806
5.620689655172414,9.310345206896551,0.3333333333333333,1.9377140504580666,1.955641813517392,4.08998062732602
5.620689655172414,9.310345206896551,0.4444444444444444,1.920232926410204,1.9554035049954195,4.083906613480912
5.620689655172414,9.310345206896551,0.5555555555555556,1.904677215178937,1.9551858330785423,4.077926765846502
5.620689655172414,9.310345206896551,0.6666666666666666,1.8911358111821235,1.9549883400037342,4.072040312314367
5.620689655172414,9.310345206896551,0.7777777777777777,1.8796747484639156,1.954810582033456,4.066246500071066
5.620689655172414,9.310345206896551,0.8888888888888888,1.8703341872587802,1.9546521287276517,4.060544593898449
5.620689655172414,9.310345206896551,1.0,1.8631264767118354,1.9545125622686363,4.054933874571742
5.620689655172414,9.827586551724137,0.0,2.00056140919991,1.9493871516768337,4.102334496786213
5.620689655172414,9.827586551724137,0.1111111111111111,1.9789571867524667,1.9489436157484454,4.096310371161528
5.620689655172414,9.827586551724137,0.2222222222222222,1.9587822382475477,1.9485231032859904,4.090375529440145
5.620689655172414,9.827586551724137,0.3333333333333333,1.940153115311844,1.9481251258306584,4.084529205869043
5.620689655172414,9.827586551724137,0.4444444444444444,1.9231779944450202,1.947749209833389,4.078770655902616
5.620689655172414,9.827586551724137,0.5555555555555556,1.9079530835176077,1.9473948958729395,4.073099154548455
5.620689655172414,9.827586551724137,0.6666666666666666,1.8945591337494663,1.947061737930724,4.067513994806828
5.620689655172414,9.827586551724137,0.7777777777777777,1.8830582928088773,1.9467493027175828,4.062014486198254
5.620689655172414,9.827586551724137,0.8888888888888888,1.8734915346505376,1.9464571690481554,4.056599953374032
5.620689655172414,9.827586551724137,1.0,1.8658768733842583,1.9461849272588896,4.051269734804963
5.620689655172414,10.344827896551724,0.0,2.000561409199911,1.9438637909983416,4.096412186291973
5.620689655172414,10.344827896551724,0.1111111111111111,1.9798315187537847,1.9432907312300807,4.090694498225078
5.620689655172414,10.344827896551724,0.2222222222222222,1.9604144725716406,1.9427412733505929,4.085059528455062
5.620689655172414,10.344827896551724,0.3333333333333333,1.9424130366380834,1.942214951066729,4.079506578674698
5.620689655172414,10.344827896551724,0.4444444444444444,1.9259230690790083,1.9417113113636757,4.0740349686608255
5.620689655172414,10.344827896551724,0.5555555555555556,1.9110306124556993,1.9412299138424438,4.068644034917603
5.620689655172414,10.344827896551724,0.6666666666666666,1.8978090511095784,1.940770330103637,4.063333129394792
5.620689655172414,10.344827896551724,0.7777777777777777,1.8863165077525985,1.9403321431737335,4.058101618276757
5.620689655172414,10.344827896551724,0.8888888888888888,1.8765936561300793,1.9399149469704315,4.052948880838169
5.620689655172414,10.344827896551724,1.0,1.8686621100459808,1.9395183458039518,4.047874308362775
5.620689655172414,10.86206924137931,0.0,2.000561409199911,1.9396596142264875,4.090949700513546
5.620689655172414,10.86206924137931,0.1111111111111111,1.980637988165911,1.9389683906050492,4.085511455349605
5.620689655172414,10.86206924137931,0.2222222222222222,1.9619246523501979,1.938301056380533,4.080150031401695
5.620689655172414,10.86206924137931,0.3333333333333333,1.9445124675302432,1.9376571709822528,4.074864790669353
5.620689655172414,10.86206924137931,0.4444444444444444,1.9284867544527131,1.9370363055870636,4.069655110671841
5.620689655172414,10.86206924137931,0.5555555555555556,1.913924716531377,1.9364380425589665,4.064520383327586
5.620689655172414,10.86206924137931,0.6666666666666666,1.9008931065569112,1.9358619749265098,4.0594600138941335
5.620689655172414,10.86206924137931,0.7777777777777777,1.889446062623981,1.9353077058949963,4.054473419965235
5.620689655172414,10.86206924137931,0.8888888888888888,1.8796232471093774,1.9347748483908034,4.049560030522009
5.620689655172414,10.86206924137931,1.0,1.8714484130263513,1.9342630246353067,4.044719285035188
7.327586206896552,1.5517250344827584,0.2222222222222222,2.5158760215671925,2.5634035983692205,4.699693477497742
7.327586206896552,1.5517250344827584,0.3333333333333333,2.4046354851791087,2.5631579006626657,4.670783787372264
7.327586206896552,1.5517250344827584,0.4444444444444444,2.287275551525669,2.562889201246977,4.642377665787879
7.327586206896552,1.5517250344827584,0.5555555555555556,2.162831454739409,2.56260256306158,4.614443081288402
7.327586206896552,1.5517250344827584,0.6666666666666666,2.0305101538178953,2.5623023353429777,4.586952533253821
7.327586206896552,1.5517250344827584,0.7777777777777777,1.8901446393472763,2.561992266340786,4.559882402893735
7.327586206896552,1.5517250344827584,0.8888888888888888,1.7432626485393825,2.561675594073513,4.533212437286412
7.327586206896552,1.5517250344827584,1.0,1.5953646392068612,2.5613551202716467,4.506925335415644
7.327586206896552,2.068966379310345,0.0,2.723766688206466,2.4407414618625554,4.711116657741652
7.327586206896552,2.068966379310345,0.1111111111111111,2.6334979185221625,2.4411065840802038,4.684197037077783
7.327586206896552,2.068966379310345,0.2222222222222222,2.5401387614358493,2.441438648112689,4.6577852853144925
7.327586206896552,2.068966379310345,0.3333333333333333,2.4431003684529804,2.4417431653046844,4.631848808147803
7.327586206896552,2.068966379310345,0.4444444444444444,2.341758186432701,2.4420248636173785,4.606359354934636
7.327586206896552,2.068966379310345,0.5555555555555556,2.2354741966132172,2.4422878132245054,4.581292364734551
7.327586206896552,2.068966379310345,0.6666666666666666,2.1236589831415773,2.442535527940078,4.556626445421635
7.327586206896552,2.068966379310345,0.7777777777777777,2.0059167957874298,2.442771047999774,4.532342954372837
7.327586206896552,2.068966379310345,0.8888888888888888,1.8823601944494035,2.4429970082677737,4.508425657717888
7.327586206896552,2.068966379310345,1.0,1.754255671839528,2.4432156949160686,4.484860451057802
7.327586206896552,2.5862077241379313,0.0,2.7237666882064664,2.3341894896609814,4.670200651345864
7.327586206896552,2.5862077241379313,0.1111111111111111,2.6427035427366548,2.3350081976980563,4.64587739783404
7.327586206896552,2.5862077241379313,0.2222222222222222,2.5593179908292853,2.3357973058648986,4.621996268777412
7.327586206896552,2.5862077241379313,0.3333333333333333,2.4732008120189746,2.3365606762154143,4.598532322032231
7.327586206896552,2.5862077241379313,0.4444444444444444,2.383922557218925,2.337301680444654,4.575463656890511
7.327586206896552,2.5862077241379313,0.5555555555555556,2.29104318160055,2.3380232693323424,4.552770995055433
7.327586206896552,2.5862077241379313,0.6666666666666666,2.194137553174486,2.3387280307056715,4.530437339809395
7.327586206896552,2.5862077241379313,0.7777777777777777,2.092851221599996,2.3394182381367687,4.508447696216666
7.327586206896552,2.5862077241379313,0.8888888888888888,1.987013332107258,2.3400958920999684,4.4867888394904005
7.327586206896552,2.5862077241379313,1.0,1.8768551749016322,2.3407627549454557,4.465449121737671
7.327586206896552,3.103449068965517,0.0,2.7237666882064655,2.2437122170813883,4.634950037650163
7.327586206896552,3.103449068965517,0.1111111111111111,2.6502145647953155,2.2448082277346573,4.612814517317102
7.327586206896552,3.103449068965517,0.2222222222222222,2.5748641931571794,2.245881510975655,4.591065554170911
7.327586206896552,3.103449068965517,0.3333333333333333,2.497419377571972,2.2469342468945666,4.569683641662713
7.327586206896552,3.103449068965517,0.4444444444444444,2.417571995287429,2.2479684004571565,4.548651464012905
7.327586206896552,3.103449068965517,0.5555555555555556,2.3350066369738807,2.248985743203729,4.527953618381562
7.327586206896552,3.103449068965517,0.6666666666666666,2.249412433075152,2.249987872896539,4.507576384792135
7.327586206896552,3.103449068965517,0.7777777777777777,2.1605076161564734,2.2509762312021326,4.487507534058921
7.327586206896552,3.103449068965517,0.8888888888888888,2.0680865757934996,2.251952119544584,4.46773616623974
7.327586206896552,3.103449068965517,1.0,1.9721062010761647,2.252916713286152,4.448252573810487
7.327586206896552,3.6206904137931035,0.0,2.723766688206466,2.168883037688884,4.604267164469608
7.327586206896552,3.6206904137931035,0.1111111111111111,2.656458027824315,2.170044086571492,4.583994198550017
7.327586206896552,3.6206904137931035,0.2222222222222222,2.5877224250415263,2.1711938620580855,4.564060949718616
7.327586206896552,3.6206904137931035,0.3333333333333333,2.517338401659899,2.17233291316664,4.544451889194902
7.327586206896552,3.6206904137931035,0.4444444444444444,2.4450771991296683,2.173461803796566,4.525153104339854
7.327586206896552,3.6206904137931035,0.5555555555555556,2.370705201951243,2.1745810990020296,4.506152108914556
7.327586206896552,3.6206904137931035,0.6666666666666666,2.293989944753245,2.1756913553163764,4.487437683506145
7.327586206896552,3.6206904137931035,0.7777777777777777,2.2147121002036,2.1767931140362844,4.468999740372155
7.327586206896552,3.6206904137931035,0.8888888888888888,2.132687450646689,2.1778868966756266,4.450829208206991
7.327586206896552,3.6206904137931035,1.0,2.047805431732073,2.178973202012815,4.432917933278894
7.327586206896552,4.13793175862069,0.0,2.723766688206466,2.108999467012271,4.577321031665813
7.327586206896552,4.13793175862069,0.1111111111111111,2.661728883241748,2.1100167369294267,4.558648818589697
7.327586206896552,4.13793175862069,0.2222222222222222,2.5985353925472436,2.1110381035505266,4.540276772398106
7.327586206896552,4.13793175862069,0.3333333333333333,2.53401614831868,2.1120626411624825,4.522192344433205
7.327586206896552,4.13793175862069,0.4444444444444444,2.467996506696593,2.113089609873196,4.504384202844112
7.327586206896552,4.13793175862069,0.5555555555555556,2.4002985957904697,2.1141184195487175,4.48684209963235
7.327586206896552,4.13793175862069,0.6666666666666666,2.3307445921912198,2.1151486009852896,4.469556757331641
7.327586206896552,4.13793175862069,0.7777777777777777,2.259163057830475,2.116179782745911,4.45251977181895
7.327586206896552,4.13793175862069,0.8888888888888888,2.185400147697797,2.1172116724637973,4.435723528470155
7.327586206896552,4.13793175862069,1.0,2.1093385519109558,2.1182440416915855,4.419161129424121
7.327586206896552,4.655173103448276,0.0,2.723766688206466,2.062948042941764,4.553470736363945
7.327586206896552,4.655173103448276,0.1111111111111111,2.6662373369039902,2.063646954692106,4.5361861259074585
7.327586206896552,4.655173103448276,0.2222222222222222,2.6077556703039177,2.0643672735376772,4.5191681582688075
7.327586206896552,4.655173103448276,0.3333333333333333,2.5481881812550276,2.065106874325065,4.5024065610632045
7.327586206896552,4.655173103448276,0.4444444444444444,2.4873984152829745,2.065863925585033,4.4858919943843665
7.327586206896552,4.655173103448276,0.5555555555555556,2.4252477593023496,2.0666368427770188,4.469615955524945
7.327586206896552,4.655173103448276,0.6666666666666666,2.3615973335571705,2.0674242497442186,4.453570696817484
7.327586206896552,4.655173103448276,0.7777777777777777,2.2963115611297904,2.0682249467778115,4.437749154398154
7.327586206896552,4.655173103448276,0.8888888888888888,2.2292643010698763,2.069037884035657,4.422144886118242
7.327586206896552,4.655173103448276,1.0,2.160348898857765,2.0698621393248806,4.406752017159275
7.327586206896552,5.1724144482758625,0.0,2.7237666882064664,2.02922203796297,4.532213947197702
7.327586206896552,5.1724144482758625,0.1111111111111111,2.670137207170036,2.029480607344885,4.516141569209205
7.327586206896552,5.1724144482758625,0.2222222222222222,2.6157112934426507,2.0297774541150457,4.500307277984487
7.327586206896552,5.1724144482758625,0.3333333333333333,2.560382169037327,2.030109611383433,4.484702568556379
7.327586206896552,5.1724144482758625,0.4444444444444444,2.5040411191937895,2.030474456480694,4.469319661701289
7.327586206896552,5.1724144482758625,0.5555555555555556,2.4465779733000637,2.030869662257483,4.4541514342945545
7.327586206896552,5.1724144482758625,0.6666666666666666,2.387882249400567,2.0312931561799874,4.439191358641791
7.327586206896552,5.1724144482758625,0.7777777777777777,2.327845271557215,2.0317430858199637,4.424433449370611
7.327586206896552,5.1724144482758625,0.8888888888888888,2.266363722725988,2.032217789619418,4.409872216724281
7.327586206896552,5.1724144482758625,1.0,2.203345319161346,2.0327157720290563,4.395502625302807
7.327586206896552,5.689655793103449,0.0,2.7237666882064655,2.006053348644793,4.513151322642468
7.327586206896552,5.689655793103449,0.1111111111111111,2.6735436192454465,2.0058066433457564,4.49814548178744
7.327586206896552,5.689655793103449,0.2222222222222222,2.6226459019024615,2.005612694746426,4.483353272701976
7.327586206896552,5.689655793103449,0.3333333333333333,2.5709867639123862,2.005468064561046,4.468767582408856
7.327586206896552,5.689655793103449,0.4444444444444444,2.5184781395479816,2.005369665161659,4.454381870573669
7.327586206896552,5.689655793103449,0.5555555555555556,2.4650309731021443,2.005314714333283,4.440190117697
7.327586206896552,5.689655793103449,0.6666666666666666,2.410555938569498,2.005300696739655,4.426186779577404
7.327586206896552,5.689655793103449,0.7777777777777777,2.354964750557708,2.005325330974052,4.412366747111703
7.327586206896552,5.689655793103449,0.8888888888888888,2.2981723214522845,2.0053865412817613,4.398725310659562
7.327586206896552,5.689655793103449,1.0,2.2401001332786725,2.0054824332083787,4.385258128328171
7.327586206896552,6.206897137931034,0.0,2.723766688206466,1.9915911566381033,4.495961382586023
7.327586206896552,6.206897137931034,0.1111111111111111,2.67654443589319,1.9908245399297149,4.481899948095818
7.327586206896552,6.206897137931034,0.2222222222222222,2.6287442742457876,1.990121677567005,4.468031087472459
7.327586206896552,6.206897137931034,0.3333333333333333,2.580294709691891,1.9894789783954538,4.4543487978975564
7.327586206896552,6.206897137931034,0.4444444444444444,2.531123373899997,1.9888931801589356,4.44084753396029
7.327586206896552,6.206897137931034,0.5555555555555556,2.481157220907818,1.9883613102354616,4.427522168509743
7.327586206896552,6.206897137931034,0.6666666666666666,2.430322994699603,1.9878806518227832,4.414367957971391
7.327586206896552,6.206897137931034,0.7777777777777777,2.378548070574088,1.987448714714301,4.4013805114991245
7.327586206896552,6.206897137931034,0.8888888888888888,2.3257618174701298,1.9870632099585679,4.388555763436417
7.327586206896552,6.206897137931034,1.0,2.2718976891082403,1.9867220278181605,4.375889948643588
7.327586206896552,6.724138482758621,0.0,2.723766688206465,1.984064346970801,4.480382408150752
7.327586206896552,6.724138482758621,0.1111111111111111,2.6792078657201284,1.9828006688538966,4.467162155311752
7.327586206896552,6.724138482758621,0.2222222222222222,2.6341491085590962,1.9816080249845367,4.454116245294386
7.327586206896552,6.724138482758621,0.3333333333333333,2.5885307979921435,1.9804829039242038,4.441239570647092
7.327586206896552,6.724138482758621,0.4444444444444444,2.542292718292131,1.9794220872280377,4.428527393327389
7.327586206896552,6.724138482758621,0.5555555555555556,2.4953741879758025,1.978422616735967,4.415975314701259
7.327586206896552,6.724138482758621,0.6666666666666666,2.4477143721985644,1.9774817661446484,4.403579248775218
7.327586206896552,6.724138482758621,0.7777777777777777,2.3992528395834114,1.9765970162213256,4.3913353982292875
7.327586206896552,6.724138482758621,0.8888888888888888,2.3499304518152564,1.9757660331285993,4.379240232885954
7.327586206896552,6.724138482758621,1.0,2.299690708304954,1.9749866494164314,4.367290470305042
7.327586206896552,7.241379827586207,0.0,2.723766688206466,1.981892244870583,4.466199173316516
7.327586206896552,7.241379827586207,0.1111111111111111,2.6815876606210223,1.9801779333472032,4.453732192465996
7.327586206896552,7.241379827586207,0.2222222222222222,2.6389723660500684,1.9785385778713975,4.4414236878188635
7.327586206896552,7.241379827586207,0.3333333333333333,2.5958705578978485,1.9769708906994052,4.429269281384181
7.327586206896552,7.241379827586207,0.4444444444444444,2.5522315798774824,1.9754718369773103,4.417264896501365
7.327586206896552,7.241379827586207,0.5555555555555556,2.508004455256132,1.974038608113041,4.4054067345551715
7.327586206896552,7.241379827586207,0.6666666666666666,2.4631381006764035,1.972668598453596,4.393691254067918
7.327586206896552,7.241379827586207,0.7777777777777777,2.41758170454956,1.9713593847985849,4.382115151867261
7.327586206896552,7.241379827586207,0.8888888888888888,2.37128532487542,1.970108708356487,4.370675346072208
7.327586206896552,7.241379827586207,1.0,2.3242007811202825,1.9689144588118532,4.359368960676896
7.327586206896552,7.758621172413793,0.0,2.7237666882064655,1.983737759496599,4.453233064738808
7.327586206896552,7.758621172413793,0.1111111111111111,2.6837267483175866,1.9816309584467617,4.44144396385587
7.327586206896552,7.758621172413793,0.2222222222222222,2.6433031296090093,1.979600327512546,4.429799460800427
7.327586206896552,7.758621172413793,0.3333333333333333,2.602453083427033,1.977642874353713,4.418295777348439
7.327586206896552,7.758621172413793,0.4444444444444444,2.561133579504573,1.975755821006319,4.406929383315033
7.327586206896552,7.758621172413793,0.5555555555555556,2.5193013677735334,1.9739365824462762,4.395696978271843
7.327586206896552,7.758621172413793,0.6666666666666666,2.476913127838666,1.9721827476876264,4.384595475037335
7.327586206896552,7.758621172413793,0.7777777777777777,2.4339257321056236,1.970492063072319,4.373621984725723
7.327586206896552,7.758621172413793,0.8888888888888888,2.3902966576594675,1.9688624174611635,4.362773803170476
7.327586206896552,7.758621172413793,1.0,2.3459845939040105,1.9672918290790222,4.352048398563125
7.327586206896552,8.275862517241379,0.0,2.7237666882064655,1.9885150502918225,4.441334619960848
7.327586206896552,8.275862517241379,0.1111111111111111,2.6856598230495092,1.9860770087068838,4.430158323672449
7.327586206896552,8.275862517241379,0.2222222222222222,2.647213166770473,1.9837143524795051,4.4191144277511825
7.327586206896552,8.275862517241379,0.3333333333333333,2.6083900421366515,1.9814244062182123,4.408199651248139
7.327586206896552,8.275862517241379,0.4444444444444444,2.569153578912299,1.9792046746691907,4.397410919089016
7.327586206896552,8.275862517241379,0.5555555555555556,2.5294667573604914,1.977052825521766,4.386745347567102
7.327586206896552,8.275862517241379,0.6666666666666666,2.489292514694639,1.974966674156762,4.376200231175591
7.327586206896552,8.275862517241379,0.7777777777777777,2.4485939317933942,1.9729441700860877,4.36577303062489
7.327586206896552,8.275862517241379,0.8888888888888888,2.40733452323191,1.9709833848688334,4.3554613619110105
7.327586206896552,8.275862517241379,1.0,2.36547866108058,1.9690825013202284,4.3452629863189465
7.327586206896552,8.793103862068964,0.0,2.7237666882064655,1.9953691273540282,4.430377819595379
7.327586206896552,8.793103862068964,0.1111111111111111,2.6874152268786515,1.9926587466500465,4.4197578211589645
7.327586206896552,8.793103862068964,0.2222222222222222,2.6507609437164263,1.9900216033372626,4.409259454252783
7.327586206896552,8.793103862068964,0.3333333333333333,2.6137721312654008,1.9874553301671438,4.398879853403048
7.327586206896552,8.793103862068964,0.4444444444444444,2.5764169509659265,1.9849577108511705,4.388616325321371
7.327586206896552,8.793103862068964,0.5555555555555556,2.5386634641991255,1.9825266662555183,4.378466337281964
7.327586206896552,8.793103862068964,0.6666666666666666,2.5004797093594187,1.9801602420898592,4.368427506522662
7.327586206896552,8.793103862068964,0.7777777777777777,2.4618338367423678,1.9778565979046152,4.358497590556906
7.327586206896552,8.793103862068964,0.8888888888888888,2.4226943167481956,1.9756139972372775,4.348674478298351
7.327586206896552,8.793103862068964,1.0,2.3830302416205544,1.973430798770485,4.338956181911992
7.327586206896552,9.310345206896551,0.0,2.7237666882064655,2.0036423970564785,4.420255670133292
7.327586206896552,9.310345206896551,0.1111111111111111,2.6890163381719656,2.0007132632750215,4.410142630939606
7.327586206896552,9.310345206896551,0.2222222222222222,2.6539945715280595,1.9978543658227785,4.400141674885324
7.327586206896552,9.310345206896551,0.3333333333333333,2.618673788695967,1.9950636210213841,4.390250286091825
7.327586206896552,9.310345206896551,0.4444444444444444,2.583026302559514,1.9923390718461533,4.380466093705285
7.327586206896552,9.310345206896551,0.5555555555555556,2.5470243608943086,1.9896788768020008,4.370786862501628
7.327586206896552,9.310345206896551,0.6666666666666666,2.5106402029969908,1.9870812999544523,4.361210484282589
7.327586206896552,9.310345206896551,0.7777777777777777,2.473846158701339,1.9845447019778475,4.351734969979484
7.327586206896552,9.310345206896551,0.8888888888888888,2.436614800423499,1.9820675321015275,4.342358442391361
7.327586206896552,9.310345206896551,1.0,2.398919161962327,1.979648320850849,4.333079129493222
7.327586206896552,9.827586551724137,0.0,2.7237666882064664,2.0128382278241626,4.410876749029109
7.327586206896552,9.827586551724137,0.1111111111111111,2.690482611468546,2.0097373540687786,4.401227367281713
7.327586206896552,9.827586551724137,0.2222222222222222,2.656954002183352,2.006703242586279,4.39168156805354
7.327586206896552,9.827586551724137,0.3333333333333333,2.6231566863390423,2.0037340623526942,4.382237131558194
7.327586206896552,9.827586551724137,0.4444444444444444,2.589066433223391,2.000828088969747,4.372891960954574
7.327586206896552,9.827586551724137,0.5555555555555556,2.5546589718018784,1.9979836956563222,4.363644074690051
7.327586206896552,9.827586551724137,0.6666666666666666,2.5199100328798276,1.9951993451386512,4.354491599461152
7.327586206896552,9.827586551724137,0.7777777777777777,2.4847954228359015,1.9924735823359265,4.345432763729246
7.327586206896552,9.827586551724137,0.8888888888888888,2.4492911363725405,1.9898050277516335,4.336465891736216
7.327586206896552,9.827586551724137,1.0,2.4133735177880427,1.9871923714923352,4.327589397971204
7.327586206896552,10.344827896551724,0.0,2.723766688206466,2.022587072473213,4.402162475944874
7.327586206896552,10.344827896551724,0.1111111111111111,2.6918303666738934,2.0193546987545545,4.392938565726539
7.327586206896552,10.344827896551724,0.2222222222222222,2.6596726882322317,2.0161854080068227,4.383810641204181
7.327586206896552,10.344827896551724,0.3333333333333333,2.627272358508327,2.0130775900689297,4.374776734895794
7.327586206896552,10.344827896551724,0.4444444444444444,2.594608048329412,2.0100297249642454,4.36583498417741
7.327586206896552,10.344827896551724,0.5555555555555556,2.561658405794595,2.007040375563767,4.356983624995343
7.327586206896552,10.344827896551724,0.6666666666666666,2.5284020880424234,2.0041081809533816,4.3482209860649155
7.327586206896552,10.344827896551724,0.7777777777777777,2.4948178168721635,2.0012318504272177,4.339545483508436
7.327586206896552,10.344827896551724,0.8888888888888888,2.460884463517338,1.9984101580389266,4.330955615890437
7.327586206896552,10.344827896551724,1.0,2.4265811692721284,1.9956419376512438,4.322449959612939
7.327586206896552,10.86206924137931,0.0,2.723766688206466,2.032617512973173,4.394044938067874
7.327586206896552,10.86206924137931,0.1111111111111111,2.6930733953077066,2.02928749168484,4.3852126742505995
7.327586206896552,10.86206924137931,0.2222222222222222,2.6621788530557535,2.0260168484595518,4.376469582447032
7.327586206896552,10.86206924137931,0.3333333333333333,2.6310642056412625,2.0228041641557195,4.367813911385157
7.327586206896552,10.86206924137931,0.4444444444444444,2.599710578025512,2.0196480963108967,4.359243999728156
7.327586206896552,10.86206924137931,0.5555555555555556,2.5680990849097904,2.016547373130916,4.35075827087438
7.327586206896552,10.86206924137931,0.6666666666666666,2.5362108549311406,2.0135007880345768,4.3423552281439655
7.327586206896552,10.86206924137931,0.7777777777777777,2.5040270731155423,2.01050719469439,4.334033450315841
7.327586206896552,10.86206924137931,0.8888888888888888,2.4715290454179626,2.0075655025213197,4.325791587483066
7.327586206896552,10.86206924137931,1.0,2.4386982901505023,2.004674672547585,4.317628357197665
7.327586206896552,11.379310586206897,0.0,2.723766688206466,2.0427327371180306,4.38646514253208
7.327586206896552,11.379310586206897,0.1111111111111111,2.694223431408274,2.039333195916615,4.377994437471062
7.327586206896552,11.379310586206897,0.2222222222222222,2.664496474337114,2.03598941691181,4.369606772265625
7.327586206896552,11.379310586206897,0.3333333333333333,2.6345690402022006,2.0327001453057316,4.361300581902029
7.327586206896552,11.379310586206897,0.4444444444444444,2.6044243440336245,2.029464191850611,4.353074378907678
7.327586206896552,11.379310586206897,0.5555555555555556,2.5740455993930147,2.0262804278949322,4.3449267490223615
7.327586206896552,11.379310586206897,0.6666666666666666,2.5434160369842678,2.023147780870963,4.336856347179185
7.327586206896552,11.379310586206897,0.7777777777777777,2.5125189374040517,2.020065230178036,4.3288618937673
7.327586206896552,11.379310586206897,0.8888888888888888,2.4813376808391574,2.0170318034213714,4.3209421711515
7.327586206896552,11.379310586206897,1.0,2.4498558172022595,2.014046572970879,4.313096020426309
7.327586206896552,11.896551931034482,0.0,2.723766688206466,2.0527920359308247,4.379371601190271
7.327586206896552,11.896551931034482,0.1111111111111111,2.695290521055871,2.0493461323961015,4.371235586931015
7.327586206896552,11.896551931034482,0.2222222222222222,2.666646053570167,2.0459525329609636,4.363177075900778
7.327586206896552,11.896551931034482,0.3333333333333333,2.637818292485258,2.0426101239856567,4.355194664334423
7.327586206896552,11.896551931034482,0.4444444444444444,2.6087922441597216,2.0393178481675913,4.34728701565023
7.327586206896552,11.896551931034482,0.5555555555555556,2.579552919624761,2.036074700434699,4.339452856824254
7.327586206896552,11.896551931034482,0.6666666666666666,2.550085349028099,2.032879724191929,4.331690975014603
7.327586206896552,11.896551931034482,0.7777777777777777,2.520374607147341,2.0297320078855807,4.324000214414015
7.327586206896552,11.896551931034482,0.8888888888888888,2.4904058520572527,2.026630681854144,4.316379473311125
7.327586206896552,11.896551931034482,1.0,2.4601643795248123,2.0235749154379574,4.308827701343009
7.327586206896552,12.413793275862067,0.0,2.723766688206466,2.0626965540436073,4.372719176279139
7.327586206896552,12.413793275862067,0.1111111111111111,2.696283315080237,2.0592232192121123,4.364893771847237
7.327586206896552,12.413793275862067,0.2222222222222222,2.668645224028289,2.055798925513076,4.357140856442626
7.327586206896552,12.413793275862067,0.3333333333333333,2.6408389606258886,2.0524226806351145,4.349459166543741
7.327586206896552,12.413793275862067,0.4444444444444444,2.6128510755258434,2.049093540936882,4.3418474971061025
7.327586206896552,12.413793275862067,0.5555555555555556,2.5846681282767237,2.045810608023442,4.334304698508101
7.327586206896552,12.413793275862067,0.6666666666666666,2.5562766986252714,2.0425730256071004,4.326829673699953
7.327586206896552,12.413793275862067,0.7777777777777777,2.527663406570845,2.0393799766250513,4.319421375538725
7.327586206896552,12.413793275862067,0.8888888888888888,2.4988149427382798,2.0362306805894677,4.31207880429422
7.327586206896552,12.413793275862067,1.0,2.469718110990321,2.0331243911481023,4.304801005311694
7.327586206896552,12.931034620689655,0.0,2.7237666882064655,2.0723784666535026,4.366468132559393
7.327586206896552,12.931034620689655,0.1111111111111111,2.697209302945956,2.0688930863858133,4.358931680320022
7.327586206896552,12.931034620689655,0.2222222222222222,2.670509235429071,2.065453695982282,4.351463162903895
7.327586206896552,12.931034620689655,0.3333333333333333,2.643654366034829,2.062059407648946,4.344061439294675
7.327586206896552,12.931034620689655,0.4444444444444444,2.616632583972415,2.0587093758458552,4.336725419594968
7.327586206896552,12.931034620689655,0.5555555555555556,2.5894317901786277,2.055402794417265,4.329454062439608
3.913793103448276,15.0,0.6666666666666666,2.5330643136544837,1.9816780105459948,3.972345947714536
3.913793103448276,15.0,0.7777777777777777,2.537196783231042,1.9820023659885468,3.9723238569626385
3.913793103448276,15.0,0.8888888888888888,2.541302469232448,1.982329057422406,3.97231330908725
3.913793103448276,15.0,1.0,2.545381094136211,1.9826580469407347,3.97231411652195
5.620689655172414,1e-06,0.0,2.0005614092018167,3.0450385321217355,4.597773780658615
5.620689655172414,1e-06,0.1111111111111111,1.89605397851261,3.045757041183445,4.561593168401415
5.620689655172414,1e-06,0.2222222222222222,1.8380717689153383,3.045756376546058,4.525796529122678
5.620689655172414,1e-06,0.3333333333333333,1.8372725751085437,3.045757033604065,4.490358809763876
5.620689655172414,1e-06,0.4444444444444444,1.8853636425810627,3.0450839144292736,4.455263407489791
5.620689655172414,1e-06,0.5555555555555556,1.9626351233563786,3.045756939553923,4.420501654882615
5.620689655172414,1e-06,0.6666666666666666,2.0513672559173157,3.04575702142505,4.386072522804754
5.620689655172414,1e-06,0.7777777777777777,2.1408402982982366,3.045756910013359,4.35198249012098
5.620689655172414,1e-06,0.8888888888888888,2.225960111893708,3.0451278203394767,4.318245541511181
5.620689655172414,1e-06,1.0,2.3048194350463858,3.04575701050714,4.284883259295523
5.620689655172414,0.5172423448275862,0.0,2.000561409199911,2.8761647437670055,4.5088435258003745
5.620689655172414,0.5172423448275862,0.1111111111111111,1.9130431245469908,2.8753218309091673,4.477997564546213
5.620689655172414,0.5172423448275862,0.2222222222222222,1.855473110296483,2.874466523551542,4.447614378161673
5.620689655172414,0.5172423448275862,0.3333333333333333,1.8351224324045647,2.873600142496397,4.417685380639883
5.620689655172414,0.5172423448275862,0.4444444444444444,1.8511058855528795,2.872723912315024,4.388206923267257
5.620689655172414,0.5172423448275862,0.5555555555555556,1.8949460766538093,2.871838976606014,4.359179892887107
5.620689655172414,0.5172423448275862,0.6666666666666666,1.955621233512737,2.870946410040852,4.3306093875115135
5.620689655172414,0.5172423448275862,0.7777777777777777,2.023913155109288,2.8700472279078544,4.302504446048411
5.620689655172414,0.5172423448275862,0.8888888888888888,2.0937585741447826,2.869142393688141,4.274877813414074
5.620689655172414,0.5172423448275862,1.0,2.1617508389758022,2.8682328250703124,4.247745725432605
5.620689655172414,1.0344836896551723,0.0,2.000561409199911,2.7331238565238936,4.44009522365848
5.620689655172414,1.0344836896551723,0.1111111111111111,1.9254481854224004,2.732309344662062,4.413557495826777
5.620689655172414,1.0344836896551723,0.2222222222222222,1.8711850714629565,2.731492123772125,4.387483052253691
5.620689655172414,1.0344836896551723,0.3333333333333333,1.8426470738396692,2.7306737800034906,4.3618674548867356
5.620689655172414,1.0344836896551723,0.4444444444444444,1.8408859293028528,2.729855746654899,4.336709093570856
5.620689655172414,1.0344836896551723,0.5555555555555556,1.862566307139347,2.729039321730258,4.312008908527747
5.620689655172414,1.0344836896551723,0.6666666666666666,1.901583082620919,2.7282256825321047,4.287770148822509
5.620689655172414,1.0344836896551723,0.7777777777777777,1.9514255208640192,2.7274158979141476,4.2639981566361715
5.620689655172414,1.0344836896551723,0.8888888888888888,2.006739409293724,2.7266109386697397,4.240700169237316
5.620689655172414,1.0344836896551723,1.0,2.063775042757382,2.725811686425421,4.21788513212469
5.620689655172414,1.5517250344827584,0.0,2.000561409199911,2.6108127311330147,4.385573649145856
5.620689655172414,1.5517250344827584,0.1111111111111111,1.934850053297317,2.6103202292456253,4.3625050291171945
5.620689655172414,1.5517250344827584,0.2222222222222222,1.8844786076399629,2.6098297986731054,4.339869832393209
5.620689655172414,1.5517250344827584,0.3333333333333333,1.8527937452793624,2.609342668806641,4.317664717238634
5.620689655172414,1.5517250344827584,0.4444444444444444,1.8411918952395245,2.608859924419352,4.295888033015707
5.620689655172414,1.5517250344827584,0.5555555555555556,1.8485610110685051,2.608382522057984,4.274539636669048
5.620689655172414,1.5517250344827584,0.6666666666666666,1.87170644227616,2.6079113041075406,4.25362072859811
5.620689655172414,1.5517250344827584,0.7777777777777777,1.9064465706845517,2.6074470109495005,4.233133703169577
5.620689655172414,1.5517250344827584,0.8888888888888888,1.948690534959842,2.606990291544876,4.213082010105635
5.620689655172414,1.5517250344827584,1.0,1.9950679919585634,2.606541712704983,4.19347002376132
5.620689655172414,2.068966379310345,0.0,2.000561409199911,2.5054587330907103,4.34142218092421
5.620689655172414,2.068966379310345,0.1111111111111111,1.9421998061675494,2.5053517019371636,4.321166589364565
5.620689655172414,2.068966379310345,0.2222222222222222,1.8955937834183811,2.505246742995936,4.301304908992205
5.620689655172414,2.068966379310345,0.3333333333333333,1.863112440700146,2.5051447232559645,4.281834142537775
5.620689655172414,2.068966379310345,0.4444444444444444,1.8460537229986458,2.5050463988539566,4.262752353945651
5.620689655172414,2.068966379310345,0.5555555555555556,1.84424408417864,2.504952427779447,4.244058546819948
5.620689655172414,2.068966379310345,0.6666666666666666,1.8560856012720564,2.504863380914769,4.225752554245962
5.620689655172414,2.068966379310345,0.7777777777777777,1.8790218131883503,2.504779751674917,4.207834937621094
5.620689655172414,2.068966379310345,0.8888888888888888,1.9101620495985963,2.5047019644620754,4.190306892613865
5.620689655172414,2.068966379310345,1.0,1.946793450185129,2.504630382110239,4.173170160760062
5.620689655172414,2.5862077241379313,0.0,2.000561409199911,2.4144501805093115,4.305038365322195
5.620689655172414,2.5862077241379313,0.1111111111111111,1.9480931176545668,2.4146950272482335,4.287086809407023
5.620689655172414,2.5862077241379313,0.2222222222222222,1.9049197406112828,2.4149399683570603,4.269488745577253
5.620689655172414,2.5862077241379313,0.3333333333333333,1.8727686715192995,2.4151856186295255,4.252241364263057
5.620689655172414,2.5862077241379313,0.4444444444444444,1.8527410330899052,2.415432516019062,4.235342551571938
5.620689655172414,2.5862077241379313,0.5555555555555556,1.8450435660122915,2.4156811302505354,4.218790807513719
5.620689655172414,2.5862077241379313,0.6666666666666666,1.8489308598518388,2.415931870367443,4.202585171296362
5.620689655172414,2.5862077241379313,0.7777777777777777,1.8628865667540766,2.4161850913682326,4.1867251524392515
5.620689655172414,2.5862077241379313,0.8888888888888888,1.8849560303722683,2.4164411000593806,4.171210666699135
5.620689655172414,2.5862077241379313,1.0,1.9130924446871183,2.4167001602319482,4.156041976006675
5.620689655172414,3.103449068965517,0.0,2.000561409199911,2.3358550937649927,4.274606656134057
5.620689655172414,3.103449068965517,0.1111111111111111,1.9529187213136754,2.3363784450805727,4.258562517817022
5.620689655172414,3.103449068965517,0.2222222222222222,1.912809250854484,2.336899913914194,4.2428340527614345
5.620689655172414,3.103449068965517,0.3333333333333333,1.8815262705130977,2.337419941662714,4.227418627543192
5.620689655172414,3.103449068965517,0.4444444444444444,1.8599771577192312,2.3379389201669376,4.212314082457101
5.620689655172414,3.103449068965517,0.5555555555555556,1.8485054858537737,2.3384571968869396,4.197518675436838
5.620689655172414,3.103449068965517,0.6666666666666666,1.8468160732553518,2.338975079485167,4.18303103055955
5.620689655172414,3.103449068965517,0.7777777777777777,1.8540336958480417,2.339492839894831,4.16885009043383
5.620689655172414,3.103449068965517,0.8888888888888888,1.868871175773356,2.34001071793939,4.154975071902411
5.620689655172414,3.103449068965517,1.0,1.8898434678411522,2.340528924559311,4.1414054246004355
5.620689655172414,3.6206904137931035,0.0,2.000561409199911,2.268147736213932,4.248824989174342
5.620689655172414,3.6206904137931035,0.1111111111111111,1.956939834940807,2.268863682026727,4.234376488841796
5.620689655172414,3.6206904137931035,0.2222222222222222,1.9195471188053133,2.2695767700641474,4.220209640897578
5.620689655172414,3.6206904137931035,0.3333333333333333,1.8893742024846614,2.2702873025791197,4.206322001024547
5.620689655172414,3.6206904137931035,0.4444444444444444,1.8671634947178515,2.2709955529263413,4.192711458252079
5.620689655172414,3.6206904137931035,0.5555555555555556,1.8532895881385167,2.271701768183142,4.179376195740916
5.620689655172414,3.6206904137931035,0.6666666666666666,1.8476924516690854,2.2724061715113284,4.166314654638824
5.620689655172414,3.6206904137931035,0.7777777777777777,1.8498858557440212,2.2731089642887246,4.153525500595372
5.620689655172414,3.6206904137931035,0.8888888888888888,1.8590380341479058,2.2738103280355686,4.1410075925977345
5.620689655172414,3.6206904137931035,1.0,1.8740975264362072,2.274510426157889,4.1287599538505955
5.620689655172414,4.13793175862069,0.0,2.0005614091999107,2.2100507126409807,4.226737406450194
5.620689655172414,4.13793175862069,0.1111111111111111,1.9603404990670805,2.2108747869538967,4.213636930084721
5.620689655172414,4.13793175862069,0.2222222222222222,1.9253558096777275,2.2116963466684076,4.2007880698608835
5.620689655172414,4.13793175862069,0.3333333333333333,1.896382099882837,2.212515562863428,4.188188578650757
5.620689655172414,4.13793175862069,0.4444444444444444,1.8740279425056199,2.213332593314851,4.175836450656254
5.620689655172414,4.13793175862069,0.5555555555555556,1.8586543553863433,2.2141475833397615,4.163729893471503
5.620689655172414,4.13793175862069,0.6666666666666666,1.8503212065651589,2.214960666597031,4.151867302256542
5.620689655172414,4.13793175862069,0.7777777777777777,1.8487767006338642,2.2157719658442203,4.140247235770295
5.620689655172414,4.13793175862069,0.8888888888888888,1.8534930901689866,2.2165815936515414,4.12886839405307
5.620689655172414,4.13793175862069,1.0,1.8637380597800446,2.2173896530740405,4.117729597584431
5.620689655172414,4.655173103448276,0.0,2.000561409199911,2.160445467075804,4.207627717623309
5.620689655172414,4.655173103448276,0.1111111111111111,1.9632530144563487,2.1613019984139674,4.195676534976618
5.620689655172414,4.655173103448276,0.2222222222222222,1.9304079555889866,2.1621575867817606,4.183950680915059
5.620689655172414,4.655173103448276,0.3333333333333333,1.9026427227492975,2.1630122719378315,4.172448104546533
5.620689655172414,4.655173103448276,0.4444444444444444,1.8804590580477256,2.163866092148674,4.161166934056608
5.620689655172414,4.655173103448276,0.5555555555555556,1.8641873690154112,2.164719083861349,4.150105456455509
5.620689655172414,4.655173103448276,0.6666666666666666,1.8539453513232398,2.165571281459677,4.1392620988086195
5.620689655172414,4.655173103448276,0.7777777777777777,1.8496218165701568,2.166422717088841,4.128635410790522
5.620689655172414,4.655173103448276,0.8888888888888888,1.8508898858427283,2.167273420535992,4.11822404842784
5.620689655172414,4.655173103448276,1.0,1.8572461240117386,2.1681234191566037,4.108026758917276
5.620689655172414,5.1724144482758625,0.0,2.0005614091999107,2.1183243784430474,4.190949792119543
5.620689655172414,5.1724144482758625,0.1111111111111111,1.9657748033519997,2.1191500613025505,4.179986766848532
5.620689655172414,5.1724144482758625,0.2222222222222222,1.934838005385233,2.119977307083655,4.169226141958949
5.620689655172414,5.1724144482758625,0.3333333333333333,1.9082491872443876,2.1208060269345452,4.158666054815663
5.620689655172414,5.1724144482758625,0.4444444444444444,1.8864250651963728,2.121636139311951,4.148304778557179
5.620689655172414,5.1724144482758625,0.5555555555555556,1.8696607823379943,2.1224675689324273,4.138140707174597
5.620689655172414,5.1724144482758625,0.6666666666666666,1.858098374499663,2.1233002458728283,4.128172341652497
5.620689655172414,5.1724144482758625,0.7777777777777777,1.8517103191778053,2.1241341047985904,4.118398277067212
5.620689655172414,11.379310586206897,0.0,2.0005614091999107,1.9365582207847285,4.085896467255777
5.620689655172414,11.379310586206897,0.1111111111111111,1.9813841850816838,1.9357601837575529,4.0807138989231735
5.620689655172414,11.379310586206897,0.2222222222222222,1.9633258980948245,1.9349860830870327,4.075602839067444
5.620689655172414,11.379310586206897,0.3333333333333333,1.9464676203427105,1.934235505743715,4.070562703684171
5.620689655172414,11.379310586206897,0.4444444444444444,1.9308856094251143,1.933508049048174,4.0655929221665135
5.620689655172414,11.379310586206897,0.5555555555555556,1.9166493580547856,1.9328033201968309,4.0606929363736235
5.620689655172414,11.379310586206897,0.6666666666666666,1.9038196658886117,1.932120935818721,4.055862199748209
5.620689655172414,11.379310586206897,0.7777777777777777,1.8924468319159446,1.9314605215608396,4.05110017648062
5.620689655172414,11.379310586206897,0.8888888888888888,1.8825690695440622,1.9308217116999267,4.04640634071696
5.620689655172414,11.379310586206897,1.0,1.874211241209959,1.9302041487786967,4.041780175808949
5.620689655172414,11.896551931034482,0.0,2.000561409199911,1.934376988433793,4.081208963685816
5.620689655172414,11.896551931034482,0.1111111111111111,1.98207661044601,1.933483153245837,4.076261058371411
5.620689655172414,11.896551931034482,0.2222222222222222,1.964629525852064,1.9326131070911672,4.071379861242539
5.620689655172414,11.896551931034482,0.3333333333333333,1.9482926409762547,1.9317664650165611,4.066564836714758
5.620689655172414,11.896551931034482,0.4444444444444444,1.9331343781924442,1.9309428511670694,4.061815460832107
5.620689655172414,11.896551931034482,0.5555555555555556,1.9192174817036065,1.9301418983840495,4.057131220487842
5.620689655172414,11.896551931034482,0.6666666666666666,1.906597413959328,1.9293632478286418,4.05251161268541
5.620689655172414,11.896551931034482,0.7777777777777777,1.895320838484583,1.9286065486287853,4.047956143837452
5.620689655172414,11.896551931034482,0.8888888888888888,1.8854242677043933,1.9278714575480727,4.043464329100945
5.620689655172414,11.896551931034482,1.0,1.8769329515404816,1.9271576386748626,4.03903569174668
5.620689655172414,12.413793275862067,0.0,2.000561409199911,1.9329621364478966,4.076849543081423
5.620689655172414,12.413793275862067,0.1111111111111111,1.982720864322023,1.9319829720512192,4.072117645215508
5.620689655172414,12.413793275862067,0.2222222222222222,1.9658453451658922,1.9310272959976091,4.067448106102104
5.620689655172414,12.413793275862067,0.3333333333333333,1.9499999192145998,1.9300947510374604,4.06284043364884
5.620689655172414,12.413793275862067,0.4444444444444444,1.9352462024290737,1.929184987913018,4.058294145907053
5.620689655172414,12.413793275862067,0.5555555555555556,1.9216410130554618,1.9282976650166694,4.053808770416204
5.620689655172414,12.413793275862067,0.6666666666666666,1.9092350299310576,1.9274324480702114,4.049383843581369
5.620689655172414,12.413793275862067,0.7777777777777777,1.898071513026672,1.9265890098235956,4.045018910082074
5.620689655172414,12.413793275862067,0.8888888888888888,1.8881851471608346,1.9257670297717961,4.040713522310948
5.620689655172414,12.413793275862067,1.0,1.879601068493507,1.9249661938885054,4.036467239840707
5.620689655172414,12.931034620689655,0.0,2.0005614091999115,1.9321843691656961,4.0727854862514
5.620689655172414,12.931034620689655,0.1111111111111111,1.9833217964719259,1.931129672602451,4.068252970677786
5.620689655172414,12.931034620689655,0.2222222222222222,1.9669819002833178,1.9300980455147394,4.0637788623512945
5.620689655172414,12.931034620689655,0.3333333333333333,1.9516003467242096,1.9290891573737021,4.059362708313688
5.620689655172414,12.931034620689655,0.4444444444444444,1.937232812162869,1.9281026846732459,4.055004064496454
5.620689655172414,12.931034620689655,0.5555555555555556,1.923930894113194,1.9271383106385358,4.050702495166356
5.620689655172414,12.931034620689655,0.6666666666666666,1.9117409822546922,1.9261957249518376,4.046457572398209
5.620689655172414,12.931034620689655,0.7777777777777777,1.900703174435993,1.9252746234945664,4.042268875573689
5.620689655172414,12.931034620689655,0.8888888888888888,1.8908502852679427,1.924374708104419,4.038135990904858
5.620689655172414,12.931034620689655,1.0,1.8822069944473792,1.9234956863465553,4.034058510981217
5.620689655172414,13.44827596551724,0.0,2.0005614091999115,1.9319350875165877,4.068988229354202
5.620689655172414,13.44827596551724,0.1111111111111111,1.983883627756135,1.9308139202958727,4.064640227062233
5.620689655172414,13.44827596551724,0.2222222222222222,1.9680466667355947,1.929715315124048,4.060347032803933
5.620689655172414,13.44827596551724,0.3333333333333333,1.953103532225047,1.9286389668263824,4.056108228897354
5.620689655172414,13.44827596551724,0.4444444444444444,1.939104695208777,1.9275845764072548,4.051923405485191
5.620689655172414,13.44827596551724,0.5555555555555556,1.9260971389711412,1.926551850800439,4.0477921600633255
5.620689655172414,13.44827596551724,0.6666666666666666,1.9141234039872044,1.9255405026338608,4.043714097032117
5.620689655172414,13.44827596551724,0.7777777777777777,1.9032206653959083,1.924550250007887,4.039688827269347
5.620689655172414,13.44827596551724,0.8888888888888888,1.8934198805168008,1.9235808162862083,4.03571596772375
5.620689655172414,13.44827596551724,1.0,1.88474504389514,1.9226319298985177,4.031795141028187
5.620689655172414,13.965517310344827,0.0,2.000561409199911,1.932123131115964,4.065432731270212
5.620689655172414,13.965517310344827,0.1111111111111111,1.98441004873291,1.9309437992501934,4.061255898737943
5.620689655172414,13.965517310344827,0.2222222222222222,1.9690462125754633,1.929786457945229,4.0571305878454025
5.620689655172414,13.965517310344827,0.3333333333333333,1.954517981566728,1.928650825797247,4.053056412767674
5.620689655172414,13.965517310344827,0.4444444444444444,1.9408712463154514,1.9275366268497365,4.0490329945948185
5.620689655172414,13.965517310344827,0.5555555555555556,1.9281488991401288,1.926443590378712,4.0450599609291364
5.620689655172414,13.965517310344827,0.6666666666666666,1.9163900219374561,1.9253714506900326,4.041136945501459
5.620689655172414,13.965517310344827,0.7777777777777777,1.9056290976636614,1.924319946928034,4.037263587805485
5.620689655172414,13.965517310344827,0.8888888888888888,1.8958952751101554,1.9232888228947724,4.033439532749436
5.620689655172414,13.965517310344827,1.0,1.8872117169421052,1.9222778268791931,4.029664430324188
5.620689655172414,14.482758655172413,0.0,2.0005614091999107,1.9326720003689508,4.062096952171072
5.620689655172414,14.482758655172413,0.1111111111111111,1.9849043002959081,1.9314420641281707,4.058079276423547
5.620689655172414,14.482758655172413,0.2222222222222222,1.969986331424605,1.930233502863928,4.054110114491771
5.620689655172414,14.482758655172413,0.3333333333333333,1.9558512489836886,1.9290460572629264,4.050189109372858
5.620689655172414,14.482758655172413,0.4444444444444444,1.9425408977872214,1.9278794728256767,4.046315910198138
5.620689655172414,14.482758655172413,0.5555555555555556,1.9300945320901215,1.926733499680938,4.042490171887542
5.620689655172414,14.482758655172413,0.6666666666666666,1.9185481217041185,1.9256078924103484,4.038711554819972
5.620689655172414,14.482758655172413,0.7777777777777777,1.9079336752034493,1.924502409882558,4.034979724518842
5.620689655172414,14.482758655172413,0.8888888888888888,1.8982786038929162,1.9234168150963489,4.031294351352202
5.620689655172414,14.482758655172413,1.0,1.8896051506263185,1.9223508750321276,4.027655110246758
5.620689655172414,15.0,0.0,2.0005614091999115,1.9335175030034553,4.0589614212900536
5.620689655172414,15.0,0.1111111111111111,1.9853692400500125,1.9322438060264189,4.055092054367663
5.620689655172414,15.0,0.2222222222222222,1.970872152887639,1.9309908404040066,4.051268442196785
5.620689655172414,15.0,0.3333333333333333,1.9571100646147979,1.9297583672187104,4.0474902538984905
5.620689655172414,15.0,0.4444444444444444,1.9441212335486218,1.9285461518186913,4.043757164054769
5.620689655172414,15.0,0.5555555555555556,1.9319416691400844,1.9273539636568042,4.040068852410675
5.620689655172414,15.0,0.6666666666666666,1.920604536416673,1.9261815761381984,4.036425003589913
5.620689655172414,15.0,0.7777777777777777,1.9101395727491584,1.9250287664759815,4.0328253068233035
5.620689655172414,15.0,0.8888888888888888,1.9005725359415657,1.9238953155544771,4.029269455689528
5.620689655172414,15.0,1.0,1.8919247031076103,1.9227810077995955,4.025757147867658
7.327586206896552,1e-06,0.0,2.723766688206426,3.0457570254342854,4.971670531282823
7.327586206896552,1e-06,0.1111111111111111,2.5591047521770895,3.0457570222585213,4.927483399019521
7.327586206896552,1e-06,0.2222222222222222,2.3783893132719074,3.0457574139093913,4.884136604943339
7.327586206896552,1e-06,0.3333333333333333,2.1763910928927177,3.045757012672218,4.8414826216681215
7.327586206896552,1e-06,0.4444444444444444,,,
7.327586206896552,1e-06,0.5555555555555556,,,
7.327586206896552,1e-06,0.6666666666666666,1.4495729037297869,3.0457570032599577,4.716561473323787
7.327586206896552,1e-06,0.7777777777777777,1.334304960871126,3.0457570483521015,4.6756472411311085
7.327586206896552,1e-06,0.8888888888888888,,,
7.327586206896552,1e-06,1.0,1.6293821395367312,3.0457569743572432,4.594518110304183
7.327586206896552,0.5172423448275862,0.0,2.723766688206466,2.8637297271401603,4.885825713171596
7.327586206896552,0.5172423448275862,0.1111111111111111,2.5871335241287063,2.862923294622226,4.8473673063981035
7.327586206896552,0.5172423448275862,0.2222222222222222,2.440962306388826,2.862073519607655,4.809672387147773
7.327586206896552,0.5172423448275862,0.3333333333333333,2.2826708436813417,2.8611861646999484,4.772650368039072
7.327586206896552,0.5172423448275862,0.4444444444444444,2.1094580364631748,2.8602661256088684,4.736226543047314
7.327586206896552,0.5172423448275862,0.5555555555555556,1.919172189715374,2.859317630942778,4.700338864477856
7.327586206896552,0.5172423448275862,0.6666666666666666,1.7136393671704948,2.8583443864125133,4.664935601746278
7.327586206896552,0.5172423448275862,0.7777777777777777,1.5091029897198989,2.8573496808653336,4.629973612705606
7.327586206896552,0.5172423448275862,0.8888888888888888,1.3566245424126737,2.8563364654595103,4.5954170521498074
7.327586206896552,0.5172423448275862,1.0,1.3300668743343431,2.8553074135377017,4.561236399985797
7.327586206896552,1.0344836896551723,0.0,2.7237666882064655,2.704209541855184,4.816440226635281
7.327586206896552,1.0344836896551723,0.1111111111111111,2.607064605096403,2.7035430176522643,4.782622455208731
7.327586206896552,1.0344836896551723,0.2222222222222222,2.4841796625240056,2.7028357524650697,4.7494766496662235
7.327586206896552,1.0344836896551723,0.3333333333333333,2.353662590092312,2.7020953387834155,4.716941619457903
7.327586206896552,1.0344836896551723,0.4444444444444444,2.2139395575520133,2.7013282398745777,4.684966046886306
7.327586206896552,1.0344836896551723,0.5555555555555556,2.0635067614830285,2.700540007504578,4.653506683822127
7.327586206896552,1.0344836896551723,0.6666666666666666,1.9015771478572538,2.6997354460715846,4.622526991482425
7.327586206896552,1.0344836896551723,0.7777777777777777,1.7299238737870224,2.698918738534098,4.591996099662922
7.327586206896552,1.0344836896551723,0.8888888888888888,1.557497441529416,2.698093544582346,4.561888001081871
7.327586206896552,1.0344836896551723,1.0,1.4088848920902162,2.6972630783070013,4.532180921913209
7.327586206896552,1.5517250344827584,0.0,2.7237666882064655,2.563801278209872,4.759179530252746
7.327586206896552,1.5517250344827584,0.1111111111111111,2.6219555403687664,2.563620375898599,4.729144123487731
9.03448275862069,3.103449068965517,0.8888888888888888,2.6325415609748366,2.1714111796079645,4.721126221943549
9.03448275862069,3.103449068965517,1.0,2.5540865707538085,2.172863916291044,4.698717997614028
9.03448275862069,3.6206904137931035,0.0,3.2067325278783954,2.0891855709444838,4.884070818961318
9.03448275862069,3.6206904137931035,0.1111111111111111,3.143031651770648,2.090273508835393,4.859953606638602
9.03448275862069,3.6206904137931035,0.2222222222222222,3.0793105560949954,2.0914013084006333,4.8363720491848285
9.03448275862069,3.6206904137931035,0.3333333333333333,3.015347403105162,2.0925592769789705,4.813286822200962
9.03448275862069,3.6206904137931035,0.4444444444444444,2.950926219784071,2.093739960369337,4.790663376956632
9.03448275862069,3.6206904137931035,0.5555555555555556,2.885831662232095,2.094937599850433,4.768471163313547
9.03448275862069,3.6206904137931035,0.6666666666666666,2.819844289824742,2.0961477330179576,4.746683013397796
9.03448275862069,3.6206904137931035,0.7777777777777777,2.752736069640291,2.0973668965296572,4.7252746467512114
9.03448275862069,3.6206904137931035,0.8888888888888888,2.6842659001684197,2.098592402198537,4.704224268651697
9.03448275862069,3.6206904137931035,1.0,2.61417499528952,2.099822166620322,4.683512240842268
9.03448275862069,4.13793175862069,0.0,3.206732527878395,2.0437626992648017,4.855438991571851
9.03448275862069,4.13793175862069,0.1111111111111111,3.147870270702536,2.0438674066980136,4.833189300732867
9.03448275862069,4.13793175862069,0.2222222222222222,3.08904003713584,2.0440813134657927,4.811404322835855
9.03448275862069,4.13793175862069,0.3333333333333333,3.0300666097149405,2.044388157498138,4.790052683732979
9.03448275862069,4.13793175862069,0.4444444444444444,2.97077996819194,2.0447746416032997,4.769106535503328
9.03448275862069,4.13793175862069,0.5555555555555556,2.911011714359036,2.04522981737351,4.74854102556459
9.03448275862069,4.13793175862069,0.6666666666666666,2.8505918620620965,2.045744613729469,4.7283338679383915
9.03448275862069,4.13793175862069,0.7777777777777777,2.7893458206015493,2.046311472000562,4.7084649933551335
9.03448275862069,4.13793175862069,0.8888888888888888,2.7270914391069407,2.0469240605630468,4.688916260982753
9.03448275862069,4.13793175862069,1.0,2.6636360074894516,2.0475770496304966,4.669671218879096
9.03448275862069,4.655173103448276,0.0,3.206732527878395,2.0195491881547256,4.829900405171388
9.03448275862069,4.655173103448276,0.1111111111111111,3.1520301633795604,2.018482615884638,4.809271192218152
9.03448275862069,4.655173103448276,0.2222222222222222,3.097391807133271,2.0175794516988734,4.78904826487116
9.03448275862069,4.655173103448276,0.3333333333333333,3.0426765730622796,2.0168203210577103,4.769206240201538
9.03448275862069,4.655173103448276,0.4444444444444444,2.987748040710119,2.0161889059566094,4.749722388830201
9.03448275862069,4.655173103448276,0.5555555555555556,2.9324717447099977,2.0156713758280795,4.730576263804935
9.03448275862069,4.655173103448276,0.6666666666666666,2.87671292684659,2.0152559401316346,4.7117493960976935
9.03448275862069,4.655173103448276,0.7777777777777777,2.8203344421110246,2.0149324931041557,4.693225042483455
9.03448275862069,4.655173103448276,0.8888888888888888,2.763194733945673,2.014692329156983,4.6749879750603185
9.03448275862069,4.655173103448276,1.0,2.7051458104975845,2.014527913023259,4.657024304205514
9.03448275862069,5.1724144482758625,0.0,3.2067325278783954,2.01219933017675,4.806976705603446
9.03448275862069,5.1724144482758625,0.1111111111111111,3.1556441715317143,2.0099695009029235,4.787764787380094
9.03448275862069,5.1724144482758625,0.2222222222222222,3.104639016608203,2.0079361870776364,4.768910577268581
9.03448275862069,5.1724144482758625,0.3333333333333333,3.053602045199028,2.0060797625791746,4.750393285146614
9.03448275862069,5.1724144482758625,0.4444444444444444,3.0024220246348396,2.0043833672959064,4.73219415154319
9.03448275862069,5.1724144482758625,0.5555555555555556,2.9509897019054705,2.002832435922568,4.714296182824268
9.03448275862069,5.1724144482758625,0.6666666666666666,2.899196188391691,2.001414319961575,4.696683930848822
9.03448275862069,5.1724144482758625,0.7777777777777777,2.8469314644393076,2.000117981837795,4.679343308174547
9.03448275862069,5.1724144482758625,0.8888888888888888,2.7940829481861864,1.9989337454104565,4.662261431955051
9.03448275862069,5.1724144482758625,1.0,2.7405340834766996,1.9978530910229813,4.645426491197142
9.03448275862069,5.689655793103449,0.0,3.2067325278783954,2.0170985259444394,4.7862838835112065
9.03448275862069,5.689655793103449,0.1111111111111111,3.158812698365216,2.013845515480684,4.768320450828326
9.03448275862069,5.689655793103449,0.2222222222222222,3.110987056674194,2.010802529050497,4.750673981923771
9.03448275862069,5.689655793103449,0.3333333333333333,3.063160460927924,2.0079514124300593,4.73332726089464
9.03448275862069,5.689655793103449,0.4444444444444444,3.01524096127471,2.00527634403973,4.716264649229816
9.03448275862069,5.689655793103449,0.5555555555555556,2.96713847414061,2.0027634659465154,4.699471893339637
9.03448275862069,5.689655793103449,0.6666666666666666,2.918763595775461,2.000400583168701,4.682935962401509
9.03448275862069,5.689655793103449,0.7777777777777777,2.870026508263706,1.9981769167328838,4.666644910801927
9.03448275862069,5.689655793103449,0.8888888888888888,2.820835940728687,1.9960828994416207,4.650587760701721
9.03448275862069,5.689655793103449,1.0,2.7710981552324987,1.9941100058769898,4.6347544011923
9.03448275862069,6.206897137931034,0.0,3.2067325278783954,2.0301821516946377,4.767509989100502
9.03448275862069,6.206897137931034,0.1111111111111111,3.161613018920613,2.0261037488290015,4.750653489066162
9.03448275862069,6.206897137931034,0.2222222222222222,3.1165933614953243,2.0222345922998373,4.7340794996106705
9.03448275862069,6.206897137931034,0.3333333333333333,3.0715939457678214,2.01855871839623,4.71777362386529
9.03448275862069,6.206897137931034,0.4444444444444444,3.0265378517684662,2.015062063220102,4.701722706808014
9.03448275862069,6.206897137931034,0.5555555555555556,2.9813498581494335,2.011732180544812,4.685914693029781
9.03448275862069,6.206897137931034,0.6666666666666666,2.9359555539883937,2.00855800895534,4.6703385055657565
9.03448275862069,6.206897137931034,0.7777777777777777,2.8902805218439496,2.00552967832196,4.654983942046619
9.03448275862069,6.206897137931034,0.8888888888888888,2.8442495665463237,2.002638347940084,4.63984158519513
9.03448275862069,6.206897137931034,1.0,2.797785968722392,1.9998760703664689,4.624902725285298
9.03448275862069,6.724138482758621,0.0,3.206732527878395,2.0482834572113005,4.750398907003356
9.03448275862069,6.724138482758621,0.1111111111111111,3.1641055627640537,2.043581551689395,4.734529634866216
9.03448275862069,6.724138482758621,0.2222222222222222,3.12158064162298,2.039079476931983,4.718913520020625
9.03448275862069,6.724138482758621,0.3333333333333333,3.0790904725203334,2.0347635551240426,4.703538415865535
9.03448275862069,6.724138482758621,0.4444444444444444,3.0365700341491753,2.0306216344584462,4.6883931653724105
9.03448275862069,6.724138482758621,0.5555555555555556,2.9939558227144136,2.0266428747615093,4.673467494380832
9.03448275862069,6.724138482758621,0.6666666666666666,2.951185175880276,2.022817568654619,4.658751919788038
9.03448275862069,6.724138482758621,0.7777777777777777,2.908195651770933,2.0191369914234922,4.644237670132566
9.03448275862069,6.724138482758621,0.8888888888888888,2.8649244452203515,2.0155932742604974,4.6299166165582655
9.03448275862069,6.724138482758621,1.0,2.821307826539717,2.0121792966740624,4.615781212524658
9.03448275862069,7.241379827586207,0.0,3.206732527878395,2.069132656074844,4.734738344771026
9.03448275862069,7.241379827586207,0.1111111111111111,3.16633825739683,2.063985465847115,4.719754285300114
9.03448275862069,7.241379827586207,0.2222222222222222,3.1260459606622533,2.059024399951852,4.704998200336887
9.03448275862069,7.241379827586207,0.3333333333333333,3.085798242644789,2.0542378675194923,4.690459759111532
9.03448275862069,7.241379827586207,0.4444444444444444,3.0455396309767133,2.049615500570897,4.676129428088344
9.03448275862069,7.241379827586207,0.5555555555555556,3.0052159955220987,2.0451479907159493,4.66199838981077
9.03448275862069,7.241379827586207,0.6666666666666666,2.9647740261964524,2.0408269516424333,4.648058472446113
9.03448275862069,7.241379827586207,0.7777777777777777,2.924160753529695,2.0366448026625816,4.634302088331422
9.03448275862069,7.241379827586207,0.8888888888888888,2.8833230993341847,2.0325946695752366,4.6207221801349245
9.03448275862069,7.241379827586207,1.0,2.8422074469660417,2.0286702998599653,4.607312173495083
9.03448275862069,7.758621172413793,0.0,3.206732527878395,2.091196104221238,4.720350806652423
9.03448275862069,7.758621172413793,0.1111111111111111,3.1683495957912555,2.0857489029094594,4.70616440030919
9.03448275862069,7.758621172413793,0.2222222222222222,3.1300671043300645,2.0804726339175605,4.692184224129442
9.03448275862069,7.758621172413793,0.3333333333333333,3.0918357028480274,2.0753574978634433,4.678401427102438
9.03448275862069,7.758621172413793,0.4444444444444444,3.053607674969124,2.0703946787772733,4.664807806935646
9.03448275862069,7.758621172413793,0.5555555555555556,3.0153364854704336,2.065576218872667,4.6513957475537815
9.03448275862069,7.758621172413793,0.6666666666666666,2.9769763716498203,2.0608949122139384,4.638158164397427
9.03448275862069,7.758621172413793,0.7777777777777777,2.938481968078633,2.0563442139601062,4.625088456348408
9.03448275862069,7.758621172413793,0.8888888888888888,2.899807955626555,2.051918162532203,4.61218046331388
9.03448275862069,7.758621172413793,1.0,2.860908727140362,2.0476113125665494,4.599428428665339
9.03448275862069,8.275862517241379,0.0,3.206732527878395,2.1134840366891545,4.7070867184371155
9.03448275862069,8.275862517241379,0.1111111111111111,3.1701708443884558,2.1078497763139326,4.693622320229033
9.03448275862069,8.275862517241379,0.2222222222222222,3.133707140381009,2.1023713672035287,4.680345264431172
9.03448275862069,8.275862517241379,0.3333333333333333,3.097298672053248,2.0970405044977842,4.667247916798276
9.03448275862069,8.275862517241379,0.4444444444444444,3.060904090600437,2.091849679076187,4.654323175789563
9.03448275862069,8.275862517241379,0.5555555555555556,3.0244830843610058,2.086792080714695,4.641564423878008
9.03448275862069,8.275862517241379,0.6666666666666666,2.987996055271113,2.0818615152356905,4.628965484622237
9.03448275862069,8.275862517241379,0.7777777777777777,2.9514038215659837,2.077052333293321,4.616520584678838
9.03448275862069,8.275862517241379,0.8888888888888888,2.9146673400629166,2.072359368890642,4.604224320069237
9.03448275862069,8.275862517241379,1.0,2.877747442425901,2.0677778860809393,4.592071626125924
9.03448275862069,8.793103862068964,0.0,3.2067325278783954,2.1353844326905205,4.694819126134563
9.03448275862069,8.793103862068964,0.1111111111111111,3.1718276596776387,2.129648381688255,4.6820109892115145
9.03448275862069,8.793103862068964,0.2222222222222222,3.137017742239712,2.124054015229491,4.669373697119186
9.03448275862069,8.793103862068964,0.3333333333333333,3.102265508988123,2.118594260884225,4.656900624395065
9.03448275862069,8.793103862068964,0.4444444444444444,3.067534889317891,2.11326269479549,4.64458558669011
9.03448275862069,8.793103862068964,0.5555555555555556,3.0327907229828552,2.108053466111779,4.632422802433912
9.03448275862069,8.793103862068964,0.6666666666666666,2.9979985011927894,2.102961231895036,4.620406858810607
9.03448275862069,8.793103862068964,0.7777777777777777,2.963124128485348,2.097981100808487,4.608532681461278
9.03448275862069,8.793103862068964,0.8888888888888888,2.9281337004341195,2.0931085842024557,4.596795507420396
9.03448275862069,8.793103862068964,1.0,2.892993293022584,2.0883395534652833,4.585190860869691
7.327586206896552,12.931034620689655,0.6666666666666666,2.562039906228957,2.052138893952416,4.3222463725751465
7.327586206896552,12.931034620689655,0.7777777777777777,2.5344448902317636,2.0489169393552134,4.315101398592067
7.327586206896552,12.931034620689655,0.8888888888888888,2.5066347608957127,2.045736227603502,4.3080182307976
7.327586206896552,12.931034620689655,1.0,2.478597631220928,2.042596085680652,4.300995999218015
7.327586206896552,13.44827596551724,0.0,2.723766688206466,2.0817928334108595,4.360583354111048
7.327586206896552,13.44827596551724,0.1111111111111111,2.6980750011510364,2.078307847141198,4.353316312555032
7.327586206896552,13.44827596551724,0.2222222222222222,2.672251343522695,2.074866014379133,4.346113058081865
7.327586206896552,13.44827596551724,0.3333333333333333,2.646284759262173,2.0714665376550787,4.338972557123597
7.327586206896552,13.44827596551724,0.4444444444444444,2.620164303655263,2.068108656354603,4.331893820980612
7.327586206896552,13.44827596551724,0.5555555555555556,2.5938790455371037,2.064791644300265,4.3248759036197715
7.327586206896552,13.44827596551724,0.6666666666666666,2.5674180743667017,2.06151480752151,4.317917899609328
7.327586206896552,13.44827596551724,0.7777777777777777,2.540770512920303,2.05827748219549,4.3110189421799685
7.327586206896552,13.44827596551724,0.8888888888888888,2.51392553651713,2.055079032743478,4.304178201402211
7.327586206896552,13.44827596551724,1.0,2.4868723998843265,2.051918850069079,4.297394882471324
7.327586206896552,13.965517310344827,0.0,2.7237666882064664,2.0909115031255077,4.3550336933720954
7.327586206896552,13.965517310344827,0.1111111111111111,2.698886106129122,2.08743691646865,4.348018376276011
7.327586206896552,13.965517310344827,0.2222222222222222,2.6738831256785445,2.0840028568321673,4.341063058891685
7.327586206896552,13.965517310344827,0.3333333333333333,2.6487478097702137,2.0806086051005317,4.334166802256843
7.327586206896552,13.965517310344827,0.4444444444444444,2.623470234278774,2.077253474445916,4.327328706942169
7.327586206896552,13.965517310344827,0.5555555555555556,2.5980404897172336,2.073936808280345,4.320547911168061
7.327586206896552,13.965517310344827,0.6666666666666666,2.5724486868893695,2.0706579783621812,4.313823589034666
7.327586206896552,13.965517310344827,0.7777777777777777,2.5466849670987113,2.0674163830432657,4.30715494885661
7.327586206896552,13.965517310344827,0.8888888888888888,2.5207395176219456,2.0642114456444176,4.300541231594584
7.327586206896552,13.965517310344827,1.0,2.4946025932997133,2.061042612948329,4.293981709376682
7.327586206896552,14.482758655172413,0.0,2.7237666882064664,2.0997185701957393,4.349791427099916
7.327586206896552,14.482758655172413,0.1111111111111111,2.699647619215662,2.0962623864945598,4.34301178101457
7.327586206896552,14.482758655172413,0.2222222222222222,2.6754147383685845,2.092844303326786,4.3362886677963655
7.327586206896552,14.482758655172413,0.3333333333333333,2.651059004787071,2.0894636698252604,4.329621232084411
7.327586206896552,14.482758655172413,0.4444444444444444,2.6265713915112743,2.086119863526383,4.32300865347587
7.327586206896552,14.482758655172413,0.5555555555555556,2.6019428867788643,2.0828122886275824,4.316450144907977
7.327586206896552,14.482758655172413,0.6666666666666666,2.577164498567827,2.079540374372129,4.309944951134379
7.327586206896552,14.482758655172413,0.7777777777777777,2.552227262861319,2.076303573550344,4.303492347288864
7.327586206896552,14.482758655172413,0.8888888888888888,2.527122256187916,2.0731013611072915,4.297091637530118
7.327586206896552,14.482758655172413,1.0,2.501840613100616,2.0699332328481113,4.290742153761788
7.327586206896552,15.0,0.0,2.723766688206466,2.1082069960245473,4.344831799326885
7.327586206896552,15.0,0.1111111111111111,2.7003639494533553,2.1047755756959954,4.338273212914366
7.327586206896552,15.0,0.2222222222222222,2.6768551286579414,2.1013800169795025,4.331767978483629
7.327586206896552,15.0,0.3333333333333333,2.6532319763573913,2.098019728704824,4.325315314805374
7.327586206896552,15.0,0.4444444444444444,2.6294862574915885,2.094694144785903,4.318914471668613
7.327586206896552,15.0,0.5555555555555556,2.6056097523761554,2.0914027227313876,4.312564728484725
7.327586206896552,15.0,0.6666666666666666,2.581594260373337,2.0881449422607608,4.306265392970394
7.327586206896552,15.0,0.7777777777777777,2.5574316066239002,2.084920304017282,4.300015799903858
7.327586206896552,15.0,0.8888888888888888,2.5331136522761715,2.0817283283697603,4.293815309949332
7.327586206896552,15.0,1.0,2.5086323087325595,2.0785685542958854,4.287663308544815
9.03448275862069,1e-06,0.0,3.2067325278783843,3.0455604167811696,5.255191595361756
9.03448275862069,1e-06,0.1111111111111111,3.0584608997186886,3.0457569898626686,5.203005509271022
9.03448275862069,1e-06,0.2222222222222222,2.9043512073053956,3.0457569940267373,5.1527228472503825
9.03448275862069,1e-06,0.3333333333333333,,,
9.03448275862069,1e-06,0.4444444444444444,2.5648239404868427,3.0457569868728394,5.056426546075105
9.03448275862069,1e-06,0.5555555555555556,2.371316222331794,3.04575698278041,5.009891857436647
9.03448275862069,1e-06,0.6666666666666666,2.1563975662935064,3.0457569783691922,4.9641708216304385
9.03448275862069,1e-06,0.7777777777777777,1.9201571528286976,3.0457569736462893,4.9191099969534715
9.03448275862069,1e-06,0.8888888888888888,1.6830996895173778,3.0457569686327757,4.874579981727268
9.03448275862069,1e-06,1.0,1.522953381369024,3.045384135574494,4.830469814234762
9.03448275862069,0.5172423448275862,0.0,3.2067325278783954,2.8483314973340508,5.171307439735779
9.03448275862069,0.5172423448275862,0.1111111111111111,3.0818883739365384,2.847835534617414,5.125932349287733
9.03448275862069,0.5172423448275862,0.2222222222222222,2.9540619646625395,2.8472167119686995,5.0820960471388945
9.03448275862069,0.5172423448275862,0.3333333333333333,2.821420349850132,2.8464966936645797,5.039554657628642
9.03448275862069,0.5172423448275862,0.4444444444444444,2.6819828639735843,2.8456922380753893,4.998117638227313
9.03448275862069,0.5172423448275862,0.5555555555555556,2.533494899416346,2.844816688758895,4.957632600903631
9.03448275862069,0.5172423448275862,0.6666666666666666,2.3733493187746317,2.8438809327145553,4.917975353621195
9.03448275862069,0.5172423448275862,0.7777777777777777,2.1986813190476244,2.8428940399452194,4.879043112437749
9.03448275862069,0.5172423448275862,0.8888888888888888,2.0070980535189547,2.841863703392221,4.840749729196604
9.03448275862069,0.5172423448275862,1.0,1.7995862044534312,2.8407965496361594,4.803022250068104
9.03448275862069,1.0344836896551723,0.0,3.206732527878395,2.6706909389376086,5.102339753404722
9.03448275862069,1.0344836896551723,0.1111111111111111,3.0989945246510575,2.6706411155870224,5.062419770460833
9.03448275862069,1.0344836896551723,0.2222222222222222,2.9896531989671167,2.67044096837906,5.023756113940181
9.03448275862069,1.0344836896551723,0.3333333333333333,2.8775835417228093,2.6701192682456107,4.9861833070631025
9.03448275862069,1.0344836896551723,0.4444444444444444,2.761614064544607,2.669698811164304,4.949568341660289
9.03448275862069,1.0344836896551723,0.5555555555555556,2.640459645910891,2.669198004967907,4.913802357306165
9.03448275862069,1.0344836896551723,0.6666666666666666,2.5126593681129794,2.6686319462967982,4.878794920149869
9.03448275862069,1.0344836896551723,0.7777777777777777,2.376525763958189,2.668013174706377,4.844469967879067
9.03448275862069,1.0344836896551723,0.8888888888888888,2.2301388629410903,2.66735221480241,4.810762862280976
9.03448275862069,1.0344836896551723,1.0,2.071494255678001,2.666657975447104,4.777618201151636
9.03448275862069,1.5517250344827584,0.0,3.2067325278783954,2.511565878070113,5.044584076023554
9.03448275862069,1.5517250344827584,0.1111111111111111,3.112022336004069,2.512271187175535,5.009086720540315
9.03448275862069,1.5517250344827584,0.2222222222222222,3.0164318661208034,2.512827479290491,4.974626452847949
9.03448275862069,1.5517250344827584,0.3333333333333333,2.9192156856631706,2.5132614970297773,4.941085842024397
9.03448275862069,1.5517250344827584,0.4444444444444444,2.8196172473047363,2.5135948549984723,4.908368130849383
9.03448275862069,1.5517250344827584,0.5555555555555556,2.7168327733864133,2.513845244821324,4.876392440242092
9.03448275862069,1.5517250344827584,0.6666666666666666,2.6099769081458026,2.5140272975036826,4.845090342770006
9.03448275862069,1.5517250344827584,0.7777777777777777,2.4980487268767075,2.5141532159453317,4.814403353386762
9.03448275862069,1.5517250344827584,0.8888888888888888,2.3799003782472945,2.51423324892073,4.784281053204501
9.03448275862069,1.5517250344827584,1.0,2.2542189380134126,2.5142760527466574,4.754679661506692
9.03448275862069,2.068966379310345,0.0,3.206732527878395,2.3717679834906593,4.99548033338276
9.03448275862069,2.068966379310345,0.1111111111111111,3.1222677076507943,2.3731681981615207,4.963617221033294
9.03448275862069,2.068966379310345,0.2222222222222222,3.0373247497431963,2.3744387322887195,4.932619859242743
9.03448275862069,2.068966379310345,0.3333333333333333,2.951381790889809,2.3755994059381287,4.902402052706266
9.03448275862069,2.068966379310345,0.4444444444444444,2.8639182579979616,2.3766667063459264,4.87289129704934
9.03448275862069,2.068966379310345,0.5555555555555556,2.7743942344527195,2.377654454846193,4.844025891912741
9.03448275862069,2.068966379310345,0.6666666666666666,2.682231103748487,2.378574314558499,4.815752810414821
9.03448275862069,2.068966379310345,0.7777777777777777,2.5867921737614488,2.379436182997211,4.788026094593718
9.03448275862069,2.068966379310345,0.8888888888888888,2.4873628137303716,2.380248499958176,4.760805625690192
9.03448275862069,2.068966379310345,1.0,2.3831310039702798,2.381018492031672,4.734056167292272
9.03448275862069,2.5862077241379313,0.0,3.206732527878395,2.2534033461500544,4.9531998353833515
9.03448275862069,2.5862077241379313,0.1111111111111111,3.13053144627153,2.2551824757659285,4.924362241608173
9.03448275862069,2.5862077241379313,0.2222222222222222,3.054085595763929,2.2568710961380227,4.896255186190973
9.03448275862069,2.5862077241379313,0.3333333333333333,2.9770142163704376,2.2584794238354813,4.868813684759771
9.03448275862069,2.5862077241379313,0.4444444444444444,2.8989418479614693,2.260016474704721,4.841982129433062
9.03448275862069,2.5862077241379313,0.5555555555555556,2.8194858463634898,2.2614901954774536,4.815712483475412
9.03448275862069,2.5862077241379313,0.6666666666666666,2.73824486657486,2.2629075901304185,4.789962911661227
9.03448275862069,2.5862077241379313,0.7777777777777777,2.6547875195545725,2.2642748355094224,4.764696723412742
9.03448275862069,2.5862077241379313,0.8888888888888888,2.56864069376118,2.2655973844846002,4.7398815451115786
9.03448275862069,2.5862077241379313,1.0,2.479277363471991,2.266880056699483,4.715488663379238
9.03448275862069,3.103449068965517,0.0,3.206732527878395,2.158794100650039,4.916399771987128
9.03448275862069,3.103449068965517,0.1111111111111111,3.1373348424314114,2.1604780766447216,4.8901113240594025
9.03448275862069,3.103449068965517,0.2222222222222222,3.067831916663733,2.16213063227988,4.8644455436973555
9.03448275862069,3.103449068965517,0.3333333333333333,2.9979368512417537,2.16375147945001,4.839352346991894
9.03448275862069,3.103449068965517,0.4444444444444444,2.9273689068331574,2.1653411175704638,4.814788259178804
9.03448275862069,3.103449068965517,0.5555555555555556,2.8558455786856762,2.1669005401292694,4.790715247412906
9.03448275862069,3.103449068965517,0.6666666666666666,2.783075379779326,2.1684310389593704,4.767099813924046
9.03448275862069,3.103449068965517,0.7777777777777777,2.7087508653498014,2.169934072914319,4.743912281291175
9.03448275862069,9.310345206896551,0.0,3.206732527878395,2.1565376998701575,4.683439562268114
9.03448275862069,9.310345206896551,0.1111111111111111,3.1733412900554767,2.1507629742095635,4.671230223307134
9.03448275862069,9.310345206896551,0.2222222222222222,3.140041650692108,2.1451170154839003,4.659177244868644
9.03448275862069,9.310345206896551,0.3333333333333333,3.1068009226698177,2.139593765034689,4.6472748441995195
9.03448275862069,9.310345206896551,0.4444444444444444,3.0735874487258656,2.1341876968223743,4.635517606641909
9.03448275862069,9.310345206896551,0.5555555555555556,3.040370371296015,2.128893757926592,4.623900455155968
9.03448275862069,9.310345206896551,0.6666666666666666,3.0071194233355416,2.1237073169727694,4.612418623104664
9.03448275862069,9.310345206896551,0.7777777777777777,2.9738047356957544,2.118624119250491,4.6010676298799424
9.03448275862069,9.310345206896551,0.8888888888888888,2.9403966573524865,2.1136402475091094,4.589843259012503
9.03448275862069,9.310345206896551,1.0,2.906865585344125,2.1087520875921553,4.578741538459789
9.03448275862069,9.827586551724137,0.0,3.206732527878395,2.176748569528707,4.672854789468536
9.03448275862069,9.827586551724137,0.1111111111111111,3.1747294818547522,2.170981204960072,4.661193764803053
9.03448275862069,9.827586551724137,0.2222222222222222,3.1428145237267797,2.165331017763601,4.649676322743314
9.03448275862069,9.827586551724137,0.3333333333333333,3.110958824957255,2.1597927851471685,4.638297389453252
9.03448275862069,9.827586551724137,0.4444444444444444,3.0791344476756297,2.1543617249708262,4.627052200454545
9.03448275862069,9.827586551724137,0.5555555555555556,3.0473141575660336,2.149033448485841,4.615936276176653
9.03448275862069,9.827586551724137,0.6666666666666666,3.015471253370027,2.1438039191329734,4.6049454000019505
9.03448275862069,9.827586551724137,0.7777777777777777,2.9835794096707717,2.1386694164906044,4.5940755984992565
9.03448275862069,9.827586551724137,0.8888888888888888,2.9516125301505447,2.133626504619783,4.583323123582937
9.03448275862069,9.827586551724137,1.0,2.9195446089277093,2.1286720041791485,4.572684436371304
9.03448275862069,10.344827896551724,0.0,3.2067325278783954,2.195926542396411,4.662984210943059
9.03448275862069,10.344827896551724,0.1111111111111111,3.1760071710485347,2.1901996769678784,4.651826935293602
9.03448275862069,10.344827896551724,0.2222222222222222,3.1453663449438665,2.184579677556053,4.640801919074056
9.03448275862069,10.344827896551724,0.3333333333333333,3.1147844953194435,2.1790620138877497,4.629904688690829
9.03448275862069,10.344827896551724,0.4444444444444444,3.084236841484249,2.1736425228652783,4.619131032263294
9.03448275862069,10.344827896551724,0.5555555555555556,3.0536992229438735,2.1683173707101564,4.608476979844238
9.03448275862069,10.344827896551724,0.6666666666666666,3.0231479593061485,2.1630830197840396,4.597938785567801
9.03448275862069,10.344827896551724,0.7777777777777777,2.992559720910937,2.157936199409674,4.587512911498869
9.03448275862069,10.344827896551724,0.8888888888888888,2.96191140803319,2.152873880127169,4.577196012988719
9.03448275862069,10.344827896551724,1.0,2.931180036817132,2.14789325091216,4.566984925367644
9.03448275862069,10.86206924137931,0.0,3.206732527878395,2.214046545134582,4.653757793317249
9.03448275862069,10.86206924137931,0.1111111111111111,3.177187017467468,2.2083836904221896,4.643064749600218
9.03448275862069,10.86206924137931,0.2222222222222222,3.147722508754442,2.2028185614103326,4.63249388913111
9.03448275862069,10.86206924137931,0.3333333333333333,3.118316244123545,2.197347205033639,4.62204124961187
9.03448275862069,10.86206924137931,0.4444444444444444,3.088946140554243,2.191965976258947,4.611703091510869
9.03448275862069,10.86206924137931,0.5555555555555556,3.059590662982992,2.186671507519297,4.601475881936495
9.03448275862069,10.86206924137931,0.6666666666666666,3.0302287083312973,2.1814606817916373,4.5913562800136045
9.03448275862069,10.86206924137931,0.7777777777777777,3.000839498247453,2.176330608808806,4.581341123594593
9.03448275862069,10.86206924137931,0.8888888888888888,2.9714024788988356,2.171278603978019,4.5714274171585405
9.03448275862069,10.86206924137931,1.0,2.941897226383935,2.1663021696450735,4.561612320770663
9.03448275862069,11.379310586206897,0.0,3.206732527878395,2.2311233029016027,4.645114387047635
9.03448275862069,11.379310586206897,0.1111111111111111,3.178279821786176,2.2255408314462035,4.634850387930169
9.03448275862069,11.379310586206897,0.2222222222222222,3.1499046657289878,2.2200479901131986,4.62469957028511
9.03448275862069,11.379310586206897,0.3333333333333333,3.1215867051309583,2.2146413100412476,4.614658409792392
9.03448275862069,11.379310586206897,0.4444444444444444,3.093306176034781,2.2093175824450992,4.604723572832487
9.03448275862069,11.379310586206897,0.5555555555555556,3.065043799797796,2.20407383374902,4.594891903242546
9.03448275862069,11.379310586206897,0.6666666666666666,3.0367806864264186,2.19890730358352,4.585160410254624
9.03448275862069,11.379310586206897,0.7777777777777777,3.0084982450334885,2.193815425258267,4.575526257489304
9.03448275862069,11.379310586206897,0.8888888888888888,2.9801781001210847,2.188795808384381,4.5659867528939815
9.03448275862069,11.379310586206897,1.0,2.9518020125679434,2.183846223368434,4.556539339528193
9.03448275862069,11.896551931034482,0.0,3.206732527878395,2.2471948100601074,4.637000358158579
9.03448275862069,11.896551931034482,0.1111111111111111,3.1792948541998745,2.24170381864229,4.6271339490615775
9.03448275862069,11.896551931034482,0.2222222222222222,3.1519313877498356,2.2362952803644047,4.617372649836064
9.03448275862069,11.896551931034482,0.3333333333333333,3.1246238503079984,2.230966135189039,4.607713313305278
9.03448275862069,11.896551931034482,0.4444444444444444,3.0973544827084187,2.2257135439937814,4.598152956414604
9.03448275862069,11.896551931034482,0.5555555555555556,3.070105956708051,2.220534868196927,4.588688749280944
9.03448275862069,11.896551931034482,0.6666666666666666,3.0428612938976913,2.2154276516515408,4.579318005179413
9.03448275862069,11.896551931034482,0.7777777777777777,3.0156037904691577,2.210389604511227,4.570038171371225
9.03448275862069,11.896551931034482,0.8888888888888888,2.988316946818222,2.2054185888154585,4.560846820688113
9.03448275862069,11.896551931034482,1.0,2.960984401098082,2.2005126055792816,4.55174164379833
9.03448275862069,12.413793275862067,0.0,3.2067325278783954,2.2623117619106425,4.629368465845109
9.03448275862069,12.413793275862067,0.1111111111111111,3.180240115843087,2.256919456891817,4.619871425856319
9.03448275862069,12.413793275862067,0.2222222222222222,3.1538186962441084,2.2516032295641892,4.610472233100997
9.03448275862069,12.413793275862067,0.3333333333333333,3.1274517942292026,2.2463603672505768,4.601168066756214
9.03448275862069,12.413793275862067,0.4444444444444444,3.101123392761686,2.24118834599278,4.591956247952727
9.03448275862069,12.413793275862067,0.5555555555555556,3.0748178584153987,2.2360848137457334,4.582834230662768
9.03448275862069,12.413793275862067,0.6666666666666666,3.0485198729469247,2.23104757538253,4.573799593336754
9.03448275862069,12.413793275862067,0.7777777777777777,3.0222143697092427,2.2260745792809926,4.564850031215383
9.03448275862069,12.413793275862067,0.8888888888888888,2.995886474098001,2.2211639052956955,4.555983349251806
9.03448275862069,12.413793275862067,1.0,2.9695214473260148,2.2163137539473228,4.5471974555859145
9.03448275862069,12.931034620689655,0.0,3.206732527878395,2.2765308664970294,4.622176935787873
9.03448275862069,12.931034620689655,0.1111111111111111,3.1811225484609933,2.271241590709434,4.613023858051237
9.03448275862069,12.931034620689655,0.2222222222222222,3.155580485287686,2.266022714137097,4.60396207146766
9.03448275862069,12.931034620689655,0.3333333333333333,3.130091437323517,2.260871821022244,4.5949890389193335
9.03448275862069,12.931034620689655,0.4444444444444444,3.1046409087352305,2.2557866576855283,4.586102346643015
9.03448275862069,12.931034620689655,0.5555555555555556,3.079214746059292,2.2507651185758775,4.577299696602271
9.03448275862069,12.931034620689655,0.6666666666666666,3.0537990801373884,2.2458052337764207,4.56857889946238
9.03448275862069,12.931034620689655,0.7777777777777777,3.028380272075558,2.2409051577878123,4.559937868111235
9.03448275862069,12.931034620689655,0.8888888888888888,3.002944862581269,2.236063159435276,4.551374611675479
9.03448275862069,12.931034620689655,1.0,2.9774795241139556,2.23127761276703,4.542887229986663
9.03448275862069,13.44827596551724,0.0,3.206732527878395,2.2899106727578067,4.615388690411485
9.03448275862069,13.44827596551724,0.1111111111111111,3.1819482038899545,2.2847266663912094,4.606556627446707
9.03448275862069,13.44827596551724,0.2222222222222222,3.157228863205049,2.279607986300057,4.597809919162493
9.03448275862069,13.44827596551724,0.3333333333333333,3.1325609844506843,2.2745524719798156,4.5891462761384965
9.03448275862069,13.44827596551724,0.4444444444444444,3.107931406075891,2.269558102825828,4.580563516618263
9.03448275862069,13.44827596551724,0.5555555555555556,3.0833272728684635,2.264622986484514,4.57205956008816
9.03448275862069,13.44827596551724,0.6666666666666666,3.0587359864279375,2.259745348383384,4.563632421344629
9.03448275862069,13.44827596551724,0.7777777777777777,3.034145158999401,2.2549235222995376,4.555280205005672
9.03448275862069,13.44827596551724,0.8888888888888888,3.00954257014916,2.2501559418453176,4.547001100426857
9.03448275862069,13.44827596551724,1.0,2.984916125826924,2.2454411327662385,4.538793376986311
9.03448275862069,13.965517310344827,0.0,3.2067325278783954,2.3025090262559846,4.608970705869753
9.03448275862069,13.965517310344827,0.1111111111111111,3.1827223820479658,2.297430991263828,4.6004388682617465
9.03448275862069,13.965517310344827,0.2222222222222222,3.158774430410726,2.292413736124487,4.591986994293493
9.03448275862069,13.965517310344827,0.3333333333333333,3.1348763661403485,2.287455320947348,4.583613011685883
9.03448275862069,13.965517310344827,0.4444444444444444,3.1110162029453488,2.2825539271707713,4.575314942517828
9.03448275862069,13.965517310344827,0.5555555555555556,3.0871822293177105,2.277707847780303,4.567090897792386
9.03448275862069,13.965517310344827,0.6666666666666666,3.0633629660819537,2.2729154784873726,4.5589390724011
9.03448275862069,13.965517310344827,0.7777777777777777,3.0395471267649197,2.268175309757434,4.55085774045198
9.03448275862069,13.965517310344827,0.8888888888888888,3.01572358036648,2.263485919591166,4.542845250929847
9.03448275862069,13.965517310344827,1.0,2.9918813161615665,2.258845966974987,4.534900023660947
9.03448275862069,14.482758655172413,0.0,3.206732527878395,2.3143815743230256,4.602893472024197
9.03448275862069,14.482758655172413,0.1111111111111111,3.183449744049471,2.309409093854176,4.594642971232605
9.03448275862069,14.482758655172413,0.2222222222222222,3.1602265069555404,2.304493305473349,4.58646752490882
9.03448275862069,14.482758655172413,0.3333333333333333,3.137051583179727,2.2996324609277483,4.57836525185979
9.03448275862069,14.482758655172413,0.4444444444444444,3.113914025704366,2.294824917658155,4.570334353911729
9.03448275862069,14.482758655172413,0.5555555555555556,3.0908031345911513,2.2900691305413443,4.5623731112886965
9.03448275862069,14.482758655172413,0.6666666666666666,3.0677084204284877,2.2853636444198564,4.554479878317905
9.03448275862069,14.482758655172413,0.7777777777777777,3.04461957015712,2.2807070873306254,4.546653079434406
9.03448275862069,14.482758655172413,0.8888888888888888,3.021526414932409,2.2760981643554272,4.538891205460413
9.03448275862069,14.482758655172413,1.0,2.9984188997214813,2.2715356520257983,4.531192810136813
9.03448275862069,15.0,0.0,3.206732527878395,2.325580944484694,4.597130536638471
9.03448275862069,15.0,0.1111111111111111,3.1841344055187517,2.3207127952232165,4.589144164478956
10.741379310344827,5.1724144482758625,0.4444444444444444,3.3144111666461984,2.0458503992969734,4.934279059126258
10.741379310344827,5.1724144482758625,0.5555555555555556,3.2634512179210247,2.0407997310147508,4.914246014828876
10.741379310344827,5.1724144482758625,0.6666666666666666,3.2127857781321407,2.036082110664495,4.894609476937622
10.741379310344827,5.1724144482758625,0.7777777777777777,3.162299839114424,2.031665110461804,4.8753449684708094
10.741379310344827,5.1724144482758625,0.8888888888888888,3.1118849582783863,2.0275208727342218,4.856430393216146
10.741379310344827,5.1724144482758625,1.0,3.0614373808958777,2.023625326862899,4.837845722242972
10.741379310344827,5.689655793103449,0.0,3.5238705443235867,2.1040149869403453,4.997056543966903
10.741379310344827,5.689655793103449,0.1111111111111111,3.4736417898042222,2.0962104005413957,4.976579779916599
10.741379310344827,5.689655793103449,0.2222222222222222,3.4242037706880115,2.0888960163194676,4.9565655649022275
10.741379310344827,5.689655793103449,0.3333333333333333,3.3754143159515473,2.0820192651699405,4.936982225986062
10.741379310344827,5.689655793103449,0.4444444444444444,3.3271470396072034,2.07553570102116,4.917801517077624
10.741379310344827,5.689655793103449,0.5555555555555556,3.279287863058586,2.0694074544212637,4.8989981147777435
10.741379310344827,5.689655793103449,0.6666666666666666,3.231732306288492,2.063602035302864,4.88054920747494
10.741379310344827,5.689655793103449,0.7777777777777777,3.1843833327092628,2.0580913936941543,4.862434157310559
10.741379310344827,5.689655793103449,0.8888888888888888,3.1371495979048167,2.052851174068018,4.844634219703302
10.741379310344827,5.689655793103449,1.0,3.08994399573594,2.0478601171528936,4.827132308796486
10.741379310344827,6.206897137931034,0.0,3.5238705443235867,2.140492304402528,4.977117736246964
10.741379310344827,6.206897137931034,0.1111111111111111,3.4765483479276837,2.1321347161020485,4.9579240525168995
10.741379310344827,6.206897137931034,0.2222222222222222,3.4299431557087874,2.1242149810692257,4.939138920600403
10.741379310344827,6.206897137931034,0.3333333333333333,3.383935338462625,2.1166902810147423,4.920736185412716
10.741379310344827,6.206897137931034,0.4444444444444444,3.3384179171623773,2.109524022039513,4.902692331433895
10.741379310344827,6.206897137931034,0.5555555555555556,3.2932939371294108,2.1026847135603783,4.884986121555089
10.741379310344827,6.206897137931034,0.6666666666666666,3.2484743951221624,2.096145087635731,4.867598298033091
10.741379310344827,6.206897137931034,0.7777777777777777,3.2038765721599587,2.0898813988647955,4.850511332943162
10.741379310344827,6.206897137931034,0.8888888888888888,3.159422667596821,2.0838728618891085,4.8337092184295365
10.741379310344827,6.206897137931034,1.0,3.1150386588170194,2.0781011951151047,4.817177289220284
10.741379310344827,6.724138482758621,0.0,3.5238705443235867,2.176996571123361,4.9588984851391285
10.741379310344827,6.724138482758621,0.1111111111111111,3.4791391101818054,2.16837614663286,4.940847155890762
10.741379310344827,6.724138482758621,0.2222222222222222,3.435060209320514,2.1601420481283222,4.923158909205652
10.741379310344827,6.724138482758621,0.3333333333333333,3.391532260880524,2.1522593477459915,4.9058119337707655
10.741379310344827,6.724138482758621,0.4444444444444444,3.3484639296269227,2.144697925067449,4.888786478243986
10.741379310344827,6.724138482758621,0.5555555555555556,3.3057721159627245,2.1374316445754435,4.872064588528897
10.741379310344827,6.724138482758621,0.6666666666666666,3.263380349703752,2.1304377011306252,4.855629887091835
10.741379310344827,6.724138482758621,0.7777777777777777,3.2212174851922635,2.1236960935551,4.839467386400599
10.741379310344827,6.724138482758621,0.8888888888888888,3.179216623734639,2.117189197161148,4.8235633302515115
10.741379310344827,6.724138482758621,1.0,3.137314208934629,2.110901413599507,4.807905058044927
10.741379310344827,7.241379827586207,0.0,3.5238705443235867,2.212111295542302,4.9421840261091505
10.741379310344827,7.241379827586207,0.1111111111111111,3.4814626351563494,2.203421308968295,4.925155407037685
10.741379310344827,7.241379827586207,0.2222222222222222,3.4396506866885304,2.1950710940561526,4.908451273939878
10.741379310344827,7.241379827586207,0.3333333333333333,3.398347734302681,2.187031972756658,4.892053275376281
10.741379310344827,7.241379827586207,0.4444444444444444,3.357475192211577,2.1792790186129865,4.875944686877693
10.741379310344827,7.241379827586207,0.5555555555555556,3.316961295573976,2.1717904452849677,4.86011021710495
10.741379310344827,7.241379827586207,0.6666666666666666,3.2767398416092703,2.1645471143302535,4.844535842892976
10.741379310344827,7.241379827586207,0.7777777777777777,3.23674915730219,2.1575321351511922,4.829208668136955
10.741379310344827,7.241379827586207,0.8888888888888888,3.196931240519273,2.1507305370051046,4.814116802465313
10.741379310344827,7.241379827586207,1.0,3.157231034861932,2.1441289979594775,4.799249256422562
10.741379310344827,7.758621172413793,0.0,3.5238705443235867,2.2451738573677944,4.926794146743567
10.741379310344827,7.758621172413793,0.1111111111111111,3.4835580496405245,2.236538527178647,4.910685767322149
10.741379310344827,7.758621172413793,0.2222222222222222,3.4437916864452833,2.2282024696295752,4.89486886944673
10.741379310344827,7.758621172413793,0.3333333333333333,3.404496449214063,2.22014194080745,4.87932788709675
10.741379310344827,7.758621172413793,0.4444444444444444,3.365604245749595,2.212336156159087,4.864048553368122
10.741379310344827,7.758621172413793,0.5555555555555556,3.327052675862057,2.204766829997463,4.849017755584961
10.741379310344827,7.758621172413793,0.6666666666666666,3.2887840343383234,2.197417800920136,4.834223410526753
10.741379310344827,7.758621172413793,0.7777777777777777,3.25074448625848,2.1902747244475327,4.819654356524078
10.741379310344827,7.758621172413793,0.8888888888888888,3.21288337594647,2.183324818812635,4.805300259755333
10.741379310344827,7.758621172413793,1.0,3.175152640286474,2.1765566531842286,4.791151532548151
10.741379310344827,8.275862517241379,0.0,3.5238705443235863,2.2759437561090823,4.912576470180667
10.741379310344827,8.275862517241379,0.1111111111111111,3.4854572256877616,2.267440526244803,4.897299975169507
10.741379310344827,8.275862517241379,0.2222222222222222,3.447545979948676,2.259201901763346,4.882286547952126
10.741379310344827,8.275862517241379,0.3333333333333333,3.4100716782276175,2.251208051867705,4.867522886931348
10.741379310344827,8.275862517241379,0.4444444444444444,3.3729749426381344,2.2434415047898004,4.8529967383108294
10.741379310344827,8.275862517241379,0.5555555555555556,3.336201178749745,2.235886796696124,4.8386967864875565
10.741379310344827,8.275862517241379,0.6666666666666666,3.2996997783072617,2.228530183356826,4.824612558628689
10.741379310344827,8.275862517241379,0.7777777777777777,3.2634234544421887,2.221359401480034,4.810734341321274
10.741379310344827,8.275862517241379,0.8888888888888888,3.2273276808471807,2.2143634697241015,4.797053107523412
10.741379310344827,8.275862517241379,1.0,3.1913702130799195,2.207532521688182,4.78356045233127
10.741379310344827,8.793103862068964,0.0,3.5238705443235867,2.304406376767399,4.899401253661492
10.741379310344827,8.793103862068964,0.1111111111111111,3.4871863826897402,2.296081764591863,4.884879984758191
10.741379310344827,8.793103862068964,0.2222222222222222,3.450965188728057,2.2879922399563375,4.870597169319337
10.741379310344827,8.793103862068964,0.3333333333333333,3.415150059970061,2.280121099464319,4.856541363169846
10.741379310344827,8.793103862068964,0.4444444444444444,3.379688914277849,2.272453538948573,4.842701975093295
10.741379310344827,8.793103862068964,0.5555555555555556,3.3445337159363375,2.264976382672743,4.829069182985823
10.741379310344827,8.793103862068964,0.6666666666666666,3.3096398324126812,2.2576778589883126,4.81563386012744
10.741379310344827,8.793103862068964,0.7777777777777777,3.274965493982699,2.25054741313503,4.8023875101863815
10.741379310344827,8.793103862068964,0.8888888888888888,3.2404713349598575,2.2435755499994308,4.7893222097707575
10.741379310344827,8.793103862068964,1.0,3.206120000068522,2.2367537012305525,4.776430557514467
10.741379310344827,9.310345206896551,0.0,3.5238705443235867,2.3306612720288626,4.887157316430482
10.741379310344827,9.310345206896551,0.1111111111111111,3.48876728383639,2.322541583898974,4.873324381916056
10.741379310344827,9.310345206896551,0.2222222222222222,3.454092152519497,2.3146318428021333,4.859708454910693
10.741379310344827,9.310345206896551,0.3333333333333333,3.4197951533005084,2.3069178668575208,4.8462996274115575
10.741379310344827,9.310345206896551,0.4444444444444444,3.3858303577001316,2.2993870174881046,4.833088691725313
10.741379310344827,9.310345206896551,0.5555555555555556,3.352155281271044,2.292027988292168,4.8200670756616
10.741379310344827,9.310345206896551,0.6666666666666666,3.3187303603473763,2.284830628719793,4.807226785019518
10.741379310344827,9.310345206896551,0.7777777777777777,3.285518509401037,2.2777857958450167,4.794560352454067
10.741379310344827,9.310345206896551,0.8888888888888888,3.252484742986227,2.270885228998855,4.78206079192331
10.741379310344827,9.310345206896551,1.0,3.2195958497439507,2.2641214431411893,4.769721558020897
10.741379310344827,9.827586551724137,0.0,3.5238705443235867,2.354860062269609,4.875748819867069
10.741379310344827,9.827586551724137,0.1111111111111111,3.4902181417017712,2.346958483780412,4.862545540200428
10.741379310344827,9.827586551724137,0.2222222222222222,3.4569627186509067,2.339245371440766,4.849540482775921
10.741379310344827,9.827586551724137,0.3333333333333333,3.424060116181672,2.3317085945896,4.836725019771001
10.741379310344827,9.827586551724137,0.4444444444444444,3.39146963171522,2.324337287525053,4.824091102914076
10.741379310344827,9.827586551724137,0.5555555555555556,3.3591535108778743,2.317121683241396,4.81163121290874
10.741379310344827,9.827586551724137,0.6666666666666666,3.3270765185925515,2.310052973538557,4.799338314166674
10.741379310344827,9.827586551724137,0.7777777777777777,3.2952055738810273,2.3031231906090985,4.78720581424424
10.741379310344827,9.827586551724137,0.8888888888888888,3.263509436189901,2.2963251062443626,4.775227527441464
10.741379310344827,9.827586551724137,1.0,3.231958433615932,2.2896521455926737,4.763397642083249
10.741379310344827,10.344827896551724,0.0,3.5238705443235867,2.3771726593207503,4.86509269804283
10.741379310344827,10.344827896551724,0.1111111111111111,3.4915543120958628,2.3694939108444046,4.85246734393956
10.741379310344827,10.344827896551724,0.2222222222222222,3.4596071112698996,2.36198518886117,4.840023675739246
10.741379310344827,10.344827896551724,0.3333333333333333,3.4279897512252684,2.354636045803703,4.827754140004216
10.741379310344827,10.344827896551724,0.4444444444444444,3.396665995421302,2.347437079275993,4.815651666453075
10.741379310344827,10.344827896551724,0.5555555555555556,3.3656021446943094,2.3403797998982503,4.803709628133721
10.741379310344827,10.344827896551724,0.6666666666666666,3.3347666831709337,2.33345651934574,4.791921805495505
10.741379310344827,10.344827896551724,0.7777777777777777,3.304129974946024,2.326660254968387,4.780282353958938
10.741379310344827,10.344827896551724,0.8888888888888888,3.27366400216651,2.319984648116151,4.768785774615001
10.741379310344827,10.344827896551724,1.0,3.243342137063828,2.3134238938646026,4.757426887721036
10.741379310344827,10.86206924137931,0.0,3.5238705443235863,2.3977694371971823,4.855116589886465
10.741379310344827,10.86206924137931,0.1111111111111111,3.4927888316703397,2.390312828021619,4.8430233500405615
10.741379310344827,10.86206924137931,0.2222222222222222,3.462050991154256,2.383010331985767,4.831097172195246
10.741379310344827,10.86206924137931,0.3333333333333333,3.4316220862288827,2.37585289387649,4.819331410498357
10.741379310344827,10.86206924137931,0.4444444444444444,3.4014697193116494,2.368832328518185,4.807719824659763
10.741379310344827,10.86206924137931,0.5555555555555556,3.3715636876661867,2.3619412148163224,4.796256548323188
10.741379310344827,10.86206924137931,0.6666666666666666,3.3418756891379777,2.3551728054156342,4.784936060325808
10.741379310344827,10.86206924137931,0.7777777777777777,3.3123790686462042,2.3485209492769012,4.773753158579265
10.741379310344827,10.86206924137931,0.8888888888888888,3.283048598182568,2.341980025008109,4.76270293632147
10.741379310344827,10.86206924137931,1.0,3.2538602844916924,2.335544883200223,4.751780760507633
10.741379310344827,11.379310586206897,0.0,3.5238705443235867,2.4168123030655635,4.845757161933915
10.741379310344827,11.379310586206897,0.1111111111111111,3.4939328387711366,2.4095737390893293,4.834155292591578
10.741379310344827,11.379310586206897,0.2222222222222222,3.46431628469628,2.4024754790012177,4.822707496858986
10.741379310344827,11.379310586206897,0.3333333333333333,3.434989608687505,2.3955096282703545,4.8114079002452135
10.741379310344827,11.379310586206897,0.4444444444444444,3.4059237309804162,2.388669021658401,4.800250970870279
10.741379310344827,11.379310586206897,0.5555555555555556,3.377091479386707,2.381947137581499,4.789231494148463
10.741379310344827,11.379310586206897,0.6666666666666666,3.3484673432220857,2.375338024656455,4.7783445496269
10.741379310344827,11.379310586206897,0.7777777777777777,3.320027260188605,2.368836238398874,4.7675854898034595
10.741379310344827,11.379310586206897,0.8888888888888888,3.291748430549938,2.362436786428608,4.75694992075329
10.741379310344827,11.379310586206897,1.0,3.2636091540143064,2.3561350808424866,4.746433684402757
10.741379310344827,11.896551931034482,0.0,3.5238705443235863,2.434450687623723,4.836958737943329
10.741379310344827,11.896551931034482,0.1111111111111111,3.4949959060361158,2.427423994747512,4.825811857640673
10.741379310344827,11.896551931034482,0.2222222222222222,3.4664218386383365,2.420525556463823,4.8148074686569755
10.741379310344827,11.896551931034482,0.3333333333333333,3.4381202396475037,2.4137484527298496,4.803940355817453
10.741379310344827,11.896551931034482,0.4444444444444444,3.41006491119264,2.407086378781962,4.793205595112048
10.741379310344827,11.896551931034482,0.5555555555555556,3.3822313207161843,2.4005335753983106,4.782598533279492
10.741379310344827,11.896551931034482,0.6666666666666666,3.3545963940007657,2.394084768749995,4.77211476901143
10.741379310344827,11.896551931034482,0.7777777777777777,3.3271383350207606,2.3877351182943958,4.761750135661282
10.741379310344827,11.896551931034482,0.8888888888888888,3.2998364681630594,2.3814801714495815,4.751500685342093
10.741379310344827,11.896551931034482,1.0,3.2726710991817725,2.3753158240149617,4.741362674301053
10.741379310344827,12.413793275862067,0.0,3.5238705443235867,2.4508202113826947,4.828672171610897
10.741379310344827,12.413793275862067,0.1111111111111111,3.495986305565232,2.4439980094608913,4.817947672661136
10.741379310344827,12.413793275862067,0.2222222222222222,3.468383941826251,2.437293492461551,4.807355297611748
10.741379310344827,12.413793275862067,0.3333333333333333,3.4410381089906674,2.4307005639630215,4.7968903978340105
10.741379310344827,12.413793275862067,0.4444444444444444,3.4139251242207838,2.424213649772844,4.786548573530891
10.741379310344827,12.413793275862067,0.5555555555555556,3.387022764615138,2.4178276407390884,4.776325657157414
10.741379310344827,12.413793275862067,0.6666666666666666,3.3603100921678304,2.4115378431678076,4.766217698066843
10.741379310344827,12.413793275862067,0.7777777777777777,3.333767300701067,2.405339935659462,4.7562209483082025
10.741379310344827,12.413793275862067,0.8888888888888888,3.3073755812388974,2.3992299313891854,4.746331849497109
10.741379310344827,12.413793275862067,1.0,3.2811170029204004,2.3932041450252948,4.736547020681819
10.741379310344827,12.931034620689655,0.0,3.5238705443235867,2.466042764044743,4.820853913370331
10.741379310344827,12.931034620689655,0.1111111111111111,3.4969112220642664,2.459417043895607,4.810522467910708
10.741379310344827,12.931034620689655,0.2222222222222222,3.470216744445659,2.4528996897633637,4.800313833478095
10.741379310344827,12.931034620689655,0.3333333333333333,3.4437641778718895,2.446485305663838,4.790223850700921
10.741379310344827,12.931034620689655,0.4444444444444444,3.4175320440488255,2.4401689413688428,4.780248573980343
10.741379310344827,12.931034620689655,0.5555555555555556,3.3915001496492954,2.4339460451994475,4.770384257936771
10.741379310344827,12.931034620689655,0.6666666666666666,3.3656494375154193,2.427812422897922,4.76062734478954
10.741379310344827,12.931034620689655,0.7777777777777777,3.3399618559673683,2.4217642016593652,4.750974452622818
10.741379310344827,12.931034620689655,0.8888888888888888,3.3144202433993306,2.415797798563075,4.741422364485637
10.741379310344827,12.931034620689655,1.0,3.289008225831574,2.4099098927718714,4.731968018272226
10.741379310344827,13.44827596551724,0.0,3.5238705443235867,2.480227288485369,4.81346523326752
10.741379310344827,13.44827596551724,0.1111111111111111,3.4977769254753395,2.4737897914789784,4.803500376401848
10.741379310344827,13.44827596551724,0.2222222222222222,3.471932597484742,2.467452404778458,4.793649937080172
10.741379310344827,13.44827596551724,0.3333333333333333,3.4463167423730128,2.4612103315297724,4.783910180420907
10.741379310344827,13.44827596551724,0.4444444444444444,3.420909822212808,2.455059157372644,4.774277556104317
10.741379310344827,13.44827596551724,0.5555555555555556,3.3956934342826783,2.4489948112328963,4.764748687223358
10.741379310344827,13.44827596551724,0.6666666666666666,3.370650183963792,2.4430135310069923,4.755320359848995
10.741379310344827,13.44827596551724,0.7777777777777777,3.3457635726407364,2.4371118334216115,4.7459895132813665
10.741379310344827,13.44827596551724,0.8888888888888888,3.321017898341586,2.4312864874717195,4.736753230952895
10.741379310344827,13.44827596551724,1.0,3.2963981672330385,2.4255344909380345,4.727608731946245
10.741379310344827,13.965517310344827,0.0,3.5238705443235867,2.493470875110773,4.806471570198882
10.741379310344827,13.965517310344827,0.1111111111111111,3.498588911788726,2.487213340733842,4.7968493463893385
10.741379310344827,13.965517310344827,0.2222222222222222,3.473542329579129,2.4810485696789217,4.787333951509071
10.741379310344827,13.965517310344827,0.3333333333333333,3.4487118440202065,2.4749722803413308,4.777922020594543
10.741379310344827,13.965517310344827,0.4444444444444444,3.424079631659443,2.46898052095408,4.768610348766678
10.741379310344827,13.965517310344827,0.5555555555555556,3.3996288754977666,2.463069636835157,4.759395882005168
10.741379310344827,13.965517310344827,0.6666666666666666,3.3753436559201826,2.4572362415980287,4.750275708472544
10.741379310344827,13.965517310344827,0.7777777777777777,3.3512088541259284,2.451477191761735,4.7412470503719115
10.741379310344827,13.965517310344827,0.8888888888888888,3.327210066227514,2.4457895642888503,4.732307256316697
10.741379310344827,13.965517310344827,1.0,3.303333526486916,2.440170636654548,4.723453794187431
10.741379310344827,14.482758655172413,0.0,3.5238705443235867,2.5058599509901445,4.7998419841107225
10.741379310344827,14.482758655172413,0.1111111111111111,3.499352018664148,2.499774275699384,4.790540645764739
10.741379310344827,14.482758655172413,0.2222222222222222,3.4750554743052926,2.493774797597596,4.78133925509081
10.741379310344827,14.482758655172413,0.3333333333333333,3.450963606668047,2.4878576804360404,4.772234770824178
10.741379310344827,14.482758655172413,0.4444444444444444,3.427060112714487,2.4820193737218084,4.763224291163122
10.741379310344827,14.482758655172413,0.5555555555555556,3.403329584704525,2.4762565852081013,4.7543050460919565
10.741379310344827,14.482758655172413,0.6666666666666666,3.3797574161963992,2.4705662566151996,4.745474390129116
10.741379310344827,14.482758655172413,0.7777777777777777,3.356329718512732,2.464945542135936,4.7367297954924235
10.741379310344827,14.482758655172413,0.8888888888888888,3.33303324618387,2.45939178935027,4.728068845668462
10.741379310344827,14.482758655172413,1.0,3.3098553301164246,2.45390252223153,4.719489229369515
10.741379310344827,15.0,0.0,3.5238705443235867,2.51747144973169,4.793548692594473
10.741379310344827,15.0,0.1111111111111111,3.500070520959369,2.5115497860051867,4.784548441963777
10.741379310344827,15.0,0.2222222222222222,3.4764804579640574,2.5057084277460238,4.7756418816976085
10.741379310344827,15.0,0.3333333333333333,3.4530845147185136,2.499943925475551,4.766826254894097
10.741379310344827,15.0,0.4444444444444444,3.4298677411496894,2.494253078365968,4.7580989266531
10.741379310344827,15.0,0.5555555555555556,3.4068159861364435,2.4886329110155705,4.749457377653828
10.741379310344827,15.0,0.6666666666666666,3.3839158161656133,2.4830806528729714,4.740899198062558
10.741379310344827,15.0,0.7777777777777777,3.3611544427926217,2.4775937199548164,4.732422081767973
10.741379310344827,15.0,0.8888888888888888,3.338519657689953,2.4721696985563977,4.72402382093689
10.741379310344827,15.0,1.0,3.3159997742546796,2.4668063306995553,4.715702300879716
12.448275862068964,1e-06,0.0,3.7576450045124146,3.045756937162984,5.666826717090117
12.448275862068964,1e-06,0.1111111111111111,3.595486879487961,3.045756932264222,5.594961021279396
12.448275862068964,1e-06,0.2222222222222222,3.4409078176023806,3.0457569118164,5.529098639285076
12.448275862068964,1e-06,0.3333333333333333,3.2891193997707364,3.0457569306578947,5.467556386904179
12.448275862068964,1e-06,0.4444444444444444,3.1370421919587397,3.0457432538467453,5.409279449526292
12.448275862068964,1e-06,0.5555555555555556,2.9826009503633446,3.0448079078222325,5.3535505448431415
12.448275862068964,1e-06,0.6666666666666666,2.8247084500273996,3.045756920327857,5.299852851077802
12.448275862068964,1e-06,0.7777777777777777,2.6638678464588272,3.04575498146267,5.2477972780815865
12.448275862068964,1e-06,0.8888888888888888,2.503677058253371,3.0456450007390443,5.1970804791446605
12.448275862068964,1e-06,1.0,2.3534890715551726,3.0457569038318937,5.14745901211545
12.448275862068964,0.5172423448275862,0.0,3.757645004512411,2.809582368790621,5.579752683685169
12.448275862068964,0.5172423448275862,0.1111111111111111,3.619482367290215,2.8111110502691647,5.518256527544727
12.448275862068964,0.5172423448275862,0.2222222222222222,3.487929873290817,2.8119762380826354,5.461199864438789
12.448275862068964,0.5172423448275862,0.3333333333333333,3.3598366316988293,2.812364848631713,5.407534645442969
12.448275862068964,0.5172423448275862,0.4444444444444444,3.233073980920754,2.8123952859216064,5.356562676007711
12.448275862068964,0.5172423448275862,0.5555555555555556,3.1060689699880233,2.8121479707486063,5.307789486126178
12.448275862068964,0.5172423448275862,0.6666666666666666,2.977614665661825,2.8116804493900456,5.26084889138898
12.448275862068964,0.5172423448275862,0.7777777777777777,2.846834628259507,2.8110356195153705,5.215460252757412
12.448275862068964,0.5172423448275862,0.8888888888888888,2.7132879868057254,2.8102465360228814,5.1714025381479365
12.448275862068964,0.5172423448275862,1.0,2.5772662091410585,2.809339375464385,5.128497720915801
12.448275862068964,1.0344836896551723,0.0,3.757645004512411,2.5895206479288055,5.507250292365125
12.448275862068964,1.0344836896551723,0.1111111111111111,3.6374411555342085,2.593053802146292,5.453818092339138
12.448275862068964,1.0344836896551723,0.2222222222222222,3.522843763487698,2.5956753916764637,5.403762917236308
12.448275862068964,1.0344836896551723,0.3333333333333333,3.411673194528287,2.5976226871829953,5.3564009495793945
12.448275862068964,1.0344836896551723,0.4444444444444444,3.3024022813460356,2.599056162431233,5.3112518121734755
12.448275862068964,1.0344836896551723,0.5555555555555556,3.1938717742278806,2.600089835146086,5.267961638899934
12.448275862068964,1.0344836896551723,0.6666666666666666,3.085148619539192,2.6008077934648495,5.2262602196029775
12.448275862068964,1.0344836896551723,0.7777777777777777,2.975455866191011,2.601273881420221,5.185935298275771
9.03448275862069,15.0,0.2222222222222222,3.161593320086966,2.3158976508323614,4.581228364784716
9.03448275862069,15.0,0.3333333333333333,3.1390989903553916,2.311133930314968,4.573381425130519
9.03448275862069,15.0,0.4444444444444444,3.1166413917328755,2.3064201451351716,4.565601706403277
9.03448275862069,15.0,0.5555555555555556,3.0942107223237856,2.3017548922126236,4.557887638853099
9.03448275862069,15.0,0.6666666666666666,3.071797371318234,2.297136847565816,4.550237718413925
9.03448275862069,15.0,0.7777777777777777,3.049391889396308,2.2925647605335664,4.542650503272009
9.03448275862069,15.0,0.8888888888888888,3.0269849608667245,2.2880374485126542,4.535124610662518
9.03448275862069,15.0,1.0,3.0045673772921218,2.2835537921572153,4.527658713876246
10.741379310344827,1e-06,0.0,3.5238705443235863,3.045756967748878,5.48020588872761
10.741379310344827,1e-06,0.1111111111111111,3.372931174954803,3.0457569667121853,5.418838569076679
10.741379310344827,1e-06,0.2222222222222222,3.2229956297915394,3.0457569168847596,5.3610515582996285
10.741379310344827,1e-06,0.3333333333333333,3.0707775052938624,3.0457569131220006,5.30599579519335
10.741379310344827,1e-06,0.4444444444444444,2.9135480351322585,3.04575695865266,5.253083374771958
10.741379310344827,1e-06,0.5555555555555556,2.7489475677825674,3.04575695476205,5.201884463891896
10.741379310344827,1e-06,0.6666666666666666,2.5752681906395747,3.045756951223059,5.152071479390299
10.741379310344827,1e-06,0.7777777777777777,2.3926608020180544,3.0457569451122275,5.103386331981932
10.741379310344827,1e-06,0.8888888888888888,2.2064811487452007,3.045757294462132,5.055619979460251
10.741379310344827,1e-06,1.0,2.0344664941218102,3.0451375999240655,5.008599164431716
10.741379310344827,0.5172423448275862,0.0,3.5238705443235867,2.83028151657129,5.395691960846829
10.741379310344827,0.5172423448275862,0.1111111111111111,3.395797234005341,2.8305053957274473,5.342682904604335
10.741379310344827,0.5172423448275862,0.2222222222222222,3.2695165794768095,2.8304275012010054,5.292418594526742
10.741379310344827,0.5172423448275862,0.3333333333333333,3.1429944039517115,2.8301164551883518,5.244361607541906
10.741379310344827,0.5172423448275862,0.4444444444444444,3.0145417470191416,2.8296203926440917,5.198122993286323
10.741379310344827,0.5172423448275862,0.5555555555555556,2.882638325269824,2.828974679288553,5.153409754025282
10.741379310344827,0.5172423448275862,0.6666666666666666,2.7458625249276887,2.828206276338375,5.10999422282765
10.741379310344827,0.5172423448275862,0.7777777777777777,2.602929674035574,2.827336370328641,5.067695052009794
10.741379310344827,0.5172423448275862,0.8888888888888888,2.4529183554253398,2.826382037315324,5.0263648174391165
10.741379310344827,0.5172423448275862,1.0,2.2958988380479615,2.82535733824357,4.985881612551864
10.741379310344827,1.0344836896551723,0.0,3.5238705443235863,2.632548587269297,5.325610522710102
10.741379310344827,1.0344836896551723,0.1111111111111111,3.41274941443394,2.63380788601269,5.279202172012961
10.741379310344827,1.0344836896551723,0.2222222222222222,3.3035598430555373,2.634663608251908,5.234946223184414
10.741379310344827,1.0344836896551723,0.3333333333333333,3.1949447747356716,2.635205394220045,5.192484016535962
10.741379310344827,1.0344836896551723,0.4444444444444444,3.085776855617972,2.635498939852794,5.1515453159964935
10.741379310344827,1.0344836896551723,0.5555555555555556,2.9750487531625787,2.635593982128022,5.111920054724013
10.741379310344827,1.0344836896551723,0.6666666666666666,2.86180887063254,2.6355291533444802,5.0734408288621315
10.741379310344827,1.0344836896551723,0.7777777777777777,2.7451273095584057,2.635335083455232,5.035971495228149
10.741379310344827,1.0344836896551723,0.8888888888888888,2.6240930115065426,2.635036465498857,4.999399442259657
10.741379310344827,1.0344836896551723,1.0,2.497860185150334,2.634653477462614,4.963630177278812
10.741379310344827,1.5517250344827584,0.0,3.5238705443235867,2.453867160038577,5.266499269133846
10.741379310344827,1.5517250344827584,0.1111111111111111,3.4258025514689097,2.4562521363022993,5.225391215488619
10.741379310344827,1.5517250344827584,0.2222222222222222,3.329580332598291,2.458238090480594,5.186004481603705
10.741379310344827,1.5517250344827584,0.3333333333333333,3.234250207782779,2.459903824813052,5.148089761571765
10.741379310344827,1.5517250344827584,0.4444444444444444,3.1390159976260765,2.4613097059847378,5.1114527200126965
10.741379310344827,1.5517250344827584,0.5555555555555556,3.0431717558340803,2.4625029617075467,5.07593806976054
10.741379310344827,1.5517250344827584,0.6666666666666666,2.9460585996968303,2.46352117317236,5.041419194192742
10.741379310344827,1.5517250344827584,0.7777777777777777,2.847035803943864,2.464394662701717,5.007791105366866
10.741379310344827,1.5517250344827584,0.8888888888888888,2.745462212832156,2.465148176619146,4.974965505869884
10.741379310344827,1.5517250344827584,1.0,2.6406881734855765,2.4658021020691145,4.94286722986006
10.741379310344827,2.068966379310345,0.0,3.5238705443235867,2.299219769874638,5.215931882607546
10.741379310344827,2.068966379310345,0.1111111111111111,3.43615254399226,2.3022523713518015,5.179148487258132
10.741379310344827,2.068966379310345,0.2222222222222222,3.350123383511606,2.30498496580338,5.143765463660752
10.741379310344827,2.068966379310345,0.3333333333333333,3.265086481939915,2.3074633982324277,5.109603735777689
10.741379310344827,2.068966379310345,0.4444444444444444,3.180455890758322,2.309725618047166,5.076519711574797
10.741379310344827,2.068966379310345,0.5555555555555556,3.0957139142011862,2.3118031767818317,5.044395937454326
10.741379310344827,2.068966379310345,0.6666666666666666,3.0103826757163175,2.3137224434526082,5.013134739871601
10.741379310344827,2.068966379310345,0.7777777777777777,2.9240039299304517,2.3155055732766585,4.982653754586706
10.741379310344827,2.068966379310345,0.8888888888888888,2.836124178230364,2.3171712763880645,4.952882695899827
10.741379310344827,2.068966379310345,1.0,2.7462837834178178,2.318735429424333,4.923760967076807
10.741379310344827,2.5862077241379313,0.0,3.5238705443235867,2.1759968999148525,5.17215546313931
10.741379310344827,2.5862077241379313,0.1111111111111111,3.4445536274897397,2.1787284022132254,5.138952447740163
10.741379310344827,2.5862077241379313,0.2222222222222222,3.366755580052077,2.1813504204622216,5.10690595810456
10.741379310344827,2.5862077241379313,0.3333333333333333,3.289952044248098,2.1838628573063037,5.075883808050724
10.741379310344827,2.5862077241379313,0.4444444444444444,3.2136981125206505,2.1862697337594095,5.045777479384886
10.741379310344827,2.5862077241379313,0.5555555555555556,3.1376007828604964,2.1885771052256664,5.016496436274586
10.741379310344827,2.5862077241379313,0.6666666666666666,3.0612998880784694,2.190791897567931,4.9879641115932865
10.741379310344827,2.5862077241379313,0.7777777777777777,2.9844541843230896,2.1929212540326612,4.960114995571008
10.741379310344827,2.5862077241379313,0.8888888888888888,2.9067307179316746,2.194972173097854,4.9328924749103455
10.741379310344827,2.5862077241379313,1.0,2.8277964104712594,2.19695131500885,4.906247196842789
10.741379310344827,3.103449068965517,0.0,3.5238705443235867,2.0906753474334097,5.133870625959325
10.741379310344827,3.103449068965517,0.1111111111111111,3.4515046249645787,2.0919874342945013,5.103670702411005
10.741379310344827,3.103449068965517,0.2222222222222222,3.3804963221797677,2.0934340791436776,5.074438648598858
10.741379310344827,3.103449068965517,0.3333333333333333,3.310441167488403,2.0949706893157867,5.04607460691622
10.741379310344827,3.103449068965517,0.4444444444444444,3.2409929251824625,2.0965660751818507,5.018494964683846
10.741379310344827,3.103449068965517,0.5555555555555556,3.1718451594460797,2.098198195997064,4.991628783692429
10.741379310344827,3.103449068965517,0.6666666666666666,3.10271813700439,2.0998513767839744,4.965415197723471
10.741379310344827,3.103449068965517,0.7777777777777777,3.033349091998892,2.101514442031257,4.939801472324713
10.741379310344827,3.103449068965517,0.8888888888888888,2.963484669065737,2.103179437661096,4.9147415299363795
10.741379310344827,3.103449068965517,1.0,2.8928748180658803,2.1048407400689455,4.890194809706495
10.741379310344827,3.6206904137931035,0.0,3.5238705443235863,2.044547108264814,5.100092778890499
10.741379310344827,3.6206904137931035,0.1111111111111111,3.457348340382323,2.04364023548933,5.072441148224876
10.741379310344827,3.6206904137931035,0.2222222222222222,3.392038439642581,2.043090108879223,5.045609041990679
10.741379310344827,3.6206904137931035,0.3333333333333333,3.3276224501587643,2.042823900235805,5.019519506651284
10.741379310344827,3.6206904137931035,0.4444444444444444,3.263825465206632,2.0427860174581722,4.994107022639518
10.741379310344827,3.6206904137931035,0.5555555555555556,3.2004034004926543,2.042933461352659,4.969315198095933
10.741379310344827,3.6206904137931035,0.6666666666666666,3.1371337909580057,2.0432325951382357,4.945095040102311
10.741379310344827,3.6206904137931035,0.7777777777777777,3.073808840380572,2.0436568476552583,4.921403634134049
10.741379310344827,3.6206904137931035,0.8888888888888888,3.010229969613939,2.044185049604687,4.898203118600904
10.741379310344827,3.6206904137931035,1.0,2.946203378290877,2.044800208477895,4.875459876890201
10.741379310344827,4.13793175862069,0.0,3.5238705443235867,2.0321298619797443,5.070061591875112
10.741379310344827,4.13793175862069,0.1111111111111111,3.4623279500337225,2.0288306539435066,5.044594795763688
10.741379310344827,4.13793175862069,0.2222222222222222,3.401869617428359,2.0260276670581,5.019829166814885
10.741379310344827,4.13793175862069,0.3333333333333333,3.3422405544059353,2.02364020971643,4.995704363593756
10.741379310344827,4.13793175862069,0.4444444444444444,3.2832187970844147,2.021604023635702,4.97216827350776
10.741379310344827,4.13793175862069,0.5555555555555556,3.2246065055799167,2.019867350803864,4.949175485150111
10.741379310344827,4.13793175862069,0.6666666666666666,3.166223360928621,2.0183880846165496,4.926686114548428
10.741379310344827,4.13793175862069,0.7777777777777777,3.107901505578284,2.017131667133366,4.904664888960977
10.741379310344827,4.13793175862069,0.8888888888888888,3.049481538128924,2.0160695114641207,4.883080421644606
10.741379310344827,4.13793175862069,1.0,2.990809237048976,2.0151778010034813,4.861904630586311
10.741379310344827,4.655173103448276,0.0,3.5238705443235867,2.0438795158698833,5.043180151616221
10.741379310344827,4.655173103448276,0.1111111111111111,3.466620627300392,2.0385332671172667,5.019603930747658
10.741379310344827,4.655173103448276,0.2222222222222222,3.410343227926958,2.033732525618792,4.99663320332914
10.741379310344827,4.655173103448276,0.3333333333333333,3.354831071848661,2.0294023894414077,4.974219925780896
10.741379310344827,4.655173103448276,0.4444444444444444,3.299902359911103,2.025481560269211,4.952322095138244
10.741379310344827,4.655173103448276,0.5555555555555556,3.2453943753855756,2.021919375503227,4.930902714008527
10.741379310344827,4.655173103448276,0.6666666666666666,3.1911586568313526,2.0186735966595974,4.9099289776981765
10.741379310344827,4.655173103448276,0.7777777777777777,3.137057249313073,2.0157087336665285,4.889371627293482
10.741379310344827,4.655173103448276,0.8888888888888888,3.0829597102431046,2.0129947565864037,4.869204428663568
10.741379310344827,4.655173103448276,1.0,3.0287406489847233,2.0105060924071516,4.8494037483655035
10.741379310344827,5.1724144482758625,0.0,3.5238705443235867,2.070255955840703,5.018973001721177
10.741379310344827,5.1724144482758625,0.1111111111111111,3.4703584383164863,2.0634163091412843,4.9970463017722135
10.741379310344827,5.1724144482758625,0.2222222222222222,3.4177216426352546,2.057109649711786,4.975646841508827
10.741379310344827,5.1724144482758625,0.3333333333333333,3.3657894718578882,2.0512721023658345,4.95473584730237
12.448275862068964,1.0344836896551723,0.8888888888888888,2.8641487612867436,2.6015377052719297,5.1468162664013315
12.448275862068964,1.0344836896551723,1.0,2.7507329105670864,2.6016385309197867,5.108763346704983
12.448275862068964,1.5517250344827584,0.0,3.757645004512411,2.3907453858058942,5.445888140043566
12.448275862068964,1.5517250344827584,0.1111111111111111,3.6513618752462578,2.3957674995766274,5.398854802892041
12.448275862068964,1.5517250344827584,0.2222222222222222,3.54981321427047,2.3999441939119497,5.354452824215831
12.448275862068964,1.5517250344827584,0.3333333333333333,3.451433238215782,2.4034592583785392,5.3122186656776496
12.448275862068964,1.5517250344827584,0.4444444444444444,3.3550898424666324,2.4064478276997767,5.271811856087844
12.448275862068964,1.5517250344827584,0.5555555555555556,3.2599084210619003,2.409011924135535,5.23297281170055
12.448275862068964,1.5517250344827584,0.6666666666666666,3.165175857129913,2.411230252809879,5.195497773037813
12.448275862068964,1.5517250344827584,0.7777777777777777,3.0702854130577495,2.413164619824537,5.15922300602312
12.448275862068964,1.5517250344827584,0.8888888888888888,2.974705480430275,2.4148642811372163,5.124014371077875
12.448275862068964,1.5517250344827584,1.0,2.877965059426024,2.4163689765773593,5.089760174152975
12.448275862068964,2.068966379310345,0.0,3.757645004512411,2.2256016146083932,5.3932428400936026
12.448275862068964,2.068966379310345,0.1111111111111111,3.6624532547011097,2.2305131135229694,5.351380569204876
12.448275862068964,2.068966379310345,0.2222222222222222,3.5712753796300185,2.2349777957429313,5.311611462513548
12.448275862068964,2.068966379310345,0.3333333333333333,3.482952187229163,2.2390421033226398,5.273611040391633
12.448275862068964,2.068966379310345,0.4444444444444444,3.396622090365095,2.2427542774697473,5.237131917704591
12.448275862068964,2.068966379310345,0.5555555555555556,3.3116089511020914,2.2461591740135978,5.2019798335256136
12.448275862068964,2.068966379310345,0.6666666666666666,3.2273571379836397,2.249296694979599,5.167998593537819
12.448275862068964,2.068966379310345,0.7777777777777777,3.1433917302648857,2.2522016356241172,5.135060150351841
12.448275862068964,2.068966379310345,0.8888888888888888,3.0592933377899967,2.254904064323438,5.103057813954544
12.448275862068964,2.068966379310345,1.0,2.974682310217404,2.2574298697508475,5.0719014560119495
12.448275862068964,2.5862077241379313,0.0,3.757645004512411,2.110195554201561,5.347552841913123
12.448275862068964,2.5862077241379313,0.1111111111111111,3.671488467666626,2.1126296605733663,5.309937446662623
12.448275862068964,2.5862077241379313,0.2222222222222222,3.5887586734058883,2.115279493583188,5.274017147595959
12.448275862068964,2.5862077241379313,0.3333333333333333,3.5085758206516244,2.1180221050608394,5.239558465103626
12.448275862068964,2.5862077241379313,0.4444444444444444,3.4302699413547013,2.1207854701103934,5.206377727191044
12.448275862068964,2.5862077241379313,0.5555555555555556,3.3533074572046857,2.123527226960796,5.174327010545392
12.448275862068964,2.5862077241379313,0.6666666666666666,3.2772465723191537,2.126222832191347,5.14328486922211
12.448275862068964,2.5862077241379313,0.7777777777777777,3.2017087402299387,2.1288586799127676,5.113149981513121
12.448275862068964,2.5862077241379313,0.8888888888888888,3.1263596954760184,2.131427970741508,5.083836656771571
12.448275862068964,2.5862077241379313,1.0,3.0508965563287243,2.133928166254793,5.055271572462258
12.448275862068964,3.103449068965517,0.0,3.757645004512411,2.053723568285219,5.307505828106687
12.448275862068964,3.103449068965517,0.1111111111111111,3.678984454141993,2.051843740142059,5.273428213807785
12.448275862068964,3.103449068965517,0.2222222222222222,3.6032726034800993,2.050824950153118,5.240744876350703
12.448275862068964,3.103449068965517,0.3333333333333333,3.5298274972032475,2.0504300496024745,5.209283751513185
12.448275862068964,3.103449068965517,0.4444444444444444,3.45811866181557,2.0504944464761876,5.1789058443260645
12.448275862068964,3.103449068965517,0.5555555555555556,3.3877177331980803,2.0509011973628355,5.149496750586394
12.448275862068964,3.103449068965517,0.6666666666666666,3.3182672472625168,2.051565623546086,5.1209608198762115
12.448275862068964,3.103449068965517,0.7777777777777777,3.2494599937117727,2.052425450092989,5.093217011349561
12.448275862068964,3.103449068965517,0.8888888888888888,3.1810248443573768,2.053434288277147,5.066195873907957
12.448275862068964,3.103449068965517,1.0,3.1127167448607675,2.054557215721651,5.039837296353976
12.448275862068964,3.6206904137931035,0.0,3.757645004512411,2.0494080185182835,5.272103275943174
12.448275862068964,3.6206904137931035,0.1111111111111111,3.685299508670327,2.0430665737455103,5.2410098633819215
12.448275862068964,3.6206904137931035,0.2222222222222222,3.6155116081311744,2.0379413580564667,5.211079048721957
12.448275862068964,3.6206904137931035,0.3333333333333333,3.547743043978041,2.03377308545275,5.182181343999724
12.448275862068964,3.6206904137931035,0.4444444444444444,3.4815672175686214,2.0303692349980946,5.154209757115811
12.448275862068964,3.6206904137931035,0.5555555555555556,3.416635198398111,2.027583992837961,5.127074551631928
12.448275862068964,3.6206904137931035,0.6666666666666666,3.3526534867244906,2.0253050845163965,5.10069949741725
12.448275862068964,3.6206904137931035,0.7777777777777777,3.2893688782970236,2.0234448459659125,5.07501912144347
12.448275862068964,3.6206904137931035,0.8888888888888888,3.2265578131821875,2.02193400396545,5.0499766488701585
12.448275862068964,3.6206904137931035,1.0,3.164018666955368,2.0207172434709175,5.02552243226125
12.448275862068964,4.13793175862069,0.0,3.7576450045124115,2.079392328281854,5.240571374725054
12.448275862068964,4.13793175862069,0.1111111111111111,3.690689524403736,2.0697380655266073,5.212023201603364
12.448275862068964,4.13793175862069,0.2222222222222222,3.625969372474369,2.0613562943723354,5.184456173387326
12.448275862068964,4.13793175862069,0.3333333333333333,3.5630529557257278,2.05402024855238,5.157771023139951
12.448275862068964,4.13793175862069,0.4444444444444444,3.501592528599102,2.0475547141680757,5.131884123247191
12.448275862068964,4.13793175862069,0.5555555555555556,3.441300279859778,2.041821983115644,5.106724175706867
12.448275862068964,4.13793175862069,0.6666666666666666,3.381932213475761,2.0367122664678283,5.082229759789532
12.448275862068964,4.13793175862069,0.7777777777777777,3.3232769017744537,2.03213695963809,5.058347479997394
12.448275862068964,4.13793175862069,0.8888888888888888,3.2651474012963697,2.028023795012661,5.035030543480541
12.448275862068964,4.13793175862069,1.0,3.207375289467812,2.024313279624178,5.012237650581799
12.448275862068964,4.655173103448276,0.0,3.757645004512411,2.1263094091020864,5.212300769938094
12.448275862068964,4.655173103448276,0.1111111111111111,3.695341960645807,2.114716179926096,5.1859448564955475
12.448275862068964,4.655173103448276,0.2222222222222222,3.6350065743275297,2.104291932211225,5.160425830245853
12.448275862068964,4.655173103448276,0.3333333333333333,3.576287949325306,2.0948546630494036,5.135666329283132
12.448275862068964,4.655173103448276,0.4444444444444444,3.5188992052340504,2.086260125926252,5.111600078826678
12.448275862068964,4.655173103448276,0.5555555555555556,3.462600323803886,2.0783922746274257,5.0881697604543925
12.448275862068964,4.655173103448276,0.6666666666666666,3.407186277264269,2.0711565585246863,5.065325381804576
12.448275862068964,4.655173103448276,0.7777777777777777,3.352478560537264,2.064475095553446,5.043023011290814
12.448275862068964,4.655173103448276,0.8888888888888888,3.2983189898186325,2.058283119882376,5.021223783025719
12.448275862068964,4.655173103448276,1.0,3.2445650534248993,2.0525263184532463,4.999893104742532
12.448275862068964,5.1724144482758625,0.0,3.7576450045124115,2.178767880403032,5.1868047892109095
12.448275862068964,5.1724144482758625,0.1111111111111111,3.699397173741688,2.1662744230776902,5.162353708284299
12.448275862068964,5.1724144482758625,0.2222222222222222,3.642892867519404,2.1547982347449826,5.138623282534404
12.448275862068964,5.1724144482758625,0.3333333333333333,3.5878432708749917,2.1441966243037527,5.11555232712187
12.448275862068964,5.1724144482758625,0.4444444444444444,3.5340091784228203,2.134354454506041,5.093087657176776
12.448275862068964,5.1724144482758625,0.5555555555555556,3.4811884703540286,2.1251775843777225,5.071182692734173
12.448275862068964,5.1724144482758625,0.6666666666666666,3.4292072397170985,2.116588163464939,5.049796358995551
12.448275862068964,5.1724144482758625,0.7777777777777777,3.377913337566102,2.1085211768060472,5.028892210786423
12.448275862068964,5.1724144482758625,0.8888888888888888,3.3271715656995045,2.100921857796558,5.008437728643039
12.448275862068964,5.1724144482758625,1.0,3.276860020249101,2.093743717408251,4.988403747511994
12.448275862068964,5.689655793103449,0.0,3.757645004512411,2.2307874956764846,5.1636898427103635
12.448275862068964,5.689655793103449,0.1111111111111111,3.702962264694273,2.2180425507913837,5.140906884168233
12.448275862068964,5.689655793103449,0.2222222222222222,3.6498338837178226,2.2061664511733783,5.118749796971763
12.448275862068964,5.689655793103449,0.3333333333333333,3.5980195233102896,2.1950471791992086,5.097169545601614
12.448275862068964,5.689655793103449,0.4444444444444444,3.547317812245615,2.184593061512191,5.076122960239558
12.448275862068964,5.689655793103449,0.5555555555555556,3.4975570547108146,2.17472818974104,5.055571809794095
12.448275862068964,5.689655793103449,0.6666666666666666,3.4485885087035815,2.165389069063097,5.035482050314052
12.448275862068964,5.689655793103449,0.7777777777777777,3.4002814083336435,2.1565221150947607,5.015823212068717
12.448275862068964,5.689655793103449,0.8888888888888888,3.3525191997565216,2.1480817511298187,4.996567896402659
12.448275862068964,5.689655793103449,1.0,3.3051966404810456,2.1400289391332956,4.977691359850736
12.448275862068964,6.206897137931034,0.0,3.757645004512411,2.279707943593518,5.142634038810712
12.448275862068964,6.206897137931034,0.1111111111111111,3.706120330067247,2.2670791896842504,5.121322259495154
12.448275862068964,6.206897137931034,0.2222222222222222,3.6559891528903994,2.2551905208259826,5.1005582149491255
12.448275862068964,6.206897137931034,0.3333333333333333,3.607049496403119,2.2439531414609264,5.080302133542172
12.448275862068964,6.206897137931034,0.4444444444444444,3.5591303680690625,2.2332935052332195,5.060518607801077
12.448275862068964,6.206897137931034,0.5555555555555556,3.512084764444832,2.223150057939228,5.04117597048674
12.448275862068964,6.206897137931034,0.6666666666666666,3.465784515320257,2.2134708114333645,5.022245774939635
12.448275862068964,6.206897137931034,0.7777777777777777,3.4201164035154132,2.2042115035692307,5.003702361479929
12.448275862068964,6.206897137931034,0.8888888888888888,3.374979189632942,2.1953341803706135,4.98552249433275
12.448275862068964,6.206897137931034,1.0,3.3302812915491344,2.1868060881906164,4.967685056264164
12.448275862068964,6.724138482758621,0.0,3.757645004512411,2.3245927753651925,5.123371464243255
12.448275862068964,6.724138482758621,0.1111111111111111,3.708936798585644,2.3122748510660305,5.103365483777338
12.448275862068964,6.724138482758621,0.2222222222222222,3.661484321920072,2.300589979683328,5.083842188706149
12.448275862068964,6.724138482758621,0.3333333333333333,3.6151163221467373,2.2894669339784044,5.064768969043967
12.448275862068964,6.724138482758621,0.4444444444444444,3.569686459045554,2.2788460897401848,5.046116505549311
12.448275862068964,6.724138482758621,0.5555555555555556,3.525067967815658,2.268677068582546,5.0278583450941285
12.448275862068964,6.724138482758621,0.6666666666666666,3.48114965846971,2.258916953967359,5.009970537657189
12.448275862068964,6.724138482758621,0.7777777777777777,3.437832860617208,2.249528919116999,4.992431326665964
12.448275862068964,6.724138482758621,0.8888888888888888,3.3950290507465057,2.2404811565982072,4.975220884712945
12.448275862068964,6.724138482758621,1.0,3.3526579810198065,2.2317460326275635,4.9583210875389865
12.448275862068964,7.241379827586207,0.0,3.757645004512411,2.3653204402408043,5.105680446359301
12.448275862068964,7.241379827586207,0.1111111111111111,3.711463868296543,2.3534079844728835,5.086840215096336
12.448275862068964,7.241379827586207,0.2222222222222222,3.666419683410284,2.3420407639319465,5.06842802880497
12.448275862068964,7.241379827586207,0.3333333333333333,3.622366073981627,2.3311609643974665,5.0504168838270616
12.448275862068964,7.241379827586207,0.4444444444444444,3.5791768989339556,2.3207197251931,5.032782288571058
12.448275862068964,7.241379827586207,0.5555555555555556,3.53674213023821,2.3106754056791217,5.0155019717901155
12.448275862068964,7.241379827586207,0.6666666666666666,3.494964715502366,2.3009922542139516,4.998555626709117
12.448275862068964,7.241379827586207,0.7777777777777777,3.4537581497190653,2.2916393712693934,4.981924687998982
12.448275862068964,7.241379827586207,0.8888888888888888,3.413044567228184,2.282589891255454,4.965592137877147
12.448275862068964,7.241379827586207,1.0,3.3727532214477387,2.2738203294689106,4.949542337587189
12.448275862068964,7.758621172413793,0.0,3.757645004512411,2.402122004606728,5.089374664200566
12.448275862068964,7.758621172413793,0.1111111111111111,3.7137436751617736,2.390653480405535,5.071580669034575
12.448275862068964,7.758621172413793,0.2222222222222222,3.67087625307225,2.3796581695174295,5.054168445748585
12.448275862068964,7.758621172413793,0.3333333333333333,3.6289167045238684,2.3690886218354033,5.0371154300892576
12.448275862068964,7.758621172413793,0.4444444444444444,3.5877555852614615,2.358904386042145,5.020400997335535
12.448275862068964,7.758621172413793,0.5555555555555556,3.5472968210930027,2.3490707159414432,5.004006260333641
12.448275862068964,7.758621172413793,0.6666666666666666,3.507455223045855,2.3395575639786825,4.987913887732873
12.448275862068964,7.758621172413793,0.7777777777777777,3.4681545404977654,2.330338787946273,4.972107942142242
12.448275862068964,7.758621172413793,0.8888888888888888,3.4293259147801938,2.3213915184066654,4.9565737368490845
12.448275862068964,7.758621172413793,1.0,3.390906635257542,2.3126956489718817,4.941297709318871
12.448275862068964,8.275862517241379,0.0,3.757645004512411,2.4353585006924705,5.074296330178366
12.448275862068964,8.275862517241379,0.1111111111111111,3.715810595814677,2.4243413932281657,5.057445863352271
12.448275862068964,8.275862517241379,0.2222222222222222,3.674920180319846,2.4137381321766016,5.040937687376377
12.448275862068964,8.275862517241379,0.3333333333333333,3.634864509719671,2.403509375148126,5.024752790558482
12.448275862068964,8.275862517241379,0.4444444444444444,3.5955480535391127,2.3936213154937724,5.00887367450503
12.448275862068964,8.275862517241379,0.5555555555555556,3.556886458307305,2.3840447038399764,4.993284213453197
12.448275862068964,8.275862517241379,0.6666666666666666,3.5188045614491434,2.3747540776181904,4.977969524302641
12.448275862068964,8.275862517241379,0.7777777777777777,3.481234817589731,2.3657271472050017,4.962915848392542
12.448275862068964,8.275862517241379,0.8888888888888888,3.4441160360301266,2.3569443016451155,4.9481104449413795
12.448275862068964,8.275862517241379,1.0,3.4073923561331285,2.348388206844197,4.9335414955028325
12.448275862068964,8.793103862068964,0.0,3.757645004512411,2.4654179854747786,5.060310898614667
12.448275862068964,8.793103862068964,0.1111111111111111,3.7176929477360363,2.454843102559837,5.04431512256772
12.448275862068964,8.793103862068964,0.2222222222222222,3.6786060020388596,2.4446327709357,5.028627719350374
12.448275862068964,8.793103862068964,0.3333333333333333,3.6402888849949995,2.434754066139747,5.013232547826518
12.448275862068964,8.793103862068964,0.4444444444444444,3.6026577473880397,2.4251784897412385,4.998114659165374
12.448275862068964,8.793103862068964,0.5555555555555556,3.5656381485980875,2.4158812201313817,4.9832601984517035
12.448275862068964,8.793103862068964,0.6666666666666666,3.5291634555470828,2.406840516022459,4.968656311258012
12.448275862068964,8.793103862068964,0.7777777777777777,3.493173560908252,2.398037236442443,4.954291056792561
12.448275862068964,8.793103862068964,0.8888888888888888,3.4576138452175713,2.3894544507362245,4.940153328194291
12.448275862068964,8.793103862068964,1.0,3.4224343275810685,2.381077118913488,4.926232779964822
12.448275862068964,9.310345206896551,0.0,3.757645004512411,2.492670646061567,5.047302915128476
12.448275862068964,9.310345206896551,0.1111111111111111,3.7194142626294835,2.482520217283612,5.032084530611693
12.448275862068964,9.310345206896551,0.2222222222222222,3.6819790785765987,2.4726930759938557,5.017145195084948
12.448275862068964,9.310345206896551,0.3333333333333333,3.6452558788865717,2.4631614342737516,5.00247110773383
12.448275862068964,9.310345206896551,0.4444444444444444,3.609170688992766,2.4539010781315036,4.988049415712369
12.448275862068964,9.310345206896551,0.5555555555555556,3.5736575055453934,2.444890787324597,4.973868145168024
12.448275862068964,9.310345206896551,0.6666666666666666,3.5386569954694878,2.436111868719371,4.959916133809254
12.448275862068964,9.310345206896551,0.7777777777777777,3.5041154444475024,2.427547777312148,4.946182966794905
12.448275862068964,9.310345206896551,0.8888888888888888,3.4699838981507205,2.419183805722097,4.932658916815965
12.448275862068964,9.310345206896551,1.0,3.436217454082398,2.4110068277337073,4.9193348887000035
12.448275862068964,9.827586551724137,0.0,3.757645004512411,2.517451548047603,5.03517272880876
12.448275862068964,9.827586551724137,0.1111111111111111,3.7209942526436133,2.507703810997015,5.020664105256696
12.448275862068964,9.827586551724137,0.2222222222222222,3.6850774419798227,2.498244539367424,5.0064090300460276
12.448275862068964,9.827586551724137,0.3333333333333333,3.649820885188097,2.4890500982055133,4.992395626260569
12.448275862068964,9.827586551724137,0.4444444444444444,3.6151590085392367,2.4800997647386764,4.978612777104373
12.448275862068964,9.827586551724137,0.5555555555555556,3.581033032480466,2.4713752744030124,4.965050077546098
12.448275862068964,9.827586551724137,0.6666666666666666,3.547389906682123,2.4628604522705153,4.951697785519126
12.448275862068964,9.827586551724137,0.7777777777777777,3.5141814416228048,2.4545409111496372,4.938546774416256
12.448275862068964,9.827586551724137,0.8888888888888888,3.481363593678192,2.446403802293412,4.925588487850986
12.448275862068964,9.827586551724137,1.0,3.4488958713300666,2.4384376080204255,4.912814897180226
12.448275862068964,10.344827896551724,0.0,3.757645004512411,2.5400562441916303,5.023833864182941
12.448275862068964,10.344827896551724,0.1111111111111111,3.72244955231286,2.5306880310378244,5.009975527942407
12.448275862068964,10.344827896551724,0.2222222222222222,3.6879332154227646,2.521578667089951,4.996348443606055
12.448275862068964,10.344827896551724,0.3333333333333333,3.6540307081817165,2.5127079066528695,4.982942328034345
12.448275862068964,10.344827896551724,0.4444444444444444,3.6206836463246197,2.504057896909606,4.9697475124398816
12.448275862068964,10.344827896551724,0.5555555555555556,3.587839469173741,2.495612819278171,4.956754908577531
12.448275862068964,10.344827896551724,0.6666666666666666,3.555450561795693,2.487358595697711,4.943955973388344
12.448275862068964,10.344827896551724,0.7777777777777777,3.5234735332733367,2.4792826461309034,4.9313426736988255
12.448275862068964,10.344827896551724,0.8888888888888888,3.4918686181187852,2.471373686859596,4.918907451941829
12.448275862068964,10.344827896551724,1.0,3.460599175735223,2.463621561562465,4.906643193456088
12.448275862068964,10.86206924137931,0.0,3.757645004512411,2.560742093417904,5.013210902953426
12.448275862068964,10.86206924137931,0.1111111111111111,3.7237942945380067,2.5517302703394544,4.999950305203565
12.448275862068964,10.86206924137931,0.2222222222222222,3.6905737154829037,2.5429519216932097,4.986901366107419
12.448275862068964,10.86206924137931,0.3333333333333333,3.6579251651299907,2.534389591674757,4.97405513230426
12.448275862068964,10.86206924137931,0.4444444444444444,3.6257964460355403,2.526027805891136,4.961403150682703
12.448275862068964,10.86206924137931,0.5555555555555556,3.594140378752214,2.517852785501081,4.948937444884912
12.448275862068964,10.86206924137931,0.6666666666666666,3.5629140734995173,2.5098522112166926,4.9366504897065475
12.448275862068964,10.86206924137931,0.7777777777777777,3.5320783267792852,2.502015027013088,4.924535184819124
12.448275862068964,10.86206924137931,0.8888888888888888,3.5015971174552245,2.494331275743395,4.912584828720803
12.448275862068964,10.86206924137931,1.0,3.471437182702519,2.4867919606011126,4.9007930934768025
12.448275862068964,11.379310586206897,0.0,3.757645004512411,2.579731856071014,5.003237763347899
12.448275862068964,11.379310586206897,0.1111111111111111,3.7250405622522766,2.5710540999007687,4.990528268571208
12.448275862068964,11.379310586206897,0.2222222222222222,3.693022316897669,2.562587927448132,4.978013133732354
12.448275862068964,11.379310586206897,0.3333333333333333,3.661538342762823,2.554318197713165,4.965684522406575
12.448275862068964,11.379310586206897,0.4444444444444444,3.6305417939222675,2.546231422162634,4.953535008370523
12.448275862068964,11.379310586206897,0.5555555555555556,3.5999901696934473,2.538315534996289,4.941557559448451
12.448275862068964,11.379310586206897,0.6666666666666666,3.5698447066540293,2.530559702061022,4.929745519026735
12.448275862068964,11.379310586206897,0.7777777777777777,3.540069871370458,2.522954160817445,4.9180925864822305
12.448275862068964,11.379310586206897,0.8888888888888888,3.510632933988256,2.5154900854618627,4.906592797345869
12.448275862068964,11.379310586206897,1.0,3.4815036072709944,2.5081594725819634,4.895240503735427
12.448275862068964,11.896551931034482,0.0,3.757645004512411,2.597217944959218,4.993856292351009
12.448275862068964,11.896551931034482,0.1111111111111111,3.7261987459133294,2.588853135352889,4.981656342169294
12.448275862068964,11.896551931034482,0.2222222222222222,3.6952991373859154,2.5806809034748843,4.969635412052757
12.448275862068964,11.896551931034482,0.3333333333333333,3.6648995919641942,2.5726880430727084,4.957786609603213
12.448275862068964,11.896551931034482,0.4444444444444444,3.6349579150949793,2.5648627352020115,4.946103381012494
12.448275862068964,11.896551931034482,0.5555555555555556,3.6054356923998863,2.5571943621762863,4.934579500148269
12.448275862068964,11.896551931034482,0.6666666666666666,3.5762977792305923,2.5496733517337766,4.923209055277695
12.448275862068964,11.896551931034482,0.7777777777777777,3.5475118719469663,2.5422910456847294,4.911986434502619
12.448275862068964,11.896551931034482,0.8888888888888888,3.5190481453378166,2.5350395885422663,4.900906310635711
12.448275862068964,11.896551931034482,1.0,3.490878943975446,2.527911832581461,4.889963626008824
12.448275862068964,12.413793275862067,0.0,3.757645004512411,2.6133665984611216,4.985015106170347
12.448275862068964,12.413793275862067,0.1111111111111111,3.7272778289064012,2.605294987338553,4.973287523703514
12.448275862068964,12.413793275862067,0.2222222222222222,3.697421584706208,2.5973993545843896,4.961725302673009
12.448275862068964,12.413793275862067,0.3333333333333333,3.668034322204212,2.5896681220515134,4.950322353235664
12.448275862068964,12.413793275862067,0.4444444444444444,3.6390779079997504,2.5820908835080876,4.939072866775874
12.448275862068964,12.413793275862067,0.5555555555555556,3.6105175116637196,2.5746582528810835,4.92797130873453
12.448275862068964,12.413793275862067,0.6666666666666666,3.5823211748593367,2.5673617363179435,4.917012409158472
12.448275862068964,12.413793275862067,0.7777777777777777,3.554459447197725,2.56019362369394,4.906191151888625
12.448275862068964,12.413793275862067,0.8888888888888888,3.526905076511103,2.5531468961075614,4.895502763026035
12.448275862068964,12.413793275862067,1.0,3.4996327438089896,2.546215146607153,4.884942699118343
12.448275862068964,12.931034620689655,0.0,3.757645004512411,2.6283216737775383,4.9766686291605
12.448275862068964,12.931034620689655,0.1111111111111111,3.7282856172281793,2.620524926990627,4.965380036810347
14.155172413793103,3.103449068965517,0.4444444444444444,3.6198353741282943,2.035100963441117,5.308970943218864
14.155172413793103,3.103449068965517,0.5555555555555556,3.5467065062868572,2.0322459214561825,5.277228639187064
14.155172413793103,3.103449068965517,0.6666666666666666,3.4753491807504955,2.030183773083994,5.2465871711354035
14.155172413793103,3.103449068965517,0.7777777777777777,3.4053666157894003,2.028737953670512,5.216933846681848
14.155172413793103,3.103449068965517,0.8888888888888888,3.3364285852611144,2.0277767964900253,5.188173638198454
14.155172413793103,3.103449068965517,1.0,3.2682537159056526,2.027200680199222,5.1602254566306645
14.155172413793103,3.6206904137931035,0.0,3.9423370643172757,2.1055782551297626,5.4129674530581005
14.155172413793103,3.6206904137931035,0.1111111111111111,3.862469288571742,2.090332504862904,5.378578456742253
14.155172413793103,3.6206904137931035,0.2222222222222222,3.7867706907450365,2.077750575334552,5.345723138165763
14.155172413793103,3.6206904137931035,0.3333333333333333,3.71433908362554,2.0672322595319836,5.3142097326942865
14.155172413793103,3.6206904137931035,0.4444444444444444,3.644506274573626,2.058345216679313,5.283883127218541
14.155172413793103,3.6206904137931035,0.5555555555555556,3.5767576940841237,2.0507691661169605,5.254615695082796
14.155172413793103,3.6206904137931035,0.6666666666666666,3.5106840258366643,2.0442614992779453,5.226300859864142
14.155172413793103,3.6206904137931035,0.7777777777777777,3.445950532746086,2.0386350753921265,5.1988484727794315
14.155172413793103,3.6206904137931035,0.8888888888888888,3.3822767750816403,2.0337433364698265,5.172181421393294
14.155172413793103,3.6206904137931035,1.0,3.3194227445950917,2.0294700202511264,5.146233093152019
14.155172413793103,4.13793175862069,0.0,3.942337064317276,2.171937400809908,5.3798089904674775
14.155172413793103,4.13793175862069,0.1111111111111111,3.8684294516539492,2.154111757990452,5.348360427520128
14.155172413793103,4.13793175862069,0.2222222222222222,3.7981333069036975,2.1386339996378587,5.318186177382468
14.155172413793103,4.13793175862069,0.3333333333333333,3.7307270783031488,2.1250461207104583,5.289143696114484
14.155172413793103,4.13793175862069,0.4444444444444444,3.665664082645694,2.113006354271519,5.261114562884654
14.155172413793103,4.13793175862069,0.5555555555555556,3.6025160918085404,2.102253286291355,5.233999196278464
14.155172413793103,4.13793175862069,0.6666666666666666,3.5409381198174095,2.0925829437745103,5.207712921454504
14.155172413793103,4.13793175862069,0.7777777777777777,3.4806454219126133,2.083833543566958,5.182183014211827
14.155172413793103,4.13793175862069,0.8888888888888888,3.421397902378346,2.075874988160816,5.157346451222314
14.155172413793103,4.13793175862069,1.0,3.3629892163002717,2.068601424402715,5.133148175212394
14.155172413793103,4.655173103448276,0.0,3.942337064317276,2.2421156115973435,5.3500669452739595
14.155172413793103,4.655173103448276,0.1111111111111111,3.8735761268170297,2.2236182816054404,5.321135925058209
14.155172413793103,4.655173103448276,0.2222222222222222,3.8079698919608367,2.2070796395935552,5.2932765352571165
14.155172413793103,4.655173103448276,0.3333333333333333,3.7449334022963465,2.1921555632507923,5.266381001971386
14.155172413793103,4.655173103448276,0.4444444444444444,3.684014554328144,2.178583124739109,5.240357667105941
14.155172413793103,4.655173103448276,0.5555555555555556,3.6248537503593568,2.1661570085650292,5.215127947431976
14.155172413793103,4.655173103448276,0.6666666666666666,3.5671578895643186,2.154714005966692,5.1906239279183515
14.155172413793103,4.655173103448276,0.7777777777777777,3.510682924615906,2.144122439317624,5.16678646635267
14.155172413793103,4.655173103448276,0.8888888888888888,3.4552217709875443,2.134274725677859,5.143563696004836
14.155172413793103,4.655173103448276,1.0,3.400595690766631,2.1250820124886802,5.120909835082065
14.155172413793103,5.1724144482758625,0.0,3.942337064317276,2.308388326693447,5.323232892323062
14.155172413793103,5.1724144482758625,0.1111111111111111,3.8780632577454686,2.290179965126693,5.296477618418901
14.155172413793103,5.1724144482758625,0.2222222222222222,3.816566159150741,2.27358707062218,5.270633252864561
14.155172413793103,5.1724144482758625,0.3333333333333333,3.757365763126966,2.2583482881773476,5.245617047431546
14.155172413793103,5.1724144482758625,0.4444444444444444,3.7000845132225644,2.2442601867147904,5.221357157128933
14.155172413793103,5.1724144482758625,0.5555555555555556,3.6444179449343013,2.231161359777091,5.197790911450972
14.155172413793103,5.1724144482758625,0.6666666666666666,3.5901152132787346,2.218921693310893,5.174863348189456
14.155172413793103,5.1724144482758625,0.7777777777777777,3.5369657199082325,2.2074348842308766,5.152525999149411
14.155172413793103,5.1724144482758625,0.8888888888888888,3.4847896559336773,2.196613082501021,5.13073589278268
14.155172413793103,5.1724144482758625,1.0,3.433431144137285,2.18638296352618,5.10945473568549
14.155172413793103,5.689655793103449,0.0,3.942337064317276,2.3682730490194714,5.298895419889734
14.155172413793103,5.689655793103449,0.1111111111111111,3.882008592082551,2.3507739648340418,5.274036296782178
14.155172413793103,5.689655793103449,0.2222222222222222,3.8241409990126134,2.334613142482225,5.249958944270433
14.155172413793103,5.689655793103449,0.3333333333333333,3.7683360856535058,2.3195888344954336,5.226598934366597
14.155172413793103,5.689655793103449,0.4444444444444444,3.714275730179363,2.3055414906050427,5.203899293198563
14.155172413793103,5.689655793103449,0.5555555555555556,3.6617001908590106,2.292342785439153,5.181809546399445
14.155172413793103,5.689655793103449,0.6666666666666666,3.610393342365749,2.2798880341496695,5.160284837240867
14.155172413793103,5.689655793103449,0.7777777777777777,3.560172317409928,2.2680907990822563,5.139285153119805
14.155172413793103,5.689655793103449,0.8888888888888888,3.510880046522156,2.2568789612525717,5.118774662616408
14.155172413793103,5.689655793103449,1.0,3.46237976212393,2.246191798219266,5.09872115295471
14.155172413793103,6.206897137931034,0.0,3.942337064317276,2.4214861911188503,5.2767178969044615
14.155172413793103,6.206897137931034,0.1111111111111111,3.885503658426703,2.404847804050229,5.253523719717546
14.155172413793103,6.206897137931034,0.2222222222222222,3.8308648960966734,2.3893286492026036,5.231006311376674
14.155172413793103,6.206897137931034,0.3333333333333333,3.778087175530142,2.37477046095516,5.209114864068264
14.155172413793103,6.206897137931034,0.4444444444444444,3.7269002613886295,2.3610462999844852,5.187803708538388
14.155172413793103,6.206897137931034,0.5555555555555556,3.6770810161416514,2.348052822307321,5.16703181778444
14.155172413793103,6.206897137931034,0.6666666666666666,3.62844207423442,2.33570481932083,5.146762290164425
14.155172413793103,6.206897137931034,0.7777777777777777,3.5808237402109655,2.3239312638336784,5.126961862761874
14.155172413793103,6.206897137931034,0.8888888888888888,3.5340880556103897,2.3126723842705807,5.10760047339737
14.155172413793103,6.206897137931034,1.0,3.488114364361526,2.301877459309214,5.0886508751554045
14.155172413793103,6.724138482758621,0.0,3.942337064317276,2.468545169765682,5.256422112796821
14.155172413793103,6.724138482758621,0.1111111111111111,3.888620632257714,2.4527926491431034,5.234699810692733
14.155172413793103,6.724138482758621,0.2222222222222222,3.8368725753954047,2.4379862119245996,5.213567974880038
14.155172413793103,6.724138482758621,0.3333333333333333,3.7868109058854666,2.4239998616846186,5.192986067403059
14.155172413793103,6.724138482758621,0.4444444444444444,3.738204345330455,2.410731252500795,5.172917114316619
14.155172413793103,6.724138482758621,0.5555555555555556,3.6908599645021383,2.3980961398019294,5.1533274799847435
14.155172413793103,6.724138482758621,0.6666666666666666,3.644614399266764,2.3860243841657445,5.1341865785903495
14.155172413793103,6.724138482758621,0.7777777777777777,3.5993274551739454,2.3744570086487387,5.115466574880768
14.155172413793103,6.724138482758621,0.8888888888888888,3.5548773520144827,2.3633439896057773,5.097142098185954
14.155172413793103,6.724138482758621,1.0,3.5111571216943216,2.3526425702399996,5.079189979860255
14.155172413793103,7.241379827586207,0.0,3.942337064317276,2.5101906598019,5.237776051597298
14.155172413793103,7.241379827586207,0.1111111111111111,3.8914171624046414,2.495292760321075,5.217362958858821
14.155172413793103,7.241379827586207,0.2222222222222222,3.842271884628304,2.4812029079242524,5.197468699449781
14.155172413793103,7.241379827586207,0.3333333333333333,3.7946609283578896,2.467819464055708,5.178060580013516
14.155172413793103,7.241379827586207,0.4444444444444444,3.748384991533099,2.455058916083145,5.1591083884578675
14.155172413793103,7.241379827586207,0.5555555555555556,3.7032762668942025,2.4428518272175137,5.140584326280011
14.155172413793103,7.241379827586207,0.6666666666666666,3.659191559422947,2.431139867729746,5.1224628626628625
14.155172413793103,7.241379827586207,0.7777777777777777,3.6160071941052445,2.4198735950926022,5.1047205577459325
14.155172413793103,7.241379827586207,0.8888888888888888,3.5736151760415913,2.4090107650497585,5.087335879610333
14.155172413793103,7.241379827586207,1.0,3.53192024571082,2.398515026742975,5.0702890273244545
14.155172413793103,7.758621172413793,0.0,3.9423370643172757,2.5471640597084844,5.220584627044451
14.155172413793103,7.758621172413793,0.1111111111111111,3.8939398287806832,2.533066602025549,5.201342580880917
14.155172413793103,7.758621172413793,0.2222222222222222,3.8471501579269107,2.5196659387337514,5.182559375988921
14.155172413793103,7.758621172413793,0.3333333333333333,3.801761747862057,2.506879107007958,5.164208382957144
14.155172413793103,7.758621172413793,0.4444444444444444,3.757601760327526,2.494637224749237,5.146264701810751
14.155172413793103,7.758621172413793,0.5555555555555556,3.714523429666307,2.4828824897052817,5.128705184435416
14.155172413793103,7.758621172413793,0.6666666666666666,3.6724006186083735,2.4715659439646163,5.1115083769608045
14.155172413793103,7.758621172413793,0.7777777777777777,3.631123730489782,2.4606457786923097,5.094654422979975
14.155172413793103,7.758621172413793,0.8888888888888888,3.5905965867190255,2.450086028246431,5.078124950313523
14.155172413793103,7.758621172413793,1.0,3.5507340046765243,2.439855550109486,5.061902953851672
14.155172413793103,8.275862517241379,0.0,3.942337064317276,2.580131262138519,5.204682571834587
14.155172413793103,8.275862517241379,0.1111111111111111,3.89622666206284,2.5667730154648103,5.18649334981351
14.155172413793103,8.275862517241379,0.2222222222222222,3.8515788562553497,2.5540208784403067,5.168712312086483
14.155172413793103,8.275862517241379,0.3333333333333333,3.80821532362254,2.541806411238786,5.151317568631024
14.155172413793103,8.275862517241379,0.4444444444444444,3.765985295416196,2.5300722465966645,5.134288432472593
14.155172413793103,8.275862517241379,0.5555555555555556,3.7247597474931107,2.5187698356627983,5.117605491143379
14.155172413793103,8.275862517241379,0.6666666666666666,3.6844270554171703,2.5078577438041365,5.101250602829955
14.155172413793103,8.275862517241379,0.7777777777777777,3.644889687719561,2.4973003413862545,5.085206851433194
14.155172413793103,8.275862517241379,0.8888888888888888,3.6060616496690057,2.48706678361286,5.069458480541167
14.155172413793103,8.275862517241379,1.0,3.567866479328131,2.4771302054818163,5.053990818040371
14.155172413793103,8.793103862068964,0.0,3.942337064317276,2.609664737745802,5.189928916537063
14.155172413793103,8.793103862068964,0.1111111111111111,3.898309008245983,2.596984795960164,5.172690669786235
14.155172413793103,8.793103862068964,0.2222222222222222,3.8556170051201026,2.5848362384195585,5.155817509054674
14.155172413793103,8.793103862068964,0.3333333333333333,3.8141059512168303,2.5731620639836597,5.139291286456696
14.155172413793103,8.793103862068964,0.4444444444444444,3.77364361367369,2.5619140755474503,5.123094686071047
14.155172413793103,8.793103862068964,0.5555555555555556,3.7341160204813737,2.5510511655003536,5.1072113196847155
14.155172413793103,8.793103862068964,0.6666666666666666,3.6954239639864412,2.5405380018390002,5.091625754709196
14.155172413793103,8.793103862068964,0.7777777777777777,3.6574803065428503,2.5303440066421548,5.076323502450721
14.155172413793103,8.793103862068964,0.8888888888888888,3.6202078745596737,2.5204425515485966,5.061290983866468
14.155172413793103,8.793103862068964,1.0,3.5835377911931343,2.510810316774633,5.046515483295112
14.155172413793103,9.310345206896551,0.0,3.942337064317276,2.636247563528376,5.176202657033477
14.155172413793103,9.310345206896551,0.1111111111111111,3.9002129277982642,2.6241885856196543,5.159827092907917
14.155172413793103,9.310345206896551,0.2222222222222222,3.8593137778315727,2.6125987921053264,5.1437796917009075
14.155172413793103,9.310345206896551,0.3333333333333333,3.819503927348523,2.6014302958205264,5.128045288383074
14.155172413793103,9.310345206896551,0.4444444444444444,3.7806668146132365,2.590642280972108,5.112609286871696
14.155172413793103,9.310345206896551,0.5555555555555556,3.7427013124139097,2.5801996839977437,5.097457765288974
14.155172413793103,9.310345206896551,0.6666666666666666,3.705518892319057,2.570072170037971,5.082577521648602
14.155172413793103,9.310345206896551,0.7777777777777777,3.6690414142837042,2.5602333283034326,5.067956082961999
14.155172413793103,9.310345206896551,0.8888888888888888,3.6331993811809595,2.550660032051691,5.053581692199441
14.155172413793103,9.310345206896551,1.0,3.5979305441374008,2.541331924081669,5.039443282249133
14.155172413793103,9.827586551724137,0.0,3.942337064317276,2.660284539556769,5.16339932128302
14.155172413793103,9.827586551724137,0.1111111111111111,3.9019602590342677,2.6487939756740317,5.1478094566609185
14.155172413793103,9.827586551724137,0.2222222222222222,3.8627104619341974,2.6377203391852917,5.132515918522908
14.155172413793103,9.827586551724137,0.3333333333333333,3.824468337957838,2.6270230811368953,5.117505940549843
14.155172413793103,9.827586551724137,0.4444444444444444,3.787130656270515,2.6166673850968944,5.102767138220856
14.155172413793103,9.827586551724137,0.5555555555555556,3.7506073106306466,2.6066231414657426,5.088287614945799
14.155172413793103,9.827586551724137,0.6666666666666666,3.7148190026850902,2.596864142471379,5.074056016660585
14.155172413793103,9.827586551724137,0.7777777777777777,3.679695416893592,2.5873674428002036,5.060061553551386
14.155172413793103,9.827586551724137,0.8888888888888888,3.645173765548943,2.5781128463057086,5.046294000951432
14.155172413793103,9.827586551724137,1.0,3.6111976162027473,2.569082489910448,5.032743687255204
14.155172413793103,10.344827896551724,0.0,3.942337064317276,2.682114491256672,5.151428224142481
14.155172413793103,10.344827896551724,0.1111111111111111,3.903569435768624,2.67114483818207,5.136556577858711
14.155172413793103,10.344827896551724,0.2222222222222222,3.8658419738253995,2.660547834145595,5.121953643823862
14.155172413793103,10.344827896551724,0.3333333333333333,3.829049205292392,2.6502888953483064,5.10760860063786
14.155172413793103,10.344827896551724,0.4444444444444444,3.7930993048585364,2.64033812488365,5.093510875237731
14.155172413793103,10.344827896551724,0.5555555555555556,3.7579116708193534,2.6306695074123625,5.079650245033523
14.155172413793103,10.344827896551724,0.6666666666666666,3.7234150193918416,2.621260270386092,5.06601689586482
14.155172413793103,10.344827896551724,0.7777777777777777,3.6895458685995677,2.6120903718478297,5.052601450900956
14.155172413793103,10.344827896551724,0.8888888888888888,3.65624731884005,2.6031420856713385,5.039394980475954
14.155172413793103,10.344827896551724,1.0,3.623468062223378,2.5943996626873513,5.02638899952265
14.155172413793103,10.86206924137931,0.0,3.942337064317276,2.702021582400673,5.140210254000429
14.155172413793103,10.86206924137931,0.1111111111111111,3.9050561228059597,2.691530188082834,5.125997380599055
14.155172413793103,10.86206924137931,0.2222222222222222,3.8687380380225576,2.681373632138365,5.112029134857661
14.155172413793103,10.86206924137931,0.3333333333333333,3.833289159723569,2.67152222237859,5.098296284557948
14.155172413793103,10.86206924137931,0.4444444444444444,3.7986274734609564,2.6619501288309135,5.084789750610216
14.155172413793103,10.86206924137931,0.5555555555555556,3.7646806137516546,2.6526347457012975,5.071500702632771
14.155172413793103,10.86206924137931,0.6666666666666666,3.731384286354295,2.643556180306351,5.0584206168647015
14.155172413793103,10.86206924137931,0.7777777777777777,3.6986810015536125,2.6346968396273924,5.045541308662015
14.155172413793103,10.86206924137931,0.8888888888888888,3.6665190468627507,2.6260410928071325,5.032854947840201
14.155172413793103,10.86206924137931,1.0,3.634851646156661,2.6175749933592685,5.0203540624902745
14.155172413793103,11.379310586206897,0.0,3.9423370643172757,2.720244999060572,5.129676074367474
14.155172413793103,11.379310586206897,0.1111111111111111,3.906433714759822,2.7101936762183274,5.116069365607221
14.155172413793103,11.379310586206897,0.2222222222222222,3.871424114479113,2.700444673481926,5.102686170209181
14.155172413793103,11.379310586206897,0.3333333333333333,3.837224754762979,2.6909723423091205,5.089518563887682
14.155172413793103,11.379310586206897,0.4444444444444444,3.8037621029899267,2.681754240040972,5.076558707693155
14.155172413793103,11.379310586206897,0.5555555555555556,3.770970963181455,2.6727706201448287,5.063798935879155
14.155172413793103,11.379310586206897,0.6666666666666666,3.738793161847851,2.6640040201696236,5.051231811751506
14.155172413793103,11.379310586206897,0.7777777777777777,3.707176483875572,2.655438925641926,5.038850161432375
14.155172413793103,11.379310586206897,0.8888888888888888,3.676073802843253,2.6470614936200314,5.026647092364954
14.155172413793103,11.379310586206897,1.0,3.645442364129937,2.6388593235781825,5.014616001292542
14.155172413793103,11.896551931034482,0.0,3.942337064317276,2.736986972436237,5.119764652097827
14.155172413793103,11.896551931034482,0.1111111111111111,3.90771373119336,2.727341550531404,5.106717350318407
14.155172413793103,11.896551931034482,0.2222222222222222,3.8739221344840113,2.717970298933837,5.093874962677813
14.155172413793103,11.896551931034482,0.3333333333333333,3.8408875111094423,2.7088509366560674,5.081230648685611
14.155172413793103,11.896551931034482,0.4444444444444444,3.808543696085538,2.699963861836159,5.068777605139979
14.155172413793103,11.896551931034482,0.5555555555555556,3.776831761048738,2.691291741275376,5.056509145965361
14.155172413793103,11.896551931034482,0.6666666666666666,3.745698913358218,2.6828191758371527,5.044418754870275
14.155172413793103,11.896551931034482,0.7777777777777777,3.7150975975657383,2.6745324253989695,5.032500118894322
14.155172413793103,11.896551931034482,0.8888888888888888,3.6849847557267363,2.6664191810186484,5.0207471484827515
14.155172413793103,11.896551931034482,1.0,3.6553212136139828,2.6584683748744697,5.0091539880634475
14.155172413793103,12.413793275862067,0.0,3.942337064317276,2.7524193244049786,5.110422044828543
14.155172413793103,12.413793275862067,0.1111111111111111,3.9089061323009253,2.7431492026705437,5.09789242530811
14.155172413793103,12.413793275862067,0.2222222222222222,3.876251089627418,2.7341287363322135,5.085551262670789
14.155172413793103,12.413793275862067,0.3333333333333333,3.8443047527210896,2.725338468217171,5.073392620254796
14.155172413793103,12.413793275862067,0.4444444444444444,3.8130073849773147,2.716761194202539,5.061410564914087
14.155172413793103,12.413793275862067,0.5555555555555556,3.7823055593185306,2.708381630285627,5.049599238995913
14.155172413793103,12.413793275862067,0.6666666666666666,3.752151230950554,2.700186139038312,5.037952909250047
14.155172413793103,12.413793275862067,0.7777777777777777,3.7225009749359135,2.6921625031177925,5.026465999240622
14.155172413793103,12.413793275862067,0.8888888888888888,3.6933153542748576,2.6842997364056878,5.015133109922314
14.155172413793103,12.413793275862067,1.0,3.6645583922683236,2.6765879254901694,5.003949031716227
14.155172413793103,12.931034620689655,0.0,3.9423370643172757,2.7666887733662198,5.101600395712395
14.155172413793103,12.931034620689655,0.1111111111111111,3.9100195731103087,2.7577665034338525,5.089551084840794
14.155172413793103,12.931034620689655,0.2222222222222222,3.878427506895796,2.7490724209908697,5.0776756077144825
14.155172413793103,12.931034620689655,0.3333333333333333,3.8475002816955985,2.7405894518638236,5.065968785976188
14.155172413793103,12.931034620689655,0.4444444444444444,3.817183793350293,2.7323024277764634,5.054425421359002
14.155172413793103,12.931034620689655,0.5555555555555556,3.7874294618552273,2.7241978144562293,5.043040360240201
14.155172413793103,12.931034620689655,0.6666666666666666,3.7581934463806483,2.716263486587577,5.031808538604445
14.155172413793103,12.931034620689655,0.7777777777777777,3.729435995328201,2.708488540213156,5.02072501278232
14.155172413793103,12.931034620689655,0.8888888888888888,3.701120904196933,2.700863135321915,5.009784979824399
14.155172413793103,12.931034620689655,1.0,3.6732150602498423,2.6933783629609924,4.9989837903100565
14.155172413793103,13.44827596551724,0.0,3.942337064317276,2.779921228320339,5.093257095109189
14.155172413793103,13.44827596551724,0.1111111111111111,3.9110616096936055,2.7713221375555674,5.0816544984885565
14.155172413793103,13.44827596551724,0.2222222222222222,3.8804658347325884,2.7629323381645055,5.070212690994117
14.155172413793103,13.44827596551724,0.3333333333333333,3.8504949270825333,2.754736778930762,5.058927134113312
14.155172413793103,13.44827596551724,0.4444444444444444,3.8210997372169917,2.7467220297578425,5.047793253510167
14.155172413793103,13.44827596551724,0.5555555555555556,3.7922359712098928,2.7388760581944345,5.036806496723619
14.155172413793103,13.44827596551724,0.6666666666666666,3.7638635229729736,2.7311880431858295,5.025962374209065
14.155172413793103,13.44827596551724,0.7777777777777777,3.735945917756822,2.7236482188275146,5.015256488118532
14.155172413793103,13.44827596551724,0.8888888888888888,3.708449845170409,2.7162477424872007,5.004684552022138
14.155172413793103,13.44827596551724,1.0,3.6813447647908015,2.708978582862742,4.994242403922092
14.155172413793103,13.965517310344827,0.0,3.942337064317276,2.7922252683132793,5.085354077651733
14.155172413793103,13.965517310344827,0.1111111111111111,3.9120388676043056,2.783927126225425,5.074167897763443
14.155172413793103,13.965517310344827,0.2222222222222222,3.8823787589053085,2.7758215639456285,5.063130827432527
14.155172413793103,13.965517310344827,0.3333333333333333,3.853306994265752,2.7678952570995734,5.052238870953301
14.155172413793103,13.965517310344827,0.4444444444444444,3.824778798876803,2.7601362673323697,5.04148798633597
14.155172413793103,13.965517310344827,0.5555555555555556,3.796753681794633,2.7525338575203175,5.030874136767376
14.155172413793103,13.965517310344827,0.6666666666666666,3.7691948652843763,2.745078336767168,5.020393327886954
14.155172413793103,13.965517310344827,0.7777777777777777,3.7420688063330494,2.7377609295902654,5.01004163449011
14.155172413793103,13.965517310344827,0.8888888888888888,3.7153447928583883,2.730573664894451,4.99981521932199
14.155172413793103,13.965517310344827,1.0,3.6889946008972334,2.723509281241705,4.989710345939266
14.155172413793103,14.482758655172413,0.0,3.9423370643172757,2.803694969842065,5.077857229769792
14.155172413793103,14.482758655172413,0.1111111111111111,3.9129571803516225,2.7956776957449363,5.067060057075361
14.155172413793103,14.482758655172413,0.2222222222222222,3.884177462603396,2.7878381565127235,5.0564015001471505
14.155172413793103,14.482758655172413,0.3333333333333333,3.855952635308372,2.78016450949369,5.045878026121425
14.155172413793103,14.482758655172413,0.4444444444444444,3.8282418000248484,2.7726461028037064,5.035486049341918
14.155172413793103,14.482758655172413,0.5555555555555556,3.8010078511023906,2.7652733216579257,5.025221977201701
14.155172413793103,14.482758655172413,0.6666666666666666,3.7742169858879215,2.758037458687524,5.015082243882888
14.155172413793103,14.482758655172413,0.7777777777777777,3.747838291673148,2.750930603877345,5.005063334972466
12.448275862068964,12.931034620689655,0.2222222222222222,3.6994047972011432,2.6128895813706396,4.954244597513926
12.448275862068964,12.931034620689655,0.3333333333333333,3.670964641248163,2.6054054374983164,4.943256907457947
12.448275862068964,12.931034620689655,0.4444444444444444,3.6429305768924327,2.5980632916423088,4.932411797793614
12.448275862068964,12.931034620689655,0.5555555555555556,3.615270929559118,2.590854811143187,4.921704330137776
12.448275862068964,12.931034620689655,0.6666666666666666,3.5879565569986744,2.583772428714815,4.911129789937957
12.448275862068964,12.931034620689655,0.7777777777777777,3.5609605385319947,2.5768092523024717,4.900683678482805
12.448275862068964,12.931034620689655,0.8888888888888888,3.5342579093135678,2.5699589878177678,4.890361704113134
12.448275862068964,12.931034620689655,1.0,3.507825431802171,2.563215872597101,4.880159773026847
12.448275862068964,13.44827596551724,0.0,3.757645004512411,2.642207965367339,4.968776292549936
12.448275862068964,13.44827596551724,0.1111111111111111,3.729228925714536,2.6346691327571645,4.9578966219634655
12.448275862068964,13.44827596551724,0.2222222222222222,3.7012620012359445,2.627278834649804,4.947159152945707
12.448275862068964,13.44827596551724,0.3333333333333333,3.6737098742058283,2.620028046045421,4.936559071131286
12.448275862068964,13.44827596551724,0.4444444444444444,3.64654110696747,2.612908592478798,4.926091759566743
12.448275862068964,13.44827596551724,0.5555555555555556,3.619726814259833,2.605913047045261,4.915752796113959
12.448275862068964,13.44827596551724,0.6666666666666666,3.5932403515476756,2.5990346425592246,4.905537948889324
12.448275862068964,13.44827596551724,0.7777777777777777,3.5670570486421997,2.592267196241819,4.895443170402054
12.448275862068964,13.44827596551724,0.8888888888888888,3.541153980758629,2.5856050448449244,4.885464590871119
12.448275862068964,13.44827596551724,1.0,3.515509770706689,2.579042988517896,4.875598511067031
12.448275862068964,13.965517310344827,0.0,3.757645004512411,2.655134049068263,4.961301862710756
12.448275862068964,13.965517310344827,0.1111111111111111,3.7301137300905784,2.6478374962603093,4.950803940139175
12.448275862068964,13.965517310344827,0.2222222222222222,3.7030048032437213,2.6406780673400485,4.940438361818368
12.448275862068964,13.965517310344827,0.3333333333333333,3.676286987669539,2.6336477431873484,4.930200822304413
12.448275862068964,13.965517310344827,0.4444444444444444,3.6499316158378488,2.6267392349054,4.920087182896589
12.448275862068964,13.965517310344827,0.5555555555555556,3.6239122765619296,2.6199458982265367,4.910093470387501
12.448275862068964,13.965517310344827,0.6666666666666666,3.598204548072166,2.6132616601048566,4.900215874029796
12.448275862068964,13.965517310344827,0.7777777777777777,3.572785768706776,2.6066809554632466,4.890450741281617
12.448275862068964,13.965517310344827,0.8888888888888888,3.5476348388898686,2.600198672449327,4.880794572743574
12.448275862068964,13.965517310344827,1.0,3.522732049279761,2.593810104859176,4.871244016590067
12.448275862068964,14.482758655172413,0.0,3.757645004512411,2.6671946927832795,4.954212875104947
12.448275862068964,14.482758655172413,0.1111111111111111,3.730945291928534,2.660126014503251,4.944072068804163
12.448275862068964,14.482758655172413,0.2222222222222222,3.7046434299063207,2.6531842962168404,4.934054705929251
12.448275862068964,14.482758655172413,0.3333333333333333,3.6787109385924452,2.646362384754171,4.924156922442605
12.448275862068964,14.482758655172413,0.4444444444444444,3.6531216070445844,2.6396537568588045,4.914374995857611
12.448275862068964,14.482758655172413,0.5555555555555556,3.6278512258862614,2.6330524476440433,4.904705344933633
12.448275862068964,14.482758655172413,0.6666666666666666,3.6028773577111304,2.6265529889259915,4.895144527765624
12.448275862068964,14.482758655172413,0.7777777777777777,3.5781791388900053,2.620150355835643,4.885689238744684
12.448275862068964,14.482758655172413,0.8888888888888888,3.5537371076493893,2.613839920407379,4.876336304744006
12.448275862068964,14.482758655172413,1.0,3.5295330542455106,2.6076174110753896,4.867082680794176
12.448275862068964,15.0,0.0,3.757645004512411,2.6784728881965143,4.947480154950154
12.448275862068964,15.0,0.1111111111111111,3.731728261971547,2.671618814748669,4.9376740739256695
12.448275862068964,15.0,0.2222222222222222,3.7061869268953935,2.664882610766076,4.927983374947305
12.448275862068964,15.0,0.3333333333333333,3.6809949630400074,2.6582578721520966,4.918404578478914
12.448275862068964,15.0,0.4444444444444444,3.656128345344764,2.6517387406255613,4.908934325727579
12.448275862068964,15.0,0.5555555555555556,3.631564830155504,2.645319843607372,4.899569378992258
12.448275862068964,15.0,0.6666666666666666,3.6072837569280676,2.638996242159721,4.890306620575905
12.448275862068964,15.0,0.7777777777777777,3.5832658762735328,2.632763385713407,4.881143050664687
12.448275862068964,15.0,0.8888888888888888,3.559493200162502,2.6266170725456157,4.872075784478481
12.448275862068964,15.0,1.0,3.535948870862945,2.6205534151517758,4.863102048921979
14.155172413793103,1e-06,0.0,3.942337064317353,3.0457566385884465,5.826834597017692
14.155172413793103,1e-06,0.1111111111111111,3.7641148451512962,3.0457569083227995,5.743152453189346
14.155172413793103,1e-06,0.2222222222222222,3.601064953691697,3.0457568723908683,5.668791728847985
14.155172413793103,1e-06,0.3333333333333333,3.4455138953715543,3.0457573663947577,5.600707020984562
14.155172413793103,1e-06,0.4444444444444444,3.2933430564113135,3.0448665910229544,5.53717606001288
14.155172413793103,1e-06,0.5555555555555556,,,
14.155172413793103,1e-06,0.6666666666666666,2.991010257355753,3.0457568358215985,5.419747149668031
14.155172413793103,1e-06,0.7777777777777777,2.8403663007208864,3.045756884496355,5.3645587459324
14.155172413793103,1e-06,0.8888888888888888,2.6932518426889276,3.045757358321097,5.311131633830571
14.155172413793103,1e-06,1.0,2.5564574345408024,3.0457560503239467,5.259146671341551
14.155172413793103,0.5172423448275862,0.0,3.942337064317276,2.7860821224589536,5.735736166068156
14.155172413793103,0.5172423448275862,0.1111111111111111,3.7901592039465415,2.789721594623041,5.6649480058664246
14.155172413793103,0.5172423448275862,0.2222222222222222,3.65027007607472,2.7920269744852892,5.600846733066487
14.155172413793103,0.5172423448275862,0.3333333333333333,3.517490307400707,2.793447231576113,5.541575343703778
14.155172413793103,0.5172423448275862,0.4444444444444444,3.3888052881425708,2.794238390924054,5.485998057568846
14.155172413793103,0.5172423448275862,0.5555555555555556,3.2622619394090213,2.7945616543605576,5.43335713108894
14.155172413793103,0.5172423448275862,0.6666666666666666,3.1365435480494357,2.7945258264224497,5.383115907072014
14.155172413793103,0.5172423448275862,0.7777777777777777,3.0108209987985433,2.7942082825043952,5.334877209084993
14.155172413793103,0.5172423448275862,0.8888888888888888,2.884767074668951,2.7936663494315743,5.288336920381997
14.155172413793103,0.5172423448275862,1.0,2.758714757517762,2.792943928192256,5.243255746598632
14.155172413793103,1.0344836896551723,0.0,3.942337064317276,2.541250818815544,5.659792708425393
14.155172413793103,1.0344836896551723,0.1111111111111111,3.8097770231293495,2.548331724926228,5.598870820967617
14.155172413793103,1.0344836896551723,0.2222222222222222,3.6872021285826007,2.5535878892457347,5.5428961041459
14.155172413793103,1.0344836896551723,0.3333333333333333,3.570981827001478,2.5575660380680763,5.490688144999601
14.155172413793103,1.0344836896551723,0.4444444444444444,3.4588729846754895,2.560608135136309,5.441474741554025
14.155172413793103,1.0344836896551723,0.5555555555555556,3.3493510078801214,2.5629431298086,5.394715825852218
14.155172413793103,1.0344836896551723,0.6666666666666666,3.2413123115097253,2.5647320776739595,5.350015094102756
14.155172413793103,1.0344836896551723,0.7777777777777777,3.1339317071987907,2.5660926075130237,5.307070931345579
14.155172413793103,1.0344836896551723,0.8888888888888888,3.026598910193223,2.5671131846959225,5.2656470749416355
14.155172413793103,1.0344836896551723,1.0,2.9189066523839027,2.56786190791865,5.2255540618068475
14.155172413793103,1.5517250344827584,0.0,3.942337064317276,2.322892479024404,5.595458325810359
14.155172413793103,1.5517250344827584,0.1111111111111111,3.8250493353579924,2.3314633941630376,5.542261331869179
14.155172413793103,1.5517250344827584,0.2222222222222222,3.7159564907503455,2.3385631961038165,5.492823062385856
14.155172413793103,1.5517250344827584,0.3333333333333333,3.612433404109723,2.3445193877233486,5.446366194949594
14.155172413793103,1.5517250344827584,0.4444444444444444,3.51277691738671,2.3495744895226256,5.402352450231509
14.155172413793103,1.5517250344827584,0.5555555555555556,3.4157905051534523,2.3539102032205474,5.360389328311309
14.155172413793103,1.5517250344827584,0.6666666666666666,3.3205824669168003,2.357664918315078,5.320179365386996
14.155172413793103,1.5517250344827584,0.7777777777777777,3.2264588940973082,2.360945761413451,5.281490230140989
14.155172413793103,1.5517250344827584,0.8888888888888888,3.132864817320878,2.363836888095625,5.24413600820952
14.155172413793103,1.5517250344827584,1.0,3.0393534841765515,2.3664052697715774,5.2079649230927165
14.155172413793103,2.068966379310345,0.0,3.942337064317276,2.1563224077927425,5.540220683058348
14.155172413793103,2.068966379310345,0.1111111111111111,3.837253275022132,2.1621702024308056,5.493195766881753
14.155172413793103,2.068966379310345,0.2222222222222222,3.7389746801931256,2.167857257182737,5.44909315097489
14.155172413793103,2.068966379310345,0.3333333333333333,3.645552720834383,2.1732305277357975,5.407385041692787
14.155172413793103,2.068966379310345,0.4444444444444444,3.5556700934969103,2.1782468882294763,5.367687896120276
14.155172413793103,2.068966379310345,0.5555555555555556,3.468375581748811,2.1829095000775913,5.329711666487762
14.155172413793103,2.068966379310345,0.6666666666666666,3.382946153068685,2.187240609446765,5.293230134897166
14.155172413793103,2.068966379310345,0.7777777777777777,3.298809255100684,2.1912693171931434,5.258062456416299
14.155172413793103,2.068966379310345,0.8888888888888888,3.215496701428938,2.195025971751543,5.224061101863411
14.155172413793103,2.068966379310345,1.0,3.1326167542081294,2.1985396423115846,5.191103666199779
14.155172413793103,2.5862077241379313,0.0,3.942337064317276,2.0686246988151997,5.492249377976891
14.155172413793103,2.5862077241379313,0.1111111111111111,3.847214773889424,2.067182341770425,5.450243944578329
14.155172413793103,2.5862077241379313,0.2222222222222222,3.7578103840503037,2.0672848513680346,5.410556466173165
14.155172413793103,2.5862077241379313,0.3333333333333333,3.672644557062823,2.0683368150005617,5.372818831345586
14.155172413793103,2.5862077241379313,0.4444444444444444,3.5906815162089543,2.0699808336291614,5.336752301427901
14.155172413793103,2.5862077241379313,0.5555555555555556,3.5111551566128294,2.0719941943315803,5.302139266024465
14.155172413793103,2.5862077241379313,0.6666666666666666,3.4334733751005584,2.074234292205167,5.268805627047612
14.155172413793103,2.5862077241379313,0.7777777777777777,3.3571616181643766,2.07660803087513,5.23660927305959
14.155172413793103,2.5862077241379313,0.8888888888888888,3.281827823859063,2.0790538512056793,5.205432239991694
14.155172413793103,2.5862077241379313,1.0,3.207139900156449,2.0815307751025367,5.175175205085836
14.155172413793103,3.103449068965517,0.0,3.942337064317276,2.0610199177223345,5.450178506435918
14.155172413793103,3.103449068965517,0.1111111111111111,3.8554906475590984,2.0513552134577377,5.412318790746753
14.155172413793103,3.103449068965517,0.2222222222222222,3.773501983531373,2.0442479837791643,5.376330115208678
14.155172413793103,3.103449068965517,0.3333333333333333,3.695225713703873,2.038989791251304,5.3419495789103655
15.862068965517242,5.1724144482758625,0.0,4.094855564120486,2.440611334986693,5.436385472449433
15.862068965517242,5.1724144482758625,0.1111111111111111,4.023702517582211,2.4169673678297316,5.4076323624526195
15.862068965517242,5.1724144482758625,0.2222222222222222,3.956563968059622,2.3956415982331745,5.379943094198012
15.862068965517242,5.1724144482758625,0.3333333333333333,3.892681242127357,2.376208810889541,5.353224708455219
15.862068965517242,5.1724144482758625,0.4444444444444444,3.831484483503821,2.3583501105235865,5.32739344695753
15.862068965517242,5.1724144482758625,0.5555555555555556,3.7725319822733367,2.341820018395175,5.302374790836333
15.862068965517242,5.1724144482758625,0.6666666666666666,3.715472321936389,2.326425546305587,5.2781027000095975
15.862068965517242,5.1724144482758625,0.7777777777777777,3.6600196826230023,2.312012315107684,5.254518636645705
15.862068965517242,5.1724144482758625,0.8888888888888888,3.60593712447065,2.298455019919116,5.2315705982537795
15.862068965517242,5.1724144482758625,1.0,3.553024919812129,2.285650688428752,5.209212241348149
15.862068965517242,5.689655793103449,0.0,4.094855564120486,2.502080355868759,5.410809665253227
15.862068965517242,5.689655793103449,0.1111111111111111,4.0280983899596245,2.48008915339644,5.384182439122623
15.862068965517242,5.689655793103449,0.2222222222222222,3.9648847555366706,2.459995299021774,5.3584544213864795
15.862068965517242,5.689655793103449,0.3333333333333333,3.904587471095648,2.4414729040620147,5.3335570121238
15.862068965517242,5.689655793103449,0.4444444444444444,3.8467263344025997,2.4242729828035023,5.309426386359323
15.862068965517242,5.689655793103449,0.5555555555555556,3.7909234562226244,2.4082009180863744,5.286004340295125
15.862068965517242,5.689655793103449,0.6666666666666666,3.7368745394235696,2.393101716463102,5.26323826197073
15.862068965517242,5.689655793103449,0.7777777777777777,3.6843296752865884,2.378849997566482,5.24108075031484
15.862068965517242,5.689655793103449,0.8888888888888888,3.63308007603922,2.365342984477961,5.21948911610909
15.862068965517242,5.689655793103449,1.0,3.5829486513112947,2.352495466256659,5.198424868988873
15.862068965517242,6.206897137931034,0.0,4.094855564120486,2.5552809827372,5.387510169895296
15.862068965517242,6.206897137931034,0.1111111111111111,4.0319911810700875,2.53484486294273,5.362739802987708
15.862068965517242,6.206897137931034,0.2222222222222222,3.9722753756743514,2.515983546587747,5.33873695395338
15.862068965517242,6.206897137931034,0.3333333333333333,3.9151844949393446,2.4984428180372342,5.31545046368712
15.862068965517242,6.206897137931034,0.4444444444444444,3.8603107244464536,2.4820251858275584,5.292831252376594
15.862068965517242,6.206897137931034,0.5555555555555556,3.807328724049491,2.4665741221173163,5.270833503032142
15.862068965517242,6.206897137931034,0.6666666666666666,3.7559735936020333,2.4519634813417506,5.249415018387149
15.862068965517242,6.206897137931034,0.7777777777777777,3.706025808339185,2.4380901613576564,5.228537190189726
15.862068965517242,6.206897137931034,0.8888888888888888,3.657300613803064,2.4248688724718264,5.208164794369279
15.862068965517242,6.206897137931034,1.0,3.609640370948108,2.412228319556138,5.188265717484444
15.862068965517242,6.724138482758621,0.0,4.094855564120486,2.6015351051668,5.366192801729007
15.862068965517242,6.724138482758621,0.1111111111111111,4.035461525925483,2.5825103843348245,5.343056118731707
15.862068965517242,6.724138482758621,0.2222222222222222,3.978881968711959,2.564809562902801,5.320580378571286
15.862068965517242,6.724138482758621,0.3333333333333333,3.9246757264732253,2.5482312615165754,5.298727069981326
15.862068965517242,6.724138482758621,0.4444444444444444,3.8724939580119004,2.5326166655375992,5.2774581355321395
15.862068965517242,6.724138482758621,0.5555555555555556,3.822054901776134,2.5178382944731497,5.2567372447165
15.862068965517242,6.724138482758621,0.6666666666666666,3.773126794792787,2.503792284058739,5.236530336785456
15.862068965517242,6.724138482758621,0.7777777777777777,3.7255159551308417,2.490392927740562,5.2168057886056465
15.862068965517242,6.724138482758621,0.8888888888888888,3.6790582461975383,2.477568720752999,5.197534391384299
15.862068965517242,6.724138482758621,1.0,3.633612823125782,2.465259431365393,5.178689233437048
15.862068965517242,7.241379827586207,0.0,4.094855564120486,2.6420024138695704,5.346612391673062
15.862068965517242,7.241379827586207,0.1111111111111111,4.038573868083922,2.624241033988923,5.324922500579484
15.862068965517242,7.241379827586207,0.2222222222222222,3.9848217990031776,2.607605372566936,5.303806379182205
15.862068965517242,7.241379827586207,0.3333333333333333,3.9332246137980715,2.5919337334707655,5.283234795323464
15.862068965517242,7.241379827586207,0.4444444444444444,3.8834819195752353,2.577096851102276,5.263178011682126
15.862068965517242,7.241379827586207,0.5555555555555556,3.83534833948392,2.5629897526194214,5.243607022840794
15.862068965517242,7.241379827586207,0.6666666666666666,3.7886201413945644,2.5495260457464233,5.224494169172121
15.862068965517242,7.241379827586207,0.7777777777777777,3.743125734103428,2.5366338056515136,5.205813409798931
15.862068965517242,7.241379827586207,0.8888888888888888,3.698718751307079,2.524252547771121,5.187540408012426
15.862068965517242,7.241379827586207,1.0,3.6552729142115266,2.512330956553674,5.169652514409575
15.862068965517242,7.758621172413793,0.0,4.094855564120486,2.677644974998191,5.32856292372683
15.862068965517242,7.758621172413793,0.1111111111111111,4.041380297734889,2.661009670520174,5.308161969817197
15.862068965517242,7.758621172413793,0.2222222222222222,3.9901900182076324,2.6453412891746475,5.288262782955137
15.862068965517242,7.758621172413793,0.3333333333333333,3.940963997297114,2.630508431047024,5.268843010873754
15.862068965517242,7.758621172413793,0.4444444444444444,3.8934419560955393,2.616404745466556,5.249879253595017
15.862068965517242,7.758621172413793,0.5555555555555556,3.847409090988797,2.6029429443240666,5.231348205744068
15.862068965517242,7.758621172413793,0.6666666666666666,3.802685509846699,2.590050517985095,5.213227277147956
15.862068965517242,7.758621172413793,0.7777777777777777,3.759118595099495,2.5776665991837873,5.195494913847836
15.862068965517242,7.758621172413793,0.8888888888888888,3.716577364034613,2.5657396214913133,5.178130745169239
15.862068965517242,7.758621172413793,1.0,3.674948225510254,2.554225540904252,5.161115629713891
15.862068965517242,8.275862517241379,0.0,4.094855564120486,2.709245368268769,5.311869972043168
15.862068965517242,8.275862517241379,0.1111111111111111,4.04392335434176,2.693614127683749,5.292623578779789
15.862068965517242,8.275862517241379,0.2222222222222222,3.9950646180132705,2.67882090484415,5.273818944639628
15.862068965517242,8.275862517241379,0.3333333333333333,3.948002950242617,2.6647577671902307,5.255438867648101
15.862068965517242,8.275862517241379,0.4444444444444444,3.902511528879293,2.651336370370616,5.237464815603897
15.862068965517242,8.275862517241379,0.5555555555555556,3.8584013959905272,2.6384834929613907,5.2198779510601625
15.862068965517242,8.275862517241379,0.6666666666666666,3.8155130397620183,2.626137784339041,5.202659724187201
15.862068965517242,8.275862517241379,0.7777777777777777,3.773710213119985,2.6142473475288113,5.185792207571919
15.862068965517242,8.275862517241379,0.8888888888888888,3.7328753065104854,2.602767910379691,5.169258274867822
15.862068965517242,8.275862517241379,1.0,3.692905824610532,2.5916614202231423,5.153041684395846
15.862068965517242,8.793103862068964,0.0,4.094855564120486,2.737437115360685,5.296384833596958
15.862068965517242,8.793103862068964,0.1111111111111111,4.046238104047997,2.722703402882602,5.2781777874430595
15.862068965517242,8.793103862068964,0.2222222222222222,3.9995101128909707,2.7087018315451488,5.260362074194728
15.862068965517242,8.793103862068964,0.3333333333333333,3.95443186110065,2.695342883406399,5.242924381300935
15.862068965517242,8.793103862068964,0.4444444444444444,3.9108046220558568,2.682552530946932,5.225849944825091
15.862068965517242,8.793103862068964,0.5555555555555556,3.868461412050887,2.670268864340485,5.2091234535726425
15.862068965517242,8.793103862068964,0.6666666666666666,3.827260227422049,2.6584395951318047,5.192729597340657
15.862068965517242,8.793103862068964,0.7777777777777777,3.787079006782096,2.647020174616147,5.176653395525346
15.862068965517242,8.793103862068964,0.8888888888888888,3.7478118121304296,2.6359723525777996,5.160880388305155
15.862068965517242,8.793103862068964,1.0,3.7093658884951384,2.6252630573889992,5.145396741058747
15.862068965517242,9.310345206896551,0.0,4.094855564120486,2.7627340551347497,5.281979927544505
15.862068965517242,9.310345206896551,0.1111111111111111,4.048353700643028,2.7488054778716435,5.2647127920110695
15.862068965517242,9.310345206896551,0.2222222222222222,4.003580316561079,2.735521157210415,5.2477942903854835
15.862068965517242,9.310345206896551,0.3333333333333333,3.9603262644028834,2.722806194364154,5.231214070870829
15.862068965517242,9.310345206896551,0.4444444444444444,3.918416562245664,2.7105980664546387,5.214960307866479
15.862068965517242,9.310345206896551,0.5555555555555556,3.8777030101093195,2.6988440493696575,5.199020491265923
15.862068965517242,9.310345206896551,0.6666666666666666,3.8380587152060226,2.687499281860646,5.183381923411556
15.862068965517242,9.310345206896551,0.7777777777777777,3.7993739593295732,2.6765252872821184,5.168032030441167
15.862068965517242,9.310345206896551,0.8888888888888888,3.761553029304716,2.665888828223216,5.152958554180156
15.862068965517242,9.310345206896551,1.0,3.7245117511339494,2.655561007387718,5.1381496663823345
15.862068965517242,9.827586551724137,0.0,4.094855564120486,2.78555507197387,5.268545152287159
15.862068965517242,9.827586551724137,0.1111111111111111,4.050294573180848,2.7723516073316343,5.252131584495417
15.862068965517242,9.827586551724137,0.2222222222222222,4.0073204615877716,2.7597187519910604,5.236030238437951
15.862068965517242,9.827586551724137,0.3333333333333333,3.9657497661477583,2.747593336318752,5.22023303255752
15.862068965517242,9.827586551724137,0.4444444444444444,3.9254276931524306,2.7359221715458055,5.204730447951958
15.862068965517242,9.827586551724137,0.5555555555555556,3.8862221811569326,2.724660059422831,5.189512213152925
15.862068965517242,9.827586551724137,0.6666666666666666,3.8480194370220775,2.7137682766121785,5.174567748877046
15.862068965517242,9.827586551724137,0.7777777777777777,3.8107205247646863,2.7032134033659667,5.1598864565607645
15.862068965517242,9.827586551724137,0.8888888888888888,3.774238720755026,2.6929664062179137,5.145457903879753
15.862068965517242,9.827586551724137,1.0,3.7384974360618632,2.683001911003922,5.131271941644551
15.862068965517242,10.344827896551724,0.0,4.094855564120486,2.806243868839131,5.255984974680915
15.862068965517242,10.344827896551724,0.1111111111111111,4.05208133994223,2.793696101450895,5.240349578972849
15.862068965517242,10.344827896551724,0.2222222222222222,4.010768836120151,2.7816566933761746,5.224995149819488
15.862068965517242,10.344827896551724,0.3333333333333333,3.9707563042620566,2.770071976387343,5.209915357951238
15.862068965517242,10.344827896551724,0.4444444444444444,3.931906211842988,2.7588964014665027,5.195102506707277
15.862068965517242,10.344827896551724,0.5555555555555556,3.8941004302873203,2.7480909864000576,5.180548124039688
15.862068965517242,10.344827896551724,0.6666666666666666,3.857236570430704,2.737622118710183,5.166243357278622
15.862068965517242,10.344827896551724,0.7777777777777777,3.8212251502769097,2.727460620129063,5.152179236676019
15.862068965517242,10.344827896551724,0.8888888888888888,3.7859873766998473,2.7175810066017436,5.138346850546511
15.862068965517242,10.344827896551724,1.0,3.7514533869397297,2.7079608965369717,5.124737460250771
15.862068965517242,10.86206924137931,0.0,4.094855564120486,2.8250844556370405,5.244216084712364
15.862068965517242,10.86206924137931,0.1111111111111111,4.053731519248332,2.813131988362209,5.229292681070855
17.56896551724138,1.0344836896551723,0.4444444444444444,3.6697581789236082,2.478455027383885,5.642970741635344
17.56896551724138,1.0344836896551723,0.5555555555555556,3.554945861014432,2.484494909278252,5.589957602064325
17.56896551724138,1.0344836896551723,0.6666666666666666,3.4442096078963917,2.4892696919273014,5.5399466506899895
17.56896551724138,1.0344836896551723,0.7777777777777777,3.3364259395709936,2.493083760316315,5.492435222931896
17.56896551724138,1.0344836896551723,0.8888888888888888,3.230850126692282,2.496154473292388,5.447045316790681
17.56896551724138,1.0344836896551723,1.0,3.127036612345227,2.4986418892176196,5.403483753102676
17.56896551724138,1.5517250344827584,0.0,4.22469902562197,2.183238432568288,5.833634878336711
17.56896551724138,1.5517250344827584,0.1111111111111111,4.080044319718336,2.1982282033494673,5.767950716667152
17.56896551724138,1.5517250344827584,0.2222222222222222,3.9528950792585906,2.2116901301183933,5.708785054798818
17.56896551724138,1.5517250344827584,0.3333333333333333,3.8368012289949496,2.22332225212173,5.654440645847719
17.56896551724138,1.5517250344827584,0.4444444444444444,3.728265847206464,2.233313372938958,5.603856729252941
17.56896551724138,1.5517250344827584,0.5555555555555556,3.625138544535296,2.241925961957834,5.556315033458503
17.56896551724138,1.5517250344827584,0.6666666666666666,3.525985181373094,2.249400970072397,5.511301074628078
17.56896551724138,1.5517250344827584,0.7777777777777777,3.4297966570661047,2.255939813936969,5.468430571489832
17.56896551724138,1.5517250344827584,0.8888888888888888,3.33584044341531,2.261706120243849,5.427406988196011
17.56896551724138,1.5517250344827584,1.0,3.2435813972385223,2.266831848798408,5.387995436035829
17.56896551724138,2.068966379310345,0.0,4.22469902562197,2.071840706104557,5.772017794365768
17.56896551724138,2.068966379310345,0.1111111111111111,4.09521757981982,2.065453254153227,5.714975206136756
17.56896551724138,2.068966379310345,0.2222222222222222,3.980036931585333,2.065203925520921,5.66273303597705
17.56896551724138,2.068966379310345,0.3333333333333333,3.8743728735389573,2.0678495938355383,5.614233055673899
17.56896551724138,2.068966379310345,0.4444444444444444,3.7754686146647036,2.0718766150022176,5.5687580755548005
17.56896551724138,2.068966379310345,0.5555555555555556,3.6815606989857175,2.076526271825916,5.525795027048039
17.56896551724138,2.068966379310345,0.6666666666666666,3.5914375202746296,2.0814021108339342,5.484961325620003
17.56896551724138,2.068966379310345,0.7777777777777777,3.504222729226941,2.0862931111454732,5.445962234670269
17.56896551724138,2.068966379310345,0.8888888888888888,3.419258645719492,2.0910875905719353,5.4085646556352085
17.56896551724138,2.068966379310345,1.0,3.3360396204705576,2.095728788499797,5.372580216118644
17.56896551724138,2.5862077241379313,0.0,4.22469902562197,2.1046395915113627,5.718643273934974
17.56896551724138,2.5862077241379313,0.1111111111111111,4.107622474871948,2.0768529404104914,5.668463467326841
17.56896551724138,2.5862077241379313,0.2222222222222222,4.002394775478347,2.0584400582454503,5.621898426555755
17.56896551724138,2.5862077241379313,0.3333333333333333,3.905396003829396,2.0459933196613638,5.578277448787231
17.56896551724138,2.5862077241379313,0.4444444444444444,3.814429426545363,2.0375228405135344,5.537110727679679
17.56896551724138,2.5862077241379313,0.5555555555555556,3.7280407573063385,2.0317903349449122,5.498029279072667
17.56896551724138,2.5862077241379313,0.6666666666666666,3.6452055870324793,2.0279900446101515,5.460747246595277
17.56896551724138,2.5862077241379313,0.7777777777777777,3.5651679283886555,2.0255797901270767,5.425037816259094
17.56896551724138,2.5862077241379313,0.8888888888888888,3.4873495895455036,2.0241850300466573,5.390717339174412
17.56896551724138,2.5862077241379313,1.0,3.411296184394105,2.023541472691504,5.357634532156406
17.56896551724138,3.103449068965517,0.0,4.22469902562197,2.205142357549969,5.671938151397688
17.56896551724138,3.103449068965517,0.1111111111111111,4.117934846690373,2.1687925585176417,5.627307409638862
17.56896551724138,3.103449068965517,0.2222222222222222,4.021114515369666,2.140696093616875,5.5854534880155935
17.56896551724138,3.103449068965517,0.3333333333333333,3.931449373839525,2.1184349283431287,5.545945938058743
17.56896551724138,3.103449068965517,0.4444444444444444,3.8471703852327095,2.1004670297757255,5.508447323879065
17.56896551724138,3.103449068965517,0.5555555555555556,3.7670703348140173,2.0857501173038875,5.472690600442826
17.56896551724138,3.103449068965517,0.6666666666666666,3.6902798904903853,2.073550010121482,5.438461176001547
17.56896551724138,3.103449068965517,0.7777777777777777,3.6161465269420354,2.063333343030455,5.405583887642817
17.56896551724138,3.103449068965517,0.8888888888888888,3.54416407697294,2.0547032194197357,5.373913662003906
17.56896551724138,3.103449068965517,1.0,3.473929411286093,2.047358538697812,5.343328764275134
17.56896551724138,3.6206904137931035,0.0,4.22469902562197,2.3144754171885396,5.630708598897707
17.56896551724138,3.6206904137931035,0.1111111111111111,4.1266308557025475,2.27763723979574,5.590635961718553
17.56896551724138,3.6206904137931035,0.2222222222222222,4.0370046662105725,2.2472301154877665,5.552735024677819
17.56896551724138,3.6206904137931035,0.3333333333333333,3.9536370217687513,2.2215968849391956,5.516727195716827
17.56896551724138,3.6206904137931035,0.4444444444444444,3.875088767300763,2.1996344517112583,5.482378359643102
17.56896551724138,3.6206904137931035,0.5555555555555556,3.800350942566546,2.1805693544439175,5.449494148169298
17.56896551724138,3.6206904137931035,0.6666666666666666,3.7286823783256264,2.1638381675908676,5.417912736900842
17.56896551724138,3.6206904137931035,0.7777777777777777,3.659518224918193,2.1490183303836616,5.387498361679155
17.56896551724138,3.6206904137931035,0.8888888888888888,3.5924149923312063,2.135785571680154,5.358136089385335
17.56896551724138,3.6206904137931035,1.0,3.5270158279029267,2.123886390964993,5.329727733881954
17.56896551724138,4.13793175862069,0.0,4.22469902562197,2.412635088413154,5.594031967579221
17.56896551724138,4.13793175862069,0.1111111111111111,4.134054780365331,2.378115373527231,5.557755697850067
17.56896551724138,4.13793175862069,0.2222222222222222,4.0506522145733515,2.3485631019105537,5.523205521088432
17.56896551724138,4.13793175862069,0.3333333333333333,3.9727564999195746,2.3228079201264045,5.490200443731228
17.56896551724138,4.13793175862069,0.4444444444444444,3.899185501225881,2.3000459501299217,5.45857719105129
17.56896551724138,4.13793175862069,0.5555555555555556,3.8290902341989455,2.2796995715179076,5.428193605322167
17.56896551724138,4.13793175862069,0.6666666666666666,3.7618356583719708,2.2613393509305983,5.398927140981536
17.56896551724138,4.13793175862069,0.7777777777777777,3.6969310150594494,2.24463741461411,5.37067219582665
17.56896551724138,4.13793175862069,0.8888888888888888,3.633986733849734,2.229338035069933,5.34333744141636
17.56896551724138,4.13793175862069,1.0,3.572686540972823,2.2152382449149535,5.316843483626004
17.56896551724138,4.655173103448276,0.0,4.22469902562197,2.496362285782488,5.561183629640841
17.56896551724138,4.655173103448276,0.1111111111111111,4.1404611676645535,2.464766227180352,5.5281082375942425
17.56896551724138,4.655173103448276,0.2222222222222222,4.062493557657339,2.437068692892858,5.496424927274107
17.56896551724138,4.655173103448276,0.3333333333333333,3.9893993790201656,2.412417306910382,5.4660163251497895
17.56896551724138,4.655173103448276,0.4444444444444444,3.9201987489284402,2.3902104789991667,5.436768222685112
17.56896551724138,4.655173103448276,0.5555555555555556,3.8541725759365533,2.370006804646427,5.408576248350819
17.56896551724138,4.655173103448276,0.6666666666666666,3.7907740248348736,2.3514725270751486,5.381347254390435
17.56896551724138,4.655173103448276,0.7777777777777777,3.7295750255242837,2.3343491730261325,5.3549988216592705
17.56896551724138,4.655173103448276,0.8888888888888888,3.670232290038189,2.318432636456432,5.329458161402962
17.56896551724138,4.655173103448276,1.0,3.6124648270305806,2.3035591214063684,5.304660905963792
17.56896551724138,5.1724144482758625,0.0,4.22469902562197,2.5670764611617796,5.531586313555818
17.56896551724138,5.1724144482758625,0.1111111111111111,4.14604192843668,2.53829165827905,5.501239196358635
17.56896551724138,5.1724144482758625,0.2222222222222222,4.072859749007595,2.512625382481161,5.472029729778108
17.56896551724138,5.1724144482758625,0.3333333333333333,4.004014199491608,2.4894408960530527,5.443882495923221
17.56896551724138,5.1724144482758625,0.4444444444444444,3.9386860915088944,2.4682777656966355,5.416717582124635
17.56896551724138,5.1724144482758625,0.5555555555555556,3.8762624809674935,2.4487916944867627,5.39045815675965
17.56896551724138,5.1724144482758625,0.6666666666666666,3.816270162709937,2.4307183173601135,5.365033194287729
17.56896551724138,5.1724144482758625,0.7777777777777777,3.7583342570114633,2.4138502461327427,5.340378169432828
17.56896551724138,5.1724144482758625,0.8888888888888888,3.702151249015469,2.398021887551342,5.316434902161704
17.56896551724138,5.1724144482758625,1.0,3.6474707837163662,2.3830990456250802,5.293151070157142
17.56896551724138,5.689655793103449,0.0,4.22469902562197,2.6270213137041045,5.504774266158174
17.56896551724138,5.689655793103449,0.1111111111111111,4.150944261581722,2.600744046019399,5.476775233652347
17.56896551724138,5.689655793103449,0.2222222222222222,4.082006343501985,2.5770056023877435,5.449717171148953
17.56896551724138,5.689655793103449,0.3333333333333333,4.01694745393297,2.5553202221182962,5.423552580915778
17.56896551724138,5.689655793103449,0.4444444444444444,3.955077263049079,2.5353289162329915,5.398225714554212
17.56896551724138,5.689655793103449,0.5555555555555556,3.895870130345007,2.5167585564226567,5.373679944556389
17.56896551724138,5.689655793103449,0.6666666666666666,3.8389146016792894,2.4993964217580276,5.349860981015089
17.56896551724138,5.689655793103449,0.7777777777777777,3.783881085319263,2.483073625459751,5.326718169070648
17.56896551724138,5.689655793103449,0.8888888888888888,3.7305003309037033,2.4676539137070885,5.304204879566606
17.56896551724138,5.689655793103449,1.0,3.6785486217785373,2.4530258553103415,5.2822784726983905
17.56896551724138,6.206897137931034,0.0,4.22469902562197,2.6782497813628465,5.480367415434933
17.56896551724138,6.206897137931034,0.1111111111111111,4.155282811743743,2.6541565686875077,5.454406865911886
17.56896551724138,6.206897137931034,0.2222222222222222,4.090133648270919,2.63216227241473,5.429233191604253
17.56896551724138,6.206897137931034,0.3333333333333333,4.0284711385432335,2.611889633464126,5.4048175928964515
17.56896551724138,6.206897137931034,0.4444444444444444,3.9697091934218545,2.5930543420468544,5.381121463189217
17.56896551724138,6.206897137931034,0.5555555555555556,3.913394434450123,2.5754366375008813,5.358103086515591
17.56896551724138,6.206897137931034,0.6666666666666666,3.859167443410779,2.5588630971615816,5.3357208979104
17.56896551724138,6.206897137931034,0.7777777777777777,3.8067373325334932,2.543194485777462,5.313935039748592
17.56896551724138,6.206897137931034,0.8888888888888888,3.755864459689978,2.5283173754151687,5.292708048230825
17.56896551724138,6.206897137931034,1.0,3.7063483263870203,2.514138202855873,5.272005089738442
17.56896551724138,6.724138482758621,0.0,4.224699025621969,2.7224326149217353,5.458052420733618
17.56896551724138,6.724138482758621,0.1111111111111111,4.159148099904634,2.700231208525259,5.433875440280188
17.56896551724138,6.724138482758621,0.2222222222222222,4.097400800451074,2.6797883571247736,5.4103631088497774
17.56896551724138,6.724138482758621,0.3333333333333333,4.0388017850680695,2.66080650134045,5.387499190695249
17.56896551724138,6.724138482758621,0.4444444444444444,3.9828499947897154,2.6430574112703313,5.365257306457414
17.56896551724138,6.724138482758621,0.5555555555555556,3.929152233743855,2.626362103162691,5.343606804787599
17.56896551724138,6.724138482758621,0.6666666666666666,3.877393142108887,2.6105776046618825,5.322515842397082
17.56896551724138,6.724138482758621,0.7777777777777777,3.8273150360210546,2.5955879240248936,5.301953001288773
17.56896551724138,6.724138482758621,0.8888888888888888,3.778703940732405,2.58129770382948,5.281888115923606
17.56896551724138,6.724138482758621,1.0,3.73137965193494,2.5676276484231653,5.262292665280044
17.56896551724138,7.241379827586207,0.0,4.22469902562197,2.760883857388252,5.437568556793759
17.56896551724138,7.241379827586207,0.1111111111111111,4.162612485825134,2.740323987448046,5.414963150581547
17.56896551724138,7.241379827586207,0.2222222222222222,4.103935761720513,2.7212547519132375,5.3929243406936775
17.56896551724138,7.241379827586207,0.3333333333333333,4.048113917383435,2.703438242361221,5.371444331749102
17.56896551724138,7.241379827586207,0.4444444444444444,3.9947158010206443,2.686689058342712,5.350505501822605
17.56896551724138,7.241379827586207,0.5555555555555556,3.9433986392331444,2.6708598667106225,5.330085448178993
17.56896551724138,7.241379827586207,0.6666666666666666,3.893884551276161,2.655831646510704,5.31015978757717
17.56896551724138,7.241379827586207,0.7777777777777777,3.845944447994483,2.641506893803059,5.290703724957881
17.56896551724138,7.241379827586207,0.8888888888888888,3.799386678752776,2.627804762519674,5.271692926550126
17.56896551724138,7.241379827586207,1.0,3.754048829936674,2.6146575108056203,5.253103991733177
17.56896551724138,7.758621172413793,0.0,4.22469902562197,2.7946298210365668,5.418697049166812
17.56896551724138,7.758621172413793,0.1111111111111111,4.165734460257287,2.7755010786582464,5.39748530435598
17.56896551724138,7.758621172413793,0.2222222222222222,4.109842546612819,2.7576488482295307,5.376760670028892
17.56896551724138,7.758621172413793,0.3333333333333333,4.056549760329826,2.7408806033409183,5.356520994879772
17.56896551724138,7.758621172413793,0.4444444444444444,4.005482851106543,2.725044135534705,5.336754945052242
17.56896551724138,7.758621172413793,0.5555555555555556,3.956341534005201,2.710017012697165,5.317446291245043
17.56896551724138,7.758621172413793,0.6666666666666666,3.9088799568145527,2.6956992955178167,5.298576397774428
17.56896551724138,7.758621172413793,0.7777777777777777,3.862893748989126,2.6820083665667593,5.280125686325104
17.56896551724138,7.758621172413793,0.8888888888888888,3.818210739647187,2.6688751726940247,5.262074498864816
17.56896551724138,7.758621172413793,1.0,3.7746841572427887,2.6562414378216976,5.244403600716317
17.56896551724138,8.275862517241379,0.0,4.22469902562197,2.8244749762154484,5.401252912917338
17.56896551724138,8.275862517241379,0.1111111111111111,4.168561784684638,2.806601239419367,5.381284274405901
17.56896551724138,8.275862517241379,0.2222222222222222,4.115206537063453,2.7898305824370904,5.361737686710021
17.56896551724138,8.275862517241379,0.3333333333333333,4.0642263700201875,2.774005508586658,5.34261473303732
17.56896551724138,8.275862517241379,0.4444444444444444,4.015296327074211,2.758999866616408,5.323908597696807
17.56896551724138,8.275862517241379,0.5555555555555556,3.9681521237244515,2.7447110484029253,5.305607685998209
17.56896551724138,8.275862517241379,0.6666666666666666,3.922575400377707,2.7310544860599455,5.287697806234683
17.56896551724138,8.275862517241379,0.7777777777777777,3.8783832337829507,2.7179596762571228,5.270163503594421
17.56896551724138,8.275862517241379,0.8888888888888888,3.835420505466019,2.7053672473509085,5.25298888105809
17.56896551724138,8.275862517241379,1.0,3.793554236800636,2.693226755321709,5.236158103409598
17.56896551724138,8.793103862068964,0.0,4.22469902562197,2.851054891702237,5.385078633188661
17.56896551724138,8.793103862068964,0.1111111111111111,4.171133821718026,2.834288470427801,5.366224724309565
17.56896551724138,8.793103862068964,0.2222222222222222,4.1200984480538985,2.818482978191383,5.347739136073317
17.56896551724138,8.793103862068964,0.3333333333333333,4.07124095349164,2.8035083094299726,5.329625875506909
17.56896551724138,8.793103862068964,0.4444444444444444,4.024276927839827,2.789259005993625,5.311881368609061
17.56896551724138,8.793103862068964,0.5555555555555556,3.9789727506519883,2.77564840869521,5.294497507599345
17.56896551724138,8.793103862068964,0.6666666666666666,3.9351337631659664,2.762604454127709,5.27746354742739
17.56896551724138,8.793103862068964,0.7777777777777777,3.8925957184042606,2.75006658856386,5.260767303107685
17.56896551724138,8.793103862068964,0.8888888888888888,3.8512184723699114,2.7379834592177406,5.244395912203358
17.56896551724138,8.793103862068964,1.0,3.810881243323392,2.7263111578515034,5.228336321463478
17.56896551724138,9.310345206896551,0.0,4.22469902562197,2.874876481904833,5.3700392189340045
17.56896551724138,9.310345206896551,0.1111111111111111,4.173483287930732,2.859092952271498,5.352189807058347
17.56896551724138,9.310345206896551,0.2222222222222222,4.124577326507596,2.8441526001866726,5.334663972071578
17.56896551724138,9.310345206896551,0.3333333333333333,4.077674893720245,2.8299469895621914,5.317467242447036
17.56896551724138,9.310345206896551,0.4444444444444444,4.032525832677972,2.8163872670606738,5.3005983603768225
17.56896551724138,9.310345206896551,0.5555555555555556,3.9889227731297914,2.803399726735618,5.284051844467156
17.56896551724138,9.310345206896551,0.6666666666666666,3.946691573299178,2.7909225669570725,5.267819629649484
17.56896551724138,9.310345206896551,0.7777777777777777,3.9056843067030966,2.7789034734611495,5.251892131367328
17.56896551724138,9.310345206896551,0.8888888888888888,3.865774019372131,2.767297787325697,5.236258942719922
17.56896551724138,9.310345206896551,1.0,3.826850744897728,2.7560670954830098,5.220909293390299
17.56896551724138,9.827586551724137,0.0,4.22469902562197,2.896348060545572,5.356018292857259
17.56896551724138,9.827586551724137,0.1111111111111111,4.175637588450691,2.881441982629129,5.339078114021417
17.56896551724138,9.827586551724137,0.2222222222222222,4.128692846821805,2.867280610388095,5.322423962506645
17.56896551724138,9.827586551724137,0.3333333333333333,4.083596833903791,2.8537728331546526,5.30606226656729
17.56896551724138,9.827586551724137,0.4444444444444444,4.04012849929602,2.8408432481574586,5.289993410656927
17.56896551724138,9.827586551724137,0.5555555555555556,3.9981030522922825,2.8284287603100218,5.274213891481549
17.56896551724138,9.827586551724137,0.6666666666666666,3.957364183067866,2.816476056292902,5.258717731932584
17.56896551724138,9.827586551724137,0.7777777777777777,3.9177782756278443,2.8049396958600825,5.243497420840537
17.56896551724138,9.827586551724137,0.8888888888888888,3.879230028857397,2.7937806473675018,5.228544543673385
17.56896551724138,9.827586551724137,1.0,3.8416190922914266,2.782965148842083,5.213850208419924
17.56896551724138,10.344827896551724,0.0,4.22469902562197,2.91580172196309,5.342914972076107
17.56896551724138,10.344827896551724,0.1111111111111111,4.177619844575101,2.9016831780390175,5.326801207582409
17.56896551724138,10.344827896551724,0.2222222222222222,4.132487087621415,2.888226280624403,5.310941730178004
17.56896551724138,10.344827896551724,0.3333333333333333,4.089065068183813,2.875353905717767,5.2953434405626005
17.56896551724138,10.344827896551724,0.4444444444444444,4.0471576054042275,2.8630016404612744,5.280007873087215
17.56896551724138,10.344827896551724,0.5555555555555556,4.006599419569696,2.8511151502448913,5.264933012089602
17.56896551724138,10.344827896551724,0.6666666666666666,3.967249758804898,2.839648194025079,5.250114509349837
17.56896551724138,10.344827896551724,0.7777777777777777,3.9289875965395953,2.8285611052427497,5.23554651053674
17.56896551724138,10.344827896551724,0.8888888888888888,3.891707956227127,2.8178196130043007,5.221222221672134
17.56896551724138,10.344827896551724,1.0,3.8553190591879885,2.8073939158092704,5.207134299967559
17.56896551724138,10.86206924137931,0.0,4.22469902562197,2.9335100786897588,5.330641358445392
17.56896551724138,10.86206924137931,0.1111111111111111,4.179449693259168,2.9201019004262796,5.315281611601645
17.56896551724138,10.86206924137931,0.2222222222222222,4.135995921072719,2.9072847612631696,5.3001491407014605
17.56896551724138,10.86206924137931,0.3333333333333333,4.094129414275594,2.894992928980889,5.285251026852673
17.56896551724138,10.86206924137931,0.4444444444444444,4.053675351974069,2.8831710416324636,5.27058959381478
17.56896551724138,10.86206924137931,0.5555555555555556,4.014485387339487,2.8717720497123396,5.256163941122829
17.56896551724138,10.86206924137931,0.6666666666666666,3.9764323925900387,2.860755643893728,5.241970992092482
17.56896551724138,10.86206924137931,0.7777777777777777,3.9394064517888796,2.85008703717145,5.228006218797033
17.56896551724138,10.86206924137931,0.8888888888888888,3.9033117616882262,2.839736009707301,5.214264148316686
17.56896551724138,10.86206924137931,1.0,3.8680642039060547,2.829676151138303,5.2007387186840734
17.56896551724138,11.379310586206897,0.0,4.22469902562197,2.9496988715038963,5.319120503463853
17.56896551724138,11.379310586206897,0.1111111111111111,4.181143915119691,2.9369344224121896,5.304451163818703
17.56896551724138,11.379310586206897,0.2222222222222222,4.139250109509357,2.9247005612768007,5.289985967903432
17.56896551724138,11.379310586206897,0.3333333333333333,4.0988326944256945,2.912940910190862,5.275731979803135
17.56896551724138,11.379310586206897,0.4444444444444444,4.059735284755121,2.901607616006872,5.261692048520022
17.56896551724138,11.379310586206897,0.5555555555555556,4.021824290052318,2.8906597279193607,5.247866105106898
17.56896551724138,11.379310586206897,0.6666666666666666,3.9849845554471375,2.8800619423036578,5.234252065261702
17.56896551724138,11.379310586206897,0.7777777777777777,3.949116000692564,2.869783619622815,5.220846464433498
17.56896551724138,11.379310586206897,0.8888888888888888,3.91413099505389,2.859798005694027,5.20764490876105
17.56896551724138,11.379310586206897,1.0,3.87995228256917,2.850081608398713,5.1946423974632925
17.56896551724138,11.896551931034482,0.0,4.22469902562197,2.964556554191284,5.308284745919976
17.56896551724138,11.896551931034482,0.1111111111111111,4.182716932151451,2.9523779518807323,5.294249656516202
17.56896551724138,11.896551931034482,0.2222222222222222,4.1422761786010245,2.940677842921352,5.280398782901091
17.56896551724138,11.896551931034482,0.3333333333333333,4.103211917009959,2.929407588798273,5.266739041046139
17.56896551724138,11.896551931034482,0.4444444444444444,4.065383748015468,2.918525608226092,5.25327361173524
17.56896551724138,11.896551931034482,0.5555555555555556,4.028670991604905,2.907996087572165,5.240003040932909
17.56896551724138,11.896551931034482,0.6666666666666666,3.9929690505236435,2.8977879715759856,5.226926017962008
17.56896551724138,11.896551931034482,0.7777777777777777,3.958186577377547,2.887874164608296,5.21403993159574
17.56896551724138,11.896551931034482,0.8888888888888888,3.9242432414430852,2.8782308920452504,5.201341270876709
17.56896551724138,11.896551931034482,1.0,3.8910679489421254,2.8688371848227727,5.188825915995652
17.56896551724138,12.413793275862067,0.0,4.22469902562197,2.978241647342232,5.298074344727266
17.56896551724138,12.413793275862067,0.1111111111111111,4.184181205472067,2.966598331981048,5.284623708372882
17.56896551724138,12.413793275862067,0.2222222222222222,4.145097118243103,2.955388346308327,5.271340024543099
17.56896551724138,12.413793275862067,0.3333333333333333,4.107299227012881,2.944569500014372,5.258229976577249
17.56896551724138,12.413793275862067,0.4444444444444444,4.070661054543074,2.934105483676871,5.24529693570095
17.56896551724138,12.413793275862067,0.5555555555555556,4.035073258715617,2.923964835900654,5.232541897106813
17.56896551724138,12.413793275862067,0.6666666666666666,4.00044058223499,2.914120126212117,5.219964151834258
17.56896551724138,12.413793275862067,0.7777777777777777,3.9666794535235583,2.9045473021173502,5.2075617737312125
15.862068965517242,10.86206924137931,0.2222222222222222,4.013958061103037,2.8016348509282953,5.214623251408734
15.862068965517242,10.86206924137931,0.3333333333333333,3.9753919141522176,2.7905471399522774,5.200202827070966
15.862068965517242,10.86206924137931,0.4444444444444444,3.937910382558112,2.779829609824898,5.186025159360775
15.862068965517242,10.86206924137931,0.5555555555555556,3.9014074214085652,2.769448450739036,5.172083230451497
15.862068965517242,10.86206924137931,0.6666666666666666,3.865790609138806,2.759374335411788,5.158369601938026
15.862068965517242,10.86206924137931,0.7777777777777777,3.830978782781356,2.7495816663112507,5.1448766532213215
15.862068965517242,10.86206924137931,0.8888888888888888,3.7969001682402284,2.740047974633879,5.131596744248335
15.862068965517242,10.86206924137931,1.0,3.763490885440895,2.7307534356176895,5.118522325801735
15.862068965517242,11.379310586206897,0.0,4.094855564120486,2.8423131983108525,5.233165491068673
15.862068965517242,11.379310586206897,0.1111111111111111,4.055260087689789,2.8309032809605523,5.218895707020601
15.862068965517242,11.379310586206897,0.2222222222222222,4.016916096606452,2.8199031954264795,5.204856452880593
15.862068965517242,11.379310586206897,0.3333333333333333,3.9796961213587254,2.8092734355748044,5.191043822199604
15.862068965517242,11.379310586206897,0.4444444444444444,3.9434902823586047,2.798979995250031,5.177452723114177
15.862068965517242,11.379310586206897,0.5555555555555556,3.9082030599624566,2.7889933981648887,5.164077319053804
15.862068965517242,11.379310586206897,0.6666666666666666,3.8737507779877376,2.779287932912491,5.150911335484233
15.862068965517242,11.379310586206897,0.7777777777777777,3.840059618788869,2.7698410430096505,5.137948274117969
15.862068965517242,11.379310586206897,0.8888888888888888,3.8070640399246662,2.760632835628331,5.12518156249139
15.862068965517242,11.379310586206897,1.0,3.7747054981271924,2.7516456822650417,5.112604657970138
15.862068965517242,11.896551931034482,0.0,4.094855564120486,2.8581281916827357,5.2227689635155645
15.862068965517242,11.896551931034482,0.1111111111111111,4.056679922500432,2.8472145618677795,5.20910108056447
15.862068965517242,11.896551931034482,0.2222222222222222,4.019667041835049,2.836671471876817,5.1956432572150595
15.862068965517242,11.896551931034482,0.3333333333333333,3.9837030500781543,2.8264647256246835,5.182392420290891
15.862068965517242,11.896551931034482,0.4444444444444444,3.948689190519939,2.816564701948251,5.169344406854442
15.862068965517242,11.896551931034482,0.5555555555555556,3.9145391489885584,2.806945578292166,5.15649434449408
15.862068965517242,11.896551931034482,0.6666666666666666,3.881176950207917,2.7975847123892863,5.143836920771782
15.862068965517242,11.896551931034482,0.7777777777777777,3.8485352832685114,2.7884621447789963,5.131366574859837
15.862068965517242,11.896551931034482,0.8888888888888888,3.816554154800315,2.7795601948336808,5.119077633976761
15.862068965517242,11.896551931034482,1.0,3.785179795364598,2.7708631299270303,5.106964410310275
15.862068965517242,12.413793275862067,0.0,4.094855564120486,2.872696575783504,5.212969750323804
15.862068965517242,12.413793275862067,0.1111111111111111,4.058002155073715,2.86223848843349,5.199857752336864
15.862068965517242,12.413793275862067,0.2222222222222222,4.022231776404882,2.8521168041210623,5.1869378513487
15.862068965517242,12.413793275862067,0.3333333333333333,3.9874423129436125,2.842301764980843,5.174207630692158
15.862068965517242,12.413793275862067,0.4444444444444444,3.953544703918051,2.8327674431099497,5.161663676867098
15.862068965517242,12.413793275862067,0.5555555555555556,3.9204607176524964,2.8234911146931374,5.149301908007894
15.862068965517242,12.413793275862067,0.6666666666666666,3.888121183512836,2.8144527568456588,5.137117810367108
15.862068965517242,12.413793275862067,0.7777777777777777,3.8564645724414177,2.8056346393577667,5.125106609259952
15.862068965517242,12.413793275862067,0.8888888888888888,3.8254358463930402,2.7970209906183454,5.113263392849957
15.862068965517242,12.413793275862067,1.0,3.7949855174656397,2.7885977220948486,5.101583201711667
15.862068965517242,12.931034620689655,0.0,4.094855564120486,2.886160277391609,5.203717515511316
15.862068965517242,12.931034620689655,0.1111111111111111,4.059236455687138,2.8761216951995996,5.1911202986027485
15.862068965517242,12.931034620689655,0.2222222222222222,4.024628478355578,2.866389693410718,5.178699343185949
15.862068965517242,12.931034620689655,0.3333333333333333,3.9909397307938566,2.856938247614268,5.166452751809137
15.862068965517242,12.931034620689655,0.4444444444444444,3.958089639576996,2.847744559002082,5.154377718253067
15.862068965517242,12.931034620689655,0.5555555555555556,3.926007095749457,2.838788546245723,5.142470811635901
15.862068965517242,12.931034620689655,0.6666666666666666,3.8946289612000347,2.8300524334441026,5.1307281839384205
15.862068965517242,12.931034620689655,0.7777777777777777,3.8638988599034776,2.8215204131373532,5.119145722216249
15.862068965517242,12.931034620689655,0.8888888888888888,3.8337661909887975,2.813178368550952,5.107719160490076
15.862068965517242,12.931034620689655,1.0,3.8041853162886037,2.805013643000243,5.0964441620043255
15.862068965517242,13.44827596551724,0.0,4.094855564120486,2.898640544081874,5.19496745302393
15.862068965517242,13.44827596551724,0.1111111111111111,4.060391264501469,2.8889894623808887,5.182848165531883
15.862068965517242,13.44827596551724,0.2222222222222222,4.026873045607255,2.8796187735397467,5.170891118230807
15.862068965517242,13.44827596551724,0.3333333333333333,3.9942179191341585,2.870505612615575,5.159094825660607
15.862068965517242,13.44827596551724,0.4444444444444444,3.962352770383019,2.86162984658261,5.1474569756944115
15.862068965517242,13.44827596551724,0.5555555555555556,3.93121278933359,2.8529736590940455,5.135974675689085
15.862068965517242,13.44827596551724,0.6666666666666666,3.9007402027166713,2.844521211012752,5.1246446346710375
15.862068965517242,13.44827596551724,0.7777777777777777,3.870883240199475,2.8362583607206338,5.113463298735221
15.862068965517242,13.44827596551724,0.8888888888888888,3.841595284494759,2.828172432014795,5.102426951925434
15.862068965517242,13.44827596551724,1.0,3.8128341673152413,2.8202520202023122,5.091531791452575
15.862068965517242,13.965517310344827,0.0,4.094855564120486,2.9102415487669857,5.18667954430234
15.862068965517242,13.965517310344827,0.1111111111111111,4.0614739802573085,2.9009494315644018,5.175005032286224
15.862068965517242,13.965517310344827,0.2222222222222222,4.02897944116965,2.891914602057898,5.163480294534798
15.862068965517242,13.965517310344827,0.3333333333333333,3.9972967692070704,2.8831168840301897,5.152104173415592
15.862068965517242,13.965517310344827,0.4444444444444444,3.9663594289192936,2.8745384272901395,5.140874760319276
15.862068965517242,13.965517310344827,0.5555555555555556,3.936108199291089,2.866163366239706,5.129789609332477
15.862068965517242,13.965517310344827,0.6666666666666666,3.9064900924396317,2.85797753861769,5.118845897304893
15.862068965517242,13.965517310344827,0.7777777777777777,3.8774574657521157,2.849968252152793,5.108040544246451
15.862068965517242,13.965517310344827,0.8888888888888888,3.8489672872611713,2.842124089673615,5.0973703041290355
15.862068965517242,13.965517310344827,1.0,3.820980523464462,2.834434745326059,5.086831833449555
15.862068965517242,14.482758655172413,0.0,4.094855564120486,2.921053274865819,5.178817932781724
15.862068965517242,14.482758655172413,0.1111111111111111,4.062491115406937,2.9120945823901287,5.1675582716644
15.862068965517242,14.482758655172413,0.2222222222222222,4.030959977682421,2.9033727015765187,5.15643725888143
15.862068965517242,14.482758655172413,0.3333333333333333,4.000193845104529,2.8948697563449115,5.145453998255894
15.862068965517242,14.482758655172413,0.4444444444444444,3.9701320062323338,2.886569860901412,5.1346069118754025
15.862068965517242,14.482758655172413,0.5555555555555556,3.94072021487777,2.8784588373542546,5.123893925951981
15.862068965517242,14.482758655172413,0.6666666666666666,3.9119097639161073,2.870523981439885,5.113312611607866
15.862068965517242,14.482758655172413,0.7777777777777777,3.8836567197507113,2.8627538668788395,5.102860291941165
15.862068965517242,14.482758655172413,0.8888888888888888,3.8559212850417492,2.8551381809838823,5.092534123673418
15.862068965517242,14.482758655172413,1.0,3.8286672646653037,2.8476675857314273,5.082331159506678
15.862068965517242,15.0,0.0,4.094855564120486,2.9311538413061724,5.171350394319605
15.862068965517242,15.0,0.1111111111111111,4.063448424422281,2.9225056328203136,5.160478491286809
15.862068965517242,15.0,0.2222222222222222,4.032825553338743,2.9140760148125975,5.149735270433138
15.862068965517242,15.0,0.3333333333333333,4.002924713514289,2.905849088607336,5.13912004447168
15.862068965517242,15.0,0.4444444444444444,3.973690366276917,2.8978106665114987,5.1286315073808355
15.862068965517242,15.0,0.5555555555555556,3.9450727069644183,2.8899480369809893,5.1182678964173
15.862068965517242,15.0,0.6666666666666666,3.917026868289794,2.8822497684912896,5.1080271161031705
15.862068965517242,15.0,0.7777777777777777,3.8895122577845607,2.874705544735184,5.097906833476592
15.862068965517242,15.0,0.8888888888888888,3.862492003078589,2.867306025352704,5.087904551471047
15.862068965517242,15.0,1.0,3.835932484562951,2.860042727606807,5.078017665541428
17.56896551724138,1e-06,0.0,4.22469902562197,3.045756785413764,6.093523162483761
17.56896551724138,1e-06,0.1111111111111111,4.005087187830196,3.0457568086467495,5.982357951206074
17.56896551724138,1e-06,0.2222222222222222,3.82069949800181,3.045752793374221,5.890362894000459
17.56896551724138,1e-06,0.3333333333333333,3.6533370534208265,3.0457530214860964,5.8095106904170315
17.56896551724138,1e-06,0.4444444444444444,3.495526981412989,3.0457568283342398,5.7361125206845855
17.56896551724138,1e-06,0.5555555555555556,3.3436745053529346,3.0457568276858025,5.668098560297588
17.56896551724138,1e-06,0.6666666666666666,3.1963641300511916,3.0457568135481483,5.604166262017644
17.56896551724138,1e-06,0.7777777777777777,3.054032800163487,3.0457568195351645,5.543430968308925
17.56896551724138,1e-06,0.8888888888888888,,,
17.56896551724138,1e-06,1.0,2.7969352184608747,3.0455119617317346,5.4291712024902905
17.56896551724138,0.5172423448275862,0.0,4.22469902562197,2.7295969163436182,5.99086354374284
17.56896551724138,0.5172423448275862,0.1111111111111111,4.036923966629533,2.7410170148708852,5.8994545121246285
17.56896551724138,0.5172423448275862,0.2222222222222222,3.876627732010729,2.748062378617541,5.8210331981562
17.56896551724138,0.5172423448275862,0.3333333333333333,3.731258083192238,2.7526607901177558,5.750943483549048
17.56896551724138,0.5172423448275862,0.4444444444444444,3.5950239895535883,2.755700160881677,5.686783022743382
17.56896551724138,0.5172423448275862,0.5555555555555556,3.464740488978416,2.7576666799574756,5.627112530637993
17.56896551724138,0.5172423448275862,0.6666666666666666,3.3385335207806173,2.758856799653148,5.570987047639194
17.56896551724138,0.5172423448275862,0.7777777777777777,3.215355839093495,2.759465354106444,5.517745943650172
17.56896551724138,0.5172423448275862,0.8888888888888888,3.094822194060123,2.7596277494715977,5.466905523195945
17.56896551724138,0.5172423448275862,1.0,2.977209363169762,2.7594422637580207,5.418098769191056
17.56896551724138,1.0344836896551723,0.0,4.22469902562197,2.427784439904181,5.9056111991862785
17.56896551724138,1.0344836896551723,0.1111111111111111,4.061113682123661,2.4469333654622685,5.828819398322135
17.56896551724138,1.0344836896551723,0.2222222222222222,3.919286799701552,2.460570966063624,5.76110196037208
17.56896551724138,1.0344836896551723,0.3333333333333333,3.7903288676308335,2.4707067828889264,5.699681276423266
19.275862068965516,3.103449068965517,0.0,4.337715511118426,2.315688031421029,5.759759731501667
19.275862068965516,3.103449068965517,0.1111111111111111,4.219725551062384,2.2648995645661723,5.712425626829126
19.275862068965516,3.103449068965517,0.2222222222222222,4.114923213589678,2.225503583916138,5.668155858582688
19.275862068965516,3.103449068965517,0.3333333333333333,4.019267883592346,2.1940012926689243,5.626512771807103
19.275862068965516,3.103449068965517,0.4444444444444444,3.9303427144343215,2.16825459873597,5.587125440511728
19.275862068965516,3.103449068965517,0.5555555555555556,3.8465673797427944,2.146854184371221,5.5496920603848725
19.275862068965516,3.103449068965517,0.6666666666666666,3.7668411672504636,2.1288217373830616,5.513967601656919
19.275862068965516,3.103449068965517,0.7777777777777777,3.6903603004152017,2.1134521856585726,5.479751455446955
19.275862068965516,3.103449068965517,0.8888888888888888,3.6165159642316325,2.1002227623476872,5.446877530493419
19.275862068965516,3.103449068965517,1.0,3.5448335855265563,2.0887371649763566,5.415206725460928
19.275862068965516,3.6206904137931035,0.0,4.337715511118426,2.4353137298358556,5.716391106204632
19.275862068965516,3.6206904137931035,0.1111111111111111,4.229432708757341,2.3883079905911013,5.674191692274239
19.275862068965516,3.6206904137931035,0.2222222222222222,4.132304060487893,2.3497783939363965,5.63430268603596
19.275862068965516,3.6206904137931035,0.3333333333333333,4.04317476053901,2.3173689418394727,5.596482432555092
19.275862068965516,3.6206904137931035,0.4444444444444444,3.9600728897657635,2.2895811946349958,5.560493910044658
19.275862068965516,3.6206904137931035,0.5555555555555556,3.8816698209230633,2.2653971949622584,5.526128370485004
19.275862068965516,3.6206904137931035,0.6666666666666666,3.8070198392187513,2.24409203716091,5.493207308605696
19.275862068965516,3.6206904137931035,0.7777777777777777,3.7354208510780413,2.225130993024803,5.461579026027263
19.275862068965516,3.6206904137931035,0.8888888888888888,3.666333976379631,2.2081087235360597,5.431114316182091
19.275862068965516,3.6206904137931035,1.0,3.5993343455603055,2.1927112447197312,5.401702523845285
19.275862068965516,4.13793175862069,0.0,4.337715511118426,2.5349227311006137,5.677882961940252
19.275862068965516,4.13793175862069,0.1111111111111111,4.237714407673326,2.492815191821373,5.639916469692481
19.275862068965516,4.13793175862069,0.2222222222222222,4.147248073140364,2.4571512643579116,5.6037201412319035
19.275862068965516,4.13793175862069,0.3333333333333333,4.0638175937199374,2.426275436146242,5.569170975313846
19.275862068965516,4.13793175862069,0.4444444444444444,3.985800109186947,2.399097599358001,5.536120873037824
19.275862068965516,4.13793175862069,0.5555555555555556,3.9120723942739013,2.374858450571962,5.504426726026085
19.275862068965516,4.13793175862069,0.6666666666666666,3.8418189266662357,2.3530066921615465,5.4739590289115085
19.275862068965516,4.13793175862069,0.7777777777777777,3.7744250104547596,2.3331291082773613,5.444603311726352
19.275862068965516,4.13793175862069,0.8888888888888888,3.7094131485378443,2.314908104523483,5.41625917807476
19.275862068965516,4.13793175862069,1.0,3.6464031260214145,2.2980945806530695,5.38883866063003
19.275862068965516,4.655173103448276,0.0,4.337715511118426,2.616937851865169,5.643450670382185
19.275862068965516,4.655173103448276,0.1111111111111111,4.244855618853299,2.579365370997745,5.609020095603207
19.275862068965516,4.655173103448276,0.2222222222222222,4.160224440533272,2.5468157286127546,5.575965810379172
19.275862068965516,4.655173103448276,0.3333333333333333,4.0818164044559255,2.518087740132945,5.544236658896961
19.275862068965516,4.655173103448276,0.4444444444444444,4.008284758876286,2.492365281626619,5.513743756699238
19.275862068965516,4.655173103448276,0.5555555555555556,3.938674592205432,2.4690666528617444,5.48439040779363
19.275862068965516,4.655173103448276,0.6666666666666666,3.8722798812414534,2.447761907513995,5.456083260077084
19.275862068965516,4.655173103448276,0.7777777777777777,3.8085609325131506,2.428124099323431,5.4287362091400535
19.275862068965516,4.655173103448276,0.8888888888888888,3.747093814736581,2.4098988688004934,5.402271371868344
19.275862068965516,4.655173103448276,1.0,3.6875378964499337,2.392884595293709,5.37661887565625
19.275862068965516,5.1724144482758625,0.0,4.337715511118425,2.684946664261897,5.612471270484095
19.275862068965516,5.1724144482758625,0.1111111111111111,4.2510715203404015,2.6512645301396813,5.58102924842581
19.275862068965516,5.1724144482758625,0.2222222222222222,4.171590548682819,2.621584524689305,5.550671782289349
19.275862068965516,5.1724144482758625,0.3333333333333333,4.097643535311474,2.5950128628220113,5.521390884370666
19.275862068965516,5.1724144482758625,0.4444444444444444,4.028103949128591,2.5709249293951193,5.493137116297317
19.275862068965516,5.1724144482758625,0.5555555555555556,3.962155457323798,2.5488659653242087,5.465846653270299
19.275862068965516,5.1724144482758625,0.6666666666666666,3.899184359900412,2.528494182688581,5.43945286010201
19.275862068965516,5.1724144482758625,0.7777777777777777,3.8387153702974115,2.509546105961226,5.4138912714946645
19.275862068965516,5.1724144482758625,0.8888888888888888,3.780371234400154,2.4918143903364802,5.389101611645139
19.275862068965516,5.1724144482758625,1.0,3.723846246555046,2.475133044223272,5.36502844631578
19.275862068965516,5.689655793103449,0.0,4.337715511118426,2.7420096696718885,5.584443681147608
19.275862068965516,5.689655793103449,0.1111111111111111,4.256527315965737,2.7116041745093016,5.555554166162374
19.275862068965516,5.689655793103449,0.2222222222222222,4.181623218769908,2.6844470402092493,5.527529977704183
19.275862068965516,5.689655793103449,0.3333333333333333,4.111665392173138,2.659859223068024,5.500388563427639
19.275862068965516,5.689655793103449,0.4444444444444444,4.045704391164861,2.6373540479182203,5.47410668754643
19.275862068965516,5.689655793103449,0.5555555555555556,3.9830385607253067,2.6165702095771084,5.448643817686775
19.275862068965516,5.689655793103449,0.6666666666666666,3.9231322855925774,2.597231889103254,5.423953086235029
19.275862068965516,5.689655793103449,0.7777777777777777,3.8655656831170684,2.57912371177477,5.399986555802928
19.275862068965516,5.689655793103449,0.8888888888888888,3.81000219333624,2.5620743303864506,5.37669773516284
19.275862068965516,5.689655793103449,1.0,3.7561668944031896,2.5459452712282453,5.354042720082321
19.275862068965516,6.206897137931034,0.0,4.337715511118426,2.790481248761284,5.558960133744244
19.275862068965516,6.206897137931034,0.1111111111111111,4.261351741937755,2.7628352360212642,5.5322712449374
19.275862068965516,6.206897137931034,0.2222222222222222,4.190540039916265,2.737867425149305,5.506280735127211
19.275862068965516,6.206897137931034,0.3333333333333333,4.124170661861918,2.715052681504778,5.481020458252227
19.275862068965516,6.206897137931034,0.4444444444444444,4.061437699612095,2.694006027886244,5.456484457362677
19.275862068965516,6.206897137931034,0.5555555555555556,4.001734894540144,2.6744365167289863,5.432648687473001
19.275862068965516,6.206897137931034,0.6666666666666666,3.944592904070221,2.656118797885286,5.40948091577547
19.275862068965516,6.206897137931034,0.7777777777777777,3.8896396150751955,2.6388747665841494,5.3869458420764555
19.275862068965516,6.206897137931034,0.8888888888888888,3.836573995858284,2.6225612592622847,5.365007778492913
19.275862068965516,6.206897137931034,1.0,3.7851482724493586,2.607061536979253,5.343632037130606
19.275862068965516,6.724138482758621,0.0,4.337715511118426,2.832132019866515,5.535685299691565
19.275862068965516,6.724138482758621,0.1111111111111111,4.265646467399513,2.806824443643317,5.510909736754607
19.275862068965516,6.724138482758621,0.2222222222222222,4.1985142842200505,2.7837548674449493,5.4867038544886535
19.275862068965516,6.724138482758621,0.3333333333333333,4.135389906688452,2.7625108599754857,5.463107041888983
19.275862068965516,6.724138482758621,0.4444444444444444,4.075584665508792,2.7427838663137627,5.440124580642516
19.275862068965516,6.724138482758621,0.5555555555555556,4.018572077362414,2.7243368635766347,5.417744059322385
19.275862068965516,6.724138482758621,0.6666666666666666,3.9639392549376398,2.706983786849044,5.395944077422759
19.275862068965516,6.724138482758621,0.7777777777777777,3.9113553809455426,2.6905759076543343,5.374699003978989
19.275862068965516,6.724138482758621,0.8888888888888888,3.8605505008789005,2.674992508360322,5.3539816263211355
19.275862068965516,6.724138482758621,1.0,3.811300813649295,2.660134313354233,5.333764630963225
19.275862068965516,7.241379827586207,0.0,4.337715511118426,2.86829591180958,5.514340797420377
19.275862068965516,7.241379827586207,0.1111111111111111,4.269492761760916,2.844986387582105,5.4912414856025915
19.275862068965516,7.241379827586207,0.2222222222222222,4.205685549522546,2.823568972527589,5.468611515143748
19.275862068965516,7.241379827586207,0.3333333333333333,4.145509487159844,2.8037153041382186,5.446493544583496
19.275862068965516,7.241379827586207,0.4444444444444444,4.088372370463236,2.7851751940790295,5.4248999938021045
19.275862068965516,7.241379827586207,0.5555555555555556,4.033814777005561,2.7677535700391966,5.403826610821675
19.275862068965516,7.241379827586207,0.6666666666666666,3.9814720941231814,2.7512953836449143,5.383260002041583
19.275862068965516,7.241379827586207,0.7777777777777777,3.931049304995902,2.7356753825110345,5.363181936464941
19.275862068965516,7.241379827586207,0.8888888888888888,3.882303697917855,2.7207909699096513,5.343571855454752
19.275862068965516,7.241379827586207,1.0,3.8350326771049503,2.706557092137496,5.324408351853501
19.275862068965516,7.758621172413793,0.0,4.337715511118426,2.89998811358206,5.494693525982651
19.275862068965516,7.758621172413793,0.1111111111111111,4.272956304721437,2.878400587058863,5.473072936163663
19.275862068965516,7.758621172413793,0.2222222222222222,4.212167490915915,2.8584292135436513,5.451842635630466
19.275862068965516,7.758621172413793,0.3333333333333333,4.154681653233049,2.839809364267584,5.431045933136762
19.275862068965516,7.758621172413793,0.4444444444444444,4.099986518014433,2.822336060897801,5.410699600390001
19.275862068965516,7.758621172413793,0.5555555555555556,4.047679324856469,2.8058472872716123,5.3908050513618315
19.275862068965516,7.758621172413793,0.6666666666666666,3.9974368985335844,2.790212779355782,5.371354794221752
19.275862068965516,7.758621172413793,0.7777777777777777,3.9489953496167987,2.7753262628985653,5.3523362587682275
19.275862068965516,7.758621172413793,0.8888888888888888,3.902135903430109,2.761099935381098,5.3337341131177
19.275862068965516,7.758621172413793,1.0,3.85667475726878,2.747460453458738,5.315531684641177
19.275862068965516,8.275862517241379,0.0,4.337715511118426,2.927991237161513,5.476546764397261
19.275862068965516,8.275862517241379,0.1111111111111111,4.276090710481807,2.907900209555494,5.4562388577634815
19.275862068965516,8.275862517241379,0.2222222222222222,4.218053527481116,2.8892022165977402,5.436258351011303
19.275862068965516,8.275862517241379,0.3333333333333333,4.163031986934218,2.871681647542434,5.416647629450764
19.275862068965516,8.275862517241379,0.4444444444444444,4.110580488406421,2.855168983427321,5.397425925991671
19.275862068965516,8.275862517241379,0.5555555555555556,4.06034438640061,2.8395285504729975,5.378598527507049
19.275862068965516,8.275862517241379,0.6666666666666666,4.0120362098452045,2.824650096738402,5.360162271577924
19.275862068965516,8.275862517241379,0.7777777777777777,3.9654192143217406,2.8104428425095236,5.342108912875315
19.275862068965516,8.275862517241379,0.8888888888888888,3.92029570819793,2.796831178983585,5.324427225478309
19.275862068965516,8.275862517241379,1.0,3.8764985776906835,2.7837514947982167,5.307104334455096
19.275862068965516,8.793103862068964,0.0,4.337715511118426,2.952916698815663,5.459733299287524
19.275862068965516,8.793103862068964,0.1111111111111111,4.278940146602838,2.934136372872971,5.440597374389793
14.155172413793103,14.482758655172413,0.8888888888888888,3.721843395261522,2.7439455506618384,4.99516180517417
14.155172413793103,14.482758655172413,1.0,3.69620616398171,2.7370757154109113,4.985374290782216
14.155172413793103,15.0,0.0,3.942337064317276,2.8144122131866953,5.0707358878762845
14.155172413793103,15.0,0.1111111111111111,3.9138217039346186,2.8066576214711363,5.060302852481096
14.155172413793103,15.0,0.2222222222222222,3.885871841905019,2.79906752344984,5.049998973494935
14.155172413793103,15.0,0.3333333333333333,3.8584461560086862,2.791631354054528,5.039821114626772
14.155172413793103,15.0,0.4444444444444444,3.8315071941196996,2.7843395759139438,5.0297660831386874
14.155172413793103,15.0,0.5555555555555556,3.805020873362587,2.7771835508787306,5.0198306706607
14.155172413793103,15.0,0.6666666666666666,3.77895605798443,2.7701554309795546,5.010011683658939
14.155172413793103,15.0,0.7777777777777777,3.7532842014335333,2.763248065390875,5.0003059660211004
14.155172413793103,15.0,0.8888888888888888,3.7279790411681373,2.756454920659384,4.990710415614489
14.155172413793103,15.0,1.0,3.7030163370476354,2.7497700119895967,4.981221996222583
15.862068965517242,1e-06,0.0,4.094855564120486,3.045756839626569,5.967488584768898
15.862068965517242,1e-06,0.1111111111111111,3.897228649132353,3.045756852867993,5.870695010108194
15.862068965517242,1e-06,0.2222222222222222,3.723908659442211,3.0457568595645124,5.787573878013136
15.862068965517242,1e-06,0.3333333333333333,,,
15.862068965517242,1e-06,0.4444444444444444,,,
15.862068965517242,1e-06,0.5555555555555556,3.2574970546162665,3.0457567614686183,5.5802567885403676
15.862068965517242,1e-06,0.6666666666666666,,,
15.862068965517242,1e-06,0.7777777777777777,,,
15.862068965517242,1e-06,0.8888888888888888,2.8242520884050686,3.0457568470769885,5.405497112799321
15.862068965517242,1e-06,1.0,,,
15.862068965517242,0.5172423448275862,0.0,4.094855564120486,2.7595298499580148,5.8711536707570815
15.862068965517242,0.5172423448275862,0.1111111111111111,3.9259374629341375,2.7663576300144515,5.790357984510007
15.862068965517242,0.5172423448275862,0.2222222222222222,3.7762049491163605,2.770693640790154,5.719093708968457
15.862068965517242,0.5172423448275862,0.3333333333333333,3.637396445017374,2.7735095575584037,5.654320718027972
15.862068965517242,0.5172423448275862,0.4444444444444444,3.5052569176828325,2.7753033631313953,5.5943325080521245
15.862068965517242,0.5172423448275862,0.5555555555555556,3.3772725136391104,2.776366806195571,5.53805265368573
15.862068965517242,0.5172423448275862,0.6666666666666666,3.251880009829023,2.776886580132891,5.484748846397638
15.862068965517242,0.5172423448275862,0.7777777777777777,3.1281675496016352,2.7769900117851583,5.433895436119015
15.862068965517242,0.5172423448275862,0.8888888888888888,3.005800977936644,2.7767682670544778,5.385099571973969
15.862068965517242,0.5172423448275862,1.0,2.8850938166825646,2.776289179071284,5.338058196459635
15.862068965517242,1.0344836896551723,0.0,4.094855564120486,2.4873976833636045,5.790926878442694
15.862068965517242,1.0344836896551723,0.1111111111111111,3.947665659688232,2.4996096323654404,5.722170363945472
15.862068965517242,1.0344836896551723,0.2222222222222222,3.8158002489615597,2.508507395020299,5.660271807366816
15.862068965517242,1.0344836896551723,0.3333333333333333,3.6934329207168366,2.5152040568937353,5.603355124600521
15.862068965517242,1.0344836896551723,0.4444444444444444,3.5773265301881687,2.520348941338694,5.550275736157837
15.862068965517242,1.0344836896551723,0.5555555555555556,3.4654529052601553,2.5243546361631313,5.500270765198155
15.862068965517242,1.0344836896551723,0.6666666666666666,3.3564447186452893,2.5274996637607323,5.452800014951074
15.862068965517242,1.0344836896551723,0.7777777777777777,3.2493464447074945,2.529980723598298,5.407463571669295
15.862068965517242,1.0344836896551723,0.8888888888888888,3.1434980031238995,2.531941646012528,5.363955042215359
15.862068965517242,1.0344836896551723,1.0,3.0384902566333802,2.533490522936203,5.322033160118043
15.862068965517242,1.5517250344827584,0.0,4.094855564120486,2.2522921107102785,5.723027242359019
15.862068965517242,1.5517250344827584,0.1111111111111111,3.9646314319821787,2.2647451888223573,5.663561178852933
15.862068965517242,1.5517250344827584,0.2222222222222222,3.8468253067014127,2.2752004221756814,5.609168733563759
15.862068965517242,1.5517250344827584,0.3333333333333333,3.7372150346947617,2.2840065637046383,5.558655688017596
15.862068965517242,1.5517250344827584,0.4444444444444444,3.6333053843690655,2.2914863334240194,5.5112393389810554
15.862068965517242,1.5517250344827584,0.5555555555555556,3.533466159462828,2.2979003462565113,5.466371381993962
15.862068965517242,1.5517250344827584,0.6666666666666666,3.436556534778438,2.3034529124794636,5.423648856423167
15.862068965517242,1.5517250344827584,0.7777777777777777,3.341739471729583,2.308303802309632,5.38276463566569
15.862068965517242,1.5517250344827584,0.8888888888888888,3.2483832942361444,2.312578718796117,5.3434778108759895
15.862068965517242,1.5517250344827584,1.0,3.1560089145612444,2.3163774304692555,5.305594952961048
15.862068965517242,2.068966379310345,0.0,4.094855564120486,2.1007851515703195,5.664776701514896
15.862068965517242,2.068966379310345,0.1111111111111111,3.978213409996784,2.1040894966701456,5.612639599359461
15.862068965517242,2.068966379310345,0.2222222222222222,3.871779548346994,2.108938266030137,5.564349048158292
15.862068965517242,2.068966379310345,0.3333333333333333,3.7724204372916352,2.1143176932892356,5.519123896973499
15.862068965517242,2.068966379310345,0.4444444444444444,3.6781859894299314,2.1197720307814505,5.4764193586709204
15.862068965517242,2.068966379310345,0.5555555555555556,3.5877572602868275,2.125092345507424,5.435836371441461
15.862068965517242,2.068966379310345,0.6666666666666666,3.50018672040951,2.13018671346334,5.397071527605101
15.862068965517242,2.068966379310345,0.7777777777777777,3.4147621055421196,2.1350209836477476,5.359887288896999
15.862068965517242,2.068966379310345,0.8888888888888888,3.330929645598024,2.139589991902807,5.324093228951146
15.862068965517242,2.068966379310345,1.0,3.2482488880375193,2.1439029417542996,5.2895336721187105
15.862068965517242,2.5862077241379313,0.0,4.094855564120486,2.0646635749478035,5.614225528227579
15.862068965517242,2.5862077241379313,0.1111111111111111,3.9893116021875334,2.053275297310378,5.56798206190054
15.862068965517242,2.5862077241379313,0.2222222222222222,3.892273006026812,2.0464907692865184,5.524718407671439
15.862068965517242,2.5862077241379313,0.3333333333333333,3.8013645674653938,2.0426157738632553,5.483911200622879
15.862068965517242,2.5862077241379313,0.4444444444444444,3.7150419051367414,2.04064704495148,5.445175008515203
15.862068965517242,2.5862077241379313,0.5555555555555556,3.63222865035004,2.039959356052778,5.408215930438464
15.862068965517242,2.5862077241379313,0.6666666666666666,3.5521344703364814,2.040148095010776,5.372803477407614
15.862068965517242,2.5862077241379313,0.7777777777777777,3.4741549073900915,2.040943719170727,5.338752683712864
15.862068965517242,2.5862077241379313,0.8888888888888888,3.397812426712597,2.0421625294855072,5.305912246803122
15.862068965517242,2.5862077241379313,1.0,3.3227200386120397,2.043677049981088,5.274156385171141
15.862068965517242,3.103449068965517,0.0,4.094855564120486,2.1150074272067916,5.569920126796032
15.862068965517242,3.103449068965517,0.1111111111111111,3.998537041727282,2.093121544237816,5.528496020432256
15.862068965517242,3.103449068965517,0.2222222222222222,3.9093925627627817,2.0764160247439,5.4894246672730675
15.862068965517242,3.103449068965517,0.3333333333333333,3.8255876866181455,2.0634224676930804,5.452347899946407
15.862068965517242,3.103449068965517,0.4444444444444444,3.745884037272588,2.0531725515752033,5.41698888428887
15.862068965517242,3.103449068965517,0.5555555555555556,3.669395399454356,2.0449992849528544,5.383128717164267
15.862068965517242,3.103449068965517,0.6666666666666666,3.5954583793982784,2.038428028149996,5.350590780600776
15.862068965517242,3.103449068965517,0.7777777777777777,3.5235581433219183,2.033112333483842,5.319230066100259
15.862068965517242,3.103449068965517,0.8888888888888888,3.4532831502298826,2.0287940951326178,5.288925710355297
15.862068965517242,3.103449068965517,1.0,3.3842962788668673,2.0252777431245073,5.259575650896058
15.862068965517242,3.6206904137931035,0.0,4.094855564120486,2.1999360277144633,5.53075419210527
15.862068965517242,3.6206904137931035,0.1111111111111111,4.006318181375447,2.1739588826260983,5.493329059463043
15.862068965517242,3.6206904137931035,0.2222222222222222,3.923899391484513,2.152452190134925,5.457793194354896
15.862068965517242,3.6206904137931035,0.3333333333333333,3.8461585529564446,2.1343439860292133,5.423896831076159
15.862068965517242,3.6206904137931035,0.4444444444444444,3.7720911293041803,2.1188895902833993,5.391438351386064
15.862068965517242,3.6206904137931035,0.5555555555555556,3.700961185867692,2.1055511455495997,5.360252961237915
15.862068965517242,3.6206904137931035,0.6666666666666666,3.6322081436993527,2.093928512364693,5.330204178369758
15.862068965517242,3.6206904137931035,0.7777777777777777,3.5653912026348418,2.0837170036249537,5.301177548555529
15.862068965517242,3.6206904137931035,0.8888888888888888,3.5001544150087534,2.0746802157859356,5.273075991003999
15.862068965517242,3.6206904137931035,1.0,3.436203802317248,2.0666318555614294,5.24581631311519
15.862068965517242,4.13793175862069,0.0,4.094855564120486,2.2885489072607617,5.495870414183413
15.862068965517242,4.13793175862069,0.1111111111111111,4.012963736047524,2.2621834154288014,5.461806437479259
15.862068965517242,4.13793175862069,0.2222222222222222,3.9363426779455772,2.2394149077180967,5.4292824985211325
15.862068965517242,4.13793175862069,0.3333333333333333,3.8638439898900185,2.2194719804399936,5.398121491437843
15.862068965517242,4.13793175862069,0.4444444444444444,3.794644064156661,2.201801651496286,5.368174687097446
15.862068965517242,4.13793175862069,0.5555555555555556,3.728126767531419,2.1859936691614394,5.339316767935477
15.862068965517242,4.13793175862069,0.6666666666666666,3.6638152838882694,2.1717354377594735,5.311441405677496
15.862068965517242,4.13793175862069,0.7777777777777777,3.601330111832863,2.158783635311339,5.284457657927562
15.862068965517242,4.13793175862069,0.8888888888888888,3.540361940570424,2.1469455299850986,5.2582871127118604
15.862068965517242,4.13793175862069,1.0,3.480653459117013,2.1360662268131434,5.232861640450868
15.862068965517242,4.655173103448276,0.0,4.094855564120486,2.3695996690245833,5.464593817576064
15.862068965517242,4.655173103448276,0.1111111111111111,4.018701393834702,2.3443581231248527,5.433387144058593
15.862068965517242,4.655173103448276,0.2222222222222222,3.947128602859339,2.3219893975317727,5.403452781520898
15.862068965517242,4.655173103448276,0.3333333333333333,3.879209396638096,2.3019272549127283,5.374663265970048
15.862068965517242,4.655173103448276,0.4444444444444444,3.8142618084488498,2.283755818440134,5.346907585941176
15.862068965517242,4.655173103448276,0.5555555555555556,3.751766031749735,2.2671603621116896,5.320089534845938
15.862068965517242,4.655173103448276,0.6666666666666666,3.691313942095637,2.2518969813894296,5.2941256273741875
15.862068965517242,4.655173103448276,0.7777777777777777,3.6325770426022137,2.2377729726061086,5.268943130765101
15.862068965517242,4.655173103448276,0.8888888888888888,3.5752852479454242,2.2246336318799638,5.2444783616184365
15.862068965517242,4.655173103448276,1.0,3.519212355210675,2.2123530794628903,5.220675261616816
17.56896551724138,12.413793275862067,0.8888888888888888,3.9337160790551575,2.89522516246373,5.195331975281497
17.56896551724138,12.413793275862067,1.0,3.9014849111011674,2.88613492899447,5.183271369340471
17.56896551724138,12.931034620689655,0.0,4.22469902562197,2.9908884337447095,5.28843634735187
17.56896551724138,12.931034620689655,0.1111111111111111,4.185547555645649,2.9797360089289135,5.275525822960572
17.56896551724138,12.931034620689655,0.2222222222222222,4.147732949411813,2.9689775411608568,5.262767217747375
17.56896551724138,12.931034620689655,0.3333333333333333,4.1111226764069295,2.95857624762252,5.250166930568742
17.56896551724138,12.931034620689655,0.4444444444444444,4.075602434617556,2.94850027637074,5.237728420309467
17.56896551724138,12.931034620689655,0.5555555555555556,4.041072874514031,2.9387218731474865,5.225453004530048
17.56896551724138,12.931034620689655,0.6666666666666666,4.0074470273530505,2.9292167156013713,5.213340440568191
17.56896551724138,12.931034620689655,0.7777777777777777,3.9746482642641707,2.9199633764319803,5.201389352206938
17.56896551724138,12.931034620689655,0.8888888888888888,3.942608660165324,2.91094288680994,5.189597545376391
17.56896551724138,12.931034620689655,1.0,3.911267669912083,2.9021383785291257,5.177962243246141
17.56896551724138,13.44827596551724,0.0,4.22469902562197,3.002611410044803,5.279323647635892
17.56896551724138,13.44827596551724,0.1111111111111111,4.186825422529607,2.9919106985872532,5.266913598865458
17.56896551724138,13.44827596551724,0.2222222222222222,4.150201185852977,2.9815694431374924,5.254642313111784
17.56896551724138,13.44827596551724,0.3333333333333333,4.114706852973718,2.9715554232188315,5.242515875738265
17.56896551724138,13.44827596551724,0.4444444444444444,4.080238811260278,2.9618405766054074,5.230537759108225
17.56896551724138,13.44827596551724,0.5555555555555556,4.046706548185848,2.9524003226628572,5.218709506001501
17.56896551724138,13.44827596551724,0.6666666666666666,4.01403047253527,2.9432130165751884,5.20703123316709
17.56896551724138,13.44827596551724,0.7777777777777777,3.982140170715394,2.9342595055080087,5.195502005503843
17.56896551724138,13.44827596551724,0.8888888888888888,3.9509729982249,2.925522764872326,5.184120116137708
17.56896551724138,13.44827596551724,1.0,3.9204729319685456,2.916987598068719,5.172883297349871
17.56896551724138,13.965517310344827,0.0,4.22469902562197,3.0135087971238517,5.270694196916646
17.56896551724138,13.965517310344827,0.1111111111111111,4.188023077497333,3.0032250671566114,5.258749063714054
17.56896551724138,13.965517310344827,0.2222222222222222,4.152517212599837,2.993270416226293,5.246931126487922
17.56896551724138,13.965517310344827,0.3333333333333333,4.118073396965631,2.983616495036117,5.2352461439667906
17.56896551724138,13.965517310344827,0.4444444444444444,4.084597437812829,2.9742384800358206,5.223697549069222
17.56896551724138,13.965517310344827,0.5555555555555556,4.05200666313542,2.9651145203879197,5.212287035461159
17.56896551724138,13.965517310344827,0.6666666666666666,4.020228067206024,2.9562252879981834,5.201014994804584
17.56896551724138,13.965517310344827,0.7777777777777777,3.9891968146855907,2.9475536086653316,5.1898808452902685
17.56896551724138,13.965517310344827,0.8888888888888888,3.95885502354863,2.9390841575894444,5.178883280184187
17.56896551724138,13.965517310344827,1.0,3.929150766855778,2.9308032063358795,5.1680204569647294
17.56896551724138,14.482758655172413,0.0,4.22469902562197,3.0236653316078517,5.2625103400176725
17.56896551724138,14.482758655172413,0.1111111111111111,4.189147797872686,3.0137676583707704,5.250998110019862
17.56896551724138,14.482758655172413,0.2222222222222222,4.154694598225978,3.004172198966739,5.239602861363962
17.56896551724138,14.482758655172413,0.3333333333333333,4.121241428234173,2.9948539063321813,5.228330023910688
17.56896551724138,14.482758655172413,0.4444444444444444,4.088702425572355,2.985790738141116,5.2171829540246
17.56896551724138,14.482758655172413,0.5555555555555556,4.05700189626941,2.9769632020956673,5.206163439495822
17.56896551724138,14.482758655172413,0.6666666666666666,4.026072729257458,2.9683539829238303,5.195272080028149
17.56896551724138,14.482758655172413,0.7777777777777777,3.9958551080109177,2.959947634326463,5.184508576083335
17.56896551724138,14.482758655172413,0.8888888888888888,3.966295455199102,2.951730322922902,5.173871949576183
17.56896551724138,14.482758655172413,1.0,3.9373455617082302,2.9436896141171123,5.163360713441695
17.56896551724138,15.0,0.0,4.22469902562197,3.033154503497739,5.254738253570759
17.56896551724138,15.0,0.1111111111111111,4.190206011166308,3.0236152398539464,5.243630015147976
17.56896551724138,15.0,0.2222222222222222,4.156745353934606,3.0143543316000883,5.232629700172697
17.56896551724138,15.0,0.3333333333333333,4.124227901385223,3.0053495626756477,5.2217424147806035
17.56896551724138,15.0,0.4444444444444444,4.09257518299694,2.9965812900817017,5.210971413436402
17.56896551724138,15.0,0.5555555555555556,4.061717733661275,2.9880320678919126,5.200318534858806
17.56896551724138,15.0,0.6666666666666666,4.031593732538803,2.979686336456213,5.189784533843104
17.56896551724138,15.0,0.7777777777777777,4.002147889256905,2.9715301639103187,5.179369335590574
17.56896551724138,15.0,0.8888888888888888,3.9733305257039917,2.9635510299207146,5.16907223183234
17.56896551724138,15.0,1.0,3.9450968137636733,2.9557376437482357,5.158892032872218
19.275862068965516,1e-06,0.0,4.337715511118426,3.045756724665412,6.20818156030647
19.275862068965516,1e-06,0.1111111111111111,,,
19.275862068965516,1e-06,0.2222222222222222,3.8983121239528686,3.0457516190960825,5.980576805384208
19.275862068965516,1e-06,0.3333333333333333,3.7244850207085314,3.045756786029262,5.893664788479728
19.275862068965516,1e-06,0.4444444444444444,3.562959543927188,3.045746000302237,5.8157341775898015
19.275862068965516,1e-06,0.5555555555555556,3.4094024627591097,3.0437302641031425,5.7441468263799935
19.275862068965516,1e-06,0.6666666666666666,,,
19.275862068965516,1e-06,0.7777777777777777,3.121566245723307,3.0457568027565363,5.614128249170379
19.275862068965516,1e-06,0.8888888888888888,2.9901041289777157,3.045756782504219,5.553886465114421
19.275862068965516,1e-06,1.0,2.8724197933409608,3.0457567751347283,5.496022204702219
19.275862068965516,0.5172423448275862,0.0,4.337715511118426,2.695885237091666,6.098157468560539
19.275862068965516,0.5172423448275862,0.1111111111111111,4.129339817805366,2.713686392981727,5.995656006966913
19.275862068965516,0.5172423448275862,0.2222222222222222,3.9582117802142394,2.724200925056532,5.910190156638346
19.275862068965516,0.5172423448275862,0.3333333333333333,3.806156355782778,2.7309834130000596,5.8350236598751835
19.275862068965516,0.5172423448275862,0.4444444444444444,3.6656090950048204,2.735507459726565,5.766951829151733
19.275862068965516,0.5172423448275862,0.5555555555555556,3.532649272162585,2.738530871841337,5.704141813186697
19.275862068965516,0.5172423448275862,0.6666666666666666,3.4050640189110326,2.740496035706816,5.645427008915475
19.275862068965516,0.5172423448275862,0.7777777777777777,3.281651019399612,2.7416843152099823,5.5900100027447115
19.275862068965516,0.5172423448275862,0.8888888888888888,3.1619590761316667,2.742286217898979,5.537316946243107
19.275862068965516,0.5172423448275862,1.0,3.046226705326498,2.742437059884321,5.486918359834456
19.275862068965516,1.0344836896551723,0.0,4.337715511118426,2.3626644921591806,6.007190830189804
19.275862068965516,1.0344836896551723,0.1111111111111111,4.15628083030101,2.390505612950152,5.922324630229671
19.275862068965516,1.0344836896551723,0.2222222222222222,4.004197008130428,2.409983412057021,5.848986439761015
19.275862068965516,1.0344836896551723,0.3333333333333333,3.868543286452815,2.4242704005551485,5.783312792492708
19.275862068965516,1.0344836896551723,0.4444444444444444,3.7433758564864026,2.435106080557576,5.723224234354905
19.275862068965516,1.0344836896551723,0.5555555555555556,3.625398643021354,2.443524129767087,5.667442337065737
19.275862068965516,1.0344836896551723,0.6666666666666666,3.51258719640959,2.4501825642033097,5.615112370411627
19.275862068965516,1.0344836896551723,0.7777777777777777,3.4036336559459155,2.4555233496572826,5.565628414227161
19.275862068965516,1.0344836896551723,0.8888888888888888,3.2976945563523037,2.4598560393504623,5.51854179490414
19.275862068965516,1.0344836896551723,1.0,3.194274370289284,2.463404746034342,5.473508817889634
19.275862068965516,1.5517250344827584,0.0,4.337715511118426,2.123569158235702,5.93067867453174
19.275862068965516,1.5517250344827584,0.1111111111111111,4.177404916507166,2.1362628618860144,5.858998735020117
19.275862068965516,1.5517250344827584,0.2222222222222222,4.040601114502194,2.1508756676468823,5.795325167597074
19.275862068965516,1.5517250344827584,0.3333333333333333,3.9179171555463737,2.1645194870783953,5.737414352737871
19.275862068965516,1.5517250344827584,0.4444444444444444,3.804662904840654,2.1766362199966833,5.683913141235072
19.275862068965516,1.5517250344827584,0.5555555555555556,3.6981022944904574,2.1872574372864197,5.633929218133006
19.275862068965516,1.5517250344827584,0.6666666666666666,3.596480647111147,2.1965611089374053,5.586836257949781
19.275862068965516,1.5517250344827584,0.7777777777777777,3.4986022324137043,2.2047438207416628,5.542173869733973
19.275862068965516,1.5517250344827584,0.8888888888888888,3.4036230045472284,2.211983978630163,5.499591364998711
19.275862068965516,1.5517250344827584,1.0,3.310941781719466,2.2184336065414247,5.458813926390524
19.275862068965516,2.068966379310345,0.0,4.337715511118426,2.0812414925822096,5.865389692725492
19.275862068965516,2.068966379310345,0.1111111111111111,4.1943511418621195,2.0553317804753024,5.803816315729099
19.275862068965516,2.068966379310345,0.2222222222222222,4.070106978842218,2.0438843056062352,5.747936512236986
19.275862068965516,2.068966379310345,0.3333333333333333,3.958023596394563,2.039731595969721,5.696439648101773
19.275862068965516,2.068966379310345,0.4444444444444444,3.854372944889378,2.039482194476976,5.648444154459689
19.275862068965516,2.068966379310345,0.5555555555555556,3.756884872111745,2.0413826016979026,5.603327311559219
19.275862068965516,2.068966379310345,0.6666666666666666,3.664056537901464,2.044472418521287,5.560630495363149
19.275862068965516,2.068966379310345,0.7777777777777777,3.5748335235315465,2.048204397443671,5.5200042891395436
19.275862068965516,2.068966379310345,0.8888888888888888,3.4884452497924,2.0522582742778375,5.4811750198238505
19.275862068965516,2.068966379310345,1.0,3.404313503957573,2.056443641311363,5.44392339118362
19.275862068965516,2.5862077241379313,0.0,4.337715511118426,2.182879746494545,5.8089916270276625
19.275862068965516,2.5862077241379313,0.1111111111111111,4.208208391623067,2.134879253484891,5.75533532758635
19.275862068965516,2.5862077241379313,0.2222222222222222,4.0944775182361965,2.1017920572181183,5.705815619591699
19.275862068965516,2.5862077241379313,0.3333333333333333,3.9912655132396857,2.078208997284558,5.659669105223744
19.275862068965516,2.5862077241379313,0.4444444444444444,3.8955839148133578,2.061033868161502,5.616322314353524
19.275862068965516,2.5862077241379313,0.5555555555555556,3.805543046751533,2.0483451592832393,5.575341146248832
19.275862068965516,2.5862077241379313,0.6666666666666666,3.719857865077692,2.038885528085668,5.5363901140977045
19.275862068965516,2.5862077241379313,0.7777777777777777,3.637607070757051,2.0318005372538503,5.499204312978128
19.275862068965516,2.5862077241379313,0.8888888888888888,3.5581035083552526,2.026492653482994,5.463570438078932
19.275862068965516,2.5862077241379313,1.0,3.4808193447852727,2.022534394574733,5.429313751280501
19.275862068965516,8.793103862068964,0.2222222222222222,4.223421115113152,2.916566542150713,5.4217383627140965
19.275862068965516,8.793103862068964,0.3333333333333333,4.170664976693137,2.9000297861260025,5.4031968183082935
19.275862068965516,8.793103862068964,0.4444444444444444,4.120282098899906,2.8843847109957297,5.384993158429643
19.275862068965516,8.793103862068964,0.5555555555555556,4.071958891151082,2.869516847086048,5.3671352524642275
19.275862068965516,8.793103862068964,0.6666666666666666,4.025438762279296,2.8553322511937536,5.349623090648149
19.275862068965516,8.793103862068964,0.7777777777777777,3.980508710830074,2.8417529041998346,5.332451724139779
19.275862068965516,8.793103862068964,0.8888888888888888,3.9369896599876695,2.8287133310770898,5.315613151134033
19.275862068965516,8.793103862068964,1.0,3.8947293471159363,2.8161580729927236,5.299097544131019
19.275862068965516,9.310345206896551,0.0,4.337715511118426,2.975248367447078,5.444110060017948
19.275862068965516,9.310345206896551,0.1111111111111111,4.281541305461684,2.957624286608497,5.426025997799489
19.275862068965516,9.310345206896551,0.2222222222222222,4.228334987322515,2.941059779099916,5.408177974152777
19.275862068965516,9.310345206896551,0.3333333333333333,4.177668250146369,2.9254075282595635,5.390604227481411
19.275862068965516,9.310345206896551,0.4444444444444444,4.129198726016785,2.9105486757754564,5.373325504811039
19.275862068965516,9.310345206896551,0.5555555555555556,4.08264801894944,2.896385975577104,5.356351329921025
19.275862068965516,9.310345206896551,0.6666666666666666,4.0377863438752986,2.8828388859228133,5.339683963748725
19.275862068965516,9.310345206896551,0.7777777777777777,3.9944215284247004,2.869839978276512,5.323320960764784
19.275862068965516,9.310345206896551,0.8888888888888888,3.9523909717975534,2.85733226131935,5.307256848128179
19.275862068965516,9.310345206896551,1.0,3.911555654881849,2.845267153543519,5.291484243861916
19.275862068965516,9.827586551724137,0.0,4.337715511118426,2.9953738347296612,5.429553888132268
19.275862068965516,9.827586551724137,0.1111111111111111,4.283924906141622,2.9787764749771646,5.412418437436553
19.275862068965516,9.827586551724137,0.2222222222222222,4.232849642356675,2.9631127207010723,5.3954856688692105
19.275862068965516,9.827586551724137,0.3333333333333333,4.184115828243688,2.9482592385943214,5.378791288445577
19.275862068965516,9.827586551724137,0.4444444444444444,4.137421238109069,2.934115395070077,5.362355809707242
19.275862068965516,9.827586551724137,0.5555555555555556,4.092517782523642,2.9205980505172264,5.3461897447823805
19.275862068965516,9.827586551724137,0.6666666666666666,4.049199030008767,2.907637758887214,5.330296963786014
19.275862068965516,9.827586551724137,0.7777777777777777,4.007291134759203,2.895175942942328,5.314676911798485
19.275862068965516,9.827586551724137,0.8888888888888888,3.966646114691259,2.883162760361796,5.299326095938561
19.275862068965516,9.827586551724137,1.0,3.9271367854960486,2.8715554675487587,5.284239096044747
19.275862068965516,10.344827896551724,0.0,4.337715511118426,3.0136070694450345,5.415958170030899
19.275862068965516,10.344827896551724,0.1111111111111111,4.286116851255134,2.997926914155364,5.39968201674131
19.275862068965516,10.344827896551724,0.2222222222222222,4.2370112725785365,2.983074320028657,5.383581120548096
19.275862068965516,10.344827896551724,0.3333333333333333,4.190070655120844,2.9689452477806553,5.367688605325243
19.275862068965516,10.344827896551724,0.4444444444444444,4.1450270505666555,2.9554539281986507,5.352024389101213
19.275862068965516,10.344827896551724,0.5555555555555556,4.101658579674218,2.9425288631305655,5.33659949650542
19.275862068965516,10.344827896551724,0.6666666666666666,4.059779228051802,2.9301098567893025,5.321418910690422
19.275862068965516,10.344827896551724,0.7777777777777777,4.0192313212027395,2.9181457768330388,5.3064834934293295
19.275862068965516,10.344827896551724,0.8888888888888888,3.979879879374357,2.906592841280736,5.291791297561468
19.275862068965516,10.344827896551724,1.0,3.9416083163466933,2.895413290098348,5.27733847536308
19.275862068965516,10.86206924137931,0.0,4.337715511118426,3.030205036841554,5.403230133538188
19.275862068965516,10.86206924137931,0.1111111111111111,4.288139127103156,3.0153487673069344,5.387735566444237
19.275862068965516,10.86206924137931,0.2222222222222222,4.2408592760752795,3.0012300885543994,5.372393548897056
19.275862068965516,10.86206924137931,0.3333333333333333,4.195586585100282,2.9877606222845854,5.357234674664622
19.275862068965516,10.86206924137931,0.4444444444444444,4.152082525015406,2.9748668183395033,5.342278043122013
19.275862068965516,10.86206924137931,0.5555555555555556,4.110147978045937,2.962486853309985,5.327534853928851
19.275862068965516,10.86206924137931,0.6666666666666666,4.069614840327502,2.950568292399263,5.313010831568885
19.275862068965516,10.86206924137931,0.7777777777777777,4.030339747278194,2.939066302054731,5.298707887674165
19.275862068965516,10.86206924137931,0.8888888888888888,3.992199311533257,2.927942265851104,5.284625276830739
19.275862068965516,10.86206924137931,1.0,3.955086457192977,2.9171626999735065,5.270760409844534
19.275862068965516,11.379310586206897,0.0,4.337715511118426,3.045380047057419,5.391288660043243
19.275862068965516,11.379310586206897,0.1111111111111111,4.290010510770398,3.0312675724082814,5.376507695797401
19.275862068965516,11.379310586206897,0.2222222222222222,4.2444274518437615,3.017815809851357,5.361860354123752
19.275862068965516,11.379310586206897,0.3333333333333333,4.200709957975311,3.004949198452091,5.347374810263692
19.275862068965516,11.379310586206897,0.4444444444444444,4.15864487186284,2.9926043057779466,5.333069217366907
19.275862068965516,11.379310586206897,0.5555555555555556,4.11805292076399,2.98072740113297,5.3189547134970026
19.275862068965516,11.379310586206897,0.6666666666666666,4.078781764226849,2.9692725997519935,5.3050374866349275
19.275862068965516,11.379310586206897,0.7777777777777777,4.040700735435845,2.9582004261720987,5.2913202142412565
19.275862068965516,11.379310586206897,0.8888888888888888,4.0036968067463015,2.947476689218937,5.27780307992594
19.275862068965516,11.379310586206897,1.0,3.9676714539119398,2.937071591654323,5.2644844995455555
19.275862068965516,11.896551931034482,0.0,4.337715511118426,3.0593090448605245,5.380062500674132
19.275862068965516,11.896551931034482,0.1111111111111111,4.291747130473124,3.045871166521039,5.365935365351247
19.275862068965516,11.896551931034482,0.2222222222222222,4.2477449528405264,3.0330278771302144,5.351925977083177
19.275862068965516,11.896551931034482,0.3333333333333333,4.205480858687172,3.020714186274896,5.338060236428974
19.275862068965516,11.896551931034482,0.4444444444444444,4.164763672554023,3.0088750960422512,5.324355288094517
19.275862068965516,11.896551931034482,0.5555555555555556,4.125431489771513,2.9974636862206796,5.310822045468312
19.275862068965516,11.896551931034482,0.6666666666666666,4.08734588771415,2.9864396305489076,5.297466953168023
19.275862068965516,11.896551931034482,0.7777777777777777,4.0503874971460725,2.975768034548717,5.284293234671996
19.275862068965516,11.896551931034482,0.8888888888888888,4.014452569923516,2.965418515855071,5.271301786160888
19.275862068965516,11.896551931034482,1.0,3.9794502869346595,2.955364469491938,5.258491823654764
19.275862068965516,12.413793275862067,0.0,4.337715511118426,3.0721406816715056,5.369488811777497
19.275862068965516,12.413793275862067,0.1111111111111111,4.293362913273622,3.0593172408319087,5.355962701922447
19.275862068965516,12.413793275862067,0.2222222222222222,4.25083705197247,3.047031172644016,5.342540943210259
19.275862068965516,12.413793275862067,0.3333333333333333,4.209934132677719,3.0352262663164273,5.3292473201490385
19.275862068965516,12.413793275862067,0.4444444444444444,4.170482107606696,3.023854599678462,5.316097951009502
19.275862068965516,12.413793275862067,0.5555555555555556,4.132334327677056,3.0128750164525426,5.303103415043986
19.275862068965516,12.413793275862067,0.6666666666666666,4.095364696312516,3.002251931775395,5.290270260400368
19.275862068965516,12.413793275862067,0.7777777777777777,4.0594639223794475,2.9919543863053755,5.277602086660612
19.275862068965516,12.413793275862067,0.8888888888888888,4.024536588433242,2.9819552903214763,5.265100330733037
19.275862068965516,12.413793275862067,1.0,3.990498831497023,2.972230814355995,5.252764842979467
19.275862068965516,12.931034620689655,0.0,4.337715511118426,3.0840007598551984,5.359511944738329
19.275862068965516,12.931034620689655,0.1111111111111111,4.2948699455555674,3.071739155574712,5.34654000931002
19.275862068965516,12.931034620689655,0.2222222222222222,4.25372576229238,3.059965137843302,5.3336610569046305
19.275862068965516,12.931034620689655,0.3333333333333333,4.214100210375386,3.0486298363665387,5.320896918359245
19.275862068965516,12.931034620689655,0.4444444444444444,4.175837954841081,3.0376912998786887,5.308262696954781
19.275862068965516,12.931034620689655,0.5555555555555556,4.138805793303891,3.027113276245368,5.2957685673668955
19.275862068965516,12.931034620689655,0.6666666666666666,4.102888577826994,3.0168642445821297,5.283421068928427
19.275862068965516,12.931034620689655,0.7777777777777777,4.06798603037831,3.0069166409168724,5.271224046260303
19.275862068965516,12.931034620689655,0.8888888888888888,4.034010228906357,2.9972462336443435,5.259179340553175
19.275862068965516,12.931034620689655,1.0,4.000883602581403,2.987831615823961,5.247287302259144
19.275862068965516,13.44827596551724,0.0,4.337715511118426,3.0949964681283584,5.350082439890106
19.275862068965516,13.44827596551724,0.1111111111111111,4.29627876535146,3.0832504622219457,5.337622938173574
19.275862068965516,13.44827596551724,0.2222222222222222,4.256430342619055,3.0719484973121514,5.325246719695499
19.275862068965516,13.44827596551724,0.3333333333333333,4.2180057813154725,3.061047878363719,5.312973820945984
19.275862068965516,13.44827596551724,0.4444444444444444,4.1808644065369585,3.0505117205703085,5.300818360746121
19.275862068965516,13.44827596551724,0.5555555555555556,4.144884907665837,3.040307965248638,5.288790067053606
19.275862068965516,13.44827596551724,0.6666666666666666,4.1099618896595995,3.0304085907204583,5.276895388967777
19.275862068965516,13.44827596551724,0.7777777777777777,4.076003154991927,3.020788974915708,5.265138315382896
19.275862068965516,13.44827596551724,0.8888888888888888,4.042927539953249,3.0114273767935242,5.253520983508816
19.275862068965516,13.44827596551724,1.0,4.010663176035665,3.002304511440693,5.24204413507882
19.275862068965516,13.965517310344827,0.0,4.337715511118426,3.105219708996023,5.341156185328009
19.275862068965516,13.965517310344827,0.1111111111111111,4.2975986010086915,3.093948454695384,5.32917178606545
19.275862068965516,13.965517310344827,0.2222222222222222,4.258967712418508,3.083082970331578,5.317262350732194
19.275862068965516,13.965517310344827,0.3333333333333333,4.221674348870686,3.072585785952284,5.3054462737148915
19.275862068965516,13.965517310344827,0.4444444444444444,4.18559074275434,3.0624243381063194,5.293736731758725
19.275862068965516,13.965517310344827,0.5555555555555556,4.150606133611403,3.052570170730362,5.282142984370087
19.275862068965516,13.965517310344827,0.6666666666666666,4.11662383800983,3.042998288007835,5.270671332458058
19.275862068965516,13.965517310344827,0.7777777777777777,4.083558920123042,3.033686626938564,5.2593258320866285
19.275862068965516,13.965517310344827,0.8888888888888888,4.051336322760677,3.0246156247054654,5.248108830674216
19.275862068965516,13.965517310344827,1.0,4.019889354784989,3.015767861554794,5.23702137305291
19.275862068965516,14.482758655172413,0.0,4.337715511118426,3.114749736927427,5.332693709829026
19.275862068965516,14.482758655172413,0.1111111111111111,4.298837567283041,3.103916983589541,5.321150904474596
19.275862068965516,14.482758655172413,0.2222222222222222,4.261352794301427,3.09345621332836,5.309675892254854
19.275862068965516,14.482758655172413,0.3333333333333333,4.225126689491635,3.0833344013136417,5.298285568407886
20.982758620689655,4.655173103448276,0.6666666666666666,3.9402186820030995,2.53843635132386,5.521032670539692
20.982758620689655,4.655173103448276,0.7777777777777777,3.873993541402968,2.516670343425105,5.492840682844021
20.982758620689655,4.655173103448276,0.8888888888888888,3.8104015272801455,2.4965090397921887,5.465588532040734
20.982758620689655,4.655173103448276,1.0,3.749039260325792,2.4777137563302136,5.439204224104868
20.982758620689655,5.1724144482758625,0.0,4.437755156017294,2.793819533418455,5.681627243026688
20.982758620689655,5.1724144482758625,0.1111111111111111,4.342742442171382,2.755445236592516,5.649676232871047
20.982758620689655,5.1724144482758625,0.2222222222222222,4.256804148072945,2.722018933467536,5.618578855794642
20.982758620689655,5.1724144482758625,0.3333333333333333,4.177703493802426,2.6923511850084187,5.5884712246658514
20.982758620689655,5.1724144482758625,0.4444444444444444,4.103949796053369,2.6656357749598096,5.559372784740309
20.982758620689655,5.1724144482758625,0.5555555555555556,4.0344938568726265,2.641299459805016,5.531253719523478
20.982758620689655,5.1724144482758625,0.6666666666666666,3.968565413949643,2.6189194276433208,5.504064106305992
20.982758620689655,5.1724144482758625,0.7777777777777777,3.905579673490645,2.5981746734426396,5.4777472058735555
20.982758620689655,5.1724144482758625,0.8888888888888888,3.8450803193664584,2.5788157306017347,5.452245659828492
20.982758620689655,5.1724144482758625,1.0,3.7867030825376804,2.5606449691861246,5.427504344695574
20.982758620689655,5.689655793103449,0.0,4.437755156017294,2.847510373686425,5.652422543174299
20.982758620689655,5.689655793103449,0.1111111111111111,4.348792161583678,2.813113134855398,5.623199657284622
20.982758620689655,5.689655793103449,0.2222222222222222,4.267769695036028,2.7827229440282486,5.594605446036208
20.982758620689655,5.689655793103449,0.3333333333333333,4.192856459153621,2.7554399639722216,5.566788161813021
20.982758620689655,5.689655793103449,0.4444444444444444,4.122795812027645,2.7306364168251593,5.5397917169811475
20.982758620689655,5.689655793103449,0.5555555555555556,4.056683937125002,2.707856127402828,5.513611297936853
20.982758620689655,5.689655793103449,0.6666666666666666,3.9938462181333545,2.6867568565575732,5.488219277483717
20.982758620689655,5.689655793103449,0.7777777777777777,3.9337637690904472,2.6670751701179993,5.463577928329745
20.982758620689655,5.689655793103449,0.8888888888888888,3.8760274586420205,2.6486039841930085,5.439645861849631
20.982758620689655,5.689655793103449,1.0,3.82030789685642,2.631177634329805,5.416381328244728
20.982758620689655,6.206897137931034,0.0,4.437755156017295,2.8929944795759432,5.625908324996277
20.982758620689655,6.206897137931034,0.1111111111111111,4.354136754934028,2.861890606940881,5.599019034596026
20.982758620689655,6.206897137931034,0.2222222222222222,4.277517042315596,2.834082942176955,5.572594395495978
20.982758620689655,6.206897137931034,0.3333333333333333,4.206381472140506,2.808878617780753,5.5467833338966965
20.982758620689655,6.206897137931034,0.4444444444444444,4.1396634963113925,2.7857816365953947,5.5216435204687855
20.982758620689655,6.206897137931034,0.5555555555555556,4.076580832474121,2.764424350839526,5.4971867135762915
20.982758620689655,6.206897137931034,0.6666666666666666,4.016540596154045,2.7445265365650235,5.473401206114755
20.982758620689655,6.206897137931034,0.7777777777777777,3.959081192970848,2.725869678523475,5.450263485710948
20.982758620689655,6.206897137931034,0.8888888888888888,3.9038350690447228,2.708280122091851,5.427744497913882
20.982758620689655,6.206897137931034,1.0,3.8505039103751666,2.6916176416397453,5.4058130787231065
20.982758620689655,6.724138482758621,0.0,4.437755156017294,2.932019506383728,5.6017247363830105
20.982758620689655,6.724138482758621,0.1111111111111111,4.358890190025724,2.9036745327467424,5.576849909703263
20.982758620689655,6.724138482758621,0.2222222222222222,4.286234446448781,2.8780776699293296,5.552319016507134
20.982758620689655,6.724138482758621,0.3333333333333333,4.218523644058574,2.8546870989752953,5.528275378587613
20.982758620689655,6.724138482758621,0.4444444444444444,4.154846718032764,2.833105914830624,5.504783503073352
20.982758620689655,6.724138482758621,0.5555555555555556,4.09452342854806,2.813034535983975,5.481865840698688
20.982758620689655,6.724138482758621,0.6666666666666666,4.0370309207436375,2.7942412423880265,5.459521936420907
20.982758620689655,6.724138482758621,0.7777777777777777,3.981957480392258,2.776543128487872,5.4377388543160174
20.982758620689655,6.724138482758621,0.8888888888888888,3.9289722184746783,2.759793332533018,5.416497040616106
20.982758620689655,6.724138482758621,1.0,3.8778045108463313,2.7438722043677157,5.39577369667348
20.982758620689655,7.241379827586207,0.0,4.437755156017294,2.9658761933906317,5.579573905583336
20.982758620689655,7.241379827586207,0.1111111111111111,4.363143551697339,2.9398686427093015,5.556452476566282
20.982758620689655,7.241379827586207,0.2222222222222222,4.294073856730936,2.91617916500703,5.5335854095182135
20.982758620689655,7.241379827586207,0.3333333333333333,4.229481623991498,2.8943782027981624,5.511107219976356
20.982758620689655,7.241379827586207,0.4444444444444444,4.168583833585617,2.8741445222215765,5.489084821940849
20.982758620689655,7.241379827586207,0.5555555555555556,4.110786306438574,2.855231610482213,5.467547267341706
20.982758620689655,7.241379827586207,0.6666666666666666,4.055626367149653,2.8374461858340427,5.446501937144328
20.982758620689655,7.241379827586207,0.7777777777777777,4.002735812315988,2.8206339354492216,5.42594371283699
20.982758620689655,7.241379827586207,0.8888888888888888,3.9518161247651755,2.804669744571069,5.40586033372443
20.982758620689655,7.241379827586207,1.0,3.902621369762488,2.7894508162772516,5.386235598922443
20.982758620689655,7.758621172413793,0.0,4.437755156017295,2.9955348778963753,5.559207072172318
20.982758620689655,7.758621172413793,0.1111111111111111,4.366970426532404,2.971528541322927,5.537623271592899
20.982758620689655,7.758621172413793,0.2222222222222222,4.301159170592353,2.9494977427893474,5.516226907111505
20.982758620689655,7.758621172413793,0.3333333333333333,4.239418081897732,2.929097710686322,5.49514229979441
20.982758620689655,7.758621172413793,0.4444444444444444,4.181070287277942,2.910065785408415,5.474435984508496
20.982758620689655,7.758621172413793,0.5555555555555556,4.1255945169825905,2.8921973316694025,5.45414077926942
20.982758620689655,7.758621172413793,0.6666666666666666,4.072579970915582,2.8753298716663718,5.4342694039767805
20.982758620689655,7.758621172413793,0.7777777777777777,4.02169648213252,2.8593322972844257,5.414822465997237
20.982758620689655,7.758621172413793,0.8888888888888888,3.972674157760809,2.8440973294711385,5.395793278003346
20.982758620689655,7.758621172413793,1.0,3.9252890999111276,2.8295361177081175,5.377170830086397
20.982758620689655,8.275862517241379,0.0,4.437755156017294,3.021737679913653,5.540414807552118
20.982758620689655,8.275862517241379,0.1111111111111111,4.370430854459851,2.9994611410670506,5.520188621793847
20.982758620689655,8.275862517241379,0.2222222222222222,4.307592350722119,2.978883669816456,5.5000995742675
20.982758620689655,8.275862517241379,0.3333333333333333,4.248467470952976,2.959725455372809,5.480261456744221
20.982758620689655,8.275862517241379,0.4444444444444444,4.192467895701427,2.9417697297573144,5.460738723222787
20.982758620689655,8.275862517241379,0.5555555555555556,4.139134399750328,2.9248452582052495,5.441566006394548
20.982758620689655,8.275862517241379,0.6666666666666666,4.088101042953835,2.9088144907789717,5.4227595433455615
20.982758620689655,8.275862517241379,0.7777777777777777,4.039070985949155,2.893565325050847,5.40432408267364
20.982758620689655,8.275862517241379,0.8888888888888888,3.9917996892880754,2.879005239343954,5.386257170958824
20.982758620689655,8.275862517241379,1.0,3.9460829492128418,2.8650570235096975,5.368551869684027
20.982758620689655,8.793103862068964,0.0,4.437755156017295,3.0450613134953812,5.523019491483971
20.982758620689655,8.793103862068964,0.1111111111111111,4.373574268525409,3.02429291893594,5.503999439484386
20.982758620689655,8.793103862068964,0.2222222222222222,4.313458020718482,3.004997810857716,5.485078546581499
20.982758620689655,8.793103862068964,0.3333333333333333,4.256741862825763,2.986946598228129,5.466360334557243
20.982758620689655,8.793103862068964,0.4444444444444444,4.202911802525772,2.969958862738405,5.4479061887118325
20.982758620689655,8.793103862068964,0.5555555555555556,4.151561646514557,2.9538902654365624,5.4297512274302475
20.982758620689655,8.793103862068964,0.6666666666666666,4.102364373574936,2.9386236049340337,5.411913880126132
20.982758620689655,8.793103862068964,0.7777777777777777,4.0550524163593105,2.9240624715965615,5.394401837205465
20.982758620689655,8.793103862068964,0.8888888888888888,4.009403732729751,2.9101266480468797,5.377215836094155
20.982758620689655,8.793103862068964,1.0,3.9652317443724376,2.896748711727922,5.36035211863469
20.982758620689655,9.310345206896551,0.0,4.437755156017295,3.06596053259351,5.506869458692715
20.982758620689655,9.310345206896551,0.1111111111111111,4.376441709597616,3.046517302563937,5.4889270574095965
20.982758620689655,9.310345206896551,0.2222222222222222,4.318826961036079,3.028361028232621,5.471055035959466
20.982758620689655,9.310345206896551,0.3333333333333333,4.264335393731922,3.0113019147768076,5.453347222283339
20.982758620689655,9.310345206896551,0.4444444444444444,4.212515764878691,2.9951886232674547,5.435861412821781
20.982758620689655,9.310345206896551,0.5555555555555556,4.1630074054249135,2.9798986618862138,5.418632321200005
20.982758620689655,9.310345206896551,0.6666666666666666,4.11551716838141,2.965331570502863,5.401679610353576
20.982758620689655,9.310345206896551,0.7777777777777777,4.06980325984929,2.9514039908338794,5.385013006061478
20.982758620689655,9.310345206896551,0.8888888888888888,4.025663638901015,2.9380460344987616,5.368635624716217
20.982758620689655,9.310345206896551,1.0,3.9829275253342082,2.925198562168869,5.352546179388909
20.982758620689655,9.827586551724137,0.0,4.437755156017295,3.0847986921536545,5.491834397433549
20.982758620689655,9.827586551724137,0.1111111111111111,4.379067514340296,3.0665280593964543,5.474859873385491
20.982758620689655,9.827586551724137,0.2222222222222222,4.323758798785644,3.0493891474537227,5.457933870278203
20.982758620689655,9.827586551724137,0.3333333333333333,4.271327693187804,3.0332235931225924,5.441141248748565
20.982758620689655,9.827586551724137,0.4444444444444444,4.221376224228367,3.017903533752315,5.424535999694312
20.982758620689655,9.827586551724137,0.5555555555555556,4.1735829665901605,3.0033243657896347,5.408151850268679
20.982758620689655,9.827586551724137,0.6666666666666666,4.127684351645246,2.989399501446804,5.392009007943117
20.982758620689655,9.827586551724137,0.7777777777777777,4.083461335274633,2.9760565084558044,5.376118550555429
20.982758620689655,9.827586551724137,0.8888888888888888,4.0407296937345265,2.963234222471238,5.3604853420109055
20.982758620689655,9.827586551724137,1.0,3.9993328296818986,2.9508805549570463,5.345110002313241
20.982758620689655,10.344827896551724,0.0,4.437755156017295,3.1018696113290245,5.477801697548015
20.982758620689655,10.344827896551724,0.1111111111111111,4.381480615652968,3.0846431968770145,5.461700629176614
20.982758620689655,10.344827896551724,0.2222222222222222,4.328304098961021,3.0684180607995266,5.4456314620984
20.982758620689655,10.344827896551724,0.3333333333333333,4.277786557295572,3.0530610372936047,5.429670867966123
20.982758620689655,10.344827896551724,0.4444444444444444,4.229575478119552,3.038463376493249,5.4138690092685335
20.982758620689655,10.344827896551724,0.5555555555555556,4.183383403681864,3.024535229814898,5.398258261835177
20.982758620689655,10.344827896551724,0.6666666666666666,4.138972674692353,3.011201580540315,5.382858887685744
20.982758620689655,10.344827896551724,0.7777777777777777,4.096144378221286,2.998399198367163,5.367682803424033
22.689655172413794,1.0344836896551723,0.0,4.527485127456601,2.2223738123205963,6.179751068812742
22.689655172413794,1.0344836896551723,0.1111111111111111,4.306836125246833,2.268753165987596,6.079333263523061
22.689655172413794,1.0344836896551723,0.2222222222222222,4.134215865510896,2.302327154687701,5.995625670748084
22.689655172413794,1.0344836896551723,0.3333333333333333,3.9854997258536895,2.326678350749317,5.922291293214712
22.689655172413794,1.0344836896551723,0.4444444444444444,3.851323837610084,2.3449097818917646,5.856209759208659
22.689655172413794,1.0344836896551723,0.5555555555555556,3.72695297469284,2.35894681371871,5.79556782422806
22.689655172413794,1.0344836896551723,0.6666666666666666,3.6096543458054344,2.3700014384746435,5.739199963702372
22.689655172413794,1.0344836896551723,0.7777777777777777,3.497743601293185,2.3788692246578327,5.686303754609296
22.689655172413794,1.0344836896551723,0.8888888888888888,3.390173133181588,2.3860937181584836,5.636298349449524
22.689655172413794,1.0344836896551723,1.0,3.2863397572874478,2.392059139576082,5.58874681108552
22.689655172413794,1.5517250344827584,0.0,4.527485127456601,2.080572394408787,6.092924382999403
22.689655172413794,1.5517250344827584,0.1111111111111111,4.332916181330027,2.052981984910466,6.0106542925463256
22.689655172413794,1.5517250344827584,0.2222222222222222,4.176615715811325,2.054666906108162,5.939010345876055
22.689655172413794,1.5517250344827584,0.3333333333333333,4.041003825095261,2.0647373577892,5.87483900170154
22.689655172413794,1.5517250344827584,0.4444444444444444,3.9185311007713235,2.0768774084933477,5.8162532756900225
22.689655172413794,1.5517250344827584,0.5555555555555556,3.805165974788753,2.0889586902091,5.76203946250342
22.689655172413794,1.5517250344827584,0.6666666666666666,3.6984764471454183,2.1002682105129904,5.711365444885394
22.689655172413794,1.5517250344827584,0.7777777777777777,3.59688142955111,2.1106141430267837,5.663631723146016
22.689655172413794,1.5517250344827584,0.8888888888888888,3.4993073310868197,2.1200021812880823,5.618389303566913
22.689655172413794,1.5517250344827584,1.0,3.405014295139174,2.128509502386716,5.575291325193264
22.689655172413794,2.068966379310345,0.0,4.527485127456601,2.217623053387425,6.019522758699218
22.689655172413794,2.068966379310345,0.1111111111111111,4.3538676267118435,2.1321094180154216,5.950711149648359
22.689655172413794,2.068966379310345,0.2222222222222222,4.21119865467009,2.082889635790121,5.888727000808633
22.689655172413794,2.068966379310345,0.3333333333333333,4.086447986612163,2.053275115741764,5.832137608837757
22.689655172413794,2.068966379310345,0.4444444444444444,3.9735167824847593,2.0352105002542,5.779846952378661
22.689655172413794,2.068966379310345,0.5555555555555556,3.8689898427701688,2.024296198658121,5.731061949945093
22.689655172413794,2.068966379310345,0.6666666666666666,3.770736926817482,2.0179580363000746,5.685198250285232
22.689655172413794,2.068966379310345,0.7777777777777777,3.677330836907437,2.014619378245545,5.641813507707008
22.689655172413794,2.068966379310345,0.8888888888888888,3.5877676973975485,2.0132813492857617,5.600564158807964
22.689655172413794,2.068966379310345,1.0,3.5013189088424523,2.013294108213153,5.5611772699984
22.689655172413794,2.5862077241379313,0.0,4.527485127456601,2.4005240785516606,5.956620716418326
22.689655172413794,2.5862077241379313,0.1111111111111111,4.3710003677748155,2.313249317053883,5.898030729368476
22.689655172413794,2.5862077241379313,0.2222222222222222,4.239897157714909,2.251219007976619,5.843853226163152
22.689655172413794,2.5862077241379313,0.3333333333333333,4.124357040332668,2.204862435721023,5.793580683811992
22.689655172413794,2.5862077241379313,0.4444444444444444,4.019432027385059,2.1691201584740667,5.746619188595214
22.689655172413794,2.5862077241379313,0.5555555555555556,3.9222307937017207,2.1409484930993488,5.702467874889791
22.689655172413794,2.5862077241379313,0.6666666666666666,3.830896884359989,2.1183673750178693,5.660724848817604
22.689655172413794,2.5862077241379313,0.7777777777777777,3.744157865105663,2.10002017802714,5.621068405063885
22.689655172413794,2.5862077241379313,0.8888888888888888,3.6610994248224324,2.084942781240697,5.583238510395758
22.689655172413794,2.5862077241379313,1.0,3.5810416401290848,2.0724311184746993,5.547022285422998
22.689655172413794,3.103449068965517,0.0,4.527485127456601,2.551186848495916,5.902087091945006
22.689655172413794,3.103449068965517,0.1111111111111111,4.385227502057073,2.475232380012422,5.851428343683496
22.689655172413794,3.103449068965517,0.2222222222222222,4.2640571188366225,2.4168293798485694,5.803621759672861
22.689655172413794,3.103449068965517,0.3333333333333333,4.156458536741824,2.3699321342351483,5.758648263529316
22.689655172413794,3.103449068965517,0.4444444444444444,4.058395185251778,2.331180745799233,5.716229019684339
22.689655172413794,3.103449068965517,0.5555555555555556,3.967415649070186,2.298487962873673,5.6760642660553895
22.689655172413794,3.103449068965517,0.6666666666666666,3.881904032414371,2.27045899077862,5.637885356303106
22.689655172413794,3.103449068965517,0.7777777777777777,3.800730742056828,2.2461128322880337,5.601462471008007
22.689655172413794,3.103449068965517,0.8888888888888888,3.7230706626422947,2.2247330937677217,5.566601240820155
22.689655172413794,3.103449068965517,1.0,3.6483005195483487,2.205781431881656,5.533137176781775
22.689655172413794,3.6206904137931035,0.0,4.527485127456601,2.668311033082899,5.854333512857869
22.689655172413794,3.6206904137931035,0.1111111111111111,4.397201711843667,2.6034824485552237,5.80994783228036
22.689655172413794,3.6206904137931035,0.2222222222222222,4.2846468328050555,2.551422162049044,5.767392002374211
22.689655172413794,3.6206904137931035,0.3333333333333333,4.183982141634152,2.5080642291318984,5.7268943415460125
22.689655172413794,3.6206904137931035,0.4444444444444444,4.091893908637522,2.4710351744543493,5.688370671016665
22.689655172413794,3.6206904137931035,0.5555555555555556,4.006298206256336,2.438815069633149,5.65165825284023
22.689655172413794,3.6206904137931035,0.6666666666666666,3.925787732036801,2.4103666047630026,5.616584987031765
22.689655172413794,3.6206904137931035,0.7777777777777777,3.8493608788603537,2.384948313960362,5.582990557474794
22.689655172413794,3.6206904137931035,0.8888888888888888,3.7762755068694136,2.3620113283561857,5.5507318811338076
22.689655172413794,3.6206904137931035,1.0,3.705964075333143,2.341138123631266,5.519683215712607
22.689655172413794,4.13793175862069,0.0,4.527485127456601,2.760249778825219,5.812152097539936
22.689655172413794,4.13793175862069,0.1111111111111111,4.407399744915547,2.7044773250072542,5.772813607161104
22.689655172413794,4.13793175862069,0.2222222222222222,4.302381125495446,2.658338778886549,5.734627365807298
22.689655172413794,4.13793175862069,0.3333333333333333,4.207830625555442,2.6189893574940806,5.697936008627866
22.689655172413794,4.13793175862069,0.4444444444444444,4.121009779980464,2.584690806496897,5.662772813863102
22.689655172413794,4.13793175862069,0.5555555555555556,4.0401411075928495,2.5542961049485395,5.629067299011729
22.689655172413794,4.13793175862069,0.6666666666666666,3.9639970867733014,2.5270056295945347,5.596716753584848
22.689655172413794,4.13793175862069,0.7777777777777777,3.8916893518450784,2.5022385737893003,5.565613097136958
22.689655172413794,4.13793175862069,0.8888888888888888,3.822551014388117,2.479559465233073,5.535653079752327
22.689655172413794,4.13793175862069,1.0,3.7560665592452813,2.45863347447248,5.506741824683775
22.689655172413794,4.655173103448276,0.0,4.527485127456601,2.8339393185303194,5.774607849322395
22.689655172413794,4.655173103448276,0.1111111111111111,4.416176548969061,2.7853412936465527,5.739392800052715
22.689655172413794,4.655173103448276,0.2222222222222222,4.317799001958464,2.7442188430485883,5.70487685724922
22.689655172413794,4.655173103448276,0.3333333333333333,4.228683453715865,2.708522041249325,5.6714440792227165
22.689655172413794,4.655173103448276,0.4444444444444444,4.146551427853993,2.676945754474484,5.639195929830062
22.689655172413794,4.655173103448276,0.5555555555555556,4.069881053048654,2.648604049361552,5.608123068026253
22.689655172413794,4.655173103448276,0.6666666666666666,3.997599337718144,2.622866395807806,5.5781721991383835
22.689655172413794,4.655173103448276,0.7777777777777777,3.928917518306265,2.5992674649203025,5.549274246351386
22.689655172413794,4.655173103448276,0.8888888888888888,3.8632361947781173,2.577453890497934,5.5213567371272925
22.689655172413794,4.655173103448276,1.0,3.8000874080311378,2.5571510762708134,5.494349272631065
22.689655172413794,5.1724144482758625,0.0,4.5274851274566,2.8942341597013903,5.740965526746626
22.689655172413794,5.1724144482758625,0.1111111111111111,4.423800935055185,2.8513549196386507,5.709165648294076
22.689655172413794,5.1724144482758625,0.2222222222222222,4.331314230116301,2.8144074822093166,5.6777600269918
22.689655172413794,5.1724144482758625,0.3333333333333333,4.247062598970618,2.781878896107647,5.647135042942195
22.689655172413794,5.1724144482758625,0.4444444444444444,4.169137417352596,2.7527699945268274,5.6174290869273555
22.689655172413794,5.1724144482758625,0.5555555555555556,4.096230355024095,2.7263845614360727,5.58867243551747
22.689655172413794,5.1724144482758625,0.6666666666666666,4.027401137307352,2.7022172555913118,5.560846589448999
22.689655172413794,5.1724144482758625,0.7777777777777777,3.961948359030204,2.679889355700176,5.5339113880677
22.689655172413794,5.1724144482758625,0.8888888888888888,3.8993328229606234,2.6591096563899215,5.507818015872787
22.689655172413794,5.1724144482758625,1.0,3.839129629270108,2.639649494867709,5.482515405758436
22.689655172413794,5.689655793103449,0.0,4.527485127456601,2.944474909402401,5.7106388156234775
22.689655172413794,5.689655793103449,0.1111111111111111,4.4304796341381065,2.90621823194834,5.6817024168387835
22.689655172413794,5.689655793103449,0.2222222222222222,4.343249384509944,2.872755887949984,5.652954663436525
22.689655172413794,5.689655793103449,0.3333333333333333,4.2633760077616305,2.8429483352853864,5.624764192281645
22.689655172413794,5.689655793103449,0.4444444444444444,4.18925004723896,2.8160181426716515,5.597286671540828
22.689655172413794,5.689655793103449,0.5555555555555556,4.119742007007106,2.7914104589092723,5.570577177642216
22.689655172413794,5.689655793103449,0.6666666666666666,4.0540256365289125,2.7687150640574596,5.544641348492746
22.689655172413794,5.689655793103449,0.7777777777777777,3.9914760635119224,2.7476199858482944,5.5194602807140845
22.689655172413794,5.689655793103449,0.8888888888888888,3.931607654774063,2.727882444805661,5.4950032410578755
22.689655172413794,5.689655793103449,1.0,3.874034318906065,2.7093098669669184,5.4712343666575824
22.689655172413794,6.206897137931034,0.0,4.5274851274566,2.986995946431763,5.683154275877752
22.689655172413794,6.206897137931034,0.1111111111111111,4.436373864735203,2.9525323153361986,5.656645418229513
22.689655172413794,6.206897137931034,0.2222222222222222,4.353859379717322,2.9220045091351112,5.630186745078435
22.689655172413794,6.206897137931034,0.3333333333333333,4.277947241899636,2.8945389509663673,5.6041197841231645
22.689655172413794,6.206897137931034,0.4444444444444444,4.207271501519134,2.8695221895952496,5.5786053093611585
22.689655172413794,6.206897137931034,0.5555555555555556,4.140852889745802,2.8465067237686124,5.553713055473271
22.689655172413794,6.206897137931034,0.6666666666666666,4.077963233945229,2.8251559795550136,5.529465057942565
22.689655172413794,6.206897137931034,0.7777777777777777,4.018044703916048,2.805210425023147,5.505857875567126
22.689655172413794,6.206897137931034,0.8888888888888888,3.9606592703046237,2.7864657614262356,5.482874507309665
22.689655172413794,6.206897137931034,1.0,3.9054557404817944,2.7687583560477655,5.460490995419589
22.689655172413794,6.724138482758621,0.0,4.527485127456601,3.0234658654202695,5.658125292848983
22.689655172413794,6.724138482758621,0.1111111111111111,4.441610957275893,2.9921590087212073,5.633694972309256
20.982758620689655,10.344827896551724,0.8888888888888888,4.054730194081236,2.986074328638974,5.352736129960385
20.982758620689655,10.344827896551724,1.0,4.014586278656921,2.9741809160982675,5.338020945329749
20.982758620689655,10.86206924137931,0.0,4.437755156017294,3.117413469126314,5.464673526388444
20.982758620689655,10.86206924137931,0.1111111111111111,4.383705554619307,3.1011223378194885,5.44936418967972
20.982758620689655,10.86206924137931,0.2222222222222222,4.33250600598474,3.085722014907716,5.434074123696968
20.982758620689655,10.86206924137931,0.3333333333333333,4.283770053867348,3.071099718325378,5.418872584238277
20.982758620689655,10.86206924137931,0.4444444444444444,4.237184177613191,3.0571623801324384,5.403806003100236
20.982758620689655,10.86206924137931,0.5555555555555556,4.192490436081981,3.04383240563264,5.388905191620275
20.982758620689655,10.86206924137931,0.6666666666666666,4.149473936192578,3.0310444888092576,5.374190123100232
20.982758620689655,10.86206924137931,0.7777777777777777,4.107953623484864,3.018743192498554,5.359673169263506
20.982758620689655,10.86206924137931,0.8888888888888888,4.067775402019534,3.006881087835114,5.345361327727132
20.982758620689655,10.86206924137931,1.0,4.028806916023569,2.9954173070010075,5.331257777659798
20.982758620689655,11.379310586206897,0.0,4.437755156017295,3.131628538015315,5.452364468301683
20.982758620689655,11.379310586206897,0.1111111111111111,4.3857632753275535,3.1161795403942874,5.437775719393592
20.982758620689655,11.379310586206897,0.2222222222222222,4.336401543770389,3.101527123217721,5.423196662919891
20.982758620689655,11.379310586206897,0.3333333333333333,4.289328195325122,3.0875751329457457,5.408689875306972
20.982758620689655,11.379310586206897,0.4444444444444444,4.244263312765548,3.0742434620000685,5.394298227162958
20.982758620689655,11.379310586206897,0.5555555555555556,4.200974701331499,3.06146475739762,5.380050857532021
20.982758620689655,11.379310586206897,0.6666666666666666,4.15926753330821,3.049181909065591,5.365967215775873
20.982758620689655,11.379310586206897,0.7777777777777777,4.118976635735988,3.037346114129688,5.3520598440424365
20.982758620689655,11.379310586206897,0.8888888888888888,4.07996066074252,3.0259153698962677,5.338336322549892
20.982758620689655,11.379310586206897,1.0,4.042097617699984,3.0148532885777093,5.32480064813423
20.982758620689655,11.896551931034482,0.0,4.437755156017295,3.1446799682885973,5.440799604509373
20.982758620689655,11.896551931034482,0.1111111111111111,4.387671754595371,3.1299928891290736,5.426869176403063
20.982758620689655,11.896551931034482,0.2222222222222222,4.340022653873239,3.1160214854156556,5.412941207788335
20.982758620689655,11.896551931034482,0.3333333333333333,4.2945042793266905,3.1026832746396846,5.399072279654575
20.982758620689655,11.896551931034482,0.4444444444444444,4.250865805017885,3.0899089328460976,5.385301910366679
20.982758620689655,11.896551931034482,0.5555555555555556,4.208897576121911,3.0776397180836113,5.371657531297544
20.982758620689655,11.896551931034482,0.6666666666666666,4.168422502419515,3.0658254747139386,5.358157912061915
20.982758620689655,11.896551931034482,0.7777777777777777,4.129289568733533,3.054423074981583,5.344815555991019
20.982758620689655,11.896551931034482,0.8888888888888888,4.091368875365985,3.0433951914512725,5.3316383993269145
20.982758620689655,11.896551931034482,1.0,4.054547799756639,3.0327093214187872,5.318631031736732
20.982758620689655,12.413793275862067,0.0,4.437755156017295,3.156706450856005,5.429912940116207
20.982758620689655,12.413793275862067,0.1111111111111111,4.389446504957729,3.1427117634384962,5.416586061701341
20.982758620689655,12.413793275862067,0.2222222222222222,4.3433970308956384,3.129362862152723,5.403256218291789
20.982758620689655,12.413793275862067,0.3333333333333333,4.299335971486139,3.116588585629515,5.389974620293714
20.982758620689655,12.413793275862067,0.4444444444444444,4.257037794664319,3.104328639160435,5.376777660970017
20.982758620689655,12.413793275862067,0.5555555555555556,4.216312647898776,3.092531561293911,5.363691077634359
20.982758620689655,12.413793275862067,0.6666666666666666,4.176999165973618,3.0811531269815604,5.350732862502616
20.982758620689655,12.413793275862067,0.7777777777777777,4.13895898506209,3.0701550851958825,5.337915328401978
20.982758620689655,12.413793275862067,0.8888888888888888,4.10207250687862,3.0595041535958836,5.325246593905103
20.982758620689655,12.413793275862067,1.0,4.0662355901378096,3.0491712116664202,5.312731663538334
20.982758620689655,12.931034620689655,0.0,4.437755156017295,3.1678253321661534,5.41964610693894
20.982758620689655,12.931034620689655,0.1111111111111111,4.39110097948977,3.1544624124243636,5.406874375078032
20.982758620689655,12.931034620689655,0.2222222222222222,4.346548799592252,3.1416845645638483,5.394095652041417
20.982758620689655,12.931034620689655,0.3333333333333333,4.3038561861282725,3.1294300658259258,5.381356342415706
20.982758620689655,12.931034620689655,0.4444444444444444,4.2628196895616774,3.1176462266119125,5.36868994595054
20.982758620689655,12.931034620689655,0.5555555555555556,4.22326691338015,3.1062877734080008,5.356120551854012
20.982758620689655,12.931034620689655,0.6666666666666666,4.185050472317179,3.09531556253936,5.3436653196567505
20.982758620689655,12.931034620689655,0.7777777777777777,4.148043334251651,3.0846955516253467,5.3313362638406785
20.982758620689655,12.931034620689655,0.8888888888888888,4.1121351887366915,3.074397971941542,5.319141553037294
20.982758620689655,12.931034620689655,1.0,4.077229585876102,3.0643966581107662,5.307086466154531
20.982758620689655,13.44827596551724,0.0,4.437755156017295,3.178136584832449,5.409947287150784
20.982758620689655,13.44827596551724,0.1111111111111111,4.392646899954237,3.16535227831765,5.3976877390752485
20.982758620689655,13.44827596551724,0.2222222222222222,4.349499067380034,3.153100023565494,5.385418256946114
20.982758620689655,13.44827596551724,0.3333333333333333,4.308093807577565,3.141326016691983,5.373180946330746
20.982758620689655,13.44827596551724,0.4444444444444444,4.268247025267614,3.1299840093540645,5.3610066408138275
20.982758620689655,13.44827596551724,0.5555555555555556,4.229801761680493,3.1190340134416994,5.348917847996442
20.982758620689655,13.44827596551724,0.6666666666666666,4.192623093882576,3.1084412584621677,5.33693087006561
20.982758620689655,13.44827596551724,0.7777777777777777,4.15659416270457,3.0981753488357917,5.325057348639524
20.982758620689655,13.44827596551724,0.8888888888888888,4.1216130480064095,3.0882095792089825,5.3133054026290525
20.982758620689655,13.44827596551724,1.0,4.087590286600513,3.078520375041506,5.30168047480654
20.982758620689655,13.965517310344827,0.0,4.437755156017295,3.187725921873594,5.400770314955048
20.982758620689655,13.965517310344827,0.1111111111111111,4.394094524584232,3.1754733840922285,5.388984660440684
20.982758620689655,13.965517310344827,0.2222222222222222,4.3522663780402935,3.1637063710979088,5.377186969205366
20.982758620689655,13.965517310344827,0.3333333333333333,4.312074284572153,3.1523777621811493,5.365415500422132
20.982758620689655,13.965517310344827,0.4444444444444444,4.273351175050598,3.1414467930877636,5.353698639337676
20.982758620689655,13.965517310344827,0.5555555555555556,4.235953786114691,3.13087801134329,5.342057390668903
20.982758620689655,13.965517310344827,0.6666666666666666,4.199758333526058,3.1206404260348224,5.330507196502698
20.982758620689655,13.965517310344827,0.7777777777777777,4.164657111210592,3.110706813692238,5.319059276351358
20.982758620689655,13.965517310344827,0.8888888888888888,4.130555793016257,3.1010531491728863,5.307721625025864
20.982758620689655,13.965517310344827,1.0,4.097371272831757,3.0916581368097513,5.296499762670009
20.982758620689655,14.482758655172413,0.0,4.437755156017295,3.1966672626823125,5.392073922744577
20.982758620689655,14.482758655172413,0.1111111111111111,4.395452867988018,3.1849050132390664,5.380727904659289
20.982758620689655,14.482758655172413,0.2222222222222222,4.3548670865069985,3.1735872736032698,5.369368398987322
20.982758620689655,14.482758655172413,0.3333333333333333,4.315820123009744,3.16267259470049,5.358030221505122
20.982758620689655,14.482758655172413,0.4444444444444444,4.278159939489497,3.1521249044854645,5.346739514427872
20.982758620689655,14.482758655172413,0.5555555555555556,4.241755458678842,3.14191265993837,5.335515864708403
20.982758620689655,14.482758655172413,0.6666666666666666,4.20649287731681,3.13200814977064,5.32437386699546
20.982758620689655,14.482758655172413,0.7777777777777777,4.172272742730216,3.1223869197841307,5.313324288532098
20.982758620689655,14.482758655172413,0.8888888888888888,4.139007614895507,3.1130272976760938,5.302374945538376
20.982758620689655,14.482758655172413,1.0,4.1066201812874485,3.1039099984301486,5.291531368237069
20.982758620689655,15.0,0.0,4.437755156017295,3.2050247030221284,5.383821105255231
20.982758620689655,15.0,0.1111111111111111,4.396729882812756,3.1937158484548367,5.372883963949874
20.982758620689655,15.0,0.2222222222222222,4.357315670208919,3.182815193653213,5.361932389409009
20.982758620689655,15.0,0.3333333333333333,4.319351296678237,3.1722861278786385,5.3509981121511805
20.982758620689655,15.0,0.4444444444444444,4.282698038829401,3.1620966124726992,5.340105222661402
20.982758620689655,15.0,0.5555555555555556,4.247235693664324,3.1522184882675015,5.329271977608604
20.982758620689655,15.0,0.6666666666666666,4.2128594235076555,3.1426269005916274,5.3185121474743315
20.982758620689655,15.0,0.7777777777777777,4.179477233580887,3.133299821227209,5.30783603139047
20.982758620689655,15.0,0.8888888888888888,4.147007939553356,3.124217649894443,5.297251228009163
20.982758620689655,15.0,1.0,4.115379517411264,3.115362880863084,5.286763225760529
22.689655172413794,1e-06,0.0,4.527485127456601,3.0457565808182476,6.4120209106367465
22.689655172413794,1e-06,0.1111111111111111,4.2305027727038915,3.045756660388769,6.250692534880644
22.689655172413794,1e-06,0.2222222222222222,4.012678012540035,3.0457566492851678,6.132566737158785
22.689655172413794,1e-06,0.3333333333333333,3.826236039645623,3.045756713504342,6.0343904990582775
22.689655172413794,1e-06,0.4444444444444444,,,
22.689655172413794,1e-06,0.5555555555555556,3.4993101157433637,3.045750271372172,5.870257357332877
22.689655172413794,1e-06,0.6666666666666666,3.3508702286944483,3.0446274613899322,5.798239514949036
22.689655172413794,1e-06,0.7777777777777777,3.2120364178826684,3.0457567183515635,5.730774391157128
22.689655172413794,1e-06,0.8888888888888888,3.0852260663781887,3.045756720941445,5.666898899828273
22.689655172413794,1e-06,1.0,2.9747027502606014,3.0454635405944925,5.605919754752385
22.689655172413794,0.5172423448275862,0.0,4.5274851274566,2.615216528031499,6.284124014613299
22.689655172413794,0.5172423448275862,0.1111111111111111,4.273690592806,2.6529747050359607,6.158583219466482
22.689655172413794,0.5172423448275862,0.2222222222222222,4.081103598527152,2.6729903103934474,6.059688632044696
22.689655172413794,0.5172423448275862,0.3333333333333333,3.9160490942067927,2.685373381813567,5.975201486886171
22.689655172413794,0.5172423448275862,0.4444444444444444,3.766940640906138,2.693554245094132,5.900098469825678
22.689655172413794,0.5172423448275862,0.5555555555555556,3.62831623597441,2.6991117226679426,5.831720330887262
22.689655172413794,0.5172423448275862,0.6666666666666666,3.4972772472258633,2.7029012402560917,5.76845644669533
22.689655172413794,0.5172423448275862,0.7777777777777777,3.372309690738302,2.705437636959445,5.709243997155465
22.689655172413794,0.5172423448275862,0.8888888888888888,3.252831514449886,2.707054685371813,5.653338163559326
22.689655172413794,0.5172423448275862,1.0,3.1390218326072437,2.707981136638093,5.600192989726266
19.275862068965516,14.482758655172413,0.4444444444444444,4.190042889532622,3.073522687950529,5.286992216812202
19.275862068965516,14.482758655172413,0.5555555555555556,4.15600002241879,3.063995725949166,5.275804621381073
19.275862068965516,14.482758655172413,0.6666666666666666,4.122909206804017,3.054731146664891,5.264728894657009
19.275862068965516,14.482758655172413,0.7777777777777777,4.090692047807018,3.045709121478356,5.253769101266819
19.275862068965516,14.482758655172413,0.8888888888888888,4.059279017029629,3.036911999228695,5.2429277309487015
19.275862068965516,14.482758655172413,1.0,4.028608132574343,3.0283240048103095,5.232206060153306
19.275862068965516,15.0,0.0,4.337715511118426,3.1236552680235072,5.324659585501496
19.275862068965516,15.0,0.1111111111111111,4.3000028274175,3.1132287054408274,5.313528194310496
19.275862068965516,15.0,0.2222222222222222,4.263598798384667,3.1031441723180375,5.302458385952878
19.275862068965516,15.0,0.3333333333333333,4.228381235048752,3.093372444712014,5.291465689152376
19.275862068965516,15.0,0.4444444444444444,4.194243884301381,3.0838878522613653,5.28056154748397
19.275862068965516,15.0,0.5555555555555556,4.161093753188068,3.0746677415582075,5.269754272427621
19.275862068965516,15.0,0.6666666666666666,4.128848965676482,3.0656920337442664,5.259049761430336
19.275862068965516,15.0,0.7777777777777777,4.097437031788687,3.0569428580066367,5.248452043541283
19.275862068965516,15.0,0.8888888888888888,4.066793438750123,3.048404246413462,5.237963697254496
19.275862068965516,15.0,1.0,4.036860495663431,3.0400618785286526,5.227586172749798
20.982758620689655,1e-06,0.0,4.437755156017294,3.0457566567277996,6.313777998995065
20.982758620689655,1e-06,0.1111111111111111,4.168166286771349,3.0457565668347883,6.170283979559272
20.982758620689655,1e-06,0.2222222222222222,3.961262146046406,3.0457567322720456,6.060692570472136
20.982758620689655,1e-06,0.3333333333333333,3.781032540856329,3.0457567512824335,5.967999446725538
20.982758620689655,1e-06,0.4444444444444444,3.615669852845171,3.0457567582303025,5.8858193860381585
20.982758620689655,1e-06,0.5555555555555556,3.4600905683591683,3.0457567605627243,5.810916013561473
20.982758620689655,1e-06,0.6666666666666666,,,
20.982758620689655,1e-06,0.7777777777777777,3.172866523517677,3.0457573268759113,5.675973592879158
20.982758620689655,1e-06,0.8888888888888888,,,
20.982758620689655,1e-06,1.0,2.9300804049627804,3.0457567421373675,5.554350098732755
20.982758620689655,0.5172423448275862,0.0,4.437755156017295,2.6579318306403406,6.195351340257988
20.982758620689655,0.5172423448275862,0.1111111111111111,4.207302128795828,2.6843464673069204,6.081420660676075
20.982758620689655,0.5172423448275862,0.2222222222222222,4.0253524885909115,2.699162913247912,5.989108723710428
20.982758620689655,0.5172423448275862,0.3333333333333333,3.866699393044936,2.708539262085086,5.909138147959825
20.982758620689655,0.5172423448275862,0.4444444444444444,3.721827374501482,2.714780123707852,5.837421012995767
20.982758620689655,0.5172423448275862,0.5555555555555556,3.586048543966278,2.7190040399643434,5.77171374950831
20.982758620689655,0.5172423448275862,0.6666666666666666,3.4568042635218794,2.721838877182928,5.71062604435173
20.982758620689655,0.5172423448275862,0.7777777777777777,3.3327337560090533,2.7236724939524546,5.65322555411145
20.982758620689655,0.5172423448275862,0.8888888888888888,3.213318099742685,2.724761533427429,5.59885096271946
20.982758620689655,0.5172423448275862,1.0,3.0987623555544905,2.725284865297161,5.547012933290033
20.982758620689655,1.0344836896551723,0.0,4.437755156017295,2.2932113088193797,6.098007779048626
20.982758620689655,1.0344836896551723,0.1111111111111111,4.23724009755421,2.330802881071603,6.005203887313891
20.982758620689655,1.0344836896551723,0.2222222222222222,4.0748406644540704,2.357066288415975,5.92651731223415
20.982758620689655,1.0344836896551723,0.3333333333333333,3.9325685195831683,2.376146289925811,5.856868712462342
20.982758620689655,1.0344836896551723,0.4444444444444444,3.8028388846701864,2.3905064797597673,5.793658797731068
20.982758620689655,1.0344836896551723,0.5555555555555556,3.6816468819881982,2.401610148899594,5.735338945945718
20.982758620689655,1.0344836896551723,0.6666666666666666,3.56661440006521,2.410376278110454,5.680896139881569
20.982758620689655,1.0344836896551723,0.7777777777777777,3.456244377686827,2.4174126109270344,5.629623801376707
20.982758620689655,1.0344836896551723,0.8888888888888888,3.3495906252537995,2.423138513376597,5.581005265143679
20.982758620689655,1.0344836896551723,1.0,3.2461035257889415,2.4278534746483444,5.534648722360865
20.982758620689655,1.5517250344827584,0.0,4.437755156017295,2.0850438982067896,6.016536381601444
20.982758620689655,1.5517250344827584,0.1111111111111111,4.260755508981838,2.0852361358298257,5.939264947044955
20.982758620689655,1.5517250344827584,0.2222222222222222,4.114189564904868,2.0968166491801075,5.871415629413379
20.982758620689655,1.5517250344827584,0.3333333333333333,3.9849698994978078,2.1104459615621214,5.810226293515161
20.982758620689655,1.5517250344827584,0.4444444444444444,3.867046163839239,2.123588218478004,5.754060242975696
20.982758620689655,1.5517250344827584,0.5555555555555556,3.757049833188816,2.13556759621738,5.701857050206493
20.982758620689655,1.5517250344827584,0.6666666666666666,3.652890645881198,2.146288728643192,5.652883205062119
20.982758620689655,1.5517250344827584,0.7777777777777777,3.5531803717519996,2.1558409282326956,5.606605939125947
20.982758620689655,1.5517250344827584,0.8888888888888888,3.456959930456397,2.1643634718510385,5.562623414787322
20.982758620689655,1.5517250344827584,1.0,3.3635587490152132,2.1719982257151633,5.5206233157626015
20.982758620689655,2.068966379310345,0.0,4.437755156017294,2.132368766810265,5.947308111695816
20.982758620689655,2.068966379310345,0.1111111111111111,4.279633827370274,2.078401768031399,5.881753033247785
20.982758620689655,2.068966379310345,0.2222222222222222,4.146187024324318,2.049779547677507,5.82261100158549
20.982758620689655,2.068966379310345,0.3333333333333333,4.027713965762466,2.0344609724169818,5.76841534191592
20.982758620689655,2.068966379310345,0.4444444444444444,3.919366151310446,2.0266611530760805,5.718150466206402
20.982758620689655,2.068966379310345,0.5555555555555556,3.8183185568254006,2.023302997614322,5.671097584591556
20.982758620689655,2.068966379310345,0.6666666666666666,3.722759613977008,2.0226434339791273,5.626729643917943
20.982758620689655,2.068966379310345,0.7777777777777777,3.6314497200824447,2.0236504218969618,5.584647458424335
20.982758620689655,2.068966379310345,0.8888888888888888,3.5435018005400223,2.0256923893446537,5.544540241257378
20.982758620689655,2.068966379310345,1.0,3.4582624476779285,2.028372993418479,5.506160353110584
20.982758620689655,2.5862077241379313,0.0,4.437755156017294,2.2859457749988503,5.88772292766217
20.982758620689655,2.5862077241379313,0.1111111111111111,4.295071691858694,2.217408599190475,5.831210574602414
20.982758620689655,2.5862077241379313,0.2222222222222222,4.172680134919725,2.169175020288178,5.779139691149717
20.982758620689655,2.5862077241379313,0.3333333333333333,4.063262174566808,2.1337793706476615,5.7307740263572065
20.982758620689655,2.5862077241379313,0.4444444444444444,3.9629078287879564,2.1070904305564584,5.6854981799405
20.982758620689655,2.5862077241379313,0.5555555555555556,3.869245029895647,2.0865717774847883,5.6428315295901506
20.982758620689655,2.5862077241379313,0.6666666666666666,3.7807092608675354,2.070562252360581,5.602398823327516
20.982758620689655,2.5862077241379313,0.7777777777777777,3.6962057147744383,2.0579250563510487,5.563903009016981
20.982758620689655,2.5862077241379313,0.8888888888888888,3.6149342600206804,2.047856955956711,5.5271050560557695
20.982758620689655,2.5862077241379313,1.0,3.5362911701364816,2.0397763294237827,5.491809553597328
20.982758620689655,3.103449068965517,0.0,4.437755156017295,2.433677107503901,5.835870921782395
20.982758620689655,3.103449068965517,0.1111111111111111,4.3078975345726205,2.3696108062700474,5.786481309384593
20.982758620689655,3.103449068965517,0.2222222222222222,4.1949466108463325,2.32003250309467,5.740214805283472
20.982758620689655,3.103449068965517,0.3333333333333333,4.093289729499847,2.2802333703832653,5.6967480367191445
20.982758620689655,3.103449068965517,0.4444444444444444,3.9997510908815137,2.2474696581433546,5.655723015051888
20.982758620689655,3.103449068965517,0.5555555555555556,3.9123329831461064,2.2199851170512406,5.616824627377509
20.982758620689655,3.103449068965517,0.6666666666666666,3.8296840571197572,2.196582836411143,5.579788803984069
20.982758620689655,3.103449068965517,0.7777777777777777,3.750840332245895,2.176409951305133,5.544396234333315
20.982758620689655,3.103449068965517,0.8888888888888888,3.6750858590716877,2.1588383090055268,5.510464150465222
20.982758620689655,3.103449068965517,1.0,3.6018720732902962,2.14339333946591,5.477839070493507
20.982758620689655,3.6206904137931035,0.0,4.437755156017294,2.554499284352851,5.790318019635148
20.982758620689655,3.6206904137931035,0.1111111111111111,4.318700558787772,2.4981895974257644,5.74664100162716
20.982758620689655,3.6206904137931035,0.2222222222222222,4.213900110188313,2.4524733276886987,5.705189029591443
20.982758620689655,3.6206904137931035,0.3333333333333333,4.11898298307219,2.4141859624926276,5.66587068667055
20.982758620689655,3.6206904137931035,0.4444444444444444,4.03135016545831,2.381402642989842,5.6284930312364665
20.982758620689655,3.6206904137931035,0.5555555555555556,3.9493126209877194,2.3528554189931015,5.592855621246067
20.982758620689655,3.6206904137931035,0.6666666666666666,3.871701100834284,2.327661177245974,5.558775559930928
20.982758620689655,3.6206904137931035,0.7777777777777777,3.7976668999855447,2.3051790791429365,5.526092507335235
20.982758620689655,3.6206904137931035,0.8888888888888888,3.7265708661988994,2.2849292979706313,5.494667642724157
20.982758620689655,3.6206904137931035,1.0,3.6579173662740017,2.266543614962559,5.464381004500183
20.982758620689655,4.13793175862069,0.0,4.437755156017295,2.6512632563331064,5.749966445923007
20.982758620689655,4.13793175862069,0.1111111111111111,4.327909631696741,2.602096467889734,5.71094499763593
20.982758620689655,4.13793175862069,0.2222222222222222,4.230211547978985,2.560937856846462,5.673526496608155
20.982758620689655,4.13793175862069,0.3333333333333333,4.1412087593831854,2.525568386158451,5.6377473044085855
20.982758620689655,4.13793175862069,0.4444444444444444,4.058757971762491,2.4945834543229335,5.603519650035537
20.982758620689655,4.13793175862069,0.5555555555555556,3.9814248079599412,2.467032355244725,5.570722255637101
20.982758620689655,4.13793175862069,0.6666666666666666,3.908195008246675,2.4422395872972262,5.539231315641063
20.982758620689655,4.13793175862069,0.7777777777777777,3.838320452441362,2.4197072500025607,5.508931097656765
20.982758620689655,4.13793175862069,0.8888888888888888,3.7712305648804456,2.399057695962828,5.4797170109004565
20.982758620689655,4.13793175862069,1.0,3.706478241790746,2.3799978594665223,5.451495811938745
20.982758620689655,4.655173103448276,0.0,4.437755156017295,2.7295169129511665,5.713961420499387
20.982758620689655,4.655173103448276,0.1111111111111111,4.335843298389266,2.686291009471648,5.678788474041765
20.982758620689655,4.655173103448276,0.2222222222222222,4.244384523927208,2.6492894792300707,5.644780993054765
20.982758620689655,4.655173103448276,0.3333333333333333,4.160616600338618,2.6169075009511067,5.612042735935054
20.982758620689655,4.655173103448276,0.4444444444444444,4.082758640401119,2.5880919164518055,5.580552198974333
20.982758620689655,4.655173103448276,0.5555555555555556,4.009586817138654,2.5621114253381285,5.550242484880977
22.689655172413794,6.724138482758621,0.2222222222222222,4.363348108009413,2.964126861084487,5.6092222401741125
22.689655172413794,6.724138482758621,0.3333333333333333,4.291036242494836,2.9386892169667655,5.585018099092712
22.689655172413794,6.724138482758621,0.4444444444444444,4.223508869708369,2.9153559686917667,5.561241068171546
22.689655172413794,6.724138482758621,0.5555555555555556,4.159913354926446,2.893762393225219,5.537968653188231
22.689655172413794,6.724138482758621,0.6666666666666666,4.099606032425858,2.8736297791078314,5.51523369051238
22.689655172413794,6.724138482758621,0.7777777777777777,4.042087834595468,2.854740398461989,5.493043829945307
22.689655172413794,6.724138482758621,0.8888888888888888,3.9869630288244213,2.836920985034464,5.471392417778177
22.689655172413794,6.724138482758621,1.0,3.933911774901054,2.8200314673094944,5.450264771505312
22.689655172413794,7.241379827586207,0.0,4.527485127456601,3.055105190654078,5.635232939638513
22.689655172413794,7.241379827586207,0.1111111111111111,4.446292649012239,3.0264594328218855,5.6125983988880765
22.689655172413794,7.241379827586207,0.2222222222222222,4.3718804304977565,3.00057045599313,5.589860412000043
22.689655172413794,7.241379827586207,0.3333333333333333,4.302854209503598,2.9769012022030434,5.567299271992195
22.689655172413794,7.241379827586207,0.4444444444444444,4.238211904323765,2.9550557163050057,5.545066968550517
22.689655172413794,7.241379827586207,0.5555555555555556,4.177208025347192,2.9347339395482885,5.523244152726991
22.689655172413794,7.241379827586207,0.6666666666666666,4.119271874896293,2.915703175535019,5.501870434829256
22.689655172413794,7.241379827586207,0.7777777777777777,4.063955945838937,2.897779414398493,5.480961268906408
22.689655172413794,7.241379827586207,0.8888888888888888,4.010902099648977,2.880814708309401,5.460517721262531
22.689655172413794,7.241379827586207,1.0,3.959818656212126,2.864688392110272,5.440532292941379
22.689655172413794,7.758621172413793,0.0,4.527485127456601,3.0828260661904827,5.614211701595687
22.689655172413794,7.758621172413793,0.1111111111111111,4.4505010952782165,3.056449349123456,5.593141344751087
22.689655172413794,7.758621172413793,0.2222222222222222,4.379590965713804,3.03241755643852,5.5719283462764935
22.689655172413794,7.758621172413793,0.3333333333333333,4.313574474715003,3.0103013102222844,5.550823778486067
22.689655172413794,7.758621172413793,0.4444444444444444,4.251585899749042,2.989777468834243,5.529970796107797
22.689655172413794,7.758621172413793,0.5555555555555556,4.1929707596419075,2.9705970631212226,5.509450138125095
22.689655172413794,7.758621172413793,0.6666666666666666,4.137221512761694,2.952564370935272,5.489305309729763
22.689655172413794,7.758621172413793,0.7777777777777777,4.083935957004202,2.9355228468466485,5.469557106449203
22.689655172413794,7.758621172413793,0.8888888888888888,4.032789392892616,2.9193453978102877,5.450212280208161
22.689655172413794,7.758621172413793,1.0,3.9835154396202843,2.903927494465137,5.431268855206817
22.689655172413794,8.275862517241379,0.0,4.527485127456601,3.1073235082813513,5.594838679128057
22.689655172413794,8.275862517241379,0.1111111111111111,4.454303288181902,3.082901315772298,5.575140911207841
22.689655172413794,8.275862517241379,0.2222222222222222,4.386590627312706,3.060492202873691,5.5552764683775315
22.689655172413794,8.275862517241379,0.3333333333333333,4.323340582874398,3.0397489669200586,5.535469476364615
22.689655172413794,8.275862517241379,0.4444444444444444,4.263801210125435,3.020405441899639,5.515853193690501
22.689655172413794,8.275862517241379,0.5555555555555556,4.207395636991599,3.0022534331006465,5.496506475166345
22.689655172413794,8.275862517241379,0.6666666666666666,4.153671127286034,2.9851271996830437,5.477474679982519
22.689655172413794,8.275862517241379,0.7777777777777777,4.102265353803823,2.9688927575719726,5.45878210742999
22.689655172413794,8.275862517241379,0.8888888888888888,4.052883391002142,2.9534403318649174,5.440439623767091
22.689655172413794,8.275862517241379,1.0,4.0052816005487095,2.938678916104926,5.42244946075908
22.689655172413794,8.793103862068964,0.0,4.527485127456601,3.129136337864291,5.576925317278663
22.689655172413794,8.793103862068964,0.1111111111111111,4.457754347585283,3.106413083127396,5.558440175639958
22.689655172413794,8.793103862068964,0.2222222222222222,4.392971552479299,3.0854323826359384,5.539774861433429
22.689655172413794,8.793103862068964,0.3333333333333333,4.332272387943241,3.0659105686161117,5.5211291131434885
22.689655172413794,8.793103862068964,0.4444444444444444,4.275000400131378,3.0476265361766677,5.502626005799201
22.689655172413794,8.793103862068964,0.5555555555555556,4.220645163777436,3.0304049315988077,5.484341286111261
22.689655172413794,8.793103862068964,0.6666666666666666,4.168801631364806,3.014104524007391,5.4663207374132385
22.689655172413794,8.793103862068964,0.7777777777777777,4.119142636356334,2.998610002588616,5.448590798583868
22.689655172413794,8.793103862068964,0.8888888888888888,4.071399796806597,2.983826075934828,5.431165240095369
22.689655172413794,8.793103862068964,1.0,4.02534993526608,2.969673148096966,5.4140494608447
22.689655172413794,9.310345206896551,0.0,4.527485127456601,3.148688780441727,5.560310996828722
22.689655172413794,9.310345206896551,0.1111111111111111,4.46090000218086,3.1274543222150024,5.542903797413944
22.689655172413794,9.310345206896551,0.2222222222222222,4.398810862125488,3.1077395523019105,5.525310232718128
22.689655172413794,9.310345206896551,0.3333333333333333,4.340470713197144,3.0893105133331176,5.507708224503637
22.689655172413794,9.310345206896551,0.4444444444444444,4.285303696007238,3.0719820889395804,5.490210846083041
22.689655172413794,9.310345206896551,0.5555555555555556,4.232856501037455,3.055605598895867,5.472890025079834
22.689655172413794,9.310345206896551,0.6666666666666666,4.182765693292456,3.040059998543853,5.455790983745193
22.689655172413794,9.310345206896551,0.7777777777777777,4.134735171619527,3.0252455371000413,5.438941294689029
22.689655172413794,9.310345206896551,0.8888888888888888,4.088520251128239,3.0110791126151843,5.422356703827067
22.689655172413794,9.310345206896551,1.0,4.043916180960904,2.9974908150707527,5.406044956052409
22.689655172413794,9.827586551724137,0.0,4.527485127456601,3.1663194728451742,5.544858014693498
22.689655172413794,9.827586551724137,0.1111111111111111,4.463778481232607,3.146399196884271,5.528414471818939
22.689655172413794,9.827586551724137,0.2222222222222222,4.4041735614196424,3.1278132551172013,5.511783405501236
22.689655172413794,9.827586551724137,0.3333333333333333,4.348020955905346,3.1103670100714544,5.495123359671884
22.689655172413794,9.827586551724137,0.4444444444444444,4.294813194865329,3.093904348440389,5.478537859719593
22.689655172413794,9.827586551724137,0.5555555555555556,4.244146255972975,3.078298422211136,5.462094652017198
22.689655172413794,9.827586551724137,0.6666666666666666,4.1956931181711905,3.063444925598971,5.445837735194517
22.689655172413794,9.827586551724137,0.7777777777777777,4.149185184489455,3.049257153886476,5.429795080549863
22.689655172413794,9.827586551724137,0.8888888888888888,4.104398958136339,3.035662322593664,5.413983699641822
22.689655172413794,9.827586551724137,1.0,4.061146301609773,3.0225987879559297,5.398413036836563
22.689655172413794,10.344827896551724,0.0,4.527485127456601,3.1823020885963316,5.530447613627068
22.689655172413794,10.344827896551724,0.1111111111111111,4.466421972212235,3.1635495034666583,5.514870050982493
22.689655172413794,10.344827896551724,0.2222222222222222,4.409114799823151,3.1459757606379597,5.499107237708049
22.689655172413794,10.344827896551724,0.3333333333333333,4.354995905576148,3.1294176370173665,5.483300580069679
22.689655172413794,10.344827896551724,0.4444444444444444,4.303616153002021,3.11374258893242,5.467544654811559
22.689655172413794,10.344827896551724,0.5555555555555556,4.2546142145757315,3.0988417665772965,5.451902899238576
22.689655172413794,10.344827896551724,0.6666666666666666,4.2076950251015255,3.0846248323085947,5.436417659165963
22.689655172413794,10.344827896551724,0.7777777777777777,4.16261439096999,3.071016082087447,5.4211167739278325
22.689655172413794,10.344827896551724,0.8888888888888888,4.1191677907813915,3.0579515101561774,5.406017981199012
22.689655172413794,10.344827896551724,1.0,4.077182084061908,3.0453765619148414,5.391131917227587
22.689655172413794,10.86206924137931,0.0,4.527485127456601,3.1968602691016117,5.516976813246194
22.689655172413794,10.86206924137931,0.1111111111111111,4.468857755009921,3.1791514016403366,5.502181192447504
22.689655172413794,10.86206924137931,0.2222222222222222,4.413681648503731,3.162489903832832,5.48720488817562
22.689655172413794,10.86206924137931,0.3333333333333333,4.361457968858989,3.146737884116358,5.47217418638502
22.689655172413794,10.86206924137931,0.4444444444444444,4.311787581664806,3.131782102323025,5.457175379565948
22.689655172413794,10.86206924137931,0.5555555555555556,4.264346281950827,3.117528645674495,5.442267622725149
22.689655172413794,10.86206924137931,0.6666666666666666,4.218867127897643,3.103898901396795,5.427491347600325
22.689655172413794,10.86206924137931,0.7777777777777777,4.175127625137783,3.090826490563172,5.412873884845767
22.689655172413794,10.86206924137931,0.8888888888888888,4.13294027456222,3.078254913085477,5.398433291027541
22.689655172413794,10.86206924137931,1.0,4.0921454913873845,3.0661357213894957,5.3841809971604055
22.689655172413794,11.379310586206897,0.0,4.527485127456601,3.2101786112635664,5.504355859281772
22.689655172413794,11.379310586206897,0.1111111111111111,4.47110909259931,3.1934077091351236,5.490269427658897
22.689655172413794,11.379310586206897,0.2222222222222222,4.417914510280854,3.177572206570746,5.476008366860706
22.689655172413794,11.379310586206897,0.3333333333333333,4.3674609417120065,3.162554814241473,5.461685636725512
22.689655172413794,11.379310586206897,0.4444444444444444,4.319392315626285,3.148258216510617,5.447379924829351
22.689655172413794,11.379310586206897,0.5555555555555556,4.273416822000672,3.134600974936825,5.43314622983067
22.689655172413794,11.379310586206897,0.6666666666666666,4.229292339201098,3.121514373007011,5.4190229280861955
22.689655172413794,11.379310586206897,0.7777777777777777,4.186815709929155,3.108939975754075,5.405036580555925
22.689655172413794,11.379310586206897,0.8888888888888888,4.145814731573115,3.0968277292973156,5.391205258143952
22.689655172413794,11.379310586206897,1.0,4.106142088972164,3.085134468963354,5.377540877314602
22.689655172413794,11.896551931034482,0.0,4.527485127456601,3.2224108748955564,5.492506154351253
22.689655172413794,11.896551931034482,0.1111111111111111,4.473195936468763,3.206487071776743,5.479065566569622
22.689655172413794,11.896551931034482,0.2222222222222222,4.421848247077344,3.1914026709718097,5.4654573177834305
22.689655172413794,11.896551931034482,0.3333333333333333,4.3730514325575935,3.1770572728497823,5.451782624819849
22.689655172413794,11.896551931034482,0.4444444444444444,4.326486675942215,3.16336678812993,5.438113234210165
22.689655172413794,11.896551931034482,0.5555555555555556,4.281890536258271,3.150260257446273,5.424500175036887
22.689655172413794,11.896551931034482,0.6666666666666666,4.239042857540943,3.1376773605467045,5.410979711853187
22.689655172413794,11.896551931034482,0.7777777777777777,4.197757752304589,3.12556646136106,5.397577461551801
22.689655172413794,11.896551931034482,0.8888888888888888,4.157876787625278,3.1138830657507084,5.384311284403575
22.689655172413794,11.896551931034482,1.0,4.11926376954141,3.1025885968510956,5.371193342737542
22.689655172413794,12.413793275862067,0.0,4.527485127456601,3.2336861977399645,5.481358567103925
22.689655172413794,12.413793275862067,0.1111111111111111,4.4751354898444,3.218530896773815,5.468508372843298
22.689655172413794,12.413793275862067,0.2222222222222222,4.425513088251413,3.2041321875754543,5.4554979934010355
22.689655172413794,12.413793275862067,0.3333333333333333,4.378270013841092,3.1904036196048855,5.442418292500578
24.39655172413793,2.5862077241379313,0.6666666666666666,3.872640242803092,2.176972216429203,5.712831935895604
24.39655172413793,2.5862077241379313,0.7777777777777777,3.7837096177221388,2.1533070301081016,5.672147356886805
24.39655172413793,2.5862077241379313,0.8888888888888888,3.698876318126273,2.133467323640046,5.633401334713469
24.39655172413793,2.5862077241379313,1.0,3.6173852130249853,2.116660733590001,5.59636690020049
24.39655172413793,3.103449068965517,0.0,4.608828344263496,2.664235218073751,5.95977715977092
24.39655172413793,3.103449068965517,0.1111111111111111,4.453730965502431,2.577638760293084,5.908763333034473
24.39655172413793,3.103449068965517,0.2222222222222222,4.324337110203403,2.5116379430318023,5.8598967103969235
24.39655172413793,3.103449068965517,0.3333333333333333,4.21089874862937,2.4587473899057546,5.813729355118643
24.39655172413793,3.103449068965517,0.4444444444444444,4.108428030824577,2.4149846871533196,5.770146492493956
24.39655172413793,3.103449068965517,0.5555555555555556,4.013991042335019,2.3779438888095537,5.728898258578943
24.39655172413793,3.103449068965517,0.6666666666666666,3.9256978961351208,2.3460471807162646,5.689728072059428
24.39655172413793,3.103449068965517,0.7777777777777777,3.8422506655539923,2.31819913622041,5.652404684611556
24.39655172413793,3.103449068965517,0.8888888888888888,3.7627147441708555,2.293606943116431,5.6167275762934565
24.39655172413793,3.103449068965517,1.0,3.686392598728072,2.271678483363092,5.582524777507567
24.39655172413793,3.6206904137931035,0.0,4.608828344263496,2.775385312708638,5.909834874061503
24.39655172413793,3.6206904137931035,0.1111111111111111,4.466943450214826,2.7027019876279192,5.865616106423221
24.39655172413793,3.6206904137931035,0.2222222222222222,4.346612713195612,2.6449911488517697,5.822436034820165
24.39655172413793,3.6206904137931035,0.3333333333333333,4.240281041568695,2.5972196376949466,5.781073499310925
24.39655172413793,3.6206904137931035,0.4444444444444444,4.1438409262933105,2.5565539178052803,5.741634370816119
24.39655172413793,3.6206904137931035,0.5555555555555556,4.054785192693071,2.521223911375603,5.704028513280955
24.39655172413793,3.6206904137931035,0.6666666666666666,3.97145783012042,2.4900429615670503,5.668111884422574
24.39655172413793,3.6206904137931035,0.7777777777777777,3.8927004681786594,2.462174029770751,5.633733700608891
24.39655172413793,3.6206904137931035,0.8888888888888888,3.8176668424177786,2.4370037173256236,5.600752319853959
24.39655172413793,3.6206904137931035,1.0,3.7457174430628344,2.4140690339786235,5.569039883520845
24.39655172413793,4.13793175862069,0.0,4.608828344263496,2.8617625705789194,5.86586204660484
24.39655172413793,4.13793175862069,0.1111111111111111,4.478184968996273,2.7997778710234207,5.827032473440596
24.39655172413793,4.13793175862069,0.2222222222222222,4.365813401904843,2.7490808837633383,5.788550475183498
24.39655172413793,4.13793175862069,0.3333333333333333,4.265778346641354,2.7061606226339747,5.751260224892977
24.39655172413793,4.13793175862069,0.4444444444444444,4.174678083618313,2.668935447288456,5.71539124661111
24.39655172413793,4.13793175862069,0.5555555555555556,4.090365082944666,2.6360613354466427,5.680957887927915
24.39655172413793,4.13793175862069,0.6666666666666666,4.01138736382565,2.60661647356954,5.647895896053685
24.39655172413793,4.13793175862069,0.7777777777777777,3.9367116717603374,2.579939642656874,5.616114566252092
24.39655172413793,4.13793175862069,0.8888888888888888,3.865573024914083,2.555539939315256,5.585517861148763
24.39655172413793,4.13793175862069,1.0,3.797386981282334,2.533042874768879,5.556013043732145
24.39655172413793,4.655173103448276,0.0,4.608828344263496,2.9307092921888067,5.826833511765492
24.39655172413793,4.655173103448276,0.1111111111111111,4.487849440689625,2.87699599523371,5.792348663934598
24.39655172413793,4.655173103448276,0.2222222222222222,4.382514177218473,2.8320299684677046,5.757783592669038
24.39655172413793,4.655173103448276,0.3333333333333333,4.288100109639566,2.793291456125938,5.723965975967636
24.39655172413793,4.655173103448276,0.4444444444444444,4.2017730231544945,2.7592159167101054,5.691188266328891
24.39655172413793,4.655173103448276,0.5555555555555556,4.121687994975151,2.728761369862479,5.659531045965316
24.39655172413793,4.655173103448276,0.6666666666666666,4.046570231404459,2.701197093823177,5.628985700753626
24.39655172413793,4.655173103448276,0.7777777777777777,3.9754977699634733,2.675990077834281,5.599505892837424
24.39655172413793,4.655173103448276,0.8888888888888888,3.9077794145356015,2.6527393439412625,5.571030616701297
24.39655172413793,4.655173103448276,1.0,3.842881731115772,2.631135680213613,5.543494911086215
24.39655172413793,5.1724144482758625,0.0,4.608828344263496,2.987029129930664,5.791947979257745
24.39655172413793,5.1724144482758625,0.1111111111111111,4.496235652504615,2.939825634308611,5.761017794302803
24.39655172413793,5.1724144482758625,0.2222222222222222,4.397158095483244,2.8995516971120887,5.729747332846772
24.39655172413793,5.1724144482758625,0.3333333333333333,4.307793356496674,2.864355798427567,5.698909103692915
24.39655172413793,5.1724144482758625,0.4444444444444444,4.225765410117736,2.833040370698609,5.668821066773488
24.39655172413793,5.1724144482758625,0.5555555555555556,4.149483949842402,2.804784698072262,5.6396038137732925
24.39655172413793,5.1724144482758625,0.6666666666666666,4.077827696301542,2.7790009510274154,5.611286706700955
24.39655172413793,5.1724144482758625,0.7777777777777777,4.00997325222441,2.7552533218667654,5.583855759578038
24.39655172413793,5.1724144482758625,0.8888888888888888,3.945295933297185,2.733209673139409,5.55727664220364
24.39655172413793,5.1724144482758625,1.0,3.8833090107339236,2.712611121518999,5.531506212945049
24.39655172413793,5.689655793103449,0.0,4.608828344263496,3.033931872384125,5.760569890408218
24.39655172413793,5.689655793103449,0.1111111111111111,4.503573581953641,2.9919499128281166,5.732586831561831
24.39655172413793,5.689655793103449,0.2222222222222222,4.410091647642737,2.9555588602111666,5.704111046770911
24.39655172413793,5.689655793103449,0.3333333333333333,4.325287058250925,2.9233703537319538,5.675844382501895
24.39655172413793,5.689655793103449,0.4444444444444444,4.247155526739265,2.894453392009879,5.648107766823578
24.39655172413793,5.689655793103449,0.5555555555555556,4.174321230322137,2.868153038094603,5.621044009510798
24.39655172413793,5.689655793103449,0.6666666666666666,4.10579576945329,2.8439908294955516,5.594707630629119
24.39655172413793,5.689655793103449,0.7777777777777777,4.040842830191527,2.821606496421882,5.5691078700159355
24.39655172413793,5.689655793103449,0.8888888888888888,3.9788974486376043,2.80072200309894,5.544230509853737
24.39655172413793,5.689655793103449,1.0,3.9195154024297443,2.7811183623378226,5.52004942874513
24.39655172413793,6.206897137931034,0.0,4.608828344263496,3.073627559951877,5.732188499338434
24.39655172413793,6.206897137931034,0.1111111111111111,4.5100426332104915,3.035907641160301,5.706678307669229
24.39655172413793,6.206897137931034,0.2222222222222222,4.4215893572437155,3.0027693507568576,5.6805922157892335
24.39655172413793,6.206897137931034,0.3333333333333333,4.340922486444636,2.9731529428645525,5.654558104514705
24.39655172413793,6.206897137931034,0.4444444444444444,4.26634095280876,2.9463247273696145,5.62888677494662
24.39655172413793,6.206897137931034,0.5555555555555556,4.196649968398,2.921756130790044,5.603731339440587
24.39655172413793,6.206897137931034,0.6666666666666666,4.13097615877451,2.8990538313800016,5.579162246264371
24.39655172413793,6.206897137931034,0.7777777777777777,4.068660057196839,2.8779172917117064,5.555205071848193
24.39655172413793,6.206897137931034,0.8888888888888888,4.009190203334424,2.8581117723016187,5.531860584551607
24.39655172413793,6.206897137931034,1.0,3.9521609286457036,2.8394505167835242,5.509115835676292
24.39655172413793,6.724138482758621,0.0,4.608828344263496,3.1076832336628923,5.706388519668438
24.39655172413793,6.724138482758621,0.1111111111111111,4.515784490635765,3.073496445842711,5.68297584849918
24.39655172413793,6.724138482758621,0.2222222222222222,4.4318712655321795,3.0431151580219877,5.65894867908661
24.39655172413793,6.724138482758621,0.3333333333333333,4.354974552300089,3.015717562980821,5.634863760347434
24.39655172413793,6.724138482758621,0.4444444444444444,4.283642008653218,2.990718379626785,5.611014618164992
24.39655172413793,6.724138482758621,0.5555555555555556,4.216832042432662,2.967686721728,5.587556822268162
24.39655172413793,6.724138482758621,0.6666666666666666,4.153770925990935,2.946296440652845,5.564570160403191
24.39655172413793,6.724138482758621,0.7777777777777777,4.093866982637054,2.9262948639274597,5.542091376133055
24.39655172413793,6.724138482758621,0.8888888888888888,4.0366566296197215,2.9074823717373395,5.520132239684278
24.39655172413793,6.724138482758621,1.0,3.9817690996132757,2.8896986094328208,5.498689904138498
24.39655172413793,7.241379827586207,0.0,4.608828344263496,3.137239879317866,5.682828698923633
24.39655172413793,7.241379827586207,0.1111111111111111,4.520912321950817,3.1060220303415575,5.661212719273042
24.39655172413793,7.241379827586207,0.2222222222222222,4.441115596261247,3.0780026162201435,5.638972155374907
24.39655172413793,7.241379827586207,0.3333333333333333,4.367667154115873,3.052535236441848,5.616598278671819
24.39655172413793,7.241379827586207,0.4444444444444444,4.299319855843001,3.029147819591333,5.594363895079211
24.39655172413793,7.241379827586207,0.5555555555555556,4.235162135087407,3.007485915960566,5.572421990439874
24.39655172413793,7.241379827586207,0.6666666666666666,4.174506702053827,2.9872769661967533,5.550857037308787
24.39655172413793,7.241379827586207,0.7777777777777777,4.116821695347779,2.968307066139017,5.529713091838655
24.39655172413793,7.241379827586207,0.8888888888888888,4.061686355123081,2.950405387691823,5.5090098439201265
24.39655172413793,7.241379827586207,1.0,4.008761475738688,2.9334334362246244,5.488752107025679
24.39655172413793,7.758621172413793,0.0,4.608828344263496,3.163147924739824,5.661225930776341
24.39655172413793,7.758621172413793,0.1111111111111111,4.525517464161611,3.1344548461177832,5.641162736548715
24.39655172413793,7.758621172413793,0.2222222222222222,4.449468079552667,3.108478267593319,5.620482859843998
24.39655172413793,7.758621172413793,0.3333333333333333,4.379184432690064,3.084703195398549,5.599618777820708
24.39655172413793,7.758621172413793,0.4444444444444444,4.313589658013615,3.0627450134635823,5.578821399822088
24.39655172413793,7.758621172413793,0.5555555555555556,4.251882911343391,3.042309721891803,5.558238006425708
24.39655172413793,7.758621172413793,0.6666666666666666,4.1934520112498515,3.023167925412421,5.537954510179798
24.39655172413793,7.758621172413793,0.7777777777777777,4.137817912218362,3.0051374047941093,5.5180194261552105
24.39655172413793,7.758621172413793,0.8888888888888888,4.084598157456601,2.988071143497896,5.498457990991546
24.39655172413793,7.758621172413793,1.0,4.03348207000698,2.971848904117955,5.479280744883579
24.39655172413793,8.275862517241379,0.0,4.608828344263496,3.186054364971342,5.641343303209748
24.39655172413793,8.275862517241379,0.1111111111111111,4.52967434668682,3.1595310271791157,5.622633031177984
24.39655172413793,8.275862517241379,0.2222222222222222,4.457048915212072,3.135336530211458,5.603325036940038
24.39655172413793,8.275862517241379,0.3333333333333333,4.38967916604422,3.1130557668458505,5.583799774505596
24.39655172413793,8.275862517241379,0.4444444444444444,4.326630332335467,3.092372459496832,5.564286432942138
24.39655172413793,8.275862517241379,0.5555555555555556,4.267196181081043,3.0730408763595762,5.54492477092467
24.39655172413793,8.275862517241379,0.6666666666666666,4.2108299259358875,3.0548666857311613,5.525799919424393
24.39655172413793,8.275862517241379,0.7777777777777777,4.157099205953161,3.037693767943781,5.506962757685783
24.39655172413793,8.275862517241379,0.8888888888888888,4.105655838585154,3.021394946865067,5.488442251721946
24.39655172413793,8.275862517241379,1.0,4.056214933003119,3.0058653444961854,5.470253142619855
24.39655172413793,8.793103862068964,0.0,4.608828344263496,3.206460368935756,5.622980988770507
24.39655172413793,8.793103862068964,0.1111111111111111,4.533444162267449,3.1818191173693195,5.60545825900114
24.39655172413793,8.793103862068964,0.2222222222222222,4.4639580401128605,3.159191197382063,5.587363252860721
24.39655172413793,8.793103862068964,0.3333333333333333,4.399279123468253,3.138238440455982,5.569030793469309
24.39655172413793,8.793103862068964,0.4444444444444444,4.338591894964711,3.1186985331308557,5.550669298168841
24.39655172413793,8.793103862068964,0.5555555555555556,4.281271255090713,3.1003646244225047,5.532410065067418
24.39655172413793,8.793103862068964,0.6666666666666666,4.226827482285656,3.083071085366193,5.514335961178018
24.39655172413793,8.793103862068964,0.7777777777777777,4.174869535014961,3.066683445657866,5.496498708654741
24.39655172413793,8.793103862068964,0.8888888888888888,4.125079921343803,3.0510911691989673,5.478929619228299
24.39655172413793,8.793103862068964,1.0,4.077197063976401,3.0362023807609875,5.461646435590393
24.39655172413793,9.310345206896551,0.0,4.608828344263496,3.224760358582839,5.605969217140466
24.39655172413793,9.310345206896551,0.1111111111111111,4.536877636420268,3.20176528284821,5.5894959462110565
24.39655172413793,9.310345206896551,0.2222222222222222,4.470279159050482,3.1805240225105167,5.572479315186632
24.39655172413793,9.310345206896551,0.3333333333333333,4.408091937954289,3.160758393788702,5.555214324426817
24.39655172413793,9.310345206896551,0.4444444444444444,4.349601075002502,3.142249111375299,5.537889974946249
24.39655172413793,9.310345206896551,0.5555555555555556,4.2942512986769446,3.124820897996292,5.520628748334
24.39655172413793,9.310345206896551,0.6666666666666666,4.241602801607088,3.108331786368982,5.503510296368012
24.39655172413793,9.310345206896551,0.7777777777777777,4.191301168722586,3.0926653781416142,5.486586094729314
24.39655172413793,9.310345206896551,0.8888888888888888,4.143056415171541,3.077725175047701,5.469888754868058
24.39655172413793,9.310345206896551,1.0,4.096628052424473,3.0634303706607082,5.453438082539977
24.39655172413793,9.827586551724137,0.0,4.608828344263496,3.241269142576579,5.590162793915619
24.39655172413793,9.827586551724137,0.1111111111111111,4.5400171398014715,3.2197246500550487,5.574622727015447
24.39655172413793,9.827586551724137,0.2222222222222222,4.476082862061458,3.199718459511002,5.558569708842297
24.39655172413793,9.827586551724137,0.3333333333333333,4.416208886145636,3.1810196768635897,5.542264077282872
24.39655172413793,9.827586551724137,0.4444444444444444,4.359765660670494,3.163443634750872,5.525876952218028
24.39655172413793,9.827586551724137,0.5555555555555556,4.306258230213993,3.146840889302242,5.509522021895293
24.39655172413793,9.827586551724137,0.6666666666666666,4.255290555472749,3.13108910666857,5.493275150595629
24.39655172413793,9.827586551724137,0.7777777777777777,4.206540742272145,3.116087062149612,5.477186802232839
24.39655172413793,9.827586551724137,0.8888888888888888,4.15974348669426,3.1017501632780933,5.46129010416122
24.39655172413793,9.827586551724137,1.0,4.1146773898058955,3.0880070731402136,5.445606194384944
24.39655172413793,10.344827896551724,0.0,4.608828344263496,3.256241154536415,5.5754367817525585
24.39655172413793,10.344827896551724,0.1111111111111111,4.542898315970046,3.235983480260378,5.560731285956935
24.39655172413793,10.344827896551724,0.2222222222222222,4.481429058736535,3.217083569653211,5.545543456748831
24.39655172413793,10.344827896551724,0.3333333333333333,4.423707851580645,3.199348194240222,5.530103492050599
24.39655172413793,10.344827896551724,0.4444444444444444,4.369177902913179,3.18262077203281,5.514566207348816
24.39655172413793,10.344827896551724,0.5555555555555556,4.317396544964317,3.1667731448472884,5.499036760023686
24.39655172413793,10.344827896551724,0.6666666666666666,4.268006214982072,3.151699369077694,5.48358692275591
24.39655172413793,10.344827896551724,0.7777777777777777,4.220713945951009,3.1373110291324484,5.4682656245989305
24.39655172413793,10.344827896551724,0.8888888888888888,4.175276606552648,3.123533679782085,5.453105928044159
24.39655172413793,10.344827896551724,1.0,4.131490092406567,3.110304122331656,5.438129737667666
24.39655172413793,10.86206924137931,0.0,4.608828344263496,3.2698843529406516,5.561683065338989
24.39655172413793,10.86206924137931,0.1111111111111111,4.545551347813987,3.2507751566359935,5.547727859348028
24.39655172413793,10.86206924137931,0.2222222222222222,4.486368896293768,3.2328712744458,5.5333203298871325
24.39655172413793,10.86206924137931,0.3333333333333333,4.430655669841689,3.2160097638199217,5.518664465444353
24.39655172413793,10.86206924137931,0.4444444444444444,4.377917208507998,3.2000570067728953,5.503900313916038
24.39655172413793,10.86206924137931,0.5555555555555556,4.327756333346887,3.1849024995471034,5.489124908146846
24.39655172413793,10.86206924137931,0.6666666666666666,4.279849393701226,3.170454059519546,5.474405812605314
24.39655172413793,10.86206924137931,0.7777777777777777,4.233929201202847,3.156634138856976,5.459790078522861
24.39655172413793,10.86206924137931,0.8888888888888888,4.189772570536181,3.143376980326199,5.445310279577721
24.39655172413793,10.86206924137931,1.0,4.147191080723433,3.1306264087699636,5.430988652263635
24.39655172413793,11.379310586206897,0.0,4.608828344263496,3.282370436357065,5.548807595517647
24.39655172413793,11.379310586206897,0.1111111111111111,4.548001951752538,3.2642919074946746,5.535530182577252
24.39655172413793,11.379310586206897,0.2222222222222222,4.490946283530747,3.2472890162095873,5.521829345171509
24.39655172413793,11.379310586206897,0.3333333333333333,4.4371100007035045,3.231223387096744,5.5078862613831445
24.39655172413793,11.379310586206897,0.4444444444444444,4.386052291045448,3.215980316266012,5.493827662996417
24.39655172413793,11.379310586206897,0.5555555555555556,4.337415687399276,3.2014640335708875,5.479742943876435
24.39655172413793,11.379310586206897,0.6666666666666666,4.290906505644565,3.1875939720746884,5.4656954726451055
24.39655172413793,11.379310586206897,0.7777777777777777,4.246280574452077,3.1743018484755883,5.451730212905948
24.39655172413793,11.379310586206897,0.8888888888888888,4.203332677119545,3.1615293760451015,5.437878946309188
24.39655172413793,11.379310586206897,1.0,4.161888630057172,3.1492264649611097,5.424163910356916
24.39655172413793,11.896551931034482,0.0,4.608828344263496,3.2938424672461606,5.536728160420459
24.39655172413793,11.896551931034482,0.1111111111111111,4.550272164847525,3.2766935361792138,5.524065794826334
24.39655172413793,11.896551931034482,0.2222222222222222,4.495199111083718,3.260509190976013,5.511007500827702
24.39655172413793,11.896551931034482,0.3333333333333333,4.443120834649266,3.2451711479696077,5.4977145774219585
24.39655172413793,11.896551931034482,0.4444444444444444,4.393642903600444,3.2305803887009454,5.484301783751606
24.39655172413793,11.896551931034482,0.5555555555555556,4.346442637005334,3.2166535110519043,5.470851396226537
24.39655172413793,11.896551931034482,0.6666666666666666,4.301252899082506,3.203319802786499,5.457422686653661
24.39655172413793,11.896551931034482,0.7777777777777777,4.257850110033619,3.190518913940536,5.444058418874843
24.39655172413793,11.896551931034482,0.8888888888888888,4.2160452644872874,3.178199007384755,5.430789371912358
24.39655172413793,11.896551931034482,1.0,4.175677118172424,3.1663152852040817,5.417637535337279
24.39655172413793,12.413793275862067,0.0,4.608828344263496,3.304420641833,5.525372569290547
24.39655172413793,12.413793275862067,0.1111111111111111,4.552380972923995,3.288114013535119,5.51327063178968
24.39655172413793,12.413793275862067,0.2222222222222222,4.499160235644899,3.2726762745972087,5.500798708214765
24.39655172413793,12.413793275862067,0.3333333333333333,4.44873171413375,3.2580056985415626,5.488100743353518
24.39655172413793,12.413793275862067,0.4444444444444444,4.400741245376707,3.2440163587287194,5.475280750551756
24.39655172413793,12.413793275862067,0.5555555555555556,4.354896720757234,3.230635292711667,5.462414417787896
24.39655172413793,12.413793275862067,0.6666666666666666,4.310954584629201,3.2178001892282277,5.449557075319021
24.39655172413793,12.413793275862067,0.7777777777777777,4.268709715199645,3.2054575206965903,5.436749245983249
24.39655172413793,12.413793275862067,0.8888888888888888,4.227987755383735,3.193561039522283,5.424020566311306
24.39655172413793,12.413793275862067,1.0,4.188639234484251,3.182070565758989,5.411392593613354
24.39655172413793,12.931034620689655,0.0,4.608828344263496,3.3142067128448103,5.514677162220956
24.39655172413793,12.931034620689655,0.1111111111111111,4.554344815570112,3.2986665202689243,5.503087851675379
24.39655172413793,12.931034620689655,0.2222222222222222,4.502858279233479,3.2839122747418874,5.491152886559233
24.39655172413793,12.931034620689655,0.3333333333333333,4.453980730407578,3.2698559915435124,5.479001031889303
24.39655172413793,12.931034620689655,0.4444444444444444,4.407393111899358,3.256422737413628,5.4667266653100715
24.39655172413793,12.931034620689655,0.5555555555555556,4.362830270145659,3.243548407979716,5.454399404643689
24.39655172413793,12.931034620689655,0.6666666666666666,4.320069646016883,3.2311778864246854,5.442070828283988
24.39655172413793,12.931034620689655,0.7777777777777777,4.278922696003589,3.219263535953089,5.429779227601846
24.39655172413793,12.931034620689655,0.8888888888888888,4.239228319591378,3.2077639707642014,5.417553010490228
24.39655172413793,12.931034620689655,1.0,4.20084777213102,3.1966430541013593,5.405413168451612
24.39655172413793,13.44827596551724,0.0,4.608828344263496,3.323287419333012,5.5045855793292855
24.39655172413793,13.44827596551724,0.1111111111111111,4.55617799501372,3.3084473490130706,5.49346685113356
24.39655172413793,13.44827596551724,0.2222222222222222,4.506318282454969,3.2943209507050244,5.482025193183451
24.39655172413793,13.44827596551724,0.3333333333333333,4.458901342360945,3.2808317208265305,5.470376064469943
24.39655172413793,13.44827596551724,0.4444444444444444,4.413638841775058,3.2679140101888975,5.4586052050766645
24.39655172413793,13.44827596551724,0.5555555555555556,4.3702894667387335,3.2555112677578055,5.44677665894597
24.39655172413793,13.44827596551724,0.6666666666666666,4.328649400328362,3.2435745647023135,5.434938461256724
24.39655172413793,13.44827596551724,0.7777777777777777,4.2885450183707965,3.2320613702688172,5.423126717111379
24.39655172413793,13.44827596551724,0.8888888888888888,4.249827236324233,3.2209345421315376,5.41136856013316
24.39655172413793,13.44827596551724,1.0,4.212367093604115,3.210161494639615,5.39968432225203
24.39655172413793,13.965517310344827,0.0,4.608828344263496,3.3317371750395464,5.49504773798397
24.39655172413793,13.965517310344827,0.1111111111111111,4.5578930093734416,3.317538956538079,5.484362436590833
24.39655172413793,13.965517310344827,0.2222222222222222,4.509562241664165,3.303991114482043,5.473375366766965
24.39655172413793,13.965517310344827,0.3333333333333333,4.463523053196161,3.2910267976322363,5.462190297923516
24.39655172413793,13.965517310344827,0.4444444444444444,4.419514100819019,3.2785882396302872,5.4508852262089835
24.39655172413793,13.965517310344827,0.5555555555555556,4.3773152181411685,3.266625360501291,5.4395190894935075
24.39655172413793,13.965517310344827,0.6666666666666666,4.336739358672801,3.2550945757738736,5.428136596490366
24.39655172413793,13.965517310344827,0.7777777777777777,4.297626350875964,3.2439577968422606,5.416771735598544
24.39655172413793,13.965517310344827,0.8888888888888888,4.259838018907938,3.233181597450488,5.405450350817722
24.39655172413793,13.965517310344827,1.0,4.223254338457153,3.2227365202480605,5.394192051777092
22.689655172413794,12.413793275862067,0.4444444444444444,4.333119817143144,3.1772721589252417,5.429334706454998
22.689655172413794,12.413793275862067,0.5555555555555556,4.289823985346434,3.1646756979549395,5.416294515991321
22.689655172413794,12.413793275862067,0.6666666666666666,4.248181854761467,3.1525610749857518,5.403331876658087
22.689655172413794,12.413793275862067,0.7777777777777777,4.208022995071061,3.1408824984081085,5.390471351504255
22.689655172413794,12.413793275862067,0.8888888888888888,4.169201390441773,3.1296002884030787,5.377730426770108
22.689655172413794,12.413793275862067,1.0,4.131590941647378,3.118679866885362,5.365121326406685
22.689655172413794,12.931034620689655,0.0,4.5274851274566,3.244113860970192,5.4708520411475305
22.689655172413794,12.931034620689655,0.1111111111111111,4.476942660772326,3.229658660736345,5.458543458125984
22.689655172413794,12.931034620689655,0.2222222222222222,4.428935367542645,3.215888208876119,5.44608238700976
22.689655172413794,12.931034620689655,0.3333333333333333,4.383152160395,3.202727655209955,5.433550555073438
22.689655172413794,12.931034620689655,0.4444444444444444,4.339334826752385,3.1901132617787167,5.421007676918899
22.689655172413794,12.931034620689655,0.5555555555555556,4.29726683051962,3.1779904373134613,5.408497522621741
22.689655172413794,12.931034620689655,0.6666666666666666,4.256764851359726,3.1663121516839716,5.396052182022319
22.689655172413794,12.931034620689655,0.7777777777777777,4.2176723235634785,3.155037658176583,5.3836951024104
22.689655172413794,12.931034620689655,0.8888888888888888,4.179854448390332,3.1441314615635774,5.371443280137047
22.689655172413794,12.931034620689655,1.0,4.143194302933777,3.1335624812024396,5.359308860409422
22.689655172413794,13.44827596551724,0.0,4.527485127456601,3.2537869854002284,5.460932443325475
22.689655172413794,13.44827596551724,0.1111111111111111,4.478630429187662,3.239972020333803,5.449122354636858
22.689655172413794,13.44827596551724,0.2222222222222222,4.432138124916668,3.2267791440781997,5.437167496083046
22.689655172413794,13.44827596551724,0.3333333333333333,4.387729019103206,3.214143216113917,5.425141521797507
22.689655172413794,13.44827596551724,0.4444444444444444,4.345169628752359,3.202008359079836,5.413098966873018
22.689655172413794,13.44827596551724,0.5555555555555556,4.304262853978167,3.1903263955809953,5.401080332857328
22.689655172413794,13.44827596551724,0.6666666666666666,4.264840845763288,3.179055570489426,5.389115714040794
22.689655172413794,13.44827596551724,0.7777777777777777,4.226759500977797,3.1681595090170505,5.377227415240376
22.689655172413794,13.44827596551724,0.8888888888888888,4.189894171721236,3.157606366181726,5.3654318636192455
22.689655172413794,13.44827596551724,1.0,4.154136288737512,3.1473681303548204,5.353741020028246
22.689655172413794,13.965517310344827,0.0,4.527485127456601,3.262785428737099,5.451551604479239
22.689655172413794,13.965517310344827,0.1111111111111111,4.480210146287022,3.2495580295218214,5.440201733671771
22.689655172413794,13.965517310344827,0.2222222222222222,4.435141601128118,3.236897799181099,5.428714694501193
22.689655172413794,13.965517310344827,0.3333333333333333,4.392028044073131,3.2247477736820707,5.417156996690129
22.689655172413794,13.965517310344827,0.4444444444444444,4.350657730635929,3.213058757773168,5.405578491042419
22.689655172413794,13.965517310344827,0.5555555555555556,4.310850802876624,3.201788072798875,5.394016649189458
22.689655172413794,13.965517310344827,0.6666666666666666,4.27245324794046,3.190898520645173,5.3824996570275605
22.689655172413794,13.965517310344827,0.7777777777777777,4.235332188430491,3.1803575294583264,5.3710486757487494
22.689655172413794,13.965517310344827,0.8888888888888888,4.199372178390337,3.1701364492563933,5.359679512076973
22.689655172413794,13.965517310344827,1.0,4.164472264414634,3.1602099698877564,5.348403864361368
22.689655172413794,14.482758655172413,0.0,4.527485127456601,3.2711780787767597,5.442666516058105
22.689655172413794,14.482758655172413,0.1111111111111111,4.481691780227313,3.258491682213073,5.43174274410873
22.689655172413794,14.482758655172413,0.2222222222222222,4.437963646503733,3.2463240959930983,5.420689195673387
22.689655172413794,14.482758655172413,0.3333333333333333,4.396073523837398,3.234625280744275,5.4095660473384175
22.689655172413794,14.482758655172413,0.4444444444444444,4.355828844752494,3.223351749955265,5.398418915183824
22.689655172413794,14.482758655172413,0.5555555555555556,4.31706509174248,3.21246556005192,5.387282470977405
22.689655172413794,14.482758655172413,0.6666666666666666,4.279640656104096,3.201933465276934,5.376183089261156
22.689655172413794,14.482758655172413,0.7777777777777777,4.243432792797562,3.191726213597389,5.365140804750966
22.689655172413794,14.482758655172413,0.8888888888888888,4.208334411983149,3.1818179606546377,5.354170773856678
22.689655172413794,14.482758655172413,1.0,4.174251513586463,3.172185781338511,5.343284375951523
22.689655172413794,15.0,0.0,4.527485127456601,3.279024684884113,5.434238653717189
22.689655172413794,15.0,0.1111111111111111,4.483084118972449,3.266837940054238,5.423710450087668
22.689655172413794,15.0,0.2222222222222222,4.4406200606905735,3.2551272405855274,5.413059591805122
22.689655172413794,15.0,0.3333333333333333,4.399887021309218,3.2438484430309678,5.402340631436215
22.689655172413794,15.0,0.4444444444444444,4.360709407941541,3.232962961115352,5.391595356724025
22.689655172413794,15.0,0.5555555555555556,4.3229363903730365,3.2224369459041573,5.380855858023917
22.689655172413794,15.0,0.6666666666666666,4.286437506703319,3.2122405925053057,5.3701468003704464
22.689655172413794,15.0,0.7777777777777777,4.251099175707872,3.20234755685384,5.359487121967196
22.689655172413794,15.0,0.8888888888888888,4.216821908465661,3.1927344659315247,5.348891315211305
22.689655172413794,15.0,1.0,4.183518062540923,3.18338050630781,5.338370401083935
24.39655172413793,1e-06,0.0,4.608828344263496,3.0457564960319647,6.504208236948912
24.39655172413793,1e-06,0.1111111111111111,4.283159480353865,3.045756606476702,6.3240263818172044
24.39655172413793,1e-06,0.2222222222222222,4.054814609590672,3.0448427884372955,6.197628987073437
24.39655172413793,1e-06,0.3333333333333333,3.8624050115249076,3.045756675209465,6.094271056020405
24.39655172413793,1e-06,0.4444444444444444,3.689480672759222,3.045756569520461,6.004404548144419
24.39655172413793,1e-06,0.5555555555555556,3.5295272649182947,3.045756692389986,5.923566766263481
24.39655172413793,1e-06,0.6666666666666666,3.3802111216059325,3.0456147892938246,5.849250042964822
24.39655172413793,1e-06,0.7777777777777777,3.2418413653254037,3.0457558815469365,5.7798814583630165
24.39655172413793,1e-06,0.8888888888888888,3.1168730358890566,3.045756683819004,5.714398219103202
24.39655172413793,1e-06,1.0,3.0094572903579753,3.0457566752701193,5.6520421805700565
24.39655172413793,0.5172423448275862,0.0,4.608828344263496,2.5671819420164765,6.365721257259766
24.39655172413793,0.5172423448275862,0.1111111111111111,4.330607958135432,2.6195475215461523,6.228556476245221
24.39655172413793,0.5172423448275862,0.2222222222222222,4.127673520320928,2.645715335087589,6.123387867433975
24.39655172413793,0.5172423448275862,0.3333333333333333,3.9564626002139214,2.6615169228195006,6.03467287789214
24.39655172413793,0.5172423448275862,0.4444444444444444,3.8032494569807502,2.6718507628994925,5.9564291775433675
24.39655172413793,0.5172423448275862,0.5555555555555556,3.6618084509548154,2.678864384788353,5.885586943185376
24.39655172413793,0.5172423448275862,0.6666666666666666,3.5289143986862097,2.6836846452551786,5.8203226214243236
24.39655172413793,0.5172423448275862,0.7777777777777777,3.4029100333677436,2.6869740244417395,5.75944904743239
24.39655172413793,0.5172423448275862,0.8888888888888888,3.2831580053980995,2.6891542125023937,5.702142579112021
24.39655172413793,0.5172423448275862,1.0,3.1698201682047826,2.6905099018835283,5.647804160239186
24.39655172413793,1.0344836896551723,0.0,4.608828344263496,2.1561496276023435,6.253667790926514
24.39655172413793,1.0344836896551723,0.1111111111111111,4.367142508256194,2.205992865474131,6.146154795649534
24.39655172413793,1.0344836896551723,0.2222222222222222,4.184494419142356,2.2465553534989016,6.057790465391988
24.39655172413793,1.0344836896551723,0.3333333333333333,4.029555826640431,2.2763510210290723,5.981058589536215
24.39655172413793,1.0344836896551723,0.4444444444444444,3.891084848546537,2.2986475910034208,5.912341444392787
24.39655172413793,1.0344836896551723,0.5555555555555556,3.7636099029392547,2.3157737444528297,5.849574996711322
24.39655172413793,1.0344836896551723,0.6666666666666666,3.644049445152654,2.329236221023357,5.79145028080403
24.39655172413793,1.0344836896551723,0.7777777777777777,3.530537665632756,2.3400276327440928,5.73707526736207
24.39655172413793,1.0344836896551723,0.8888888888888888,3.4219296860553716,2.3488236324239895,5.68580936959215
24.39655172413793,1.0344836896551723,1.0,3.3175716739951193,2.3560988806717806,5.637173776631996
24.39655172413793,1.5517250344827584,0.0,4.608828344263496,2.117489507912116,6.161114039123363
24.39655172413793,1.5517250344827584,0.1111111111111111,4.395939773352806,2.0466264032197428,6.074629034480065
24.39655172413793,1.5517250344827584,0.2222222222222222,4.23002197327074,2.029880182021484,5.999603715199417
24.39655172413793,1.5517250344827584,0.3333333333333333,4.08820756306679,2.0314828763908257,5.9327444909151845
24.39655172413793,1.5517250344827584,0.4444444444444444,3.9613380590645604,2.0396295081010383,5.871970729340731
24.39655172413793,1.5517250344827584,0.5555555555555556,3.844701649051269,2.049882362104699,5.8159375152708375
24.39655172413793,1.5517250344827584,0.6666666666666666,3.73552480735918,2.060469799477944,5.76372550520886
24.39655172413793,1.5517250344827584,0.7777777777777777,3.632036713455762,2.0706805419244056,5.714675326848595
24.39655172413793,1.5517250344827584,0.8888888888888888,3.53305210073004,2.080251097870663,5.668295368675779
24.39655172413793,1.5517250344827584,1.0,3.4377637953277214,2.0891129844650003,5.624207417018919
24.39655172413793,2.068966379310345,0.0,4.608828344263496,2.3238362410379207,6.083337405042403
24.39655172413793,2.068966379310345,0.1111111111111111,4.419089924655671,2.2083101545667136,6.0121674603965545
24.39655172413793,2.068966379310345,0.2222222222222222,4.267260361862532,2.1384585554632025,5.947790213479306
24.39655172413793,2.068966379310345,0.3333333333333333,4.136389283568084,2.0935961265610468,5.889108871078519
24.39655172413793,2.068966379310345,0.4444444444444444,4.019018568937383,2.063923916179551,5.8350226796541165
24.39655172413793,2.068966379310345,0.5555555555555556,3.9111187502639417,2.044010641570425,5.784692691872037
24.39655172413793,2.068966379310345,0.6666666666666666,3.8102367250826026,2.030592743557369,5.73749088610289
24.39655172413793,2.068966379310345,0.7777777777777777,3.7147584889154035,2.0216097180119044,5.692939422771449
24.39655172413793,2.068966379310345,0.8888888888888888,3.6235650812251645,2.0157149549349382,5.650666768884218
24.39655172413793,2.068966379310345,1.0,3.535854207947857,2.0120049596490355,5.610377949078408
24.39655172413793,2.5862077241379313,0.0,4.608828344263496,2.5174190012271587,6.017022327444225
24.39655172413793,2.5862077241379313,0.1111111111111111,4.438019740427526,2.4137855545192175,5.957283599906026
24.39655172413793,2.5862077241379313,0.2222222222222222,4.298227387242,2.339967369502995,5.901470178587327
24.39655172413793,2.5862077241379313,0.3333333333333333,4.176692626619893,2.2841923825230563,5.8495992484592465
24.39655172413793,2.5862077241379313,0.4444444444444444,4.067328253686637,2.2405409024533984,5.801182373255211
24.39655172413793,2.5862077241379313,0.5555555555555556,3.9666960426647795,2.2055436036093967,5.7557309709910145
26.103448275862068,4.655173103448276,0.2222222222222222,4.440061024586474,2.9133919118079747,5.804695607975309
26.103448275862068,4.655173103448276,0.3333333333333333,4.340420347036615,2.8718338051859913,5.77079174640415
26.103448275862068,4.655173103448276,0.4444444444444444,4.24999112001542,2.8354667746502975,5.7376974340724125
26.103448275862068,4.655173103448276,0.5555555555555556,4.166584361847345,2.803093983022591,5.705618929975367
26.103448275862068,4.655173103448276,0.6666666666666666,4.088714735550863,2.773886257869637,5.674610488872972
26.103448275862068,4.655173103448276,0.7777777777777777,4.015323543319064,2.7472446103708212,5.644658609068155
26.103448275862068,4.655173103448276,0.8888888888888888,3.9456265558567565,2.7227219453108975,5.615719771545487
26.103448275862068,4.655173103448276,1.0,3.8790246507407735,2.6999756950055924,5.587738261117009
26.103448275862068,5.1724144482758625,0.0,4.683216399800669,3.073083741144003,5.835729015773976
26.103448275862068,5.1724144482758625,0.1111111111111111,4.561534702560304,3.021732490177083,5.806427463118892
26.103448275862068,5.1724144482758625,0.2222222222222222,4.455859464692978,2.978302083616988,5.775736555470775
26.103448275862068,5.1724144482758625,0.3333333333333333,4.361441817525702,2.940600017050233,5.744977929473318
26.103448275862068,5.1724144482758625,0.4444444444444444,4.275394000061945,2.907229740050665,5.714718439826604
26.103448275862068,5.1724144482758625,0.5555555555555556,4.19582427789629,2.877246604735566,5.685202217905159
26.103448275862068,5.1724144482758625,0.6666666666666666,4.121421588031259,2.8499812693354745,5.656523978427239
26.103448275862068,5.1724144482758625,0.7777777777777777,4.0512366098121735,2.8249418740016634,5.628705845900508
26.103448275862068,5.1724144482758625,0.8888888888888888,3.984557528816289,2.8017563061972997,5.601733986776874
26.103448275862068,5.1724144482758625,1.0,3.920835242880621,2.7801363013228237,5.5755770213954365
26.103448275862068,5.689655793103449,0.0,4.683216399800669,3.116842758446231,5.803384408998735
26.103448275862068,5.689655793103449,0.1111111111111111,4.569557675441849,3.0712699451242047,5.777050976150094
26.103448275862068,5.689655793103449,0.2222222222222222,4.469813742142272,3.0320783626795027,5.749271415180188
26.103448275862068,5.689655793103449,0.3333333333333333,4.380128661046145,2.9976309235261724,5.721214072373866
26.103448275862068,5.689655793103449,0.4444444444444444,4.298065614052951,2.9668428414576393,5.693425786650077
26.103448275862068,5.689655793103449,0.5555555555555556,4.221984701198363,2.9389593414767208,5.666167563938797
26.103448275862068,5.689655793103449,0.6666666666666666,4.150726804816388,2.9134342332687995,5.639559384592298
26.103448275862068,5.689655793103449,0.7777777777777777,4.083440026883837,2.88985955151094,5.613648272019721
26.103448275862068,5.689655793103449,0.8888888888888888,4.019478139965255,2.867922598916089,5.588442451942952
26.103448275862068,5.689655793103449,1.0,3.958337983217507,2.84737852228433,5.563929368691894
26.103448275862068,6.206897137931034,0.0,4.683216399800669,3.1538965341943133,5.774191353582508
26.103448275862068,6.206897137931034,0.1111111111111111,4.576622775721047,3.1130254139659983,5.75031859416575
26.103448275862068,6.206897137931034,0.2222222222222222,4.482218443672064,3.0773761822042487,5.725008391975903
26.103448275862068,6.206897137931034,0.3333333333333333,4.396839893107394,3.045704168158893,5.699284150121517
26.103448275862068,6.206897137931034,0.4444444444444444,4.318418892760607,3.01715546357105,5.673659431856339
26.103448275862068,6.206897137931034,0.5555555555555556,4.245529094083816,2.991120501183974,5.6483983811161
26.103448275862068,6.206897137931034,0.6666666666666666,4.177143719958892,2.9671494431986094,5.623635391553834
26.103448275862068,6.206897137931034,0.7777777777777777,4.112497452286564,2.9449010651197756,5.599434301989658
26.103448275862068,6.206897137931034,0.8888888888888888,4.051003273457834,2.9241105331214055,5.57581943209029
26.103448275862068,6.206897137931034,1.0,3.992200029391022,2.904568307531943,5.552792617243146
26.103448275862068,6.724138482758621,0.0,4.683216399800669,3.185704618818466,5.747704364729454
26.103448275862068,6.724138482758621,0.1111111111111111,4.582886969478643,3.1487214192034734,5.725895801623688
26.103448275862068,6.724138482758621,0.2222222222222222,4.493310178592169,3.116069903909624,5.702696454647572
26.103448275862068,6.724138482758621,0.3333333333333333,4.41186545941537,3.0867883267157685,5.678998492038325
26.103448275862068,6.724138482758621,0.4444444444444444,4.336787342412726,3.0601963797283482,5.655276126868986
26.103448275862068,6.724138482758621,0.5555555555555556,4.266830871017155,3.0357969978243977,5.631787913779378
26.103448275862068,6.724138482758621,0.6666666666666666,4.201084515671542,3.0132166508385696,5.6086750135338646
26.103448275862068,6.724138482758621,0.7777777777777777,4.138859804673394,2.9921678522169506,5.586012043531901
26.103448275862068,6.724138482758621,0.8888888888888888,4.079623062880987,2.9724248029440266,5.56383478393247
26.103448275862068,6.724138482758621,1.0,4.022951437027081,2.9538070574581092,5.542155917211311
26.103448275862068,7.241379827586207,0.0,4.683216399800669,3.2133276883977637,5.7235589260490976
26.103448275862068,7.241379827586207,0.1111111111111111,4.588475579994905,3.17960480281193,5.703500653809146
26.103448275862068,7.241379827586207,0.2222222222222222,4.50328090757663,3.1495183976244325,5.682119100497378
26.103448275862068,7.241379827586207,0.3333333333333333,4.425442039447759,3.1223144292879423,5.660190449834558
26.103448275862068,7.241379827586207,0.4444444444444444,4.353443498529583,3.0974449043249446,5.638147814428585
26.103448275862068,7.241379827586207,0.5555555555555556,4.286194751079067,3.074500909516626,5.616238854480041
26.103448275862068,7.241379827586207,0.6666666666666666,4.222884681933061,3.0531699670801395,5.594606200217724
26.103448275862068,7.241379827586207,0.7777777777777777,4.162892989557295,3.033208283749008,5.573330782756454
26.103448275862068,7.241379827586207,0.8888888888888888,4.1057339954038286,3.014422205721565,5.5524562687685535
26.103448275862068,7.241379827586207,1.0,4.0510197048661025,2.9966554944355615,5.5320033704554055
26.103448275862068,7.758621172413793,0.0,4.683216399800669,3.237555586731549,5.701453785502769
26.103448275862068,7.758621172413793,0.1111111111111111,4.593489693835221,3.206600279864097,5.682894224803188
26.103448275862068,7.758621172413793,0.2222222222222222,4.512287799630746,3.178730402607146,5.66308907299883
26.103448275862068,7.758621172413793,0.3333333333333333,4.437764674906137,3.153346897004877,5.642713427754877
26.103448275862068,7.758621172413793,0.4444444444444444,4.368612371119412,3.1300038637645513,5.62216006791945
26.103448275862068,7.758621172413793,0.5555555555555556,4.303872169175072,3.1083621614981,5.601662766726738
26.103448275862068,7.758621172413793,0.6666666666666666,4.242820534997767,3.088158595370027,5.581362033882417
26.103448275862068,7.758621172413793,0.7777777777777777,4.184897641547782,3.069185193707195,5.561341848673005
26.103448275862068,7.758621172413793,0.8888888888888888,4.129660968739552,3.051274987460526,5.5416510275293485
26.103448275862068,7.758621172413793,1.0,4.076754212143884,3.034292039714357,5.522316084949094
26.103448275862068,8.275862517241379,0.0,4.683216399800669,3.2589890172698497,5.681137716800175
26.103448275862068,8.275862517241379,0.1111111111111111,4.598011624137897,3.2304083183933865,5.663872960707906
26.103448275862068,8.275862517241379,0.2222222222222222,4.52046062299569,3.2044704514374063,5.6454439119377815
26.103448275862068,8.275862517241379,0.3333333333333333,4.448995471266494,3.1806937320756177,5.626438267455536
26.103448275862068,8.275862517241379,0.4444444444444444,4.382481428847327,3.1587119297287387,5.607210624653305
26.103448275862068,8.275862517241379,0.5555555555555556,4.320072626850008,3.1382416363120824,5.587979419309584
26.103448275862068,8.275862517241379,0.6666666666666666,4.26112202872842,3.1190597570438543,5.568880683151185
26.103448275862068,8.275862517241379,0.7777777777777777,4.205123479323651,3.100987902021853,5.549999087662252
26.103448275862068,8.275862517241379,0.8888888888888888,4.1516732592095105,3.083881406678225,5.531386520176648
26.103448275862068,8.275862517241379,1.0,4.100443855512884,3.06762147448011,5.513073546383172
26.103448275862068,8.793103862068964,0.0,4.683216399800669,3.2780932990253313,5.662399483715468
26.103448275862068,8.793103862068964,0.1111111111111111,4.602108989079575,3.2515694173632044,5.64626254054017
26.103448275862068,8.793103862068964,0.2222222222222222,4.527907355527629,3.2273286440608433,5.629042216733912
26.103448275862068,8.793103862068964,0.3333333333333333,4.459270205083151,3.2049793944877627,5.611250964543975
26.103448275862068,8.793103862068964,0.4444444444444444,4.39520813706371,3.1842182575756213,5.593208038016584
26.103448275862068,8.793103862068964,0.5555555555555556,4.334972202707806,3.1648067230994927,5.575116095106929
26.103448275862068,8.793103862068964,0.6666666666666666,4.277982298201724,3.1465545620869286,5.557105214612508
26.103448275862068,8.793103862068964,0.7777777777777777,4.223779940842055,3.1293079729696247,5.539259090190212
26.103448275862068,8.793103862068964,0.8888888888888888,4.171996300056382,3.112941047507843,5.521631115670923
26.103448275862068,8.793103862068964,1.0,4.122330014426277,3.097349544350763,5.504254539626511
26.103448275862068,9.310345206896551,0.0,4.68321639980067,3.2952347240965807,5.645060136759777
26.103448275862068,9.310345206896551,0.1111111111111111,4.605837790905421,3.2705074694621654,5.6299129286470135
26.103448275862068,9.310345206896551,0.2222222222222222,4.534718491002086,3.247767816149626,5.6137605130000425
26.103448275862068,9.310345206896551,0.3333333333333333,4.468703405969595,3.2266942063719357,5.597050686044185
26.103448275862068,9.310345206896551,0.4444444444444444,4.406925732410675,3.2070332438264124,5.580070457196918
26.103448275862068,9.310345206896551,0.5555555555555556,4.34872003429871,3.188582873242027,5.563006911378166
26.103448275862068,9.310345206896551,0.6666666666666666,4.293564886770716,3.1711799835968777,5.545983325523025
26.103448275862068,9.310345206896551,0.7777777777777777,4.241044196026487,3.154691332976305,5.5290812598224255
26.103448275862068,9.310345206896551,0.8888888888888888,4.190820517349778,3.1390068718778883,5.51235445066966
26.103448275862068,9.310345206896551,1.0,4.14261624380895,3.124034782288994,5.495837767593786
26.103448275862068,9.827586551724137,0.0,4.683216399800669,3.3107057541585276,5.6289670320299585
26.103448275862068,9.827586551724137,0.1111111111111111,4.609244765134795,3.287559727674912,5.6146943697206755
26.103448275862068,9.827586551724137,0.2222222222222222,4.540970378080106,3.2661561843916074,5.599490625169367
26.103448275862068,9.827586551724137,0.3333333333333333,4.4773923102956665,3.246228617674827,5.583748055570493
26.103448275862068,9.827586551724137,0.4444444444444444,4.417747703788265,3.227563811554649,5.567724533646234
26.103448275862068,9.827586551724137,0.5555555555555556,4.361443324309215,3.209989529424448,5.551592172563262
26.103448275862068,9.827586551724137,0.6666666666666666,4.308009299646969,3.193365176102458,5.53546703741171
26.103448275862068,9.827586551724137,0.7777777777777777,4.257067275243599,3.177574795612669,5.519427782675086
26.103448275862068,9.827586551724137,0.8888888888888888,4.208308060489042,3.1625218142664973,5.5035276337720855
26.103448275862068,9.827586551724137,1.0,4.161475631761036,3.148125066990401,5.487802263585213
26.103448275862068,10.344827896551724,0.0,4.68321639980067,3.3247428645495494,5.613989138054201
26.103448275862068,10.344827896551724,0.1111111111111111,4.612369190860028,3.3029979652607655,5.600494131343954
26.103448275862068,10.344827896551724,0.2222222222222222,4.54672783345065,3.28279042394115,5.586137471531664
26.103448275862068,10.344827896551724,0.3333333333333333,4.4854199687694045,3.2638974709189688,5.571263673399148
27.810344827586206,0.5172423448275862,0.6666666666666666,3.5721593012186643,2.644365666188114,5.910224888859002
27.810344827586206,0.5172423448275862,0.7777777777777777,3.443861070535064,2.649287518190986,5.846405072260973
27.810344827586206,0.5172423448275862,0.8888888888888888,3.323197904076947,2.6526814889508548,5.786618961972303
27.810344827586206,0.5172423448275862,1.0,3.210324930729593,2.654960941456769,5.730171849312252
27.810344827586206,1.0344836896551723,0.0,4.751743600080741,2.0819165488374507,6.3815522978014325
27.810344827586206,1.0344836896551723,0.1111111111111111,4.4657886055922145,2.090367030868111,6.26220296209742
27.810344827586206,1.0344836896551723,0.2222222222222222,4.263874146268918,2.1372364212082284,6.1656880624310295
27.810344827586206,1.0344836896551723,0.3333333333333333,4.097205075404706,2.176124158087056,6.082981980275773
27.810344827586206,1.0344836896551723,0.4444444444444444,3.9506216672888588,2.2060513737024,6.009628852088323
27.810344827586206,1.0344836896551723,0.5555555555555556,3.8172041423216148,2.2292203573037255,5.943127565126255
27.810344827586206,1.0344836896551723,0.6666666666666666,3.6932070155311494,2.2474818162686896,5.88191713218845
27.810344827586206,1.0344836896551723,0.7777777777777777,3.5764267041246356,2.2621466059214277,5.824947688543462
27.810344827586206,1.0344836896551723,0.8888888888888888,3.465541452238403,2.2741285113821723,5.771473283802859
27.810344827586206,1.0344836896551723,1.0,3.3598093297496336,2.284073344929486,5.72094116106524
27.810344827586206,1.5517250344827584,0.0,4.75174360008074,2.2931689049197193,6.276531533284188
27.810344827586206,1.5517250344827584,0.1111111111111111,4.500409165271084,2.119041691101521,6.1847168850848515
27.810344827586206,1.5517250344827584,0.2222222222222222,4.3158140236658085,2.0463263509597174,6.1042248148253675
27.810344827586206,1.5517250344827584,0.3333333333333333,4.162226042550292,2.015967019072619,6.032825515424648
27.810344827586206,1.5517250344827584,0.4444444444444444,4.0270443538230785,2.0053206376625314,5.9683000397242685
27.810344827586206,1.5517250344827584,0.5555555555555556,3.9041847140966244,2.004227836782337,5.9091269672210816
27.810344827586206,1.5517250344827584,0.6666666666666666,3.7902072442441357,2.0078204550865912,5.854252918334376
27.810344827586206,1.5517250344827584,0.7777777777777777,3.6829786134348104,2.0136637405395885,5.802921466441754
27.810344827586206,1.5517250344827584,0.8888888888888888,3.581103194016826,2.0205029519253865,5.754569976965029
27.810344827586206,1.5517250344827584,1.0,3.483648521818768,2.0276801733477354,5.708767105814587
27.810344827586206,2.068966379310345,0.0,4.751743600080741,2.5554398296044107,6.189538948534665
27.810344827586206,2.068966379310345,0.1111111111111111,4.5282810132723785,2.3922256539161153,6.116995145081566
27.810344827586206,2.068966379310345,0.2222222222222222,4.358510284732988,2.2888518764004933,6.049226164340337
27.810344827586206,2.068966379310345,0.3333333333333333,4.215941485753669,2.217475832001223,5.987218195307269
27.810344827586206,2.068966379310345,0.4444444444444444,4.090152348447146,2.166071737269637,5.9301626908922165
27.810344827586206,2.068966379310345,0.5555555555555556,3.9758479030688454,2.128096516150323,5.877232195309374
27.810344827586206,2.068966379310345,0.6666666666666666,3.8699324716775263,2.099548225466427,5.82775762044009
27.810344827586206,2.068966379310345,0.7777777777777777,3.770428468766498,2.077808276959435,5.781214830796743
27.810344827586206,2.068966379310345,0.8888888888888888,3.6759962066625196,2.0610884791756,5.737191186352391
27.810344827586206,2.068966379310345,1.0,3.585693399882982,2.048131331138686,5.695357314935812
27.810344827586206,2.5862077241379313,0.0,4.751743600080741,2.7403870784418207,6.116250732731047
27.810344827586206,2.5862077241379313,0.1111111111111111,4.551069827817044,2.6101726744026634,6.057537371577086
27.810344827586206,2.5862077241379313,0.2222222222222222,4.394149741010703,2.51826247162374,5.999903965865934
27.810344827586206,2.5862077241379313,0.3333333333333333,4.261085598180857,2.4482359566621934,5.945713238353928
27.810344827586206,2.5862077241379313,0.4444444444444444,4.143270379223552,2.392549145627358,5.89500885179516
27.810344827586206,2.5862077241379313,0.5555555555555556,4.036119661574418,2.347006207587378,5.847441241690805
27.810344827586206,2.5862077241379313,0.6666666666666666,3.936871861698282,2.3089951862298816,5.802626048486759
27.810344827586206,2.5862077241379313,0.7777777777777777,3.8437222415630505,2.276766014523671,5.760219706642863
27.810344827586206,2.5862077241379313,0.8888888888888888,3.7554220776336975,2.2490847597734143,5.7199302599071356
27.810344827586206,2.5862077241379313,1.0,3.671071506243787,2.225048714090294,5.6815125553120795
27.810344827586206,3.103449068965517,0.0,4.751743600080741,2.8716257771601645,6.053622581130582
27.810344827586206,3.103449068965517,0.1111111111111111,4.569963122888308,2.766653249910948,6.005071251190202
27.810344827586206,3.103449068965517,0.2222222222222222,4.424281262141493,2.688239126683671,5.955556297932063
27.810344827586206,3.103449068965517,0.3333333333333333,4.299549762480011,2.625874277567847,5.907891368169512
27.810344827586206,3.103449068965517,0.4444444444444444,4.188654903678583,2.5743465558022716,5.862606936784494
27.810344827586206,3.103449068965517,0.5555555555555556,4.087637361976383,2.530647299570018,5.819672515034337
27.810344827586206,3.103449068965517,0.6666666666666666,3.9940445593756446,2.492864308467221,5.778910156279559
27.810344827586206,3.103449068965517,0.7777777777777777,3.906241142022966,2.459699243421209,5.740114245484563
27.810344827586206,3.103449068965517,0.8888888888888888,3.823076806124356,2.430227438618871,5.703088482155565
27.810344827586206,3.103449068965517,1.0,3.743709514871272,2.4037663397695344,5.66765631990931
27.810344827586206,3.6206904137931035,0.0,4.751743600080741,2.969042602866885,5.999452360436393
27.810344827586206,3.6206904137931035,0.1111111111111111,4.585824083932087,2.8822625238520536,5.958531938073791
27.810344827586206,3.6206904137931035,0.2222222222222222,4.450037240469499,2.8148100966800103,5.9155649501313405
27.810344827586206,3.6206904137931035,0.3333333333333333,4.332695483455537,2.7596489849768826,5.8733676172145195
27.810344827586206,3.6206904137931035,0.4444444444444444,4.227904570568176,2.7130297683256965,5.832724514675481
27.810344827586206,3.6206904137931035,0.5555555555555556,4.132247712975405,2.6726988917541514,5.793810291957488
27.810344827586206,3.6206904137931035,0.6666666666666666,4.0435518093464315,2.6371873146857854,5.756593166589817
27.810344827586206,3.6206904137931035,0.7777777777777777,3.960340408726331,2.605480303593588,5.720971107837446
27.810344827586206,3.6206904137931035,0.8888888888888888,3.8815597712897576,2.576846079843565,5.686822579722369
27.810344827586206,3.6206904137931035,1.0,3.806428897521372,2.550739168682737,5.654026254576564
27.810344827586206,4.13793175862069,0.0,4.751743600080741,3.0442751115861477,5.95210870663819
27.810344827586206,4.13793175862069,0.1111111111111111,4.599290729364934,2.970888139891578,5.917034371703048
27.810344827586206,4.13793175862069,0.2222222222222222,4.472265960383814,2.9120546480435636,5.8793901154243144
27.810344827586206,4.13793175862069,0.3333333333333333,4.361533613994956,2.8629033132281347,5.841793430352926
27.810344827586206,4.13793175862069,0.4444444444444444,4.262191780688123,2.820667396938278,5.805138785579259
27.810344827586206,4.13793175862069,0.5555555555555556,4.171290533697217,2.7836179532412664,5.769725949817798
27.810344827586206,4.13793175862069,0.6666666666666666,4.086906339992844,2.7505983186521212,5.735623818964483
27.810344827586206,4.13793175862069,0.7777777777777777,4.007708802463501,2.7207946837577857,5.702806721009914
27.810344827586206,4.13793175862069,0.8888888888888888,3.932735457442439,2.693612009064003,5.671210748322401
27.810344827586206,4.13793175862069,1.0,3.861265057930408,2.668601896923275,5.640758516447723
27.810344827586206,4.655173103448276,0.0,4.751743600080741,3.1042322266990388,5.910357462846628
27.810344827586206,4.655173103448276,0.1111111111111111,4.610841837814383,3.040997799391989,5.879844768496414
27.810344827586206,4.655173103448276,0.2222222222222222,4.491615320387478,2.9890160844138287,5.846563256680468
27.810344827586206,4.655173103448276,0.3333333333333333,4.386833284794732,2.944820669533567,5.812856206532262
27.810344827586206,4.655173103448276,0.4444444444444444,4.292400646953693,2.906329531213448,5.779641422118215
27.810344827586206,4.655173103448276,0.5555555555555556,4.205767065127899,2.8721936397353267,5.747288710977491
27.810344827586206,4.655173103448276,0.6666666666666666,4.125230072137503,2.841487540382777,5.715933869016791
27.810344827586206,4.655173103448276,0.7777777777777777,4.049591978341592,2.813548007889673,5.685606332306689
27.810344827586206,4.655173103448276,0.8888888888888888,3.977975063475176,2.7878832195122007,5.656285961681915
27.810344827586206,4.655173103448276,1.0,3.909714791337881,2.7641183634923077,5.627929949137209
27.810344827586206,5.1724144482758625,0.0,4.75174360008074,3.153221808067511,5.873247539903723
27.810344827586206,5.1724144482758625,0.1111111111111111,4.6208417606496415,3.097891469948905,5.846354471431302
27.810344827586206,5.1724144482758625,0.2222222222222222,4.508588165494164,3.051452490277788,5.816679187838794
27.810344827586206,5.1724144482758625,0.3333333333333333,4.409191435760931,3.011379233279394,5.7862774084301005
27.810344827586206,5.1724144482758625,0.4444444444444444,4.319213233053049,2.9760788439367323,5.756040534104895
27.810344827586206,5.1724144482758625,0.5555555555555556,4.236444147239903,2.9444844434891273,5.726371278267827
27.810344827586206,5.1724144482758625,0.6666666666666666,4.159376488051238,2.9158465224971324,5.697447632770964
27.810344827586206,5.1724144482758625,0.7777777777777777,4.086932274831417,2.889618273622683,5.66933776889161
27.810344827586206,5.1724144482758625,0.8888888888888888,4.018311673084895,2.865388519748063,5.64205423750747
27.810344827586206,5.1724144482758625,1.0,3.9529031484742814,2.8428403663986783,5.615581111952841
27.810344827586206,5.689655793103449,0.0,4.751743600080741,3.1940609756256415,5.840033909128285
27.810344827586206,5.689655793103449,0.1111111111111111,4.629571421832458,3.1450262685351085,5.81605737447895
27.810344827586206,5.689655793103449,0.2222222222222222,4.523580134197766,3.103146986162542,5.78938814271669
27.810344827586206,5.689655793103449,0.3333333333333333,4.429079033333117,3.0665443110041752,5.7618099247113275
27.810344827586206,5.689655793103449,0.4444444444444444,4.343165732260108,3.0339817670880556,5.734161072136645
27.810344827586206,5.689655793103449,0.5555555555555556,4.26392128397302,3.004605824682181,5.706852766056295
27.810344827586206,5.689655793103449,0.6666666666666666,4.190009017194003,2.977803367642217,5.680087398366739
27.810344827586206,5.689655793103449,0.7777777777777777,4.120458413246485,2.9531194037589015,5.653959410342781
27.810344827586206,5.689655793103449,0.8888888888888888,4.054540767138445,2.9302071456522327,5.628505278849205
27.810344827586206,5.689655793103449,1.0,3.991693648194113,2.908796363801497,5.6037296959601175
27.810344827586206,6.206897137931034,0.0,4.75174360008074,3.228669275782637,5.810124424812676
27.810344827586206,6.206897137931034,0.1111111111111111,4.637250090440934,3.184747114958969,5.788531084970533
27.810344827586206,6.206897137931034,0.2222222222222222,4.5369062587377,3.1466749348875473,5.764388308049428
27.810344827586206,6.206897137931034,0.3333333333333333,4.446872839453842,3.1130289552466563,5.739235117539947
27.810344827586206,6.206897137931034,0.4444444444444444,4.3646863781471,3.0828366651660244,5.713844367843322
27.810344827586206,6.206897137931034,0.5555555555555556,4.288675346885734,3.055408171906391,5.688620116601636
27.810344827586206,6.206897137931034,0.6666666666666666,4.2176529162161485,3.03023755904787,5.663776543024751
27.810344827586206,6.206897137931034,0.7777777777777777,4.150744719737976,3.0069432815556385,5.639424977384574
24.39655172413793,14.482758655172413,0.0,4.608828344263496,3.3396201963941734,5.486018978037911
24.39655172413793,14.482758655172413,0.1111111111111111,4.559500825976578,3.326012374909776,5.475734123365177
24.39655172413793,14.482758655172413,0.2222222222222222,4.512609553196588,3.312999238597709,5.4651671651993015
24.39655172413793,14.482758655172413,0.3333333333333333,4.467871972758679,3.300522098652912,5.4544115799437645
24.39655172413793,14.482758655172413,0.4444444444444444,4.42505053522759,3.2885299159027426,5.443538417579722
24.39655172413793,14.482758655172413,0.5555555555555556,4.383943888152277,3.2769781789757664,5.432601945996925
24.39655172413793,14.482758655172413,0.6666666666666666,4.344380026630982,3.2658279373643215,5.421643764785885
24.39655172413793,14.482758655172413,0.7777777777777777,4.306210932664852,3.2550449806454904,5.410695831159695
24.39655172413793,14.482758655172413,0.8888888888888888,4.269308349524562,3.2445991471015,5.399782706504686
24.39655172413793,14.482758655172413,1.0,4.2335604254338275,3.234463743159211,5.388923239510283
24.39655172413793,15.0,0.0,4.608828344263496,3.3469922022850263,5.477459343620546
24.39655172413793,15.0,0.1111111111111111,4.561011106851799,3.333929133690129,5.467545540343922
24.39655172413793,15.0,0.2222222222222222,4.515477382738252,3.321411535038242,5.457367882843631
24.39655172413793,15.0,0.3333333333333333,4.471971287321345,3.3093876580715724,5.447010763255687
24.39655172413793,15.0,0.4444444444444444,4.4302763185978975,3.2978122322509678,5.4365389962976245
24.39655172413793,15.0,0.5555555555555556,4.390207908795224,3.2866455585448624,5.426002583150595
24.39655172413793,15.0,0.6666666666666666,4.351607575077097,3.275852719572161,5.415440227133278
24.39655172413793,15.0,0.7777777777777777,4.314338300225232,3.265402902140944,5.404881949539599
24.39655172413793,15.0,0.8888888888888888,4.278280860980931,3.2552688211192415,5.394351052385102
24.39655172413793,15.0,1.0,4.243330889389996,3.2454262314157014,5.3838656033654795
26.103448275862068,1e-06,0.0,4.68321639980067,3.0457563952896853,6.591350652165295
26.103448275862068,1e-06,0.1111111111111111,4.327758590936551,3.0457565508303857,6.391371572001641
26.103448275862068,1e-06,0.2222222222222222,4.089346412033397,3.045756607124066,6.257004467417341
26.103448275862068,1e-06,0.3333333333333333,,,
26.103448275862068,1e-06,0.4444444444444444,3.714666756430439,3.0457566515423666,6.05541880119306
26.103448275862068,1e-06,0.5555555555555556,3.5525014126132803,3.045746064555799,5.971917843184383
26.103448275862068,1e-06,0.6666666666666666,3.402237801454813,3.045756624219749,5.895462784250747
26.103448275862068,1e-06,0.7777777777777777,3.2642193863126883,3.0457566635009097,5.824324872820125
26.103448275862068,1e-06,0.8888888888888888,3.1409649254296452,3.0456393614196355,5.757347353256957
26.103448275862068,1e-06,1.0,3.03653901237864,3.045756641803192,5.6937113466884
26.103448275862068,0.5172423448275862,0.0,4.683216399800669,2.513282088106582,6.441083928563137
26.103448275862068,0.5172423448275862,0.1111111111111111,4.379642326592204,2.58404331992647,6.292456864037466
26.103448275862068,0.5172423448275862,0.2222222222222222,4.16670898026486,2.617362390842689,6.181350434013246
26.103448275862068,0.5172423448275862,0.3333333333333333,3.9896007102103765,2.6369894675010412,6.0886878049574085
26.103448275862068,0.5172423448275862,0.4444444444444444,3.8324274523608475,2.6496781304675876,6.007529986959726
26.103448275862068,0.5172423448275862,0.5555555555555556,3.6882222239518425,2.658260288472542,5.934409419730544
26.103448275862068,0.5172423448275862,0.6666666666666666,3.5534511326348404,2.6641791903192313,5.867299657085595
26.103448275862068,0.5172423448275862,0.7777777777777777,3.4263260116774625,2.6682654832621804,5.804896266558658
26.103448275862068,0.5172423448275862,0.8888888888888888,3.3061637197240312,2.6710392166956036,5.746301758958195
26.103448275862068,0.5172423448275862,1.0,3.1931180420573404,2.6728467509587075,5.690867534681225
26.103448275862068,1.0344836896551723,0.0,4.683216399800669,2.104769997908559,6.320696076878336
26.103448275862068,1.0344836896551723,0.1111111111111111,4.419722881529651,2.145193763074833,6.206805884193099
26.103448275862068,1.0344836896551723,0.2222222222222222,4.227299473067619,2.190945500629603,6.114169985324985
26.103448275862068,1.0344836896551723,0.3333333333333333,4.066376982509629,2.225848743289404,6.0343193348678525
26.103448275862068,1.0344836896551723,0.4444444444444444,3.9237716901912196,2.2521634636071832,5.963184878679058
26.103448275862068,1.0344836896551723,0.5555555555555556,3.7932811422300716,2.272398344748319,5.898471861757983
26.103448275862068,1.0344836896551723,0.6666666666666666,3.6714853676788284,2.2883022197672584,5.838739093919192
26.103448275862068,1.0344836896551723,0.7777777777777777,3.5563451126078296,2.3010514137849793,5.783011964261813
26.103448275862068,1.0344836896551723,0.8888888888888888,3.4466238724717915,2.311450663972214,5.730594851588645
26.103448275862068,1.0344836896551723,1.0,3.341621345822635,2.3200648257937444,5.680970372101119
26.103448275862068,1.5517250344827584,0.0,4.683216399800669,2.192276664953415,6.222068293128218
26.103448275862068,1.5517250344827584,0.1111111111111111,4.451372070521066,2.0694337523951103,6.132340966480363
26.103448275862068,1.5517250344827584,0.2222222222222222,4.2760114339863655,2.0266621150648425,6.054364734090277
26.103448275862068,1.5517250344827584,0.3333333333333333,4.128203941009065,2.0144413612925884,5.985101421051374
26.103448275862068,1.5517250344827584,0.4444444444444444,3.9970992320032233,2.0149630549022963,5.922354070999039
26.103448275862068,1.5517250344827584,0.5555555555555556,3.877298613285788,2.0208935051869865,5.864674000578584
26.103448275862068,1.5517250344827584,0.6666666666666666,3.765691640043153,2.0289987610006426,5.811067802277093
26.103448275862068,1.5517250344827584,0.7777777777777777,3.6603230105066387,2.0377946339657043,5.760823727784705
26.103448275862068,1.5517250344827584,0.8888888888888888,3.559899897352386,2.046590607274958,5.713412295040665
26.103448275862068,1.5517250344827584,1.0,3.46355076136465,2.055072554924434,5.668427163293506
26.103448275862068,2.068966379310345,0.0,4.68321639980067,2.439082954110106,6.13974895689561
26.103448275862068,2.068966379310345,0.1111111111111111,4.476832977428576,2.297558727995601,6.067284053052152
26.103448275862068,2.068966379310345,0.2222222222222222,4.315958224906055,2.209383486793457,6.000977559791947
26.103448275862068,2.068966379310345,0.3333333333333333,4.179145573836139,2.150257431006996,5.9404952962006226
26.103448275862068,2.068966379310345,0.4444444444444444,4.05748937902893,2.1091298494246615,5.88482699533167
26.103448275862068,2.068966379310345,0.5555555555555556,3.9463311153087828,2.0798894811839315,5.833121178136463
26.103448275862068,2.068966379310345,0.6666666666666666,3.842894867786571,2.058808016484819,5.7847213279815195
26.103448275862068,2.068966379310345,0.7777777777777777,3.7453827271272857,2.043477080556095,5.7391223027955265
26.103448275862068,2.068966379310345,0.8888888888888888,3.652563571597312,2.032281598035246,5.695929565223856
26.103448275862068,2.068966379310345,1.0,3.563563737470379,2.024108875961352,5.654829364612296
26.103448275862068,2.5862077241379313,0.0,4.683216399800669,2.6315073711199135,6.069959504315265
26.103448275862068,2.5862077241379313,0.1111111111111111,4.497651349157607,2.513695190940114,6.010139146378483
26.103448275862068,2.5862077241379313,0.2222222222222222,4.34924242377154,2.4300287448172404,5.953173293629209
26.103448275862068,2.5862077241379313,0.3333333333333333,4.221863290723225,2.3664383516246565,5.90000156151978
26.103448275862068,2.5862077241379313,0.4444444444444444,4.108202044771355,2.3161797823913983,5.850343101207889
26.103448275862068,2.5862077241379313,0.5555555555555556,4.004253889853618,2.2754064166992185,5.8037587598916485
26.103448275862068,2.5862077241379313,0.6666666666666666,3.9075603780297725,2.2416858707499845,5.7598410612167275
26.103448275862068,2.5862077241379313,0.7777777777777777,3.816492369264369,2.2133727589270693,5.7182447868877135
26.103448275862068,2.5862077241379313,0.8888888888888888,3.7299103019070383,2.1893007621329432,5.678683427418938
26.103448275862068,2.5862077241379313,1.0,3.646985590436715,2.168614637539313,5.640919297638954
26.103448275862068,3.103449068965517,0.0,4.68321639980067,2.7711853641821858,6.0100050975966814
26.103448275862068,3.103449068965517,0.1111111111111111,4.514920639919099,2.6749781964820327,5.959662671061419
26.103448275862068,3.103449068965517,0.2222222222222222,4.377345787725532,2.6023785960442343,5.91022669103129
26.103448275862068,3.103449068965517,0.3333333333333333,4.258192836605922,2.544398442803444,5.8631674160324625
26.103448275862068,3.103449068965517,0.4444444444444444,4.151444236916405,2.4964349980350615,5.818635417903413
26.103448275862068,3.103449068965517,0.5555555555555556,4.053661511820062,2.4557751199973237,5.776469643119979
26.103448275862068,3.103449068965517,0.6666666666666666,3.9626749409139483,2.42066923132159,5.736443546345046
26.103448275862068,3.103449068965517,0.7777777777777777,3.8770175334330728,2.389916992391142,5.698333937615182
26.103448275862068,3.103449068965517,0.8888888888888888,3.795646030811661,2.36265700672133,5.66193969057944
26.103448275862068,3.103449068965517,1.0,3.717789830750871,2.3382498402914913,5.6270848619815785
26.103448275862068,3.6206904137931035,0.0,4.68321639980067,2.87552114746962,5.9579144630447995
26.103448275862068,3.6206904137931035,0.1111111111111111,4.529431009147088,2.7955460326585824,5.914827729355048
26.103448275862068,3.6206904137931035,0.2222222222222222,4.401346248649168,2.732741308440921,5.8715113422805745
26.103448275862068,3.6206904137931035,0.3333333333333333,4.289451537957498,2.681073048242749,5.8295874412578685
26.103448275862068,3.6206904137931035,0.4444444444444444,4.188775992491645,2.6372464113451533,5.789447649448492
26.103448275862068,3.6206904137931035,0.5555555555555556,4.096366485739586,2.599246141687979,5.751113412215113
26.103448275862068,3.6206904137931035,0.6666666666666666,4.010310869682999,2.565741652817253,5.714487273978135
26.103448275862068,3.6206904137931035,0.7777777777777777,3.9292920227931867,2.535804988175236,5.679437874922093
26.103448275862068,3.6206904137931035,0.8888888888888888,3.8523595503238366,2.508761996164094,5.645830796291651
26.103448275862068,3.6206904137931035,1.0,3.778802633840628,2.4841072482524034,5.613539698876062
26.103448275862068,4.13793175862069,0.0,4.683216399800669,2.9562289939608046,5.912212997908496
26.103448275862068,4.13793175862069,0.1111111111111111,4.5417640728674264,2.888383480487035,5.874788341267819
26.103448275862068,4.13793175862069,0.2222222222222222,4.422047547227345,2.8334746872011083,5.836488426432362
26.103448275862068,4.13793175862069,0.3333333333333333,4.3166142616910195,2.7873087623964095,5.798901575367109
26.103448275862068,4.13793175862069,0.4444444444444444,4.221338727263264,2.747459202790497,5.762541154446957
26.103448275862068,4.13793175862069,0.5555555555555556,4.13368116530897,2.712387408167026,5.727544128587894
26.103448275862068,4.13793175862069,0.6666666666666666,4.051956796406973,2.6810524175889245,5.693903272279349
26.103448275862068,4.13793175862069,0.7777777777777777,3.974984570655499,2.652715373363962,5.661555347721507
26.103448275862068,4.13793175862069,0.8888888888888888,3.9019007166596738,2.6268322645806728,5.630417473815122
26.103448275862068,4.13793175862069,1.0,3.832052054391506,2.6029908386978953,5.6004027933393195
26.103448275862068,4.655173103448276,0.0,4.68321639980067,3.02055333085777,5.871775660348351
26.103448275862068,4.655173103448276,0.1111111111111111,4.552355080417948,2.96196610208901,5.838847089730307
27.810344827586206,6.206897137931034,0.8888888888888888,4.087286736055459,2.9852307402562848,5.615618954661133
27.810344827586206,6.206897137931034,1.0,4.026761777457607,2.964867909676619,5.59237873095783
27.810344827586206,6.724138482758621,0.0,4.75174360008074,3.2584008181036954,5.7830423206036565
27.810344827586206,6.724138482758621,0.1111111111111111,4.644050885589621,3.2186996319868673,5.763421504658228
27.810344827586206,6.724138482758621,0.2222222222222222,4.548820075355905,3.1838474559305894,5.741419065342649
27.810344827586206,6.724138482758621,0.3333333333333333,4.4628778675874745,3.1527472219418917,5.718359825617234
27.810344827586206,6.724138482758621,0.4444444444444444,4.3841218110308136,3.124624803751059,5.694947208719432
27.810344827586206,6.724138482758621,0.5555555555555556,4.311091296357542,3.098917334590128,5.67156863906112
27.810344827586206,6.724138482758621,0.6666666666666666,4.242730639987746,3.075204090592328,5.64844131198622
27.810344827586206,6.724138482758621,0.7777777777777777,4.178251322618151,3.053162926251659,5.6256864707339735
27.810344827586206,6.724138482758621,0.8888888888888888,4.117047972963577,3.032542017814112,5.603369375117892
27.810344827586206,6.724138482758621,1.0,4.058644936254009,3.0131409842503003,5.581521796336903
27.810344827586206,7.241379827586207,0.0,4.751743600080741,3.2842392236480418,5.7583992506435715
27.810344827586206,7.241379827586207,0.1111111111111111,4.650111962371711,3.2480728649574795,5.740430339858929
27.810344827586206,7.241379827586207,0.2222222222222222,4.559527604763869,3.2159748892417035,5.720255030681168
27.810344827586206,7.241379827586207,0.3333333333333333,4.477343631708563,3.1870871467384156,5.6990134840998925
27.810344827586206,7.241379827586207,0.4444444444444444,4.401755895970146,3.16078658376473,5.677340684263063
27.810344827586206,7.241379827586207,0.5555555555555556,4.331483864020158,3.136609989331595,5.655602034005417
27.810344827586206,7.241379827586207,0.6666666666666666,4.265586604352685,3.1142049813197343,5.634011790065654
27.810344827586206,7.241379827586207,0.7777777777777777,4.203352143112509,3.0932978834792704,5.612695988972757
27.810344827586206,7.241379827586207,0.8888888888888888,4.144228182314917,3.0736722445838134,5.591727511624639
27.810344827586206,7.241379827586207,1.0,4.087777097605852,3.0551541322111655,5.57114642446436
27.810344827586206,7.758621172413793,0.0,4.751743600080741,3.3069170134412613,5.735875572760552
27.810344827586206,7.758621172413793,0.1111111111111111,4.655544682127151,3.27374770252385,5.719305033685767
27.810344827586206,7.758621172413793,0.2222222222222222,4.56919773810101,3.2440288059173255,5.700700887840011
27.810344827586206,7.758621172413793,0.3333333333333333,4.490476138775978,3.217079821224279,5.681045449986782
27.810344827586206,7.758621172413793,0.4444444444444444,4.41782345565563,3.192394135699262,5.660908946600261
27.810344827586206,7.758621172413793,0.5555555555555556,4.350113216616457,3.1695874745109935,5.640632119349251
27.810344827586206,7.758621172413793,0.6666666666666666,4.286504934796321,3.148362734820535,5.6204223754218585
27.810344827586206,7.758621172413793,0.7777777777777777,4.226354843099961,3.1284860931528744,5.6004068452043585
27.810344827586206,7.758621172413793,0.8888888888888888,4.169158607589112,3.1097705648839704,5.580662903760036
27.810344827586206,7.758621172413793,1.0,4.114513365768847,3.09206448544254,5.561236370699846
27.810344827586206,8.275862517241379,0.0,4.751743600080741,3.326991497314968,5.715205700141149
27.810344827586206,8.275862517241379,0.1111111111111111,4.660439650715769,3.296390955890078,5.699830661632906
27.810344827586206,8.275862517241379,0.2222222222222222,4.5779700560124885,3.268745052455882,5.68258695961878
27.810344827586206,8.275862517241379,0.3333333333333333,4.502446890418195,3.243507394654548,5.664322574108272
27.810344827586206,8.275862517241379,0.4444444444444444,4.432520487070311,3.220262126204642,5.645547971677649
27.810344827586206,8.275862517241379,0.5555555555555556,4.367196505429584,3.1986880513149196,5.6265783900114075
27.810344827586206,8.275862517241379,0.6666666666666666,4.305722456081642,3.1785331165690893,5.6076119435103875
27.810344827586206,8.275862517241379,0.7777777777777777,4.247515340358423,3.159596487760269,5.588774234832444
27.810344827586206,8.275862517241379,0.8888888888888888,4.192114137651646,3.141715882821576,5.570144776692889
27.810344827586206,8.275862517241379,1.0,4.139147721738764,3.124758500602598,5.551773150002252
27.810344827586206,8.793103862068964,0.0,4.751743600080741,3.344894605234454,5.696167061979677
27.810344827586206,8.793103862068964,0.1111111111111111,4.6648712315179015,3.3165169255509044,5.681823401397689
27.810344827586206,8.793103862068964,0.2222222222222222,4.585960785032958,3.2906913415491426,5.665765439489696
27.810344827586206,8.793103862068964,0.3333333333333333,4.513399738908697,3.2669741218293544,5.64872703099197
27.810344827586206,8.793103862068964,0.4444444444444444,4.446011890491324,3.245020886892757,5.6311643712320585
27.810344827586206,8.793103862068964,0.5555555555555556,4.382916536347255,3.224561264854878,5.613367493721108
27.810344827586206,8.793103862068964,0.6666666666666666,4.32343837683376,3.2053801690968258,5.595523818829078
27.810344827586206,8.793103862068964,0.7777777777777777,4.267048570249574,3.1873042400453904,5.5777556115587315
27.810344827586206,8.793103862068964,0.8888888888888888,4.213325196297612,3.170192020864615,5.560142769389785
27.810344827586206,8.793103862068964,1.0,4.161926080926317,3.1539267753157847,5.542737086609117
27.810344827586206,9.310345206896551,0.0,4.751743600080741,3.360966551047468,5.678571674769322
27.810344827586206,9.310345206896551,0.1111111111111111,4.668900954708111,3.3345288409702607,5.665125258189944
27.810344827586206,9.310345206896551,0.2222222222222222,4.5932673833887,3.3103128256288343,5.650107199255539
27.810344827586206,9.310345206896551,0.3333333333333333,4.523456175834106,3.287954371875293,5.634154400059208
27.810344827586206,9.310345206896551,0.4444444444444444,4.4584374027834235,3.2671659424442967,5.617674282933021
27.810344827586206,9.310345206896551,0.5555555555555556,4.397428382398382,3.2477184325345156,5.600932674507951
27.810344827586206,9.310345206896551,0.6666666666666666,4.339821630195912,3.2294272857835886,5.584105629664994
27.810344827586206,9.310345206896551,0.7777777777777777,4.285136599654614,3.2121421532835583,5.567310872200175
27.810344827586206,9.310345206896551,0.8888888888888888,4.23298666793436,3.1957392242171303,5.550627401525887
27.810344827586206,9.310345206896551,1.0,4.183056062663259,3.180115509083949,5.534108033653072
27.810344827586206,9.827586551724137,0.0,4.751743600080741,3.3754791488022593,5.662259629612813
27.810344827586206,9.827586551724137,0.1111111111111111,4.6725801190493925,3.3507474545352225,5.6495997894947445
27.810344827586206,9.827586551724137,0.2222222222222222,4.599972105899002,3.3279635865365544,5.635499091060567
27.810344827586206,9.827586551724137,0.3333333333333333,4.532719457884056,3.306825860132662,5.620511981644429
27.810344827586206,9.827586551724137,0.4444444444444444,4.469916211299795,3.287092355162598,5.605002351608601
27.810344827586206,9.827586551724137,0.5555555555555556,4.410864498386717,3.2685677188685873,5.589213215808834
27.810344827586206,9.827586551724137,0.6666666666666666,4.355016520469944,3.251092762543847,5.573309094616292
27.810344827586206,9.827586551724137,0.7777777777777777,4.301934837705346,3.234536510539412,5.55740241619298
27.810344827586206,9.827586551724137,0.8888888888888888,4.251264701152757,3.218790174501653,5.541570362900117
27.810344827586206,9.827586551724137,1.0,4.202714411536179,3.203762578942852,5.525865865310325
27.810344827586206,10.344827896551724,0.0,4.751743600080741,3.3886523222354774,5.647094004594705
27.810344827586206,10.344827896551724,0.1111111111111111,4.675951796705789,3.3654312110339273,5.635128625858423
27.810344827586206,10.344827896551724,0.2222222222222222,4.6061448000494085,3.3439288725047884,5.621841669193665
27.810344827586206,10.344827896551724,0.3333333333333333,4.541277857985934,3.3238931522685347,5.607717326636274
27.810344827586206,10.344827896551724,0.4444444444444444,4.480550583055698,3.305119052573233,5.593080805394454
27.810344827586206,10.344827896551724,0.5555555555555556,4.42333872671323,3.287439016797463,5.578153902476476
27.810344827586206,10.344827896551724,0.6666666666666666,4.3691471243899205,3.2707150554847257,5.563089772734852
27.810344827586206,10.344827896551724,0.7777777777777777,4.317576854869514,3.2548325845651016,5.5479951236439256
27.810344827586206,10.344827896551724,0.8888888888888888,4.2683019668705375,3.239695660826091,5.532944681430285
27.810344827586206,10.344827896551724,1.0,4.221052713684134,3.2252233024079198,5.517990810157729
27.810344827586206,10.86206924137931,0.0,4.751743600080741,3.4006660259306396,5.632956850137247
27.810344827586206,10.86206924137931,0.1111111111111111,4.67905239224135,3.3787907565428243,5.621608626954647
27.810344827586206,10.86206924137931,0.2222222222222222,4.611845117261001,3.3584411090819,5.609047265958706
27.810344827586206,10.86206924137931,0.3333333333333333,4.549207250531621,3.3394046117598206,5.595696956911152
27.810344827586206,10.86206924137931,0.4444444444444444,4.490428748656181,3.3215063922390624,5.581848625124509
27.810344827586206,10.86206924137931,0.5555555555555556,4.434949470054404,3.304601934790185,5.567704512748788
27.810344827586206,10.86206924137931,0.6666666666666666,4.38232076262936,3.2885710625225295,5.553406798069847
27.810344827586206,10.86206924137931,0.7777777777777777,4.33217816846886,3.2733131252569265,5.539056281488996
27.810344827586206,10.86206924137931,0.8888888888888888,4.28422177338088,3.258743208652843,5.524724807901022
27.810344827586206,10.86206924137931,1.0,4.238201855872823,3.244789159234388,5.510463672622412
27.810344827586206,11.379310586206897,0.0,4.751743600080741,3.411669005455218,5.619745991446732
27.810344827586206,11.379310586206897,0.1111111111111111,4.6819128654848665,3.3909995603321774,5.608949546182467
27.810344827586206,11.379310586206897,0.2222222222222222,4.617124275229736,3.3716916295389554,5.59703836495164
27.810344827586206,11.379310586206897,0.3333333333333333,4.556573184121835,3.353564832942586,5.584385254065923
27.810344827586206,11.379310586206897,0.4444444444444444,4.499627215173942,3.3364690637953447,5.571250802085778
27.810344827586206,11.379310586206897,0.5555555555555556,4.445782229562396,3.320279023974092,5.55781934588776
27.810344827586206,11.379310586206897,0.6666666666666666,4.394630767399014,3.3048895813480486,5.544222612049435
27.810344827586206,11.379310586206897,0.7777777777777777,4.3458392495933555,3.2902119833824632,5.530555477830998
27.810344827586206,11.379310586206897,0.8888888888888888,4.299131323761042,3.2761708223694814,5.5168866438066555
27.810344827586206,11.379310586206897,1.0,4.2542755443111995,3.2627016178022314,5.50326597506441
27.810344827586206,11.896551931034482,0.0,4.751743600080741,3.421785336785025,5.6073724597397545
27.810344827586206,11.896551931034482,0.1111111111111111,4.68455969862687,3.4022018150519853,5.597072103837563
27.810344827586206,11.896551931034482,0.2222222222222222,4.622026472693034,3.3838394048224214,5.585746223599726
27.810344827586206,11.896551931034482,0.3333333333333333,4.563432556042723,3.366543905365145,5.573723495320668
27.810344827586206,11.896551931034482,0.4444444444444444,4.508212636551,3.3501857142145988,5.5612376775693635
27.810344827586206,11.896551931034482,0.5555555555555556,4.45591165399116,3.3346556563051646,5.548456787743309
27.810344827586206,11.896551931034482,0.6666666666666666,4.406158710326738,3.319861369622789,5.535502702216192
27.810344827586206,11.896551931034482,0.7777777777777777,4.358647935825698,3.3057243039662523,5.52246447812567
27.810344827586206,11.896551931034482,0.8888888888888888,4.313124321343202,3.292177276841579,5.509407530657026
27.810344827586206,11.896551931034482,1.0,4.269373111015011,3.2791624988687915,5.496380043390696
26.103448275862068,10.344827896551724,0.4444444444444444,4.427771309518083,3.246138442743,5.556104448032558
26.103448275862068,10.344827896551724,0.5555555555555556,4.373251255381023,3.2293656627840353,5.540817766648938
26.103448275862068,10.344827896551724,0.6666666666666666,4.321435327860123,3.213457340871988,5.525512375651933
26.103448275862068,10.344827896551724,0.7777777777777777,4.271978820627385,3.1983121295175523,5.510263535370683
26.103448275862068,10.344827896551724,0.8888888888888888,4.224598000258913,3.1838449590578244,5.495123346238624
26.103448275862068,10.344827896551724,1.0,4.179056463047149,3.169983838164002,5.4801276610504965
26.103448275862068,10.86206924137931,0.0,4.683216399800669,3.337539428236555,5.600013317350831
26.103448275862068,10.86206924137931,0.1111111111111111,4.615244298899169,3.3170437085186113,5.5872138414151165
26.103448275862068,10.86206924137931,0.2222222222222222,4.552046204645372,3.297912295984213,5.573617210861767
26.103448275862068,10.86206924137931,0.3333333333333333,4.49285771173583,3.279957509951946,5.559526840731552
26.103448275862068,10.86206924137931,0.4444444444444444,4.437080366476948,3.2630252684977865,5.545151048617453
26.103448275862068,10.86206924137931,0.5555555555555556,4.384238085774146,3.2469882561651424,5.530634609952579
26.103448275862068,10.86206924137931,0.6666666666666666,4.333946454779628,3.2317404760097745,5.516079050606807
26.103448275862068,10.86206924137931,0.7777777777777777,4.2858908150697115,3.217192986259215,5.501555956648539
26.103448275862068,10.86206924137931,0.8888888888888888,4.239810393928482,3.2032705806219206,5.487115873482261
26.103448275862068,10.86206924137931,1.0,4.195486634088447,3.1899091989792376,5.4727943641538745
26.103448275862068,11.379310586206897,0.0,4.683216399800669,3.349255181214873,5.586941353710817
26.103448275862068,11.379310586206897,0.1111111111111111,4.617898376849243,3.3298793946464307,5.574767300906418
26.103448275862068,11.379310586206897,0.2222222222222222,4.556973011559012,3.3117208355057324,5.56185568135056
26.103448275862068,11.379310586206897,0.3333333333333333,4.499767121557457,3.294620230235639,5.548474460314823
26.103448275862068,11.379310586206897,0.4444444444444444,4.445747482497669,3.2784453638589173,5.534811090839923
26.103448275862068,11.379310586206897,0.5555555555555556,4.394485621962398,3.2630859055597026,5.520998141346469
26.103448275862068,11.379310586206897,0.6666666666666666,4.345632568567914,3.248449192137445,5.507130149814089
26.103448275862068,11.379310586206897,0.7777777777777777,4.298900541457113,3.2344568653524175,5.493274899307875
26.103448275862068,11.379310586206897,0.8888888888888888,4.254049500702476,3.2210422102252316,5.479481090707389
26.103448275862068,11.379310586206897,1.0,4.210877134706552,3.208148049062023,5.465783649023074
26.103448275862068,11.896551931034482,0.0,4.683216399800669,3.3600232859396844,5.574687555810425
26.103448275862068,11.896551931034482,0.1111111111111111,4.620355643524746,3.3416566738219817,5.563078678130705
26.103448275862068,11.896551931034482,0.2222222222222222,4.561549262568965,3.3243814244071563,5.550787082547237
26.103448275862068,11.896551931034482,0.3333333333333333,4.506201622941882,3.308061456322146,5.538050088724616
26.103448275862068,11.896551931034482,0.4444444444444444,4.453835858239196,3.292582668643433,5.525036567617839
26.103448275862068,11.896551931034482,0.5555555555555556,4.404065211586738,3.277848981534609,5.511867864642915
26.103448275862068,11.896551931034482,0.6666666666666666,4.356572142903429,3.2637790454426883,5.498631846669243
26.103448275862068,11.896551931034482,0.7777777777777777,4.311092954801594,3.2503035705616643,5.485392473520119
26.103448275862068,11.896551931034482,0.8888888888888888,4.267406351607447,3.2373631803981824,5.472196418765125
26.103448275862068,11.896551931034482,1.0,4.225324823059814,3.2249066905267276,5.459077716533822
26.103448275862068,12.413793275862067,0.0,4.68321639980067,3.3699556773868222,5.563176810442894
26.103448275862068,12.413793275862067,0.1111111111111111,4.622636946356286,3.3525026747444113,5.55208101064512
26.103448275862068,12.413793275862067,0.2222222222222222,4.565810517225108,3.336032641633371,5.540352859508349
26.103448275862068,12.413793275862067,0.3333333333333333,4.512207774460361,3.320428580437208,5.528203118716749
26.103448275862068,12.413793275862067,0.4444444444444444,4.4614007527985065,3.305591493964425,5.515784120308198
26.103448275862068,12.413793275862067,0.5555555555555556,4.413039363137964,3.2914373259912555,5.503206936542371
26.103448275862068,12.413793275862067,0.6666666666666666,4.3668340056529935,3.2778943722971143,5.4905531284487115
26.103448275862068,12.413793275862067,0.7777777777777777,4.322542601261995,3.2649011456443096,5.477882888749046
26.103448275862068,12.413793275862067,0.8888888888888888,4.279960822960142,3.252404635149284,5.465240761329369
26.103448275862068,12.413793275862067,1.0,4.238914658767091,3.24035889275302,5.452659711330017
26.103448275862068,12.931034620689655,0.0,4.68321639980067,3.379147161622451,5.552342989597553
26.103448275862068,12.931034620689655,0.1111111111111111,4.624760321722859,3.3625247946805055,5.54171495641165
26.103448275862068,12.931034620689655,0.2222222222222222,4.569787750021831,3.346791501614913,5.530500755452729
26.103448275862068,12.931034620689655,0.3333333333333333,4.517826324418302,3.3318461033603777,5.518888072954756
26.103448275862068,12.931034620689655,0.4444444444444444,4.46849068425903,3.3176022742721885,5.507014520901102
26.103448275862068,12.931034620689655,0.5555555555555556,4.421463072261095,3.3039861558633152,5.49498179685998
26.103448275862068,12.931034620689655,0.6666666666666666,4.3764787848841324,3.290934304262979,5.482865544817786
26.103448275862068,12.931034620689655,0.7777777777777777,4.333315183673107,3.2783919723167063,5.470722298940498
26.103448275862068,12.931034620689655,0.8888888888888888,4.291783323878694,3.2663116903383345,5.458594431081076
26.103448275862068,12.931034620689655,1.0,4.251721516048473,3.2546520998581405,5.446513717525533
26.103448275862068,13.44827596551724,0.0,4.68321639980067,3.3876785950283876,5.542127638295971
26.103448275862068,13.44827596551724,0.1111111111111111,4.626741448311662,3.371814404937738,5.5319277478835085
26.103448275862068,13.44827596551724,0.2222222222222222,4.573508056893606,3.356757507362501,5.521184005112921
26.103448275862068,13.44827596551724,0.3333333333333333,4.52309307945967,3.3424199253436244,5.51006399304314
26.103448275862068,13.44827596551724,0.4444444444444444,4.475148419550403,3.3287260262408305,5.498692216862802
26.103448275862068,13.44827596551724,0.5555555555555556,4.4293849153819975,3.315610643895556,5.487161837462549
26.103448275862068,13.44827596551724,0.6666666666666666,4.38556009978991,3.3030174393070433,5.475542976882155
26.103448275862068,13.44827596551724,0.7777777777777777,4.34346884855129,3.290897509720651,5.463888653887528
26.103448275862068,13.44827596551724,0.8888888888888888,4.3029361806588495,3.279208225304856,5.452239070212268
26.103448275862068,13.44827596551724,1.0,4.263811667954035,3.2679122625182275,5.440624738553147
26.103448275862068,13.965517310344827,0.0,4.683216399800669,3.3956193770101195,5.532478886897513
26.103448275862068,13.965517310344827,0.1111111111111111,4.628594016355406,3.3804497484948985,5.5226723120858345
26.103448275862068,13.965517310344827,0.2222222222222222,4.576995236498363,3.3660158202530224,5.512360645832121
26.103448275862068,13.965517310344827,0.3333333333333333,4.528039623292369,3.352240704635666,5.501693910115696
26.103448275862068,13.965517310344827,0.4444444444444444,4.481411795546985,3.339057842063942,5.490784930911565
26.103448275862068,13.965517310344827,0.5555555555555556,4.436847957257214,3.3264095106970304,5.479719106309445
26.103448275862068,13.965517310344827,0.6666666666666666,4.39412554817141,3.314245507803029,5.468561426166663
26.103448275862068,13.965517310344827,0.7777777777777777,4.353055251635578,3.302522016825247,5.4573615584796356
26.103448275862068,13.965517310344827,0.8888888888888888,4.313474780826287,3.291200648906844,5.446157568896123
26.103448275862068,13.965517310344827,1.0,4.275244010542028,3.280247638150072,5.434978666514625
26.103448275862068,14.482758655172413,0.0,4.68321639980067,3.4030294238021286,5.523350544158004
26.103448275862068,14.482758655172413,0.1111111111111111,4.630330030238239,3.3884982285531966,5.513906527117617
26.103448275862068,14.482758655172413,0.2222222222222222,4.580270271164602,3.3746397635949297,5.5039929274480155
26.103448275862068,14.482758655172413,0.3333333333333333,4.532693914659604,3.3613865121038984,5.493744385249119
26.103448275862068,14.482758655172413,0.4444444444444444,4.4873144040262325,3.3486796530828515,5.483263308866501
26.103448275862068,14.482758655172413,0.5555555555555556,4.443890508593062,3.336467868955666,5.47262804312842
26.103448275862068,14.482758655172413,0.6666666666666666,4.40221753035234,3.3247062776411473,5.4618988225037475
26.103448275862068,14.482758655172413,0.7777777777777777,4.3621204458468235,3.3133555043784635,5.451122140731234
26.103448275862068,14.482758655172413,0.8888888888888888,4.323448525006162,3.302380888077654,5.440333984195711
26.103448275862068,14.482758655172413,1.0,4.286071079631151,3.291751808449312,5.429562244876329
26.103448275862068,15.0,0.0,4.68321639980067,3.409960745662328,5.514701336817905
26.103448275862068,15.0,0.1111111111111111,4.631960057962794,3.3960182326931716,5.505592591284813
26.103448275862068,15.0,0.2222222222222222,4.583351726938609,3.3826928180895295,5.496046805279835
26.103448275862068,15.0,0.3333333333333333,4.537080787416849,3.3699249485428697,5.486185109714733
26.103448275862068,15.0,0.4444444444444444,4.492886166077209,3.3576624359191087,5.476100609517178
26.103448275862068,15.0,0.5555555555555556,4.450546761977496,3.345859495826289,5.465865243429456
26.103448275862068,15.0,0.6666666666666666,4.4098739406015905,3.3344758770459024,5.4555348495959795
26.103448275862068,15.0,0.7777777777777777,4.37070562574118,3.323476096836865,5.445152928936236
26.103448275862068,15.0,0.8888888888888888,4.332901623871277,3.3128287805771603,5.43475346105361
26.103448275862068,15.0,1.0,4.296339900743441,3.302506096775123,5.424363027267005
27.810344827586206,1e-06,0.0,4.75174360008074,3.045756293149115,6.674252270697112
27.810344827586206,1e-06,0.1111111111111111,4.365558576316494,3.045756494052727,6.453607740734309
27.810344827586206,1e-06,0.2222222222222222,4.117545560928755,3.0457561985240815,6.311594381055427
27.810344827586206,1e-06,0.3333333333333333,3.9139657643288004,3.0454491489135544,6.1987380942287515
27.810344827586206,1e-06,0.4444444444444444,3.7338765815200565,3.0457566230732995,6.102142474764102
27.810344827586206,1e-06,0.5555555555555556,3.569521281294698,3.045742566417254,6.016150199620641
27.810344827586206,1e-06,0.6666666666666666,3.418283890325341,3.045756625497368,5.937695978259549
27.810344827586206,1e-06,0.7777777777777777,3.280571732951842,3.045756606047886,5.8649036737517095
27.810344827586206,1e-06,0.8888888888888888,,,
27.810344827586206,1e-06,1.0,3.057523719256285,3.0457566068756523,5.73169414387536
27.810344827586206,0.5172423448275862,0.0,4.751743600080741,2.4530918657507153,6.510931620868413
27.810344827586206,0.5172423448275862,0.1111111111111111,4.422025314004173,2.546447524983597,6.351185667635837
27.810344827586206,0.5172423448275862,0.2222222222222222,4.199467344402481,2.5879502250009545,6.234490272485219
27.810344827586206,0.5172423448275862,0.3333333333333333,4.016714653660718,2.6118009549248598,6.1381451141873224
27.810344827586206,0.5172423448275862,0.4444444444444444,3.8557221090469618,2.6270343074114484,6.0542789313061
27.810344827586206,0.5172423448275862,0.5555555555555556,3.7088111532051524,2.637287562121341,5.979044766064527
29.517241379310345,2.5862077241379313,0.2222222222222222,4.4338966058855425,2.6030665613159134,6.042423102953736
29.517241379310345,2.5862077241379313,0.3333333333333333,4.295306977129824,2.5276961120453008,5.9874763824324875
29.517241379310345,2.5862077241379313,0.4444444444444444,4.173474741720114,2.467545509977257,5.935903129440585
29.517241379310345,2.5862077241379313,0.5555555555555556,4.063228093949742,2.4180881537411363,5.887485100480087
29.517241379310345,2.5862077241379313,0.6666666666666666,3.961504016859386,2.376546181219153,5.841878579304758
29.517241379310345,2.5862077241379313,0.7777777777777777,3.8663253856264914,2.34107583126989,5.79875039301114
29.517241379310345,2.5862077241379313,0.8888888888888888,3.7763372688803485,2.310384933997507,5.7578080690431825
29.517241379310345,2.5862077241379313,1.0,3.690570902075802,2.2835315613311913,5.718802035252269
29.517241379310345,3.103449068965517,0.0,4.8152650901881255,2.965734112178795,6.091331550081067
29.517241379310345,3.103449068965517,0.1111111111111111,4.619778366655551,2.8526985303328942,6.045761769654755
29.517241379310345,3.103449068965517,0.2222222222222222,4.46608380566773,2.7690803590085804,5.996648954107554
29.517241379310345,3.103449068965517,0.3333333333333333,4.335912402240706,2.702872627561895,5.948645968275217
29.517241379310345,3.103449068965517,0.4444444444444444,4.220999000731522,2.6482709263093738,5.90278752603928
29.517241379310345,3.103449068965517,0.5555555555555556,4.116851948644556,2.6019825532695013,5.859216911249949
29.517241379310345,3.103449068965517,0.6666666666666666,4.020734928491612,2.561940266272189,5.817823335880775
29.517241379310345,3.103449068965517,0.7777777777777777,3.930845918768386,2.526752918419523,5.778428028825812
29.517241379310345,3.103449068965517,0.8888888888888888,3.845929656976507,2.4954363092132614,5.740844697769102
29.517241379310345,3.103449068965517,1.0,3.7650745509990577,2.4672675831129864,5.704899355023254
29.517241379310345,3.6206904137931035,0.0,4.8152650901881255,3.0564836876329085,6.035178577688343
29.517241379310345,3.6206904137931035,0.1111111111111111,4.637036231601663,2.9633252871831304,5.99750503857386
29.517241379310345,3.6206904137931035,0.2222222222222222,4.493619524773651,2.8915845745143,5.955362262727903
29.517241379310345,3.6206904137931035,0.3333333333333333,4.370951168170021,2.8332479848228536,5.913160878510028
29.517241379310345,3.6206904137931035,0.4444444444444444,4.262162825129357,2.7841231903527426,5.872193824073865
29.517241379310345,3.6206904137931035,0.5555555555555556,4.163360612715043,2.7417258119302277,5.83283188698972
29.517241379310345,3.6206904137931035,0.6666666666666666,4.072107726920361,2.7044533938843034,5.795128018888972
29.517241379310345,3.6206904137931035,0.7777777777777777,3.986768843227194,2.6712079340195873,5.759019162622702
29.517241379310345,3.6206904137931035,0.8888888888888888,3.9061881961941842,2.6412025518313675,5.724402064361384
29.517241379310345,3.6206904137931035,1.0,3.829516019092784,2.613853604369022,5.6911636844456766
29.517241379310345,4.13793175862069,0.0,4.8152650901881255,3.1265691924304617,5.98630175897748
29.517241379310345,4.13793175862069,0.1111111111111111,4.651672854853268,3.0479299359430336,5.954550216608817
29.517241379310345,4.13793175862069,0.2222222222222222,4.51739657976755,2.985410323666317,5.91802253563227
29.517241379310345,4.13793175862069,0.3333333333333333,4.401470190208792,2.933483910903212,5.880684293288136
29.517241379310345,4.13793175862069,0.4444444444444444,4.298170425013997,2.889051849586304,5.843914910226012
29.517241379310345,4.13793175862069,0.5555555555555556,4.204123090661344,2.8501996630407973,5.808218275804396
29.517241379310345,4.13793175862069,0.6666666666666666,4.117161892326568,2.8156582646349113,5.7737584571444955
29.517241379310345,4.13793175862069,0.7777777777777777,4.03580657015467,2.7845412435666836,5.740557181696419
29.517241379310345,4.13793175862069,0.8888888888888888,3.958996632710681,2.756204271885668,5.708575067912891
29.517241379310345,4.13793175862069,1.0,3.8859437563788686,2.730164130989318,5.677747577345936
29.517241379310345,4.655173103448276,0.0,4.8152650901881255,3.1824663984026182,5.943349349809648
29.517241379310345,4.655173103448276,0.1111111111111111,4.664212631621881,3.114792671032567,5.916124392251619
29.517241379310345,4.655173103448276,0.2222222222222222,4.53809960848872,3.0595736733566024,5.884154821235462
29.517241379310345,4.655173103448276,0.3333333333333333,4.428268359009386,3.0128916859231563,5.850909158800815
29.517241379310345,4.655173103448276,0.4444444444444444,4.3299317130953785,2.9724134307650654,5.817752536541534
29.517241379310345,4.655173103448276,0.5555555555555556,4.240163998306517,2.936640769754284,5.785257099485126
29.517241379310345,4.655173103448276,0.6666666666666666,4.157040836547765,2.9045540441765816,5.7536587891456135
29.517241379310345,4.655173103448276,0.7777777777777777,4.079224301921898,2.8754273182432386,5.7230398153836575
29.517241379310345,4.655173103448276,0.8888888888888888,4.005743307064901,2.8487252076453644,5.693409047471391
29.517241379310345,4.655173103448276,1.0,3.935868518855838,2.824041570877082,5.6647400245863055
29.517241379310345,5.1724144482758625,0.0,4.8152650901881255,3.2281822126472233,5.905287893040879
29.517241379310345,5.1724144482758625,0.1111111111111111,4.675055310831499,3.1690270130145537,5.88158419205086
29.517241379310345,5.1724144482758625,0.2222222222222222,4.55626181200272,3.1197062805111444,5.853344556549797
29.517241379310345,5.1724144482758625,0.3333333333333333,4.451967490135739,3.0773752081583217,5.823558356372277
29.517241379310345,5.1724144482758625,0.4444444444444444,4.35815012599335,3.0402487189714447,5.793520883847531
29.517241379310345,5.1724144482758625,0.5555555555555556,4.2722693185103315,3.0071396393358465,5.763829164864883
29.517241379310345,5.1724144482758625,0.6666666666666666,4.192615565945802,2.9772195509315433,5.734762294357938
29.517241379310345,5.1724144482758625,0.7777777777777777,4.117980461863982,2.9498876404264536,5.70644416146959
29.517241379310345,5.1724144482758625,0.8888888888888888,4.047475843329494,2.924694411562719,5.678919326911142
29.517241379310345,5.1724144482758625,1.0,3.9804280406784054,2.9012949466268445,5.652190787734863
29.517241379310345,5.689655793103449,0.0,4.8152650901881255,3.2663290630157658,5.871313428123687
29.517241379310345,5.689655793103449,0.1111111111111111,4.684509368662396,3.2139486941947615,5.8503936808409565
29.517241379310345,5.689655793103449,0.2222222222222222,4.5723039355102575,3.169478605539289,5.8252313867706675
29.517241379310345,5.689655793103449,0.3333333333333333,4.473059511509082,3.1308085558133225,5.798383533016697
29.517241379310345,5.689655793103449,0.4444444444444444,4.383379835749757,3.0965532094841968,5.771048131061733
29.517241379310345,5.689655793103449,0.5555555555555556,4.301054528163002,3.0657614335664576,5.743818976141695
29.517241379310345,5.689655793103449,0.6666666666666666,4.2245640434329355,3.037753879641389,5.716997687574996
29.517241379310345,5.689655793103449,0.7777777777777777,4.152817125121209,3.012029054358806,5.690735493070743
29.517241379310345,5.689655793103449,0.8888888888888888,4.085001947475457,2.9882065171712644,5.665102669557604
29.517241379310345,5.689655793103449,1.0,4.020496839648713,2.9659910371907534,5.640124620949319
29.517241379310345,6.206897137931034,0.0,4.8152650901881255,3.2986852497070163,5.840790841562294
29.517241379310345,6.206897137931034,0.1111111111111111,4.692815630157242,3.251800178203132,5.822105297343629
29.517241379310345,6.206897137931034,0.2222222222222222,4.586561803643127,3.2113801236048722,5.799502756427138
29.517241379310345,6.206897137931034,0.3333333333333333,4.491938942831754,3.1758295236767395,5.775163178956457
29.517241379310345,6.206897137931034,0.4444444444444444,4.406064366024761,3.144059135908864,5.750176850679723
29.517241379310345,6.206897137931034,0.5555555555555556,4.327010025580001,3.115299342022989,5.725116871534843
29.517241379310345,6.206897137931034,0.6666666666666666,4.253423767630333,3.0889884456404486,5.700292870545056
29.517241379310345,6.206897137931034,0.7777777777777777,4.184319843379793,3.064704809542111,5.67587263070402
29.517241379310345,6.206897137931034,0.8888888888888888,4.118956333655192,3.042124279121402,5.651944311716796
29.517241379310345,6.206897137931034,1.0,4.056759828945915,3.020992543134942,5.628550012498527
29.517241379310345,6.724138482758621,0.0,4.8152650901881255,3.3265051928524594,5.813211505498547
29.517241379310345,6.724138482758621,0.1111111111111111,4.7001641881213345,3.2841527591329593,5.796343919402095
29.517241379310345,6.724138482758621,0.2222222222222222,4.599306205246358,3.2471584494035377,5.775887753546347
29.517241379310345,6.724138482758621,0.3333333333333333,4.508925899503824,3.214294869508616,5.753700339860115
29.517241379310345,6.724138482758621,0.4444444444444444,4.426563463837941,3.184695204182752,5.730763709919226
29.517241379310345,6.724138482758621,0.5555555555555556,4.35053235822961,3.157730988702169,5.707620098810891
29.517241379310345,6.724138482758621,0.6666666666666666,4.279627642044409,3.1329343252496433,5.684577180904127
29.517241379310345,6.724138482758621,0.7777777777777777,4.212958300090844,3.1099484240674826,5.661811306029366
29.517241379310345,6.724138482758621,0.8888888888888888,4.149846190412177,3.088495479219448,5.639422432778523
29.517241379310345,6.724138482758621,1.0,4.089762495040345,3.068355241979901,5.61746476982572
29.517241379310345,7.241379827586207,0.0,4.8152650901881255,3.350700496084829,5.788163087971092
29.517241379310345,7.241379827586207,0.1111111111111111,4.706706659911476,3.3121407983088087,5.772793780262181
29.517241379310345,7.241379827586207,0.2222222222222222,4.610757513102297,3.2780768766494144,5.754151461161453
29.517241379310345,7.241379827586207,0.3333333333333333,4.524282779096704,3.247549693427163,5.733820214816753
29.517241379310345,7.241379827586207,0.4444444444444444,4.445172295507632,3.219861691872442,5.712678772727862
29.517241379310345,7.241379827586207,0.5555555555555556,4.371946271100341,3.1944952783611145,5.691233241881393
29.517241379310345,7.241379827586207,0.6666666666666666,4.303529097350161,3.171057987816467,5.669782717986018
29.517241379310345,7.241379827586207,0.7777777777777777,4.2391146418788015,3.1492461219532064,5.648506297842147
29.517241379310345,7.241379827586207,0.8888888888888888,4.17808278938329,3.1288203513316852,5.627511067117291
29.517241379310345,7.241379827586207,1.0,4.119945789129537,3.109589017490503,5.606859695655928
29.517241379310345,7.758621172413793,0.0,4.8152650901881255,3.371950504082126,5.765307642226732
29.517241379310345,7.758621172413793,0.1111111111111111,4.712565165624231,3.336604251681157,5.751187828539276
29.517241379310345,7.758621172413793,0.2222222222222222,4.621096594696657,3.305071694444196,5.734089922922999
29.517241379310345,7.758621172413793,0.3333333333333333,4.5382266106848945,3.276592776343641,5.715367795850935
29.517241379310345,7.758621172413793,0.4444444444444444,4.4621354726755085,3.2506002906136024,5.695804589320077
29.517241379310345,7.758621172413793,0.5555555555555556,4.391520643610738,3.226664532997632,5.675868248387634
29.517241379310345,7.758621172413793,0.6666666666666666,4.325420104919631,3.2044541727361553,5.655845086304177
29.517241379310345,7.758621172413793,0.7777777777777777,4.263103680159319,3.183709285105147,5.635912791250819
29.517241379310345,7.758621172413793,0.8888888888888888,4.204003945794717,3.1642226985102813,5.616182032251291
29.517241379310345,7.758621172413793,1.0,4.147670882505221,3.145826913235743,5.596721062791243
29.517241379310345,8.275862517241379,0.0,4.8152650901881255,3.3907724745159387,5.7443654402279805
29.517241379310345,8.275862517241379,0.1111111111111111,4.717838976011779,3.358178755387927,5.731299114131725
29.517241379310345,8.275862517241379,0.2222222222222222,4.63047306001947,3.328851883461714,5.715525740511519
29.517241379310345,8.275862517241379,0.3333333333333333,4.550938351205741,3.30218167447036,5.698205639549824
29.517241379310345,8.275862517241379,0.4444444444444444,4.477657502858693,3.277702435661784,5.680035192092219
29.517241379310345,8.275862517241379,0.5555555555555556,4.409480249008996,3.2550547338511207,5.6614442151978945
29.517241379310345,8.275862517241379,0.6666666666666666,4.345544366187166,3.2339571369823745,5.642703765889354
29.517241379310345,8.275862517241379,0.7777777777777777,4.285187597818376,3.214186038442547,5.623987232494688
29.517241379310345,8.275862517241379,0.8888888888888888,4.227890303937418,3.1955613012000175,5.6054062168272525
29.517241379310345,8.275862517241379,1.0,4.173237071435411,3.177935955595349,5.5870323078774025
29.517241379310345,8.793103862068964,0.0,4.8152650901881255,3.4075676268610215,5.7251028644359705
29.517241379310345,8.793103862068964,0.1111111111111111,4.7226094867837105,3.3773544767199186,5.712933822549079
29.517241379310345,8.793103862068964,0.2222222222222222,4.639011566946758,3.349964378599276,5.698304271433566
29.517241379310345,8.793103862068964,0.3333333333333333,4.5625699864090805,3.324901666532809,5.682211817829399
29.517241379310345,8.793103862068964,0.4444444444444444,4.491910709030282,3.301780537475913,5.6652750728514185
29.517241379310345,8.793103862068964,0.5555555555555556,4.426014590210245,3.2802981977730643,5.647887032569551
29.517241379310345,8.793103862068964,0.6666666666666666,4.364107151434283,3.260214213400642,5.630302242248551
29.517241379310345,8.793103862068964,0.7777777777777777,4.305586857600359,3.2413352835079774,5.612687850221337
29.517241379310345,8.793103862068964,0.8888888888888888,4.2499773651141854,3.223504117642925,5.595154441911749
29.517241379310345,8.793103862068964,1.0,4.196894961392783,3.20659127896732,5.577775203630406
29.517241379310345,9.310345206896551,0.0,4.8152650901881255,3.422652247460565,5.707323214591776
29.517241379310345,9.310345206896551,0.1111111111111111,4.7269439785058,3.3945156824610234,5.695925636725778
29.517241379310345,9.310345206896551,0.2222222222222222,4.646816690565444,3.36883802309135,5.682290371879766
29.517241379310345,9.310345206896551,0.3333333333333333,4.573250023893873,3.3452122739926193,5.667278066713666
29.517241379310345,9.310345206896551,0.4444444444444444,4.505041320549908,3.3233161253587595,5.6514381873448825
29.517241379310345,9.310345206896551,0.5555555555555556,4.441284646118928,3.3028927856592083,5.635128952386292
29.517241379310345,9.310345206896551,0.6666666666666666,4.381282762160119,3.2837357162504843,5.618587982344363
29.517241379310345,9.310345206896551,0.7777777777777777,4.324488430491341,3.2656770403248365,5.6019749536030305
29.517241379310345,9.310345206896551,0.8888888888888888,4.270464521361827,3.248578867233458,5.585398032571584
29.517241379310345,9.310345206896551,1.0,4.218856336794039,3.2323267997525376,5.56893067511259
29.517241379310345,9.827586551724137,0.0,4.8152650901881255,3.436279238092779,5.690859640244936
29.517241379310345,9.827586551724137,0.1111111111111111,4.7308984863914745,3.4099680220685262,5.68013116244639
29.517241379310345,9.827586551724137,0.2222222222222222,4.653976718254268,3.385813920340407,5.66736562059187
29.517241379310345,9.827586551724137,0.3333333333333333,4.583087789789925,3.3634794375754327,5.653308134583832
29.517241379310345,9.827586551724137,0.4444444444444444,4.517174218837597,3.3426931947721563,5.638447013896781
29.517241379310345,9.827586551724137,0.5555555555555556,4.455428096158847,3.3232360344629286,5.623108122976193
29.517241379310345,9.827586551724137,0.6666666666666666,4.3972202757197625,3.3049296073181433,5.6075123138167555
29.517241379310345,9.827586551724137,0.7777777777777777,4.342052097342074,3.2876274726744144,5.591811080363036
29.517241379310345,9.827586551724137,0.8888888888888888,4.28952194445989,3.271208286226766,5.576109190041327
29.517241379310345,9.827586551724137,1.0,4.23930166211098,3.255570604094552,5.560479368748615
29.517241379310345,10.344827896551724,0.0,4.8152650901881255,3.4486533799350845,5.675569645156649
29.517241379310345,10.344827896551724,0.1111111111111111,4.734520011244643,3.4239577633275213,5.665426204476259
29.517241379310345,10.344827896551724,0.2222222222222222,4.6605666327211175,3.4011668603617498,5.653425959519085
29.517241379310345,10.344827896551724,0.3333333333333333,4.592176822938226,3.3799982672552527,5.6402163210470695
29.517241379310345,10.344827896551724,0.4444444444444444,4.528416677519854,3.360221815809897,5.626231680314901
29.517241379310345,10.344827896551724,0.5555555555555556,4.46856341763022,3.341649349439235,5.611768117872617
29.517241379310345,10.344827896551724,0.6666666666666666,4.412048026866516,3.3241260950624625,5.597030245760104
29.517241379310345,10.344827896551724,0.7777777777777777,4.358415341367864,3.3075237722478597,5.582161044007558
29.517241379310345,10.344827896551724,0.8888888888888888,4.3072959125879855,3.291735208395183,5.567261225351973
29.517241379310345,10.344827896551724,1.0,4.258385862218174,3.276670158236742,5.552402047163267
29.517241379310345,10.86206924137931,0.0,4.8152650901881255,3.4599423611549436,5.661330768961132
29.517241379310345,10.86206924137931,0.1111111111111111,4.7378482380625995,3.4366856249395896,5.651702723416447
29.517241379310345,10.86206924137931,0.2222222222222222,4.666650475348746,3.4151207446686853,5.640379691323186
29.517241379310345,10.86206924137931,0.3333333333333333,4.600597580027685,3.395009444334675,5.627926192187424
29.517241379310345,10.86206924137931,0.4444444444444444,4.5388613403088,3.3761551756090546,5.614729165004346
29.517241379310345,10.86206924137931,0.5555555555555556,4.480793135452783,3.358395486514953,5.601057475746724
29.517241379310345,10.86206924137931,0.6666666666666666,4.425877145963731,3.341595428494712,5.587100256826744
29.517241379310345,10.86206924137931,0.7777777777777777,4.3736971938841,3.325642176330709,5.572991913993983
29.517241379310345,10.86206924137931,0.8888888888888888,4.323912981087348,3.3104407435551897,5.55882869622238
29.517241379310345,10.86206924137931,1.0,4.27624283343245,3.295910600905023,5.54467985999879
29.517241379310345,11.379310586206897,0.0,4.8152650901881255,3.4702848852808588,5.6480371609788715
29.517241379310345,11.379310586206897,0.1111111111111111,4.740916883327338,3.448316900992891,5.638866338305571
29.517241379310345,11.379310586206897,0.2222222222222222,4.672283232496261,3.427859886624014,5.628145780050031
29.517241379310345,11.379310586206897,0.3333333333333333,4.608419608969257,3.408711254990112,5.616369455475031
29.517241379310345,11.379310586206897,0.4444444444444444,4.548588613732395,3.3907020970289046,5.603882572999513
29.517241379310345,11.379310586206897,0.5555555555555556,4.49220642578826,3.3736914071636077,5.590929261925322
29.517241379310345,11.379310586206897,0.6666666666666666,4.438804382682139,3.3575609927633883,5.577684067964013
29.517241379310345,11.379310586206897,0.7777777777777777,4.38800129129096,3.342211239279846,5.5642729521448935
29.517241379310345,11.379310586206897,0.8888888888888888,4.339483285777117,3.3275576788106744,5.550787476349189
29.517241379310345,11.379310586206897,1.0,4.292989004962327,3.313528240229956,5.537294525739598
29.517241379310345,11.896551931034482,0.0,4.8152650901881255,3.479796727969035,5.635596837517293
29.517241379310345,11.896551931034482,0.1111111111111111,4.7437547597736875,3.458988989965106,5.626834268013418
29.517241379310345,11.896551931034482,0.2222222222222222,4.677512351581059,3.439537421274791,5.616652408111076
29.517241379310345,11.896551931034482,0.3333333333333333,4.615703307943607,3.4212685581165956,5.605484977083777
29.517241379310345,11.896551931034482,0.4444444444444444,4.557668605618393,3.4040363793714277,5.593640484426544
29.517241379310345,11.896551931034482,0.5555555555555556,4.5028812210631,3.3877178795349976,5.581340657329408
29.517241379310345,11.896551931034482,0.6666666666666666,4.450914381523672,3.3722090983331285,5.5687464113075995
29.517241379310345,11.896551931034482,0.7777777777777777,4.4014183299263285,3.357421760769701,5.555975521510298
29.517241379310345,11.896551931034482,0.8888888888888888,4.354103186717718,3.3432805112228365,5.543114777641981
29.517241379310345,11.896551931034482,1.0,4.308726180637333,3.329720665438348,5.530228449366275
29.517241379310345,12.413793275862067,0.0,4.8152650901881255,3.4885753261322736,5.623929468101268
29.517241379310345,12.413793275862067,0.1111111111111111,4.746386624359459,3.4688170745341047,5.615533626670712
29.517241379310345,12.413793275862067,0.2222222222222222,4.6823789676571,3.4502816535023166,5.6058357493513675
29.517241379310345,12.413793275862067,0.3333333333333333,4.622501358810024,3.4328195635955843,5.595217924919925
29.517241379310345,12.413793275862067,0.4444444444444444,4.566162707376762,3.416303867031512,5.583956371064687
29.517241379310345,12.413793275862067,0.5555555555555556,4.512885925946667,3.4006267513240647,5.572252577614969
29.517241379310345,12.413793275862067,0.6666666666666666,4.462281531859772,3.385696402423006,5.560254802769968
29.517241379310345,12.413793275862067,0.7777777777777777,4.4140280557326825,3.3714343180939657,5.548072978961982
29.517241379310345,12.413793275862067,0.8888888888888888,4.367857404414122,3.3577730644033603,5.535789140021916
29.517241379310345,12.413793275862067,1.0,4.32354382853317,3.344654428366576,5.523464793643041
29.517241379310345,12.931034620689655,0.0,4.8152650901881255,3.496703300210538,5.6129645748728105
29.517241379310345,12.931034620689655,0.1111111111111111,4.748833858516051,3.4778984625538834,5.604900005868827
29.517241379310345,12.931034620689655,0.2222222222222222,4.686918901984497,3.4602009120407637,5.595638924049631
29.517241379310345,12.931034620689655,0.3333333333333333,4.628859902547413,3.4434810216461287,5.585519021821055
29.517241379310345,12.931034620689655,0.4444444444444444,4.574124894430985,3.4276278674941243,5.574788075745941
29.517241379310345,12.931034620689655,0.5555555555555556,4.522280826706898,3.4125465299191844,5.563629323290058
29.517241379310345,12.931034620689655,0.6666666666666666,4.472971484186032,3.398155607813888,5.552179323107406
29.517241379310345,12.931034620689655,0.7777777777777777,4.425900890582623,3.384385054156644,5.540540559360784
29.517241379310345,12.931034620689655,0.8888888888888888,4.380820761067627,3.3711743449451324,5.528790399247904
29.517241379310345,12.931034620689655,1.0,4.337520942328645,3.3584709532650976,5.516987516936365
29.517241379310345,13.44827596551724,0.0,4.8152650901881255,3.5042511895401214,5.602640057555742
29.517241379310345,13.44827596551724,0.1111111111111111,4.7511150176367725,3.486315944424498,5.594876290109668
29.517241379310345,13.44827596551724,0.2222222222222222,4.69116347980519,3.4693873048782025,5.5860111070550005
29.517241379310345,13.44827596551724,0.3333333333333333,4.634819508843159,3.4533522423525533,5.576343894822179
29.517241379310345,13.44827596551724,0.4444444444444444,4.581602801746998,3.4381133529469547,5.566097348946679
29.517241379310345,13.44827596551724,0.5555555555555556,4.531119256688932,3.4235867139519436,5.555438260293519
29.517241379310345,13.44827596551724,0.6666666666666666,4.483042401977211,3.409699890136819,5.5444924103442546
29.517241379310345,13.44827596551724,0.7777777777777777,4.437099271943439,3.3963901771595686,5.533355256706734
29.517241379310345,13.44827596551724,0.8888888888888888,4.393059611339613,3.3836030980728027,5.522099640286951
29.517241379310345,13.44827596551724,1.0,4.350727567010301,3.3712911364973235,5.510781386981742
29.517241379310345,13.965517310344827,0.0,4.8152650901881255,3.511279599549848,5.5929009770461775
29.517241379310345,13.965517310344827,0.1111111111111111,4.75324627785856,3.494140418115585,5.585411662787832
29.517241379310345,13.965517310344827,0.2222222222222222,4.695140203840089,3.4779196561006915,5.576906764891664
29.517241379310345,13.965517310344827,0.3333333333333333,4.640415980306644,3.4625182424879077,5.567652507907858
29.517241379310345,13.965517310344827,0.4444444444444444,4.588638618575139,3.447850253344752,5.5578494369665075
29.517241379310345,13.965517310344827,0.5555555555555556,4.539448566200973,3.4338411916003255,5.5476495297256765
27.810344827586206,12.413793275862067,0.0,4.75174360008074,3.431119377860257,5.595758412064713
27.810344827586206,12.413793275862067,0.1111111111111111,4.687015666997229,3.4125183972281268,5.585906389892936
27.810344827586206,12.413793275862067,0.2222222222222222,4.62659003294758,3.395017633211147,5.575109704437906
27.810344827586206,12.413793275862067,0.3333333333333333,4.569834974483788,3.378484414958861,5.5636590173447065
27.810344827586206,12.413793275862067,0.4444444444444444,4.516243337706163,3.36280622998234,5.5517643569470145
27.810344827586206,12.413793275862067,0.5555555555555556,4.465403207675134,3.347887505681234,5.539578914307209
27.810344827586206,12.413793275862067,0.6666666666666666,4.416976211710041,3.3336467707796764,5.527215352516128
27.810344827586206,12.413793275862067,0.7777777777777777,4.370681385102244,3.320014259433722,5.514757092508382
27.810344827586206,12.413793275862067,0.8888888888888888,4.326283073624214,3.3069299312031704,5.502266213648656
27.810344827586206,12.413793275862067,1.0,4.283581773782285,3.294341850311653,5.489789052497343
27.810344827586206,12.931034620689655,0.0,4.75174360008074,3.4397595664962273,5.584835434234806
27.810344827586206,12.931034620689655,0.1111111111111111,4.689300457899321,3.4220514231123764,5.575390533842895
27.810344827586206,12.931034620689655,0.2222222222222222,4.6308483340952735,3.405338778834751,5.565074281215798
27.810344827586206,12.931034620689655,0.3333333333333333,4.57582387394042,3.3895068030242808,5.554144490825567
27.810344827586206,12.931034620689655,0.4444444444444444,4.523770565114462,3.374457317383341,5.5427901908572705
27.810344827586206,12.931034620689655,0.5555555555555556,4.474314538499507,3.36010628623101,5.5311511319757685
27.810344827586206,12.931034620689655,0.6666666666666666,4.42714642162934,3.346381568315966,5.519331408105952
27.810344827586206,12.931034620689655,0.7777777777777777,4.38200767134488,3.333220990898673,5.507409040531032
27.810344827586206,12.931034620689655,0.8888888888888888,4.338680206016904,3.320570736423858,5.495442788804869
27.810344827586206,12.931034620689655,1.0,4.296978472446927,3.3083840057438216,5.4834770432434645
27.810344827586206,13.44827596551724,0.0,4.751743600080741,3.4477813678632465,5.574543146702473
27.810344827586206,13.44827596551724,0.1111111111111111,4.6914311709148935,3.4308877724191533,5.5654695919016595
27.810344827586206,13.44827596551724,0.2222222222222222,4.634830570417484,3.414898469675228,5.555591191569556
27.810344827586206,13.44827596551724,0.3333333333333333,4.58143743406629,3.3997135163591903,5.545137290657182
27.810344827586206,13.44827596551724,0.4444444444444444,4.53083951956251,3.3852468285938055,5.534278316367948
27.810344827586206,13.44827596551724,0.5555555555555556,4.482696607576832,3.37142420517922,5.523141852456498
27.810344827586206,13.44827596551724,0.6666666666666666,4.436725241364001,3.3581815324682847,5.511824056143563
27.810344827586206,13.44827596551724,0.7777777777777777,4.392687097624223,3.345463225812495,5.5003978174770936
27.810344827586206,13.44827596551724,0.8888888888888888,4.3503800689949585,3.333220907615393,5.488918640017503
27.810344827586206,13.44827596551724,1.0,4.3096313731375915,3.3214122994989412,5.477428919420893
27.810344827586206,13.965517310344827,0.0,4.75174360008074,3.4552495866832564,5.564828051872576
27.810344827586206,13.965517310344827,0.1111111111111111,4.693422725049676,3.4391018435131957,5.556094611900031
27.810344827586206,13.965517310344827,0.2222222222222222,4.638562379141114,3.4237785458241308,5.546616712741028
27.810344827586206,13.965517310344827,0.3333333333333333,4.586709340916594,3.4091922557291947,5.536598948561938
27.810344827586206,13.965517310344827,0.4444444444444444,4.537490214096389,3.3952671513764905,5.526195251409373
27.810344827586206,13.965517310344827,0.5555555555555556,4.490594628073887,3.381937455131413,5.51552219984439
27.810344827586206,13.965517310344827,0.6666666666666666,4.445762337457044,3.369145988993022,5.504668623030922
27.810344827586206,13.965517310344827,0.7777777777777777,4.4027732845389025,3.35684290505555,5.493702564956179
27.810344827586206,13.965517310344827,0.8888888888888888,4.361439902015042,3.344984596416531,5.482676370527416
27.810344827586206,13.965517310344827,1.0,4.321601109920747,3.3335327747539036,5.471630430871061
27.810344827586206,14.482758655172413,0.0,4.751743600080741,3.4622201990551527,5.5556425752587755
27.810344827586206,14.482758655172413,0.1111111111111111,4.695288192135739,3.446757729270832,5.547221844113745
27.810344827586206,14.482758655172413,0.2222222222222222,4.642066359228865,3.432049466917926,5.53811154079113
27.810344827586206,14.482758655172413,0.3333333333333333,4.5916694209896125,3.418018543651753,5.528494676728564
27.810344827586206,14.482758655172413,0.4444444444444444,4.543758190702565,3.404597891149794,5.518510536334731
27.810344827586206,14.482758655172413,0.5555555555555556,4.49804885001162,3.3917289798743586,5.50826574722263
27.810344827586206,14.482758655172413,0.6666666666666666,4.454301988875599,3.3793606478008638,5.497842387929842
27.810344827586206,14.482758655172413,0.7777777777777777,4.4123140781959025,3.36744805981269,5.48730394745485
27.810344827586206,14.482758655172413,0.8888888888888888,4.3719108028121205,3.35595180561079,5.476699732026462
27.810344827586206,14.482758655172413,1.0,4.3329418168640625,3.3448371281727183,5.466068147233254
27.810344827586206,15.0,0.0,4.75174360008074,3.468741816960219,5.546944263347025
27.810344827586206,15.0,0.1111111111111111,4.697039071462918,3.453910951307766,5.538812072469386
27.810344827586206,15.0,0.2222222222222222,4.645362503036123,3.4397722308859664,5.5300402570473235
27.810344827586206,15.0,0.3333333333333333,4.596344171985273,3.4262577725743744,5.520792952624085
27.810344827586206,15.0,0.4444444444444444,4.549675122082691,3.4133080123557966,5.511196417050809
27.810344827586206,15.0,0.5555555555555556,4.505095219900714,3.400870684526893,5.501348280150159
27.810344827586206,15.0,0.6666666666666666,4.462383798816623,3.3888998651620823,5.4913244119615285
27.810344827586206,15.0,0.7777777777777777,4.421352312276934,3.377355113955874,5.48118403580658
27.810344827586206,15.0,0.8888888888888888,4.381838539695378,3.3662007231396904,5.470973553590355
27.810344827586206,15.0,1.0,4.343701991466863,3.355405069254592,5.460729425596196
29.517241379310345,1e-06,0.0,4.8152650901881255,3.0457561771910515,6.753565251801015
29.517241379310345,1e-06,0.1111111111111111,4.397554901420809,3.045756423422728,6.511460042563854
29.517241379310345,1e-06,0.2222222222222222,4.140395682239956,3.0457565158380926,6.36213105990679
29.517241379310345,1e-06,0.3333333333333333,3.9315819192388015,3.0457565566700024,6.244922130400087
29.517241379310345,1e-06,0.4444444444444444,3.748064169293101,3.0457565780082096,6.145263774515449
29.517241379310345,1e-06,0.5555555555555556,3.5815504521611197,3.045756588327029,6.056929850783899
29.517241379310345,1e-06,0.6666666666666666,3.429341767319608,3.0456766246873794,5.976595895844703
29.517241379310345,1e-06,0.7777777777777777,3.291938331288976,3.045756588890525,5.9022468176233325
29.517241379310345,1e-06,0.8888888888888888,3.1720463018964336,3.045756582205954,5.8325548378075895
29.517241379310345,1e-06,1.0,3.0735785466844656,3.0457565719273307,5.766591196657176
29.517241379310345,0.5172423448275862,0.0,4.8152650901881255,2.3865409944081764,6.575819056508233
29.517241379310345,0.5172423448275862,0.1111111111111111,4.458732142615915,2.5067607785572994,6.405483334567702
29.517241379310345,0.5172423448275862,0.2222222222222222,4.2269267197103595,2.557494423701612,6.283548424451771
29.517241379310345,0.5172423448275862,0.3333333333333333,4.038764928586145,2.5859533222092823,6.183766631168132
29.517241379310345,0.5172423448275862,0.4444444444444444,3.8740814605218503,2.6039082778032077,6.097376334730722
29.517241379310345,0.5172423448275862,0.5555555555555556,3.724520183449432,2.6159257303456394,6.020173090367911
29.517241379310345,0.5172423448275862,0.6666666666666666,3.5859910450459753,2.624217110754922,5.949760228252842
29.517241379310345,0.5172423448275862,0.7777777777777777,3.456485322448294,2.6300088788763767,5.884621202715157
29.517241379310345,0.5172423448275862,0.8888888888888888,3.335259885718007,2.634047074089981,5.823725588743502
29.517241379310345,0.5172423448275862,1.0,3.2224807290759494,2.6368169487243756,5.766335782103601
29.517241379310345,1.0344836896551723,0.0,4.8152650901881255,2.0994471177986656,6.4367904027860305
29.517241379310345,1.0344836896551723,0.1111111111111111,4.506298618911378,2.0468854285800755,6.313097432219883
29.517241379310345,1.0344836896551723,0.2222222222222222,4.295189183405315,2.087824761727653,6.2130926720921815
29.517241379310345,1.0344836896551723,0.3333333333333333,4.1229987300685345,2.128465211216284,6.127775525580867
29.517241379310345,1.0344836896551723,0.4444444444444444,3.9725811880655404,2.1610960062405336,6.052382127736616
29.517241379310345,1.0344836896551723,0.5555555555555556,3.836318292733849,2.1867583876940095,5.984231985412986
29.517241379310345,1.0344836896551723,0.6666666666666666,3.710153266288504,2.207137247887111,5.921657225051817
29.517241379310345,1.0344836896551723,0.7777777777777777,3.5917277283785256,2.223576425857882,5.863540014207635
29.517241379310345,1.0344836896551723,0.8888888888888888,3.479641338704231,2.237054148943968,5.809088605000925
29.517241379310345,1.0344836896551723,1.0,3.373115721520512,2.2482751915251318,5.757717875413924
29.517241379310345,1.5517250344827584,0.0,4.8152650901881255,2.4073072390936407,6.32509098387905
29.517241379310345,1.5517250344827584,0.1111111111111111,4.543997183455668,2.1888274698348837,6.2325157194947325
29.517241379310345,1.5517250344827584,0.2222222222222222,4.3503924786949435,2.0867246863074156,6.149937392956845
29.517241379310345,1.5517250344827584,0.3333333333333333,4.191229480902377,2.036179848515858,6.0766512449537915
29.517241379310345,1.5517250344827584,0.4444444444444444,4.052118620662478,2.0117856447149007,6.010523629129877
29.517241379310345,1.5517250344827584,0.5555555555555556,3.926297171181087,2.001301184179676,5.949993448765274
29.517241379310345,1.5517250344827584,0.6666666666666666,3.8100050443550058,1.9984029856767085,5.893961712462796
29.517241379310345,1.5517250344827584,0.7777777777777777,3.700937906583954,1.9996923264617277,5.841634902380465
29.517241379310345,1.5517250344827584,0.8888888888888888,3.5976023404774833,2.0032869912656888,5.792421762387809
29.517241379310345,1.5517250344827584,1.0,3.499008597450399,2.0081195505642735,5.745868883414256
29.517241379310345,2.068966379310345,0.0,4.8152650901881255,2.6685703566423022,6.233335953414762
29.517241379310345,2.068966379310345,0.1111111111111111,4.574369865458533,2.487315600072453,6.1620651233448935
29.517241379310345,2.068966379310345,0.2222222222222222,4.395871338491289,2.371695944047573,6.093293687253388
29.517241379310345,2.068966379310345,0.3333333333333333,4.247728783131138,2.290291382932188,6.030016309811022
29.517241379310345,2.068966379310345,0.4444444444444444,4.117951065729967,2.230211741500604,5.971749531078816
29.517241379310345,2.068966379310345,0.5555555555555556,4.000605050711836,2.1846056740503332,5.91772820315067
29.517241379310345,2.068966379310345,0.6666666666666666,3.8922803659160157,2.1493115685040354,5.867286712230506
29.517241379310345,2.068966379310345,0.7777777777777777,3.790824739425286,2.1215966497551557,5.819890064398188
29.517241379310345,2.068966379310345,0.8888888888888888,3.6947938288174735,2.099576047380895,5.775112208203772
29.517241379310345,2.068966379310345,1.0,3.6031796472462143,2.081906078413766,5.732611113352297
29.517241379310345,2.5862077241379313,0.0,4.8152650901881255,2.8431898676142158,6.156563940025261
29.517241379310345,2.5862077241379313,0.1111111111111111,4.599202454296745,2.701975710340943,6.100247068711899
31.224137931034484,4.13793175862069,0.8888888888888888,3.9814008028636065,2.814985404267994,5.743052174716234
31.224137931034484,4.13793175862069,1.0,3.9068012384822097,2.7880272327993043,5.711902965664279
31.224137931034484,4.655173103448276,0.0,4.874461749540907,3.255910269598993,5.971410508021909
31.224137931034484,4.655173103448276,0.1111111111111111,4.713190506083726,3.183979843469237,5.948336178640845
31.224137931034484,4.655173103448276,0.2222222222222222,4.580250744877101,3.125666587838829,5.918099706484936
31.224137931034484,4.655173103448276,0.3333333333333333,4.4654649329015585,3.0766236836309755,5.885559825868024
31.224137931034484,4.655173103448276,0.4444444444444444,4.363321140930443,3.034272506220808,5.852622601450577
31.224137931034484,4.655173103448276,0.5555555555555556,4.270507331237296,2.99696845905844,5.820101159959784
31.224137931034484,4.655173103448276,0.6666666666666666,4.184873929039532,2.9635993159829677,5.788349687266844
31.224137931034484,4.655173103448276,0.7777777777777777,4.104942318254345,2.9333776022863454,5.757512543521287
31.224137931034484,4.655173103448276,0.8888888888888888,4.029648595071193,2.9057252706153043,5.727632880659953
31.224137931034484,4.655173103448276,1.0,3.95819947920464,2.880205565678834,5.69870376193122
31.224137931034484,5.1724144482758625,0.0,4.874461749540907,3.29861558625472,5.932520903796485
31.224137931034484,5.1724144482758625,0.1111111111111111,4.724894205751164,3.2357681171988193,5.912769199113221
31.224137931034484,5.1724144482758625,0.2222222222222222,4.599613143578658,3.1836722926777528,5.886363085421366
31.224137931034484,5.1724144482758625,0.3333333333333333,4.490506308542223,3.139178976068452,5.8574309782021645
31.224137931034484,5.1724144482758625,0.4444444444444444,4.392939668101588,3.10031455399689,5.827752446463779
31.224137931034484,5.1724144482758625,0.5555555555555556,4.304031148820901,3.0657730014101774,5.798154242080933
31.224137931034484,5.1724144482758625,0.6666666666666666,4.221865660223048,3.0346478519023385,5.76903386341109
31.224137931034484,5.1724144482758625,0.7777777777777777,4.145103386299003,3.0062849318896485,5.7405801292234635
31.224137931034484,5.1724144482758625,0.8888888888888888,4.0727679718582355,2.9801969562451927,5.712874881385274
31.224137931034484,5.1724144482758625,1.0,4.004124164942515,2.956011434526281,5.685943247198377
31.224137931034484,5.689655793103449,0.0,4.874461749540908,3.334288400090564,5.89790220027006
31.224137931034484,5.689655793103449,0.1111111111111111,4.735086652086436,3.278659011618184,5.880714412153829
31.224137931034484,5.689655793103449,0.2222222222222222,4.616714070163111,3.231678934147307,5.857432400545283
31.224137931034484,5.689655793103449,0.3333333333333333,4.512803447162951,3.1910158710146423,5.831545893686622
31.224137931034484,5.689655793103449,0.4444444444444444,4.419440955200391,3.155137693052623,5.8046808535046654
31.224137931034484,5.689655793103449,0.5555555555555556,4.334114749796611,3.122996264820679,5.777645646202552
31.224137931034484,5.689655793103449,0.6666666666666666,4.255118401322864,3.0938463174883157,5.7508573864531325
31.224137931034484,5.689655793103449,0.7777777777777777,4.181238557752024,3.0671401180511793,5.724532998699462
31.224137931034484,5.689655793103449,0.8888888888888888,4.11158007979571,3.042463825124164,5.698781757009299
31.224137931034484,5.689655793103449,1.0,4.04546235731773,3.019497451033427,5.673652977681705
31.224137931034484,6.206897137931034,0.0,4.874461749540907,3.36457478208913,5.866875704420162
31.224137931034484,6.206897137931034,0.1111111111111111,4.7440312425896725,3.314796772148245,5.851697253247286
31.224137931034484,6.206897137931034,0.2222222222222222,4.631910482767702,3.272090400506069,5.830983632342267
31.224137931034484,6.206897137931034,0.3333333333333333,4.5327686756795345,3.2346937396813624,5.807679952523762
31.224137931034484,6.206897137931034,0.4444444444444444,4.443283863784594,3.2014016938743026,5.783251529777727
31.224137931034484,6.206897137931034,0.5555555555555556,4.361262238560238,3.171364924699154,5.758469005606799
31.224137931034484,6.206897137931034,0.6666666666666666,4.285182260232878,3.1439658780906976,5.733752552375648
31.224137931034484,6.206897137931034,0.7777777777777777,4.213945190745785,3.118742806022272,5.709334910158855
31.224137931034484,6.206897137931034,0.8888888888888888,4.146730766427916,3.0953420419516444,5.685343924455692
31.224137931034484,6.206897137931034,1.0,4.082909447147006,3.07348707446367,5.661846697519756
31.224137931034484,6.724138482758621,0.0,4.874461749540907,3.3906367717737784,5.838900898884795
31.224137931034484,6.724138482758621,0.1111111111111111,4.75193581845294,3.345682869796777,5.825320136497183
31.224137931034484,6.724138482758621,0.2222222222222222,4.645490737061276,3.30659316785068,5.806734869863599
31.224137931034484,6.724138482758621,0.3333333333333333,4.5507372698070485,3.272012575218349,5.785632120035491
31.224137931034484,6.724138482758621,0.4444444444444444,4.464841265211978,3.2409816002683307,5.763320886731449
31.224137931034484,6.724138482758621,0.5555555555555556,4.385881840943097,3.2128057632765676,5.7405234051575915
31.224137931034484,6.724138482758621,0.6666666666666666,4.312500808179386,3.186969638254629,5.717651681439423
31.224137931034484,6.724138482758621,0.7777777777777777,4.2437028969273936,3.1630815690333907,5.694945197462842
31.224137931034484,6.724138482758621,0.8888888888888888,4.1787365574861255,3.140837654735612,5.672543485699747
31.224137931034484,6.724138482758621,1.0,4.117019728881768,3.1199977422737906,5.650526282467321
31.224137931034484,7.241379827586207,0.0,4.874461749540908,3.4133196585392946,5.813541742522267
31.224137931034484,7.241379827586207,0.1111111111111111,4.758966046019087,3.3724008967582733,5.80124871730756
31.224137931034484,7.241379827586207,0.2222222222222222,4.657689834840528,3.3364061231321296,5.78444101329614
31.224137931034484,7.241379827586207,0.3333333333333333,4.5669845741035155,3.304276119409008,5.7652230510988804
31.224137931034484,7.241379827586207,0.4444444444444444,4.48441963189492,3.275238216658709,5.744757806676207
31.224137931034484,7.241379827586207,0.5555555555555556,4.408308356200586,3.2487197234300758,5.723714206641959
31.224137931034484,7.241379827586207,0.6666666666666666,4.337436617113756,3.2242875424191664,5.7024887891024605
31.224137931034484,7.241379827586207,0.7777777777777777,4.270902285787549,3.2016075842463265,5.681321212847793
31.224137931034484,7.241379827586207,0.8888888888888888,4.2080166546063085,3.180417412309949,5.660357419733326
31.224137931034484,7.241379827586207,1.0,4.148241629850448,3.160507511901756,5.639685677308891
31.224137931034484,7.758621172413793,0.0,4.874461749540907,3.4332540240150884,5.79044240911245
31.224137931034484,7.758621172413793,0.1111111111111111,4.765255247578432,3.3957530809045546,5.779200616831172
31.224137931034484,7.758621172413793,0.2222222222222222,4.668700856885339,3.3624326596952283,5.763888890240828
31.224137931034484,7.758621172413793,0.3333333333333333,4.581738703817272,3.3324525649478005,5.746293064243192
31.224137931034484,7.758621172413793,0.4444444444444444,4.502273364674206,3.3051839510821766,5.727443070180677
31.224137931034484,7.758621172413793,0.5555555555555556,4.428819389032902,3.280150762451783,5.707953377988538
31.224137931034484,7.758621172413793,0.6666666666666666,4.360289572842022,3.2569867555596996,5.688200594132805
31.224137931034484,7.758621172413793,0.7777777777777777,4.295865466701832,3.2354054306843443,5.668419921162314
31.224137931034484,7.758621172413793,0.8888888888888888,4.234915686790969,3.215179114773529,5.64875972363553
31.224137931034484,7.758621172413793,1.0,4.176942732989672,3.1961242717353873,5.629313567103514
31.224137931034484,8.275862517241379,0.0,4.874461749540908,3.4509204982143613,5.769309514655798
31.224137931034484,8.275862517241379,0.1111111111111111,4.770911694139972,3.416346457651897,5.758936240928899
31.224137931034484,8.275862517241379,0.2222222222222222,4.678683641153018,3.385356910461631,5.744892884236391
31.224137931034484,8.275862517241379,0.3333333333333333,4.595190132502348,3.3572764522987746,5.728700126490013
31.224137931034484,8.275862517241379,0.4444444444444444,4.518615480794317,3.3315882148495928,5.711268594502332
31.224137931034484,8.275862517241379,0.5555555555555556,4.447647331795252,3.3078934669262594,5.693159506170416
31.224137931034484,8.275862517241379,0.6666666666666666,4.381310285969383,3.285880621495242,5.674727092804403
31.224137931034484,8.275862517241379,0.7777777777777777,4.318860977362557,3.2653027527901743,5.656198936969123
31.224137931034484,8.275862517241379,0.8888888888888888,4.259720213584549,3.2459614923354376,5.637722865365649
31.224137931034484,8.275862517241379,1.0,4.2034278881181955,3.2276954474090287,5.619395222067692
31.224137931034484,8.793103862068964,0.0,4.874461749540908,3.4666922664822666,5.74989889140463
31.224137931034484,8.793103862068964,0.1111111111111111,4.776024067991931,3.4346491223370244,5.740251330829498
31.224137931034484,8.793103862068964,0.2222222222222222,4.6877714409828855,3.4057066984632027,5.72729109615875
31.224137931034484,8.793103862068964,0.3333333333333333,4.607499035706815,3.3793154427062753,5.712317933191182
31.224137931034484,8.793103862068964,0.4444444444444444,4.533625725311071,3.3550466017081875,5.696136582220499
31.224137931034484,8.793103862068964,0.5555555555555556,4.464988373508042,3.332563812145138,5.679257611846622
31.224137931034484,8.793103862068964,0.6666666666666666,4.400710098683112,3.3116004575668687,5.6620118460649005
31.224137931034484,8.793103862068964,0.7777777777777777,4.340114858805166,3.2919427000444688,5.644617188170137
31.224137931034484,8.793103862068964,0.8888888888888888,4.282670917330333,3.273416995197838,5.627218774193546
31.224137931034484,8.793103862068964,1.0,4.227952554652278,3.2558809116635756,5.60991378798904
31.224137931034484,9.310345206896551,0.0,4.874461749540908,3.4808637979347496,5.732005603772541
31.224137931034484,9.310345206896551,0.1111111111111111,4.780665593535033,3.451028034951455,5.72297092255803
31.224137931034484,9.310345206896551,0.2222222222222222,4.696076082564639,3.423895922934615,5.710942015813126
31.224137931034484,9.310345206896551,0.3333333333333333,4.618800987215548,3.3990153521287554,5.697034128648291
31.224137931034484,9.310345206896551,0.4444444444444444,4.547456819878387,3.376027605614937,5.6819586446223544
31.224137931034484,9.310345206896551,0.5555555555555556,4.481009384165766,3.3546470084493527,5.66617884445297
31.224137931034484,9.310345206896551,0.6666666666666666,4.418668677566165,3.334644170736255,5.650002076587643
31.224137931034484,9.310345206896551,0.7777777777777777,4.3598190114450786,3.3158330610923668,5.633635325687178
31.224137931034484,9.310345206896551,0.8888888888888888,4.303971762513344,3.298061258939851,5.61721951428416
31.224137931034484,9.310345206896551,1.0,4.250732793542266,3.2812026370479663,5.60085119603463
31.224137931034484,9.827586551724137,0.0,4.874461749540907,3.493670761601807,5.715456312721553
31.224137931034484,9.827586551724137,0.1111111111111111,4.784897190243717,3.465775080486959,5.706944442387635
31.224137931034484,9.827586551724137,0.2222222222222222,4.7036919948427425,3.4402538278639723,5.69572165952352
31.224137931034484,9.827586551724137,0.3333333333333333,4.629211426190948,3.41673129884852,5.682748688050688
31.224137931034484,9.827586551724137,0.4444444444444444,4.560239340017786,3.3949049720563518,5.668654940740484
31.224137931034484,9.827586551724137,0.5555555555555556,4.4958532514957295,3.374530668841126,5.653860110539138
31.224137931034484,9.827586551724137,0.6666666666666666,4.435339861753422,3.355409994927656,5.638648640948913
31.224137931034484,9.827586551724137,0.7777777777777777,4.378137596391894,3.3373804009253156,5.623215959037994
31.224137931034484,9.827586551724137,0.8888888888888888,4.323796982245938,3.3203075175813326,5.6076977378404305
31.224137931034484,9.827586551724137,1.0,4.271952863436437,3.3040792906891627,5.5921888064038265
29.517241379310345,13.965517310344827,0.6666666666666666,4.492546002233581,3.420426374147872,5.537168665120929
29.517241379310345,13.965517310344827,0.7777777777777777,4.447678764277075,3.4075494961670856,5.5264957059561635
29.517241379310345,13.965517310344827,0.8888888888888888,4.404633026708909,3.395161389311015,5.515699141632726
29.517241379310345,13.965517310344827,1.0,4.363226058984966,3.3832189647545325,5.504831977515466
29.517241379310345,14.482758655172413,0.0,4.8152650901881255,3.5178409039414573,5.5836985460170245
29.517241379310345,14.482758655172413,0.1111111111111111,4.75524180160141,3.501432962198231,5.576460768485811
29.517241379310345,14.482758655172413,0.2222222222222222,4.6988733119433705,3.4858658254060413,5.568285001599008
29.517241379310345,14.482758655172413,0.3333333333333333,4.645681022988854,3.4710522333765725,5.559408667159358
29.517241379310345,14.482758655172413,0.4444444444444444,4.595269836835746,3.456916062765746,5.550012716296168
29.517241379310345,14.482758655172413,0.5555555555555556,4.547310934331501,3.443390932862134,5.5402357849626656
29.517241379310345,14.482758655172413,0.6666666666666666,4.501528425765167,3.4304188900479353,5.530184669637049
29.517241379310345,14.482758655172413,0.7777777777777777,4.457688987120033,3.417949226380147,5.5199420679605575
29.517241379310345,14.482758655172413,0.8888888888888888,4.415593782560796,3.4059374480216995,5.509572314449772
29.517241379310345,14.482758655172413,1.0,4.375072134163929,3.3943443890983676,5.499125652873037
29.517241379310345,15.0,0.0,4.8152650901881255,3.52398060638023,5.5749892864051835
29.517241379310345,15.0,0.1111111111111111,4.757114038409768,3.50824648810596,5.567983004063975
29.517241379310345,15.0,0.2222222222222222,4.70238424120287,3.49328455682217,5.560108996391462
29.517241379310345,15.0,0.3333333333333333,4.650642808183412,3.4790176056336817,5.551579588601173
29.517241379310345,15.0,0.4444444444444444,4.601529880267642,3.4653779208898,5.542558369141231
29.517241379310345,15.0,0.5555555555555556,4.5547440521251605,3.4523061417191268,5.533171954154424
29.517241379310345,15.0,0.6666666666666666,4.510030969252786,3.4397501786719467,5.523518820259025
29.517241379310345,15.0,0.7777777777777777,4.4671743947750855,3.4276642350541793,5.513675919105936
29.517241379310345,15.0,0.8888888888888888,4.4259891860616705,3.4160079453044125,5.503703639310651
29.517241379310345,15.0,1.0,4.386315745378501,3.4047456284815465,5.493649544325921
31.224137931034484,1e-06,0.0,4.874461749540907,3.045756039525482,6.829827810826937
31.224137931034484,1e-06,0.1111111111111111,4.4245466519568035,3.045756239097093,6.565534985140062
31.224137931034484,1e-06,0.2222222222222222,4.158667732361844,3.0457564733671214,6.409216822185885
31.224137931034484,1e-06,0.3333333333333333,3.944818929251331,3.045580400002968,6.287889561892757
31.224137931034484,1e-06,0.4444444444444444,3.7579595562161217,3.045756549088149,6.185338322788283
31.224137931034484,1e-06,0.5555555555555556,3.5893222046818587,3.0457565462399963,6.0947915952349625
31.224137931034484,1e-06,0.6666666666666666,3.4361644258719926,3.045756556631338,6.012679340644409
31.224137931034484,1e-06,0.7777777777777777,3.299108716673824,3.045675657925649,5.936855633419378
31.224137931034484,1e-06,0.8888888888888888,,,
31.224137931034484,1e-06,1.0,3.0855924052590957,3.045595037832397,5.798878991719882
31.224137931034484,0.5172423448275862,0.0,4.874461749540907,2.314392272231999,6.63617526812229
31.224137931034484,0.5172423448275862,0.1111111111111111,4.490547715401401,2.4650117171913015,6.455966959734094
31.224137931034484,0.5172423448275862,0.2222222222222222,4.2498593019799715,2.526010369301399,6.329133237404549
31.224137931034484,0.5172423448275862,0.3333333333333333,4.056500029684497,2.5594419834721585,6.226139182585234
31.224137931034484,0.5172423448275862,0.4444444444444444,3.888237326118212,2.580281263928112,6.137387777199861
31.224137931034484,0.5172423448275862,0.5555555555555556,3.736073373567762,2.594146901134587,6.0583409947967075
31.224137931034484,0.5172423448275862,0.6666666666666666,3.5956716326440086,2.6037000105390646,5.98643568476501
31.224137931034484,0.5172423448275862,0.7777777777777777,3.4649343247837456,2.610392772336573,5.920060197797516
31.224137931034484,0.5172423448275862,0.8888888888888888,3.3431048722593246,2.61509748267357,5.858124523836869
31.224137931034484,0.5172423448275862,1.0,3.2303697414801253,2.618375665923318,5.799851100074858
31.224137931034484,1.0344836896551723,0.0,4.874461749540907,2.159659087992454,6.4868437529796275
31.224137931034484,1.0344836896551723,0.1111111111111111,4.542025311258878,2.0208003455737447,6.3601142540019495
31.224137931034484,1.0344836896551723,0.2222222222222222,4.322014600996655,2.0457674084138793,6.256997063157931
31.224137931034484,1.0344836896551723,0.3333333333333333,4.144509637864123,2.084539259040462,6.169292320027835
31.224137931034484,1.0344836896551723,0.4444444444444444,3.990385925878328,2.1183081599800597,6.09201712655066
31.224137931034484,1.0344836896551723,0.5555555555555556,3.851348699824433,2.1456762143694412,6.022339831760411
31.224137931034484,1.0344836896551723,0.6666666666666666,3.723044539076532,2.16773076093303,5.958498536389177
31.224137931034484,1.0344836896551723,0.7777777777777777,3.6029697878625044,2.1856773555866162,5.899314452220253
31.224137931034484,1.0344836896551723,0.8888888888888888,3.4896522334313027,2.200481127735647,5.843954284149168
31.224137931034484,1.0344836896551723,1.0,3.382282416759747,2.2128668007144743,5.791803310140801
31.224137931034484,1.5517250344827584,0.0,4.874461749540907,2.5252078271224723,6.368220150802753
31.224137931034484,1.5517250344827584,0.1111111111111111,4.582898074757552,2.2710319876755953,6.276367917773064
31.224137931034484,1.5517250344827584,0.2222222222222222,4.380512802285381,2.14323153498571,6.192119698013512
31.224137931034484,1.5517250344827584,0.3333333333333333,4.215966945032039,2.0729375002414603,6.11717517555868
31.224137931034484,1.5517250344827584,0.4444444444444444,4.073060619532353,2.0337431690600063,6.049602281142467
31.224137931034484,1.5517250344827584,0.5555555555555556,3.94436357996454,2.0123351215402283,5.987834062996335
31.224137931034484,1.5517250344827584,0.6666666666666666,3.825805659094662,2.0013910721048753,5.930740063753243
31.224137931034484,1.5517250344827584,0.7777777777777777,3.714918699323219,1.9967184464213654,5.877496942676159
31.224137931034484,1.5517250344827584,0.8888888888888888,3.6101165090550005,1.995850587900508,5.827489069447506
31.224137931034484,1.5517250344827584,1.0,3.510355729097319,1.9973035359779687,5.780243676986454
31.224137931034484,2.068966379310345,0.0,4.874461749540907,2.7764714410801647,6.271659536267355
31.224137931034484,2.068966379310345,0.1111111111111111,4.615852713201142,2.5800030290087412,6.203128541207902
31.224137931034484,2.068966379310345,0.2222222222222222,4.428802539435756,2.4545433490888806,6.133800546815635
31.224137931034484,2.068966379310345,0.3333333333333333,4.275259557030046,2.365092924340169,6.069489541145201
31.224137931034484,2.068966379310345,0.4444444444444444,4.141625795011258,2.297931814870696,6.010168807355416
31.224137931034484,2.068966379310345,0.5555555555555556,4.0213324007177675,2.245944155394668,5.955174292648339
31.224137931034484,2.068966379310345,0.6666666666666666,3.9106606403531528,2.204858641861535,5.903859567152687
31.224137931034484,2.068966379310345,0.7777777777777777,3.807288904284034,2.1718788074395508,5.855686545337142
31.224137931034484,2.068966379310345,0.8888888888888888,3.7096721869834037,2.145069692009558,5.8102201564085965
31.224137931034484,2.068966379310345,1.0,3.6167397374492003,2.1230418647074876,5.76710844303419
31.224137931034484,2.5862077241379313,0.0,4.874461749540907,2.939835295344656,6.191460263907458
31.224137931034484,2.5862077241379313,0.1111111111111111,4.6427948499480145,2.788731698523752,6.138906296181267
31.224137931034484,2.5862077241379313,0.2222222222222222,4.469239043221027,2.683766708909396,6.0813536738563565
31.224137931034484,2.5862077241379313,0.3333333333333333,4.325277855040031,2.603887304113523,6.02589358072299
31.224137931034484,2.5862077241379313,0.4444444444444444,4.199555999621585,2.5400266901469877,5.973610268508956
31.224137931034484,2.5862077241379313,0.5555555555555556,4.08631065118706,2.48734127803471,5.924458917263397
31.224137931034484,2.5862077241379313,0.6666666666666666,3.98218054330552,2.4428954157202476,5.878153569709214
31.224137931034484,2.5862077241379313,0.7777777777777777,3.8850199089406416,2.404757344719886,5.834379777163248
31.224137931034484,2.5862077241379313,0.8888888888888888,3.793370743240326,2.3715812804709357,5.792849163505878
31.224137931034484,2.5862077241379313,1.0,3.706197813088319,2.342390157597262,5.753310547022585
31.224137931034484,3.103449068965517,0.0,4.874461749540907,3.053946685060139,6.123727462541277
31.224137931034484,3.103449068965517,0.1111111111111111,4.665105339298079,2.9334391952367285,6.082375574594577
31.224137931034484,3.103449068965517,0.2222222222222222,4.5035043313013405,2.8450936262989552,6.0341296964086375
31.224137931034484,3.103449068965517,0.3333333333333333,4.368028845365571,2.775460321780411,5.986035986184232
31.224137931034484,3.103449068965517,0.4444444444444444,4.249217157688131,2.7181625774460696,5.939763975567973
31.224137931034484,3.103449068965517,0.5555555555555556,4.142037697318688,2.6696341402682147,5.895674201346204
31.224137931034484,3.103449068965517,0.6666666666666666,4.043471108621296,2.627658890578929,5.85374114292133
31.224137931034484,3.103449068965517,0.7777777777777777,3.951551056572211,2.590756804889089,5.813821706899356
31.224137931034484,3.103449068965517,0.8888888888888888,3.864919677602178,2.5578868467400984,5.775744457718789
31.224137931034484,3.103449068965517,1.0,3.7825978110171956,2.528287836235723,5.739340880990745
31.224137931034484,3.6206904137931035,0.0,4.874461749540907,3.1384392091485376,6.065715691018726
31.224137931034484,3.6206904137931035,0.1111111111111111,4.6838004980241505,3.0392754993478293,6.0323915450471635
31.224137931034484,3.6206904137931035,0.2222222222222222,4.532839071080772,2.963537528557108,5.991530027937082
31.224137931034484,3.6206904137931035,0.3333333333333333,4.40496394307274,2.9022777423703796,5.9495737800114705
31.224137931034484,3.6206904137931035,0.4444444444444444,4.292290521243965,2.8508744048490517,5.908444375836536
31.224137931034484,3.6206904137931035,0.5555555555555556,4.190437982461917,2.8066192790423155,5.868751835794324
31.224137931034484,3.6206904137931035,0.6666666666666666,4.096704671916707,2.7677807498456715,5.830652433601287
31.224137931034484,3.6206904137931035,0.7777777777777777,4.009297584908933,2.73318037242629,5.794131279773349
31.224137931034484,3.6206904137931035,0.8888888888888888,3.9269605925645155,2.7019781550515414,5.759108456882362
31.224137931034484,3.6206904137931035,1.0,3.8487767327500033,2.6735537568535004,5.725482235171231
31.224137931034484,4.13793175862069,0.0,4.874461749540908,3.203755009405979,6.015435600368449
31.224137931034484,4.13793175862069,0.1111111111111111,4.699638207890239,3.1201193149857764,5.98798337863935
31.224137931034484,4.13793175862069,0.2222222222222222,4.55818067669085,3.054111618943774,5.953013874497339
31.224137931034484,4.13793175862069,0.3333333333333333,4.437166390016524,2.9995820837637135,5.9161821840946125
31.224137931034484,4.13793175862069,0.4444444444444444,4.330013110125717,2.9531087686793787,5.8794599823414595
31.224137931034484,4.13793175862069,0.5555555555555556,4.232911515581211,2.912596070453708,5.843596615484065
31.224137931034484,4.13793175862069,0.6666666666666666,4.143450106204976,2.8766652126995416,5.808869882760596
31.224137931034484,4.13793175862069,0.7777777777777777,4.059999022233238,2.8443590690908427,5.775358287360794
32.93103448275862,0.5172423448275862,0.2222222222222222,4.268881968696815,2.4935168615182777,6.371749435622138
32.93103448275862,0.5172423448275862,0.3333333333333333,4.070510372276897,2.532257289770755,6.265744953543806
32.93103448275862,0.5172423448275862,0.4444444444444444,3.8987618425014543,2.556127785986915,6.1747750057164446
32.93103448275862,0.5172423448275862,0.5555555555555556,3.7440330151258694,2.5719167606565945,6.093992660360422
32.93103448275862,0.5172423448275862,0.6666666666666666,3.6017614893947503,2.5827752950606233,6.020680426096454
32.93103448275862,0.5172423448275862,0.7777777777777777,3.469774543093199,2.5903978614597984,5.953138330430261
32.93103448275862,0.5172423448275862,0.8888888888888888,3.347313497816684,2.5957906854612647,5.890220884734393
32.93103448275862,0.5172423448275862,1.0,3.234594997335215,2.5995953849412596,5.831113200597936
32.93103448275862,1.0344836896551723,0.0,4.929884492381998,2.2534706186374724,6.532055668541703
32.93103448275862,1.0344836896551723,0.1111111111111111,4.573599576070298,2.017200729449086,6.403779358462879
32.93103448275862,1.0344836896551723,0.2222222222222222,4.344969064881432,2.0145467032843203,6.297909441765003
32.93103448275862,1.0344836896551723,0.3333333333333333,4.16233492720581,2.0463765471258673,6.208018940724535
32.93103448275862,1.0344836896551723,0.4444444444444444,4.004615455305925,2.0789426495723045,6.129001331915308
32.93103448275862,1.0344836896551723,0.5555555555555556,3.862862890367435,2.106804163443399,6.057902223538129
32.93103448275862,1.0344836896551723,0.6666666666666666,3.7324416536540483,2.1298439600093686,5.992878131275871
32.93103448275862,1.0344836896551723,0.7777777777777777,3.610712070971384,2.1488758323098107,5.932695902039984
32.93103448275862,1.0344836896551723,0.8888888888888888,3.496136683885402,2.164733906951246,5.87648460148182
32.93103448275862,1.0344836896551723,1.0,3.387880418179813,2.178102671410885,5.823602405635712
32.93103448275862,1.5517250344827584,0.0,4.929884492381998,2.641295317681748,6.40631058983519
32.93103448275862,1.5517250344827584,0.1111111111111111,4.617734568202811,2.359129799228364,6.316803402407859
32.93103448275862,1.5517250344827584,0.2222222222222222,4.406792765939001,2.2104772754847275,6.231282855862044
32.93103448275862,1.5517250344827584,0.3333333333333333,4.23703938807129,2.122630796271794,6.154887212373245
32.93103448275862,1.5517250344827584,0.4444444444444444,4.090455560204414,2.0690965619986983,6.086007641967416
32.93103448275862,1.5517250344827584,0.5555555555555556,3.958956921279802,2.0363035944404326,6.0231049466746205
32.93103448275862,1.5517250344827584,0.6666666666666666,3.838173656748301,2.01645180947787,5.965030804490472
32.93103448275862,1.5517250344827584,0.7777777777777777,3.7254808369395533,2.0048365199758,5.910938873384891
32.93103448275862,1.5517250344827584,0.8888888888888888,3.619204367243121,1.998542134833317,5.8601930604553925
32.93103448275862,1.5517250344827584,1.0,3.5182508914268835,1.9957251302851617,5.812303695838239
32.93103448275862,2.068966379310345,0.0,4.929884492381998,2.87845056333605,6.30495203830736
32.93103448275862,2.068966379310345,0.1111111111111111,4.653344982121899,2.668899203026118,6.24071848476984
32.93103448275862,2.068966379310345,0.2222222222222222,4.457919254338246,2.535429593890548,6.171260309723965
32.93103448275862,2.068966379310345,0.3333333333333333,4.299136491473239,2.4395340991695633,6.106130448631032
32.93103448275862,2.068966379310345,0.4444444444444444,4.161765612760523,2.36667474922952,6.045895343266849
32.93103448275862,2.068966379310345,0.5555555555555556,4.038607429773624,2.3094781562455884,5.990030377311662
32.93103448275862,2.068966379310345,0.6666666666666666,3.925641873124613,2.2635767453447326,5.937923365483814
32.93103448275862,2.068966379310345,0.7777777777777777,3.820383420813144,2.226129579984865,5.889040412199871
32.93103448275862,2.068966379310345,0.8888888888888888,3.721190321886685,2.1951736682722394,5.842941474182063
32.93103448275862,2.068966379310345,1.0,3.626931919562867,2.1692961461071487,5.799267148680248
32.93103448275862,2.5862077241379313,0.0,4.929884492381998,3.030618781663635,6.221425224527508
32.93103448275862,2.5862077241379313,0.1111111111111111,4.682455838967487,2.8705156324017818,6.174051064186852
32.93103448275862,2.5862077241379313,0.2222222222222222,4.500789208029495,2.760206524394817,6.117211299751676
32.93103448275862,2.5862077241379313,0.3333333333333333,4.351601191309304,2.6764503802984314,6.061459574384843
32.93103448275862,2.5862077241379313,0.4444444444444444,4.222105659277708,2.609459463337394,6.008607613084388
32.93103448275862,2.5862077241379313,0.5555555555555556,4.105948239863119,2.5540840269776734,5.958825545699188
32.93103448275862,2.5862077241379313,0.6666666666666666,3.9994735679690683,2.5072358035265907,5.9119015685782825
32.93103448275862,2.5862077241379313,0.7777777777777777,3.900371239936085,2.466898086395466,5.867547767161934
32.93103448275862,2.5862077241379313,0.8888888888888888,3.8070833380608153,2.431673727604025,5.82548411377848
32.93103448275862,2.5862077241379313,1.0,3.718510552914594,2.4005524814979657,5.785460372625595
32.93103448275862,3.103449068965517,0.0,4.929884492381998,3.136794365456735,6.151329640941087
32.93103448275862,3.103449068965517,0.1111111111111111,4.706546850250592,3.009313526385643,6.115451600998123
32.93103448275862,3.103449068965517,0.2222222222222222,4.537151390606073,2.9166155313074267,6.0685159076871384
32.93103448275862,3.103449068965517,0.3333333333333333,4.396501336230296,2.843881854532762,6.020557990281575
32.93103448275862,3.103449068965517,0.4444444444444444,4.273902198257208,2.784183032829041,5.974015686739003
32.93103448275862,3.103449068965517,0.5555555555555556,4.163777988689186,2.7336880756879216,5.929509593780465
32.93103448275862,3.103449068965517,0.6666666666666666,4.0628281489029545,2.6900368036006803,5.887116801104114
32.93103448275862,3.103449068965517,0.7777777777777777,3.9689247894743773,2.651663280022619,5.846738176926299
32.93103448275862,3.103449068965517,0.8888888888888888,3.8806099250960195,2.6174716350666114,5.808221614592914
32.93103448275862,3.103449068965517,1.0,3.796838827289022,2.5866638261087203,5.77140672594815
32.93103448275862,3.6206904137931035,0.0,4.929884492381998,3.215496887583802,6.091608372871579
32.93103448275862,3.6206904137931035,0.1111111111111111,4.726714216554908,3.1106477021254904,6.0637333020906
32.93103448275862,3.6206904137931035,0.2222222222222222,4.56830068462392,3.0311491135999464,6.024587168555102
32.93103448275862,3.6206904137931035,0.3333333333333333,4.435334678287459,2.96716986917198,5.983104438602485
32.93103448275862,3.6206904137931035,0.4444444444444444,4.318880957341601,2.913671395352404,5.941957284362845
32.93103448275862,3.6206904137931035,0.5555555555555556,4.21406487306731,2.86772728637174,5.902037276618242
32.93103448275862,3.6206904137931035,0.6666666666666666,4.1179199901473655,2.8274800759363337,5.86362180498621
32.93103448275862,3.6206904137931035,0.7777777777777777,4.028497324610585,2.791673054072884,5.826752772642233
32.93103448275862,3.6206904137931035,0.8888888888888888,3.9444422476265144,2.7594146675450566,5.791378263375017
32.93103448275862,3.6206904137931035,1.0,3.864772240825168,2.7300490440479512,5.7574106097197815
32.93103448275862,4.13793175862069,0.0,4.929884492381998,3.2764260042237257,6.040073362598611
32.93103448275862,4.13793175862069,0.1111111111111111,4.743779168548477,3.1880112265330487,6.017878469328892
32.93103448275862,4.13793175862069,0.2222222222222222,4.595219320443267,3.118679289768867,5.9848844131181345
32.93103448275862,4.13793175862069,0.3333333333333333,4.469221284844948,3.061689237207813,5.948786540462632
32.93103448275862,4.13793175862069,0.4444444444444444,4.358312981216322,3.01330367913573,5.912256561265527
32.93103448275862,4.13793175862069,0.5555555555555556,4.258241873114989,2.971249190672138,5.876329716543176
32.93103448275862,4.13793175862069,0.6666666666666666,4.1663500554142905,2.9340392986725967,5.84141528408792
32.93103448275862,4.13793175862069,0.7777777777777777,4.080858905398118,2.9006475597055017,5.807657338261631
32.93103448275862,4.13793175862069,0.8888888888888888,4.000515314068438,2.870334888910936,5.775080753559836
32.93103448275862,4.13793175862069,1.0,3.924400490273317,2.8425513706642036,5.743655747143646
32.93103448275862,4.655173103448276,0.0,4.929884492381998,3.325147026916057,5.99511714349502
32.93103448275862,4.655173103448276,0.1111111111111111,4.758363398175748,3.2491108190323046,5.977027223352969
32.93103448275862,4.655173103448276,0.2222222222222222,4.618666169649488,3.1878220773135917,5.948919383978814
32.93103448275862,4.655173103448276,0.3333333333333333,4.499020021529231,3.1365241885820296,5.9173087726100775
32.93103448275862,4.655173103448276,0.4444444444444444,4.393161462224331,3.0923973836407153,5.884735403457992
32.93103448275862,4.655173103448276,0.5555555555555556,4.297383616565595,3.0536522315093633,5.852290999030846
32.93103448275862,4.655173103448276,0.6666666666666666,4.2093096564153845,3.019084946757874,5.820465256492676
32.93103448275862,4.655173103448276,0.7777777777777777,4.1273204333826445,2.987847292609979,5.7894734755378785
32.93103448275862,4.655173103448276,0.8888888888888888,4.050260085069015,2.959319203184054,5.759397960387809
32.93103448275862,4.655173103448276,1.0,3.9772723854532224,2.9330338584085105,5.730254193996576
32.93103448275862,5.1724144482758625,0.0,4.929884492381998,3.36509016146829,5.955531724560324
32.93103448275862,5.1724144482758625,0.1111111111111111,4.770942427893609,3.298655355903604,5.940458683039243
32.93103448275862,5.1724144482758625,0.2222222222222222,4.639236138040942,3.243872356714617,5.916257265993002
32.93103448275862,5.1724144482758625,0.3333333333333333,4.525402710739348,3.197298012660443,5.8883967943480355
32.93103448275862,5.1724144482758625,0.4444444444444444,4.424173447520222,3.1567719536462246,5.859220052424579
32.93103448275862,5.1724144482758625,0.5555555555555556,4.332316263862907,3.120869753024809,5.829817772662298
32.93103448275862,5.1724144482758625,0.6666666666666666,4.2477078908551125,3.0886071910731046,5.800722309365292
32.93103448275862,5.1724144482758625,0.7777777777777777,4.168876746363497,3.059277039567239,5.7721960327400135
32.93103448275862,5.1724144482758625,0.8888888888888888,4.094758756017765,3.0323545428177416,5.744362929809131
32.93103448275862,5.1724144482758625,1.0,4.024557819408115,3.0074399525260382,5.717273180264991
32.93103448275862,5.689655793103449,0.0,4.929884492381998,3.3984915301358978,5.920391188475934
32.93103448275862,5.689655793103449,0.1111111111111111,4.781883756728619,3.339685040293208,5.907570402647585
32.93103448275862,5.689655793103449,0.2222222222222222,4.6574012562480105,3.2902604305644423,5.886514515561594
32.93103448275862,5.689655793103449,0.3333333333333333,4.5489034102772905,3.247667619372582,5.861799324762198
32.93103448275862,5.689655793103449,0.4444444444444444,4.451939505156747,3.2102277612293757,5.835544954126551
32.93103448275862,5.689655793103449,0.5555555555555556,4.363688324852689,3.1767953485141716,5.8088050255328065
32.93103448275862,5.689655793103449,0.6666666666666666,4.2822536741752835,3.146558975526161,5.782127555048306
32.93103448275862,5.689655793103449,0.7777777777777777,4.206299373747413,3.118924624256876,5.755803484137713
32.93103448275862,5.689655793103449,0.8888888888888888,4.134847132353682,3.093445118906231,5.729985873559334
32.93103448275862,5.689655793103449,1.0,4.067157903454453,3.0697758436756186,5.704750866796134
32.93103448275862,6.206897137931034,0.0,4.929884492381998,3.4268754235811216,5.888973414299087
32.93103448275862,6.206897137931034,0.1111111111111111,4.791474331863189,3.374252162595491,5.8778589585894325
32.93103448275862,6.206897137931034,0.2222222222222222,4.6735399753446325,3.3293079440872515,5.859354917425922
32.93103448275862,6.206897137931034,0.3333333333333333,4.5699523633532975,3.2901148050496856,5.837288404450241
32.93103448275862,6.206897137931034,0.4444444444444444,4.476933959336549,3.2553506946274564,5.813554861129767
32.93103448275862,6.206897137931034,0.5555555555555556,4.392017864969781,3.2240856159823488,5.789149608818212
32.93103448275862,6.206897137931034,0.6666666666666666,4.313510153296439,3.195645577790088,5.764617584188176
32.93103448275862,6.206897137931034,0.7777777777777777,4.240198102931975,3.16952841734965,5.740264400837241
32.93103448275862,6.206897137931034,0.8888888888888888,4.171183021097614,3.1453508303819238,5.716262245432357
32.93103448275862,6.206897137931034,1.0,4.1057795445081595,3.1228140875397252,5.692706098571451
32.93103448275862,6.724138482758621,0.0,4.929884492381998,3.4513192884409203,5.860706548346501
32.93103448275862,6.724138482758621,0.1111111111111111,4.799940474959893,3.403793568150565,5.850902870166897
32.93103448275862,6.724138482758621,0.2222222222222222,4.687958538125612,3.3626437811897927,5.834484849806495
32.93103448275862,6.724138482758621,0.3333333333333333,4.58890010580384,3.3263849942514363,5.814658636755907
32.93103448275862,6.724138482758621,0.4444444444444444,4.499542882162989,3.293963143836023,5.793105805869236
32.93103448275862,6.724138482758621,0.5555555555555556,4.417724941175041,3.264616409173662,5.770752360313699
32.93103448275862,6.724138482758621,0.6666666666666666,4.341931840538552,3.2377810022218387,5.748127612364165
32.93103448275862,6.724138482758621,0.7777777777777777,4.27106288750965,3.2130299084177234,5.725541617632244
32.93103448275862,6.724138482758621,0.8888888888888888,4.2042928497651735,3.190032860982148,5.703177955374905
32.93103448275862,6.724138482758621,1.0,4.140986568284816,3.168529670595459,5.681144695789112
32.93103448275862,7.241379827586207,0.0,4.929884492381998,3.472607905767507,5.835131558180012
32.93103448275862,7.241379827586207,0.1111111111111111,4.807462445365075,3.429346175202496,5.826348138518779
32.93103448275862,7.241379827586207,0.2222222222222222,4.700906849866824,3.391445491781548,5.811648378786052
32.93103448275862,7.241379827586207,0.3333333333333333,4.606035020540202,3.35774283516902,5.793725828761293
32.93103448275862,7.241379827586207,0.4444444444444444,4.52008410157421,3.3273880193564254,5.77406534224874
32.93103448275862,7.241379827586207,0.5555555555555556,4.441154497535491,3.2997516736855856,5.7535193272532315
32.93103448275862,7.241379827586207,0.6666666666666666,4.3678906219902975,3.274359060951846,5.732593489527744
32.93103448275862,7.241379827586207,0.7777777777777777,4.299293074960919,3.250845074190332,5.711594973964713
32.93103448275862,7.241379827586207,0.8888888888888888,4.2346041379556025,3.2289237904622246,5.690712832755636
32.93103448275862,7.241379827586207,1.0,4.173235386134832,3.208367618876299,5.670063644279998
32.93103448275862,7.758621172413793,0.0,4.929884492381998,3.491327461133068,5.811875497893452
32.93103448275862,7.758621172413793,0.1111111111111111,4.814185170389191,3.4516776719710984,5.803896263839156
32.93103448275862,7.758621172413793,0.2222222222222222,4.712590433390134,3.4165860780625805,5.790622543465797
32.93103448275862,7.758621172413793,0.3333333333333333,4.621596391056889,3.385127918500821,5.774325321490372
32.93103448275862,7.758621172413793,0.4444444444444444,4.538821841388721,3.356610002979202,5.756312320966775
32.93103448275862,7.758621172413793,0.5555555555555556,4.46259291644564,3.3305081854443674,5.737362398535027
32.93103448275862,7.758621172413793,0.6666666666666666,4.391694405660274,3.3064201882090853,5.717952969401442
32.93103448275862,7.758621172413793,0.7777777777777777,4.325218254899952,3.2840322164715934,5.6983831377670455
32.93103448275862,7.758621172413793,0.8888888888888888,4.262468595665474,3.263095637309324,5.678842974218265
32.93103448275862,7.758621172413793,1.0,4.202900351399565,3.2434105911922027,5.659453957124598
32.93103448275862,8.275862517241379,0.0,4.929884492381998,3.5079252802760466,5.790632067345383
32.93103448275862,8.275862517241379,0.1111111111111111,4.820226219384531,3.4713689810428248,5.783294433960371
32.93103448275862,8.275862517241379,0.2222222222222222,4.723179541454317,3.4387268325100453,5.7712130199033265
32.93103448275862,8.275862517241379,0.3333333333333333,4.635784279491094,3.4092534214431454,5.75631020211731
32.93103448275862,8.275862517241379,0.4444444444444444,4.555977652663956,3.3823778479835576,5.7397363790146345
32.93103448275862,8.275862517241379,0.5555555555555556,4.482280238230623,3.357660258561199,5.722199547546359
32.93103448275862,8.275862517241379,0.6666666666666666,4.41360077667296,3.3347577208687262,5.704146486195162
32.93103448275862,8.275862517241379,0.7777777777777777,4.349113439390581,3.31339920761945,5.6858648214953025
32.93103448275862,8.275862517241379,0.8888888888888888,4.288178881497638,3.2933676039785507,5.667542357074204
32.93103448275862,8.275862517241379,1.0,4.230292121716398,3.2744867567939386,5.649302666245575
32.93103448275862,8.793103862068964,0.0,4.929884492381999,3.5227490749612036,5.771147239332442
32.93103448275862,8.793103862068964,0.1111111111111111,4.825681782064551,3.4888680818302196,5.764327539058098
32.93103448275862,8.793103862068964,0.2222222222222222,4.732816173184969,3.458378071370952,5.753250242554811
32.93103448275862,8.793103862068964,0.3333333333333333,4.648767112797363,3.4306707381289168,5.739549521290516
32.93103448275862,8.793103862068964,0.4444444444444444,4.571738720084084,3.40527147986069,5.72423726635192
32.93103448275862,8.793103862068964,0.5555555555555556,4.500419352197164,3.3818085070421873,5.7079548200553925
32.93103448275862,8.793103862068964,0.6666666666666666,4.433827186683727,3.3599877953623265,5.6911175988008695
32.93103448275862,8.793103862068964,0.7777777777777777,4.371210324667109,3.3395741491487,5.673999586156962
32.93103448275862,8.793103862068964,0.8888888888888888,4.3119809844992485,3.3203772165170906,5.656783956041066
32.93103448275862,8.793103862068964,1.0,4.255671190723449,3.302241197411331,5.639594227844285
32.93103448275862,9.310345206896551,0.0,4.929884492381998,3.536073493822234,5.753208473065331
32.93103448275862,9.310345206896551,0.1111111111111111,4.8306311906690915,3.5045261800439693,5.746811687251187
32.93103448275862,9.310345206896551,0.2222222222222222,4.741619525432873,3.475940038829612,5.736585997089113
32.93103448275862,9.310345206896551,0.3333333333333333,4.660687582507632,3.449813078349136,5.723926589822916
32.93103448275862,9.310345206896551,0.4444444444444444,4.586264270322008,3.425747308085345,5.709724092920174
32.93103448275862,9.310345206896551,0.5555555555555556,4.517183024353582,3.403426319896397,5.694558158701712
32.93103448275862,9.310345206896551,0.6666666666666666,4.452558686652796,3.3825966372393172,5.678813209329987
32.93103448275862,9.310345206896551,0.7777777777777777,4.391705788308014,3.3630532335576744,5.662748361520388
32.93103448275862,9.310345206896551,0.8888888888888888,4.334083526436073,3.3446285801030546,5.6465405169693605
32.93103448275862,9.310345206896551,1.0,4.279258023312196,3.327184419506467,5.630311523492213
32.93103448275862,9.827586551724137,0.0,4.929884492381999,3.5481185481354447,5.736636508100055
32.93103448275862,9.827586551724137,0.1111111111111111,4.835140371087804,3.5186226406886107,5.730588937998872
32.93103448275862,9.827586551724137,0.2222222222222222,4.749690262934132,3.491731161913431,5.721090462668202
32.93103448275862,9.827586551724137,0.3333333333333333,4.671667283075704,3.4670256351030257,5.709337395706484
32.93103448275862,9.827586551724137,0.4444444444444444,4.599690581910916,3.444169612504665,5.696114551236216
32.93103448275862,9.827586551724137,0.5555555555555556,4.532719349743093,3.4228920791051065,5.681945126954511
32.93103448275862,9.827586551724137,0.6666666666666666,4.46995388475278,3.402973369032533,5.6671836289009985
32.93103448275862,9.827586551724137,0.7777777777777777,4.410768399386245,3.3842339776589165,5.652073768766141
32.93103448275862,9.827586551724137,0.8888888888888888,4.354664857738858,3.3665259188373016,5.636785089766804
32.93103448275862,9.827586551724137,1.0,4.301240761641959,3.3497261106241925,5.621436576837802
32.93103448275862,10.344827896551724,0.0,4.929884492381998,3.5590626878364278,5.721279043428596
32.93103448275862,10.344827896551724,0.1111111111111111,4.839264499625215,3.5313825644000785,5.715523016912319
32.93103448275862,10.344827896551724,0.2222222222222222,4.75711388864528,3.5060080057128675,5.706649664206686
32.93103448275862,10.344827896551724,0.3333333333333333,4.681810393385301,3.4825869285438924,5.695689160407373
32.93103448275862,10.344827896551724,0.4444444444444444,4.612134947449034,3.4608327752200863,5.683334150240031
32.93103448275862,10.344827896551724,0.5555555555555556,4.547156037463948,3.44051199879389,5.670056575777128
32.93103448275862,10.344827896551724,0.6666666666666666,4.48614959952214,3.4214332833456966,5.656182541194835
32.93103448275862,10.344827896551724,0.7777777777777777,4.4285434758250055,3.403438813506656,5.641940304918398
32.93103448275862,10.344827896551724,0.8888888888888888,4.37387854617674,3.3863974018997354,5.6274913902107295
32.93103448275862,10.344827896551724,1.0,4.321781165521879,3.3701991393067017,5.612951067135321
32.93103448275862,10.86206924137931,0.0,4.929884492381999,3.5690522660733937,5.707005813073215
32.93103448275862,10.86206924137931,0.1111111111111111,4.843050065641347,3.542989426084251,5.70149581917169
32.93103448275862,10.86206924137931,0.2222222222222222,4.763963422841593,3.518979646144248,5.693163288432074
32.93103448275862,10.86206924137931,0.3333333333333333,4.691206623635071,3.4967242068632527,5.6828990393632735
32.93103448275862,10.86206924137931,0.4444444444444444,4.623698839392752,3.4759773420785933,5.671315482444637
32.93103448275862,10.86206924137931,0.5555555555555556,4.560603817144353,3.4565366394080077,5.658838282569724
32.93103448275862,10.86206924137931,0.6666666666666666,4.501264538583685,3.4382346818029044,5.645766899122342
32.93103448275862,10.86206924137931,0.7777777777777777,4.4451570627719965,3.420932167468701,5.632314430580385
32.93103448275862,10.86206924137931,0.8888888888888888,4.39185767647957,3.404512403341783,5.618634039152906
32.93103448275862,10.86206924137931,1.0,4.341019250066627,3.3888769520191215,5.604836695793366
32.93103448275862,11.379310586206897,0.0,4.929884492381999,3.5782085111833717,5.6937047094871955
32.93103448275862,11.379310586206897,0.1111111111111111,4.846536486093336,3.553594325416557,5.688404546362384
32.93103448275862,11.379310586206897,0.2222222222222222,4.770301547118197,3.5308182044820806,5.68054281706731
32.93103448275862,11.379310586206897,0.3333333333333333,4.699933592233979,3.5096247548192827,5.67089296305377
32.93103448275862,11.379310586206897,0.4444444444444444,4.634470462568901,3.48980183179859,5.659997537049409
32.93103448275862,11.379310586206897,0.5555555555555556,4.57315917486267,3.471173060684696,5.648240582358406
32.93103448275862,11.379310586206897,0.6666666666666666,4.515402239081081,3.453591275360644,5.635896779445926
32.93103448275862,11.379310586206897,0.7777777777777777,4.460719098012564,3.4369330444623816,5.623164590406614
32.93103448275862,11.379310586206897,0.8888888888888888,4.408718257704902,3.4210942262319515,5.610188713450828
32.93103448275862,11.379310586206897,1.0,4.359076948649489,3.405986405296468,5.597075445573541
32.93103448275862,11.896551931034482,0.0,4.929884492381998,3.586632743985712,5.681278702423694
32.93103448275862,11.896551931034482,0.1111111111111111,4.849757379315752,3.563322866070216,5.676159352726036
32.93103448275862,11.896551931034482,0.2222222222222222,4.776182331186556,3.5416666906530145,5.668709933230387
32.93103448275862,11.896551931034482,0.3333333333333333,4.7080587563129415,3.521444328223653,5.65960461014846
32.93103448275862,11.896551931034482,0.4444444444444444,4.644526828993716,3.502471555908078,5.649325065315214
32.93103448275862,11.896551931034482,0.5555555555555556,4.584906570761461,3.484593907204533,5.638218004426397
31.224137931034484,10.344827896551724,0.0,4.874461749540908,3.5053041451954794,5.700103366321675
31.224137931034484,10.344827896551724,0.1111111111111111,4.788769901032865,3.4791254395404296,5.692041714544749
31.224137931034484,10.344827896551724,0.2222222222222222,4.710699383803506,3.455045665830899,5.681521121192128
31.224137931034484,10.344827896551724,0.3333333333333333,4.6388291945325175,3.4327497298139553,5.669372465301686
31.224137931034484,10.344827896551724,0.4444444444444444,4.572085565963169,3.4119806030538986,5.6561533568010915
31.224137931034484,10.344827896551724,0.5555555555555556,4.509643071102391,3.3925283143498093,5.6422436706841586
31.224137931034484,10.344827896551724,0.6666666666666666,4.450856228224014,3.3742204213002256,5.627905921449799
31.224137931034484,10.344827896551724,0.7777777777777777,4.395212007251385,3.3569142968977688,5.613323772242804
31.224137931034484,10.344827896551724,0.8888888888888888,4.342296481745882,3.3404910597015047,5.598626983196094
31.224137931034484,10.344827896551724,1.0,4.291771075805534,3.324850846341311,5.583907863063378
31.224137931034484,10.86206924137931,0.0,4.874461749540908,3.515920463810098,5.685820176098328
31.224137931034484,10.86206924137931,0.1111111111111111,4.7923267788666,3.4912707975745416,5.678149700587346
31.224137931034484,10.86206924137931,0.2222222222222222,4.717166751656334,3.4684875761614515,5.668244483387802
31.224137931034484,10.86206924137931,0.3333333333333333,4.647739362348584,3.4473043056479993,5.6568259016858145
31.224137931034484,10.86206924137931,0.4444444444444444,4.5830925542490775,3.427501096073745,5.644388739918874
31.224137931034484,10.86206924137931,0.5555555555555556,4.522485473913628,3.408896362262518,5.631276728379681
31.224137931034484,10.86206924137931,0.6666666666666666,4.46533269890128,3.391339507358693,5.617731668196737
31.224137931034484,10.86206924137931,0.7777777777777777,4.411164780028087,3.3747048823919465,5.603925557766361
31.224137931034484,10.86206924137931,0.8888888888888888,4.359600070577514,3.358886945397162,5.589981863089187
31.224137931034484,10.86206924137931,1.0,4.31032436554319,3.343796429312953,5.575989812812052
31.224137931034484,11.379310586206897,0.0,4.874461749540907,3.525649272505024,5.672497562947124
31.224137931034484,11.379310586206897,0.1111111111111111,4.79560436473645,3.5023690126208256,5.665169826061768
31.224137931034484,11.379310586206897,0.2222222222222222,4.7231529102955605,3.480757486589998,5.655807038120578
31.224137931034484,11.379310586206897,0.3333333333333333,4.656015502554444,3.4605875587472075,5.645037884952265
31.224137931034484,11.379310586206897,0.4444444444444444,4.593344610125586,3.4416698972719804,5.633302192588255
31.224137931034484,11.379310586206897,0.5555555555555556,4.534473295522139,3.4238466213342007,5.620911026040558
31.224137931034484,11.379310586206897,0.6666666666666666,4.4788694218063725,3.4069856179258973,5.608086812541036
31.224137931034484,11.379310586206897,0.7777777777777777,4.426102702832518,3.390975769313912,5.594990194915794
31.224137931034484,11.379310586206897,0.8888888888888888,4.37582081589839,3.3757230651628523,5.581738174905379
31.224137931034484,11.379310586206897,1.0,4.327731900464663,3.361147478696829,5.568416526055186
31.224137931034484,11.896551931034482,0.0,4.874461749540907,3.5345987827283425,5.660040842476806
31.224137931034484,11.896551931034482,0.1111111111111111,4.798633854778524,3.5125513044041723,5.6530157795099605
31.224137931034484,11.896551931034482,0.2222222222222222,4.7287086013636594,3.4920032277321345,5.644133771866075
31.224137931034484,11.896551931034482,0.3333333333333333,4.663721535148161,3.472759584356809,5.633944745767561
31.224137931034484,11.896551931034482,0.4444444444444444,4.602915294027086,3.4546563733067917,5.622840429764654
31.224137931034484,11.896551931034482,0.5555555555555556,4.545687737217294,3.437555627914838,5.611102457619422
31.224137931034484,11.896551931034482,0.6666666666666666,4.491554095056648,3.4213409521813407,5.598935266375323
31.224137931034484,11.896551931034482,0.7777777777777777,4.440119314641513,3.4059137171707303,5.5864885913505145
31.224137931034484,11.896551931034482,0.8888888888888888,4.391057727331337,3.3911899169011708,5.573872955520215
31.224137931034484,11.896551931034482,1.0,4.344097962287566,3.3770976075723445,5.561170445936445
31.224137931034484,12.413793275862067,0.0,4.874461749540907,3.5428601212904516,5.648367480192129
31.224137931034484,12.413793275862067,0.1111111111111111,4.801442028945036,3.5219276776964863,5.641611692502409
31.224137931034484,12.413793275862067,0.2222222222222222,4.733877808081988,3.5023486592193747,5.633158074925288
31.224137931034484,12.413793275862067,0.3333333333333333,4.670913232466457,3.48395461187613,5.623489377605013
31.224137931034484,12.413793275862067,0.4444444444444444,4.611869062015626,3.466602679397198,5.612955197322974
31.224137931034484,12.413793275862067,0.5555555555555556,4.556200129981003,3.450171721177625,5.601810703389041
31.224137931034484,12.413793275862067,0.6666666666666666,4.503463858186433,3.434558769198317,5.590243717158424
31.224137931034484,12.413793275862067,0.7777777777777777,4.45329693196059,3.419675971051241,5.578393600932874
31.224137931034484,12.413793275862067,0.8888888888888888,4.405397927437195,3.405448030030837,5.566364497008658
31.224137931034484,12.413793275862067,1.0,4.359514268707637,3.3918100942744487,5.554234685067853
31.224137931034484,12.931034620689655,0.0,4.874461749540907,3.550510601827321,5.637405190097887
31.224137931034484,12.931034620689655,0.1111111111111111,4.804051995314824,3.5305910672986895,5.63089062810439
31.224137931034484,12.931034620689655,0.2222222222222222,4.738698823929557,3.511898354594434,5.622820640659117
31.224137931034484,12.931034620689655,0.3333333333333333,4.6776394552816605,3.494286037370799,5.61362046630313
31.224137931034484,12.931034620689655,0.4444444444444444,4.62026261606432,3.4776290259061855,5.603602748872031
31.224137931034484,12.931034620689655,0.5555555555555556,4.566073385202419,3.4618204741179732,5.59299888978302
31.224137931034484,12.931034620689655,0.6666666666666666,4.514666843828797,3.446768938761453,5.581981425279254
31.224137931034484,12.931034620689655,0.7777777777777777,4.465708306633452,3.432395902482061,5.570679927305709
31.224137931034484,12.931034620689655,0.8888888888888888,4.418918421854641,3.4186336757155598,5.559192335002927
31.224137931034484,12.931034620689655,1.0,4.3740618618857745,3.405423647164921,5.547593083899355
31.224137931034484,13.44827596551724,0.0,4.874461749540908,3.5576162673348595,5.627090381470265
31.224137931034484,13.44827596551724,0.1111111111111111,4.806483790766064,3.538620543865376,5.620793319977507
31.224137931034484,13.44827596551724,0.2222222222222222,4.743205128265454,3.5207412262936346,5.613068525184217
31.224137931034484,13.44827596551724,0.3333333333333333,4.68394317368671,3.5038503227639666,5.6042918162873665
31.224137931034484,13.44827596551724,0.4444444444444444,4.628146022420833,3.487837764119259,5.59474337690506
31.224137931034484,13.44827596551724,0.5555555555555556,4.575363195914547,3.472608911271032,5.5846332753835055
31.224137931034484,13.44827596551724,0.6666666666666666,4.525223460162884,3.4580822556787076,5.574120028066568
31.224137931034484,13.44827596551724,0.7777777777777777,4.477417992527449,3.4441873966202543,5.563324019836281
31.224137931034484,13.44827596551724,0.8888888888888888,4.431687554656338,3.430863310470483,5.552337218271182
31.224137931034484,13.44827596551724,1.0,4.387812657068999,3.418056892860928,5.541230241062477
31.224137931034484,13.965517310344827,0.0,4.874461749540907,3.5642338874532467,5.617366881303966
31.224137931034484,13.965517310344827,0.1111111111111111,4.8087548689162345,3.546083820487465,5.611267115980061
31.224137931034484,13.965517310344827,0.2222222222222222,4.7474261077221005,3.5289533607823094,5.603854342612838
31.224137931034484,13.965517310344827,0.3333333333333333,4.6898623147725935,3.512730049262384,5.595461761515605
31.224137931034484,13.965517310344827,0.4444444444444444,4.635563643207305,3.4973165898098264,5.586340993805747
31.224137931034484,13.965517310344827,0.5555555555555556,4.584119037691951,3.4826288192010946,5.576682962955036
31.224137931034484,13.965517310344827,0.6666666666666666,4.535187458013093,3.468593828935144,5.566633353125626
31.224137931034484,13.965517310344827,0.7777777777777777,4.48848348028993,3.4551483009916977,5.556303966589381
31.224137931034484,13.965517310344827,0.8888888888888888,4.4437662138226495,3.4422370712029315,5.54578106577031
31.224137931034484,13.965517310344827,1.0,4.4008307222412,3.429811908070123,5.535131523345585
31.224137931034484,14.482758655172413,0.0,4.874461749540907,3.5704125429083677,5.608184876750399
31.224137931034484,14.482758655172413,0.1111111111111111,4.8108804989623,3.5530392322362827,5.602265089321906
31.224137931034484,14.482758655172413,0.2222222222222222,4.751387653660189,3.5366002579250586,5.595135574829533
31.224137931034484,14.482758655172413,0.3333333333333333,4.695430470056466,3.520996331958207,5.587092650405127
31.224137931034484,14.482758655172413,0.4444444444444444,4.64255491658549,3.5061410796668335,5.578362758117564
31.224137931034484,14.482758655172413,0.5555555555555556,4.592385007435252,3.491959370343031,5.569119636663316
31.224137931034484,14.482758655172413,0.6666666666666666,4.544606824277999,3.47838577018058,5.559497242540506
31.224137931034484,14.482758655172413,0.7777777777777777,4.498956145738687,3.4653631631387856,5.54959938756303
31.224137931034484,14.482758655172413,0.8888888888888888,4.455208836598112,3.4528415511969186,5.539506915734609
31.224137931034484,14.482758655172413,1.0,4.413173343005044,3.440777026154277,5.529283061002842
31.224137931034484,15.0,0.0,4.874461749540907,3.576194893854273,5.599500034398561
31.224137931034484,15.0,0.1111111111111111,4.812874093626237,3.559537313955332,5.593745287584715
31.224137931034484,15.0,0.2222222222222222,4.755112659464392,3.543738615948208,5.5868739781456505
31.224137931034484,15.0,0.3333333333333333,4.700677488687744,3.5287107465220324,5.579150395171942
31.224137931034484,15.0,0.4444444444444444,4.6491550133548945,3.5143767176016385,5.570778741591137
31.224137931034484,15.0,0.5555555555555556,4.600200530051661,3.5006692213340513,5.561917323156453
31.224137931034484,15.0,0.6666666666666666,4.553524534237571,3.4875293456204437,5.552689388684966
31.224137931034484,15.0,0.7777777777777777,4.508882047305509,3.474905423406735,5.5431913303848175
31.224137931034484,15.0,0.8888888888888888,4.466064253271412,3.462752024899063,5.53349887011983
31.224137931034484,15.0,1.0,4.424891914546719,3.4510290875220906,5.523671732657004
32.93103448275862,1e-06,0.0,4.929884492381998,3.0457558965946947,6.903491359251324
32.93103448275862,1e-06,0.1111111111111111,4.447182360461767,3.045756311264533,6.616345906564064
32.93103448275862,1e-06,0.2222222222222222,,,
32.93103448275862,1e-06,0.3333333333333333,3.9542570678536,3.0455071546462884,6.3281162562540025
32.93103448275862,1e-06,0.4444444444444444,3.7641281606763193,3.045756503589068,6.222819366849276
32.93103448275862,1e-06,0.5555555555555556,3.59340199605849,3.045742082543435,6.130169390468751
32.93103448275862,1e-06,0.6666666666666666,3.4393330342791195,3.0457564929318317,6.046363994403733
32.93103448275862,1e-06,0.7777777777777777,3.302694921707992,3.045756519295719,5.969134031082398
32.93103448275862,1e-06,0.8888888888888888,3.186432577798206,3.0457564444578096,5.8970010239867685
32.93103448275862,1e-06,1.0,,,
32.93103448275862,0.5172423448275862,0.0,4.929884492381998,2.239159894608567,6.692331596754925
32.93103448275862,0.5172423448275862,0.1111111111111111,4.518111889929143,2.421276224797805,6.503156939800514
34.63793103448276,2.068966379310345,0.8888888888888888,3.7297908187081616,2.247956459465444,5.873624672015004
34.63793103448276,2.068966379310345,1.0,3.6341967245269284,2.2187843276008845,5.829428212643943
34.63793103448276,2.5862077241379313,0.0,4.981985342503866,3.115997358320005,6.246891145707651
34.63793103448276,2.5862077241379313,0.1111111111111111,4.718689006414232,2.9476135768633633,6.206136215966396
34.63793103448276,2.5862077241379313,0.2222222222222222,4.529048899082451,2.8325009301189485,6.150426798114634
34.63793103448276,2.5862077241379313,0.3333333333333333,4.374767471026176,2.745349374487192,6.094584570030671
34.63793103448276,2.5862077241379313,0.4444444444444444,4.24160194628129,2.6756745936167143,6.041289115983871
34.63793103448276,2.5862077241379313,0.5555555555555556,4.122608157491257,2.6180290328631584,5.99096576641189
34.63793103448276,2.5862077241379313,0.6666666666666666,4.0138413637286465,2.569175265249855,5.943492350758226
34.63793103448276,2.5862077241379313,0.7777777777777777,3.912830594675777,2.5270133913366313,5.898614720156795
34.63793103448276,2.5862077241379313,0.8888888888888888,3.8179211018190964,2.4900960687732607,5.856065073123997
34.63793103448276,2.5862077241379313,1.0,3.727951790685028,2.4573808624917324,5.815596422071993
34.63793103448276,3.103449068965517,0.0,4.981985342503865,3.2148236144967917,6.1746026221207275
34.63793103448276,3.103449068965517,0.1111111111111111,4.744601065616685,3.080784481028188,6.145447411491594
34.63793103448276,3.103449068965517,0.2222222222222222,4.567524387943995,2.984031957203094,6.100239944525721
34.63793103448276,3.103449068965517,0.3333333333333333,4.421820839543197,2.908456030069294,6.052623735910047
34.63793103448276,3.103449068965517,0.4444444444444444,4.2955347288745065,2.846591001485849,6.0059383594812354
34.63793103448276,3.103449068965517,0.5555555555555556,4.182543567399854,2.7943479052968736,5.961105891143132
34.63793103448276,3.103449068965517,0.6666666666666666,4.079268209118369,2.7492261067385835,5.918322405986363
34.63793103448276,3.103449068965517,0.7777777777777777,3.9834221852912273,2.709575993783996,5.877540409546993
34.63793103448276,3.103449068965517,0.8888888888888888,3.8934498840291747,2.674248411552928,5.838631206655149
34.63793103448276,3.103449068965517,1.0,3.808242960958834,2.6424096159194623,5.80144492840429
34.63793103448276,3.6206904137931035,0.0,4.981985342503866,3.2882081696687924,6.113343813887981
34.63793103448276,3.6206904137931035,0.1111111111111111,4.766270492200287,3.1779379752658445,6.0919906385846065
34.63793103448276,3.6206904137931035,0.2222222222222222,4.600500981898995,3.0948720767287425,6.0549674632172135
34.63793103448276,3.6206904137931035,0.3333333333333333,4.462553973209462,3.0283412369784495,6.014165967744
34.63793103448276,3.6206904137931035,0.4444444444444444,4.342416137961049,2.972899574340719,5.97312972468668
34.63793103448276,3.6206904137931035,0.5555555555555556,4.2347145403013755,2.9254065141377836,5.933072673599846
34.63793103448276,3.6206904137931035,0.6666666666666666,4.13621894617402,2.88388110141466,5.8944101079180005
34.63793103448276,3.6206904137931035,0.7777777777777777,4.044826425249815,2.846989991480781,5.857248716635275
34.63793103448276,3.6206904137931035,0.8888888888888888,3.9590858102481414,2.8137912915899403,5.8215688455250305
34.63793103448276,3.6206904137931035,1.0,3.877950669779619,2.7835945611988246,5.787299373799254
34.63793103448276,4.13793175862069,0.0,4.981985342503865,3.345117440282974,6.06071756219853
34.63793103448276,4.13793175862069,0.1111111111111111,4.784584202403573,3.252097661077492,6.044698436300652
34.63793103448276,4.13793175862069,0.2222222222222222,4.6290061611737565,3.1795767355017923,6.014069237645993
34.63793103448276,4.13793175862069,0.3333333333333333,4.4981245306838975,3.120246643419259,5.978911675774078
34.63793103448276,4.13793175862069,0.4444444444444444,4.383552696450156,3.0700591128539676,5.942703090086149
34.63793103448276,4.13793175862069,0.5555555555555556,4.280589172070563,3.0265647299851417,5.9068034390690904
34.63793103448276,4.13793175862069,0.6666666666666666,4.18632943058401,2.988170543189478,5.871770190835361
34.63793103448276,4.13793175862069,0.7777777777777777,4.098847338514107,2.95378175820172,5.837821137246654
34.63793103448276,4.13793175862069,0.8888888888888888,4.016795624589699,2.9226132473362227,5.805020067909836
34.63793103448276,4.13793175862069,1.0,3.9391922722696138,2.8940828505349034,5.773358557540071
34.63793103448276,4.655173103448276,0.0,4.981985342503866,3.3906911573082255,6.0149816569697165
34.63793103448276,4.655173103448276,0.1111111111111111,4.800215590963434,3.310663760330998,6.002662769201537
34.63793103448276,4.655173103448276,0.2222222222222222,4.653836533054979,3.246497274800124,5.97705011637506
34.63793103448276,4.655173103448276,0.3333333333333333,4.529421953984406,3.193035218519655,5.946571370469273
34.63793103448276,4.655173103448276,0.4444444444444444,4.419935430266522,3.1472178179541976,5.914490486105957
34.63793103448276,4.655173103448276,0.5555555555555556,4.321269007852119,3.107111087705348,5.8822136684195945
34.63793103448276,4.655173103448276,0.6666666666666666,4.230817558045552,3.0714200200500743,5.85038233587389
34.63793103448276,4.655173103448276,0.7777777777777777,4.146822028601153,3.0392360325781396,5.819290856230204
34.63793103448276,4.655173103448276,0.8888888888888888,4.068035672488824,3.009897482846803,5.789065130659638
34.63793103448276,4.655173103448276,1.0,3.9935404112668866,2.9829079176870645,5.759745675039939
34.63793103448276,5.1724144482758625,0.0,4.981985342503866,3.4280999209214134,5.97483865642965
34.63793103448276,5.1724144482758625,0.1111111111111111,4.813680539703054,3.3581513708240087,5.965119738835918
34.63793103448276,5.1724144482758625,0.2222222222222222,4.67561850929708,3.3007525086102527,5.943464381390127
34.63793103448276,5.1724144482758625,0.3333333333333333,4.557143457916887,3.2521672443250624,5.916872098834871
34.63793103448276,5.1724144482758625,0.4444444444444444,4.452333899265042,3.2100472610683406,5.888324202064927
34.63793103448276,5.1724144482758625,0.5555555555555556,4.357601478087957,3.1728489256032777,5.859207835586008
34.63793103448276,5.1724144482758625,0.6666666666666666,4.27061316119155,3.139509953631953,5.830205588862989
34.63793103448276,5.1724144482758625,0.7777777777777777,4.189765746982436,3.1092700522719423,5.8016613378259105
34.63793103448276,5.1724144482758625,0.8888888888888888,4.1139081685065895,3.0815671416862878,5.773745647896485
34.63793103448276,5.1724144482758625,1.0,4.042184335005785,3.055974434626808,5.746536385900259
34.63793103448276,5.689655793103449,0.0,4.981985342503865,3.459413623617337,5.939301697100971
34.63793103448276,5.689655793103449,0.1111111111111111,4.825377967628422,3.397474653920626,5.931430096903953
34.63793103448276,5.689655793103449,0.2222222222222222,4.694850397805851,3.345657253368032,5.9129158546033285
34.63793103448276,5.689655793103449,0.3333333333333333,4.581844457385401,3.301189351314275,5.889560908173245
34.63793103448276,5.689655793103449,0.4444444444444444,4.481357302064139,3.2622426542863803,5.864041760859816
34.63793103448276,5.689655793103449,0.5555555555555556,4.390252347347906,3.227572733995211,5.837686082253273
34.63793103448276,5.689655793103449,0.6666666666666666,4.3064417263704575,3.1963012707099563,5.811187112698786
34.63793103448276,5.689655793103449,0.7777777777777777,4.228466218526616,3.1677876295293665,5.784917460925326
34.63793103448276,5.689655793103449,0.8888888888888888,4.155264821219891,3.141551214237979,5.759078330306913
34.63793103448276,5.689655793103449,1.0,4.086040703600879,3.1172228271042424,5.733775315696699
34.63793103448276,6.206897137931034,0.0,4.981985342503866,3.486045526859878,5.907606180141734
34.63793103448276,6.206897137931034,0.1111111111111111,4.835619315253385,3.4306008703031883,5.901059693328078
34.63793103448276,6.206897137931034,0.2222222222222222,4.711932540037471,3.3834556291796622,5.8850553742728735
34.63793103448276,6.206897137931034,0.3333333333333333,4.603973296740537,3.342508666367064,5.864406268302126
34.63793103448276,6.206897137931034,0.4444444444444444,4.507495638217083,3.3063172736570396,5.841488879865412
34.63793103448276,6.206897137931034,0.5555555555555556,4.419753981075882,3.2738687530786135,5.817548417820833
34.63793103448276,6.206897137931034,0.6666666666666666,4.338879940251702,3.244431571632317,5.793267718642398
34.63793103448276,6.206897137931034,0.7777777777777777,4.263546335601089,3.217462581886281,5.769032517272255
34.63793103448276,6.206897137931034,0.8888888888888888,4.192776254942008,3.1925485763371277,5.7450635631016
34.63793103448276,6.206897137931034,1.0,4.125828986782684,3.1693685160105445,5.72148629800009
34.63793103448276,6.724138482758621,0.0,4.981985342503866,3.5089961996241437,5.8791500526064215
34.63793103448276,6.724138482758621,0.1111111111111111,4.844650075869002,3.458907506787759,5.8735617428959905
34.63793103448276,6.724138482758621,0.2222222222222222,4.727189406179008,3.4157228873781023,5.859576884916783
34.63793103448276,6.724138482758621,0.3333333333333333,4.623895926074433,3.377818995681758,5.841198137165331
34.63793103448276,6.724138482758621,0.4444444444444444,4.53114832511177,3.3440429349290737,5.820521094840489
34.63793103448276,6.724138482758621,0.5555555555555556,4.446538488615889,3.3135631893724216,5.798697360756944
34.63793103448276,6.724138482758621,0.6666666666666666,4.36839359042032,3.285766282031752,5.776385448193027
34.63793103448276,6.724138482758621,0.7777777777777777,4.295506855933009,3.2601890975087446,5.7539727647171
34.63793103448276,6.724138482758621,0.8888888888888888,4.226979396825262,3.236474601293695,5.731690977701733
34.63793103448276,6.724138482758621,1.0,4.162123280930583,3.2143423674940457,5.709679005563948
34.63793103448276,7.241379827586207,0.0,4.981985342503866,3.5289955316054455,5.8534524357356235
34.63793103448276,7.241379827586207,0.1111111111111111,4.852665602961521,3.4833887834790573,5.848561557058418
34.63793103448276,7.241379827586207,0.2222222222222222,4.740886086649412,3.4435983679989417,5.836212964402559
34.63793103448276,7.241379827586207,0.3333333333333333,4.641913896147071,3.4083483992962056,5.819747169809444
34.63793103448276,7.241379827586207,0.4444444444444444,4.552644648104244,3.3767066465272277,5.801004488475672
34.63793103448276,7.241379827586207,0.5555555555555556,4.470961104951165,3.3479845291298234,5.78103955970882
34.63793103448276,7.241379827586207,0.6666666666666666,4.3953641015706095,3.321664199786176,5.760477916964066
34.63793103448276,7.241379827586207,0.7777777777777777,4.324756183491073,3.29734867047448,5.739700460686456
34.63793103448276,7.241379827586207,0.8888888888888888,4.2583105049017576,3.274728028523044,5.718943180425489
34.63793103448276,7.241379827586207,1.0,4.195388509186266,3.2535563220790418,5.698353388312167
34.63793103448276,7.758621172413793,0.0,4.981985342503865,3.546589467884286,5.830124336920402
34.63793103448276,7.758621172413793,0.1111111111111111,4.859822790223504,3.5047808710399204,5.825743772260889
34.63793103448276,7.758621172413793,0.2222222222222222,4.7532407735399484,3.467927116620684,5.814730295082172
34.63793103448276,7.758621172413793,0.3333333333333333,4.658277766679538,3.4350098862065437,5.799883426872485
34.63793103448276,7.758621172413793,0.4444444444444444,4.572258727834629,3.405267054657643,5.782815824730141
34.63793103448276,7.758621172413793,0.5555555555555556,4.493317087428919,3.3781237765180854,5.764486731474008
34.63793103448276,7.758621172413793,0.6666666666666666,4.420107555169685,3.353140186071365,5.745483843718932
34.63793103448276,7.758621172413793,0.7777777777777777,4.351631608653699,3.329974248896798,5.726175912102294
34.63793103448276,7.758621172413793,0.8888888888888888,4.287128667930171,3.308355795109313,5.706798303045383
34.63793103448276,7.758621172413793,1.0,4.226006175284489,3.2880682924239704,5.68750272134527
34.63793103448276,8.275862517241379,0.0,4.981985342503866,3.5621951531636107,5.8088475101710415
34.63793103448276,8.275862517241379,0.1111111111111111,4.866248765225224,3.52364090340906,5.80484183798999
34.63793103448276,8.275862517241379,0.2222222222222222,4.764434314060807,3.489349484134043,5.794925365847069
34.63793103448276,8.275862517241379,0.3333333333333333,4.673197277107539,3.4584968762715653,5.781454828485988
34.63793103448276,8.275862517241379,0.4444444444444444,4.590220703530777,3.430453634096258,5.7658422985552225
34.63793103448276,8.275862517241379,0.5555555555555556,4.513854189208055,3.404736165689817,5.748956137156585
34.63793103448276,8.275862517241379,0.6666666666666666,4.442888612629137,3.380968600882277,5.731344029420984
34.63793103448276,8.275862517241379,0.7777777777777777,4.376414770772456,3.3588548162684555,5.71335886834061
34.63793103448276,8.275862517241379,0.8888888888888888,4.3137328553879275,3.338158322121489,5.695231774042565
34.63793103448276,8.275862517241379,1.0,4.254293020105041,3.3186878072931445,5.6771157403662915
34.63793103448276,8.793103862068964,0.0,4.981985342503866,3.576137208070645,5.789358929771162
34.63793103448276,8.793103862068964,0.1111111111111111,4.872047411798766,3.5403985545432963,5.785629439041375
34.63793103448276,8.793103862068964,0.2222222222222222,4.774617592842762,3.5083597730778973,5.776620548401644
34.63793103448276,8.793103862068964,0.3333333333333333,4.686849177356002,3.4793457730588186,5.764325517361492
34.63793103448276,8.793103862068964,0.4444444444444444,4.6067252396060505,3.452831754625524,5.749981047575494
34.63793103448276,8.793103862068964,0.5555555555555556,4.532782042788783,3.428407929859911,5.734370746654603
34.63793103448276,8.793103862068964,0.6666666666666666,4.463930902967275,3.4057512687346643,5.7180019590534
34.63793103448276,8.793103862068964,0.7777777777777777,4.39934312702255,3.384604197137711,5.701209464660268
34.63793103448276,8.793103862068964,0.8888888888888888,4.338374513943014,3.364758893418879,5.684217559878589
34.63793103448276,8.793103862068964,1.0,4.280514772046848,3.3460457563019284,5.667178160098934
34.63793103448276,9.310345206896551,0.0,4.981985342503865,3.5886723032218093,5.771439205904976
34.63793103448276,9.310345206896551,0.1111111111111111,4.877304304105741,3.5553907039222237,5.767913523470997
34.63793103448276,9.310345206896551,0.2222222222222222,4.783917284537514,3.5253457587619206,5.759660602335703
34.63793103448276,9.310345206896551,0.3333333333333333,4.699383333261137,3.497978201005961,5.748374235485874
34.63793103448276,9.310345206896551,0.4444444444444444,4.62193809697755,3.472846638283978,5.735138527636292
34.63793103448276,9.310345206896551,0.5555555555555556,4.550279337881417,3.4496014359359948,5.720659195454041
34.63793103448276,9.310345206896551,0.6666666666666666,4.48342490594777,3.4279634523272358,5.705404142580721
34.63793103448276,9.310345206896551,0.7777777777777777,4.420618604637992,3.4077076373365642,5.68968885256655
34.63793103448276,9.310345206896551,0.8888888888888888,4.3612670299664,3.3886506720929774,5.673729037762697
34.63793103448276,9.310345206896551,1.0,4.304896446265746,3.3706417124057877,5.657673765238316
34.63793103448276,9.827586551724137,0.0,4.981985342503866,3.6000062351033693,5.754903817462465
34.63793103448276,9.827586551724137,0.1111111111111111,4.882090470733122,3.5688853362286173,5.751528640697325
34.63793103448276,9.827586551724137,0.2222222222222222,4.792440370763475,3.5406160038146925,5.7439096118626605
34.63793103448276,9.827586551724137,0.3333333333333333,4.710927538256057,3.5147302510739453,5.73349277721643
34.63793103448276,9.827586551724137,0.4444444444444444,4.636001277876325,3.4908538261559214,5.72122982212167
34.63793103448276,9.827586551724137,0.5555555555555556,4.566499393754545,3.4686864865079023,5.707755606520761
34.63793103448276,9.827586551724137,0.6666666666666666,4.5015340267582955,3.4479857534783345,5.693500275352321
34.63793103448276,9.827586551724137,0.7777777777777777,4.440414229497149,3.428554145120215,5.678759609525581
34.63793103448276,9.827586551724137,0.8888888888888888,4.382592947041808,3.410229367819273,5.663739607711258
34.63793103448276,9.827586551724137,1.0,4.327630175121083,3.3928768398092615,5.648585199236894
34.63793103448276,10.344827896551724,0.0,4.981985342503866,3.6103060591275886,5.739596390472522
34.63793103448276,10.344827896551724,0.1111111111111111,4.886465290472394,3.5810983914886028,5.736332338561561
34.63793103448276,10.344827896551724,0.2222222222222222,4.800277712024498,3.554419158870633,5.729248329190237
34.63793103448276,10.344827896551724,0.3333333333333333,4.721591341071958,3.529873186727884,5.719584553195252
34.63793103448276,10.344827896551724,0.4444444444444444,4.649037101136156,3.507140773700678,5.708177932001548
34.63793103448276,10.344827896551724,0.5555555555555556,4.581574542128591,3.4859625224592885,5.695599328420485
34.63793103448276,10.344827896551724,0.6666666666666666,4.518399341823639,3.466126752201002,5.68224327430934
34.63793103448276,10.344827896551724,0.7777777777777777,4.458879275723525,3.447459453944585,5.66838599209278
34.63793103448276,10.344827896551724,0.8888888888888888,4.402509548393825,3.4298164438486607,5.654223117729792
34.63793103448276,10.344827896551724,1.0,4.34888124422519,3.413077286418969,5.639894535971998
34.63793103448276,10.86206924137931,0.0,4.981985342503866,3.61970888198328,5.725383483652533
34.63793103448276,10.86206924137931,0.1111111111111111,4.890478738591563,3.5922058829950694,5.722201412369159
34.63793103448276,10.86206924137931,0.2222222222222222,4.8075068912690435,3.566957869994806,5.715571886297836
34.63793103448276,10.86206924137931,0.3333333333333333,4.731469115916072,3.5436283942911304,5.706563280749002
34.63793103448276,10.86206924137931,0.4444444444444444,4.661151463533593,3.521942463351072,5.695913077214538
34.63793103448276,10.86206924137931,0.5555555555555556,4.595619614757476,3.501674687278771,5.684134625476904
34.63793103448276,10.86206924137931,0.6666666666666666,4.534143352468135,3.4826393957474173,5.67158922999462
34.63793103448276,10.86206924137931,0.7777777777777777,4.4761433172461205,3.4646826534756245,5.658534077683684
34.63793103448276,10.86206924137931,0.8888888888888888,4.42115323000845,3.4476759325384445,5.645154153782249
34.63793103448276,10.86206924137931,1.0,4.368792804667857,3.431511142083432,5.6315836933457915
34.63793103448276,11.379310586206897,0.0,4.981985342503866,3.6283283456008695,5.712150499187283
34.63793103448276,11.379310586206897,0.1111111111111111,4.894173143384675,3.6023527676780103,5.709028838353445
34.63793103448276,11.379310586206897,0.2222222222222222,4.8141944920836925,3.5783989760115538,5.702787832405034
34.63793103448276,11.379310586206897,0.3333333333333333,4.7406425433356825,3.556178367304871,5.694351804473379
34.63793103448276,11.379310586206897,0.4444444444444444,4.672436473481506,3.5354528915006287,5.684372028456619
34.63793103448276,11.379310586206897,0.5555555555555556,4.60873474740844,3.5160256569409554,5.673310344832015
34.63793103448276,11.379310586206897,0.6666666666666666,4.548872986972598,3.4977330749042648,5.661497302924503
34.63793103448276,11.379310586206897,0.7777777777777777,4.492319452275176,3.480438449890598,5.649171827363252
34.63793103448276,11.379310586206897,0.8888888888888888,4.43864296653504,3.4640268368673226,5.636508231348312
34.63793103448276,11.379310586206897,1.0,4.387489594901399,3.448400950585533,5.623634730626569
34.63793103448276,11.896551931034482,0.0,4.981985342503866,3.6362594842695573,5.6997984439337515
34.63793103448276,11.896551931034482,0.1111111111111111,4.897584570523698,3.6116595433311964,5.696721257246722
34.63793103448276,11.896551931034482,0.2222222222222222,4.820397935109035,3.588881103212524,5.690814454809253
34.63793103448276,11.896551931034482,0.3333333333333333,4.749182628412377,3.5676749037321445,5.682881043408605
34.63793103448276,11.896551931034482,0.4444444444444444,4.682972595092187,3.5478336534692967,5.673497480416364
34.63793103448276,11.896551931034482,0.5555555555555556,4.6210076551417965,3.529184489852237,5.6630795774174825
34.63793103448276,11.896551931034482,0.6666666666666666,4.562682025651315,3.511582664334388,5.651929584746258
34.63793103448276,11.896551931034482,0.7777777777777777,4.507506896452306,3.494906348522437,5.640269093061744
34.63793103448276,11.896551931034482,0.8888888888888888,4.455083087580738,3.4790524226825292,5.628261915161459
34.63793103448276,11.896551931034482,1.0,4.405080912110825,3.463933088257147,5.616030059628308
34.63793103448276,12.413793275862067,0.0,4.981985342503865,3.6435824147466556,5.688241340625727
34.63793103448276,12.413793275862067,0.1111111111111111,4.900743922302613,3.6202272261897988,5.6851969008374414
34.63793103448276,12.413793275862067,0.2222222222222222,4.8261669670585,3.5985204020028987,5.6795793436914055
34.63793103448276,12.413793275862067,0.3333333333333333,4.757151352754135,3.57824530961451,5.672089057063428
34.63793103448276,12.413793275862067,0.4444444444444444,4.692830406335903,3.5592204505246423,5.663237472003361
34.63793103448276,12.413793275862067,0.5555555555555556,4.632515493941521,3.541293341849899,5.653399324208358
34.63793103448276,12.413793275862067,0.6666666666666666,4.5756530776161215,3.5243353870963987,5.642850938751054
34.63793103448276,12.413793275862067,0.7777777777777777,4.521793088174643,3.5082376301819047,5.631797586252568
34.63793103448276,12.413793275862067,0.8888888888888888,4.47056552339108,3.492907281304416,5.620392886564464
34.63793103448276,12.413793275862067,1.0,4.421663007930505,3.4782648948774435,5.608752591699796
34.63793103448276,12.931034620689655,0.0,4.981985342503866,3.6503651757448936,5.677404141070831
34.63793103448276,12.931034620689655,0.1111111111111111,4.903677816801273,3.628141155757365,5.674383876247599
34.63793103448276,12.931034620689655,0.2222222222222222,4.831544874895099,3.607414935841657,5.669018165529629
34.63793103448276,12.931034620689655,0.3333333333333333,4.764603034515099,3.5879971539936295,5.661920220460068
34.63793103448276,12.931034620689655,0.4444444444444444,4.702072050254595,3.5697280850235407,5.653544855439333
34.63793103448276,12.931034620689655,0.5555555555555556,4.64332639532683,3.5524726267956694,5.644230175099093
34.63793103448276,12.931034620689655,0.6666666666666666,4.587859205341102,3.536116094360325,5.634228830067837
34.63793103448276,12.931034620689655,0.7777777777777777,4.535255412713452,3.5205607199925586,5.6237308205332734
34.63793103448276,12.931034620689655,0.8888888888888888,4.485171637628556,3.505722767216503,5.61287997281333
34.63793103448276,12.931034620689655,1.0,4.437321037660789,3.4915301660090856,5.601785836750731
34.63793103448276,13.44827596551724,0.0,4.981985342503866,3.6566659383656597,5.667221030777532
34.63793103448276,13.44827596551724,0.1111111111111111,4.90640929589233,3.63547393794818,5.664218740054979
34.63793103448276,13.44827596551724,0.2222222222222222,4.836569481292578,3.6156480784758918,5.659073614114279
34.63793103448276,13.44827596551724,0.3333333333333333,4.771585454072972,3.5970219557651437,5.65232449760396
34.63793103448276,13.44827596551724,0.4444444444444444,4.710752440027235,3.5794543394925933,5.644376813692688
34.63793103448276,13.44827596551724,0.5555555555555556,4.6535007399935395,3.562825028823037,5.635536004877936
34.63793103448276,13.44827596551724,0.6666666666666666,4.599365269739426,3.547031373766533,5.62603315277206
34.63793103448276,13.44827596551724,0.7777777777777777,4.547962625346557,3.531985367720165,5.616044037201453
34.63793103448276,13.44827596551724,0.8888888888888888,4.498973735479757,3.517611234045458,5.605703148963737
34.63793103448276,13.44827596551724,1.0,4.452130659539821,3.5038434332163653,5.595113966415059
34.63793103448276,13.965517310344827,0.0,4.981985342503866,3.6625347451571906,5.6576340415351725
34.63793103448276,13.965517310344827,0.1111111111111111,4.9089583991749866,3.642287746579525,5.654645308148716
32.93103448275862,11.896551931034482,0.6666666666666666,4.528653441382997,3.467681461341424,5.626535212814114
32.93103448275862,11.896551931034482,0.7777777777777777,4.475325956717694,3.451624447908009,5.61446118736325
32.93103448275862,11.896551931034482,0.8888888888888888,4.424561952213549,3.436329632081678,5.602132233262464
32.93103448275862,11.896551931034482,1.0,4.376061037062577,3.4217173806302092,5.5896497608373386
32.93103448275862,12.413793275862067,0.0,4.929884492381998,3.5944103377224135,5.669643368286543
32.93103448275862,12.413793275862067,0.1111111111111111,4.852741577571554,3.5722803455608054,5.664681402073109
32.93103448275862,12.413793275862067,0.2222222222222222,4.781652632164116,3.5516449260099434,5.657595161417094
32.93103448275862,12.413793275862067,0.3333333333333333,4.715640989735988,3.5323135340303797,5.6489745017860615
32.93103448275862,12.413793275862067,0.4444444444444444,4.653935456801697,3.514125299766955,5.639248000277333
32.93103448275862,12.413793275862067,0.5555555555555556,4.595920251454765,3.4969442976704226,5.62872892281049
32.93103448275862,12.413793275862067,0.6666666666666666,4.5410980225224655,3.4806553631972483,5.617648001419868
32.93103448275862,12.413793275862067,0.7777777777777777,4.4890625165602005,3.4651605321173045,5.606176525917464
32.93103448275862,12.413793275862067,0.8888888888888888,4.439478282565076,3.450376079900438,5.5944426035737225
32.93103448275862,12.413793275862067,1.0,4.392065490917486,3.4362300916897914,5.582542669465875
32.93103448275862,12.931034620689655,0.0,4.929884492381998,3.6016137624633817,5.658724892718156
32.93103448275862,12.931034620689655,0.1111111111111111,4.855513937773184,3.5805557219715993,5.653901256780436
32.93103448275862,12.931034620689655,0.2222222222222222,4.786753235125639,3.5608540735999634,5.647136706226682
32.93103448275862,12.931034620689655,0.3333333333333333,4.722731880648436,3.542342718341697,5.638949205123234
32.93103448275862,12.931034620689655,0.4444444444444444,4.6627557706840275,3.5248804483738057,5.629720930153465
32.93103448275862,12.931034620689655,0.5555555555555556,4.606265742381003,3.50834711614762,5.619735225739454
32.93103448275862,12.931034620689655,0.6666666666666666,4.5528065838778,3.492640241625517,5.609203532737405
32.93103448275862,12.931034620689655,0.7777777777777777,4.502003848035494,3.4776721033360176,5.598284735071892
32.93103448275862,12.931034620689655,0.8888888888888888,4.453546432102088,3.463367296664921,5.587099023024715
32.93103448275862,12.931034620689655,1.0,4.4071734033783665,3.449660709677654,5.575737861599486
32.93103448275862,13.44827596551724,0.0,4.929884492381999,3.6083049531087346,5.648458443462649
32.93103448275862,13.44827596551724,0.1111111111111111,4.858095995086032,3.588224682072762,5.6437575362989465
32.93103448275862,13.44827596551724,0.2222222222222222,4.79151978796653,3.5693801440896604,5.6372794596808795
32.93103448275862,13.44827596551724,0.3333333333333333,4.729376804339417,3.5516257549774655,5.629480634318892
32.93103448275862,13.44827596551724,0.4444444444444444,4.671040263345411,3.5348369648457325,5.620702623129791
32.93103448275862,13.44827596551724,0.5555555555555556,4.616001085001329,3.5189071234723763,5.6112020067650175
32.93103448275862,13.44827596551724,0.6666666666666666,4.56384176460618,3.5037447026286497,5.601172595094076
32.93103448275862,13.44827596551724,0.7777777777777777,4.514216608894418,3.4892709004780724,5.590761679108435
32.93103448275862,13.44827596551724,0.8888888888888888,4.466836726028854,3.4754176143034723,5.580081869643647
32.93103448275862,13.44827596551724,1.0,4.421458558265276,3.46212574494294,5.56921973642318
32.93103448275862,13.965517310344827,0.0,4.929884492381998,3.6145371709979393,5.638786835460162
32.93103448275862,13.965517310344827,0.1111111111111111,4.860506493329867,3.5953520403590975,5.634195795241297
32.93103448275862,13.965517310344827,0.2222222222222222,4.795983571792163,3.577296738170111,5.627974151359132
32.93103448275862,13.965517310344827,0.3333333333333333,4.735615814958563,3.560243013209036,5.620525437693609
32.93103448275862,13.965517310344827,0.4444444444444444,4.678835464195338,3.544080511238936,5.6121556002499045
32.93103448275862,13.965517310344827,0.5555555555555556,4.625177868861445,3.528714185962132,5.603097278740867
32.93103448275862,13.965517310344827,0.6666666666666666,4.574259335568259,3.5140620049863003,5.593528198894372
32.93103448275862,13.965517310344827,0.7777777777777777,4.525760202771181,3.500052961974363,5.583584861684152
32.93103448275862,13.965517310344827,0.8888888888888888,4.479411858824867,3.486625382605491,5.573372670579579
32.93103448275862,13.965517310344827,1.0,4.434986730407606,3.4737254965334965,5.562973425378248
32.93103448275862,14.482758655172413,0.0,4.929884492381999,3.6203564817830363,5.629659428444158
32.93103448275862,14.482758655172413,0.1111111111111111,4.862761818096801,3.6019936337573064,5.6251675810986415
32.93103448275862,14.482758655172413,0.2222222222222222,4.800172139038334,3.5846672129368464,5.619176619459078
32.93103448275862,14.482758655172413,0.3333333333333333,4.7414843903258586,3.5682637052464568,5.612044460665839
32.93103448275862,14.482758655172413,0.4444444444444444,4.686182751493291,3.552684920468478,5.604045752655833
32.93103448275862,14.482758655172413,0.5555555555555556,4.633842097459107,3.5378458356811344,5.595391710732611
32.93103448275862,14.482758655172413,0.6666666666666666,4.584109116090889,3.523672685313767,5.586245405922335
32.93103448275862,14.482758655172413,0.7777777777777777,4.536687748250095,3.510101299820144,5.576733327296163
32.93103448275862,14.482758655172413,0.8888888888888888,4.491327918470591,3.49707568135487,5.566954061074434
32.93103448275862,14.482758655172413,1.0,4.447816768192964,3.4845467946936686,5.556984798090886
32.93103448275862,15.0,0.0,4.929884492381998,3.6258029392599544,5.621031210918739
32.93103448275862,15.0,0.1111111111111111,4.864876352536702,3.6081978318715056,5.616629639515799
32.93103448275862,15.0,0.2222222222222222,4.804109844640843,3.591546408840566,5.6108471842822505
32.93103448275862,15.0,0.3333333333333333,4.747014056942335,3.575747759844613,5.604002275054103
32.93103448275862,15.0,0.4444444444444444,4.69311903656725,3.560714171813322,5.596341999273414
32.93103448275862,15.0,0.5555555555555556,4.64203491851858,3.5463693188577707,5.588058387241154
32.93103448275862,15.0,0.6666666666666666,4.593435746651456,3.5326466602274715,5.579301168156113
32.93103448275862,15.0,0.7777777777777777,4.547046894320422,3.519488042513932,5.570187562938918
32.93103448275862,15.0,0.8888888888888888,4.502635246573182,3.5068424950411905,5.560809736543595
32.93103448275862,15.0,1.0,4.4600015007320675,3.4946652009552177,5.551240455758747
34.63793103448276,1e-06,0.0,4.981985342503865,3.045755730443128,6.974940334131912
34.63793103448276,1e-06,0.1111111111111111,4.465992603833,3.0457030703550214,6.6643316107003665
34.63793103448276,1e-06,0.2222222222222222,4.1837967331923105,3.045756375413225,6.49495659893219
34.63793103448276,1e-06,0.3333333333333333,3.960353582807798,3.0457564520825855,6.365996745377006
34.63793103448276,1e-06,0.4444444444444444,3.7670120576484343,3.045756465776666,6.258079955640298
34.63793103448276,1e-06,0.5555555555555556,3.5942311627621972,3.045756480954864,6.163418543596227
34.63793103448276,1e-06,0.6666666666666666,3.4393031658270843,3.045756498572368,6.077990489379148
34.63793103448276,1e-06,0.7777777777777777,3.30318093099094,3.0457564837137823,5.999410403462911
34.63793103448276,1e-06,0.8888888888888888,3.188935905545697,3.045756475750429,5.926130944511415
34.63793103448276,1e-06,1.0,3.1001374119750182,3.0457564690007284,5.857082692173256
34.63793103448276,0.5172423448275862,0.0,4.981985342503866,2.166657695662382,6.744542277123726
34.63793103448276,0.5172423448275862,0.1111111111111111,4.541951536779397,2.3757057208536225,6.547496465815687
34.63793103448276,0.5172423448275862,0.2222222222222222,4.284492205042454,2.4600407129971504,6.411819644362905
34.63793103448276,0.5172423448275862,0.3333333333333333,4.0812662698208095,2.504386141545453,6.302983879049034
34.63793103448276,0.5172423448275862,0.4444444444444444,3.9061069441898932,2.5314167057545336,6.209918612798318
34.63793103448276,0.5172423448275862,0.5555555555555556,3.7488405962309206,2.5491954941349344,6.127492544923976
34.63793103448276,0.5172423448275862,0.6666666666666666,3.6046988559853164,2.5613992294504113,6.0528453696861675
34.63793103448276,0.5172423448275862,0.7777777777777777,3.471448041604175,2.5699791460258288,5.984195033098173
34.63793103448276,0.5172423448275862,0.8888888888888888,3.348338956538235,2.576081980886051,5.920344258746619
34.63793103448276,0.5172423448275862,1.0,3.23562825307583,2.580432644304944,5.860443151933232
34.63793103448276,1.0344836896551723,0.0,4.981985342503866,2.366930318553019,6.572702540437081
34.63793103448276,1.0344836896551723,0.1111111111111111,4.601542622349072,2.038189860215405,6.444539674252278
34.63793103448276,1.0344836896551723,0.2222222222222222,4.364554937582253,1.9975017321030137,6.33625491613123
34.63793103448276,1.0344836896551723,0.3333333333333333,4.176954120593606,2.016244761607283,6.244358949397598
34.63793103448276,1.0344836896551723,0.4444444444444444,4.015731538569768,2.044479511635244,6.1637203229497715
34.63793103448276,1.0344836896551723,0.5555555555555556,3.871310275690296,2.071147430091524,6.0912897501908745
34.63793103448276,1.0344836896551723,0.6666666666666666,3.7387865245556506,2.094192615373843,6.025153941203289
34.63793103448276,1.0344836896551723,0.7777777777777777,3.6153934396752128,2.1137036836633873,5.9640314632810005
34.63793103448276,1.0344836896551723,0.8888888888888888,3.499534801154425,2.1302222303415186,5.907017279728691
34.63793103448276,1.0344836896551723,1.0,3.3903554746583757,2.144308280303516,5.853444688850641
34.63793103448276,1.5517250344827584,0.0,4.981985342503866,2.752799812052666,6.439695823450777
34.63793103448276,1.5517250344827584,0.1111111111111111,4.6490218610098895,2.4486044868197117,6.354271964060291
34.63793103448276,1.5517250344827584,0.2222222222222222,4.42973630061869,2.283711017965371,6.267854116773584
34.63793103448276,1.5517250344827584,0.3333333333333333,4.254932184070438,2.18126610546938,6.190193613641883
34.63793103448276,1.5517250344827584,0.4444444444444444,4.104772661115173,2.1149040817773237,6.1201288500836695
34.63793103448276,1.5517250344827584,0.5555555555555556,3.9705339692659636,2.0712311127210588,6.056181077807324
34.63793103448276,1.5517250344827584,0.6666666666666666,3.847556954017555,2.0423684755838574,5.997196958953606
34.63793103448276,1.5517250344827584,0.7777777777777777,3.7330666579861904,2.023382189627018,5.942313456145856
34.63793103448276,1.5517250344827584,0.8888888888888888,3.6253057235435255,2.011083433509616,5.890877568128053
34.63793103448276,1.5517250344827584,1.0,3.5231343029555444,2.0033696215454784,5.842384922005716
34.63793103448276,2.068966379310345,0.0,4.981985342503866,2.9744920968146666,6.333602008357779
34.63793103448276,2.068966379310345,0.1111111111111111,4.687355957663198,2.7534643355190043,6.27528724200421
34.63793103448276,2.068966379310345,0.2222222222222222,4.4837249587007175,2.6133364587250156,6.206102108628995
34.63793103448276,2.068966379310345,0.3333333333333333,4.319848378588377,2.512227546144065,6.140347441145227
34.63793103448276,2.068966379310345,0.4444444444444444,4.178845076460999,2.434790011583023,6.079320964835153
34.63793103448276,2.068966379310345,0.5555555555555556,4.05289284789226,2.3733872027469762,6.022674707386576
34.63793103448276,2.068966379310345,0.6666666666666666,3.937677584495781,2.323552619088309,5.9698449456901015
34.63793103448276,2.068966379310345,0.7777777777777777,3.8305551587348745,2.282403674946563,5.920308710714961
36.3448275862069,4.13793175862069,0.4444444444444444,4.406129547224176,3.123752941573413,5.971131661772502
36.3448275862069,4.13793175862069,0.5555555555555556,4.300342948832607,3.0789085697761567,5.935338525198367
36.3448275862069,4.13793175862069,0.6666666666666666,4.203770502174061,3.0394135006858534,5.900246167047468
36.3448275862069,4.13793175862069,0.7777777777777777,4.1143401088290235,3.0041052290456385,5.866153567763487
36.3448275862069,4.13793175862069,0.8888888888888888,4.0306119136487775,2.9721532293523474,5.833167405927027
36.3448275862069,4.13793175862069,1.0,3.951542038470752,2.942943701371986,5.801302910591706
36.3448275862069,4.655173103448276,0.0,5.031139750305939,3.4529933913077846,6.0314654379845045
36.3448275862069,4.655173103448276,0.1111111111111111,4.839150378657415,3.3690512615072037,6.025641976689378
36.3448275862069,4.655173103448276,0.2222222222222222,4.686169278988994,3.3020873644683455,6.002860016076055
36.3448275862069,4.655173103448276,0.3333333333333333,4.557074700858107,3.2465408657117454,5.973695392610812
36.3448275862069,4.655173103448276,0.4444444444444444,4.444040918544847,3.1991092912347328,5.942220929980195
36.3448275862069,4.655173103448276,0.5555555555555556,4.3425546069276475,3.1577129703370828,5.910190961383092
36.3448275862069,4.655173103448276,0.6666666666666666,4.249782122179667,3.120965408487878,5.878413640605036
36.3448275862069,4.655173103448276,0.7777777777777777,4.163825497527915,3.0878978182339214,5.847269840006642
36.3448275862069,4.655173103448276,0.8888888888888888,4.083348322886627,3.0578072923764386,5.816933078637141
36.3448275862069,4.655173103448276,1.0,4.007371809163525,3.030168115523433,5.787471246301032
36.3448275862069,5.1724144482758625,0.0,5.03113975030594,3.4880724865124915,5.990905717664282
36.3448275862069,5.1724144482758625,0.1111111111111111,4.853508345421796,3.414651778800379,5.9871531237536155
36.3448275862069,5.1724144482758625,0.2222222222222222,4.70916518413158,3.3546945930898615,5.968353548792652
36.3448275862069,5.1724144482758625,0.3333333333333333,4.586131415753398,3.3041604526025687,5.9432055444513745
36.3448275862069,5.1724144482758625,0.4444444444444444,4.477819010239461,3.260508385844385,5.915398848454352
36.3448275862069,5.1724144482758625,0.5555555555555556,4.380278933168374,3.2220734539443865,5.886647137901071
36.3448275862069,5.1724144482758625,0.6666666666666666,4.290967655342217,3.1877144529789274,5.857797401947878
36.3448275862069,5.1724144482758625,0.7777777777777777,4.208150907966439,3.1566177721432487,5.829282273590442
36.3448275862069,5.1724144482758625,0.8888888888888888,4.130591547945451,3.1281840437591533,5.801322897665738
36.3448275862069,5.1724144482758625,1.0,4.057374434621341,3.101959612968753,5.774027184246561
36.3448275862069,5.689655793103449,0.0,5.031139750305939,3.517462171759304,5.955097855277525
36.3448275862069,5.689655793103449,0.1111111111111111,4.865966034407222,3.4524084296642337,5.95269528696852
36.3448275862069,5.689655793103449,0.2222222222222222,4.729463974548848,3.3982387281033755,5.9370063498625
36.3448275862069,5.689655793103449,0.3333333333333333,4.612028153980805,3.351944279464053,5.91518005670721
36.3448275862069,5.689655793103449,0.4444444444444444,4.508092099579155,3.3115414405438326,5.890505991675257
36.3448275862069,5.689655793103449,0.5555555555555556,4.414199582216676,3.2756841246187802,5.864612321348824
36.3448275862069,5.689655793103449,0.6666666666666666,4.328070005137552,3.243425820392886,5.838350610962424
36.3448275862069,5.689655793103449,0.7777777777777777,4.248121324250759,3.214078722822115,5.812182078587475
36.3448275862069,5.689655793103449,0.8888888888888888,4.173210486594402,3.187128631803078,5.786359988659514
36.3448275862069,5.689655793103449,1.0,4.102483638499948,3.16218177440616,5.761021728259681
36.3448275862069,6.206897137931034,0.0,5.031139750305939,3.5424751452540013,5.923236517141162
36.3448275862069,6.206897137931034,0.1111111111111111,4.876860292595134,3.4842103469145957,5.921701726631467
36.3448275862069,6.206897137931034,0.2222222222222222,4.747488333415528,3.434891555433728,5.908455534667723
36.3448275862069,6.206897137931034,0.3333333333333333,4.635231634055616,3.392228663269777,5.889383587571041
36.3448275862069,6.206897137931034,0.4444444444444444,4.535366169845414,3.3546517912584335,5.867388963940659
36.3448275862069,6.206897137931034,0.5555555555555556,4.444863647784705,3.321062409502806,5.843989632707108
36.3448275862069,6.206897137931034,0.6666666666666666,4.361679974871015,3.29066987522479,5.8200182474378
36.3448275862069,6.206897137931034,0.7777777777777777,4.284373479276517,3.262889280840213,5.7959472044546345
36.3448275862069,6.206897137931034,0.8888888888888888,4.211889480157148,3.2372771608173134,5.772049597924175
36.3448275862069,6.206897137931034,1.0,4.14343252285386,3.213490040206028,5.748483627745629
36.3448275862069,6.724138482758621,0.0,5.031139750305939,3.564042447244759,5.894691143734964
36.3448275862069,6.724138482758621,0.1111111111111111,4.886456434874541,3.5113806988836194,5.893698981621913
36.3448275862069,6.724138482758621,0.2222222222222222,4.763581329261685,3.466178666969841,5.88238187783796
36.3448275862069,6.724138482758621,0.3333333333333333,4.656123438548681,3.4266589977248065,5.865601158587117
36.3448275862069,6.724138482758621,0.4444444444444444,4.560054202938992,3.391563240896199,5.84590268712291
36.3448275862069,6.724138482758621,0.5555555555555556,4.472715585770944,3.3599868436445894,5.824683206760085
36.3448275862069,6.724138482758621,0.6666666666666666,4.3922750262606876,3.3312648833570733,5.8027411240780005
36.3448275862069,6.724138482758621,0.7777777777777777,4.317419450299747,3.3048972090242024,5.78054727479409
36.3448275862069,6.724138482758621,0.8888888888888888,4.24717659328329,3.2804995328773683,5.7583850172924524
36.3448275862069,6.724138482758621,1.0,4.180806219895435,3.2577709602361082,5.736426345408368
36.3448275862069,7.241379827586207,0.0,5.03113975030594,3.5828443442196254,5.868960545225232
36.3448275862069,7.241379827586207,0.1111111111111111,4.894965365651864,3.534874731127316,5.868290694661782
36.3448275862069,7.241379827586207,0.2222222222222222,4.778023533539487,3.4932041928062643,5.8585058126634975
36.3448275862069,7.241379827586207,0.3333333333333333,4.675018461175122,3.4564292638216787,5.843637964088501
36.3448275862069,7.241379827586207,0.4444444444444444,4.582497101447254,3.4235290150331776,5.825911629779879
36.3448275862069,7.241379827586207,0.5555555555555556,4.4981211274928325,3.3937522353752736,5.806600214471237
36.3448275862069,7.241379827586207,0.6666666666666666,4.420246401749889,3.3665361002305776,5.786458563259204
36.3448275862069,7.241379827586207,0.7777777777777777,4.347677063059107,3.3414506964455333,5.765946910317318
36.3448275862069,7.241379827586207,0.8888888888888888,4.279517280031009,3.3181615388306818,5.745351575102021
36.3448275862069,7.241379827586207,1.0,4.215078718757648,3.296403999531026,5.72485274010357
36.3448275862069,7.758621172413793,0.0,5.03113975030594,3.599390391740444,5.8456410303263935
36.3448275862069,7.758621172413793,0.1111111111111111,4.90255626326944,3.55539989260053,5.8451439590088015
36.3448275862069,7.758621172413793,0.2222222222222222,4.791046037823181,3.5167874995462673,5.8365831030450215
36.3448275862069,7.758621172413793,0.3333333333333333,4.692178677389252,3.4824278270497313,5.823318480422862
36.3448275862069,7.758621172413793,0.4444444444444444,4.60297900119966,3.4514834048430405,5.807290312541159
36.3448275862069,7.758621172413793,0.5555555555555556,4.521384550524488,3.423325284385588,5.789652110833497
36.3448275862069,7.758621172413793,0.6666666666666666,4.445918553495261,3.3974740935095844,5.771110185764261
36.3448275862069,7.758621172413793,0.7777777777777777,4.375491570007346,3.3735584443383555,5.75210800321384
36.3448275862069,7.758621172413793,0.8888888888888888,4.30927833949369,3.3512859772933,5.732929387366751
36.3448275862069,7.758621172413793,1.0,4.246639079327931,3.3304231087660052,5.713758299247885
36.3448275862069,8.275862517241379,0.0,5.031139750305939,3.61407041936649,5.824403571905242
36.3448275862069,8.275862517241379,0.1111111111111111,4.9093660338508744,3.573491662781443,5.82397802883794
36.3448275862069,8.275862517241379,0.2222222222222222,4.802840459092281,3.53754974665991,5.816400583894473
36.3448275862069,8.275862517241379,0.3333333333333333,4.707823613541796,3.5053298518240754,5.804485175651558
36.3448275862069,8.275862517241379,0.4444444444444444,4.621738717801711,3.4761379260535104,5.7899233277049165
36.3448275862069,8.275862517241379,0.5555555555555556,4.542761424377378,3.4494433190659604,5.773755348643836
36.3448275862069,8.275862517241379,0.6666666666666666,4.469563359432812,3.4248352975863328,5.756637093130238
36.3448275862069,8.275862517241379,0.7777777777777777,4.401151426003365,3.401991489466637,5.738991286360023
36.3448275862069,8.275862517241379,0.8888888888888888,4.336765294209725,3.3806553295318724,5.721095285584856
36.3448275862069,8.275862517241379,1.0,4.27581042552153,3.3606199225884885,5.703133416671337
36.3448275862069,8.793103862068964,0.0,5.031139750305939,3.6271881243954076,5.804977144333771
36.3448275862069,8.793103862068964,0.1111111111111111,4.9155064070051235,3.589563064592567,5.804555088623919
36.3448275862069,8.793103862068964,0.2222222222222222,4.813566698407744,3.5559705865626206,5.797772184777673
36.3448275862069,8.793103862068964,0.3333333333333333,4.722138427085581,3.5256579259139205,5.786997026181801
36.3448275862069,8.793103862068964,0.4444444444444444,4.638978460882789,3.4980444313987014,5.773705043068618
36.3448275862069,8.793103862068964,0.5555555555555556,4.562468198577202,3.472679125290072,5.75883172346079
36.3448275862069,8.793103862068964,0.6666666666666666,4.491410725871322,3.449208072523085,5.742982628457341
36.3448275862069,8.793103862068964,0.7777777777777777,4.424899985278975,3.427350153176755,5.726557416074825
36.3448275862069,8.793103862068964,0.8888888888888888,4.3622352263918325,3.4068793452493713,5.709824181796237
36.3448275862069,8.793103862068964,1.0,4.302863943616141,3.3876117859790567,5.6929650230577895
36.3448275862069,9.310345206896551,0.0,5.03113975030594,3.6389838636195706,5.787136362402966
36.3448275862069,9.310345206896551,0.1111111111111111,4.921069302528526,3.6039379518173345,5.786672747672747
36.3448275862069,9.310345206896551,0.2222222222222222,4.82335900411777,3.5724264028122423,5.780535336432905
36.3448275862069,9.310345206896551,0.3333333333333333,4.73528022192197,3.543823018009106,5.7707279768001944
36.3448275862069,9.310345206896551,0.4444444444444444,4.654870573545664,3.5176377795726648,5.758539110903534
36.3448275862069,9.310345206896551,0.5555555555555556,4.580689538791667,3.493484791994801,5.744808465901113
36.3448275862069,9.310345206896551,0.6666666666666666,4.511656632347307,3.4710573987294944,5.730092841233056
36.3448275862069,9.310345206896551,0.7777777777777777,4.446944323209088,3.450109362421837,5.714767712905542
36.3448275862069,9.310345206896551,0.8888888888888888,4.385906418164402,3.4304408276737197,5.699090040026869
36.3448275862069,9.310345206896551,1.0,4.3280293659722915,3.41188787989348,5.68323776612438
36.3448275862069,9.827586551724137,0.0,5.031139750305939,3.6496505136109056,5.770692173874793
36.3448275862069,9.827586551724137,0.1111111111111111,4.926130922028747,3.6168739640278615,5.770157948995618
36.3448275862069,9.827586551724137,0.2222222222222222,4.832330743493017,3.5872167555596874,5.764547790336412
36.3448275862069,9.827586551724137,0.3333333333333333,4.747383037197183,3.5601528615477087,5.755565430248257
36.3448275862069,9.827586551724137,0.4444444444444444,4.669562815903782,3.535265433311476,5.744337867041111
36.3448275862069,9.827586551724137,0.5555555555555556,4.597584024786383,3.5122221397543223,5.731618163919578
38.05172413793103,6.206897137931034,0.0,5.077662954177741,3.5964948016900102,5.936275650476681
38.05172413793103,6.206897137931034,0.1111111111111111,4.915527751197386,3.5353923945379515,5.940132152042656
38.05172413793103,6.206897137931034,0.2222222222222222,4.780542606942951,3.4839210948024713,5.9298706623001065
38.05172413793103,6.206897137931034,0.3333333333333333,4.664062018629276,3.4395775705624567,5.9125160898645035
38.05172413793103,6.206897137931034,0.4444444444444444,4.5608770593471855,3.4006556362114244,5.891537330485886
38.05172413793103,6.206897137931034,0.5555555555555556,4.467674126964165,3.3659668767942836,5.86874540498859
38.05172413793103,6.206897137931034,0.6666666666666666,4.382232901202235,3.33465963151155,5.845133419801582
38.05172413793103,6.206897137931034,0.7777777777777777,4.302997567330199,3.3061063392522048,5.821266258730322
38.05172413793103,6.206897137931034,0.8888888888888888,4.228836326237895,3.2798328932771432,5.797472714064734
38.05172413793103,6.206897137931034,1.0,4.158899686941358,3.2554732641070867,5.773945768669495
38.05172413793103,6.724138482758621,0.0,5.077662954177741,3.616773815712336,5.907736282149434
38.05172413793103,6.724138482758621,0.1111111111111111,4.9256879711505075,3.5615142056696083,5.911661226294849
38.05172413793103,6.724138482758621,0.2222222222222222,4.7974676350919205,3.5143071791523783,5.903215366602751
38.05172413793103,6.724138482758621,0.3333333333333333,4.685916076864686,3.473199306996862,5.8881638748824265
38.05172413793103,6.724138482758621,0.4444444444444444,4.586591575376573,3.4368176639042707,5.869533303653889
38.05172413793103,6.724138482758621,0.5555555555555556,4.496583716116317,3.4041805034684987,5.848982586844721
38.05172413793103,6.724138482758621,0.6666666666666666,4.413899551470415,3.3745693914477717,5.827459459781612
38.05172413793103,6.724138482758621,0.7777777777777777,4.337119876679004,3.347446097494693,5.805523555151724
38.05172413793103,6.724138482758621,0.8888888888888888,4.2651995454645,3.322398569161613,5.783513096881655
38.05172413793103,6.724138482758621,1.0,4.1973466076201955,3.2991052191802193,5.761635107892354
38.05172413793103,7.241379827586207,0.0,5.077662954177741,3.63445748761156,5.882057139478314
38.05172413793103,7.241379827586207,0.1111111111111111,4.934688396370451,3.5840957383698506,5.885881272969231
38.05172413793103,7.241379827586207,0.2222222222222222,4.812650749084829,3.540550886523928,5.8788424876393846
38.05172413793103,7.241379827586207,0.3333333333333333,4.705680924825907,3.5022722677592104,5.865694684960656
38.05172413793103,7.241379827586207,0.4444444444444444,4.609971942623947,3.4681417780665362,5.8490698886698285
38.05172413793103,7.241379827586207,0.5555555555555556,4.522962064360843,3.4373414449209805,5.830474433034465
38.05172413793103,7.241379827586207,0.6666666666666666,4.442861440620226,3.409261320366428,5.810800739396177
38.05172413793103,7.241379827586207,0.7777777777777777,4.368375832494171,3.383437421650808,5.790593259284903
38.05172413793103,7.241379827586207,0.8888888888888888,4.298540787560195,3.3595100842222707,5.770191610069983
38.05172413793103,7.241379827586207,1.0,4.232618678894887,3.337195697518145,5.749810708003479
38.05172413793103,7.758621172413793,0.0,5.077662954177741,3.6500224732674327,5.858821402653176
38.05172413793103,7.758621172413793,0.1111111111111111,4.942710762700943,3.603818274591719,5.862441239176879
38.05172413793103,7.758621172413793,0.2222222222222222,4.826336175660446,3.5634479919259556,5.856496319622116
38.05172413793103,7.758621172413793,0.3333333333333333,4.723630128499364,3.527661976604584,5.844927106282877
38.05172413793103,7.758621172413793,0.4444444444444444,4.631312477992514,3.4955395119159207,5.830019204408243
38.05172413793103,7.758621172413793,0.5555555555555556,4.547122664807603,3.4663935305523097,5.813132048335828
38.05172413793103,7.758621172413793,0.6666666666666666,4.4694516362118,3.439702986777274,5.795097723525732
38.05172413793103,7.758621172413793,0.7777777777777777,4.397118952972225,3.4150659336577287,5.776438803678034
38.05172413793103,7.758621172413793,0.8888888888888888,4.329234929491447,3.392167146816691,5.75749031511976
38.05172413793103,7.758621172413793,1.0,4.265112951519075,3.370755620707742,5.738470233952302
38.05172413793103,8.275862517241379,0.0,5.077662954177741,3.6638338608306427,5.83769057668616
38.05172413793103,8.275862517241379,0.1111111111111111,4.949901934025655,3.62119758186357,5.841045799454059
38.05172413793103,8.275862517241379,0.2222222222222222,4.8387264737914935,3.5836020540776965,5.835953593905733
38.05172413793103,8.275862517241379,0.3333333333333333,4.739993134206941,3.55002671725999,5.825697872090107
38.05172413793103,8.275862517241379,0.4444444444444444,4.650860797772934,3.5197056470428256,5.812263079714126
38.05172413793103,8.275862517241379,0.5555555555555556,4.569329047092423,3.492057294024206,5.796870982279939
38.05172413793103,8.275862517241379,0.6666666666666666,4.493949412582064,3.466633917459094,5.780291751595332
38.05172413793103,8.275862517241379,0.7777777777777777,4.423644733134341,3.4430856609340115,5.763021857481661
38.05172413793103,8.275862517241379,0.8888888888888888,4.357594320896445,3.4211351627070363,5.745387407166701
38.05172413793103,8.275862517241379,1.0,4.295159258787687,3.400559525005246,5.7276057031168355
38.05172413793103,8.793103862068964,0.0,5.077662954177741,3.676176355622143,5.81838673345164
38.05172413793103,8.793103862068964,0.1111111111111111,4.956381601470009,3.636631533823526,5.821445408444495
38.05172413793103,8.793103862068964,0.2222222222222222,4.8499906836543545,3.601479308580297,5.817019439722548
38.05172413793103,8.793103862068964,0.3333333333333333,4.754963606132159,3.5698763264975564,5.807860539790934
38.05172413793103,8.793103862068964,0.4444444444444444,4.668826749322654,3.5411794686661184,5.7956929565716875
38.05172413793103,8.793103862068964,0.5555555555555556,4.5898045837543044,3.514892938583589,5.781611758950657
38.05172413793103,8.793103862068964,0.6666666666666666,4.5165910861886776,3.4906298062679384,5.76632595950369
38.05172413793103,8.793103862068964,0.7777777777777777,4.448202591577359,3.4680841647946288,5.7503035493896375
38.05172413793103,8.793103862068964,0.8888888888888888,4.383881885491223,3.4470110427140215,5.733858704116659
38.05172413793103,8.793103862068964,1.0,4.3230344920543935,3.427211862684268,5.717205227864294
38.05172413793103,9.310345206896551,0.0,5.077662954177741,3.687275472802695,5.800679410890062
38.05172413793103,9.310345206896551,0.1111111111111111,4.962248103507995,3.650432136518506,5.803428214971517
38.05172413793103,9.310345206896551,0.2222222222222222,4.860270712171106,3.617445718744658,5.799523679167636
38.05172413793103,9.310345206896551,0.3333333333333333,4.76870595824548,3.5876119545759657,5.791284036773444
38.05172413793103,9.310345206896551,0.4444444444444444,4.685389325744351,3.5603862176915344,5.7802095372423326
38.05172413793103,9.310345206896551,0.5555555555555556,4.608739994160848,3.5353429544974553,5.767280108225121
38.05172413793103,9.310345206896551,0.6666666666666666,4.53757823452907,3.5121459803016744,5.753145870232657
38.05172413793103,9.310345206896551,0.7777777777777777,4.471004876883603,3.4905266421769583,5.738245319752466
38.05172413793103,9.310345206896551,0.8888888888888888,4.408320956833612,3.4702677855974557,5.722878717128807
38.05172413793103,9.310345206896551,1.0,4.348973289474605,3.4511919489900977,5.707254285111783
38.05172413793103,9.827586551724137,0.0,5.077662954177741,3.697312307277288,5.784375796865229
38.05172413793103,9.827586551724137,0.1111111111111111,4.967582859266601,3.662847620223068,5.786813507697096
38.05172413793103,9.827586551724137,0.2222222222222222,4.869686368818986,3.631792618444054,5.783317516407108
38.05172413793103,9.827586551724137,0.3333333333333333,4.7813605258224054,3.6035536453772887,5.775851186036265
38.05172413793103,9.827586551724137,0.4444444444444444,4.700702093506696,3.5776658717137355,5.765722275904544
38.05172413793103,9.827586551724137,0.5555555555555556,4.6262991748727735,3.553761719962021,5.7538069909736125
38.05172413793103,9.827586551724137,0.6666666666666666,4.55708402878983,3.531547596201959,5.7406997477392565
38.05172413793103,9.827586551724137,0.7777777777777777,4.492233764029725,3.5107865701644823,5.726809506133822
38.05172413793103,9.827586551724137,0.8888888888888888,4.431102776311407,3.4912854667285123,5.712421421109789
38.05172413793103,9.827586551724137,1.0,4.373176159072162,3.472885217553636,5.697736648675134
38.05172413793103,10.344827896551724,0.0,5.077662954177741,3.7064340568264793,5.769313270302217
38.05172413793103,10.344827896551724,0.1111111111111111,4.972453772261217,3.6740780221821336,5.771446402820717
38.05172413793103,10.344827896551724,0.2222222222222222,4.878339361030974,3.6447548532581515,5.768270628949815
38.05172413793103,10.344827896551724,0.3333333333333333,4.793047696787027,3.61795989551941,5.761457280449798
38.05172413793103,10.344827896551724,0.4444444444444444,4.714897503848329,3.593293580803058,5.752148785663562
38.05172413793103,10.344827896551724,0.5555555555555556,4.642623791186317,3.570436530742443,5.741128485316369
38.05172413793103,10.344827896551724,0.6666666666666666,4.575258182311374,3.5491310988452103,5.728938781953561
38.05172413793103,10.344827896551724,0.7777777777777777,4.512046610544965,3.529167487936105,5.715959735526995
38.05172413793103,10.344827896551724,0.8888888888888888,4.452392289875567,3.5103732701151036,5.702460807076003
38.05172413793103,10.344827896551724,1.0,4.395815737654607,3.492605449104611,5.688635076948673
38.05172413793103,10.86206924137931,0.0,5.077662954177741,3.7147616667186556,5.7553536609640705
38.05172413793103,10.86206924137931,0.1111111111111111,4.976917864591938,3.684286397680597,5.757193531317754
38.05172413793103,10.86206924137931,0.2222222222222222,4.886316482612706,3.6565238657591403,5.754268640448615
38.05172413793103,10.86206924137931,0.3333333333333333,4.803871237954626,3.631041797794588,5.748008745230726
38.05172413793103,10.86206924137931,0.4444444444444444,4.728090353060424,3.6074944662167727,5.7394142098526135
38.05172413793103,10.86206924137931,0.5555555555555556,4.65783693642213,3.5856028402204183,5.729185582551745
38.05172413793103,10.86206924137931,0.6666666666666666,4.592230866656225,3.565139778459653,5.717817154134149
38.05172413793103,10.86206924137931,0.7777777777777777,4.5305801704008255,3.545918792331591,5.705661175695223
38.05172413793103,10.86206924137931,0.8888888888888888,4.472332687631087,3.527785469028378,5.692971274199688
38.05172413793103,10.86206924137931,1.0,4.417041675192875,3.510610898907251,5.679931820555902
38.05172413793103,11.379310586206897,0.0,5.077662954177741,3.722395479946971,5.742378780374564
38.05172413793103,11.379310586206897,0.1111111111111111,4.981023331756117,3.6936070296408428,5.74393952781723
38.05172413793103,11.379310586206897,0.2222222222222222,4.893692172606585,3.6672572984253238,5.74121094078531
38.05172413793103,11.379310586206897,0.3333333333333333,4.8139209916840455,3.6429734466123205,5.735421908602644
38.05172413793103,11.379310586206897,0.4444444444444444,4.740380584831567,3.6204545253916094,5.727450590497263
38.05172413793103,11.379310586206897,0.5555555555555556,4.672046079169712,3.5994554997927124,5.717923927781436
38.05172413793103,11.379310586206897,0.6666666666666666,4.608115846105062,3.57977525077232,5.707292018615655
38.05172413793103,11.379310586206897,0.7777777777777777,4.547953948309911,3.561247397730047,5.69588068381297
38.05172413793103,11.379310586206897,0.8888888888888888,4.49104900113639,3.543733225434495,5.683927903160906
38.05172413793103,11.379310586206897,1.0,4.436984491571787,3.5271162074102422,5.6716089960352525
38.05172413793103,11.896551931034482,0.0,5.077662954177741,3.7294194784032375,5.730286905328858
38.05172413793103,11.896551931034482,0.1111111111111111,4.984811157979617,3.7021515364428375,5.731584162009216
34.63793103448276,13.965517310344827,0.2222222222222222,4.841273965065731,3.623291171771879,5.649694512389059
34.63793103448276,13.965517310344827,0.3333333333333333,4.77814079046324,3.605398072728755,5.643256802822767
34.63793103448276,13.965517310344827,0.4444444444444444,4.718920265177672,3.5884830209235568,5.6356944242514135
34.63793103448276,13.965517310344827,0.5555555555555556,4.6630922214172,3.5724386549077582,5.627283688761838
34.63793103448276,13.965517310344827,0.6666666666666666,4.6102290514066295,3.557172780405629,5.618236058888601
34.63793103448276,13.965517310344827,0.7777777777777777,4.559976034568337,3.5426059375540153,5.608714120455206
34.63793103448276,13.965517310344827,0.8888888888888888,4.512036313990552,3.5286693698475182,5.598843520264133
34.63793103448276,13.965517310344827,1.0,4.466159357078826,3.5153033355628724,5.588721850443685
34.63793103448276,14.482758655172413,0.0,4.981985342503866,3.6680148916670627,5.6485919082915
34.63793103448276,14.482758655172413,0.1111111111111111,4.911342632151848,3.6486361411671524,5.645613658075211
34.63793103448276,14.482758655172413,0.2222222222222222,4.845687540748533,3.6304056255965635,5.640835042209727
34.63793103448276,14.482758655172413,0.3333333333333333,4.78430640411745,3.6131929875301316,5.63467643993057
34.63793103448276,14.482758655172413,0.4444444444444444,4.726618836048032,3.5968863731221283,5.627462266367445
34.63793103448276,14.482758655172413,0.5555555555555556,4.672148739100842,3.581389536037189,5.619442838557448
34.63793103448276,14.482758655172413,0.6666666666666666,4.620502191090683,3.5666194025782922,5.610811792625498
34.63793103448276,14.482758655172413,0.7777777777777777,4.571350492366823,3.552504022406349,5.601719507027034
34.63793103448276,14.482758655172413,0.8888888888888888,4.524417105903794,3.5389808490112418,5.592283290973235
34.63793103448276,14.482758655172413,1.0,4.479467540254515,3.525995301462105,5.582595073199412
34.63793103448276,15.0,0.0,4.981985342503866,3.673144033832328,5.640049121336025
34.63793103448276,15.0,0.1111111111111111,4.913577350425554,3.654565515957093,5.6370792892119255
34.63793103448276,15.0,0.2222222222222222,4.849836024248034,3.6370445919509184,5.632454082585667
34.63793103448276,15.0,0.3333333333333333,4.790115494107823,3.6204651326336026,5.626546609934673
34.63793103448276,15.0,0.4444444444444444,4.733886795920005,3.6047270053614713,5.61964806846801
34.63793103448276,15.0,0.5555555555555556,4.680713152677998,3.5897436292965392,5.611985559564329
34.63793103448276,15.0,0.6666666666666666,4.630230983038062,3.575439917542464,5.6037365319824834
34.63793103448276,15.0,0.7777777777777777,4.582135228093608,3.561750540094697,5.59504009370887
34.63793103448276,15.0,0.8888888888888888,4.536167956695835,3.548618459808659,5.586005724022265
34.63793103448276,15.0,1.0,4.492109468623809,3.5359937012316824,5.5767199354720995
36.3448275862069,1e-06,0.0,5.03113975030594,3.045755543991505,7.044507000102502
36.3448275862069,1e-06,0.1111111111111111,4.48141386415265,3.0457561830911213,6.709870360495943
36.3448275862069,1e-06,0.2222222222222222,4.191532061204821,3.0457563273826693,6.534384623332931
36.3448275862069,1e-06,0.3333333333333333,3.9634705415607967,3.0457560383374447,6.401860652613266
36.3448275862069,1e-06,0.4444444444444444,3.7669593819793215,3.0457564273640907,6.291429484052159
36.3448275862069,1e-06,0.5555555555555556,3.5921578173870166,3.0457564440887497,6.194832180034052
36.3448275862069,1e-06,0.6666666666666666,3.4364372924645594,3.0455882191363535,6.107838728613458
36.3448275862069,1e-06,0.7777777777777777,3.3009571690803354,3.0457564473332583,6.027953774544475
36.3448275862069,1e-06,0.8888888888888888,,,
36.3448275862069,1e-06,1.0,3.103680399292122,3.0456720371757475,5.883560356256273
36.3448275862069,0.5172423448275862,0.0,5.031139750305939,2.1078526037161667,6.793000046718615
36.3448275862069,0.5172423448275862,0.1111111111111111,4.562503901966291,2.3285677969581338,6.589366153657042
36.3448275862069,0.5172423448275862,0.2222222222222222,4.297094244788919,2.425622765174537,6.449700650138832
36.3448275862069,0.5172423448275862,0.3333333333333333,4.089145316771991,2.4758139580146845,6.338190453342496
36.3448275862069,0.5172423448275862,0.4444444444444444,3.910632593669272,2.5061123866505772,6.243134956530431
36.3448275862069,0.5172423448275862,0.5555555555555556,3.750845871981414,2.525938731262169,6.159142234791475
36.3448275862069,0.5172423448275862,0.6666666666666666,3.6048298480102514,2.5395242857727,6.083219891505066
36.3448275862069,0.5172423448275862,0.7777777777777777,3.4703037629257283,2.5490887966228204,6.0135094356212235
36.3448275862069,0.5172423448275862,0.8888888888888888,3.3465397788438995,2.555924799802928,5.948765063066328
36.3448275862069,0.5172423448275862,1.0,3.233844542800848,2.560843004270425,5.888103879286565
36.3448275862069,1.0344836896551723,0.0,5.03113975030594,2.4881303048651637,6.609011951852762
36.3448275862069,1.0344836896551723,0.1111111111111111,4.626289080770513,2.0819033373010667,6.482778138942008
36.3448275862069,1.0344836896551723,0.2222222222222222,4.381183782501516,1.9970027108319761,6.372392058012151
36.3448275862069,1.0344836896551723,0.3333333333333333,4.188755841211275,1.9963795021280295,6.278649971183595
36.3448275862069,1.0344836896551723,0.4444444444444444,4.024105593069279,2.0165459757905757,6.196494962044357
36.3448275862069,1.0344836896551723,0.5555555555555556,3.8770502730412293,2.039869797997364,6.122809598153101
36.3448275862069,1.0344836896551723,0.6666666666666666,3.7424309731770165,2.061630892859997,6.055621757598572
36.3448275862069,1.0344836896551723,0.7777777777777777,3.6173620432031357,2.0808089655024804,5.993607266214892
36.3448275862069,1.0344836896551723,0.8888888888888888,3.500194833369106,2.097453576991669,5.935830142650006
36.3448275862069,1.0344836896551723,1.0,3.3900598079882536,2.1118922947218066,5.881600761233877
36.3448275862069,1.5517250344827584,0.0,5.03113975030594,2.8586089420488796,6.468669772677107
36.3448275862069,1.5517250344827584,0.1111111111111111,4.677190580577788,2.5367207711804736,6.389158524933947
36.3448275862069,1.5517250344827584,0.2222222222222222,4.449758505839649,2.359372492766164,6.302193617604227
36.3448275862069,1.5517250344827584,0.3333333333333333,4.27004128698873,2.2452814206565046,6.223434260159105
36.3448275862069,1.5517250344827584,0.4444444444444444,4.116392032778179,2.168083651895285,6.152289917390389
36.3448275862069,1.5517250344827584,0.5555555555555556,3.9794627460718717,2.1146825666946145,6.087373604165836
36.3448275862069,1.5517250344827584,0.6666666666666666,3.85431481951863,2.077335774390825,6.027538947657622
36.3448275862069,1.5517250344827584,0.7777777777777777,3.7380295923691467,2.051086220083069,5.971911977821282
36.3448275862069,1.5517250344827584,0.8888888888888888,3.62877080712869,2.0326313025739813,5.919825980204445
36.3448275862069,1.5517250344827584,1.0,3.5253555035826882,2.0197198507093224,5.870763829482275
36.3448275862069,2.068966379310345,0.0,5.031139750305939,3.064906290808756,6.357961623317721
36.3448275862069,2.068966379310345,0.1111111111111111,4.718311651058149,2.8336247213230394,6.307221750254124
36.3448275862069,2.068966379310345,0.2222222222222222,4.506635859207059,2.687829210300498,6.238687535250329
36.3448275862069,2.068966379310345,0.3333333333333333,4.3377958254019395,2.582436448628036,6.17248217882495
36.3448275862069,2.068966379310345,0.4444444444444444,4.193250632310472,2.501298015584121,6.110772021892433
36.3448275862069,2.068966379310345,0.5555555555555556,4.064563536614553,2.4365056262853964,6.053421347590606
36.3448275862069,2.068966379310345,0.6666666666666666,3.9471336494796225,2.3834861084043504,5.999928166748739
36.3448275862069,2.068966379310345,0.7777777777777777,3.8381632939385972,2.339311356906229,5.949786609532252
36.3448275862069,2.068966379310345,0.8888888888888888,3.7358282269829712,2.301976385524774,5.902557385343042
36.3448275862069,2.068966379310345,1.0,3.6388859811845524,2.270043353601878,5.857872652829454
36.3448275862069,2.5862077241379313,0.0,5.03113975030594,3.1964818219676085,6.268253213737261
36.3448275862069,2.5862077241379313,0.1111111111111111,4.751915492122326,3.020396249311456,6.235551012970081
36.3448275862069,2.5862077241379313,0.2222222222222222,4.55443387591034,2.900895981673601,6.181363159419028
36.3448275862069,2.5862077241379313,0.3333333333333333,4.395180034816578,2.810721190518677,6.125611730315948
36.3448275862069,2.5862077241379313,0.4444444444444444,4.258435813997294,2.7387106021208476,6.071982960353774
36.3448275862069,2.5862077241379313,0.5555555555555556,4.136670608370704,2.679124953673193,6.021195875391388
36.3448275862069,2.5862077241379313,0.6666666666666666,4.025655298249781,2.6285800505804815,5.9732323990826774
36.3448275862069,2.5862077241379313,0.7777777777777777,3.922762341210309,2.584893967032178,5.9278787856715365
36.3448275862069,2.5862077241379313,0.8888888888888888,3.826243091503353,2.5465699226753493,5.8848829694359885
36.3448275862069,2.5862077241379313,1.0,3.7348768221777506,2.5125339286891495,5.844003271033779
36.3448275862069,3.103449068965517,0.0,5.03113975030594,3.288559737071787,6.19397098155905
36.3448275862069,3.103449068965517,0.1111111111111111,4.779684247513183,3.14829794236651,6.1727548783459225
36.3448275862069,3.103449068965517,0.2222222222222222,4.595037653030961,3.047730557628569,6.129666164819312
36.3448275862069,3.103449068965517,0.3333333333333333,4.4443920538379205,2.9695221760158517,6.082577712642339
36.3448275862069,3.103449068965517,0.4444444444444444,4.314508806722481,2.9056826849953903,6.0358616837435175
36.3448275862069,3.103449068965517,0.5555555555555556,4.198718701163175,2.8518698073695847,5.990781160004997
36.3448275862069,3.103449068965517,0.6666666666666666,4.093167127060955,2.805445062952331,5.947666497896114
36.3448275862069,3.103449068965517,0.7777777777777777,3.9954120886183997,2.7646769029892435,5.906528890795125
36.3448275862069,3.103449068965517,0.8888888888888888,3.9038027845130965,2.728364171611016,5.867266754888435
36.3448275862069,3.103449068965517,1.0,3.8171691159852554,2.6956384347949536,5.829742885530185
36.3448275862069,3.6206904137931035,0.0,5.031139750305939,3.3570769774121554,6.131365594944315
36.3448275862069,3.6206904137931035,0.1111111111111111,4.8028809024740715,3.2415928077542246,6.117558108762181
36.3448275862069,3.6206904137931035,0.2222222222222222,4.629852265641052,3.155118738613689,6.083036601135723
36.3448275862069,3.6206904137931035,0.3333333333333333,4.4870269030009675,3.0861780257674214,6.043104057407177
36.3448275862069,3.6206904137931035,0.4444444444444444,4.36329214840186,3.0289226204945474,6.0022926703749935
36.3448275862069,3.6206904137931035,0.5555555555555556,4.252774296559445,2.9800000010346563,5.96217754542679
36.3448275862069,3.6206904137931035,0.6666666666666666,4.151980966911434,2.9373072688607884,5.9233275395202805
36.3448275862069,3.6206904137931035,0.7777777777777777,4.058657515740348,2.8994356718990875,5.885921467829466
36.3448275862069,3.6206904137931035,0.8888888888888888,3.971258222509364,2.865393991733667,5.849975800763775
36.3448275862069,3.6206904137931035,1.0,3.888674346565985,2.834458071418794,5.81543819260202
36.3448275862069,4.13793175862069,0.0,5.031139750305939,3.410306016225301,6.077823310630758
36.3448275862069,4.13793175862069,0.1111111111111111,4.822460537509738,3.3128093595013564,6.068840331204633
36.3448275862069,4.13793175862069,0.2222222222222222,4.659951144252668,3.2372114184007024,6.040935303068917
36.3448275862069,4.13793175862069,0.3333333333333333,4.524280888198162,3.17564551447895,6.006904373573393
38.05172413793103,1e-06,0.8888888888888888,,,
38.05172413793103,1e-06,1.0,,,
38.05172413793103,0.5172423448275862,0.0,5.077662954177741,2.0788829664738953,6.83784840763033
38.05172413793103,0.5172423448275862,0.1111111111111111,4.580134059950657,2.280303011564396,6.629095286933064
38.05172413793103,0.5172423448275862,0.2222222222222222,4.307018487359167,2.390325928823375,6.485695895015249
38.05172413793103,0.5172423448275862,0.3333333333333333,4.094452531807362,2.446527249981392,6.3716465398115085
38.05172413793103,0.5172423448275862,0.4444444444444444,3.9126273769933944,2.4801761066911787,6.2746889698591595
38.05172413793103,0.5172423448275862,0.5555555555555556,3.7503279183080678,2.502098606420185,6.189193140703807
38.05172413793103,0.5172423448275862,0.6666666666666666,3.60243008009609,2.517100061491416,6.112044370168649
38.05172413793103,0.5172423448275862,0.7777777777777777,3.4666198905293233,2.527676998516259,6.041312748530038
38.05172413793103,0.5172423448275862,0.8888888888888888,3.342203130025702,2.5352714978821593,5.97570677114899
38.05172413793103,0.5172423448275862,1.0,3.229546603837925,2.540781794920424,5.914312243308527
38.05172413793103,1.0344836896551723,0.0,5.077662954177741,2.609500519978471,6.641177380184138
38.05172413793103,1.0344836896551723,0.1111111111111111,4.648204208479597,2.143426948147195,6.518825220092352
38.05172413793103,1.0344836896551723,0.2222222222222222,4.395195321997578,2.013711977056097,6.4066256237679715
38.05172413793103,1.0344836896551723,0.3333333333333333,4.198057507734953,1.9885919544524413,6.31117671420728
38.05172413793103,1.0344836896551723,0.4444444444444444,4.030038797441641,1.996763596959591,6.227594415176355
38.05172413793103,1.0344836896551723,0.5555555555555556,3.880372751701989,2.014239843305113,6.152718463988376
38.05172413793103,1.0344836896551723,0.6666666666666666,3.743657543779366,2.0331368348808634,6.0845279989609535
38.05172413793103,1.0344836896551723,0.7777777777777777,3.6168965835761613,2.050957137198683,6.021661082373947
38.05172413793103,1.0344836896551723,0.8888888888888888,3.498394992225314,2.067040454946959,5.963153570957181
38.05172413793103,1.0344836896551723,1.0,3.3872746365145763,2.081355936412686,5.908294607332543
38.05172413793103,1.5517250344827584,0.0,5.077662954177741,2.95849562396119,6.49350116404065
38.05172413793103,1.5517250344827584,0.1111111111111111,4.7026038343873795,2.622003930462358,6.421794835319563
38.05172413793103,1.5517250344827584,0.2222222222222222,4.467204233887479,2.4350828800791713,6.334607253123313
38.05172413793103,1.5517250344827584,0.3333333333333333,4.282692549428972,2.3119112416917362,6.2548958239003385
38.05172413793103,1.5517250344827584,0.4444444444444444,4.125624404090913,2.225909173464676,6.182762903163352
38.05172413793103,1.5517250344827584,0.5555555555555556,3.9860425466000353,2.164226673900305,6.116942916616578
38.05172413793103,1.5517250344827584,0.6666666666666666,3.858738183615147,2.1193235841956324,6.056307521131625
38.05172413793103,1.5517250344827584,0.7777777777777777,3.7406547902137164,2.0863307258397334,5.9999770331555835
38.05172413793103,1.5517250344827584,0.8888888888888888,3.6298812771439475,2.0619428800215895,5.947273871464023
38.05172413793103,1.5517250344827584,1.0,3.525194825035251,2.043852710669878,5.897669871528292
38.05172413793103,2.068966379310345,0.0,5.077662954177741,3.1501447973210808,6.3783595479521065
38.05172413793103,2.068966379310345,0.1111111111111111,4.746571737848907,2.909545974218044,6.336855416243482
38.05172413793103,2.068966379310345,0.2222222222222222,4.526999174590425,2.758813063800788,6.2693236081722805
38.05172413793103,2.068966379310345,0.3333333333333333,4.353310251308115,2.6498369884096955,6.20282284598351
38.05172413793103,2.068966379310345,0.4444444444444444,4.205300024404008,2.565676473170341,6.140522674462961
38.05172413793103,2.068966379310345,0.5555555555555556,4.0739262435279695,2.498143992072618,6.082533370137519
38.05172413793103,2.068966379310345,0.6666666666666666,3.9543082386397157,2.442551684445564,6.028426968045251
38.05172413793103,2.068966379310345,0.7777777777777777,3.8434995018681994,2.395920402387155,5.977720314470798
38.05172413793103,2.068966379310345,0.8888888888888888,3.739589538860321,2.3562212667549103,5.929979142572299
38.05172413793103,2.068966379310345,1.0,3.641283628581134,2.322004638846621,5.884834149344202
38.05172413793103,2.5862077241379313,0.0,5.077662954177741,3.272583692181105,6.2858806956005235
38.05172413793103,2.5862077241379313,0.1111111111111111,4.782490843009668,3.0892540910316084,6.262631041858668
38.05172413793103,2.5862077241379313,0.2222222222222222,4.577291892456717,2.96569212518191,6.21032857433384
38.05172413793103,2.5862077241379313,0.3333333333333333,4.413173800464239,2.8727884765023717,6.1548305176690965
38.05172413793103,2.5862077241379313,0.4444444444444444,4.272930079501089,2.798718683679161,6.100964927796461
38.05172413793103,2.5862077241379313,0.5555555555555556,4.148448122791565,2.737455956686289,6.0497809670585765
38.05172413793103,2.5862077241379313,0.6666666666666666,4.035219482264479,2.6854711057470353,6.00137806088561
38.05172413793103,2.5862077241379313,0.7777777777777777,3.9304638651781065,2.64050115833045,5.955588921849532
38.05172413793103,2.5862077241379313,0.8888888888888888,3.8323414687179396,2.601000591311168,5.912180379667498
38.05172413793103,2.5862077241379313,1.0,3.7395739255133993,2.5658644534353705,5.870917897419809
38.05172413793103,3.103449068965517,0.0,5.077662954177741,3.3584905641824645,6.209829255260284
38.05172413793103,3.103449068965517,0.1111111111111111,4.812147541256888,3.2122650545569664,6.197712142872587
38.05172413793103,3.103449068965517,0.2222222222222222,4.620038272065996,3.108078957953244,6.157103988070688
38.05172413793103,3.103449068965517,0.3333333333333333,4.464551895789224,3.0274134833176416,6.110710533574617
38.05172413793103,3.103449068965517,0.4444444444444444,4.331150836759628,2.9617604339125836,6.064062765899737
38.05172413793103,3.103449068965517,0.5555555555555556,4.212620362337436,2.9065270186802286,6.0188020816077215
38.05172413793103,3.103449068965517,0.6666666666666666,4.104833822403291,2.8589388063716066,5.975407293007466
38.05172413793103,3.103449068965517,0.7777777777777777,4.005196723404512,2.81718376567204,5.933954718310545
38.05172413793103,3.103449068965517,0.8888888888888888,3.911965403487471,2.780009912191282,5.894373221735846
38.05172413793103,3.103449068965517,1.0,3.8239097543590974,2.746515092721064,5.856540177563718
38.05172413793103,3.6206904137931035,0.0,5.077662954177741,3.4225564456869177,6.146082729739442
38.05172413793103,3.6206904137931035,0.1111111111111111,4.836892239560339,3.3020079005778364,6.140776471004836
38.05172413793103,3.6206904137931035,0.2222222222222222,4.65670018974739,3.212258541699599,6.109105255661567
38.05172413793103,3.6206904137931035,0.3333333333333333,4.509091298653898,3.1410310483845834,6.0702103896053705
38.05172413793103,3.6206904137931035,0.4444444444444444,4.381837841465325,3.082075384002073,6.029724359898807
38.05172413793103,3.6206904137931035,0.5555555555555556,4.268564483304125,3.0318276929799706,5.989619866219571
38.05172413793103,3.6206904137931035,0.6666666666666666,4.165518834272677,2.98806407136043,5.95063380783998
38.05172413793103,3.6206904137931035,0.7777777777777777,4.070296872803867,2.9493013457613104,5.91302382234711
38.05172413793103,3.6206904137931035,0.8888888888888888,3.9812602815328195,2.914499891782166,5.876845988520663
38.05172413793103,3.6206904137931035,1.0,3.897239545769096,2.8829026553004344,5.842068726211745
38.05172413793103,4.13793175862069,0.0,5.077662954177741,3.472412235227662,6.091806834385744
38.05172413793103,4.13793175862069,0.1111111111111111,4.857750879368425,3.3705213388084694,6.090647280500553
38.05172413793103,4.13793175862069,0.2222222222222222,4.688398039122867,3.291940260122787,6.065794504297722
38.05172413793103,4.13793175862069,0.3333333333333333,4.548028327069471,3.2282313286776003,6.033057314266105
38.05172413793103,4.13793175862069,0.4444444444444444,4.426373959291283,3.174721362497279,5.997821510968001
38.05172413793103,4.13793175862069,0.5555555555555556,4.317826053767351,3.12860837347493,5.962204036311234
38.05172413793103,4.13793175862069,0.6666666666666666,4.218989126674265,3.0880875322969077,5.927104143975864
38.05172413793103,4.13793175862069,0.7777777777777777,4.12764686262658,3.0519290674893953,5.892908803242424
38.05172413793103,4.13793175862069,0.8888888888888888,4.042268441130441,3.0192576319303566,5.859771161166444
38.05172413793103,4.13793175862069,1.0,3.9617494632446633,2.9894283722130677,5.827732151375542
38.05172413793103,4.655173103448276,0.0,5.077662954177741,3.512445932755117,6.0449871309218
38.05172413793103,4.655173103448276,0.1111111111111111,4.875506768384733,3.4246289555313525,6.046309867984537
38.05172413793103,4.655173103448276,0.2222222222222222,4.716006062997105,3.35493453090716,6.026662101203946
38.05172413793103,4.655173103448276,0.3333333333333333,4.582315827593155,3.2973757223507674,5.9989744398420015
38.05172413793103,4.655173103448276,0.4444444444444444,4.465809257905314,3.2484006358220356,5.9682068582184105
38.05172413793103,4.655173103448276,0.5555555555555556,4.36156508388993,3.205781514551717,5.936492874968143
38.05172413793103,4.655173103448276,0.6666666666666666,4.266521625431562,3.1680396594543363,5.904821128264032
38.05172413793103,4.655173103448276,0.7777777777777777,4.178643267703782,3.13414605540912,5.873665739733497
38.05172413793103,4.655173103448276,0.8888888888888888,4.096505256162512,3.103356791740015,5.843251459393153
38.05172413793103,4.655173103448276,1.0,4.019069250341387,3.075117256153087,5.813675636978335
38.05172413793103,5.1724144482758625,0.0,5.077662954177741,3.5453760191100008,6.004150844322236
38.05172413793103,5.1724144482758625,0.1111111111111111,4.890761589285357,3.4684953162574566,6.006905164831944
38.05172413793103,5.1724144482758625,0.2222222222222222,4.740215630381038,3.4060269491560677,5.99123875049418
38.05172413793103,5.1724144482758625,0.3333333333333333,4.612703378230922,3.3536007161214987,5.967691558366679
38.05172413793103,5.1724144482758625,0.4444444444444444,4.500960511594296,3.3084747346971346,5.940724907111848
38.05172413793103,5.1724144482758625,0.5555555555555556,4.400674568739042,3.2688595141345607,5.912406492792881
38.05172413793103,5.1724144482758625,0.6666666666666666,4.309091527438688,3.2335336675255504,5.883760582758525
38.05172413793103,5.1724144482758625,0.7777777777777777,4.224346934014171,3.201629870365823,5.855315112124215
38.05172413793103,5.1724144482758625,0.8888888888888888,4.145118627635418,3.172511464349381,5.827345387801504
38.05172413793103,5.1724144482758625,1.0,4.070433410001174,3.1456981001344997,5.7999914568774695
38.05172413793103,5.689655793103449,0.0,5.077662954177741,3.572984977999821,5.968194878563102
38.05172413793103,5.689655793103449,0.1111111111111111,4.903980871538816,3.5048106100514174,5.971712981706921
38.05172413793103,5.689655793103449,0.2222222222222222,4.76157929747599,3.4483209245724384,5.959100742032482
38.05172413793103,5.689655793103449,0.3333333333333333,4.639790287344815,3.4002447647594254,5.938951911802607
38.05172413793103,5.689655793103449,0.4444444444444444,4.53247565312945,3.358434160203289,5.915219260755778
38.05172413793103,5.689655793103449,0.5555555555555556,4.435856802028821,3.321437594910339,5.889855270877412
38.05172413793103,5.689655793103449,0.6666666666666666,4.347460093855076,3.288238716173978,5.863881641334852
38.05172413793103,5.689655793103449,0.7777777777777777,4.265581242650434,3.258101867072881,5.837854427955189
38.05172413793103,5.689655793103449,0.8888888888888888,4.188995981894351,3.230479027804171,5.812082449305559
38.05172413793103,5.689655793103449,1.0,4.116794276406735,3.2049518628415377,5.786736957498968
36.3448275862069,9.827586551724137,0.6666666666666666,4.5304693309269295,3.4907559055508917,5.717916743673709
36.3448275862069,9.827586551724137,0.7777777777777777,4.467461993456653,3.4706501254040707,5.703584658834335
36.3448275862069,9.827586551724137,0.8888888888888888,4.407965702977199,3.4517274472587856,5.688866567365017
36.3448275862069,9.827586551724137,1.0,4.35150294046122,3.433841291541763,5.673934871096482
36.3448275862069,10.344827896551724,0.0,5.031139750305939,3.6593447552123632,5.755484756178223
36.3448275862069,10.344827896551724,0.1111111111111111,4.930754893888038,3.628578713931859,5.75486202380385
36.3448275862069,10.344827896551724,0.2222222222222222,4.840578182662651,3.6005830789159425,5.749684842090711
36.3448275862069,10.344827896551724,0.3333333333333333,4.758561824483675,3.5749120665855845,5.741408817359851
36.3448275862069,10.344827896551724,0.4444444444444444,4.683182556347183,3.55120845632629,5.731021678739075
36.3448275862069,10.344827896551724,0.5555555555555556,4.613288635153637,3.5291843200282753,5.719198574133568
36.3448275862069,10.344827896551724,0.6666666666666666,4.547994190202909,3.508605904905387,5.7064064206925655
36.3448275862069,10.344827896551724,0.7777777777777777,4.486606276998122,3.4892818902901563,5.692972219574539
36.3448275862069,10.344827896551724,0.8888888888888888,4.4285741506115,3.4710543491464776,5.679127702538576
36.3448275862069,10.344827896551724,1.0,4.373453572644087,3.453791814545735,5.665038770287593
36.3448275862069,10.86206924137931,0.0,5.031139750305939,3.66819526112572,5.741378028362368
36.3448275862069,10.86206924137931,0.1111111111111111,4.934994710258638,3.639221430742779,5.740656668199786
36.3448275862069,10.86206924137931,0.2222222222222222,4.848183499740892,3.6127221603253403,5.735836928996276
36.3448275862069,10.86206924137931,0.3333333333333333,4.768915644064088,3.58831665179473,5.728168274974641
36.3448275862069,10.86206924137931,0.4444444444444444,4.695840130707165,3.5656967054413715,5.718518280878234
36.3448275862069,10.86206924137931,0.5555555555555556,4.627922318882028,3.54461145492619,5.707492364335486
36.3448275862069,10.86206924137931,0.6666666666666666,4.564357527854183,3.5248553529329287,5.695517038114874
36.3448275862069,10.86206924137931,0.7777777777777777,4.504510312030254,3.5062587480036096,5.682896040817066
36.3448275862069,10.86206924137931,0.8888888888888888,4.447871520185818,3.4886805416748023,5.66984795674743
36.3448275862069,10.86206924137931,1.0,4.394027620181597,3.472002483135652,5.656531563632145
36.3448275862069,11.379310586206897,0.0,5.03113975030594,3.676308740776064,5.728255363238985
36.3448275862069,11.379310586206897,0.1111111111111111,4.938895630564898,3.6489414845584287,5.727430660338732
36.3448275862069,11.379310586206897,0.2222222222222222,4.855217201192396,3.6237960282229738,5.722907563270587
36.3448275862069,11.379310586206897,0.3333333333333333,4.77853025212678,3.6005447284761365,5.715763443195836
36.3448275862069,11.379310586206897,0.4444444444444444,4.707631558958685,3.578920016679591,5.706762126289161
36.3448275862069,11.379310586206897,0.5555555555555556,4.6415888695423195,3.558702163178141,5.696446817066339
36.3448275862069,11.379310586206897,0.6666666666666666,4.579669677200608,3.5397096196696776,5.685206781419149
36.3448275862069,11.379310586206897,0.7777777777777777,4.521290381266091,3.5217913843394593,5.673323553707158
36.3448275862069,11.379310586206897,0.8888888888888888,4.465979789270513,3.504820989427935,5.661002645970508
36.3448275862069,11.379310586206897,1.0,4.4133526792593605,3.488691776595929,5.648395354116715
36.3448275862069,11.896551931034482,0.0,5.031139750305939,3.683774473218961,5.716016202673316
36.3448275862069,11.896551931034482,0.1111111111111111,4.942496179877017,3.6578547271941995,5.715087172076697
36.3448275862069,11.896551931034482,0.2222222222222222,4.861740070930304,3.6339393187724514,5.710811560170107
36.3448275862069,11.896551931034482,0.3333333333333333,4.787480208594295,3.611744478314356,5.704122383645445
36.3448275862069,11.896551931034482,0.4444444444444444,4.718640760008641,3.5910365712232144,5.695693766242809
36.3448275862069,11.896551931034482,0.5555555555555556,4.654379259865416,3.5716221890215083,5.6860135151845705
36.3448275862069,11.896551931034482,0.6666666666666666,4.594027465781175,3.553340306058397,5.6754367484176615
36.3448275862069,11.896551931034482,0.7777777777777777,4.53704855625822,3.5360560376006793,5.6642240152997205
36.3448275862069,11.896551931034482,0.8888888888888888,4.483005980965282,3.519655679611555,5.652568043266116
36.3448275862069,11.896551931034482,1.0,4.431540607342147,3.5040427719510863,5.640612489875645
36.3448275862069,12.413793275862067,0.0,5.031139750305939,3.690667754206545,5.704573360454144
36.3448275862069,12.413793275862067,0.1111111111111111,4.945829337258749,3.6660582769538297,5.703541558603676
36.3448275862069,12.413793275862067,0.2222222222222222,4.8678047513896825,3.643264842036502,5.699473521720687
36.3448275862069,12.413793275862067,0.3333333333333333,4.795830604684551,3.6220401941092177,5.693180614386383
36.3448275862069,12.413793275862067,0.4444444444444444,4.728941370288337,3.602179240544555,5.68525927031029
36.3448275862069,12.413793275862067,0.5555555555555556,4.666373553858568,3.5835109540070738,5.6761480238499
36.3448275862069,12.413793275862067,0.6666666666666666,4.607516237040954,3.5658919434899694,5.666170812838957
36.3448275862069,12.413793275862067,0.7777777777777777,4.551874844999045,3.549201308411692,5.655568502920827
36.3448275862069,12.413793275862067,0.8888888888888888,4.49904445095751,3.53333651711848,5.644521472052353
36.3448275862069,12.413793275862067,1.0,4.448689960344507,3.5182101068387004,5.6331657362486505
36.3448275862069,12.931034620689655,0.0,5.031139750305939,3.6970525509455943,5.693850854271632
36.3448275862069,12.931034620689655,0.1111111111111111,4.948923485060024,3.6736341765206144,5.692719533366103
36.3448275862069,12.931034620689655,0.2222222222222222,4.873457033089574,3.651867841619275,5.688826540025329
36.3448275862069,12.931034620689655,0.3333333333333333,4.803638486677958,3.631536911964758,5.682880253832094
36.3448275862069,12.931034620689655,0.4444444444444444,4.738598246720663,3.6124604601572594,5.67540969010888
36.3448275862069,12.931034620689655,0.5555555555555556,4.677642484663879,3.594486595455892,5.6668095786094375
36.3448275862069,12.931034620689655,0.6666666666666666,4.620211512995698,3.5774871500374266,5.657375471044277
36.3448275862069,12.931034620689655,0.7777777777777777,4.5658489513984195,3.561353403773019,5.64732987640787
36.3448275862069,12.931034620689655,0.8888888888888888,4.514178754454832,3.5459926364329277,5.636841355955359
36.3448275862069,12.931034620689655,1.0,4.4648879757120765,3.531325345417894,5.626038395095031
36.3448275862069,13.44827596551724,0.0,5.03113975030594,3.7029835703446445,5.683782148911318
36.3448275862069,13.44827596551724,0.1111111111111111,4.951803172507535,3.6806522227506013,5.682555654562558
36.3448275862069,13.44827596551724,0.2222222222222222,4.878736912009747,3.659829292566439,5.6788110881086995
36.3448275862069,13.44827596551724,0.3333333333333333,4.810954035422655,3.640324004452153,5.673169264339003
36.3448275862069,13.44827596551724,0.4444444444444444,4.747668716185521,3.6219760164719346,5.666100568306494
36.3448275862069,13.44827596551724,0.5555555555555556,4.68824876542287,3.604649886130346,5.657960785855304
36.3448275862069,13.44827596551724,0.6666666666666666,4.632180371887942,3.588230645258236,5.649019680623541
36.3448275862069,13.44827596551724,0.7777777777777777,4.5790417283063025,3.5726202227765937,5.639482718558259
36.3448275862069,13.44827596551724,0.8888888888888888,4.528483182815911,3.5577345420950617,5.62950723688221
36.3448275862069,13.44827596551724,1.0,4.480212199684624,3.5435011624095796,5.619214384330992
36.3448275862069,13.965517310344827,0.0,5.03113975030594,3.708507887362503,5.6743087219893455
36.3448275862069,13.965517310344827,0.1111111111111111,4.9544897339970015,3.687172179743487,5.672992064528492
36.3448275862069,13.965517310344827,0.2222222222222222,4.88367946103599,3.6672184819903353,5.669374070361177
36.3448275862069,13.965517310344827,0.3333333333333333,4.817821548282137,3.648477997265119,5.664000785646546
36.3448275862069,13.965517310344827,0.4444444444444444,4.7562036198811795,3.630808020172503,5.657291492211832
36.3448275862069,13.965517310344827,0.5555555555555556,4.698248185039847,3.6140873158047278,5.649567339474742
36.3448275862069,13.965517310344827,0.6666666666666666,4.643482597476055,3.598212409482129,5.641074697042679
36.3448275862069,13.965517310344827,0.7777777777777777,4.591516386221396,3.5830945738566715,5.632003261415538
36.3448275862069,13.965517310344827,0.8888888888888888,4.5420240379576775,3.568657370684897,5.622499770076843
36.3448275862069,13.965517310344827,1.0,4.494731833019899,3.5548346406716984,5.61267828748992
36.3448275862069,14.482758655172413,0.0,5.031139750305939,3.713666239441939,5.665378884844256
36.3448275862069,14.482758655172413,0.1111111111111111,4.957001792906643,3.6932455269497737,5.663977435191849
36.3448275862069,14.482758655172413,0.2222222222222222,4.888315551730133,3.6740950482848547,5.660468008537146
36.3448275862069,14.482758655172413,0.3333333333333333,4.824280260420873,3.656064798596639,5.655332548467535
36.3448275862069,14.482758655172413,0.4444444444444444,4.764248190634831,3.6390272634176712,5.648945690006188
36.3448275862069,14.482758655172413,0.5555555555555556,4.707690529301844,3.6228735373853445,5.641597755780138
36.3448275862069,14.482758655172413,0.6666666666666666,4.654171643780428,3.607510194050705,5.633513912614995
36.3448275862069,14.482758655172413,0.7777777777777777,4.603329505489736,3.5928567329175016,5.6248693040062365
36.3448275862069,14.482758655172413,0.8888888888888888,4.554860696697112,3.5788434859097977,5.61580070275747
36.3448275862069,14.482758655172413,1.0,4.508508851923346,3.5654098956829374,5.606415380758651
36.3448275862069,15.0,0.0,5.031139750305939,3.7184940646732665,5.6569468068892705
36.3448275862069,15.0,0.1111111111111111,4.959355674608004,3.6989168527543854,5.65546608214054
36.3448275862069,15.0,0.2222222222222222,4.892672454994024,3.680510607134628,5.652050342789076
36.3448275862069,15.0,0.3333333333333333,4.830365034759287,3.663141479460114,5.647126359054859
36.3448275862069,15.0,0.4444444444444444,4.771842793330042,3.6466951051667276,5.641029666938284
36.3448275862069,15.0,0.5555555555555556,4.716620359200909,3.6310733258802226,5.6340231275969455
36.3448275862069,15.0,0.6666666666666666,4.66429544953837,3.6161915336434265,5.626312700671542
36.3448275862069,15.0,0.7777777777777777,4.614531889145189,3.6019764955963676,5.618060125630989
36.3448275862069,15.0,0.8888888888888888,4.567046505395115,3.5883645617096875,5.609392841311246
36.3448275862069,15.0,1.0,4.5215989479689185,3.575300183174541,5.6004116431849
38.05172413793103,1e-06,0.0,5.077662954177741,3.045755334498963,7.112482728376022
38.05172413793103,1e-06,0.1111111111111111,4.493806415873356,3.045756116974767,6.7532906367925465
38.05172413793103,1e-06,0.2222222222222222,4.196493004262514,3.0457562782335366,6.571937737073996
38.05172413793103,1e-06,0.3333333333333333,3.9638957767525675,3.04575635099966,6.4359852087217515
38.05172413793103,1e-06,0.4444444444444444,3.764245719628657,3.045747753097411,6.323126207180496
38.05172413793103,1e-06,0.5555555555555556,3.5874589131640104,3.0457564065388296,6.224653640692039
38.05172413793103,1e-06,0.6666666666666666,3.431028169084976,3.0457487521109385,6.136140132138914
38.05172413793103,1e-06,0.7777777777777777,3.296345128083762,3.0456710655603114,6.054985889243893
39.758620689655174,2.068966379310345,0.4444444444444444,4.2152568150490035,2.6276989076594024,6.168805109555771
39.758620689655174,2.068966379310345,0.5555555555555556,4.081234236652691,2.557938316865275,6.110232953392008
39.758620689655174,2.068966379310345,0.6666666666666666,3.9594465809227697,2.5002650109548847,6.055555332328129
39.758620689655174,2.068966379310345,0.7777777777777777,3.8468028356978023,2.4516438293744867,6.004316895167763
39.758620689655174,2.068966379310345,0.8888888888888888,3.7413092073372765,2.4100188358693244,5.956091061299761
39.758620689655174,2.068966379310345,1.0,3.6416209101680024,2.3739269978169393,5.910508618542705
39.758620689655174,2.5862077241379313,0.0,5.121822195810935,3.344789662417771,6.30012432631736
39.758620689655174,2.5862077241379313,0.1111111111111111,4.810717731771494,3.154565704620641,6.287667509055907
39.758620689655174,2.5862077241379313,0.2222222222222222,4.5979163267405685,3.027203672868926,6.237586596193469
39.758620689655174,2.5862077241379313,0.3333333333333333,4.429029353671683,2.931810558240608,6.18248702474613
39.758620689655174,2.5862077241379313,0.4444444444444444,4.285353756171614,2.855906493734888,6.128468684050993
39.758620689655174,2.5862077241379313,0.5555555555555556,4.158200032997254,2.7931799057445272,6.076945107808658
39.758620689655174,2.5862077241379313,0.6666666666666666,4.042785350598572,2.739958127827748,6.028145590218805
39.758620689655174,2.5862077241379313,0.7777777777777777,3.936180249160589,2.6938981884024567,5.981954804749938
39.758620689655174,2.5862077241379313,0.8888888888888888,3.8364562883823248,2.6534066459447,5.938161311322081
39.758620689655174,2.5862077241379313,1.0,3.742279281078918,2.617348288094309,5.896539342639014
39.758620689655174,3.103449068965517,0.0,5.121822195810935,3.425059755398597,6.222548088627783
39.758620689655174,3.103449068965517,0.1111111111111111,4.842289621212242,3.2730567660305585,6.220612930700715
39.758620689655174,3.103449068965517,0.2222222222222222,4.642819547518489,3.165416322659687,6.182818081864907
39.758620689655174,3.103449068965517,0.3333333333333333,4.482583410399427,3.082444915523289,6.137269305086553
39.758620689655174,3.103449068965517,0.4444444444444444,4.345733735025395,3.0151171304264492,6.090776464670184
39.758620689655174,3.103449068965517,0.5555555555555556,4.224512545340415,2.958591015829613,6.045394182583041
39.758620689655174,3.103449068965517,0.6666666666666666,4.1145247223811685,2.909957673351155,6.001762787458845
39.758620689655174,3.103449068965517,0.7777777777777777,4.013026210725637,2.8673259517194865,5.9600295760267
39.758620689655174,3.103449068965517,0.8888888888888888,3.9181826757787577,2.8293942200139015,5.920156860681915
39.758620689655174,3.103449068965517,1.0,3.828705612414711,2.7952276131267677,5.882038299262688
39.758620689655174,3.6206904137931035,0.0,5.121822195810935,3.4850490141574055,6.157875104650481
39.758620689655174,3.6206904137931035,0.1111111111111111,4.868599106847584,3.3595315067718863,6.161941992840794
39.758620689655174,3.6206904137931035,0.2222222222222222,4.681337077454396,3.2666204651559676,6.133439277067753
39.758620689655174,3.6206904137931035,0.3333333333333333,4.529031498243847,3.1932164442507744,6.095733031379624
39.758620689655174,3.6206904137931035,0.4444444444444444,4.398328847792432,3.132662763254473,6.055660668092596
39.758620689655174,3.6206904137931035,0.5555555555555556,4.282352645028121,3.081183591863573,6.0156263396694785
39.758620689655174,3.6206904137931035,0.6666666666666666,4.177092973148643,3.036434603857074,5.976548284579562
39.758620689655174,3.6206904137931035,0.7777777777777777,4.079998800462639,2.9968591093123265,5.938769043329915
39.758620689655174,3.6206904137931035,0.8888888888888888,3.9893411045649536,2.961370003458142,5.902387434852922
39.758620689655174,3.6206904137931035,1.0,3.9038910449106905,2.929178184760307,5.867394418255796
39.758620689655174,4.13793175862069,0.0,5.121822195810935,3.531803566781308,6.103050598225005
39.758620689655174,4.13793175862069,0.1111111111111111,4.8907459786874155,3.4255596924928584,6.110417755847283
39.758620689655174,4.13793175862069,0.2222222222222222,4.714637640898553,3.3440763084160783,6.088913860545116
39.758620689655174,4.13793175862069,0.3333333333333333,4.5696516383850545,3.278309600515664,6.057619478297751
39.758620689655174,4.13793175862069,0.4444444444444444,4.444563365256638,3.2232636194189186,6.023009409072633
39.758620689655174,4.13793175862069,0.5555555555555556,4.33330869448126,3.1759572775071567,5.987627659551867
39.758620689655174,4.13793175862069,0.6666666666666666,4.2322489099833795,3.1344795314975005,5.952564610923939
39.758620689655174,4.13793175862069,0.7777777777777777,4.139025362294723,3.0975337307824193,5.918301376127529
39.758620689655174,4.13793175862069,0.8888888888888888,4.052017887352634,3.0642003002286264,5.885040782141331
39.758620689655174,4.13793175862069,1.0,3.970062862959738,3.0338039575285163,5.852851292094179
39.758620689655174,4.655173103448276,0.0,5.121822195810935,3.5693873029452745,6.0559277048364075
39.758620689655174,4.655173103448276,0.1111111111111111,4.909572034603529,3.477703821553325,6.064966548321299
39.758620689655174,4.655173103448276,0.2222222222222222,4.743635859203155,3.405336464590989,6.04872445948324
39.758620689655174,4.655173103448276,0.3333333333333333,4.605429986453229,3.3458328837811333,6.022658343232257
39.758620689655174,4.655173103448276,0.4444444444444444,4.485518985402318,3.2953813697360013,5.992685845344944
39.758620689655174,4.655173103448276,0.5555555555555556,4.378572601113262,3.2516027060317514,5.961347939804287
39.758620689655174,4.655173103448276,0.6666666666666666,4.28130218224505,3.212925013054892,5.92982621921683
39.758620689655174,4.655173103448276,0.7777777777777777,4.191535946979102,3.178258984819497,5.898694129606381
39.758620689655174,4.655173103448276,0.8888888888888888,4.10776217542109,3.1468199950004396,5.868230882369548
39.758620689655174,4.655173103448276,1.0,4.0288841311304235,3.1180249430697806,5.8385651391941895
39.758620689655174,5.1724144482758625,0.0,5.121822195810935,3.600325132834038,6.014951071879612
39.758620689655174,5.1724144482758625,0.1111111111111111,4.925724506523767,3.5199728463300644,6.024676926913488
39.758620689655174,5.1724144482758625,0.2222222222222222,4.769056887887291,3.4550337546266077,6.01238896794681
39.758620689655174,5.1724144482758625,0.3333333333333333,4.637143455913896,3.4007694603993115,5.990580735318258
39.758620689655174,5.1724144482758625,0.4444444444444444,4.522037517225035,3.3542258020580547,5.964540670309985
39.758620689655174,5.1724144482758625,0.5555555555555556,4.419061937794368,3.31348463201621,5.936715164992607
39.758620689655174,5.1724144482758625,0.6666666666666666,4.32525284651798,3.277242889678837,5.9083173423580835
39.758620689655174,5.1724144482758625,0.7777777777777777,4.238616759815411,3.2445791113678353,5.879976298432941
39.758620689655174,5.1724144482758625,0.8888888888888888,4.157747664238446,3.2148193772113633,5.852024690452688
39.758620689655174,5.1724144482758625,1.0,4.081615326211134,3.1874568634880114,5.824636554512221
39.758620689655174,5.689655793103449,0.0,5.121822195810935,3.626276826594596,5.978964459541863
39.758620689655174,5.689655793103449,0.1111111111111111,4.939704111193996,3.554958447037175,5.988784524965285
39.758620689655174,5.689655793103449,0.2222222222222222,4.7914814793110025,3.4961763877032563,5.979468678055006
39.758620689655174,5.689655793103449,0.3333333333333333,4.665414166059289,3.4463618694092037,5.961127720123715
39.758620689655174,5.689655793103449,0.4444444444444444,4.5547872603976325,3.4031910428325407,5.938420491309933
39.758620689655174,5.689655793103449,0.5555555555555556,4.45549850374711,3.365102442999283,5.91364483648562
39.758620689655174,5.689655793103449,0.6666666666666666,4.3648815608255624,3.331008025063075,5.888003094428957
39.758620689655174,5.689655793103449,0.7777777777777777,4.281110796857355,3.3001235759148013,5.862151692449814
39.758620689655174,5.689655793103449,0.8888888888888888,4.202881710774022,3.2718670745950003,5.836458093885547
39.758620689655174,5.689655793103449,1.0,4.129228985481377,3.2457956841056843,5.811129240719452
39.758620689655174,6.206897137931034,0.0,5.121822195810935,3.6483827245719667,5.94708916702838
39.758620689655174,6.206897137931034,0.1111111111111111,4.951901122396537,3.5844126740587647,5.956651964517001
39.758620689655174,6.206897137931034,0.2222222222222222,4.811378629273596,3.5308067908522456,5.949570810555919
39.758620689655174,6.206897137931034,0.3333333333333333,4.690746802731256,3.484817388247578,5.934055541278078
39.758620689655174,6.206897137931034,0.4444444444444444,4.584307501337684,3.4445907585569193,5.914173441328293
39.758620689655174,6.206897137931034,0.5555555555555556,4.48846050889565,3.4088439072276366,5.892046195654109
39.758620689655174,6.206897137931034,0.6666666666666666,4.400809414111557,3.376662071405235,5.868836712808633
39.758620689655174,6.206897137931034,0.7777777777777777,4.319684941675903,3.347374125917536,5.84520749553833
39.758620689655174,6.206897137931034,0.8888888888888888,4.243878992482361,3.3204749748204208,5.821545981284221
39.758620689655174,6.206897137931034,1.0,4.172488826799784,3.2955759641988007,5.798081708670451
39.758620689655174,6.724138482758621,0.0,5.121822195810935,3.667454611406281,5.918644592629629
39.758620689655174,6.724138482758621,0.1111111111111111,4.9626222693163395,3.6095637237742464,5.9277485772234515
39.758620689655174,6.724138482758621,0.2222222222222222,4.8291298748147105,3.5603623207094586,5.922347541309142
39.758620689655174,6.724138482758621,0.3333333333333333,4.7135551597536836,3.5176940092396896,5.909138424530545
39.758620689655174,6.724138482758621,0.4444444444444444,4.611039330324204,3.480060826294836,5.891652846315453
39.758620689655174,6.724138482758621,0.5555555555555556,4.518418290927047,3.4463991380095598,5.871826434648655
39.758620689655174,6.724138482758621,0.6666666666666666,4.433538684100783,3.4159347817637324,5.850764436628148
39.758620689655174,6.724138482758621,0.7777777777777777,4.354875685177029,3.3880903919153593,5.829119964227585
39.758620689655174,6.724138482758621,0.8888888888888888,4.2813119456430835,3.362425675115948,5.807288875423301
39.758620689655174,6.724138482758621,1.0,4.2120044864543855,3.3385981756296705,5.785514921776854
39.758620689655174,7.241379827586207,0.0,5.121822195810935,3.6840874762134592,5.893094779527578
39.758620689655174,7.241379827586207,0.1111111111111111,4.972110736045715,3.631298859614094,5.901632043412727
39.758620689655174,7.241379827586207,0.2222222222222222,4.845047714467744,3.585884812367933,5.897493051401811
39.758620689655174,7.241379827586207,0.3333333333333333,4.734181549718893,3.546124556767543,5.886169688384039
39.758620689655174,7.241379827586207,0.4444444444444444,4.635347613700461,3.510793075120723,5.870719503411715
39.758620689655174,7.241379827586207,0.5555555555555556,4.54575943911693,3.479001063527374,5.8528935396103225
39.758620689655174,7.241379827586207,0.6666666666666666,4.463481314129506,3.4500891791073904,5.833728855177547
39.758620689655174,7.241379827586207,0.7777777777777777,4.387120990271607,3.423558217883437,5.813858331577653
39.758620689655174,7.241379827586207,0.8888888888888888,4.3156459529439966,3.3990227640910553,5.793677450333966
39.758620689655174,7.241379827586207,1.0,4.248269876475799,3.376179964492594,5.773437471033079
39.758620689655174,7.758621172413793,0.0,5.121822195810935,3.698728169104193,5.870011507790556
39.758620689655174,7.758621172413793,0.1111111111111111,4.980561040557757,3.6502755163803493,5.877932650216099
39.758620689655174,7.758621172413793,0.2222222222222222,4.8593897518510705,3.6081483406280004,5.874739630042336
39.758620689655174,7.758621172413793,0.3333333333333333,4.752911341415345,3.570953357666259,5.864961721294329
39.758620689655174,7.758621172413793,0.4444444444444444,4.657537064758062,3.5376777600234766,5.8512429682533424
39.758620689655174,7.758621172413793,0.5555555555555556,4.570806908775047,3.5075719979749076,5.835158176590811
38.05172413793103,11.896551931034482,0.2222222222222222,4.900530580301468,3.677086151007581,5.729008814175994
38.05172413793103,11.896551931034482,0.3333333333333333,4.823275075841707,3.6538997124548938,5.723621887872545
38.05172413793103,11.896551931034482,0.4444444444444444,4.751855577876023,3.6323287935802644,5.716196255232335
38.05172413793103,11.896551931034482,0.5555555555555556,4.685345459378537,3.612157180344764,5.707293530223192
38.05172413793103,11.896551931034482,0.6666666666666666,4.623013012348652,3.5932060635068193,5.697323427396852
38.05172413793103,11.896551931034482,0.7777777777777777,4.564272898369293,3.575326480770211,5.686586880502637
38.05172413793103,11.896551931034482,0.8888888888888888,4.508650985000227,3.5583934419090504,5.675306641242637
38.05172413793103,11.896551931034482,1.0,4.45575865507909,3.5423013377510113,5.663648858989739
38.05172413793103,12.413793275862067,0.0,5.077662954177741,3.735904510934817,5.718989983905803
38.05172413793103,12.413793275862067,0.1111111111111111,4.988316395633767,3.7100134816463735,5.72003998562736
38.05172413793103,12.413793275862067,0.2222222222222222,4.9068872407452915,3.6861201903139076,5.717583835922272
38.05172413793103,12.413793275862067,0.3333333333333333,4.8320016889092265,3.6639421318355034,5.7125415901921475
38.05172413793103,12.413793275862067,0.4444444444444444,4.762592026658221,3.643247538103762,5.705595235726325
38.05172413793103,12.413793275862067,0.5555555555555556,4.697818052699584,3.623844771112376,5.697248460791035
38.05172413793103,12.413793275862067,0.6666666666666666,4.637010453107061,3.6055742406184055,5.687874216973589
38.05172413793103,12.413793275862067,0.7777777777777777,4.579629616335148,3.5883021328451425,5.677750170100656
38.05172413793103,12.413793275862067,0.8888888888888888,4.5252354481585835,3.571915497919212,5.66708442170573
38.05172413793103,12.413793275862067,1.0,4.473465064338925,3.5563183789458166,5.65603400132059
38.05172413793103,12.931034620689655,0.0,5.077662954177741,3.7419107813796106,5.708411395566274
38.05172413793103,12.931034620689655,0.1111111111111111,4.991569185969853,3.71727189858934,5.709230394121614
38.05172413793103,12.931034620689655,0.2222222222222222,4.9128104414361795,3.6944520913759984,5.706866500893724
38.05172413793103,12.931034620689655,0.3333333333333333,4.840160599043204,3.6732034260238913,5.702120822567082
38.05172413793103,12.931034620689655,0.4444444444444444,4.77265749747303,3.653321019074375,5.695596724911752
38.05172413793103,12.931034620689655,0.5555555555555556,4.709537192967663,3.634634303777072,5.687746549068408
38.05172413793103,12.931034620689655,0.6666666666666666,4.650186154457651,3.617000322400239,5.678909871601061
38.05172413793103,12.931034620689655,0.7777777777777777,4.594106136308227,3.6002984863969427,5.669342722674507
38.05172413793103,12.931034620689655,0.8888888888888888,4.540888157144837,3.5844264426754187,5.659239234291976
38.05172413793103,12.931034620689655,1.0,4.490193067800765,3.5692967918399536,5.6487474909058415
38.05172413793103,13.44827596551724,0.0,5.077662954177741,3.7474897882717637,5.698484140538738
38.05172413793103,13.44827596551724,0.1111111111111111,4.994595579164569,3.72399401742475,5.6990880229212815
38.05172413793103,13.44827596551724,0.2222222222222222,4.918342342877236,3.702160644433454,5.6967950504608815
38.05172413793103,13.44827596551724,0.3333333333333333,4.847804378603071,3.681771007681897,5.692305503135891
38.05172413793103,13.44827596551724,0.4444444444444444,4.782111723394845,3.6626431904527776,5.686154576374876
38.05172413793103,13.44827596551724,0.5555555555555556,4.720567921383981,3.6446247855210574,5.678749087807119
38.05172413793103,13.44827596551724,0.6666666666666666,4.6626094122982185,3.627587292368473,5.670398373283345
38.05172413793103,13.44827596551724,0.7777777777777777,4.607775415086623,3.6114217114164497,5.661338429377501
38.05172413793103,13.44827596551724,0.8888888888888888,4.555685402939325,3.5960350452819974,5.651750159541684
38.05172413793103,13.44827596551724,1.0,4.506022120966893,3.581347501998134,5.641772967558027
38.05172413793103,13.965517310344827,0.0,5.077662954177741,3.75268585293019,5.689149364957537
38.05172413793103,13.965517310344827,0.1111111111111111,4.997418197543025,3.73023739807429,5.689553414646519
38.05172413793103,13.965517310344827,0.2222222222222222,4.923519901945769,3.709313264969887,5.687314468600347
38.05172413793103,13.965517310344827,0.3333333333333333,4.854979432526043,3.689719730727936,5.683046964603598
38.05172413793103,13.965517310344827,0.4444444444444444,4.791007687650865,3.6712946075017796,5.677226846621298
38.05172413793103,13.965517310344827,0.5555555555555556,4.730968115311838,3.6539012142145246,5.670220550185143
38.05172413793103,13.965517310344827,0.6666666666666666,4.674342010652759,3.637423669221445,5.662310045888841
38.05172413793103,13.965517310344827,0.7777777777777777,4.620702567504225,3.621763164345688,5.653712839787343
38.05172413793103,13.965517310344827,0.8888888888888888,4.569695300776466,3.606834987459817,5.644597376525915
38.05172413793103,13.965517310344827,1.0,4.5210231570496235,3.5925661272807683,5.6350947057710865
38.05172413793103,14.482758655172413,0.0,5.077662954177741,3.7575373348556447,5.680355150909462
38.05172413793103,14.482758655172413,0.1111111111111111,5.000056775398929,3.736051615213846,5.680573906602226
38.05172413793103,14.482758655172413,0.2222222222222222,4.9283756364925715,3.7159679775293966,5.6783756218222265
38.05172413793103,14.482758655172413,0.3333333333333333,4.861726858851626,3.6971140675816896,5.674301340459327
38.05172413793103,14.482758655172413,0.4444444444444444,4.799392534444076,3.6793447327685,5.66877537922991
38.05172413793103,14.482758655172413,0.5555555555555556,4.740789437963286,3.6625369730991535,5.662128322971064
38.05172413793103,14.482758655172413,0.6666666666666666,4.685439211465372,3.6465859649658197,5.654617398628072
38.05172413793103,14.482758655172413,0.7777777777777777,4.632945901445951,3.6314018932984706,5.6464430876625675
38.05172413793103,14.482758655172413,0.8888888888888888,4.582978876039013,3.6169074049785683,5.637762151280827
38.05172413793103,14.482758655172413,1.0,4.535259728857451,3.6030355480380396,5.628697652293319
38.05172413793103,15.0,0.0,5.077662954177741,3.762077606976662,5.672055517202566
38.05172413793103,15.0,0.1111111111111111,5.002528601053171,3.7414796016435408,5.672102698105953
38.05172413793103,15.0,0.2222222222222222,4.932938261467636,3.722174997817311,5.669934521202133
38.05172413793103,15.0,0.3333333333333333,4.8680831719040025,3.704009848377291,5.666029024882923
38.05172413793103,15.0,0.4444444444444444,4.807308338213842,3.686853781203172,5.6607654288597935
38.05172413793103,15.0,0.5555555555555556,4.750078141492673,3.6705957494964023,5.654442457262068
38.05172413793103,15.0,0.6666666666666666,4.695950590779085,3.6551406565050355,5.647294972521796
38.05172413793103,15.0,0.7777777777777777,4.644557790371249,3.6404066489728484,5.639507809880067
38.05172413793103,15.0,0.8888888888888888,4.595590977342742,3.626322928803807,5.631226811482778
38.05172413793103,15.0,1.0,4.548788966491196,3.6128279722464822,5.622567444702311
39.758620689655174,1e-06,0.0,5.121822195810935,3.0457550987985496,7.179126769686792
39.758620689655174,1e-06,0.1111111111111111,4.503467998307508,3.0457560469076683,6.794879582683391
39.758620689655174,1e-06,0.2222222222222222,4.198933006177869,3.0454607150957647,6.607873990627846
39.758620689655174,1e-06,0.3333333333333333,3.9618583069079567,3.0457563080320624,6.468604897373891
39.758620689655174,1e-06,0.4444444444444444,3.759089960220303,3.0457563485241637,6.353386821318085
39.758620689655174,1e-06,0.5555555555555556,3.580356763396768,3.0457563682136253,6.253085935523234
39.758620689655174,1e-06,0.6666666666666666,3.423316024780466,3.045756373545858,6.163086951717535
39.758620689655174,1e-06,0.7777777777777777,3.289615320881923,3.045756371741735,6.0806903951378795
39.758620689655174,1e-06,0.8888888888888888,3.1826520716953715,3.0456604839179193,6.004162121298771
39.758620689655174,1e-06,1.0,3.105232785734329,3.045756340305841,5.932312241230955
39.758620689655174,0.5172423448275862,0.0,5.121822195810935,2.095188150265395,6.879191666535666
39.758620689655174,0.5172423448275862,0.1111111111111111,4.59514823122182,2.2316010532229598,6.666970639364932
39.758620689655174,0.5172423448275862,0.2222222222222222,4.314536176057482,2.3542460314637714,6.52006521646153
39.758620689655174,0.5172423448275862,0.3333333333333333,4.097435432876439,2.4165171001027197,6.403591260662817
39.758620689655174,0.5172423448275862,0.4444444444444444,3.912323791735528,2.4535678778040317,6.304803983645509
39.758620689655174,0.5172423448275862,0.5555555555555556,3.7475106482747553,2.4776250276883274,6.217856190101124
39.758620689655174,0.5172423448275862,0.6666666666666666,3.5977204997554435,2.4940743121105293,6.1395197336963125
39.758620689655174,0.5172423448275862,0.7777777777777777,3.4606201301240667,2.5056928585224068,6.067797667227474
39.758620689655174,0.5172423448275862,0.8888888888888888,3.3355616897970983,2.514074180252887,6.0013551835414
39.758620689655174,0.5172423448275862,1.0,3.2229824917395398,2.5202048760306015,5.939248188905291
39.758620689655174,1.0344836896551723,0.0,5.121822195810935,2.727067081615732,6.66937048111599
39.758620689655174,1.0344836896551723,0.1111111111111111,4.667596981025759,2.216810594242352,6.552967947115223
39.758620689655174,1.0344836896551723,0.2222222222222222,4.4068717891411415,2.046367258064376,6.439216474798003
39.758620689655174,1.0344836896551723,0.3333333333333333,4.205120115051183,1.9938648355611241,6.3421810313271
39.758620689655174,1.0344836896551723,0.4444444444444444,4.033777066957301,1.9865287586580658,6.257246148642098
39.758620689655174,1.0344836896551723,0.5555555555555556,3.8815131586537257,1.9955307823621966,6.18123242343241
39.758620689655174,1.0344836896551723,0.6666666666666666,3.742694805502626,2.0097703020478193,6.1120794363796165
39.758620689655174,1.0344836896551723,0.7777777777777777,3.614221853976736,2.0250160734146347,6.048391907907865
39.758620689655174,1.0344836896551723,0.8888888888888888,3.494359310246005,2.039697965703332,5.989179951413569
39.758620689655174,1.0344836896551723,1.0,3.382226452596846,2.053296264169751,5.9337129198447585
39.758620689655174,1.5517250344827584,0.0,5.121822195810935,3.0526738507825057,6.514444789529257
39.758620689655174,1.5517250344827584,0.1111111111111111,4.725570146018286,2.703773692443189,6.452468631152926
39.758620689655174,1.5517250344827584,0.2222222222222222,4.482362160366801,2.509393466477271,6.365356715855141
39.758620689655174,1.5517250344827584,0.3333333333333333,4.293156246213027,2.3792102913607267,6.284821952234158
39.758620689655174,1.5517250344827584,0.4444444444444444,4.132725853252759,2.28622997084538,6.211778037476625
39.758620689655174,1.5517250344827584,0.5555555555555556,3.99051880142495,2.2177394724969237,6.145108649254809
39.758620689655174,1.5517250344827584,0.6666666666666666,3.8610646275810003,2.166381997354049,6.083713620229408
39.758620689655174,1.5517250344827584,0.7777777777777777,3.7411742641438943,2.1274127800418285,6.0267122455510975
39.758620689655174,1.5517250344827584,0.8888888888888888,3.628865563373838,2.0975833960152657,5.9734185917216
39.758620689655174,1.5517250344827584,1.0,3.5228789882675247,2.074592253078604,5.923294944993165
39.758620689655174,2.068966379310345,0.0,5.121822195810935,3.2307063640069824,6.39511013610185
39.758620689655174,2.068966379310345,0.1111111111111111,4.772442373110366,2.9815055186299326,6.3644773577449945
39.758620689655174,2.068966379310345,0.2222222222222222,4.545106967262551,2.8263818981877527,6.2982728890703195
39.758620689655174,2.068966379310345,0.3333333333333333,4.366668182669463,2.714355850202439,6.231614421828294
39.758620689655174,7.758621172413793,0.6666666666666666,4.490979280387883,3.4800710846074887,5.817671223368363
39.758620689655174,7.758621172413793,0.7777777777777777,4.416782988087524,3.4547413066277883,5.79938753330112
39.758620689655174,7.758621172413793,0.8888888888888888,4.347264374417903,3.4312439346354755,5.780695685330961
39.758620689655174,7.758621172413793,1.0,4.281690504707888,3.409310215921747,5.7618491780872185
39.758620689655174,8.275862517241379,0.0,5.121822195810935,3.711719298264059,5.849048224289795
39.758620689655174,8.275862517241379,0.1111111111111111,4.988130140904597,3.666991509678116,5.856340188933974
39.758620689655174,8.275862517241379,0.2222222222222222,4.8723696568054375,3.627740298462348,5.85385347810197
39.758620689655174,8.275862517241379,0.3333333333333333,4.769984058762108,3.592823057807332,5.845345242362302
39.758620689655174,8.275862517241379,0.4444444444444444,4.677864262100875,3.5613940460681404,5.833102144704754
39.758620689655174,8.275862517241379,0.5555555555555556,4.593832374584388,3.5328167081528257,5.818534896974623
39.758620689655174,8.275862517241379,0.6666666666666666,4.516319473816034,3.506604075371776,5.802533058307975
39.758620689655174,8.275862517241379,0.7777777777777777,4.444164475648071,3.4823775756596165,5.78567013284101
39.758620689655174,8.275862517241379,0.8888888888888888,4.376486693803609,3.459838364591025,5.768323107700065
39.758620689655174,8.275862517241379,1.0,4.312603268430388,3.4387471673601975,5.750743659494338
39.758620689655174,8.793103862068964,0.0,5.121822195810935,3.7233282606664693,5.829921252412525
39.758620689655174,8.793103862068964,0.1111111111111111,4.994945768829165,3.6818309219171064,5.836593224802507
39.758620689655174,8.793103862068964,0.2222222222222222,4.88416572250036,3.645114614757236,5.834630592349834
39.758620689655174,8.793103862068964,0.3333333333333333,4.785601986958169,3.6122316997926074,5.82716814463498
39.758620689655174,8.793103862068964,0.4444444444444444,4.696546811033495,3.582469508432434,5.816185394454876
39.758620689655174,8.793103862068964,0.5555555555555556,4.61506627078708,3.5552836032195336,5.8029428569606045
39.758620689655174,8.793103862068964,0.6666666666666666,4.539744787224668,3.5302519164404624,5.78825722525994
39.758620689655174,8.793103862068964,0.7777777777777777,4.469521134869237,3.5070425231983915,5.772667686305972
39.758620689655174,8.793103862068964,0.8888888888888888,4.403581911003527,3.4853907889185547,5.756536407184403
39.758620689655174,8.793103862068964,1.0,4.341291036481599,3.465083011478873,5.7401101825620255
39.758620689655174,9.310345206896551,0.0,5.121822195810935,3.733767004233997,5.812396002654925
39.758620689655174,9.310345206896551,0.1111111111111111,5.001112723832286,3.6950949746037103,5.81847038324103
39.758620689655174,9.310345206896551,0.2222222222222222,4.894927587699254,3.660627706085447,5.8168929335183
39.758620689655174,9.310345206896551,0.3333333333333333,4.799936930306293,3.62957136512804,5.810294127954918
39.758620689655174,9.310345206896551,0.4444444444444444,4.71377044263286,3.6013204388008453,5.80039032675038
39.758620689655174,9.310345206896551,0.5555555555555556,4.634705473945195,3.5754061878985723,5.788306191375519
39.758620689655174,9.310345206896551,0.6666666666666666,4.561462521677483,3.551460854943158,5.774788656434225
39.758620689655174,9.310345206896551,0.7777777777777777,4.493070739416523,3.5291921594800013,5.760341707448966
39.758620689655174,9.310345206896551,0.8888888888888888,4.4287785916230735,3.5083649213640578,5.745310606615185
39.758620689655174,9.310345206896551,1.0,4.367993563778451,3.4887876973375427,5.729935025227271
39.758620689655174,9.827586551724137,0.0,5.121822195810935,3.743205821424968,5.796276688461207
39.758620689655174,9.827586551724137,0.1111111111111111,5.00671766168093,3.7070233316238363,5.801783299049741
39.758620689655174,9.827586551724137,0.2222222222222222,4.904781547953608,3.674563377621234,5.800484970348115
39.758620689655174,9.827586551724137,0.3333333333333333,4.813135574102265,3.645155004965194,5.79460125919043
39.758620689655174,9.827586551724137,0.4444444444444444,4.729694592500572,3.618279859058459,5.785623384981054
39.758620689655174,9.827586551724137,0.5555555555555556,4.6529192737896885,3.5935318814483797,5.774554144340211
39.758620689655174,9.827586551724137,0.6666666666666666,4.581650862131513,3.5705890258676236,5.76207480430726
39.758620689655174,9.827586551724137,0.7777777777777777,4.515000201719746,3.5491928578763265,5.748654342854945
39.758620689655174,9.827586551724137,0.8888888888888888,4.452272524608935,3.5291336516783605,5.7346199127332
39.758620689655174,9.827586551724137,1.0,4.39291578289559,3.5102394002466544,5.720202481021015
39.758620689655174,10.344827896551724,0.0,5.121822195810935,3.7517831897219875,5.781398543930556
39.758620689655174,10.344827896551724,0.1111111111111111,5.011832765745209,3.7178091304807115,5.7863709142909165
39.758620689655174,10.344827896551724,0.2222222222222222,4.913834774984584,3.687150450675315,5.78527062560487
39.758620689655174,10.344827896551724,0.3333333333333333,4.825323776350677,3.659235484451068,5.779980547683178
39.758620689655174,10.344827896551724,0.4444444444444444,4.744456837833551,3.6336174310080227,5.7717993137504475
39.758620689655174,10.344827896551724,0.5555555555555556,4.669854077631298,3.6099425103803418,5.7616210321000105
39.758620689655174,10.344827896551724,0.6666666666666666,4.600463937454359,3.5879273662544486,5.750065903045419
39.758620689655174,10.344827896551724,0.7777777777777777,4.535471044542667,3.567342588305684,5.737568835096268
39.758620689655174,10.344827896551724,0.8888888888888888,4.47423264024358,3.548000528167757,5.724438333086091
39.758620689655174,10.344827896551724,1.0,4.416234190558002,3.5297462026733757,5.710895605457628
39.758620689655174,10.86206924137931,0.0,5.121822195810936,3.75961292857847,5.767621856744378
39.758620689655174,10.86206924137931,0.1111111111111111,5.01651858411546,3.7276097996270576,5.772094860296313
39.758620689655174,10.86206924137931,0.2222222222222222,4.922178686735402,3.6985754844804273,5.7711306129931375
39.758620689655174,10.86206924137931,0.3333333333333333,4.836610028942736,3.67201936466418,5.766334588688354
39.758620689655174,10.86206924137931,0.4444444444444444,4.758176463209928,3.6475538866787547,5.758840565193877
39.758620689655174,10.86206924137931,0.5555555555555556,4.685637162001156,3.6248691723034687,5.749446093293657
39.758620689655174,10.86206924137931,0.6666666666666666,4.618035825306023,3.6037147899709563,5.73871509197462
39.758620689655174,10.86206924137931,0.7777777777777777,4.554623705001517,3.583886326488806,5.7270498299447095
39.758620689655174,10.86206924137931,0.8888888888888888,4.494805643374255,3.5652153500856727,5.714740119876462
39.758620689655174,10.86206924137931,1.0,4.438101829997384,3.5475618332660552,5.701996771276857
39.758620689655174,11.379310586206897,0.0,5.121822195810935,3.7667894945340885,5.754827337865226
39.758620689655174,11.379310586206897,0.1111111111111111,5.020826239421428,3.7365549817355777,5.758835707579042
39.758620689655174,11.379310586206897,0.2222222222222222,4.929891653388292,3.7089921167559132,5.7579601349848994
39.758620689655174,11.379310586206897,0.3333333333333333,4.847088267701845,3.68367704909933,5.753576303701066
39.758620689655174,11.379310586206897,0.4444444444444444,4.770957352071577,3.6602716703270395,5.746676684853092
39.758620689655174,11.379310586206897,0.5555555555555556,4.7003796965540445,3.638503207829713,5.737973267014135
39.758620689655174,11.379310586206897,0.6666666666666666,4.634483758616247,3.6181493945812933,5.727978440955422
39.758620689655174,11.379310586206897,0.7777777777777777,4.5725809605011625,3.5990274370856223,5.717063568740628
39.758620689655174,11.379310586206897,0.8888888888888888,4.514119684195874,3.580985688202684,5.7055000848135675
39.758620689655174,11.379310586206897,1.0,4.458652224033575,3.563897297719811,5.693488080761685
39.758620689655174,11.896551931034482,0.0,5.121822195810935,3.7733919593012395,5.742912489108286
39.758620689655174,11.896551931034482,0.1111111111111111,5.024799163469375,3.7447524298449677,5.746489909831893
39.758620689655174,11.896551931034482,0.2222222222222222,4.937041181654336,3.718528028398818,5.745666903576278
39.758620689655174,11.896551931034482,0.3333333333333333,4.856840167558377,3.694350369285759,5.741627790776256
39.758620689655174,11.896551931034482,0.4444444444444444,4.782890349979218,3.671922909031324,5.735243703922156
39.758620689655174,11.896551931034482,0.5555555555555556,4.714179204502617,3.651004427179155,5.727150927859471
39.758620689655174,11.896551931034482,0.6666666666666666,4.649910719511579,3.63139686932747,5.717814907217462
39.758620689655174,11.896551931034482,0.7777777777777777,4.589450685243443,3.612936217026496,5.707577996390866
39.758620689655174,11.896551931034482,0.8888888888888888,4.532287298400078,3.5954855333481497,5.69669381733574
39.758620689655174,11.896551931034482,1.0,4.478002513854952,3.578929611756396,5.685351670221084
39.758620689655174,12.413793275862067,0.0,5.121822195810935,3.7794870398737466,5.731788724902283
39.758620689655174,12.413793275862067,0.1111111111111111,5.02847446921384,3.752292458219469,5.734967303533924
39.758620689655174,12.413793275862067,0.2222222222222222,4.943685687133642,3.7272902095329212,5.734169444252628
39.758620689655174,12.413793275862067,0.3333333333333333,4.865937027578319,3.704158334811231,5.7304192878682345
39.758620689655174,12.413793275862067,0.4444444444444444,4.7940552096854026,3.6826354659539637,5.7244835549597655
39.758620689655174,12.413793275862067,0.5555555555555556,4.727121581425484,3.6625073654215368,5.716931598837128
39.758620689655174,12.413793275862067,0.6666666666666666,4.664407557307528,3.643596892996097,5.70818624556373
39.758620689655174,12.413793275862067,0.7777777777777777,4.605328089922114,3.625756399321409,5.698562807767183
39.758620689655174,12.413793275862067,0.8888888888888888,4.549407785778718,3.608861882272576,5.688297830308496
39.758620689655174,12.413793275862067,1.0,4.496255989218883,3.592808452737069,5.677569932606772
39.758620689655174,12.931034620689655,0.0,5.121822195810935,3.785131435522837,5.721379070592385
39.758620689655174,12.931034620689655,0.1111111111111111,5.031884043851769,3.7592513460814687,5.724189053320971
39.758620689655174,12.931034620689655,0.2222222222222222,4.949875939836178,3.7353689919243713,5.723395645095951
39.758620689655174,12.931034620689655,0.3333333333333333,4.874441327129,3.713201546834469,5.719888246061539
39.758620689655174,12.931034620689655,0.4444444444444444,4.804522202083245,3.6925175955002207,5.714343521276308
39.758620689655174,12.931034620689655,0.5555555555555556,4.739282764156212,3.673126099224487,5.707271656781786
39.758620689655174,12.931034620689655,0.6666666666666666,4.678054732426237,3.65486806462346,5.699056888138096
39.758620689655174,12.931034620689655,0.7777777777777777,4.620297557766781,3.6376101681123565,5.689989449605971
39.758620689655174,12.931034620689655,0.8888888888888888,4.565569152253881,3.62123981779276,5.6802896513242604
39.758620689655174,12.931034620689655,1.0,4.513504147071013,3.6056612918448105,5.670125677697351
39.758620689655174,13.44827596551724,0.0,5.121822195810935,3.7903736507806753,5.711616306127834
39.758620689655174,13.44827596551724,0.1111111111111111,5.035055425873448,3.765693971530649,5.714085956108081
39.758620689655174,13.44827596551724,0.2222222222222222,4.95565624909905,3.7428411726221067,5.713281516271083
39.758620689655174,13.44827596551724,0.3333333333333333,4.882408016798937,3.7215656245621918,5.7099785060530746
39.758620689655174,13.44827596551724,0.4444444444444444,4.814353458021525,3.7016615642885733,5.704775725412529
39.758620689655174,13.44827596551724,0.5555555555555556,4.750730119704678,3.6829579986325416,5.698131040355603
39.758620689655174,13.44827596551724,0.6666666666666666,4.690923763197757,3.665311747577686,5.690393805653432
39.758620689655174,13.44827596551724,0.7777777777777777,4.634434161925835,3.648602070920076,5.681831090780258
41.46551724137931,4.13793175862069,0.0,5.163845988795334,3.5887977107596436,6.111906011684639
41.46551724137931,4.13793175862069,0.1111111111111111,4.921694248787893,3.478208480968605,6.128412881647778
41.46551724137931,4.13793175862069,0.2222222222222222,4.738917876041207,3.393895416547893,6.1105235702594145
41.46551724137931,4.13793175862069,0.3333333333333333,4.5893928331928295,3.3261517866842034,6.080804316936117
41.46551724137931,4.13793175862069,0.4444444444444444,4.460932771408924,3.269647082643826,6.046897779297773
41.46551724137931,4.13793175862069,0.5555555555555556,4.347019099861789,3.221218202772273,6.01180371707074
41.46551724137931,4.13793175862069,0.6666666666666666,4.243771929753865,3.178847540957788,5.976815507621909
41.46551724137931,4.13793175862069,0.7777777777777777,4.148692247437984,3.1411720264564336,5.942513955715778
41.46551724137931,4.13793175862069,0.8888888888888888,4.060072145400303,3.1072285409128857,5.909154442414034
41.46551724137931,4.13793175862069,1.0,3.976690019629807,3.0763120775673616,5.876834582347509
41.46551724137931,4.655173103448276,0.0,5.163845988795334,3.624106736632718,6.064633323262396
41.46551724137931,4.655173103448276,0.1111111111111111,4.941591324409776,3.5285417480233154,6.081874447608276
41.46551724137931,4.655173103448276,0.2222222222222222,4.7693049847595645,3.4535539561311124,6.069278279392276
41.46551724137931,4.655173103448276,0.3333333333333333,4.626659217359568,3.3921710569150054,6.044961334722163
41.46551724137931,4.655173103448276,0.4444444444444444,4.50340631594135,3.3403082482571,6.015861045673804
41.46551724137931,4.655173103448276,0.5555555555555556,4.393807390236633,3.295430908682941,5.984951250509707
41.46551724137931,4.655173103448276,0.6666666666666666,4.294348388468374,3.2558729588502424,5.953617714809431
41.46551724137931,4.655173103448276,0.7777777777777777,4.202723012058838,3.220484817627855,5.92253865174197
41.46551724137931,4.655173103448276,0.8888888888888888,4.117333989989325,3.1884415257864576,5.892050612205559
41.46551724137931,4.655173103448276,1.0,4.037027327331646,3.1591319865899705,5.86231521043734
41.46551724137931,5.1724144482758625,0.0,5.163845988795333,3.65318607372449,6.023645690108475
41.46551724137931,5.1724144482758625,0.1111111111111111,4.9586394261419935,3.5693351835929144,6.040731388858942
41.46551724137931,5.1724144482758625,0.2222222222222222,4.795933528750403,3.501962985677473,6.03203617986933
41.46551724137931,5.1724144482758625,0.3333333333333333,4.659693292580429,3.4459140879445047,6.012087999510545
41.46551724137931,5.1724144482758625,0.4444444444444444,4.541286909622809,3.39800839328861,5.987049941411751
41.46551724137931,5.1724144482758625,0.5555555555555556,4.435672703015034,3.356194518391373,5.959768915843741
41.46551724137931,5.1724144482758625,0.6666666666666666,4.339678166049574,3.3190862135536405,5.931657206880174
41.46551724137931,5.1724144482758625,0.7777777777777777,4.251182170288655,3.285707533351168,5.903450280331378
41.46551724137931,5.1724144482758625,0.8888888888888888,4.1686960962781985,3.2553474220569627,5.875540967589017
41.46551724137931,5.1724144482758625,1.0,4.09113371285544,3.2274728868523863,5.848138926556467
41.46551724137931,5.689655793103449,0.0,5.163845988795334,3.677585240375543,5.987738263783374
41.46551724137931,5.689655793103449,0.1111111111111111,4.973375707808027,3.6030901154408417,6.004172714830573
41.46551724137931,5.689655793103449,0.2222222222222222,4.819413344607302,3.5420422229932553,5.9983426700831
41.46551724137931,5.689655793103449,0.3333333333333333,4.689140764881195,3.4905332045053066,5.981922979717953
41.46551724137931,5.689655793103449,0.4444444444444444,4.575264070637351,3.4460500392322055,5.960314049432
41.46551724137931,5.689655793103449,0.5555555555555556,4.4733573309498125,3.4069164168523893,5.936177355455266
41.46551724137931,5.689655793103449,0.6666666666666666,4.380562459562966,3.371970742237992,5.910905113011275
41.46551724137931,5.689655793103449,0.7777777777777777,4.294933637287236,3.340379626886991,5.885258996625422
41.46551724137931,5.689655793103449,0.8888888888888888,4.215087225038178,3.311526963907758,5.8596678324990075
41.46551724137931,5.689655793103449,1.0,4.14000356649681,3.2849455615613365,5.834375851947641
41.46551724137931,6.206897137931034,0.0,5.163845988795334,3.6983710491742827,5.956000869308267
41.46551724137931,6.206897137931034,0.1111111111111111,4.986218388699525,3.631498633072867,5.971523135642745
41.46551724137931,6.206897137931034,0.2222222222222222,4.84023755724911,3.5757764616178727,5.96778873930295
41.46551724137931,6.206897137931034,0.3333333333333333,4.7155261317657615,3.528177262854118,5.954217871317333
41.46551724137931,6.206897137931034,0.4444444444444444,4.605894621533182,3.486687334406669,5.935502130918217
41.46551724137931,6.206897137931034,0.5555555555555556,4.507456066964461,3.449924126581865,5.914088833245035
41.46551724137931,6.206897137931034,0.6666666666666666,4.417638695191756,3.4169077006793502,5.89131879484047
41.46551724137931,6.206897137931034,0.7777777777777777,4.334660748162023,3.3869225435775934,5.867956612547283
41.46551724137931,6.206897137931034,0.8888888888888888,4.257238788825903,3.359432317853826,5.844450939831534
41.46551724137931,6.206897137931034,1.0,4.184417681643795,3.3340257602523096,5.821069414431024
41.46551724137931,6.724138482758621,0.0,5.163845988795334,3.716304209966402,5.927732070796479
41.46551724137931,6.724138482758621,0.1111111111111111,4.997495687940439,3.655747496644454,5.942221640819524
41.46551724137931,6.724138482758621,0.2222222222222222,4.8588076631939305,3.6045638971816856,5.9400111183697835
41.46551724137931,6.724138482758621,0.3333333333333333,4.73927992411447,3.5603648944531283,5.928741010337174
41.46551724137931,6.724138482758621,0.4444444444444444,4.633634365940361,3.521516079682459,5.912466515400078
41.46551724137931,6.724138482758621,0.5555555555555556,4.538452942828615,3.4868670480718635,5.893411986724379
41.46551724137931,6.724138482758621,0.6666666666666666,4.45142243325462,3.455585720462947,5.872847167456669
41.46551724137931,6.724138482758621,0.7777777777777777,4.370913208693995,3.4270546282307577,5.851522685773974
41.46551724137931,6.724138482758621,0.8888888888888888,4.295736559105107,3.400804855231569,5.829894427068276
41.46551724137931,6.724138482758621,1.0,4.2249992450387674,3.3764729851230872,5.8082443399792645
41.46551724137931,7.241379827586207,0.0,5.163845988795334,3.7319430142556578,5.90238187619567
41.46551724137931,7.241379827586207,0.1111111111111111,5.007467411340636,3.676694366769117,5.915801817747573
41.46551724137931,7.241379827586207,0.2222222222222222,4.875452648884469,3.6294187950921346,5.914689897482722
41.46551724137931,7.241379827586207,0.3333333333333333,4.760758641872053,3.588201478246777,5.905279284851481
41.46551724137931,7.241379827586207,0.4444444444444444,4.658860647757362,3.551700239778962,5.891065931411264
41.46551724137931,7.241379827586207,0.5555555555555556,4.566747038172723,3.5189497694225,5.874055094964281
41.46551724137931,7.241379827586207,0.6666666666666666,4.482336617800418,3.4892391050813947,5.855434392228128
41.46551724137931,7.241379827586207,0.7777777777777777,4.404139800441872,3.4620327602421916,5.835928720754741
41.46551724137931,7.241379827586207,0.8888888888888888,4.331056739372702,3.436919088901698,5.815991622757266
41.46551724137931,7.241379827586207,1.0,4.262253099014625,3.41357581732692,5.795912080342386
41.46551724137931,7.758621172413793,0.0,5.163845988795334,3.7457071862118054,5.879512482406878
41.46551724137931,7.758621172413793,0.1111111111111111,5.016341032368299,3.694974931124543,5.891874880098955
41.46551724137931,7.758621172413793,0.2222222222222222,4.890443741307379,3.6510952334372213,5.891544848406479
41.46551724137931,7.758621172413793,0.3333333333333333,4.780259707108063,3.6125116298252076,5.883638577877537
41.46551724137931,7.758621172413793,0.4444444444444444,4.6818888424700935,3.578110142283765,5.87116720644544
41.46551724137931,7.758621172413793,0.5555555555555556,4.592671069424543,3.5470743454968745,5.855928295879318
41.46551724137931,7.758621172413793,0.6666666666666666,4.510732476238496,3.518793109510565,5.839022463072039
41.46551724137931,7.758621172413793,0.7777777777777777,4.434711659272222,3.492799840173983,5.8211411261544725
41.46551724137931,7.758621172413793,0.8888888888888888,4.36359161720059,3.468731754283374,5.802728406817039
41.46551724137931,7.758621172413793,1.0,4.29659370863088,3.4463021071677318,5.784074606308534
41.46551724137931,8.275862517241379,0.0,5.163845988795334,3.75791879529736,5.858770729958882
41.46551724137931,8.275862517241379,0.1111111111111111,5.02428369535908,3.711070643842525,5.870115519193052
41.46551724137931,8.275862517241379,0.2222222222222222,4.904005885072444,3.670165729389656,5.87033124360336
41.46551724137931,8.275862517241379,0.3333333333333333,4.7980329033776465,3.6339234729064307,5.8636433207057115
41.46551724137931,8.275862517241379,0.4444444444444444,4.70298469030514,3.6014103452704957,5.852646157384626
41.46551724137931,8.275862517241379,0.5555555555555556,4.616505082796444,3.5719307150376047,5.838945047482819
41.46551724137931,8.275862517241379,0.6666666666666666,4.536904777083966,3.544956248376459,5.823553016457021
41.46551724137931,8.275862517241379,0.7777777777777777,4.462939183879669,3.5200785218053787,5.807123322362801
41.46551724137931,8.275862517241379,0.8888888888888888,4.393668151410251,3.496976612397716,5.790085614465133
41.46551724137931,8.275862517241379,1.0,4.328365419619591,3.4753945725330473,5.772727118838836
41.46551724137931,8.793103862068964,0.0,5.163845988795334,3.768829364063126,5.839868362048634
41.46551724137931,8.793103862068964,0.1111111111111111,5.031431214765624,3.725353020841465,5.850250323617859
41.46551724137931,8.793103862068964,0.2222222222222222,4.91632672986427,3.687072902283065,5.850835646656145
41.46551724137931,8.793103862068964,0.3333333333333333,4.814289265595108,3.6529241118014033,5.8451355064998
41.46551724137931,8.793103862068964,0.4444444444444444,4.722373702300095,3.622117482925537,5.835387913352359
41.46551724137931,8.793103862068964,0.5555555555555556,4.638486745650856,3.5940562059315613,5.823023042323567
41.46551724137931,8.793103862068964,0.6666666666666666,4.561103189169266,3.568281031892845,5.808968585086158
41.46551724137931,8.793103862068964,0.7777777777777777,4.489084550387181,3.5444328855498104,5.793837251182178
41.46551724137931,8.793103862068964,0.8888888888888888,4.421561682101973,3.5222268448987375,5.778040778431277
41.46551724137931,8.793103862068964,1.0,4.357857376960512,3.5014337498266377,5.761860020441558
41.46551724137931,9.310345206896551,0.0,5.163845988795334,3.778638351183682,5.822567609001945
41.46551724137931,9.310345206896551,0.1111111111111111,5.03789486315341,3.7381134556558653,5.8320483911338625
41.46551724137931,9.310345206896551,0.2222222222222222,4.927563706683459,3.7021644064492287,5.832871935489434
41.46551724137931,9.310345206896551,0.3333333333333333,4.82920807601938,3.669897228560373,5.827973409978475
41.46551724137931,9.310345206896551,0.4444444444444444,4.7402484551721376,3.640639494467751,5.819286852009652
41.46551724137931,9.310345206896551,0.5555555555555556,4.658819220732355,3.613875887465638,5.808084727627682
41.46551724137931,9.310345206896551,0.6666666666666666,4.583540890018654,3.5892051461516066,5.795213447727456
41.46551724137931,9.310345206896551,0.7777777777777777,4.513371136264898,3.5663102520646794,5.781244455877653
41.46551724137931,9.310345206896551,0.8888888888888888,4.44750621275916,3.5449373615818844,5.766569401573154
41.46551724137931,9.310345206896551,1.0,4.385314686297621,3.5248806904647245,5.7514603670825535
41.46551724137931,9.827586551724137,0.0,5.163845988795334,3.78750607010415,5.806670483755324
41.46551724137931,9.827586551724137,0.1111111111111111,5.043766527512511,3.7495838021405055,5.81531374981613
43.172413793103445,5.689655793103449,0.6666666666666666,4.394697401909763,3.411338465895731,5.932751333431056
43.172413793103445,5.689655793103449,0.7777777777777777,4.307240341522967,3.3790805637763075,5.90733555038925
43.172413793103445,5.689655793103449,0.8888888888888888,4.2257993410390275,3.349667763565355,5.881867157058037
43.172413793103445,5.689655793103449,1.0,4.149301380480916,3.3226087813789342,5.856629071711025
43.172413793103445,6.206897137931034,0.0,5.203931253881275,3.746651343757538,5.963295504407081
43.172413793103445,6.206897137931034,0.1111111111111111,5.01868355149798,3.6768461325013986,5.984974205051172
43.172413793103445,6.206897137931034,0.2222222222222222,4.867326086056863,3.61902982448839,5.9847262221930535
43.172413793103445,6.206897137931034,0.3333333333333333,4.738605741793873,3.5698598917382203,5.973189623905469
43.172413793103445,6.206897137931034,0.4444444444444444,4.6258413808858325,3.5271499318600985,5.955700030552212
43.172413793103445,6.206897137931034,0.5555555555555556,4.524860234520364,3.489412990476103,5.935042858080183
43.172413793103445,6.206897137931034,0.6666666666666666,4.432916437710254,3.455602081875976,5.912743775866139
43.172413793103445,6.206897137931034,0.7777777777777777,4.348116992888423,3.4249566672096496,5.889673346145544
43.172413793103445,6.206897137931034,0.8888888888888888,4.269104212852904,3.3969090652170997,5.866343668253643
43.172413793103445,6.206897137931034,1.0,4.194871473663206,3.371025533865418,5.843061817119161
43.172413793103445,6.724138482758621,0.0,5.203931253881275,3.7635028409897235,5.935274701409932
43.172413793103445,6.724138482758621,0.1111111111111111,5.030510826224168,3.7002528781501374,5.955307093855176
43.172413793103445,6.724138482758621,0.2222222222222222,4.886706304660072,3.647104175061083,5.956407604161159
43.172413793103445,6.724138482758621,0.3333333333333333,4.763295282091108,3.601407819121209,5.94715832526614
43.172413793103445,6.724138482758621,0.4444444444444444,4.654579447983023,3.5613816601621715,5.93215122351458
43.172413793103445,6.724138482758621,0.5555555555555556,4.556887455440354,3.5257838383616495,5.913909126046117
43.172413793103445,6.724138482758621,0.6666666666666666,4.467747279254502,3.49372238455611,5.8938721522321265
43.172413793103445,6.724138482758621,0.7777777777777777,4.385425577902946,3.4645389451797244,5.872891894486046
43.172413793103445,6.724138482758621,0.8888888888888888,4.308663263305929,3.437735747514561,5.851486320611377
43.172413793103445,6.724138482758621,1.0,4.236517674916174,3.4129284369490436,5.829976838590467
43.172413793103445,7.241379827586207,0.0,5.203931253881275,3.778194973635159,5.910186160454025
43.172413793103445,7.241379827586207,0.1111111111111111,5.040959897556063,3.7204622536734426,5.9286150207018276
43.172413793103445,7.241379827586207,0.2222222222222222,4.90406961625915,3.671338597133907,5.930633973503902
43.172413793103445,7.241379827586207,0.3333333333333333,4.785616274213975,3.628692887891279,5.92321013771914
43.172413793103445,7.241379827586207,0.4444444444444444,4.6807134856752235,3.591055922054914,5.910286249331026
43.172413793103445,7.241379827586207,0.5555555555555556,4.586124798097385,3.5573819721628466,5.8941292357623265
43.172413793103445,7.241379827586207,0.6666666666666666,4.4996243856546725,3.5269064594286594,5.876082161779633
43.172413793103445,7.241379827586207,0.7777777777777777,4.419626268775631,3.4990567391214595,5.856964961915189
43.172413793103445,7.241379827586207,0.8888888888888888,4.344964150844787,3.4733946021760858,5.837291104613579
43.172413793103445,7.241379827586207,1.0,4.2747564577294055,3.449578289637926,5.817388469219469
43.172413793103445,7.758621172413793,0.0,5.203931253881275,3.791122602905617,5.887584330944186
43.172413793103445,7.758621172413793,0.1111111111111111,5.050251313663416,3.7380900970512445,5.904489821529484
43.172413793103445,7.758621172413793,0.2222222222222222,4.91970111947894,3.692468702186001,5.907112103341052
43.172413793103445,7.758621172413793,0.3333333333333333,4.805878481555054,3.652521336523457,5.901144133850086
43.172413793103445,7.758621172413793,0.4444444444444444,4.704569848254556,3.6170243406440146,5.889969039527735
43.172413793103445,7.758621172413793,0.5555555555555556,4.612915091827968,3.5850903389590587,5.875612706445223
43.172413793103445,7.758621172413793,0.6666666666666666,4.528908628363085,3.556060094811027,5.859316489033766
43.172413793103445,7.758621172413793,0.7777777777777777,4.451099643779554,3.5294332044482686,5.841860406373729
43.172413793103445,7.758621172413793,0.8888888888888888,4.378408576128759,3.5048224263747425,5.823745793547576
43.172413793103445,7.758621172413793,1.0,4.310011780933589,3.4819228906383377,5.805300834209228
43.172413793103445,8.275862517241379,0.0,5.203931253881274,3.8025888842634803,5.867110888668735
43.172413793103445,8.275862517241379,0.1111111111111111,5.05856245192855,3.753602934854022,5.88259096126454
43.172413793103445,8.275862517241379,0.2222222222222222,4.933837189770881,3.71105328970682,5.885585975926856
43.172413793103445,8.275862517241379,0.3333333333333333,4.824342152374213,3.6735077647335985,5.880778192426024
43.172413793103445,8.275862517241379,0.4444444444444444,4.726423674139606,3.639937774174391,5.8710721625851665
43.172413793103445,8.275862517241379,0.5555555555555556,4.637547022439163,3.6095849012115933,5.858271807290013
43.172413793103445,8.275862517241379,0.6666666666666666,4.555902955538061,3.5818775578354747,5.843516833163344
43.172413793103445,8.275862517241379,0.7777777777777777,4.480164041448017,3.556376519320217,5.8275424721292195
43.172413793103445,8.275862517241379,0.8888888888888888,4.4093313491659325,3.5327383308274567,5.810832513232127
43.172413793103445,8.275862517241379,1.0,4.342635854750974,3.5106901859040773,5.793710713342476
43.172413793103445,8.793103862068964,0.0,5.203931253881275,3.812830656892508,5.848474139931207
43.172413793103445,8.793103862068964,0.1111111111111111,5.066037214761699,3.767360817648119,5.8626330368052315
43.172413793103445,8.793103862068964,0.2222222222222222,4.946674924134444,3.727524564777288,5.865832457958861
43.172413793103445,8.793103862068964,0.3333333333333333,4.841227212719064,3.6921291027643015,5.861948184399588
43.172413793103445,8.793103862068964,0.4444444444444444,4.746508554554642,3.6603026034713233,5.8534773664281055
43.172413793103445,8.793103862068964,0.5555555555555556,4.660265694141628,3.6313925473667066,5.842022672516065
43.172413793103445,8.793103862068964,0.6666666666666666,4.580864045088565,3.6049007170226304,5.828625333890421
43.172413793103445,8.793103862068964,0.7777777777777777,4.507088395193132,3.580439940406488,5.813973448001618
43.172413793103445,8.793103862068964,0.8888888888888888,4.438014444231785,3.557704524336514,5.798529615403714
43.172413793103445,8.793103862068964,1.0,4.3729244263126335,3.5364496254820788,5.782609631235765
43.172413793103445,9.310345206896551,0.0,5.203931253881275,3.8220357799480746,5.8314340503548445
43.172413793103445,9.310345206896551,0.1111111111111111,5.072793330419504,3.7796461682098212,5.844375670272123
43.172413793103445,9.310345206896551,0.2222222222222222,4.958379591563626,3.742222123892189,5.847657158502755
43.172413793103445,9.310345206896551,0.3333333333333333,4.856720516061625,3.7087612303368904,5.844506777480461
43.172413793103445,9.310345206896551,0.4444444444444444,4.765024038049907,3.6785189471234747,5.837075664611538
43.172413793103445,9.310345206896551,0.5555555555555556,4.681280709623597,3.65093040383118,5.826785971638899
43.172413793103445,9.310345206896551,0.6666666666666666,4.604011130797006,3.625559166002985,5.814585555649735
43.172413793103445,9.310345206896551,0.7777777777777777,4.532101891783696,3.602062552394581,5.8011148653165785
43.172413793103445,9.310345206896551,0.8888888888888888,4.464697534005913,3.5801675567379596,5.786813054918558
43.172413793103445,9.310345206896551,1.0,4.401128209615119,3.559653800694882,5.771985403808072
43.172413793103445,9.827586551724137,0.0,5.203931253881275,3.830355263935513,5.815791172171332
43.172413793103445,9.827586551724137,0.1111111111111111,5.078927888450606,3.7906837056839966,5.827615373133915
43.172413793103445,9.827586551724137,0.2222222222222222,4.969090535796718,3.755416530148504,5.830890632112778
43.172413793103445,9.827586551724137,0.3333333333333333,4.870981617943833,3.723704452736742,5.828322056159569
43.172413793103445,9.827586551724137,0.4444444444444444,4.782141540147912,3.694907276726438,5.821767117699722
43.172413793103445,9.827586551724137,0.5555555555555556,4.700772451665811,3.6685332193585674,5.812487258404625
43.172413793103445,9.827586551724137,0.6666666666666666,4.625532796897911,3.6441981705444384,5.8013431463100575
43.172413793103445,9.827586551724137,0.7777777777777777,4.555401356478378,3.621597647268217,5.788928357827832
43.172413793103445,9.827586551724137,0.8888888888888888,4.4895860078154515,3.6004870403683955,5.7756574060467845
43.172413793103445,9.827586551724137,1.0,4.4274615602108085,3.5806674418342435,5.761823293025377
43.172413793103445,10.344827896551724,0.0,5.203931253881275,3.8379119438725255,5.801378326841726
43.172413793103445,10.344827896551724,0.1111111111111111,5.084521568598433,3.8006545149647115,5.8121790035464755
43.172413793103445,10.344827896551724,0.2222222222222222,4.978925872366899,3.7673260242276445,5.8153849916221665
43.172413793103445,10.344827896551724,0.3333333333333333,4.88414741372009,3.7372016151738254,5.813276086857186
43.172413793103445,10.344827896551724,0.4444444444444444,4.798009054341959,3.7097273685845447,5.807460421032025
43.172413793103445,10.344827896551724,0.5555555555555556,4.718897036150929,3.6844728740919974,5.7990570910001535
43.172413793103445,10.344827896551724,0.6666666666666666,4.645592285957444,3.6610985802035287,5.788846255971145
43.172413793103445,10.344827896551724,0.7777777777777777,4.57715698281595,3.6393329432582253,5.777376270794084
43.172413793103445,10.344827896551724,0.8888888888888888,4.512857162590588,3.618956112245513,5.765036612055953
43.172413793103445,10.344827896551724,1.0,4.452109150668122,3.5997880777461524,5.752106874141496
43.172413793103445,10.86206924137931,0.0,5.203931253881275,3.8448067984306675,5.788054269529416
43.172413793103445,10.86206924137931,0.1111111111111111,5.089641897227232,3.8097061791133475,5.797918498234063
43.172413793103445,10.86206924137931,0.2222222222222222,4.987986243162965,3.7781285985351887,5.801010938594865
43.172413793103445,10.86206924137931,0.3333333333333333,4.896335889303524,3.749451231953067,5.799263509727904
43.172413793103445,10.86206924137931,0.4444444444444444,4.812754946789124,3.723192063390188,5.794072378901947
43.172413793103445,10.86206924137931,0.5555555555555556,4.735790266220204,3.6989725546764967,5.786430992929146
43.172413793103445,10.86206924137931,0.6666666666666666,4.66433170031603,3.6764913000075023,5.777045779547545
43.172413793103445,10.86206924137931,0.7777777777777777,4.597516837591164,3.6555052810336313,5.766422082797309
43.172413793103445,10.86206924137931,0.8888888888888888,4.534665046206672,3.6358163074054035,5.754924535358058
43.172413793103445,10.86206924137931,1.0,4.475231174116318,3.617261053191893,5.742818688715982
43.172413793103445,11.379310586206897,0.0,5.203931253881275,3.851123632027219,5.775698801837014
43.172413793103445,11.379310586206897,0.1111111111111111,5.094345775059345,3.8179602057248423,5.784706619057014
43.172413793103445,11.379310586206897,0.2222222222222222,4.996357831688469,3.7879708712247906,5.787655189189364
43.172413793103445,11.379310586206897,0.3333333333333333,4.907649173146116,3.760617165651936,5.7861902052333
43.172413793103445,11.379310586206897,0.4444444444444444,4.82649104024309,3.73547742957461,5.781527321499854
43.172413793103445,11.379310586206897,0.5555555555555556,4.751570823520556,3.7122172347611366,5.7745493062316715
43.172413793103445,11.379310586206897,0.6666666666666666,4.681875367233043,3.690567995107965,5.765895471028834
43.172413793103445,11.379310586206897,0.7777777777777777,4.616610445963487,3.6703114965741994,5.756030687504208
41.46551724137931,9.827586551724137,0.2222222222222222,4.937849627429943,3.715717144826383,5.816277684860626
41.46551724137931,9.827586551724137,0.3333333333333333,4.84294242638767,3.6851492139715933,5.812030179569521
41.46551724137931,9.827586551724137,0.4444444444444444,4.7567743300815035,3.6573029171539164,5.804246282945745
41.46551724137931,9.827586551724137,0.5555555555555556,4.677677286939824,3.631730651325893,5.794057543921118
41.46551724137931,9.827586551724137,0.6666666666666666,4.604401195105485,3.608080109665297,5.782234184073729
41.46551724137931,9.827586551724137,0.7777777777777777,4.5359907299875415,3.5860702784980747,5.769306847679233
41.46551724137931,9.827586551724137,0.8888888888888888,4.4717022411115455,3.5654742417532526,5.755645889461739
41.46551724137931,9.827586551724137,1.0,4.410946889245357,3.546106677736378,5.741512947090767
41.46551724137931,10.344827896551724,0.0,5.163845988795334,3.795562916192001,5.792010712561441
41.46551724137931,10.344827896551724,0.1111111111111111,5.0491226560506774,3.759950902640554,5.799879244967464
41.46551724137931,10.344827896551724,0.2222222222222222,4.947297137841972,3.7279544211189615,5.8009109531020275
41.46551724137931,10.344827896551724,0.3333333333333333,4.855623677854658,3.6989277315155347,5.797192410159733
41.46551724137931,10.344827896551724,0.4444444444444444,4.7720940823712095,3.6723723022659818,5.79017797520936
41.46551724137931,10.344827896551724,0.5555555555555556,4.6952121638115685,3.6478971981937676,5.7808739659206925
41.46551724137931,10.344827896551724,0.6666666666666666,4.623842737363712,3.6251916724185627,5.769980014081056
41.46551724137931,10.344827896551724,0.7777777777777777,4.557109126920244,3.604005671236466,5.757987241152386
41.46551724137931,10.344827896551724,0.8888888888888888,4.494322808362763,3.584135693652587,5.745244232901371
41.46551724137931,10.344827896551724,1.0,4.434934488598123,3.5654143846351096,5.732001087263688
41.46551724137931,10.86206924137931,0.0,5.163845988795334,3.8029160842954197,5.7784475690422
41.46551724137931,10.86206924137931,0.1111111111111111,5.054027303066346,3.7693670467734037,5.78560160192905
41.46551724137931,10.86206924137931,0.2222222222222222,4.956002276104913,3.7390583254883416,5.786647471638582
41.46551724137931,10.86206924137931,0.3333333333333333,4.867365063266275,3.711435162085721,5.783358763213436
41.46551724137931,10.86206924137931,0.4444444444444444,4.786331518409209,3.686064299815765,5.777001598096702
41.46551724137931,10.86206924137931,0.5555555555555556,4.711555361111114,3.6626025472121575,5.768471407871958
41.46551724137931,10.86206924137931,0.6666666666666666,4.6420035669280875,3.640774629297502,5.758402980528532
41.46551724137931,10.86206924137931,0.7777777777777777,4.576870530161434,3.6203572290489947,5.747249718194128
41.46551724137931,10.86206924137931,0.8888888888888888,4.515518233516226,3.601167277975551,5.735338504404027
41.46551724137931,10.86206924137931,1.0,4.457434036960418,3.5830532429694575,5.722907256473839
41.46551724137931,11.379310586206897,0.0,5.163845988795334,3.809654542947841,5.7658611042786205
41.46551724137931,11.379310586206897,0.1111111111111111,5.058534496691025,3.7779576343676213,5.772357427930968
41.46551724137931,11.379310586206897,0.2222222222222222,4.964047330943224,3.7491788328394624,5.773378211362834
41.46551724137931,11.379310586206897,0.3333333333333333,4.8782646153704095,3.7228385090293066,5.770438672552613
41.46551724137931,11.379310586206897,0.4444444444444444,4.799594480615393,3.69855805389435,5.7646441233272
41.46551724137931,11.379310586206897,0.5555555555555556,4.726821783783101,3.67603475506387,5.7567920392256715
41.46551724137931,11.379310586206897,0.6666666666666666,4.659004434266824,3.6550237688473826,5.747458018592455
41.46551724137931,11.379310586206897,0.7777777777777777,4.5954010532380085,3.6353249641937637,5.737059864760153
41.46551724137931,11.379310586206897,0.8888888888888888,4.535419863304874,3.616773163840509,5.725903215145828
41.46551724137931,11.379310586206897,1.0,4.478582152420268,3.599230808244092,5.714213517182204
41.46551724137931,11.896551931034482,0.0,5.163845988795334,3.8158527739936696,5.754148415258213
41.46551724137931,11.896551931034482,0.1111111111111111,5.062690094555151,3.7858268793943757,5.760039962881651
41.46551724137931,11.896551931034482,0.2222222222222222,4.971503148639484,3.758440589818163,5.761007288830294
41.46551724137931,11.896551931034482,0.3333333333333333,4.88840756085342,3.7332768078017486,5.758351155040876
41.46551724137931,11.896551931034482,0.4444444444444444,4.811977289832278,3.7100029941319566,5.753039221219879
41.46551724137931,11.896551931034482,0.5555555555555556,4.741112260208812,3.6883509591074173,5.745782544230374
41.46551724137931,11.896551931034482,0.6666666666666666,4.674951447003988,3.6681020938069957,5.737102945190008
41.46551724137931,11.896551931034482,0.7777777777777777,4.612811538448978,3.6490764551653774,5.727384913220625
41.46551724137931,11.896551931034482,0.8888888888888888,4.5541430752476835,3.631124584518259,5.71691356672878
41.46551724137931,11.896551931034482,1.0,4.498498722425425,3.6141212984147315,5.705901861679865
41.46551724137931,12.413793275862067,0.0,5.163845988795334,3.821573622735127,5.7432206955594385
41.46551724137931,12.413793275862067,0.1111111111111111,5.066533249284761,3.7930621167235095,5.748556427995796
41.46551724137931,12.413793275862067,0.2222222222222222,4.978431004622331,3.766948048495656,5.749450171858236
41.46551724137931,12.413793275862067,0.3333333333333333,4.897868288050447,3.742866745691023,5.747023733070575
41.46551724137931,12.413793275862067,0.4444444444444444,4.823562757496604,3.7205247567855735,5.742126672190718
41.46551724137931,12.413793275862067,0.5555555555555556,4.754515618246353,3.6996834974061286,5.735393849722298
41.46551724137931,12.413793275862067,0.6666666666666666,4.689938240179041,3.6801470807801,5.72729839259065
41.46551724137931,12.413793275862067,0.7777777777777777,4.629199847096235,3.661753209827884,5.718193815106352
41.46551724137931,12.413793275862067,0.8888888888888888,4.571789706978828,3.644366280744012,5.708345623478168
41.46551724137931,12.413793275862067,1.0,4.517289485972661,3.627872101663468,5.697954460376772
41.46551724137931,12.931034620689655,0.0,5.163845988795334,3.8268704972027416,5.733000882256424
41.46551724137931,12.931034620689655,0.1111111111111111,5.0700975744632,3.799737096302944,5.737825852723355
41.46551724137931,12.931034620689655,0.2222222222222222,4.984884129431566,3.774789398790305,5.738632144985313
41.46551724137931,12.931034620689655,0.3333333333333333,4.906711972280472,3.751706977446497,5.736391468063948
41.46551724137931,12.931034620689655,0.4444444444444444,4.834423853612202,3.7302297409638223,5.73185180680782
41.46551724137931,12.931034620689655,0.5555555555555556,4.767110402729151,3.7101446244144753,5.725580838407419
41.46551724137931,12.931034620689655,0.6666666666666666,4.704047764059739,3.6912755076429065,5.718007704564501
41.46551724137931,12.931034620689655,0.7777777777777777,4.644652737356161,3.6734755752192316,5.709457262968376
41.46551724137931,12.931034620689655,0.8888888888888888,4.588450039716577,3.6566214740711045,5.700176424698773
41.46551724137931,12.931034620689655,1.0,4.53504813428276,3.640608800655824,5.690353842692863
41.46551724137931,13.44827596551724,0.0,5.163845988795334,3.831789084394538,5.723421762172279
41.46551724137931,13.44827596551724,0.1111111111111111,5.073412078913324,3.805914532716936,5.727777285556154
41.46551724137931,13.44827596551724,0.2222222222222222,4.99090895906973,3.7820396155947367,5.72848699826664
41.46551724137931,13.44827596551724,0.3333333333333333,4.914995924682044,3.759881477258367,5.726396099668543
41.46551724137931,13.44827596551724,0.4444444444444444,4.844625097110124,3.7392086545698704,5.722164981955691
41.46551724137931,13.44827596551724,0.5555555555555556,4.778966305880432,3.719830186241723,5.716302059713582
41.46551724137931,13.44827596551724,0.6666666666666666,4.7173537681270865,3.701587219433513,5.709196808617513
41.46551724137931,13.44827596551724,0.7777777777777777,4.659247416665635,3.684346570075502,5.701147675542168
41.46551724137931,13.44827596551724,0.8888888888888888,4.604204431496578,3.667995750573574,5.6923840516947735
41.46551724137931,13.44827596551724,1.0,4.551858034548288,3.6524390970861167,5.683083026146105
41.46551724137931,13.965517310344827,0.0,5.163845988795334,3.8363687034204608,5.714424435555862
41.46551724137931,13.965517310344827,0.1111111111111111,5.076501920467128,3.8116480998344278,5.718348314085405
41.46551724137931,13.965517310344827,0.2222222222222222,4.99654616453264,3.788762844948011,5.7189559067980955
41.46551724137931,13.965517310344827,0.3333333333333333,4.92277071659853,3.767462169434366,5.7169852828904215
41.46551724137931,13.965517310344827,0.4444444444444444,4.854223720707218,3.74753930267868,5.713021096739879
41.46551724137931,13.965517310344827,0.5555555555555556,4.790145365832703,3.7288225149509624,5.707519446425722
41.46551724137931,13.965517310344827,0.6666666666666666,4.729922041342377,3.7111680970318077,5.700834074282392
41.46551724137931,13.965517310344827,0.7777777777777777,4.6730528346147455,3.694454908118209,5.69323915697368
41.46551724137931,13.965517310344827,0.8888888888888888,4.619124672518504,3.678580125936882,5.684947660887925
41.46551724137931,13.965517310344827,1.0,4.567793655700112,3.6634559100064505,5.67612560561947
41.46551724137931,14.482758655172413,0.0,5.163845988795334,3.840643382488578,5.7059570604353915
41.46551724137931,14.482758655172413,0.1111111111111111,5.079389018084631,3.816984006850685,5.709483835215696
41.46551724137931,14.482758655172413,0.2222222222222222,5.001831503580397,3.795014290834931,5.709986472483642
41.46551724137931,14.482758655172413,0.3333333333333333,4.930081120885288,3.774511012777267,5.708111914326196
41.46551724137931,14.482758655172413,0.4444444444444444,4.86327065142981,3.7552888010955447,5.704379149125455
41.46551724137931,14.482758655172413,0.5555555555555556,4.800702976354811,3.7371927296134984,5.699198042479801
41.46551724137931,14.482758655172413,0.6666666666666666,4.74181145518812,3.720092419873763,5.692890164719317
41.46551724137931,14.482758655172413,0.7777777777777777,4.6861307670471986,3.7038774060334436,5.6857074382459984
41.46551724137931,14.482758655172413,0.8888888888888888,4.63327511795086,3.6884534880106337,5.677847491742107
41.46551724137931,14.482758655172413,1.0,4.582921756408235,3.673739845783137,5.669465812036027
41.46551724137931,15.0,0.0,5.163845988795334,3.8446427235797613,5.697973819265039
41.46551724137931,15.0,0.1111111111111111,5.082092552049579,3.8219622549833443,5.701135028607509
41.46551724137931,15.0,0.2222222222222222,5.006796528736821,3.8008417205349065,5.7015319035069
41.46551724137931,15.0,0.3333333333333333,4.936966903203698,3.781081666704221,5.699733538420879
41.46551724137931,15.0,0.4444444444444444,4.871811339591193,3.7625153490073924,5.696201832583805
41.46551724137931,15.0,0.5555555555555556,4.810688741789531,3.745002581768807,5.69130574523068
41.46551724137931,15.0,0.6666666666666666,4.753074845825869,3.72842476296362,5.685337886827334
41.46551724137931,15.0,0.7777777777777777,4.6985367307357935,3.7126809183747214,5.678529806940447
41.46551724137931,15.0,0.8888888888888888,4.6467136409712975,3.697684560617947,5.671064856195447
41.46551724137931,15.0,1.0,4.597302381720339,3.6833611847603644,5.6630885476078285
43.172413793103445,1e-06,0.0,5.203931253881274,3.0457545334847462,7.309336719963971
43.172413793103445,1e-06,0.1111111111111111,4.515537960917841,3.0457559100607607,6.8735445589591055
43.172413793103445,1e-06,0.2222222222222222,4.197024014379291,3.0457561250261675,6.675754024909059
43.172413793103445,1e-06,0.3333333333333333,3.95108481485209,3.0457562195177115,6.530097317519056
44.87931034482759,2.068966379310345,0.0,5.242248883977843,3.4491806530497566,6.426516685980931
44.87931034482759,2.068966379310345,0.1111111111111111,4.8381693240224095,3.176832076634657,6.4376450466899655
44.87931034482759,2.068966379310345,0.2222222222222222,4.588198183818817,3.010728533787656,6.377116101942321
44.87931034482759,2.068966379310345,0.3333333333333333,4.3959578224692635,2.8917163378071478,6.3106541599949635
44.87931034482759,2.068966379310345,0.4444444444444444,4.234609145082151,2.7997131506680284,6.24669111907176
44.87931034482759,2.068966379310345,0.5555555555555556,4.092775580145346,2.725372757847179,6.186618516133585
44.87931034482759,2.068966379310345,0.6666666666666666,3.9645176598763476,2.663503240963557,6.130408695321657
44.87931034482759,2.068966379310345,0.7777777777777777,3.8463325241220554,2.6108856213573537,6.077715466031034
44.87931034482759,2.068966379310345,0.8888888888888888,3.7359912785456544,2.5653715172351252,6.028148432674916
44.87931034482759,2.068966379310345,1.0,3.632010314562328,2.5254506973460304,5.981346119442801
44.87931034482759,2.5862077241379313,0.0,5.242248883977843,3.5423153438222434,6.325853933956178
44.87931034482759,2.5862077241379313,0.1111111111111111,4.883732050905773,3.332602948474795,6.352907795873728
44.87931034482759,2.5862077241379313,0.2222222222222222,4.648710653036839,3.1950274327023878,6.3112404377480695
44.87931034482759,2.5862077241379313,0.3333333333333333,4.465967618283292,3.093269745039708,6.258052155661568
44.87931034482759,2.5862077241379313,0.4444444444444444,4.312296571666511,3.0128837910736532,6.203972539649324
44.87931034482759,2.5862077241379313,0.5555555555555556,4.177310561438117,2.946714629413825,6.1516914125126
44.87931034482759,2.5862077241379313,0.6666666666666666,4.055430680560472,2.8906701872360974,6.101892255725235
44.87931034482759,2.5862077241379313,0.7777777777777777,3.943298544989789,2.8421767377630873,6.05464373112353
44.87931034482759,2.5862077241379313,0.8888888888888888,3.838732544076766,2.7995046096559464,6.009813767757459
44.87931034482759,2.5862077241379313,1.0,3.7402402134927373,2.761433962452329,5.967210885331957
44.87931034482759,3.103449068965517,0.0,5.242248883977843,3.608336057344831,6.245268666644796
44.87931034482759,3.103449068965517,0.1111111111111111,4.921177426946381,3.4395152902502613,6.279393174508525
44.87931034482759,3.103449068965517,0.2222222222222222,4.700175056469569,3.3223127330433826,6.251751940640286
44.87931034482759,3.103449068965517,0.3333333333333333,4.5261376364859105,3.2331889876739917,6.2094794211349535
44.87931034482759,3.103449068965517,0.4444444444444444,4.379264387062825,3.1615306935972574,6.163865960152926
44.87931034482759,3.103449068965517,0.5555555555555556,4.250188599610041,3.101750325686241,6.11839083546483
44.87931034482759,3.103449068965517,0.6666666666666666,4.1337311776155365,3.0505446896148367,6.074246894966747
44.87931034482759,3.103449068965517,0.7777777777777777,4.026715445564168,3.0057947972953367,6.031824305115567
44.87931034482759,3.103449068965517,0.8888888888888888,3.9270465186550054,2.966058487639573,5.991200809544345
44.87931034482759,3.103449068965517,1.0,3.8332689676028293,2.9303098491514064,5.952327352912323
44.87931034482759,3.6206904137931035,0.0,5.242248883977843,3.657902421747816,6.179111025596089
44.87931034482759,3.6206904137931035,0.1111111111111111,4.9522441974633775,3.5176358529423304,6.215561716479234
44.87931034482759,3.6206904137931035,0.2222222222222222,4.7443038075295565,3.4158175293886655,6.19817830195248
44.87931034482759,3.6206904137931035,0.3333333333333333,4.57835269321381,3.336477146721075,6.164785337025279
44.87931034482759,3.6206904137931035,0.4444444444444444,4.437639452874634,3.271674901895141,6.126379074438256
44.87931034482759,3.6206904137931035,0.5555555555555556,4.313797688643401,3.216989937772054,6.086834742001894
44.87931034482759,3.6206904137931035,0.6666666666666666,4.2020618967072005,3.1697204190044457,6.047683227658263
44.87931034482759,3.6206904137931035,0.7777777777777777,4.09945390435964,3.128095751196074,6.009552747892314
44.87931034482759,3.6206904137931035,0.8888888888888888,4.00398298388072,3.0908931138968105,5.972686079246739
44.87931034482759,3.6206904137931035,1.0,3.914250006345924,3.057233292085311,5.937150596758287
44.87931034482759,4.13793175862069,0.0,5.242248883977843,3.6966358411712985,6.1237074815428985
44.87931034482759,4.13793175862069,0.1111111111111111,4.978275536688658,3.5773015253008205,6.159968834941842
44.87931034482759,4.13793175862069,0.2222222222222222,4.782423007236424,3.487536448955632,6.149988256263323
44.87931034482759,4.13793175862069,0.3333333333333333,4.624029608961734,3.416075708577654,6.123755894090437
44.87931034482759,4.13793175862069,0.4444444444444444,4.488986672263075,3.3568762665332335,6.091451084141845
44.87931034482759,4.13793175862069,0.5555555555555556,4.3698736968167236,3.3064019852792894,6.057060124068067
44.87931034482759,4.13793175862069,0.6666666666666666,4.262335921425203,3.2624219397383145,6.022313461257941
44.87931034482759,4.13793175862069,0.7777777777777777,4.163599712650165,3.2234424311624057,5.98800573823982
44.87931034482759,4.13793175862069,0.8888888888888888,4.071786319221907,3.1884159539068273,5.954504879415068
44.87931034482759,4.13793175862069,1.0,3.985561642844923,3.1565806331244675,5.921970966068601
44.87931034482759,4.655173103448276,0.0,5.242248883977843,3.727814776386498,6.076558046891991
44.87931034482759,4.655173103448276,0.1111111111111111,5.000305140981038,3.6244041383887797,6.111338748144557
44.87931034482759,4.655173103448276,0.2222222222222222,4.815578196615466,3.5443327019828246,6.106637914130066
44.87931034482759,4.655173103448276,0.3333333333333333,4.664264112818538,3.4793890375845735,6.086141226416593
44.87931034482759,4.655173103448276,0.4444444444444444,4.53449379273211,3.424896701484603,6.0589778694879834
44.87931034482759,4.655173103448276,0.5555555555555556,4.419717150898952,3.3779984498978637,6.029052442707876
44.87931034482759,4.655173103448276,0.6666666666666666,4.3159757949657935,3.336837632921826,5.998188019834821
44.87931034482759,4.655173103448276,0.7777777777777777,4.2206998735642545,3.3001450057991235,5.96728638427201
44.87931034482759,4.655173103448276,0.8888888888888888,4.132125320491074,3.2670167423900094,5.936806155328447
44.87931034482759,4.655173103448276,1.0,4.048986927144138,3.2367877069855924,5.906979040642334
44.87931034482759,5.1724144482758625,0.0,5.242248883977843,3.753494660727732,6.035896964739431
44.87931034482759,5.1724144482758625,0.1111111111111111,5.019128267094627,3.6625566497786,6.068582951040061
44.87931034482759,5.1724144482758625,0.2222222222222222,4.844603584562583,3.5904386222769844,6.067601620743611
44.87931034482759,5.1724144482758625,0.3333333333333333,4.699922198903069,3.530987464807293,6.0516757908110534
44.87931034482759,5.1724144482758625,0.4444444444444444,4.575085588466856,3.4805268590369125,6.0288290737770485
44.87931034482759,5.1724144482758625,0.5555555555555556,4.464328358971385,3.4367255391765115,6.0027638920068265
44.87931034482759,5.1724144482758625,0.6666666666666666,4.3640663888797055,3.3980272512315546,5.9753170204384105
44.87931034482759,5.1724144482758625,0.7777777777777777,4.2719281914194465,3.3633468986309367,5.9474499344182945
44.87931034482759,5.1724144482758625,0.8888888888888888,4.186263921256379,3.3319001839624156,5.919682994666423
44.87931034482759,5.1724144482758625,1.0,4.105878483558843,3.3031031762699725,5.892301239111906
44.87931034482759,5.689655793103449,0.0,5.242248883977843,3.7750362820860013,6.000438215697266
44.87931034482759,5.689655793103449,0.1111111111111111,5.035358621024448,3.694101334789485,6.030790185178197
44.87931034482759,5.689655793103449,0.2222222222222222,4.870170419323223,3.6286151406580145,6.0323900751611355
44.87931034482759,5.689655793103449,0.3333333333333333,4.7316997270550205,3.5738590573038467,6.020092661618993
44.87931034482759,5.689655793103449,0.4444444444444444,4.611497161564727,3.5269004288856367,6.00086011869475
44.87931034482759,5.689655793103449,0.5555555555555556,4.5044940765125,3.4858191979573454,5.978125515847085
44.87931034482759,5.689655793103449,0.6666666666666666,4.407453843382152,3.4493020515764674,5.953683842445368
44.87931034482759,5.689655793103449,0.7777777777777777,4.318194709705374,3.416416230763561,5.928519517704076
44.87931034482759,5.689655793103449,0.8888888888888888,4.235178437396609,3.3864778533666478,5.903190929476671
44.87931034482759,5.689655793103449,1.0,4.1572796449383125,3.3589719453080606,5.878020902308957
44.87931034482759,6.206897137931034,0.0,5.242248883977843,3.793379684058691,5.969220824294058
44.87931034482759,6.206897137931034,0.1111111111111111,5.049472518008881,3.7206249969330343,5.997204747298608
44.87931034482759,6.206897137931034,0.2222222222222222,4.8928224548214425,3.6607439158681543,6.000559121069915
44.87931034482759,6.206897137931034,0.3333333333333333,4.760163063157283,3.6100467130690066,5.99113313243428
44.87931034482759,6.206897137931034,0.4444444444444444,4.644322750123302,3.5661624938965337,5.974920701473553
44.87931034482759,6.206897137931034,0.5555555555555556,4.540844825477194,3.5274956018036767,5.955055574046572
44.87931034482759,6.206897137931034,0.6666666666666666,4.446811094632095,3.4929305231739085,5.933254170828756
44.87931034482759,6.206897137931034,0.7777777777777777,4.360218804936788,3.4616613325101317,5.910496349788639
44.87931034482759,6.206897137931034,0.8888888888888888,4.2796372192040595,3.4330890986272613,5.88735958317048
44.87931034482759,6.206897137931034,1.0,4.204009179551589,3.406757871160532,5.8641915405392275
44.87931034482759,6.724138482758621,0.0,5.242248883977843,3.809196832081013,5.94151091166604
44.87931034482759,6.724138482758621,0.1111111111111111,5.061842407173579,3.743241799238197,5.967202126507727
44.87931034482759,6.724138482758621,0.2222222222222222,4.913002780578329,3.6881532131725714,5.971712324252239
44.87931034482759,6.724138482758621,0.3333333333333333,4.7857778929879515,3.640997833790848,5.964552700928355
44.87931034482759,6.724138482758621,0.4444444444444444,4.674049347272056,3.599835632793044,5.9508607169754155
44.87931034482759,6.724138482758621,0.5555555555555556,4.573893946778354,3.5633292156168945,5.933465431400017
44.87931034482759,6.724138482758621,0.6666666666666666,4.482682386921152,3.530525146932531,5.913982244676717
44.87931034482759,6.724138482758621,0.7777777777777777,4.398578952684941,3.5007236820858734,5.893366641122948
44.87931034482759,6.724138482758621,0.8888888888888888,4.3202552895009525,3.4733981530968863,5.872200428294975
44.87931034482759,6.724138482758621,1.0,4.246720217418188,3.44814342916892,5.85084555557204
44.87931034482759,7.241379827586207,0.0,5.242248883977843,3.822981751146676,5.916737477743007
44.87931034482759,7.241379827586207,0.1111111111111111,5.072761994812832,3.762757629900021,5.94026612526211
44.87931034482759,7.241379827586207,0.2222222222222222,4.93107449774702,3.7118081670192247,5.945499768849033
44.87931034482759,7.241379827586207,0.3333333333333333,4.808930332751925,3.6677682120491366,5.940124383147534
44.87931034482759,7.241379827586207,0.4444444444444444,4.701080582014589,3.6290329853824694,5.928534259476539
44.87931034482759,7.241379827586207,0.5555555555555556,4.604064956016034,3.5944725773630917,5.913263718257458
44.87931034482759,7.241379827586207,0.6666666666666666,4.515514271642047,3.5632671985186057,5.895815271605579
44.87931034482759,7.241379827586207,0.7777777777777777,4.433747344698454,3.534806444869187,5.877106420978681
44.87931034482759,7.241379827586207,0.8888888888888888,4.357532447022869,3.508625405012736,5.85771213909822
44.87931034482759,7.241379827586207,1.0,4.28594161026211,3.4843629091612343,5.838000200228823
44.87931034482759,7.758621172413793,0.0,5.242248883977843,3.8351062978645047,5.894449014224679
44.87931034482759,7.758621172413793,0.1111111111111111,5.08246496647994,3.7797701881940813,5.915969012303821
44.87931034482759,7.758621172413793,0.2222222222222222,4.9473368220324465,3.73242729587972,5.9216147890029855
44.87931034482759,7.758621172413793,0.3333333333333333,4.829942810727485,3.691146904354319,5.917640143221168
44.87931034482759,7.758621172413793,0.4444444444444444,4.725754154446216,3.654588573201031,5.907802195197149
44.87931034482759,7.758621172413793,0.5555555555555556,4.631711200500404,3.6217905769983343,5.894359243745951
44.87931034482759,7.758621172413793,0.6666666666666666,4.5456777082970605,3.592044016718167,5.878696580906623
44.87931034482759,7.758621172413793,0.7777777777777777,4.466114486686332,3.5648140234896095,5.86168497924074
44.87931034482759,7.758621172413793,0.8888888888888888,4.391880334270703,3.5396886847629565,5.843884384756961
44.87931034482759,7.758621172413793,1.0,4.322107386534459,3.516345010092762,5.825661771984566
44.87931034482759,8.275862517241379,0.0,5.242248883977843,3.8458560365997094,5.874283417040258
44.87931034482759,8.275862517241379,0.1111111111111111,5.091138933665963,3.7947323619424065,5.893954990367745
44.87931034482759,8.275862517241379,0.2222222222222222,4.9620377040578125,3.7505567215136506,5.899789758776747
44.87931034482759,8.275862517241379,0.3333333333333333,4.8490862653898095,3.7117358787506487,5.896911056052411
44.87931034482759,8.275862517241379,0.4444444444444444,4.748354873806836,3.677140368526788,5.888533685277079
44.87931034482759,8.275862517241379,0.5555555555555556,4.657130314948136,3.6459459718485574,5.876662993258638
44.87931034482759,8.275862517241379,0.6666666666666666,4.573484168118912,3.6175363677655588,5.862567879599777
44.87931034482759,8.275862517241379,0.7777777777777777,4.496007034489397,3.5914408518331964,5.8470673551921175
44.87931034482759,8.275862517241379,0.8888888888888888,4.423642025011138,3.5672931735503317,5.830700571058521
44.87931034482759,8.275862517241379,1.0,4.355578070509774,3.5448036184128706,5.813828632802766
44.87931034482759,8.793103862068964,0.0,5.242248883977843,3.8554540863172218,5.8559466401510525
44.87931034482759,8.793103862068964,0.1111111111111111,5.098935855999571,3.8079937220565117,5.873926718846511
44.87931034482759,8.793103862068964,0.2222222222222222,4.97538376321908,3.7666190388409126,5.8797916269714685
44.87931034482759,8.793103862068964,0.3333333333333333,4.866589665382423,3.730002574035958,5.877766665419161
44.87931034482759,8.793103862068964,0.4444444444444444,4.769124610981536,3.6971851136186817,5.870606953607397
44.87931034482759,8.793103862068964,0.5555555555555556,4.680575075606149,3.667455788715435,5.860089450056722
44.87931034482759,8.793103862068964,0.6666666666666666,4.599197604277315,3.6402760360849356,5.8473708558631055
44.87931034482759,8.793103862068964,0.7777777777777777,4.523700974335319,3.615229909385659,5.833216149083368
44.87931034482759,8.793103862068964,0.8888888888888888,4.45310645239013,3.5919906478428145,5.8181398495319065
44.87931034482759,8.793103862068964,1.0,4.386656366102817,3.570297634929446,5.80249342276838
44.87931034482759,9.310345206896551,0.0,5.242248883977843,3.8640774222740153,5.839197243482445
44.87931034482759,9.310345206896551,0.1111111111111111,5.105979872136224,3.8198284843451877,5.855634447767063
44.87931034482759,9.310345206896551,0.2222222222222222,4.987548135527956,3.7809464189865136,5.861417586956876
44.87931034482759,9.310345206896551,0.3333333333333333,4.882647531801267,3.746315600854256,5.860053869507586
44.87931034482759,9.310345206896551,0.4444444444444444,4.788270029234509,3.715115580898485,5.853909525400666
44.87931034482759,9.310345206896551,0.5555555555555556,4.702261702468479,3.6867296526814597,5.8445574194428165
44.87931034482759,9.310345206896551,0.6666666666666666,4.623043512892712,3.660684946559356,5.833048301231306
44.87931034482759,9.310345206896551,0.7777777777777777,4.549431534411849,3.6366124593981217,5.8200928414852084
44.87931034482759,9.310345206896551,0.8888888888888888,4.480519215386601,3.61421970784868,5.806178602611292
44.87931034482759,9.310345206896551,1.0,4.415598877696527,3.5932715998297557,5.791644704465462
44.87931034482759,9.827586551724137,0.0,5.242248883977843,3.871868293634426,5.823835006111135
44.87931034482759,9.827586551724137,0.1111111111111111,5.112373224028227,3.8304548319637384,5.838867299560074
44.87931034482759,9.827586551724137,0.2222222222222222,4.998676695952732,3.7938035897246043,5.844491081480361
44.87931034482759,9.827586551724137,0.3333333333333333,4.8974259401590645,3.76096960304649,5.843635563252911
44.87931034482759,9.827586551724137,0.4444444444444444,4.805968677783984,3.7312465495646037,5.838338106914966
44.87931034482759,9.827586551724137,0.5555555555555556,4.722376314283804,3.7040965133023964,5.829990490135123
44.87931034482759,9.827586551724137,0.6666666666666666,4.645215905837171,3.6791024396265466,5.819544875659063
44.87931034482759,9.827586551724137,0.7777777777777777,4.573400759199564,3.655935747754119,5.807658749112828
44.87931034482759,9.827586551724137,0.8888888888888888,4.506090799291242,3.6343338144263844,5.794791546104963
44.87931034482759,9.827586551724137,1.0,4.442625000443889,3.614084005182662,5.781268196044705
44.87931034482759,10.344827896551724,0.0,5.242248883977843,3.87894239189358,5.8096924003988475
44.87931034482759,10.344827896551724,0.1111111111111111,5.1182007731657055,3.8400485666094486,5.823446281382643
44.87931034482759,10.344827896551724,0.2222222222222222,5.008893010951514,3.8054041359055355,5.828858226498345
44.87931034482759,10.344827896551724,0.3333333333333333,4.911067347293005,3.774202949899545,5.828389189933912
44.87931034482759,10.344827896551724,0.4444444444444444,4.822373854355733,3.745833319630253,5.823798232499981
44.87931034482759,10.344827896551724,0.5555555555555556,4.741080019897058,3.7198237023696668,5.816317234741198
44.87931034482759,10.344827896551724,0.6666666666666666,4.6658827568826675,3.6958047214793392,5.806807607312814
44.87931034482759,10.344827896551724,0.7777777777777777,4.59578338354514,3.6734827536518666,5.795875709324033
44.87931034482759,10.344827896551724,0.8888888888888888,4.530002919491584,3.6526212790335837,5.7839525476160745
44.87931034482759,10.344827896551724,1.0,4.4679237580004,3.633027480670365,5.771347701425818
44.87931034482759,10.86206924137931,0.0,5.242248883977843,3.885394805291847,5.796628116220995
44.87931034482759,10.86206924137931,0.1111111111111111,5.123533471192755,3.8487529440753843,5.80921867693988
44.87931034482759,10.86206924137931,0.2222222222222222,5.01830229669825,3.815922284096107,5.814384671037209
44.87931034482759,10.86206924137931,0.3333333333333333,4.923694499171739,3.7862105690520127,5.814205298999664
44.87931034482759,10.86206924137931,0.4444444444444444,4.837618525832451,3.7590851650680723,5.810203770495043
44.87931034482759,10.86206924137931,0.5555555555555556,4.758512984718551,3.7341307929354515,5.803471226320017
44.87931034482759,10.86206924137931,0.6666666666666666,4.685190312573633,3.7110190121537086,5.794786196038328
44.87931034482759,10.86206924137931,0.7777777777777777,4.616731449759736,3.6894865568620197,5.784706560889954
44.87931034482759,10.86206924137931,0.8888888888888888,4.552413482277578,3.6693198047145295,5.773635231602066
44.87931034482759,10.86206924137931,1.0,4.491659130051343,3.6503434767808276,5.761865814052586
44.87931034482759,11.379310586206897,0.0,5.242248883977843,3.8913044322812413,5.784522078337908
44.87931034482759,11.379310586206897,0.1111111111111111,5.128431048800158,3.856685885780284,5.7960535326144305
44.87931034482759,11.379310586206897,0.2222222222222222,5.02699459663601,3.8255015685856244,5.80095287388795
44.87931034482759,11.379310586206897,0.3333333333333333,4.935413613045639,3.7971534136728198,5.800986168389729
44.87931034482759,11.379310586206897,0.4444444444444444,4.851818517440966,3.7711752782686077,5.797476352952011
44.87931034482759,11.379310586206897,0.5555555555555556,4.7747977144013625,3.7471998541546907,5.791390928773518
44.87931034482759,11.379310586206897,0.6666666666666666,4.703266545482034,3.724934018961364,5.78343317267202
44.87931034482759,11.379310586206897,0.7777777777777777,4.636377981375911,3.7041409752477255,5.774115471456296
44.87931034482759,11.379310586206897,0.8888888888888888,4.573460511731094,3.6846272528634927,5.7638134228219355
44.87931034482759,11.379310586206897,1.0,4.513974253286393,3.6662331371315213,5.752804449279257
44.87931034482759,11.896551931034482,0.0,5.242248883977843,3.8967373020502394,5.773271567390037
44.87931034482759,11.896551931034482,0.1111111111111111,5.132944115875129,3.863945350025149,5.783838010578202
44.87931034482759,11.896551931034482,0.2222222222222222,5.0350473441744485,3.8342613021616003,5.788459760461581
44.87931034482759,11.896551931034482,0.3333333333333333,4.94631698232152,3.8071655532626028,5.788644523371484
44.87931034482759,11.896551931034482,0.4444444444444444,4.865075126716389,3.7822482339528194,5.785544774189688
44.87931034482759,11.896551931034482,0.5555555555555556,4.790041731938795,3.75918315735737,5.78001950400141
44.87931034482759,11.896551931034482,0.6666666666666666,4.7202239501410554,3.737707811690102,5.772703953728221
44.87931034482759,11.896551931034482,0.7777777777777777,4.654839938962665,3.717608565733246,5.764068149759563
44.87931034482759,11.896551931034482,0.8888888888888888,4.593265293176061,3.6987097425480564,5.754461466716847
44.87931034482759,11.896551931034482,1.0,4.534994771038464,3.68086547780505,5.744145245861617
44.87931034482759,12.413793275862067,0.0,5.242248883977843,3.9017491066223235,5.7627881676028005
44.87931034482759,12.413793275862067,0.1111111111111111,5.137115814831747,3.8706133896602544,5.772474429495167
44.87931034482759,12.413793275862067,0.2222222222222222,5.042527439401648,3.8423014748909234,5.776814716579584
44.87931034482759,12.413793275862067,0.3333333333333333,4.95648511928136,3.8163595575494162,5.7771023666621675
44.87931034482759,12.413793275862067,0.4444444444444444,4.8774772802636495,3.792425668568683,5.77434438844961
44.87931034482759,12.413793275862067,0.5555555555555556,4.804339778663316,3.7702090475333576,5.769304567371935
44.87931034482759,12.413793275862067,0.6666666666666666,4.73616182847182,3.749473827520222,5.762556821472667
44.87931034482759,12.413793275862067,0.7777777777777777,4.672220622394629,3.7300267276659445,5.754531971560184
44.87931034482759,12.413793275862067,0.8888888888888888,4.6119349154620375,3.7117078302925717,5.745554455826638
44.87931034482759,12.413793275862067,1.0,4.5548315316771175,3.6943836289877545,5.73586986678213
44.87931034482759,12.931034620689655,0.0,5.242248883977843,3.906387155440685,5.7529953413817605
44.87931034482759,12.931034620689655,0.1111111111111111,5.140983132187486,3.8767592570274365,5.7618778519120735
44.87931034482759,12.931034620689655,0.2222222222222222,5.049492940162743,3.849706509594998,5.76593787552064
44.87931034482759,12.931034620689655,0.3333333333333333,4.965988525758177,3.8248306352324746,5.766289923634538
44.87931034482759,12.931034620689655,0.4444444444444444,4.889103323805191,3.801810655644474,5.763816526235285
44.87931034482759,12.931034620689655,0.5555555555555556,4.817775637300112,3.780386473159898,5.759197914380683
44.87931034482759,12.931034620689655,0.6666666666666666,4.751168173908502,3.7603455078780272,5.75295285203468
44.87931034482759,12.931034620689655,0.7777777777777777,4.688611641169864,3.741512418143267,5.745476041462516
44.87931034482759,12.931034620689655,0.8888888888888888,4.629564346492129,3.723741285919489,5.737068384442647
44.87931034482759,12.931034620689655,1.0,4.573582783088642,3.706909659513689,5.727960222294169
44.87931034482759,13.44827596551724,0.0,5.242248883977843,3.910691901023957,5.743826484630102
44.87931034482759,13.44827596551724,0.1111111111111111,5.144577946720465,3.882441807816484,5.75197410781057
44.87931034482759,13.44827596551724,0.2222222222222222,5.055994445842276,3.85654817395942,5.75575865731036
44.87931034482759,13.44827596551724,0.3333333333333333,4.974889162815803,3.832659851586919,5.7561446997348735
43.172413793103445,11.379310586206897,0.8888888888888888,4.55514429262357,3.651268563852281,5.745295357285441
43.172413793103445,11.379310586206897,1.0,4.496967449092735,3.633290641069246,5.733940736091577
43.172413793103445,11.896551931034482,0.0,5.203931253881275,3.8569325965690937,5.764208958195851
43.172413793103445,11.896551931034482,0.1111111111111111,5.098681454912373,3.8255175564152526,5.772433506304236
43.172413793103445,11.896551931034482,0.2222222222222222,5.004114796254131,3.796974708984164,5.775218258882358
43.172413793103445,11.896551931034482,0.3333333333333333,4.9181760333409015,3.770835872253323,5.773972061056405
43.172413793103445,11.896551931034482,0.4444444444444444,4.839315139751348,3.746730386257106,5.769756503300357
43.172413793103445,11.896551931034482,0.5555555555555556,4.766342868442282,3.7243615449614107,5.763356975196717
43.172413793103445,11.896551931034482,0.6666666666666666,4.69833256283953,3.7034891340112996,5.7553519654888285
43.172413793103445,11.896551931034482,0.7777777777777777,4.634551676064352,3.683916593380482,5.746168570763117
43.172413793103445,11.896551931034482,0.8888888888888888,4.574413192576572,3.6654814954152846,5.736123863895098
43.172413793103445,11.896551931034482,1.0,4.517440693594174,3.648048396785318,5.725454841932353
43.172413793103445,12.413793275862067,0.0,5.203931253881275,3.862292876568933,5.753495998679529
43.172413793103445,12.413793275862067,0.1111111111111111,5.102690101159993,3.8324628229209257,5.761003873943937
43.172413793103445,12.413793275862067,0.2222222222222222,5.01132124307643,3.8052422386144262,5.763612564497111
43.172413793103445,12.413793275862067,0.3333333333333333,4.927993931128818,3.780221899134344,5.762533850193001
43.172413793103445,12.413793275862067,0.4444444444444444,4.851313115213358,3.757074499997971,5.758697508612852
43.172413793103445,12.413793275862067,0.5555555555555556,4.780198176701986,3.735535765226368,5.752803288409587
43.172413793103445,12.413793275862067,0.6666666666666666,4.71379973803942,3.7153901174917054,5.7453747360302945
43.172413793103445,12.413793275862067,0.7777777777777777,4.651441083277353,3.6964599723161604,5.736803909883678
43.172413793103445,12.413793275862067,0.8888888888888888,4.592576177344613,3.678597699868965,5.727385645160866
43.172413793103445,12.413793275862067,1.0,4.536759163235045,3.6616795295096427,5.7173429325635485
43.172413793103445,12.931034620689655,0.0,5.203931253881275,3.867254761677034,5.743483014818099
43.172413793103445,12.931034620689655,0.1111111111111111,5.106407028655762,3.8388674220051486,5.750334716915865
43.172413793103445,12.931034620689655,0.2222222222222222,5.0180328341617955,3.8128596873770895,5.7527608021369945
43.172413793103445,12.931034620689655,0.3333333333333333,4.937170717682222,3.7888721093349846,5.751808221756731
43.172413793103445,12.931034620689655,0.4444444444444444,4.8625606289277234,3.7666144479713375,5.748293680663901
43.172413793103445,12.931034620689655,0.5555555555555556,4.793217908083934,3.7458504450812264,5.742841599166695
43.172413793103445,12.931034620689655,0.6666666666666666,4.728362352919947,3.726386008222285,5.73592600608759
43.172413793103445,12.931034620689655,0.7777777777777777,4.667367832745869,3.7080602416573636,5.7279066154879406
43.172413793103445,12.931034620689655,0.8888888888888888,4.609725846619063,3.690738630980553,5.719057228358558
43.172413793103445,12.931034620689655,1.0,4.555018797121984,3.674307824000506,5.709587236799865
43.172413793103445,13.44827596551724,0.0,5.203931253881275,3.871861264367163,5.734103006529983
43.172413793103445,13.44827596551724,0.1111111111111111,5.10986269415239,3.8447920685894887,5.740353428181111
43.172413793103445,13.44827596551724,0.2222222222222222,5.024298104011659,3.8199003597957475,5.742594562425654
43.172413793103445,13.44827596551724,0.3333333333333333,4.945766042501879,3.7968689640867805,5.741734800446967
43.172413793103445,13.44827596551724,0.4444444444444444,4.873124576460873,3.775439493364238,5.73849358395244
43.172413793103445,13.44827596551724,0.5555555555555556,4.8054740804384775,3.7554000066153335,5.733429038415317
43.172413793103445,13.44827596551724,0.6666666666666666,4.7420964000911345,3.73657522262114,5.726970632348179
43.172413793103445,13.44827596551724,0.7777777777777777,4.682411289022467,3.718818974022367,5.719448331491941
43.172413793103445,13.44827596551724,0.8888888888888888,4.6259446383680345,3.7020084053675326,5.7111161615273245
43.172413793103445,13.44827596551724,1.0,4.5723049785413385,3.6860394873489475,5.702170431805939
43.172413793103445,13.965517310344827,0.0,5.203931253881275,3.876149395572414,5.725297324810892
43.172413793103445,13.965517310344827,0.1111111111111111,5.113083495183607,3.85028871084559,5.730996244949724
43.172413793103445,13.965517310344827,0.2222222222222222,5.030159543120657,3.826426969476548,5.7330531484222425
43.172413793103445,13.965517310344827,0.3333333333333333,4.953832527532318,3.804283100070959,5.732259387514266
43.172413793103445,13.965517310344827,0.4444444444444444,4.883064294397313,3.783626219641411,5.7292505050091025
43.172413793103445,13.965517310344827,0.5555555555555556,4.817030805415982,3.76426558340614,5.724526229992953
43.172413793103445,13.965517310344827,0.6666666666666666,4.755069678420932,3.7460424428079477,5.718475969610767
43.172413793103445,13.965517310344827,0.7777777777777777,4.696642340360077,3.728823671714776,5.711402405080346
43.172413793103445,13.965517310344827,0.8888888888888888,4.641306214730073,3.712496808628465,5.70354105927044
43.172413793103445,13.965517310344827,1.0,4.588693991236815,3.6969661875564364,5.695075745713147
43.172413793103445,14.482758655172413,0.0,5.203931253881274,3.8801511800822124,5.717014401049458
43.172413793103445,14.482758655172413,0.1111111111111111,5.116092418081893,3.8554020593045544,5.722206960475079
43.172413793103445,14.482758655172413,0.2222222222222222,5.0356544938351115,3.8324934834395026,5.7240825658741805
43.172413793103445,14.482758655172413,0.3333333333333333,4.961416750074878,3.8111753722631994,5.723333254554349
43.172413793103445,14.482758655172413,0.4444444444444444,4.892432577347291,3.791240702146414,5.720521993555444
43.172413793103445,14.482758655172413,0.5555555555555556,4.82794533007216,3.7725172786902603,5.716097014701361
43.172413793103445,14.482758655172413,0.6666666666666666,4.767342864700759,3.754860935399776,5.710411725889239
43.172413793103445,14.482758655172413,0.7777777777777777,4.710124509479433,3.7381501298187896,5.703743835703685
43.172413793103445,14.482758655172413,0.8888888888888888,4.65587662052805,3.7222816921884245,5.6963116203351385
43.172413793103445,14.482758655172413,1.0,4.604254232868378,3.707167477119383,5.688287026869054
43.172413793103445,15.0,0.0,5.203931253881274,3.8838944718140604,5.709208702913985
43.172413793103445,15.0,0.1111111111111111,5.118909566956339,3.86017080618492,5.713935851049676
43.172413793103445,15.0,0.2222222222222222,5.040815894533094,3.838146593944624,5.71563465963919
43.172413793103445,15.0,0.3333333333333333,4.968560068973427,3.8175984874381186,5.714912520976399
43.172413793103445,15.0,0.4444444444444444,4.901276538012501,3.798340247896512,5.7122694439856225
43.172413793103445,15.0,0.5555555555555556,4.838268919188695,3.7802159772852217,5.708108187380959
43.172413793103445,15.0,0.6666666666666666,4.77897042040185,3.763094414185134,5.702749813782139
43.172413793103445,15.0,0.7777777777777777,4.722914891046604,3.7468643359965292,5.696449209946532
43.172413793103445,15.0,0.8888888888888888,4.669715258125593,3.7314309013328093,5.689408624280451
43.172413793103445,15.0,1.0,4.61904723307753,3.7167127433679026,5.681788787378366
44.87931034482759,1e-06,0.0,5.242248883977843,3.045754194639716,7.373317133523962
44.87931034482759,1e-06,0.1111111111111111,4.518313879262739,3.045361150063591,6.911042795791277
44.87931034482759,1e-06,0.2222222222222222,4.1929667272346,3.0457525744722806,6.708056396540921
44.87931034482759,1e-06,0.3333333333333333,3.942605305491225,3.04575617375018,6.559285187662026
44.87931034482759,1e-06,0.4444444444444444,3.7305405373995675,3.045756222076475,6.437240357885565
44.87931034482759,1e-06,0.5555555555555556,3.5462738654444297,3.045756247829918,6.331615314310226
44.87931034482759,1e-06,0.6666666666666666,,,
44.87931034482759,1e-06,0.7777777777777777,,,
44.87931034482759,1e-06,0.8888888888888888,3.161766665743878,3.0457562394143967,6.071611900272057
44.87931034482759,1e-06,1.0,3.09802170379779,3.0454932548837017,5.997086663435658
44.87931034482759,0.5172423448275862,0.0,5.242248883977843,2.390538608743371,6.982821587007663
44.87931034482759,0.5172423448275862,0.1111111111111111,4.6268767428716275,2.095544168085379,6.771843203274868
44.87931034482759,0.5172423448275862,0.2222222222222222,4.324694676880901,2.243102136884941,6.615512849045495
44.87931034482759,0.5172423448275862,0.3333333333333333,4.094273654005191,2.3222387514450924,6.492258497012506
44.87931034482759,0.5172423448275862,0.4444444444444444,3.8993300595464544,2.3693494526970267,6.388273238900675
44.87931034482759,0.5172423448275862,0.5555555555555556,3.7268995266341864,2.399905982374484,6.297166459861979
44.87931034482759,0.5172423448275862,0.6666666666666666,3.5713500464857435,2.4208655681809934,6.215412264911877
44.87931034482759,0.5172423448275862,0.7777777777777777,3.4303780394308983,2.4358041876902483,6.140832487690099
44.87931034482759,0.5172423448275862,0.8888888888888888,3.303558146172995,2.446755282443752,6.0719725980393005
44.87931034482759,0.5172423448275862,1.0,3.191602834257286,2.4549639998570134,6.007804340224389
44.87931034482759,1.0344836896551723,0.0,5.242248883977843,3.0451719493364267,6.731714745039858
44.87931034482759,1.0344836896551723,0.1111111111111111,4.713085421249055,2.4617980471857215,6.6463310854845385
44.87931034482759,1.0344836896551723,0.2222222222222222,4.430066176852088,2.210165951180976,6.529236931399176
44.87931034482759,1.0344836896551723,0.3333333333333333,4.214856454682036,2.082254748654663,6.427989317541729
44.87931034482759,1.0344836896551723,0.4444444444444444,4.03367248182844,2.0191210111850197,6.33931613884974
44.87931034482759,1.0344836896551723,0.5555555555555556,3.8736003790664517,1.9906401652618857,6.260105507576947
44.87931034482759,1.0344836896551723,0.6666666666666666,3.7283678458064355,1.980474459275273,6.188224426787078
44.87931034482759,1.0344836896551723,0.7777777777777777,3.5946040540889865,1.9798947123944872,6.122198775311699
44.87931034482759,1.0344836896551723,0.8888888888888888,3.4704904883769547,1.9842694835816352,6.060972504811222
44.87931034482759,1.0344836896551723,1.0,3.3551779988104973,1.9911297499399236,6.003761914393925
44.87931034482759,1.5517250344827584,0.0,5.242248883977843,3.3054588543509307,6.556452111187755
44.87931034482759,1.5517250344827584,0.1111111111111111,4.782249558835869,2.9270479902695534,6.535076292733292
44.87931034482759,1.5517250344827584,0.2222222222222222,4.5163646357086265,2.7178987888738724,6.449730001341549
44.87931034482759,1.5517250344827584,0.3333333333333333,4.313507072448512,2.5748599380000585,6.367335155564639
44.87931034482759,1.5517250344827584,0.4444444444444444,4.143202913236017,2.4689627613528864,6.291905318212128
44.87931034482759,1.5517250344827584,0.5555555555555556,3.9931900968806375,2.387327601974495,6.222920766790997
44.87931034482759,1.5517250344827584,0.6666666666666666,3.8572557364855857,2.322830309240221,6.15941805209022
44.87931034482759,1.5517250344827584,0.7777777777777777,3.7318398195172326,2.2710008081634827,6.100536694635694
44.87931034482759,1.5517250344827584,0.8888888888888888,3.61476694872222,2.2288062810067033,6.045577762981673
44.87931034482759,1.5517250344827584,1.0,3.5046855506043246,2.194083677240217,5.993981814346108
43.172413793103445,1e-06,0.4444444444444444,3.7421130946131456,3.0457556133506185,6.410301582084903
43.172413793103445,1e-06,0.5555555555555556,3.5596298631249135,3.045756288860628,6.30643557240609
43.172413793103445,1e-06,0.6666666666666666,3.401755258565839,3.045599888181143,6.213531486568124
43.172413793103445,1e-06,0.7777777777777777,3.2707061997253932,3.045755703813772,6.128701551792347
43.172413793103445,1e-06,0.8888888888888888,3.16995163167799,3.045750875633553,6.050098313712965
43.172413793103445,1e-06,1.0,3.1013729222795305,3.0457473283769767,5.976457853075091
43.172413793103445,0.5172423448275862,0.0,5.203931253881275,2.2649588965081113,6.951635015636609
43.172413793103445,0.5172423448275862,0.1111111111111111,4.618319118453288,2.1374711385173755,6.738135526327634
43.172413793103445,0.5172423448275862,0.2222222222222222,4.323206169036019,2.2803775199831207,6.584791982292628
43.172413793103445,0.5172423448275862,0.3333333333333333,4.097196938765041,2.354344082888753,6.463734096085634
43.172413793103445,0.5172423448275862,0.4444444444444444,3.9055374613438754,2.3981846013657075,6.361446407481358
43.172413793103445,0.5172423448275862,0.5555555555555556,3.735664845448204,2.426575993384445,6.27170331344222
43.172413793103445,0.5172423448275862,0.6666666666666666,3.582050088770422,2.4460076598485436,6.1910721069401795
43.172413793103445,0.5172423448275862,0.7777777777777777,3.442364619906845,2.459804927098337,6.1174323519722895
43.172413793103445,0.5172423448275862,0.8888888888888888,3.316094189856692,2.46986019819317,6.049368144395116
43.172413793103445,0.5172423448275862,1.0,3.203848839643219,2.477334928171667,5.985878641083823
43.172413793103445,1.0344836896551723,0.0,5.203931253881275,2.945097136435748,6.714478583166687
43.172413793103445,1.0344836896551723,0.1111111111111111,4.6998287237470135,2.37927186778354,6.616513201208557
43.172413793103445,1.0344836896551723,0.2222222222222222,4.424124794594081,2.147923222504905,6.500339468909713
43.172413793103445,1.0344836896551723,0.3333333333333333,4.2133550355705225,2.0421915972603,6.400421107930206
43.172413793103445,1.0344836896551723,0.4444444444444444,4.035441450494143,1.9977769469792068,6.312952779627179
43.172413793103445,1.0344836896551723,0.5555555555555556,3.877982880579949,1.983115414125564,6.234780989267156
43.172413793103445,1.0344836896551723,0.6666666666666666,3.7349115287317742,1.9825844565484538,6.163790129304548
43.172413793103445,1.0344836896551723,0.7777777777777777,3.602940488561131,1.9885964944751062,6.098529346401745
43.172413793103445,1.0344836896551723,0.8888888888888888,3.4802728533268104,1.9974721125136583,6.037963133152241
43.172413793103445,1.0344836896551723,1.0,3.366041967279445,2.007417284455927,5.98132464472115
43.172413793103445,1.5517250344827584,0.0,5.203931253881275,3.225651382740437,6.545667501853919
43.172413793103445,1.5517250344827584,0.1111111111111111,4.765180998734841,2.856179996823189,6.508902033721191
43.172413793103445,1.5517250344827584,0.2222222222222222,4.506751026877455,2.651044418214475,6.422734939929428
43.172413793103445,1.5517250344827584,0.3333333333333333,4.30838819709821,2.511267215649215,6.3408735741943145
43.172413793103445,1.5517250344827584,0.4444444444444444,4.141351494505636,2.408620012041529,6.266192117982364
43.172413793103445,1.5517250344827584,0.5555555555555556,3.9939376472751604,2.330352676469332,6.19794894047448
43.172413793103445,1.5517250344827584,0.6666666666666666,3.860175031851531,2.269314326715638,6.135127142477767
43.172413793103445,1.5517250344827584,0.7777777777777777,3.7366233529212094,2.220970691657088,6.076856077941525
43.172413793103445,1.5517250344827584,0.8888888888888888,3.6211685571199923,2.182225925457862,6.022439422044017
43.172413793103445,1.5517250344827584,1.0,3.5124867716502686,2.150867214881437,5.971324011097207
43.172413793103445,2.068966379310345,0.0,5.203931253881275,3.379768082063199,6.418889172444489
43.172413793103445,2.068966379310345,0.1111111111111111,4.818029434208767,3.11482693876108,6.414663917995745
43.172413793103445,2.068966379310345,0.2222222222222222,4.5755099573394125,2.952091534210769,6.351985477098662
43.172413793103445,2.068966379310345,0.3333333333333333,4.3878093154512054,2.8351205886237576,6.285360836587364
43.172413793103445,2.068966379310345,0.4444444444444444,4.229739606605656,2.7446170401454935,6.221730271374302
43.172413793103445,2.068966379310345,0.5555555555555556,4.0904956197148925,2.6715268916222845,6.162124345148805
43.172413793103445,2.068966379310345,0.6666666666666666,3.9643946993221633,2.6107870902460446,6.106401426937222
43.172413793103445,2.068966379310345,0.7777777777777777,3.848068097112887,2.559241085569567,6.054175084759397
43.172413793103445,2.068966379310345,0.8888888888888888,3.7393631064851687,2.5147722153938172,6.005040934368024
43.172413793103445,2.068966379310345,1.0,3.6368406643721474,2.475886588648015,5.958633846550498
43.172413793103445,2.5862077241379313,0.0,5.203931253881275,3.4792706367322475,6.319793417619452
43.172413793103445,2.5862077241379313,0.1111111111111111,4.861128945433846,3.2759321287386647,6.332595672193012
43.172413793103445,2.5862077241379313,0.2222222222222222,4.6334266121946035,3.1415886796848116,6.287858159843623
43.172413793103445,2.5862077241379313,0.3333333333333333,4.455238743984343,3.0417916569274914,6.233927675524151
43.172413793103445,2.5862077241379313,0.4444444444444444,4.304859320658353,2.9627536660832723,6.1798120573660595
43.172413793103445,2.5862077241379313,0.5555555555555556,4.172461606634577,2.8975989994636815,6.127747332447387
43.172413793103445,2.5862077241379313,0.6666666666666666,4.052727862727446,2.8423731107686847,6.078255716231723
43.172413793103445,2.5862077241379313,0.7777777777777777,3.9424398958061553,2.794577254317364,6.031340303342494
43.172413793103445,2.5862077241379313,0.8888888888888888,3.839498602627,2.752525614022993,5.98684045857757
43.172413793103445,2.5862077241379313,1.0,3.7424629192030583,2.715025318902697,5.9445521034956235
43.172413793103445,3.103449068965517,0.0,5.203931253881275,3.549655173416424,6.23994766389683
43.172413793103445,3.103449068965517,0.1111111111111111,4.896598517531826,3.386402864563009,6.261240856981087
43.172413793103445,3.103449068965517,0.2222222222222222,4.682688043279658,3.2722655121398643,6.22995677954485
43.172413793103445,3.103449068965517,0.3333333333333333,4.513185710281187,3.1850743141078612,6.186482757028338
43.172413793103445,3.103449068965517,0.4444444444444444,4.369608605434526,3.114754112227979,6.1405165791524015
43.172413793103445,3.103449068965517,0.5555555555555556,4.243122195880217,3.0559656369817563,6.095034213447107
43.172413793103445,3.103449068965517,0.6666666666666666,4.128805205354558,3.00553533382944,6.051033977178481
43.172413793103445,3.103449068965517,0.7777777777777777,4.023622667411174,2.9614183203036095,6.0088205629273475
43.172413793103445,3.103449068965517,0.8888888888888888,3.9255648098305573,2.922217688894235,5.968430984040284
43.172413793103445,3.103449068965517,1.0,3.8332306091219928,2.8869365634320046,5.92979584306972
43.172413793103445,3.6206904137931035,0.0,5.203931253881275,3.6024387278887073,6.174074192697841
43.172413793103445,3.6206904137931035,0.1111111111111111,4.926072631420204,3.46709160884043,6.199119868830133
43.172413793103445,3.6206904137931035,0.2222222222222222,4.724939349867265,3.3681512538223597,6.177789509172845
43.172413793103445,3.6206904137931035,0.3333333333333333,4.563469895908657,3.2906946299436264,6.142848730067137
43.172413793103445,3.6206904137931035,0.4444444444444444,4.426044811076251,3.2272224319456133,6.103825680744587
43.172413793103445,3.6206904137931035,0.5555555555555556,4.304791153102846,3.1735303324521857,6.064078386044784
43.172413793103445,3.6206904137931035,0.6666666666666666,4.19519229972926,3.1270347791584867,6.024923127834378
43.172413793103445,3.6206904137931035,0.7777777777777777,4.0944102023686275,3.086035138294184,5.986888239811324
43.172413793103445,3.6206904137931035,0.8888888888888888,4.000539738371683,3.0493525345787544,5.950166163595715
43.172413793103445,3.6206904137931035,1.0,3.9122373635753966,3.016136665056071,5.914797499460836
43.172413793103445,4.13793175862069,0.0,5.203931253881275,3.643665832318369,6.118694489917122
43.172413793103445,4.13793175862069,0.1111111111111111,4.950809241067916,3.5287161861998655,6.144862284443089
43.172413793103445,4.13793175862069,0.2222222222222222,4.761451648499449,3.441642395016635,6.130823467061495
43.172413793103445,4.13793175862069,0.3333333333333333,4.607459197450585,3.3720007671274277,6.102796249984828
43.172413793103445,4.13793175862069,0.4444444444444444,4.475682919772849,3.314112081703164,6.069661110053006
43.172413793103445,4.13793175862069,0.5555555555555556,4.359151732830649,3.2646281181542114,6.034899467489642
43.172413793103445,4.13793175862069,0.6666666666666666,4.253746968935048,3.2214245201763068,6.000018413496214
43.172413793103445,4.13793175862069,0.7777777777777777,4.1568312748417,3.1830724412792564,5.965703432679889
43.172413793103445,4.13793175862069,0.8888888888888888,4.0666105624710385,3.148566054804663,5.9322650294625845
43.172413793103445,4.13793175862069,1.0,3.9818064243581146,3.1171714455499413,5.899831411147674
43.172413793103445,4.655173103448276,0.0,5.203931253881275,3.6768482810361753,6.071416775434442
43.172413793103445,4.655173103448276,0.1111111111111111,4.971775123377804,3.5773742201612677,6.097264090530367
43.172413793103445,4.655173103448276,0.2222222222222222,4.793224876142345,3.499817464326027,6.088524279416165
43.172413793103445,4.655173103448276,0.3333333333333333,4.646210922052157,3.4366206692434487,6.06606854433665
43.172413793103445,4.655173103448276,0.4444444444444444,4.519673229224405,3.3834109147362152,6.037907618902497
43.172413793103445,4.655173103448276,0.5555555555555556,4.407465899754652,3.337494115412111,6.007470785835185
43.172413793103445,4.655173103448276,0.6666666666666666,4.305851499399662,3.297109144435209,5.976358008826567
43.172413793103445,4.655173103448276,0.7777777777777777,4.212391000661529,3.2610463480919893,5.945357124949805
43.172413793103445,4.655173103448276,0.8888888888888888,4.12540301413237,3.228440968566997,5.914864583179957
43.172413793103445,4.655173103448276,1.0,4.043677397593976,3.1986545188324653,5.885076402085236
43.172413793103445,5.1724144482758625,0.0,5.203931253881275,3.704181440389829,6.030538107980834
43.172413793103445,5.1724144482758625,0.1111111111111111,4.989714235663885,3.616799816852042,6.05529913983089
43.172413793103445,5.1724144482758625,0.2222222222222222,4.821055379674417,3.547033102040019,6.050381755481683
43.172413793103445,5.1724144482758625,0.3333333333333333,4.680559970033661,3.4892543237030273,6.032399092895187
43.172413793103445,5.1724144482758625,0.4444444444444444,4.558911358588123,3.440042619864834,6.008428465791891
43.172413793103445,5.1724144482758625,0.5555555555555556,4.450704722873056,3.3972087586472366,5.981736336393074
43.172413793103445,5.1724144482758625,0.6666666666666666,4.352560648272991,3.3592819668513236,5.953943246180996
43.172413793103445,5.1724144482758625,0.7777777777777777,4.262231945896014,3.3252316618885707,5.92589563690932
43.172413793103445,5.1724144482758625,0.8888888888888888,4.178148701183234,3.2943099298868566,5.898049006721946
43.172413793103445,5.1724144482758625,1.0,4.099169728983765,3.265958029618939,5.870650071986161
43.172413793103445,5.689655793103449,0.0,5.203931253881275,3.727115662006403,5.994810236693662
43.172413793103445,5.689655793103449,0.1111111111111111,5.005201404591703,3.6494113991019392,6.01810743918919
43.172413793103445,5.689655793103449,0.2222222222222222,4.845583111076118,3.5861267763634466,6.015924446931045
43.172413793103445,5.689655793103449,0.3333333333333333,4.711176571046701,3.532969342782782,6.001523912370916
43.172413793103445,5.689655793103449,0.4444444444444444,4.594109042465477,3.4872229510740627,5.981076174287023
43.172413793103445,5.689655793103449,0.5555555555555556,4.489632102891852,3.4470915961945408,5.957621937643349
39.758620689655174,13.44827596551724,0.8888888888888888,4.580849708853092,3.632726473476881,5.672647873335256
39.758620689655174,13.44827596551724,1.0,4.529828380874782,3.6175974005768947,5.663002244563706
39.758620689655174,13.965517310344827,0.0,5.121822195810935,3.7952554322744905,5.702441457162848
39.758620689655174,13.965517310344827,0.1111111111111111,5.038012513530133,3.771675871925109,5.7045970349974775
39.758620689655174,13.965517310344827,0.2222222222222222,4.961065439690957,3.7497724593683253,5.703770129063188
39.758620689655174,13.965517310344827,0.3333333333333333,4.889885594222522,3.7293238933036807,5.7006395694706775
39.758620689655174,13.965517310344827,0.4444444444444444,4.823604091771487,3.7101464971087132,5.695736658864702
39.758620689655174,13.965517310344827,0.5555555555555556,4.761523608217258,3.692086679984408,5.689472967328721
39.758620689655174,13.965517310344827,0.6666666666666666,4.703078434405474,3.6750150981176457,5.682166358743577
39.758620689655174,13.965517310344827,0.7777777777777777,4.647804928788928,3.658822103010092,5.67406257063094
39.758620689655174,13.965517310344827,0.8888888888888888,4.595319398430589,3.6434141608378936,5.665352175076362
39.758620689655174,13.965517310344827,1.0,4.545301377895571,3.62871101199267,5.656183577545839
39.758620689655174,14.482758655172413,0.0,5.121822195810935,3.7998129120196324,5.693802559592819
39.758620689655174,14.482758655172413,0.1111111111111111,5.040776140822898,3.7772448717010807,5.695668368199058
39.758620689655174,14.482758655172413,0.2222222222222222,4.966137659784282,3.7562194037608805,5.6948107076404435
39.758620689655174,14.482758655172413,0.3333333333333333,4.896917004597122,3.736539513525563,5.691825955949374
39.758620689655174,14.482758655172413,0.4444444444444444,4.83232314620222,3.7180406351573994,5.687186753051218
39.758620689655174,14.482758655172413,0.5555555555555556,4.771716762130812,3.7005843523640602,5.681263665384899
39.758620689655174,14.482758655172413,0.6666666666666666,4.714575813107638,3.684053474453644,5.6743461456691096
39.758620689655174,14.482758655172413,0.7777777777777777,4.660469896904081,3.668348162660456,5.666660332631896
39.758620689655174,14.482758655172413,0.8888888888888888,4.6090409043255764,3.653382860005298,5.65838331926678
39.758620689655174,14.482758655172413,1.0,4.559988283396187,3.639083839471645,5.649654274370387
39.758620689655174,15.0,0.0,5.121822195810936,3.804077525136118,5.685653641102145
39.758620689655174,15.0,0.1111111111111111,5.043364548678115,3.7824423802714984,5.687252109384011
39.758620689655174,15.0,0.2222222222222222,4.97090305289561,3.7622309432543277,5.6863578504860195
39.758620689655174,15.0,0.3333333333333333,4.9035403976403575,3.7432671821107504,5.683496636907889
39.758620689655174,15.0,0.4444444444444444,4.84055439152123,3.7254031437060577,5.6790899901390945
39.758620689655174,15.0,0.5555555555555556,4.781357514751665,3.7085136985709615,5.673472118932849
39.758620689655174,15.0,0.6666666666666666,4.725467107326382,3.692492369986781,5.666906850780173
39.758620689655174,15.0,0.7777777777777777,4.672483010057842,3.677248023033215,5.6596023488283596
39.758620689655174,15.0,0.8888888888888888,4.622070582863215,3.662702221176732,5.651723134703408
39.758620689655174,15.0,1.0,4.573947677196755,3.6487871015885953,5.643399613073251
41.46551724137931,1e-06,0.0,5.163845988795334,3.04575483321767,7.24467322574743
41.46551724137931,1e-06,0.1111111111111111,,,
41.46551724137931,1e-06,0.2222222222222222,4.199055741054714,3.045756177671005,6.642415430852405
41.46551724137931,1e-06,0.3333333333333333,3.957540049302003,3.0457562642421423,6.499918964885048
41.46551724137931,1e-06,0.4444444444444444,3.7516662422584983,3.0457563079045324,6.382393878605188
41.46551724137931,1e-06,0.5555555555555556,3.5710313687358237,3.045754987893512,6.2802990371509235
41.46551724137931,1e-06,0.6666666666666666,3.4135014533671204,3.0457554683216563,6.188839447318172
41.46551724137931,1e-06,0.7777777777777777,3.281000602786425,3.045601165497703,6.105219912322441
41.46551724137931,1e-06,0.8888888888888888,3.1769850470589014,3.045589364586728,6.0276488654917095
41.46551724137931,1e-06,1.0,3.10385058832664,3.0457563053341694,5.954899019968913
41.46551724137931,0.5172423448275862,0.0,5.163845988795334,2.1608263597219954,6.917103554942332
41.46551724137931,0.5172423448275862,0.1111111111111111,4.607804128587031,2.1834960178852576,6.703243525561462
41.46551724137931,0.5172423448275862,0.2222222222222222,4.319870662969463,2.317526434456041,6.553032534177736
41.46551724137931,0.5172423448275862,0.3333333333333333,4.098295489490102,2.3857839349990555,6.434228719804936
41.46551724137931,0.5172423448275862,0.4444444444444444,3.90990976716814,2.4262488585762343,6.333669347729087
41.46551724137931,0.5172423448275862,0.5555555555555556,3.742574421438617,2.4524672645790333,6.24530931655641
41.46551724137931,0.5172423448275862,0.6666666666666666,3.5908791600106356,2.47039417277814,6.165814817895691
41.46551724137931,0.5172423448275862,0.7777777777777777,3.4524857519761407,2.4830854309212818,6.093125608787274
41.46551724137931,0.5172423448275862,0.8888888888888888,3.3268060863529696,2.4922856027894076,6.025865554702355
41.46551724137931,0.5172423448275862,1.0,3.214358508579211,2.4990694447866137,5.963061773630214
41.46551724137931,1.0344836896551723,0.0,5.163845988795334,2.8391005178609827,6.69375156420296
41.46551724137931,1.0344836896551723,0.1111111111111111,4.684730245126849,2.296743239370215,6.58545712626591
41.46551724137931,1.0344836896551723,0.2222222222222222,4.416448966182344,2.092232416340393,6.470389416888787
41.46551724137931,1.0344836896551723,0.3333333333333333,4.21015949838758,2.012107162022367,6.371869791598135
41.46551724137931,1.0344836896551723,0.4444444444444444,4.035522378314547,1.986772508309445,6.285643698693062
41.46551724137931,1.0344836896551723,0.5555555555555556,3.8806638785990493,1.9848776523169105,6.208534568777904
41.46551724137931,1.0344836896551723,0.6666666666666666,3.7397287709076332,1.9925975066571777,6.138450697819869
41.46551724137931,1.0344836896551723,0.7777777777777777,3.6095202625883296,2.003918301504961,6.073967343104805
41.46551724137931,1.0344836896551723,0.8888888888888888,3.4882693337602437,2.0162261589910364,6.014070942484761
41.46551724137931,1.0344836896551723,1.0,3.3750989644432594,2.0283991433637856,5.95801226252355
41.46551724137931,1.5517250344827584,0.0,5.163845988795334,3.141560425655759,6.531750116824661
41.46551724137931,1.5517250344827584,0.1111111111111111,4.74635345820031,2.7818167048960447,6.481430943325039
41.46551724137931,1.5517250344827584,0.2222222222222222,4.495475612916052,2.5815056131082796,6.394667436068324
41.46551724137931,1.5517250344827584,0.3333333333333333,4.3016581653201555,2.445914916646241,6.3134212445974764
41.46551724137931,1.5517250344827584,0.4444444444444444,4.13790897957978,2.347485877522002,6.2395315989425395
41.46551724137931,1.5517250344827584,0.5555555555555556,3.9930942792132047,2.2735319098830935,6.172057426930701
41.46551724137931,1.5517250344827584,0.6666666666666666,3.861489616366541,2.2168273608047016,6.109935991633557
41.46551724137931,1.5517250344827584,0.7777777777777777,3.739778174412955,2.1727452108062266,6.052289757915576
41.46551724137931,1.5517250344827584,0.8888888888888888,3.6259102380854085,2.138114387697611,5.998426642034963
41.46551724137931,1.5517250344827584,1.0,3.5185926055363104,2.1106718180756663,5.947800662248262
41.46551724137931,2.068966379310345,0.0,5.163845988795334,3.3070893710487126,6.408519547275057
41.46551724137931,2.068966379310345,0.1111111111111111,4.796186069100182,3.0498235154266355,6.390339772327397
41.46551724137931,2.068966379310345,0.2222222222222222,4.561206783163497,2.8907282839736013,6.325761487482283
41.46551724137931,2.068966379310345,0.3333333333333333,4.37810218074092,2.7760657408258633,6.259066731904021
41.46551724137931,2.068966379310345,0.4444444444444444,4.223341418860223,2.6873229874765414,6.195817498729001
41.46551724137931,2.068966379310345,0.5555555555555556,4.08669837953831,2.6157378326930103,6.136709212335894
41.46551724137931,2.068966379310345,0.6666666666666666,3.9627520641217733,2.5563754741721683,6.081494986278601
41.46551724137931,2.068966379310345,0.7777777777777777,3.8482708596608823,2.5061411132500853,6.0297518623546225
41.46551724137931,2.068966379310345,0.8888888888888888,3.741180332032285,2.4629492320370243,5.981063311618438
41.46551724137931,2.068966379310345,1.0,3.640087638952296,2.4253218793459586,5.93506157207827
41.46551724137931,2.5862077241379313,0.0,5.163845988795333,3.4135495351595964,6.3113205837307715
41.46551724137931,2.5862077241379313,0.1111111111111111,4.8368557311802425,3.216684079803311,6.310914639578132
41.46551724137931,2.5862077241379313,0.2222222222222222,4.6165566539323,3.08573847684842,6.26336418508966
41.46551724137931,2.5862077241379313,0.3333333333333333,4.442983723992924,2.988056617122158,6.208792078387093
41.46551724137931,2.5862077241379313,0.4444444444444444,4.295932959015228,2.910505684933395,6.154693796022613
41.46551724137931,2.5862077241379313,0.5555555555555556,4.16614343480874,2.8464912131455886,6.102879229869868
41.46551724137931,2.5862077241379313,0.6666666666666666,4.048562653816719,2.792198639642343,6.053718914400473
41.46551724137931,2.5862077241379313,0.7777777777777777,3.940115291456295,2.7452062822336614,6.007154473436642
41.46551724137931,2.5862077241379313,0.8888888888888888,3.8387865543037534,2.7038738389346895,5.962998734841838
41.46551724137931,2.5862077241379313,1.0,3.7431880809088702,2.6670367202766196,5.921036140505735
41.46551724137931,3.103449068965517,0.0,5.163845988795334,3.488664494732607,6.232477459347443
41.46551724137931,3.103449068965517,0.1111111111111111,4.8703663874922185,3.331004377956516,6.241713948164547
41.46551724137931,3.103449068965517,0.2222222222222222,4.663631326796784,3.220051681953455,6.207036425552084
41.46551724137931,3.103449068965517,0.3333333333333333,4.498726407376577,3.134908793731722,6.162465766205693
41.46551724137931,3.103449068965517,0.4444444444444444,4.358487712888883,3.0660291754843008,6.116203452270432
41.46551724137931,3.103449068965517,0.5555555555555556,4.234617122936797,3.008322160073896,6.070749777732299
41.46551724137931,3.103449068965517,0.6666666666666666,4.122454656862247,2.958745754773643,6.026918575796563
41.46551724137931,3.103449068965517,0.7777777777777777,4.019109492105684,2.9153311234048482,5.984933433218743
41.46551724137931,3.103449068965517,0.8888888888888888,3.9226586479215806,2.876728271774413,5.944792804112241
41.46551724137931,3.103449068965517,1.0,3.8317566950010162,2.8419707195499373,5.906408145377454
41.46551724137931,3.6206904137931035,0.0,5.163845988795334,3.544907837252196,6.167096249597845
41.46551724137931,3.6206904137931035,0.1111111111111111,4.898253564627469,3.414469610515675,6.181313814026509
41.46551724137931,3.6206904137931035,0.2222222222222222,4.704012127826543,3.318497427762686,6.1562677591229455
41.46551724137931,3.6206904137931035,0.3333333333333333,4.5470888573202455,3.2430187210356007,6.119884595715865
41.46551724137931,3.6206904137931035,0.4444444444444444,4.4129982470669376,3.1809613806004218,6.080303199281235
41.46551724137931,3.6206904137931035,0.5555555555555556,4.2943642864635105,3.1283361742515683,6.040390379562062
41.46551724137931,3.6206904137931035,0.6666666666666666,4.186922257362547,3.0826788423957177,6.001257864730688
41.46551724137931,3.6206904137931035,0.7777777777777777,4.087976468789953,3.042360146622559,5.963338603462488
41.46551724137931,3.6206904137931035,0.8888888888888888,3.995708997144454,3.006246515131064,5.926776965428585
41.46551724137931,3.6206904137931035,1.0,3.908833026382253,2.9735177265664774,5.891588027739193
46.58620689655172,3.6206904137931035,0.6666666666666666,4.207668102145148,3.2109361204855946,6.0696598213693544
46.58620689655172,3.6206904137931035,0.7777777777777777,4.103240100578693,3.168736624945447,6.031449825019869
46.58620689655172,3.6206904137931035,0.8888888888888888,4.006167280180248,3.131056909109826,5.9944509967177675
46.58620689655172,3.6206904137931035,1.0,3.914995968531463,3.096990158121918,5.958758602619772
46.58620689655172,4.13793175862069,0.0,5.278948135939997,3.747895819969622,6.127205937234841
46.58620689655172,4.13793175862069,0.1111111111111111,5.004253447801539,3.6241585735920157,6.173912529653028
46.58620689655172,4.13793175862069,0.2222222222222222,4.8019920468187145,3.531775886531053,6.168171808970356
46.58620689655172,4.13793175862069,0.3333333333333333,4.639259546003578,3.4585762951735988,6.1438243184955486
46.58620689655172,4.13793175862069,0.4444444444444444,4.500994061631138,3.3981384572115663,6.1124007304084556
46.58620689655172,4.13793175862069,0.5555555555555556,4.379329793032053,3.346736308716011,6.078412900294889
46.58620689655172,4.13793175862069,0.6666666666666666,4.269678837481432,3.302033086258443,6.043823286527714
46.58620689655172,4.13793175862069,0.7777777777777777,4.169133365799335,3.2624715152995667,6.00953970903917
46.58620689655172,4.13793175862069,0.8888888888888888,4.075731432855068,3.226963666347136,5.975989567163083
46.58620689655172,4.13793175862069,1.0,3.988084297057167,3.194720799633507,5.943365957039922
46.58620689655172,4.655173103448276,0.0,5.278948135939997,3.7771718426546896,6.0803044485899935
46.58620689655172,4.655173103448276,0.1111111111111111,5.027339009360489,3.669810832063495,6.124278218938621
46.58620689655172,4.655173103448276,0.2222222222222222,4.836523685308021,3.5872853497405344,6.123773632307527
46.58620689655172,4.655173103448276,0.3333333333333333,4.680974362184013,3.5206647210258692,6.105321010144484
46.58620689655172,4.655173103448276,0.4444444444444444,4.548019160839929,3.4649546975473293,6.079205405547466
46.58620689655172,4.655173103448276,0.5555555555555556,4.430707753494567,3.417132017061544,6.049824094624923
46.58620689655172,4.655173103448276,0.6666666666666666,4.324863593737779,3.375244582706703,6.019231156369239
46.58620689655172,4.655173103448276,0.7777777777777777,4.227788017159609,3.337964394705078,5.988446162978415
46.58620689655172,4.655173103448276,0.8888888888888888,4.137635727083583,3.3043495180265814,5.957991922670101
46.58620689655172,4.655173103448276,1.0,4.053087498525799,3.2737090602197694,5.928136970345003
46.58620689655172,5.1724144482758625,0.0,5.278948135939997,3.801274346919711,6.039956854021795
46.58620689655172,5.1724144482758625,0.1111111111111111,5.047036997693492,3.7067728839194447,6.08076147223015
46.58620689655172,5.1724144482758625,0.2222222222222222,4.866735416906304,3.6323547630576396,6.083850471094732
46.58620689655172,5.1724144482758625,0.3333333333333333,4.717935219244969,3.5712927294357883,6.0700601384452915
46.58620689655172,5.1724144482758625,0.4444444444444444,4.589961330212566,3.519641873869308,6.048385840106377
46.58620689655172,5.1724144482758625,0.5555555555555556,4.476691451717577,3.474925596652476,6.022979988341356
46.58620689655172,5.1724144482758625,0.6666666666666666,4.3743393986022125,3.435501761895219,5.995902556560942
46.58620689655172,5.1724144482758625,0.7777777777777777,4.280411313227188,3.4002312381461306,5.968233621573053
46.58620689655172,5.1724144482758625,0.8888888888888888,4.193178831386022,3.3682940510500483,5.940560340392664
46.58620689655172,5.1724144482758625,1.0,4.111393991657503,3.339081792725792,5.91320718372433
46.58620689655172,5.689655793103449,0.0,5.278948135939997,3.821482630003785,6.0048451692563924
46.58620689655172,5.689655793103449,0.1111111111111111,5.064001154444822,3.7373169727405515,6.042397672934168
46.58620689655172,5.689655793103449,0.2222222222222222,4.893331119741188,3.669673697495721,6.047894121842964
46.58620689655172,5.689655793103449,0.3333333333333333,4.7508648917076295,3.61337361850389,6.037771508021442
46.58620689655172,5.689655793103449,0.4444444444444444,4.627580351486863,3.5652560767238977,6.019800303159686
46.58620689655172,5.689655793103449,0.5555555555555556,4.518091884638262,3.5232735391888945,5.997816914569095
46.58620689655172,5.689655793103449,0.6666666666666666,4.418977032853183,3.486035470106573,5.973827160904633
46.58620689655172,5.689655793103449,0.7777777777777777,4.32793871557724,3.452559550043736,5.948931921794112
46.58620689655172,5.689655793103449,0.8888888888888888,4.243363401575225,3.422128638335082,5.923757216092417
46.58620689655172,5.689655793103449,1.0,4.164074373141947,3.394204629637066,5.898666838669838
46.58620689655172,6.206897137931034,0.0,5.278948135939997,3.838681387654875,5.973989261591595
46.58620689655172,6.206897137931034,0.1111111111111111,5.078737800068537,3.7629836684224207,6.00838896523118
46.58620689655172,6.206897137931034,0.2222222222222222,4.916881215567549,3.701077534359942,6.015441498319873
46.58620689655172,6.206897137931034,0.3333333333333333,4.78035205030349,3.6489021349583193,6.008190708638185
46.58620689655172,6.206897137931034,0.4444444444444444,4.6614905853243656,3.603892400288401,5.99329877835639
46.58620689655172,6.206897137931034,0.5555555555555556,4.555558938604224,3.5643406503608324,5.9742561158323335
46.58620689655172,6.206897137931034,0.6666666666666666,4.4594687980119705,3.5290619290674345,5.952974887002543
46.58620689655172,6.206897137931034,0.7777777777777777,4.371109361400154,3.4972049204157023,5.930547106018227
46.58620689655172,6.206897137931034,0.8888888888888888,4.288978144271674,3.468139772054398,5.907617282525588
46.58620689655172,6.206897137931034,1.0,4.211968451536266,3.44138875465474,5.884574682197326
46.58620689655172,6.724138482758621,0.0,5.278948135939997,3.853503422492674,5.946643613839634
46.58620689655172,6.724138482758621,0.1111111111111111,5.091641969563213,3.784855330742806,5.97807801513873
46.58620689655172,6.724138482758621,0.2222222222222222,4.937850504827889,3.7278632140347847,5.986078488075873
46.58620689655172,6.724138482758621,0.3333333333333333,4.806880968673346,3.6792933415375755,5.981066266791743
46.58620689655172,6.724138482758621,0.4444444444444444,4.692195685732265,3.63703990100033,5.968729704584127
46.58620689655172,6.724138482758621,0.5555555555555556,4.589621743555504,3.5996668895372763,5.952210239286012
46.58620689655172,6.724138482758621,0.6666666666666666,4.496374496977693,3.566158399320556,5.933302640034694
46.58620689655172,6.724138482758621,0.7777777777777777,4.410517422170802,3.535773145107792,5.9130687685155605
46.58620689655172,6.724138482758621,0.8888888888888888,4.330654125659564,3.507955760006697,5.892155775396276
46.58620689655172,6.724138482758621,1.0,4.255745865898089,3.4822806592008155,5.870967079773468
46.58620689655172,7.241379827586207,0.0,5.278948135939997,3.866414116930887,5.922230137460147
46.58620689655172,7.241379827586207,0.1111111111111111,5.103024509731221,3.8037152060982455,5.95092322082831
46.58620689655172,7.241379827586207,0.2222222222222222,4.956619736256573,3.7509739083166687,5.95943933642112
46.58620689655172,7.241379827586207,0.3333333333333333,4.83085330273933,3.705580538459813,5.956163758143967
46.58620689655172,7.241379827586207,0.4444444444444444,4.72011322657841,3.6657884617503647,5.945944600736391
46.58620689655172,7.241379827586207,0.5555555555555556,4.620716897839378,3.6303808435442417,5.931587971659951
46.58620689655172,7.241379827586207,0.6666666666666666,4.530153415706038,3.598481660716469,5.914759111277762
46.58620689655172,7.241379827586207,0.7777777777777777,4.446647797912943,3.5694425044062688,5.896475212117994
46.58620689655172,7.241379827586207,0.8888888888888888,4.368904025083435,3.542771856130192,5.8773740889750865
46.58620689655172,7.241379827586207,1.0,4.295948644209913,3.518089370224159,5.857864260124958
46.58620689655172,7.758621172413793,0.0,5.278948135939997,3.877763802811796,5.900293055265505
46.58620689655172,7.758621172413793,0.1111111111111111,5.113132248233668,3.820144393190131,5.926477210796367
46.58620689655172,7.758621172413793,0.2222222222222222,4.973502479184666,3.7711122769125045,5.935203549738047
46.58620689655172,7.758621172413793,0.3333333333333333,4.852604501250851,3.7285366712782055,5.933267753023692
46.58620689655172,7.758621172413793,0.4444444444444444,4.745592669918019,3.6909554969601257,5.924801099278318
46.58620689655172,7.758621172413793,0.5555555555555556,4.649208725216718,3.6573303032463595,5.91229732069067
46.58620689655172,7.758621172413793,0.6666666666666666,4.561187097995653,3.626901542291689,5.897288231825191
46.58620689655172,7.758621172413793,0.7777777777777777,4.479901455975814,3.5990995777555828,5.88073714774454
46.58620689655172,7.758621172413793,0.8888888888888888,4.404150001395506,3.5734878466435127,5.863263800577245
46.58620689655172,7.758621172413793,1.0,4.3330215030149,3.5497254032832832,5.845274723362459
46.58620689655172,8.275862517241379,0.0,5.278948135939997,3.887821498956414,5.8804677733759
46.58620689655172,8.275862517241379,0.1111111111111111,5.122162986622019,3.834583293924659,5.904368977080901
46.58620689655172,8.275862517241379,0.2222222222222222,4.988758387232359,3.788812698615006,5.913091627711357
46.58620689655172,8.275862517241379,0.3333333333333333,4.872416435058877,3.748751875299357,5.912182290030055
46.58620689655172,8.275862517241379,0.4444444444444444,4.768928802465281,3.7131668241627485,5.9051648003355375
46.58620689655172,8.275862517241379,0.5555555555555556,4.675404159133766,3.6811655200408486,5.894247894720184
46.58620689655172,8.275862517241379,0.6666666666666666,4.589795923129566,3.6520859943185813,5.880831664054242
46.58620689655172,8.275862517241379,0.7777777777777777,4.510613787201786,3.6254257341749336,5.865820385225197
46.58620689655172,8.275862517241379,0.8888888888888888,4.436743842764232,3.600795661265285,5.84980959203823
46.58620689655172,8.275862517241379,1.0,4.367333766002723,3.5778892636924957,5.833198425854662
46.58620689655172,8.793103862068964,0.0,5.278948135939997,3.8967973611933946,5.862458892624583
46.58620689655172,8.793103862068964,0.1111111111111111,5.130276676672375,3.847371876089723,5.884289359032599
46.58620689655172,8.793103862068964,0.2222222222222222,5.002603658148822,3.804488880692154,5.8928604283611365
46.58620689655172,8.793103862068964,0.3333333333333333,4.89052727330895,3.7666847089175577,5.892730403111677
46.58620689655172,8.793103862068964,0.4444444444444444,4.790371996838262,3.7329100981676713,5.886910269663594
46.58620689655172,8.793103862068964,0.5555555555555556,4.699563913206665,3.702394180817898,5.877352437020283
46.58620689655172,8.793103862068964,0.6666666666666666,4.616251418400871,3.674557225918771,5.865330588655854
46.58620689655172,8.793103862068964,0.7777777777777777,4.5390681588578,3.648954180537987,5.851687804078017
46.58620689655172,8.793103862068964,0.8888888888888888,4.4669817974961665,3.6252371490266717,5.836991400329468
46.58620689655172,8.793103862068964,1.0,4.399195478599777,3.603129810491704,5.821629122932889
46.58620689655172,9.310345206896551,0.0,5.278948135939998,3.9048580413963014,5.8460243510831065
46.58620689655172,9.310345206896551,0.1111111111111111,5.137603796334069,3.8587768233727324,5.8659793825929185
46.58620689655172,9.310345206896551,0.2222222222222222,5.01521930503761,3.8184661365007546,5.8742986250221145
46.58620689655172,9.310345206896551,0.3333333333333333,4.907139301136658,3.782696990996084,5.874753081940222
46.58620689655172,9.310345206896551,0.4444444444444444,4.81013618806953,3.750571169944635,5.869921431035216
46.58620689655172,9.310345206896551,0.5555555555555556,4.721911024048094,3.721418806823352,5.86152780747764
46.58620689655172,9.310345206896551,0.6666666666666666,4.640785573737782,3.694729878218897,5.850726968948093
46.58620689655172,9.310345206896551,0.7777777777777777,4.565506099049136,3.6701087394466736,5.838300798405975
46.58620689655172,9.310345206896551,0.8888888888888888,4.495115674082939,3.647243341706255,5.8247860148489785
46.58620689655172,9.310345206896551,1.0,4.428869442875613,3.625883916843041,5.8105561153795335
46.58620689655172,9.827586551724137,0.0,5.278948135939997,3.9121374508162403,5.830963776739144
46.58620689655172,9.827586551724137,0.1111111111111111,5.1442516705141355,3.869010308397266,5.849220938908157
46.58620689655172,9.827586551724137,0.2222222222222222,5.026757716117675,3.8310038103064965,5.857222493233738
46.58620689655172,9.827586551724137,0.3333333333333333,4.922425166401944,3.797078083382969,5.858107929450844
46.58620689655172,9.827586551724137,0.4444444444444444,4.828405166531859,3.7664594600970145,5.85409154369668
46.58620689655172,9.827586551724137,0.5555555555555556,4.742637494032343,3.738562857124799,5.846695558188008
46.58620689655172,9.827586551724137,0.6666666666666666,4.663598006984882,3.712937662798862,5.836964424859997
46.58620689655172,9.827586551724137,0.7777777777777777,4.590135075019292,3.689230902568188,5.825620331476399
46.58620689655172,9.827586551724137,0.8888888888888888,4.52136127960945,3.667161840460647,5.813168269047747
46.58620689655172,9.827586551724137,1.0,4.4565803404005955,3.646504130842582,5.79996556389714
46.58620689655172,10.344827896551724,0.0,5.278948135939997,3.918744463201166,5.8171097917788135
46.58620689655172,10.344827896551724,0.1111111111111111,5.150309278265445,3.8782432630704844,5.833829339877802
46.58620689655172,10.344827896551724,0.2222222222222222,5.037347874684037,3.8423111947115727,5.841472130711135
46.58620689655172,10.344827896551724,0.3333333333333333,4.936532908911819,3.8100621855558443,5.84266769291436
46.58620689655172,10.344827896551724,0.4444444444444444,4.845337604167938,3.78082605924091,5.839322906919145
46.58620689655172,10.344827896551724,0.5555555555555556,4.761909532278092,3.754089359159335,5.8327822147538875
46.58620689655172,10.344827896551724,0.6666666666666666,4.684861559385141,3.729452374588271,5.823988815214883
46.58620689655172,10.344827896551724,0.7777777777777777,4.613134522783767,3.706599137167619,5.813607697531665
46.58620689655172,10.344827896551724,0.8888888888888888,4.54590492819061,3.685276357510553,5.802111929781896
46.58620689655172,10.344827896551724,1.0,4.482521744876353,3.6652784111052314,5.789841484503843
46.58620689655172,10.86206924137931,0.0,5.278948135939997,3.9247685312102814,5.804321424825753
46.58620689655172,10.86206924137931,0.1111111111111111,5.155850938978276,3.8866149443341107,5.819647363651903
46.58620689655172,10.86206924137931,0.2222222222222222,5.04709952882046,3.852559045736429,5.826908135609255
46.58620689655172,10.86206924137931,0.3333333333333333,4.949590035039305,3.821840888463521,5.828318781533757
46.58620689655172,10.86206924137931,0.4444444444444444,4.861071110571227,3.7938768912184737,5.8255263953073815
46.58620689655172,10.86206924137931,0.5555555555555556,4.779871742379735,3.76821446830937,5.819719348295331
46.58620689655172,10.86206924137931,0.6666666666666666,4.7047267245847255,3.744497733145773,5.8117486028079295
46.58620689655172,10.86206924137931,0.7777777777777777,4.634660585110843,3.722442941334066,5.802225062687328
46.58620689655172,10.86206924137931,0.8888888888888888,4.5689085283135435,3.70182094172018,5.79159035871458
46.58620689655172,10.86206924137931,1.0,4.506861583231405,3.6824444927022735,5.780166504618882
46.58620689655172,11.379310586206897,0.0,5.278948135939997,3.9302838497390846,5.792479053889126
46.58620689655172,11.379310586206897,0.1111111111111111,5.160939162645787,3.894239950724197,5.8065404773388
46.58620689655172,11.379310586206897,0.2222222222222222,5.056106536242321,3.8618880555642234,5.813408726090128
46.58620689655172,11.379310586206897,0.3333333333333333,4.961706837167423,3.832572442091753,5.814959839193287
46.58620689655172,11.379310586206897,0.4444444444444444,4.875725534780205,3.805782450402075,5.812620898855726
46.58620689655172,11.379310586206897,0.5555555555555556,4.796650505611119,3.781117508796681,5.8074435022957465
46.58620689655172,11.379310586206897,0.6666666666666666,4.723325196903309,3.7582596367237633,5.800195058951003
46.58620689655172,11.379310586206897,0.7777777777777777,4.6548498808342895,3.7369532581415585,5.791435838770701
46.58620689655172,11.379310586206897,0.8888888888888888,4.590513608553526,3.7169905192892148,5.781577000371811
46.58620689655172,11.379310586206897,1.0,4.529746440125023,3.698200531774769,5.770922437471641
46.58620689655172,11.896551931034482,0.0,5.278948135939997,3.9353524882490807,5.781480477682973
46.58620689655172,11.896551931034482,0.1111111111111111,5.165626872066749,3.901213450145584,5.794392988870684
46.58620689655172,11.896551931034482,0.2222222222222222,5.064449559592406,3.8704151824257313,5.800867263653119
46.58620689655172,11.896551931034482,0.3333333333333333,4.972979111465803,3.8423887010626063,5.802500410852396
46.58620689655172,11.896551931034482,0.4444444444444444,4.889405673169231,3.8166851150447103,5.8005327193179
46.58620689655172,11.896551931034482,0.5555555555555556,4.812356740508515,3.7929485242504577,5.795896022244631
46.58620689655172,11.896551931034482,0.6666666666666666,4.7407727447695756,3.770893877923174,5.78928235069411
46.58620689655172,11.896551931034482,0.7777777777777777,4.673822537370291,3.750290314011831,5.781204930950681
46.58620689655172,11.896551931034482,0.8888888888888888,4.610844539377531,3.7309488283066816,5.772045737675975
46.58620689655172,11.896551931034482,1.0,4.551304988974617,3.712713118704887,5.76209071730076
46.58620689655172,12.413793275862067,0.0,5.278948135939997,3.9400267791850894,5.771237830158473
46.58620689655172,12.413793275862067,0.1111111111111111,5.16995914943394,3.9076151301679407,5.783104933179929
46.58620689655172,12.413793275862067,0.2222222222222222,5.072198248600001,3.8782384450909344,5.789190134729364
46.58620689655172,12.413793275862067,0.3333333333333333,4.983490393460895,3.851400401307007,5.790859721204049
46.58620689655172,12.413793275862067,0.4444444444444444,4.902203504733717,3.8267047155624407,5.789194957835622
46.58620689655172,12.413793275862067,0.5555555555555556,4.827088172732863,3.8038340344189576,5.7850228234832715
46.58620689655172,12.413793275862067,0.6666666666666666,4.757171560097511,3.7825320307798025,5.778967543673697
46.58620689655172,12.413793275862067,0.7777777777777777,4.69168465539274,3.762589601878278,5.771498890391188
46.58620689655172,12.413793275862067,0.8888888888888888,4.630011138412302,3.743834476612676,5.762971145896375
46.58620689655172,12.413793275862067,1.0,4.571650755189418,3.726123396667181,5.7536527271536215
46.58620689655172,12.931034620689655,0.0,5.278948135939997,3.9443511614134024,5.761675133042828
46.58620689655172,12.931034620689655,0.1111111111111111,5.173974619873613,3.913512221377129,5.772589540294269
46.58620689655172,12.931034620689655,0.2222222222222222,5.079413015366675,3.8854406000594617,5.778294944113973
46.58620689655172,12.931034620689655,0.3333333333333333,4.993313805145671,3.859701218547683,5.779965571537229
46.58620689655172,12.931034620689655,0.4444444444444444,4.914200046907536,3.8359428267531857,5.778546916673974
46.58620689655172,12.931034620689655,0.5555555555555556,4.840931215938818,3.8138814791056217,5.774774123064486
46.58620689655172,12.931034620689655,0.6666666666666666,4.772612195673193,3.7932859993888814,5.769210545550786
46.58620689655172,12.931034620689655,0.7777777777777777,4.708530330518796,3.773966506432966,5.762285995914843
46.58620689655172,12.931034620689655,0.8888888888888888,4.648110797238702,3.7557656261746795,5.754328668706926
46.58620689655172,12.931034620689655,1.0,4.590884362951434,3.7385517937402772,5.745590043440298
46.58620689655172,13.44827596551724,0.0,5.278948135939997,3.9483636188753444,5.752726336647252
46.58620689655172,13.44827596551724,0.1111111111111111,5.177706555661653,3.9189618383510427,5.762771166282062
46.58620689655172,13.44827596551724,0.2222222222222222,5.086146485713497,3.892091994134037,5.768108976460286
46.58620689655172,13.44827596551724,0.3333333333333333,5.002513587683666,3.867370925077078,5.7697533529830825
46.58620689655172,13.44827596551724,0.4444444444444444,4.9254669043504915,3.844486113665218,5.768533529262651
46.58620689655172,13.44827596551724,0.5555555555555556,4.853962540537542,3.823182687581078,5.765104154132906
46.58620689655172,13.44827596551724,0.6666666666666666,4.787175175063432,3.803251572544991,5.759974008944326
46.58620689655172,13.44827596551724,0.7777777777777777,4.724443325500233,3.7845199208632225,5.753536283134474
46.58620689655172,13.44827596551724,0.8888888888888888,4.665230232727419,3.766843657433565,5.746094734625506
46.58620689655172,13.44827596551724,1.0,4.609095378252062,3.7501017254468745,5.737884615785168
46.58620689655172,13.965517310344827,0.0,5.278948135939997,3.9520968147815574,5.744333738280665
46.58620689655172,13.965517310344827,0.1111111111111111,5.1811837638634435,3.9240128116446438,5.753583593909226
46.58620689655172,13.965517310344827,0.2222222222222222,5.092444691500262,3.8982528005101647,5.758567886388639
46.58620689655172,13.965517310344827,0.3333333333333333,5.011146378529446,3.874477870531492,5.76016516985436
46.58620689655172,13.965517310344827,0.4444444444444444,4.936067567656685,3.8524089665920194,5.759104826670811
46.58620689655172,13.965517310344827,0.5555555555555556,4.866250389818296,3.831816615140079,5.7559708758339765
46.58620689655172,13.965517310344827,0.6666666666666666,4.800932339597846,3.812511230498075,5.751223207994082
46.58620689655172,13.965517310344827,0.7777777777777777,4.7394984638150355,3.7943351046206955,5.745221535245061
46.58620689655172,13.965517310344827,0.8888888888888888,4.681446940702163,3.777156065981945,5.738246828003432
46.58620689655172,13.965517310344827,1.0,4.6263638330873444,3.7608625224668515,5.730518896536512
46.58620689655172,14.482758655172413,0.0,5.278948135939997,3.955578994152988,5.736446695519137
46.58620689655172,14.482758655172413,0.1111111111111111,5.184431304782149,3.928707135510729,5.744968629968921
46.58620689655172,14.482758655172413,0.2222222222222222,5.0983480548829005,3.90397478850206,5.749614582597222
46.58620689655172,14.482758655172413,0.3333333333333333,5.0192622799122395,3.881080949918334,5.751149064468847
46.58620689655172,14.482758655172413,0.4444444444444444,4.946058507170678,3.859775595796625,5.750215444467021
46.58620689655172,14.482758655172413,0.5555555555555556,4.877855689961086,3.839851521998715,5.747335687661522
46.58620689655172,14.482758655172413,0.6666666666666666,4.813947982343663,3.821136382239034,5.742925899061468
46.58620689655172,14.482758655172413,0.7777777777777777,4.7537627990586575,3.8034859630983715,5.737315246396131
46.58620689655172,14.482758655172413,0.8888888888888888,4.696830411331373,3.786778774461167,5.730763525584093
46.58620689655172,14.482758655172413,1.0,4.64276149546562,3.770911768101019,5.723475931129848
46.58620689655172,15.0,0.0,5.278948135939997,3.9588347082261177,5.729020571780374
46.58620689655172,15.0,0.1111111111111111,5.187471077270564,3.933081122288741,5.736874941810939
46.58620689655172,15.0,0.2222222222222222,5.103892204675725,3.9093027366122497,5.741198276129553
46.58620689655172,15.0,0.3333333333333333,5.026905756314598,3.887231178529344,5.7426583338982065
46.58620689655172,15.0,0.4444444444444444,4.955490098046496,3.8666417111968365,5.7418241711122215
46.58620689655172,15.0,0.5555555555555556,4.888832990732638,3.847346723235054,5.739163154130236
46.58620689655172,15.0,0.6666666666666666,4.826279808107552,3.829189164409739,5.735052173282287
46.58620689655172,15.0,0.7777777777777777,4.767296602325081,3.8120368821245862,5.729792565954842
46.58620689655172,15.0,0.8888888888888888,4.711443152094681,3.795777994028972,5.723624507213942
46.58620689655172,15.0,1.0,4.658352934969018,3.780317181058785,5.716739418077501
48.29310344827586,5.689655793103449,0.2222222222222222,4.915201111350448,3.7094538763234843,6.0625730574848244
48.29310344827586,5.689655793103449,0.3333333333333333,4.76880712367834,3.6516703496410656,6.054686317576536
48.29310344827586,5.689655793103449,0.4444444444444444,4.642491389774189,3.6024498659199655,6.0380157084051636
48.29310344827586,5.689655793103449,0.5555555555555556,4.530555469454348,3.5596153542491797,6.016810166353391
48.29310344827586,5.689655793103449,0.6666666666666666,4.429393951688897,3.5216990567801325,5.993291484824033
48.29310344827586,5.689655793103449,0.7777777777777777,4.336596443658266,3.4876697200264366,5.968679817173628
48.29310344827586,5.689655793103449,0.8888888888888888,4.250475560678839,3.4567777057128346,5.943670397607679
48.29310344827586,5.689655793103449,1.0,4.169804296411118,3.428462506329211,5.918668922615009
48.29310344827586,6.206897137931034,0.0,5.314160133842482,3.882655438001267,5.977779368314553
48.29310344827586,6.206897137931034,0.1111111111111111,5.10661230548698,3.804053108518965,6.018678584816142
48.29310344827586,6.206897137931034,0.2222222222222222,4.939637059587964,3.740174898260601,6.029508963907848
48.29310344827586,6.206897137931034,0.3333333333333333,4.799307040852333,3.686577013583355,6.024488059036483
48.29310344827586,6.206897137931034,0.4444444444444444,4.677477514863699,3.6404938230428208,6.010953346509608
48.29310344827586,6.206897137931034,0.5555555555555556,4.569132862195884,3.600103686302204,5.992758759666625
48.29310344827586,6.206897137931034,0.6666666666666666,4.471017272071025,3.5641520179753607,5.972016465229923
48.29310344827586,6.206897137931034,0.7777777777777777,4.3809138020855105,3.5317425347383056,5.949933102258692
48.29310344827586,6.206897137931034,0.8888888888888888,4.297249618187518,3.50221505862711,5.927221661693482
48.29310344827586,6.206897137931034,1.0,4.218869524234996,3.47507068454795,5.904313875426373
48.29310344827586,6.724138482758621,0.0,5.314160133842482,3.8965151806166087,5.950841962653659
48.29310344827586,6.724138482758621,0.1111111111111111,5.120041649173439,3.8252174937056354,5.98808299874803
48.29310344827586,6.724138482758621,0.2222222222222222,4.961383140899825,3.7663720908106857,5.999640484312465
48.29310344827586,6.724138482758621,0.3333333333333333,4.8267381144156705,3.7164395020981766,5.996824331862862
48.29310344827586,6.724138482758621,0.4444444444444444,4.709150799800721,3.6731435017153866,5.985877215400931
48.29310344827586,6.724138482758621,0.5555555555555556,4.604201261074061,3.634947796296476,5.970257945167886
48.29310344827586,6.724138482758621,0.6666666666666666,4.5089518154995565,3.6007737283843864,5.951944113065422
48.29310344827586,6.724138482758621,0.7777777777777777,4.421366898087074,3.5698387508480502,5.932106088166108
48.29310344827586,6.724138482758621,0.8888888888888888,4.339983409735699,3.541559263125439,5.911457659880316
48.29310344827586,6.724138482758621,1.0,4.263716056479613,3.5154897250817645,5.890444518554833
48.29310344827586,7.241379827586207,0.0,5.314160133842481,3.9085795954339853,5.926824927716077
48.29310344827586,7.241379827586207,0.1111111111111111,5.131879023180628,3.8434530266772176,5.9607308866165765
48.29310344827586,7.241379827586207,0.2222222222222222,4.980838145359709,3.7889681673321496,5.9725855424782885
48.29310344827586,7.241379827586207,0.3333333333333333,4.851518095756399,3.742269952439209,5.97145294663107
48.29310344827586,7.241379827586207,0.4444444444444444,4.737943389098073,3.701466788913367,5.962636083995234
48.29310344827586,7.241379827586207,0.5555555555555556,4.636211017299994,3.6652535553086323,5.949216386674653
48.29310344827586,7.241379827586207,0.6666666666666666,4.54367031237622,3.632697698188832,5.933024583924229
48.29310344827586,7.241379827586207,0.7777777777777777,4.458454092084506,3.6031129858270714,5.915179372483058
48.29310344827586,7.241379827586207,0.8888888888888888,4.379203295074632,3.575981657776383,5.89638255738006
48.29310344827586,7.241379827586207,1.0,4.304899951863163,3.550904605820437,5.877084130806237
48.29310344827586,7.758621172413793,0.0,5.314160133842481,3.9191786286648433,5.905269762316116
48.29310344827586,7.758621172413793,0.1111111111111111,5.142384343893975,3.8593255811798493,5.936155277035772
48.29310344827586,7.758621172413793,0.2222222222222222,4.9983302162678696,3.8086510398989257,5.948009491221809
48.29310344827586,7.758621172413793,0.3333333333333333,4.873995836661019,3.76482616165247,5.948150814455038
48.29310344827586,7.758621172413793,0.4444444444444444,4.7642169699084365,3.7262653912732655,5.941084186942781
48.29310344827586,7.758621172413793,0.5555555555555556,4.665537942749155,3.6918525313765085,5.929541200946596
48.29310344827586,7.758621172413793,0.6666666666666666,4.575565440378621,3.6607771175511705,5.915202371382897
48.29310344827586,7.758621172413793,0.7777777777777777,4.492587398558059,3.632434868845454,5.899125083053046
48.29310344827586,7.758621172413793,0.8888888888888888,4.415342572677138,3.606364862149174,5.881989861821736
48.29310344827586,7.758621172413793,1.0,4.342877279988934,3.582208541218922,5.864243457905795
48.29310344827586,8.275862517241379,0.0,5.314160133842482,3.9285655540097917,5.8858105496405235
48.29310344827586,8.275862517241379,0.1111111111111111,5.151765515454436,3.873264096648274,5.913970082993744
48.29310344827586,8.275862517241379,0.2222222222222222,5.01413081621066,3.8259441856000858,5.925620749401141
48.29310344827586,8.275862517241379,0.3333333333333333,4.894464394167772,3.7846871501563975,5.926714730723099
48.29310344827586,8.275862517241379,0.4444444444444444,4.788276644139658,3.7481536313914856,5.921083418744726
48.29310344827586,8.275862517241379,0.5555555555555556,4.692498658680077,3.71538310701494,5.911140529737593
48.29310344827586,8.275862517241379,0.6666666666666666,4.604966913387287,3.6856677523503403,5.898419044045011
48.29310344827586,8.275862517241379,0.7777777777777777,4.524111402285301,3.6584733383535872,5.883909780686926
48.29310344827586,8.275862517241379,0.8888888888888888,4.448762235681587,3.633388195145603,5.868265534126456
48.29310344827586,8.275862517241379,1.0,4.378026687755346,3.610089303749191,5.851924071819787
48.29310344827586,8.793103862068964,0.0,5.314160133842482,3.936938142135007,5.868151432438605
48.29310344827586,8.793103862068964,0.1111111111111111,5.160190384866059,3.8855997094881536,5.893854495646195
48.29310344827586,8.793103862068964,0.2222222222222222,5.028465754551774,3.8412530732766306,5.90516596440398
48.29310344827586,8.793103862068964,0.3333333333333333,4.913171297804902,3.802303144934449,5.906961064859645
48.29310344827586,8.793103862068964,0.4444444444444444,4.810381527552829,3.767610573251569,5.902504565377916
48.29310344827586,8.793103862068964,0.5555555555555556,4.717362109681717,3.736344103217095,5.8939252930712325
48.29310344827586,8.793103862068964,0.6666666666666666,4.632154163628823,3.707882703796435,5.8826152230027695
48.29310344827586,8.793103862068964,0.7777777777777777,4.553317212685868,3.681752297649779,5.869496596087647
48.29310344827586,8.793103862068964,0.8888888888888888,4.479766236413527,3.6575840531658512,5.855190287558288
48.29310344827586,8.793103862068964,1.0,4.410665978599986,3.6350861931264986,5.84012084946974
48.29310344827586,9.310345206896551,0.0,5.314160133842482,3.944453149297426,5.852050423047681
48.29310344827586,9.310345206896551,0.1111111111111111,5.1677956751323455,3.89659216024789,5.875540500093515
48.29310344827586,9.310345206896551,0.2222222222222222,5.041523910474117,3.8548966670957476,5.8864252301853055
48.29310344827586,9.310345206896551,0.3333333333333333,4.930326689445715,3.818029601709225,5.888724787080431
48.29310344827586,9.310345206896551,0.4444444444444444,4.830752994975654,3.7850155287161344,5.885227850706644
48.29310344827586,9.310345206896551,0.5555555555555556,4.740358368051922,3.75513129776001,5.877810331747418
48.29310344827586,9.310345206896551,0.6666666666666666,4.657365930469198,3.72782968187691,5.867731992646616
48.29310344827586,9.310345206896551,0.7777777777777777,4.580452942257785,3.7026884814465895,5.855846805072315
48.29310344827586,9.310345206896551,0.8888888888888888,4.508612902511023,3.6793762567204253,5.8427413021105155
48.29310344827586,9.310345206896551,1.0,4.441064485791599,3.6576287792360263,5.828823826409684
48.29310344827586,9.827586551724137,0.0,5.314160133842482,3.951236472572147,5.837307546566466
48.29310344827586,9.827586551724137,0.1111111111111111,5.174693707930744,3.9064480655348524,5.85880293536066
48.29310344827586,9.827586551724137,0.2222222222222222,5.053464149025696,3.867129331020432,5.869207636586156
48.29310344827586,9.827586551724137,0.3333333333333333,4.946109834950835,3.8321509407267516,5.871858132464997
48.29310344827586,9.827586551724137,0.4444444444444444,4.849581190577869,3.8006728600197324,5.869143009922937
48.29310344827586,9.827586551724137,0.5555555555555556,4.761685480735838,3.7720629386157087,5.862715098498183
48.29310344827586,9.827586551724137,0.6666666666666666,4.680807633999723,3.745837040188614,5.853711886185358
48.29310344827586,9.827586551724137,0.7777777777777777,4.605731704839204,3.72161789682883,5.8429209850961685
48.29310344827586,9.827586551724137,0.8888888888888888,4.535523609970903,3.6991068198222723,5.830893508781365
48.29310344827586,9.827586551724137,1.0,4.469452445681713,3.678063943999139,5.818019596376863
48.29310344827586,10.344827896551724,0.0,5.314160133842482,3.957390417955478,5.8237560115972355
48.29310344827586,10.344827896551724,0.1111111111111111,5.180977503595655,3.9153338418892147,5.843451585470868
48.29310344827586,10.344827896551724,0.2222222222222222,5.064420820702958,3.8781563882454937,5.853347271189744
48.29310344827586,10.344827896551724,0.3333333333333333,4.9606743705878324,3.8448974657288844,5.856229103625304
48.29310344827586,10.344827896551724,0.4444444444444444,4.867030231833801,3.8148296881535293,5.854149048940963
48.29310344827586,10.344827896551724,0.5555555555555556,4.7815148729090975,3.7873979693429827,5.848564020179959
48.29310344827586,10.344827896551724,0.6666666666666666,4.7026571322325825,3.7621723740020276,5.840499551798
48.29310344827586,10.344827896551724,0.7777777777777777,4.629337813128923,3.738814708392715,5.830679856406301
48.29310344827586,10.344827896551724,0.8888888888888888,4.560689468922078,3.7170550663258943,5.819620552255096
48.29310344827586,10.344827896551724,1.0,4.496028198604186,3.6966751897572783,5.807692374512209
48.29310344827586,10.86206924137931,0.0,5.314160133842482,3.9629989991211896,5.811255536767151
48.29310344827586,10.86206924137931,0.1111111111111111,5.186724682973416,3.923385026526577,5.82932487535361
48.29310344827586,10.86206924137931,0.2222222222222222,5.074508150323552,3.8881453849231713,5.838699705934431
48.29310344827586,10.86206924137931,0.3333333333333333,4.974152555273727,3.856457654163653,5.841719941380847
48.29310344827586,10.86206924137931,0.4444444444444444,4.883242411918082,3.8276887811024904,5.840153806154045
48.29310344827586,10.86206924137931,0.5555555555555556,4.799995667224692,3.8013493044061497,5.8352866245333015
48.29310344827586,10.86206924137931,0.6666666666666666,4.723069278029222,3.777056070281108,5.82804217985123
48.29310344827586,10.86206924137931,0.7777777777777777,4.6514316472012105,3.754504997309903,5.819084884266562
48.29310344827586,10.86206924137931,0.8888888888888888,4.584276547314585,3.73345155620003,5.8088955102386794
48.29310344827586,10.86206924137931,1.0,4.52096379375625,3.713696704213744,5.797824807625199
48.29310344827586,11.379310586206897,0.0,5.314160133842481,3.9681318645678054,5.799687238546516
48.29310344827586,11.379310586206897,0.1111111111111111,5.19200047833888,3.930713117018578,5.816284829319732
48.29310344827586,11.379310586206897,0.2222222222222222,5.083823753833023,3.8972343831766385,5.825138952622739
48.29310344827586,11.379310586206897,0.3333333333333333,4.986658735042506,3.8669872362948143,5.8282256425045125
44.87931034482759,13.44827596551724,0.4444444444444444,4.900022515783293,3.810491114633415,5.753907941300333
44.87931034482759,13.44827596551724,0.5555555555555556,4.830423651973908,3.7898085206999848,5.749655234800635
44.87931034482759,13.44827596551724,0.6666666666666666,4.76532123659814,3.770419919981393,5.743855808595284
44.87931034482759,13.44827596551724,0.7777777777777777,4.704094543885157,3.752165837118887,5.736871207570252
44.87931034482759,13.44827596551724,0.8888888888888888,4.646238142361566,3.73491282637581,5.728980248561311
44.87931034482759,13.44827596551724,1.0,4.591335973041983,3.718548349687346,5.720398632701419
44.87931034482759,13.965517310344827,0.0,5.242248883977843,3.9146981419967437,5.735223354519404
44.87931034482759,13.965517310344827,0.1111111111111111,5.147927873043495,3.8877113821418043,5.7426981675495705
44.87931034482759,13.965517310344827,0.2222222222222222,5.062076235193416,3.8628878624541794,5.746214523343183
44.87931034482759,13.965517310344827,0.3333333333333333,4.9832416757843525,3.8399166558640445,5.74661064344561
44.87931034482759,13.965517310344827,0.4444444444444444,4.910296279679209,3.818542494155146,5.744570294922727
44.87931034482759,13.965517310344827,0.5555555555555556,4.842350003064673,3.798555201043174,5.7406358256996315
44.87931034482759,13.965517310344827,0.6666666666666666,4.77869083261819,3.779780614910931,5.735232012362206
44.87931034482759,13.965517310344827,0.7777777777777777,4.7187421760069626,3.762073337652055,5.728690042008022
44.87931034482759,13.965517310344827,0.8888888888888888,4.662031865941184,3.745311065800331,5.721268104314994
44.87931034482759,13.965517310344827,1.0,4.608169238205668,3.7293901730504793,5.71316794439679
44.87931034482759,14.482758655172413,0.0,5.242248883977843,3.9184359806275357,5.727134788586786
44.87931034482759,14.482758655172413,0.1111111111111111,5.151056945115833,3.8926112910470896,5.733992795922925
44.87931034482759,14.482758655172413,0.2222222222222222,5.0677772064159115,3.868778401743486,5.737249913954328
44.87931034482759,14.482758655172413,0.3333333333333333,4.991094419581722,3.8466608854380784,5.737637406205814
44.87931034482759,14.482758655172413,0.4444444444444444,4.919979258756657,3.826029904065428,5.735759680452433
44.87931034482759,14.482758655172413,0.5555555555555556,4.853613782184667,3.8066956670327454,5.732102311041421
44.87931034482759,14.482758655172413,0.6666666666666666,4.791339445884298,3.7884999046653642,5.727050200725879
44.87931034482759,14.482758655172413,0.7777777777777777,4.732619818997626,3.7713097462990457,5.720906797248659
44.87931034482759,14.482758655172413,0.8888888888888888,4.677013272855487,3.7550128688703883,5.713911095116893
44.87931034482759,14.482758655172413,1.0,4.62415264487921,3.7395136758548864,5.706251609674251
44.87931034482759,15.0,0.0,5.242248883977843,3.921931591567252,5.719515653718067
44.87931034482759,15.0,0.1111111111111111,5.1539861736308366,3.8971790018700423,5.725807433440455
44.87931034482759,15.0,0.2222222222222222,5.073131657504545,3.874265491837451,5.7288153410018925
44.87931034482759,15.0,0.3333333333333333,4.998490320313997,3.852944368976319,5.729179689976655
44.87931034482759,15.0,0.4444444444444444,4.9291202081396275,3.833009824324608,5.727436188683663
44.87931034482759,15.0,0.5555555555555556,4.864267903045097,3.8142899936060886,5.7240203728958035
44.87931034482759,15.0,0.6666666666666666,4.803323160801675,3.7966406921889364,5.719281379454469
44.87931034482759,15.0,0.7777777777777777,4.7457861519719415,3.7799402294892075,5.713497345832018
44.87931034482759,15.0,0.8888888888888888,4.691243309590432,3.7640852447685,5.706889455426381
44.87931034482759,15.0,1.0,4.639349229982862,3.7489873928131066,5.6996337385290925
46.58620689655172,1e-06,0.0,,,
46.58620689655172,1e-06,0.1111111111111111,4.519105832439922,3.045734582745028,6.9475623111383715
46.58620689655172,1e-06,0.2222222222222222,4.186984372289354,3.045755837902423,6.739467632483386
46.58620689655172,1e-06,0.3333333333333333,3.9321886270455577,3.045756126807587,6.587606851383697
46.58620689655172,1e-06,0.4444444444444444,3.7170356794000528,3.0457559602962285,6.463320497260765
46.58620689655172,1e-06,0.5555555555555556,3.5310652973820824,3.045596003721217,6.355938769903961
46.58620689655172,1e-06,0.6666666666666666,3.3730465514445527,3.0457562082156815,6.2601633777078955
46.58620689655172,1e-06,0.7777777777777777,3.245805065047754,3.0452165343856614,6.172927445158522
46.58620689655172,1e-06,0.8888888888888888,3.1526283005011733,3.0457454571237994,6.092274143810711
46.58620689655172,1e-06,1.0,3.093995964311271,3.0457249037246843,6.016867101303488
46.58620689655172,0.5172423448275862,0.0,5.278948135939997,2.523596027882449,7.0106906944826815
46.58620689655172,0.5172423448275862,0.1111111111111111,4.633631991095521,2.0602751631092784,6.804542031064473
46.58620689655172,0.5172423448275862,0.2222222222222222,4.324461413822146,2.2061277245084696,6.645343592470309
46.58620689655172,0.5172423448275862,0.3333333333333333,4.0896345568529675,2.2895462271975875,6.519932861073479
46.58620689655172,0.5172423448275862,0.4444444444444444,3.89138708633015,2.339732531594238,6.414268438130863
46.58620689655172,0.5172423448275862,0.5555555555555556,3.716373299950638,2.3724196590456295,6.321808216733501
46.58620689655172,0.5172423448275862,0.6666666666666666,3.5588737223173528,2.394923914302908,6.238937755280126
46.58620689655172,0.5172423448275862,0.7777777777777777,3.4166259995795203,2.4110405154215964,6.163422974404452
46.58620689655172,0.5172423448275862,0.8888888888888888,3.289309755804633,2.4229325080084294,6.093771447384765
46.58620689655172,0.5172423448275862,1.0,3.1777505700291586,2.431923767098028,6.028927778460402
46.58620689655172,1.0344836896551723,0.0,5.278948135939997,3.1397304113126046,6.745634671952722
46.58620689655172,1.0344836896551723,0.1111111111111111,4.724666817238024,2.5427781083898306,6.675084203702284
46.58620689655172,1.0344836896551723,0.2222222222222222,4.434414414337058,2.2762410538404034,6.55723152991969
46.58620689655172,1.0344836896551723,0.3333333333333333,4.2147892234572755,2.130113565268374,6.454709008063812
46.58620689655172,1.0344836896551723,0.4444444444444444,4.030330440279687,2.0497791581316576,6.364857458550885
46.58620689655172,1.0344836896551723,0.5555555555555556,3.867624022955631,2.0073391146640787,6.284623473634927
46.58620689655172,1.0344836896551723,0.6666666666666666,3.7202002672023533,1.986677434393313,6.211862339024011
46.58620689655172,1.0344836896551723,0.7777777777777777,3.5846103584092446,1.9784675105438365,6.145079012387093
46.58620689655172,1.0344836896551723,0.8888888888888888,3.459020691497585,1.9773590787338284,6.083197991602839
46.58620689655172,1.0344836896551723,1.0,3.342607367479304,1.9802825214560158,6.0254192618438855
46.58620689655172,1.5517250344827584,0.0,5.278948135939997,3.3814788038503387,6.564365599160061
46.58620689655172,1.5517250344827584,0.1111111111111111,4.797730572216246,2.9946718751132124,6.560126340614944
46.58620689655172,1.5517250344827584,0.2222222222222222,4.524467830693975,2.782116038545438,6.47580286585377
46.58620689655172,1.5517250344827584,0.3333333333333333,4.31715171452397,2.6365184278255236,6.392942654120979
46.58620689655172,1.5517250344827584,0.4444444444444444,4.143589831665777,2.528124367951434,6.316798098727354
46.58620689655172,1.5517250344827584,0.5555555555555556,3.990970533553405,2.4438796621764993,6.2470922381799
46.58620689655172,1.5517250344827584,0.6666666666666666,3.852844681491396,2.3766505475231696,6.182921944350299
46.58620689655172,1.5517250344827584,0.7777777777777777,3.7255358186276957,2.322005956190258,6.123439767543497
46.58620689655172,1.5517250344827584,0.8888888888888888,3.606809992903858,2.276961491189907,6.067945545193664
46.58620689655172,1.5517250344827584,1.0,3.4952909166936497,2.2393977849938222,6.015874285020944
46.58620689655172,2.068966379310345,0.0,5.278948135939997,3.515722908840755,6.431695034027163
46.58620689655172,2.068966379310345,0.1111111111111111,4.85677779251957,3.2361371093951137,6.459456536458902
46.58620689655172,2.068966379310345,0.2222222222222222,4.5994287766587,3.0668979699793657,6.401304052531568
46.58620689655172,2.068966379310345,0.3333333333333333,4.402692398211402,2.946067770838265,6.335084657315423
46.58620689655172,2.068966379310345,0.4444444444444444,4.2380850470261295,2.852777899539962,6.270829036057065
46.58620689655172,2.068966379310345,0.5555555555555556,4.093665742650633,2.7773916253868145,6.210313781861959
46.58620689655172,2.068966379310345,0.6666666666666666,3.963242396817,2.7145893081555643,6.153633203450681
46.58620689655172,2.068966379310345,0.7777777777777777,3.8431806227761225,2.661090150680527,6.100484686028633
46.58620689655172,2.068966379310345,0.8888888888888888,3.731177150492798,2.6147143736686913,6.0504934386778775
46.58620689655172,2.068966379310345,1.0,3.625705353846849,2.5739356041606665,6.003302510556965
46.58620689655172,2.5862077241379313,0.0,5.278948135939997,3.6030002186212893,6.3297985132900445
46.58620689655172,2.5862077241379313,0.1111111111111111,4.90483513495732,3.38696234810973,6.372026274655074
46.58620689655172,2.5862077241379313,0.2222222222222222,4.662569097061146,3.246308751148072,6.333662342580248
46.58620689655172,2.5862077241379313,0.3333333333333333,4.47532014896804,3.1427313540837014,6.281304408771032
46.58620689655172,2.5862077241379313,0.4444444444444444,4.318385750027615,3.0611205178683654,6.2273056755500305
46.58620689655172,2.5862077241379313,0.5555555555555556,4.180824210889016,2.9940449550875643,6.174835433961525
46.58620689655172,2.5862077241379313,0.6666666666666666,4.056799154257612,2.937278233401226,6.124747239723461
46.58620689655172,2.5862077241379313,0.7777777777777777,3.942814360962758,2.888174207170473,6.077179037740821
46.58620689655172,2.5862077241379313,0.8888888888888888,3.8366072786631356,2.844961325431241,6.032029131926461
46.58620689655172,2.5862077241379313,1.0,3.736635181404801,2.8063942982199563,5.989119621832722
46.58620689655172,3.103449068965517,0.0,5.278948135939997,3.6649666033415547,6.248728345614445
46.58620689655172,3.103449068965517,0.1111111111111111,4.944270029947787,3.4905774718062426,6.296348346564908
46.58620689655172,3.103449068965517,0.2222222222222222,4.716253707806255,3.370426184336304,6.272574063330105
46.58620689655172,3.103449068965517,0.3333333333333333,4.537735147460993,3.279480941650795,6.231595440814
46.58620689655172,3.103449068965517,0.4444444444444444,4.387600331270827,3.2065801952639545,6.186383089168576
46.58620689655172,3.103449068965517,0.5555555555555556,4.25595503875251,3.145889263607622,6.140944990894079
46.58620689655172,3.103449068965517,0.6666666666666666,4.137365710243411,3.0939778085496163,6.0966777196933934
46.58620689655172,3.103449068965517,0.7777777777777777,4.028516200935391,3.0486550483851977,6.0540608831881
46.58620689655172,3.103449068965517,0.8888888888888888,3.9272280176778547,3.008435463319003,6.013214907489674
46.58620689655172,3.103449068965517,1.0,3.831992375623274,2.9722656157558043,5.974112142663842
46.58620689655172,3.6206904137931035,0.0,5.278948135939997,3.7115171695111773,6.182481699059025
46.58620689655172,3.6206904137931035,0.1111111111111111,4.976931742436655,3.566314762112912,6.230818526436442
46.58620689655172,3.6206904137931035,0.2222222222222222,4.762266589199409,3.461710065490894,6.217587195817429
46.58620689655172,3.6206904137931035,0.3333333333333333,4.591891964052526,3.380579239574449,6.18583482524912
46.58620689655172,3.6206904137931035,0.4444444444444444,4.447930332329675,3.3145287660105693,6.148095714115495
46.58620689655172,3.6206904137931035,0.5555555555555556,4.321526132756904,3.258920578787841,6.10878584011263
50.0,13.44827596551724,0.0,5.348000690995484,4.020486334187718,5.768447782418345
50.0,13.44827596551724,0.1111111111111111,5.239709873725477,3.9889381959681485,5.782300076466395
50.0,13.44827596551724,0.2222222222222222,5.142321716523542,3.960241850462595,5.790781091619697
50.0,13.44827596551724,0.3333333333333333,5.053768710494974,3.9339628182466093,5.794982341173364
50.0,13.44827596551724,0.4444444444444444,4.972495569144427,3.90974098866955,5.795833521069305
50.0,13.44827596551724,0.5555555555555556,4.8973067058059865,3.8872816238658934,5.794083280638846
50.0,13.44827596551724,0.6666666666666666,4.8272663753551575,3.8663434565944796,5.790319658421451
50.0,13.44827596551724,0.7777777777777777,4.761630781168006,3.846727936630194,5.784999794011226
50.0,13.44827596551724,0.8888888888888888,4.699800550505047,3.828270475861392,5.778478047897351
50.0,13.44827596551724,1.0,4.641286697056856,3.8108335700736236,5.771029406971792
50.0,13.965517310344827,0.0,5.348000690995483,4.023698285410415,5.760490014897995
50.0,13.965517310344827,0.1111111111111111,5.243436186151743,3.993572456949658,5.773301603509358
50.0,13.965517310344827,0.2222222222222222,5.149040952379429,3.9660626603254787,5.781255713456899
50.0,13.965517310344827,0.3333333333333333,5.062944708455882,3.9407855843897712,5.785293131369207
50.0,13.965517310344827,0.4444444444444444,4.983728429376671,3.917420302637351,5.78622812521327
50.0,13.965517310344827,0.5555555555555556,4.9102929951973415,3.8957017059024657,5.784726366068597
50.0,13.965517310344827,0.6666666666666666,4.841772298699094,3.875411034966988,5.781317982058414
50.0,13.965517310344827,0.7777777777777777,4.777473660790448,3.856367020731266,5.776420282246055
50.0,13.965517310344827,0.8888888888888888,4.7168358042779905,3.838418505491185,5.7703604400468205
50.0,13.965517310344827,1.0,4.659398539820803,3.8214385491787413,5.763394977056366
50.0,14.482758655172413,0.0,5.348000690995483,4.026692549145225,5.753018022067618
50.0,14.482758655172413,0.1111111111111111,5.2469157003039575,3.997874719396661,5.764878395461691
50.0,14.482758655172413,0.2222222222222222,5.1553382443685125,3.9714639538896797,5.772333619681164
50.0,14.482758655172413,0.3333333333333333,5.071570788329179,3.9471206142339224,5.776197788166812
50.0,14.482758655172413,0.4444444444444444,4.994314983186963,3.9245577024887077,5.777186103705708
50.0,14.482758655172413,0.5555555555555556,4.922558024650456,3.903536084396765,5.775891553468597
50.0,14.482758655172413,0.6666666666666666,4.855496725282715,3.883856936785372,5.772792536624801
50.0,14.482758655172413,0.7777777777777777,4.7924850189093915,3.865354428527917,5.768270107713971
50.0,14.482758655172413,0.8888888888888888,4.732996666016814,3.847889487476217,5.762626236412779
50.0,14.482758655172413,1.0,4.676598172296407,3.8313447400568172,5.756100010385726
50.0,15.0,0.0,5.348000690995483,4.029490561200384,5.745988387753873
50.0,15.0,0.1111111111111111,5.250172033535689,4.001879142040311,5.756977732609605
50.0,15.0,0.2222222222222222,5.161251788930995,3.976488831663178,5.7639615154652954
50.0,15.0,0.3333333333333333,5.0796943940948776,3.9530174526754025,5.767646851941106
50.0,15.0,0.4444444444444444,5.004308768285321,3.9312074992034063,5.768663666167461
50.0,15.0,0.5555555555555556,4.934159569757787,3.9108426809335572,5.767541180750652
50.0,15.0,0.6666666666666666,4.86850058927099,3.891741880466862,5.764711581524289
50.0,15.0,0.7777777777777777,4.806728333367659,3.8737530908545867,5.760522964139021
50.0,15.0,0.8888888888888888,4.748348819758376,3.8567481383152313,5.7552539942767735
50.0,15.0,1.0,4.692953312756908,3.8406183287281466,5.74912736710028
50.0,7.241379827586207,0.8888888888888888,4.388539786454258,3.6083924912434977,5.914831946394105
50.0,7.241379827586207,1.0,4.312903336357731,3.582945418230109,5.895752306174028
50.0,7.758621172413793,0.0,5.348000690995484,3.9594160789176707,5.909501093192629
50.0,7.758621172413793,0.1111111111111111,5.170336406164051,3.8974133395363966,5.945122472334823
50.0,7.758621172413793,0.2222222222222222,5.021935733550529,3.8451599128147085,5.960146755909706
50.0,7.758621172413793,0.3333333333333333,4.89423265886966,3.800140781599199,5.962398560822074
50.0,7.758621172413793,0.4444444444444444,4.781742378541341,3.7606487998623495,5.956756595660071
50.0,7.758621172413793,0.5555555555555556,4.680813162293698,3.7254906604888145,5.946192669860875
50.0,7.758621172413793,0.6666666666666666,4.5889257277480775,3.693805570439369,5.932538000431986
50.0,7.758621172413793,0.7777777777777777,4.504283830789219,3.664955217254206,5.9169454189667094
50.0,7.758621172413793,0.8888888888888888,4.425568020268335,3.6384549100689236,5.9001571440340275
50.0,7.758621172413793,1.0,4.351783130918368,3.613929022701865,5.882660726290219
50.0,8.275862517241379,0.0,5.348000690995483,3.968151231546075,5.890427460168432
50.0,8.275862517241379,0.1111111111111111,5.180061505584002,3.91087011297535,5.922873571534188
50.0,8.275862517241379,0.2222222222222222,5.038270256723072,3.8620631824884364,5.937488962809342
50.0,8.275862517241379,0.3333333333333333,4.915345491066395,3.8196630764075454,5.940616312481679
50.0,8.275862517241379,0.4444444444444444,4.806513328361572,3.7822276669839288,5.936393949969207
50.0,8.275862517241379,0.5555555555555556,4.708527897310981,3.7487288305785396,5.927442293571512
50.0,8.275862517241379,0.6666666666666666,4.619110092687281,3.718413514277422,5.9154288453642
50.0,8.275862517241379,0.7777777777777777,4.5366115386168895,3.6907163499604487,5.901432148685963
50.0,8.275862517241379,0.8888888888888888,4.459807484910831,3.665203614003663,5.88616305655199
50.0,8.275862517241379,1.0,4.387765708530959,3.6415362678151366,5.870098492400966
50.0,8.793103862068964,0.0,5.348000690995483,3.9759376527034824,5.873134386520475
50.0,8.793103862068964,0.1111111111111111,5.188791863217442,3.922768868001974,5.902733540720142
50.0,8.793103862068964,0.2222222222222222,5.053084993951398,3.8770197219829385,5.916817678633249
50.0,8.793103862068964,0.3333333333333333,4.934636681268485,3.8369755686368525,5.920565137362789
50.0,8.793103862068964,0.4444444444444444,4.829267777090687,3.8014100334596344,5.917493379876571
50.0,8.793103862068964,0.5555555555555556,4.734083514533228,3.769432589848233,5.909908900559456
50.0,8.793103862068964,0.6666666666666666,4.647018707536254,3.740381585523074,5.899323304463507
50.0,8.793103862068964,0.7777777777777777,4.56655985965154,3.713754477913993,5.886739013167844
50.0,8.793103862068964,0.8888888888888888,4.4915702591513424,3.689161997750885,5.872831170187517
50.0,8.793103862068964,1.0,4.42117708075397,3.666297356886755,5.8580616163023445
50.0,9.310345206896551,0.0,5.348000690995483,3.982922522138718,5.857380560352053
50.0,9.310345206896551,0.1111111111111111,5.196670332890156,3.9333629069438314,5.884425531495632
50.0,9.310345206896551,0.2222222222222222,5.066576656550983,3.8903426003770774,5.897904405055905
50.0,9.310345206896551,0.3333333333333333,4.9523243128914,3.8524277373862295,5.902073908102239
50.0,9.310345206896551,0.4444444444444444,4.850234714443845,3.818569018990173,5.899931329609505
50.0,9.310345206896551,0.5555555555555556,4.757717357951481,3.7879913026087113,5.8935052492712705
50.0,9.310345206896551,0.6666666666666666,4.672897339222336,3.7601108896073696,5.884161538948952
50.0,9.310345206896551,0.7777777777777777,4.5943838005820945,3.734479578540864,5.872827143199161
50.0,9.310345206896551,0.8888888888888888,4.521121526045283,3.710747009066099,5.860139044141652
50.0,9.310345206896551,1.0,4.452293472757895,3.688634904824309,5.846540870381948
50.0,9.827586551724137,0.0,5.348000690995484,3.98922396617619,5.842966874162941
50.0,9.827586551724137,0.1111111111111111,5.203814132931502,3.9428536753704995,5.867717521316012
50.0,9.827586551724137,0.2222222222222222,5.078910530809774,3.902281558928486,5.880551064289847
50.0,9.827586551724137,0.3333333333333333,4.968594305582067,3.866299367443727,5.8849894460502075
50.0,9.827586551724137,0.4444444444444444,4.869610752760735,3.8340041995207192,5.883593952440658
50.0,9.827586551724137,0.5555555555555556,4.779633690493561,3.804718261249547,5.878148641883135
50.0,9.827586551724137,0.6666666666666666,4.696957422343926,3.777924672630685,5.869884955909258
50.0,9.827586551724137,0.7777777777777777,4.620302364858698,3.7532224266216714,5.859656703363064
50.0,9.827586551724137,0.8888888888888888,4.548688498561351,3.7302953327352877,5.848061691488171
50.0,9.827586551724137,1.0,4.481350965919792,3.7088903929696024,5.835523276535721
50.0,10.344827896551724,0.0,5.348000690995484,3.9949379129279614,5.829727495010902
50.0,10.344827896551724,0.1111111111111111,5.210320238969175,3.951403371100336,5.852413936634636
50.0,10.344827896551724,0.2222222222222222,5.090226269245233,3.9130382354838282,5.864585769853706
50.0,10.344827896551724,0.3333333333333333,4.983605895314261,3.878817112370898,5.8691749869357785
50.0,10.344827896551724,0.4444444444444444,4.887565524774875,3.8479589432825145,5.868376921329567
50.0,10.344827896551724,0.5555555555555556,4.800009274987654,3.8198685267725114,5.863761366877647
50.0,10.344827896551724,0.6666666666666666,4.719381991962041,3.7940865255798193,5.8564369595082155
50.0,10.344827896551724,0.7777777777777777,4.6445049316543034,3.7702530795965594,5.8471878146580565
50.0,10.344827896551724,0.8888888888888888,4.574467296414898,3.7480821035204164,5.836572617858588
50.0,10.344827896551724,1.0,4.5085529012815435,3.7273430725071504,5.824993240236087
50.0,10.86206924137931,0.0,5.348000690995484,4.00014308812701,5.817523128949926
50.0,10.86206924137931,0.1111111111111111,5.21626950024755,3.9591440425544313,5.838348998943444
50.0,10.86206924137931,0.2222222222222222,5.100642505872755,3.9227771936611573,5.849859112908224
50.0,10.86206924137931,0.3333333333333333,4.997496075960835,3.8901665350766588,5.85450859771059
50.0,10.86206924137931,0.4444444444444444,4.904246044622554,3.8606330376214255,5.854185013529548
50.0,10.86206924137931,0.5555555555555556,4.818997836588426,3.833651933795058,5.850270879373563
50.0,10.86206924137931,0.6666666666666666,4.74033037946691,3.808813657563895,5.843763440630968
50.0,10.86206924137931,0.7777777777777777,4.667156265596456,3.785794355417233,5.835381219223927
50.0,10.86206924137931,0.8888888888888888,4.598628316788693,3.7643345484940616,5.825644600438897
50.0,10.86206924137931,1.0,4.534075639202278,3.74422374408911,5.814933417064025
50.0,11.379310586206897,0.0,5.348000690995484,4.004904716149894,5.806235870941557
50.0,11.379310586206897,0.1111111111111111,5.22172980957783,3.966184267913657,5.825381420269456
50.0,11.379310586206897,0.2222222222222222,5.110260549127715,3.9316340486733528,5.836240948141823
50.0,11.379310586206897,0.3333333333333333,5.010383216957942,3.9005010086478973,5.840881633959163
50.0,11.379310586206897,0.4444444444444444,4.919780260860048,3.8721920427311,5.840931562258719
50.0,11.379310586206897,0.5555555555555556,4.836733670431,3.8462427346347057,5.837609797243245
50.0,11.379310586206897,0.6666666666666666,4.759941975259658,3.822286743161819,5.8318130716205925
50.0,11.379310586206897,0.7777777777777777,4.688400500999916,3.8000318329844216,5.824198748697454
50.0,11.379310586206897,0.8888888888888888,4.621320481551627,3.779242109421857,5.815250268302775
50.0,11.379310586206897,1.0,4.55807309538886,3.759724981546072,5.805325375098776
50.0,11.896551931034482,0.0,5.348000690995484,4.009277302532389,5.7957652182865935
50.0,11.896551931034482,0.1111111111111111,5.226758565927113,3.972614134542496,5.81339015541523
50.0,11.896551931034482,0.2222222222222222,5.1191673500176815,3.9397215453707486,5.823617637219692
50.0,11.896551931034482,0.3333333333333333,5.022370023372637,3.9099483956456025,5.828197288872226
50.0,11.896551931034482,0.4444444444444444,4.934279971871968,3.882774326110045,5.828537840655109
50.0,11.896551931034482,0.5555555555555556,4.85333458615204,3.857786861098427,5.8257157716941785
50.0,11.896551931034482,0.6666666666666666,4.778339276668046,3.834657341849584,5.820537457312396
50.0,11.896551931034482,0.7777777777777777,4.708364346849518,3.8131213889366795,5.8136036432169025
50.0,11.896551931034482,0.8888888888888888,4.642674634765167,3.7929640721561095,5.805362529995614
50.0,11.896551931034482,1.0,4.5806803540293,3.7740088377460763,5.796150100111433
50.0,12.413793275862067,0.0,5.348000690995483,4.013306753983358,5.786024950016019
50.0,12.413793275862067,0.1111111111111111,5.231404603814578,3.9785090031917205,5.802270983383313
50.0,12.413793275862067,0.2222222222222222,5.127437899156428,3.9471341670875275,5.811889697748715
50.0,12.413793275862067,0.3333333333333333,5.033545968479868,3.918616128579394,5.816369259509216
50.0,12.413793275862067,0.4444444444444444,4.947843232925426,3.8924964250413834,5.8169324225084384
50.0,12.413793275862067,0.5555555555555556,4.868904331108964,3.8684074678307754,5.814531275895285
50.0,12.413793275862067,0.6666666666666666,4.795630380785383,3.8460535660133686,5.809891181630854
50.0,12.413793275862067,0.7777777777777777,4.7271596916298435,3.8251949575904973,5.803560757267929
50.0,12.413793275862067,0.8888888888888888,4.662806289193643,3.805635398424744,5.79595488338254
50.0,12.413793275862067,1.0,4.602016576158841,3.7872127353085285,5.787388378907796
50.0,12.931034620689655,0.0,5.348000690995483,4.0170320133000805,5.776940659078242
50.0,12.931034620689655,0.1111111111111111,5.235709717378088,3.9839323896136376,5.791933741628621
50.0,12.931034620689655,0.2222222222222222,5.135137172170714,3.9539516739992115,5.800969804364059
50.0,12.931034620689655,0.3333333333333333,5.0439893013342925,3.9265951219270487,5.805320539964355
50.0,12.931034620689655,0.4444444444444444,4.9605563544389994,3.9014571849209174,5.806050549150387
50.0,12.931034620689655,0.5555555555555556,4.883534599049372,3.878209216458498,5.804003343577279
50.0,12.931034620689655,0.6666666666666666,4.81191104082429,3.8565844653074985,5.799831779728668
50.0,12.931034620689655,0.7777777777777777,4.744885740145467,3.8363649886522233,5.794036680337302
50.0,12.931034620689655,0.8888888888888888,4.6818178679940265,3.8173712403987934,5.787001634724579
50.0,12.931034620689655,1.0,4.622187363514668,3.7994540274377906,5.779021087793853
50.0,1.5517250344827584,0.6666666666666666,3.839912855031164,2.4834025540753584,6.227950582085313
50.0,1.5517250344827584,0.7777777777777777,3.708713288770644,2.424700676792376,6.167276625718548
50.0,1.5517250344827584,0.8888888888888888,3.5865614021216823,2.3754209636993258,6.1107171844444705
50.0,1.5517250344827584,1.0,3.472040732798182,2.3335092189388367,6.057697699063059
50.0,2.068966379310345,0.0,5.348000690995483,3.6415499441815613,6.435834663540176
50.0,2.068966379310345,0.1111111111111111,4.889988137289996,3.3477398122207047,6.500175339350122
50.0,2.068966379310345,0.2222222222222222,4.618049225438552,3.172834671865249,6.447372721118619
50.0,2.068966379310345,0.3333333333333333,4.412405640459519,3.0489173802531937,6.381831663613761
50.0,2.068966379310345,0.4444444444444444,4.241306652150315,2.9535523447154604,6.317077828971243
50.0,2.068966379310345,0.5555555555555556,4.091699873535355,2.87653612419866,6.25572390666396
50.0,2.068966379310345,0.6666666666666666,3.956897914012351,2.812303435493747,6.198129525486696
50.0,2.068966379310345,0.7777777777777777,3.8330093809885413,2.7574560203639673,6.144087869385953
50.0,2.068966379310345,0.8888888888888888,3.7175866593263436,2.7097552413047445,6.093259382020678
50.0,2.068966379310345,1.0,3.6090211529845115,2.667645041763793,6.045298232979255
50.0,2.5862077241379313,0.0,5.348000690995483,3.718329493188682,6.332433220653144
50.0,2.5862077241379313,0.1111111111111111,4.943121417348238,3.489694870956751,6.40729419882578
50.0,2.5862077241379313,0.2222222222222222,4.68655405494784,3.3433288817702502,6.376148332811069
50.0,2.5862077241379313,0.3333333333333333,4.490402827629987,3.236498113299991,6.325670787540099
50.0,2.5862077241379313,0.4444444444444444,4.3269948449908195,3.1527573386852916,6.271937943739781
50.0,2.5862077241379313,0.5555555555555556,4.184294683593462,3.0841369039146755,6.219147850620449
50.0,2.5862077241379313,0.6666666666666666,4.055960576146799,3.0261545352810617,6.168517918942228
50.0,2.5862077241379313,0.7777777777777777,3.9382264357126733,2.976028941466577,6.120334484430637
50.0,2.5862077241379313,0.8888888888888888,3.8286716123336824,2.9319119582465287,6.074561274922701
50.0,2.5862077241379313,1.0,3.725655653729481,2.892512707280872,6.031050011851465
50.0,3.103449068965517,0.0,5.348000690995484,3.7729024823447608,6.251090207388341
50.0,3.103449068965517,0.1111111111111111,4.986563791217154,3.5873847538975068,6.327286704823491
50.0,3.103449068965517,0.2222222222222222,4.744734873870924,3.461693579521022,6.311825624307305
50.0,3.103449068965517,0.3333333333333333,4.557386046044957,3.3674280760428634,6.273667354923831
50.0,3.103449068965517,0.4444444444444444,4.400804322572177,3.2923074279976228,6.229373130746009
50.0,3.103449068965517,0.5555555555555556,4.264056019377941,3.230011154095035,6.1840763345291325
50.0,3.103449068965517,0.6666666666666666,4.141208217235047,3.1768650846896325,6.139605584677972
50.0,3.103449068965517,0.7777777777777777,4.028671785962384,3.1305434823633593,6.096629889825209
50.0,3.103449068965517,0.8888888888888888,3.9241048564029617,3.0894807883198308,6.055360145495739
50.0,3.103449068965517,1.0,3.8258945567128926,3.0525736328142576,6.0158142432088395
50.0,3.6206904137931035,0.0,5.348000690995483,3.8138786071315045,6.185179207190438
50.0,3.6206904137931035,0.1111111111111111,5.022408748349533,3.658823555076466,6.258401118691455
50.0,3.6206904137931035,0.2222222222222222,4.7945347976468335,3.548943752505294,6.253994889160693
50.0,3.6206904137931035,0.3333333333333333,4.615465620798313,3.464514345244789,6.22575706430707
50.0,3.6206904137931035,0.4444444444444444,4.4651034220073,3.396203541675338,6.189474706749385
50.0,3.6206904137931035,0.5555555555555556,4.333630340353919,3.338942045356055,6.150707049866934
50.0,3.6206904137931035,0.6666666666666666,4.215553330213286,3.2896854508834097,6.111680271353111
50.0,3.6206904137931035,0.7777777777777777,4.107486489544632,3.2464656775738963,6.073345159706782
50.0,3.6206904137931035,0.8888888888888888,4.007190769321415,3.207938544451542,6.036106920506878
50.0,3.6206904137931035,1.0,3.9131061476752556,3.173146565056157,6.000119490912714
50.0,4.13793175862069,0.0,5.348000690995484,3.8458608849875837,6.130546029972989
50.0,4.13793175862069,0.1111111111111111,5.052286077806813,3.7133670308896574,6.198935584535778
50.0,4.13793175862069,0.2222222222222222,4.837466607230807,3.616003364882637,6.202127280813264
50.0,4.13793175862069,0.3333333333333333,4.666226205243593,3.5395772351732213,6.181774498790842
50.0,4.13793175862069,0.4444444444444444,4.521629191317289,3.4768778983578645,6.15223772834926
50.0,4.13793175862069,0.5555555555555556,4.3949355234326015,3.4237987671891346,6.119132923690178
50.0,4.13793175862069,0.6666666666666666,4.281100897190132,3.377796524018986,6.084909065307068
50.0,4.13793175862069,0.7777777777777777,4.176955444223489,3.3371922536610334,6.050710806763526
50.0,4.13793175862069,0.8888888888888888,4.080375061293875,3.300821947858756,6.017089840274272
50.0,4.13793175862069,1.0,3.989864620305853,3.2678470383406246,5.984308239899401
50.0,4.655173103448276,0.0,5.348000690995484,3.8715583174178687,6.084438255699095
50.0,4.655173103448276,0.1111111111111111,5.077450509538511,3.756379147584261,6.147371372288434
50.0,4.655173103448276,0.2222222222222222,4.874729079389682,3.669168676810355,6.155644570711186
50.0,4.655173103448276,0.3333333333333333,4.710894112150768,3.5994200314129565,6.141490654684931
50.0,4.655173103448276,0.4444444444444444,4.571697544415531,3.5414728098936625,6.117593142958209
50.0,4.655173103448276,0.5555555555555556,4.449404626306539,3.4919686664371348,6.0893780703094675
50.0,4.655173103448276,0.6666666666666666,4.339412362843575,3.4487678056236297,6.059381701555762
50.0,4.655173103448276,0.7777777777777777,4.238770903239587,3.410428934900931,6.028869074188156
50.0,4.655173103448276,0.8888888888888888,4.145476852485806,3.3759378119961134,5.998496572332038
50.0,4.655173103448276,1.0,4.058105991414037,3.3445553521412754,5.968609308190549
50.0,5.1724144482758625,0.0,5.348000690995483,3.8926789715636025,6.044951147678611
50.0,5.1724144482758625,0.1111111111111111,5.098863278504417,3.791163070600695,6.1024140376943405
50.0,5.1724144482758625,0.2222222222222222,4.907282113870524,3.712345851989187,6.113967910612421
50.0,5.1724144482758625,0.3333333333333333,4.750439978416425,3.648267321423759,6.104641568003381
50.0,5.1724144482758625,0.4444444444444444,4.616332244045074,3.5944194681648938,6.085430198389839
50.0,5.1724144482758625,0.5555555555555556,4.498137784308458,3.548030831945129,6.061420456481626
50.0,5.1724144482758625,0.6666666666666666,4.391675869970609,3.507289314900554,6.035136212487072
50.0,5.1724144482758625,0.7777777777777777,4.294214304243105,3.4709508879467266,6.007903804223165
50.0,5.1724144482758625,0.8888888888888888,4.203872104312589,3.4381274005543303,5.980448906349261
50.0,5.1724144482758625,1.0,4.1192987049908965,3.408164299812326,5.953177683797879
50.0,5.689655793103449,0.0,5.348000690995483,3.910357380504034,6.0107196633091124
50.0,5.689655793103449,0.1111111111111111,5.117261332070916,3.8198670581461864,6.0629869407755
50.0,5.689655793103449,0.2222222222222222,4.9358994487602645,3.7480952872653597,6.0765480445836335
50.0,5.689655793103449,0.3333333333333333,4.7856450106591195,3.68889561034385,6.070949384660285
50.0,5.689655793103449,0.4444444444444444,4.656347057892774,3.6386310272800317,6.055612675514286
50.0,5.689655793103449,0.5555555555555556,4.541999244432089,3.5949946295278923,6.0352072479010985
50.0,5.689655793103449,0.6666666666666666,4.438816479615554,3.5564423067109443,6.01217535673088
50.0,5.689655793103449,0.7777777777777777,4.344277253461553,3.5218949802611306,5.987858900843519
50.0,5.689655793103449,0.8888888888888888,4.256621840663435,3.4905715633278955,5.963023725733242
50.0,5.689655793103449,1.0,4.174574016623279,3.461890056002291,5.938118250257835
50.0,6.206897137931034,0.0,5.348000690995484,3.9253785765504525,5.980737061410163
50.0,6.206897137931034,0.1111111111111111,5.133212425847793,3.843950067181166,6.028205170897163
50.0,6.206897137931034,0.2222222222222222,4.961207916637158,3.7781686768317693,6.042881400221794
50.0,6.206897137931034,0.3333333333333333,4.817145866055593,3.723211553739997,6.0401370878280725
50.0,6.206897137931034,0.4444444444444444,4.692400064901444,3.6761105505015608,6.0279907200087495
50.0,6.206897137931034,0.5555555555555556,4.581681210553688,3.6349298986277883,6.0106656485034895
50.0,6.206897137931034,0.6666666666666666,4.481568975161699,3.598346071707419,5.990477747202966
50.0,6.206897137931034,0.7777777777777777,4.389742372477829,3.565418730851567,5.968750442424035
50.0,6.206897137931034,0.8888888888888888,4.304559705781894,3.5354582620653296,5.94626647362146
50.0,6.206897137931034,1.0,4.224818351895332,3.5079453738658155,5.92350080252344
50.0,6.724138482758621,0.0,5.348000690995484,3.9383040147808326,5.95424285944354
50.0,6.724138482758621,0.1111111111111111,5.147157253135443,3.8644384386339388,5.997344576637989
50.0,6.724138482758621,0.2222222222222222,4.983717695103894,3.8038064101915126,6.012516548133389
50.0,6.724138482758621,0.3333333333333333,4.845466426455386,3.7525710562455825,6.011938145386275
50.0,6.724138482758621,0.4444444444444444,4.725030847259124,3.7082853638332036,6.002409350751258
50.0,6.724138482758621,0.5555555555555556,4.617747118704446,3.6693128198471654,5.987710713581862
50.0,6.724138482758621,0.6666666666666666,4.520527134896831,3.6345126153566527,5.970005677522959
50.0,6.724138482758621,0.7777777777777777,4.431238238033259,3.6030617120562063,5.950574988960355
50.0,6.724138482758621,0.8888888888888888,4.348352052814423,3.574349039274944,5.930200213096141
50.0,6.724138482758621,1.0,4.270737789544832,3.5479097907948614,5.9093700140046455
50.0,7.241379827586207,0.0,5.348000690995484,3.94954638042633,5.930650821433891
50.0,7.241379827586207,0.1111111111111111,5.159440948239501,3.882075573129065,5.969812485615586
50.0,7.241379827586207,0.2222222222222222,5.003845996355606,3.825912099794055,5.9850546839598096
50.0,7.241379827586207,0.3333333333333333,4.871041138164627,3.7779662928933195,5.986102297960405
50.0,7.241379827586207,0.4444444444444444,4.754686812122807,3.736202507922097,5.9787144153099385
50.0,7.241379827586207,0.5555555555555556,4.650661814593957,3.699227689827496,5.966251007237091
50.0,7.241379827586207,0.6666666666666666,4.556177913929577,3.666053327059011,5.950710754695882
50.0,7.241379827586207,0.7777777777777777,4.469277490560059,3.6359560396335695,5.9333154650688265
48.29310344827586,1e-06,0.0,,,
48.29310344827586,1e-06,0.1111111111111111,4.518019997255777,3.045755714793473,6.983263123132494
48.29310344827586,1e-06,0.2222222222222222,4.179153440815584,3.0457559898027653,6.770114351286529
48.29310344827586,1e-06,0.3333333333333333,3.9199006937395375,3.0457560988382397,6.6151686069503075
48.29310344827586,1e-06,0.4444444444444444,3.7016672012676524,3.045756146662147,6.488635084042274
48.29310344827586,1e-06,0.5555555555555556,3.514091061057697,3.045756178876257,6.379490083778054
48.29310344827586,1e-06,0.6666666666666666,3.356337934216689,3.0451446003884604,6.282274650691755
48.29310344827586,1e-06,0.7777777777777777,,,
48.29310344827586,1e-06,0.8888888888888888,3.1427213910924205,3.0457561516905622,6.112155481422702
48.29310344827586,1e-06,1.0,3.089474615534019,3.045407878710443,6.035867346871294
48.29310344827586,0.5172423448275862,0.0,5.314160133842482,2.655819787537869,7.035269046147199
48.29310344827586,0.5172423448275862,0.1111111111111111,4.638715604593238,2.0346111914783807,6.836389717968303
48.29310344827586,0.5172423448275862,0.2222222222222222,4.322609260357239,2.170044735223096,6.674415135012591
48.29310344827586,0.5172423448275862,0.3333333333333333,4.083367929930881,2.2563982646692016,6.5468711247189555
48.29310344827586,0.5172423448275862,0.4444444444444444,3.8817885994810513,2.3093458457969214,6.439534185651222
48.29310344827586,0.5172423448275862,0.5555555555555556,3.70416231545182,2.3440918808262534,6.345722213339418
48.29310344827586,0.5172423448275862,0.6666666666666666,3.5446977564238504,2.3681471209971012,6.261735766690572
48.29310344827586,0.5172423448275862,0.7777777777777777,3.401191210991819,2.3854779932246606,6.185286014014442
48.29310344827586,0.5172423448275862,0.8888888888888888,3.273444620042798,2.398359645102485,6.1148429437169165
48.29310344827586,0.5172423448275862,1.0,3.1624071446737685,2.4081871813653786,6.049324017368109
48.29310344827586,1.0344836896551723,0.0,5.314160133842481,3.2292985899848636,6.756428923131362
48.29310344827586,1.0344836896551723,0.1111111111111111,4.734717131579654,2.6213935647354143,6.702927918774093
48.29310344827586,1.0344836896551723,0.2222222222222222,4.437289606671096,2.3441172681250517,6.584455841379243
48.29310344827586,1.0344836896551723,0.3333333333333333,4.213258867392326,2.183634483597711,6.480698309039471
48.29310344827586,1.0344836896551723,0.4444444444444444,4.025511266480566,2.088331089933037,6.389684526891967
48.29310344827586,1.0344836896551723,0.5555555555555556,3.8601429811883423,2.0326151945966484,6.308434838306886
48.29310344827586,1.0344836896551723,0.6666666666666666,3.710493091671423,2.0012030260182962,6.234797662088522
48.29310344827586,1.0344836896551723,0.7777777777777777,3.5730405599588866,1.9846882735923865,6.167258894293056
48.29310344827586,1.0344836896551723,0.8888888888888888,3.4459435691416354,1.9773018477163802,6.104724354370665
48.29310344827586,1.0344836896551723,1.0,3.3284119648055492,1.975515208003876,6.046378046551872
48.29310344827586,1.5517250344827584,0.0,5.314160133842481,3.4541741560753105,6.569675590898991
48.29310344827586,1.5517250344827584,0.1111111111111111,4.81177427539626,3.0593303141182453,6.584206513571532
48.29310344827586,1.5517250344827584,0.2222222222222222,4.531191507211552,2.8438351839537797,6.501086757634768
48.29310344827586,1.5517250344827584,0.3333333333333333,4.319439542299341,2.6962174213877157,6.41781656015124
48.29310344827586,1.5517250344827584,0.4444444444444444,4.142620139965104,2.5859091240777654,6.340981782802568
48.29310344827586,1.5517250344827584,0.5555555555555556,3.9873796932254786,2.499653130078046,6.270567585965842
48.29310344827586,1.5517250344827584,0.6666666666666666,3.8470369286070376,2.4302808055579685,6.205737343864617
48.29310344827586,1.5517250344827584,0.7777777777777777,3.7178017530642142,2.3733805673718504,6.145659109405524
48.29310344827586,1.5517250344827584,0.8888888888888888,3.597384276505158,2.3260032107206414,6.089632618235953
48.29310344827586,1.5517250344827584,1.0,3.4843865448587676,2.286065463394967,6.037087892657937
48.29310344827586,2.068966379310345,0.0,5.314160133842482,3.579745034141906,6.434709703781444
48.29310344827586,2.068966379310345,0.1111111111111111,4.874006122217832,3.2930200999179235,6.480253404400145
48.29310344827586,2.068966379310345,0.2222222222222222,4.609338932609147,3.120852371009641,6.424683024084343
48.29310344827586,2.068966379310345,0.3333333333333333,4.408138463438453,2.9983952245040335,6.358774244725913
48.29310344827586,2.068966379310345,0.4444444444444444,4.24028377483723,2.9039945178409563,6.294257623351608
48.29310344827586,2.068966379310345,0.5555555555555556,4.093275576671432,2.82772697633583,6.233317287866959
48.29310344827586,2.068966379310345,0.6666666666666666,3.9606726920097164,2.764148004832358,6.176176840360643
48.29310344827586,2.068966379310345,0.7777777777777777,3.8387113628381058,2.709916721487555,6.122580229707622
48.29310344827586,2.068966379310345,0.8888888888888888,3.7250154948533267,2.6628230451832096,6.07216967611449
48.29310344827586,2.068966379310345,1.0,3.61801683914455,2.6213251830450397,6.024593487055044
48.29310344827586,2.5862077241379313,0.0,5.314160133842482,3.661596172790171,6.33190583109757
48.29310344827586,2.5862077241379313,0.1111111111111111,4.924587611578148,3.4392523329722517,6.390107941823742
48.29310344827586,2.5862077241379313,0.2222222222222222,4.6751423001483365,3.295668957182333,6.355258192699324
48.29310344827586,2.5862077241379313,0.3333333333333333,4.483426941100741,3.190402993934962,6.303807343429867
48.29310344827586,2.5862077241379313,0.4444444444444444,4.3232493766087154,3.1076774901827897,6.2499266029579195
48.29310344827586,2.5862077241379313,0.5555555555555556,4.183118488067904,3.0397890256054616,6.1972885641948325
48.29310344827586,2.5862077241379313,0.6666666666666666,4.056943739040001,2.982380800317971,6.14692496697136
48.29310344827586,2.5862077241379313,0.7777777777777777,3.94109311266203,2.9327373124181335,6.099046415150423
48.29310344827586,2.5862077241379313,0.8888888888888888,3.8332244506830637,2.889047415551886,6.053583203802659
48.29310344827586,2.5862077241379313,1.0,3.7317457476645135,2.8500420826042774,6.010371870494107
48.29310344827586,3.103449068965517,0.0,5.314160133842481,3.719763363171824,6.250590101313557
48.29310344827586,3.103449068965517,0.1111111111111111,4.966022579402692,3.539802472900217,6.312265171313615
48.29310344827586,3.103449068965517,0.2222222222222222,4.731065393247507,3.4168201272745264,6.2925582575399615
48.29310344827586,3.103449068965517,0.3333333333333333,4.548111987631909,3.3241615413685683,6.252954529715932
48.29310344827586,3.103449068965517,0.4444444444444444,4.3947431452506205,3.2501083297782842,6.20818421185774
48.29310344827586,3.103449068965517,0.5555555555555556,4.260542189455132,3.188580960749276,6.162807294730191
48.29310344827586,3.103449068965517,0.6666666666666666,4.139824326916977,3.1360251639103565,6.118432504477483
48.29310344827586,3.103449068965517,0.7777777777777777,4.02913598977194,3.090181092793164,6.07563250099506
48.29310344827586,3.103449068965517,0.8888888888888888,3.9262164108724313,3.049522011253925,6.03457215137913
48.29310344827586,3.103449068965517,1.0,3.8295043669054856,3.0129686138951555,5.9952461563006745
48.29310344827586,3.6206904137931035,0.0,5.314160133842481,3.763461706426192,6.184432458404713
48.29310344827586,3.6206904137931035,0.1111111111111111,5.000278139030703,3.6133194071389636,6.24505039484136
48.29310344827586,3.6206904137931035,0.2222222222222222,4.778968800237406,3.506024885214972,6.23615211969018
48.29310344827586,3.6206904137931035,0.3333333333333333,4.604223130740319,3.4231973158138533,6.206121614320001
48.29310344827586,3.6206904137931035,0.4444444444444444,4.45704694340208,3.355978026275776,6.169092697347354
48.29310344827586,3.6206904137931035,0.5555555555555556,4.32810059360197,3.2995122688733947,6.130043371445415
48.29310344827586,3.6206904137931035,0.6666666666666666,4.21213027197222,3.250867023956088,6.0909602683342685
48.29310344827586,3.6206904137931035,0.7777777777777777,4.105883951879831,3.2081375488125947,6.052683191393807
48.29310344827586,3.6206904137931035,0.8888888888888888,4.0072040445854045,3.1700181226389654,6.01556148809157
48.29310344827586,3.6206904137931035,1.0,3.9145832774537315,3.1355757905600936,5.979719313304168
48.29310344827586,4.13793175862069,0.0,5.314160133842482,3.797597659326653,6.129419558148183
48.29310344827586,4.13793175862069,0.1111111111111111,5.028882810769376,3.669461222308424,6.186853687363492
48.29310344827586,4.13793175862069,0.2222222222222222,4.82029883814166,3.5745421637339585,6.185510719465871
48.29310344827586,4.13793175862069,0.3333333333333333,4.6532850979264815,3.4996863914028586,6.163126550395416
48.29310344827586,4.13793175862069,0.4444444444444444,4.511836330156886,3.438082026975245,6.13262782678187
48.29310344827586,4.13793175862069,0.5555555555555556,4.387646558108104,3.3858123078419715,6.099070313904871
48.29310344827586,4.13793175862069,0.6666666666666666,4.275897945601973,3.340436063652529,6.064656244253709
48.29310344827586,4.13793175862069,0.7777777777777777,4.173550575631406,3.300334130079546,6.030410227133344
48.29310344827586,4.13793175862069,0.8888888888888888,4.078560732514238,3.2643796561404312,5.996820979398786
48.29310344827586,4.13793175862069,1.0,3.9894860169836908,3.2317582851751805,5.964115630259512
48.29310344827586,4.655173103448276,0.0,5.314160133842482,3.825051917698007,6.0828705783106
48.29310344827586,4.655173103448276,0.1111111111111111,5.053014077893045,3.7137543541464413,6.136241914460501
48.29310344827586,4.655173103448276,0.2222222222222222,4.856200044066571,3.628845030250969,6.140068390101901
48.29310344827586,4.655173103448276,0.3333333333333333,4.696477761240139,3.5606212012724288,6.123733394565446
48.29310344827586,4.655173103448276,0.4444444444444444,4.560381567434293,3.5037592184024318,6.0987085452216245
48.29310344827586,4.655173103448276,0.5555555555555556,4.440565907218405,3.455068220736741,6.06989890512046
48.29310344827586,4.655173103448276,0.6666666666666666,4.332639248027458,3.412501448485823,6.039596545959926
48.29310344827586,4.655173103448276,0.7777777777777777,4.233776224723176,3.3746733979191768,6.008942247025792
48.29310344827586,4.655173103448276,0.8888888888888888,4.142051761459089,3.3406052380442466,5.978524801944225
48.29310344827586,4.655173103448276,1.0,4.056093637993093,3.30958137136326,5.948650583645476
48.29310344827586,5.1724144482758625,0.0,5.314160133842481,3.847638563037609,6.042918881009428
48.29310344827586,5.1724144482758625,0.1111111111111111,5.073575847465761,3.7495971610063723,6.091992228255898
48.29310344827586,5.1724144482758625,0.2222222222222222,4.887588137443144,3.6729413074657713,6.0992652313010485
48.29310344827586,5.1724144482758625,0.3333333333333333,4.734734716716174,3.610334885716076,6.087677926211129
48.29310344827586,5.1724144482758625,0.4444444444444444,4.603671272780918,3.557554273115145,6.067217486521337
48.29310344827586,5.1724144482758625,0.5555555555555556,4.487923286298202,3.5119755598580107,6.042498288764556
48.29310344827586,5.1724144482758625,0.6666666666666666,4.383505570106572,3.4718710429087793,6.01580958530678
48.29310344827586,5.1724144482758625,0.7777777777777777,4.287803979096669,3.4360484552316475,5.988353194567607
48.29310344827586,5.1724144482758625,0.8888888888888888,4.199013087704219,3.4036531112107484,5.960784775939716
48.29310344827586,5.1724144482758625,1.0,4.11583311040672,3.374053004324685,5.933469212905487
48.29310344827586,5.689655793103449,0.0,5.314160133842481,3.8665619568783547,6.008220241078466
48.29310344827586,5.689655793103449,0.1111111111111111,5.091262976967901,3.7791973882115157,6.053084789066057
48.29310344827586,11.379310586206897,0.4444444444444444,4.898341622457006,3.8394180945621894,5.827073399935705
48.29310344827586,11.379310586206897,0.5555555555555556,4.817258174657511,3.814093666775321,5.82281750240796
48.29310344827586,11.379310586206897,0.6666666666666666,4.74217957018762,3.7906713533106533,5.81628975266963
48.29310344827586,11.379310586206897,0.7777777777777777,4.672153527027306,3.768876963345497,5.808098699790343
48.29310344827586,11.379310586206897,0.8888888888888888,4.606430003166141,3.748488411615034,5.798691427132421
48.29310344827586,11.379310586206897,1.0,4.544409405171963,3.729323788993211,5.788398591892614
48.29310344827586,11.896551931034482,0.0,5.314160133842482,3.9728472515340183,5.788949667256483
48.29310344827586,11.896551931034482,0.1111111111111111,5.196860076617951,3.9374106689222343,5.804213022167561
48.29310344827586,11.896551931034482,0.2222222222222222,5.092451468919721,3.9055381603165786,5.812554848044122
48.29310344827586,11.896551931034482,0.3333333333333333,4.9982921791636805,3.8766160038597306,5.8156525694006485
48.29310344827586,11.896551931034482,0.4444444444444444,4.912436161692513,3.850157942362441,5.814831620207505
48.29310344827586,11.896551931034482,0.5555555555555556,4.833416742967782,3.8257789906110196,5.811096158641942
48.29310344827586,11.896551931034482,0.6666666666666666,4.7601071106166355,3.8031718486131916,5.805195163950305
48.29310344827586,11.896551931034482,0.7777777777777777,4.6916268278166005,3.7820886086574683,5.797685383204574
48.29310344827586,11.896551931034482,0.8888888888888888,4.627277390847872,3.7623270949837684,5.788981705303111
48.29310344827586,11.896551931034482,1.0,4.566496850399463,3.743720715102826,5.7793949426038544
48.29310344827586,12.413793275862067,0.0,5.314160133842482,3.977194237715402,5.778955699258669
48.29310344827586,12.413793275862067,0.1111111111111111,5.201350458140868,3.9435551486316176,5.793007311950989
48.29310344827586,12.413793275862067,0.2222222222222222,5.100463644097053,3.913152906882398,5.800850820292705
48.29310344827586,12.413793275862067,0.3333333333333333,5.009139412329468,3.8854529857631555,5.803917174019208
48.29310344827586,12.413793275862067,0.4444444444444444,4.925621053068885,3.860026459270167,5.803359303777031
48.29310344827586,12.413793275862067,0.5555555555555556,4.848572100449399,3.8365300687480097,5.80006679102313
48.29310344827586,12.413793275862067,0.6666666666666666,4.776957022649042,3.8146873578744813,5.79471424383606
48.29310344827586,12.413793275862067,0.7777777777777777,4.709960512024486,3.794273606607836,5.787810643177816
48.29310344827586,12.413793275862067,0.8888888888888888,4.646931334257031,3.775104350936692,5.779740386859214
48.29310344827586,12.413793275862067,1.0,4.587342423573161,3.7570267245954083,5.770794949460139
48.29310344827586,12.931034620689655,0.0,5.314160133842481,3.9812144786257133,5.7696300756982755
48.29310344827586,12.931034620689655,0.1111111111111111,5.2055118511107485,3.9492118825933926,5.782579190152938
48.29310344827586,12.931034620689655,0.2222222222222222,5.107922998886895,3.920159831605258,5.789941986594116
48.29310344827586,12.931034620689655,0.3333333333333333,5.019276140755666,3.893590431103795,5.792944843904653
48.29310344827586,12.931034620689655,0.4444444444444444,4.937979970382299,3.869123814314171,5.792593719575594
48.29310344827586,12.931034620689655,0.5555555555555556,4.8628132985393195,3.846452914846557,5.789678026166779
48.29310344827586,12.931034620689655,0.6666666666666666,4.792822445689302,3.8253283235005866,5.784805717083327
48.29310344827586,12.931034620689655,0.7777777777777777,4.727251206390177,3.8055458412265875,5.778441918132856
48.29310344827586,12.931034620689655,0.8888888888888888,4.665491708859804,3.786936803681651,5.770942351201897
48.29310344827586,12.931034620689655,1.0,4.607049198524296,3.7693606748494526,5.762579842937955
48.29310344827586,13.44827596551724,0.0,5.314160133842482,3.98494356299037,5.760907435170891
48.29310344827586,13.44827596551724,0.1111111111111111,5.209378890953283,3.9544363410489294,5.772851621446741
48.29310344827586,13.44827596551724,0.2222222222222222,5.114884142947927,3.9266279591865616,5.779753535781579
48.29310344827586,13.44827596551724,0.3333333333333333,5.028768849606124,3.901106908877336,5.782668869440964
48.29310344827586,13.44827596551724,0.4444444444444444,4.949586844382867,3.8775354969262192,5.782477980206713
48.29310344827586,13.44827596551724,0.5555555555555556,4.876219332386525,3.8556381708100025,5.779882633064031
48.29310344827586,13.44827596551724,0.6666666666666666,4.807786193021443,3.8351893194644764,5.775431115107033
48.29310344827586,13.44827596551724,0.7777777777777777,4.743584920066715,3.8160029587849285,5.769548419552197
48.29310344827586,13.44827596551724,0.8888888888888888,4.6830474384635865,3.7979245551900718,5.762563447905671
48.29310344827586,13.44827596551724,1.0,4.62570891776489,3.78082467426013,5.754731191354564
48.29310344827586,13.965517310344827,0.0,5.314160133842482,3.9884120809087023,5.752730727737356
48.29310344827586,13.965517310344827,0.1111111111111111,5.212981551219042,3.9592759252402123,5.7637572734322085
48.29310344827586,13.965517310344827,0.2222222222222222,5.121394822818817,3.932616324286213,5.770219353175571
48.29310344827586,13.965517310344827,0.3333333333333333,5.037676133287594,3.9080697450910713,5.77302952623468
48.29310344827586,13.965517310344827,0.4444444444444444,4.960507209791593,3.885334906218585,5.7729604893841975
48.29310344827586,13.965517310344827,0.5555555555555556,4.8888605005960555,3.864163795822868,5.770637228959655
48.29310344827586,13.965517310344827,0.6666666666666666,4.821922139099842,3.844351809100818,5.766554657528538
48.29310344827586,13.965517310344827,0.7777777777777777,4.7590384766498595,3.825729175495281,5.761101132714235
48.29310344827586,13.965517310344827,0.8888888888888888,4.699677986603785,3.8081540309925104,5.7545805801323295
48.29310344827586,13.965517310344827,1.0,4.643403554538687,3.7915069585066146,5.747231043879281
48.29310344827586,14.482758655172413,0.0,5.314160133842482,3.9916464735292476,5.7450499262611245
48.29310344827586,14.482758655172413,0.1111111111111111,5.216345896283207,3.96377137966609,5.755237058492124
48.29310344827586,14.482758655172413,0.2222222222222222,5.127496950132918,3.9381757085208107,5.761280850859237
48.29310344827586,14.482758655172413,0.3333333333333333,5.046049807762215,3.9145369570418374,5.763973263885462
48.29310344827586,14.482758655172413,0.4444444444444444,4.970799339572577,3.8925854103603297,5.763994430129915
48.29310344827586,14.482758655172413,0.5555555555555556,4.900799552086355,3.8720972084541674,5.761901987663257
48.29310344827586,14.482758655172413,0.6666666666666666,4.835296387613214,3.8528863444266372,5.7581431148692745
48.29310344827586,14.482758655172413,0.7777777777777777,4.773680715948777,3.834797518320615,5.7530727867461895
48.29310344827586,14.482758655172413,0.8888888888888888,4.715454603516881,3.8177002525309054,5.7469717504334135
48.29310344827586,14.482758655172413,1.0,4.660206614306743,3.8014841879903005,5.740062031406895
48.29310344827586,15.0,0.0,5.314160133842482,3.9946697147628214,5.737820971660804
48.29310344827586,15.0,0.1111111111111111,5.219494694003414,3.9679579180697075,5.747238926695701
48.29310344827586,15.0,0.2222222222222222,5.133227453693838,3.9433500278082003,5.752885971479991
48.29310344827586,15.0,0.3333333333333333,5.053935844280582,3.920558801882557,5.755451991245641
48.29310344827586,15.0,0.4444444444444444,4.980515203954893,3.899341998676283,5.755537295430991
48.29310344827586,15.0,0.5555555555555556,4.912092657993705,3.8794970078433906,5.7536403570327455
48.29310344827586,15.0,0.6666666666666666,4.847968260437948,3.860854335336331,5.7501656609679035
48.29310344827586,15.0,0.7777777777777777,4.787573508810878,3.8432716290011033,5.745437803112324
48.29310344827586,15.0,0.8888888888888888,4.730441375738681,3.826628667597969,5.739716078197416
48.29310344827586,15.0,1.0,4.676184226696445,3.810823299187403,5.733207434649741
50.0,1e-06,0.0,,,
50.0,1e-06,0.1111111111111111,4.515138646379254,3.0457556367828373,7.0182900221464575
50.0,1e-06,0.2222222222222222,4.16952994711012,3.045755932731696,6.800107197672923
50.0,1e-06,0.3333333333333333,3.905789774061231,3.045756054653402,6.64206119642566
50.0,1e-06,0.4444444444444444,3.684488964109589,3.0457561069122114,6.513262397574757
50.0,1e-06,0.5555555555555556,3.4954268630628045,3.0457561266128628,6.402339417887713
50.0,1e-06,0.6666666666666666,3.3382139283297443,3.045756125904956,6.303673563815477
50.0,1e-06,0.7777777777777777,3.216248573368564,3.0457561108208084,6.214020898607684
50.0,1e-06,0.8888888888888888,3.1322196574723256,3.0457560839888522,6.131314610771824
50.0,1e-06,1.0,3.0846182214285074,3.0457560554093797,6.054144424431931
50.0,0.5172423448275862,0.0,5.348000690995484,2.783219579059752,7.056590211336649
50.0,0.5172423448275862,0.1111111111111111,4.642237628255255,2.0214944175369047,6.867529046623334
50.0,0.5172423448275862,0.2222222222222222,4.319222335311325,2.135648589102121,6.702843593276247
50.0,0.5172423448275862,0.3333333333333333,4.075544894282925,2.223001736260801,6.57317281839411
50.0,0.5172423448275862,0.4444444444444444,3.8705985347671925,2.2782352668092742,6.464158751186778
50.0,0.5172423448275862,0.5555555555555556,3.690327252851466,2.3149163311894636,6.368988689146793
50.0,0.5172423448275862,0.6666666666666666,3.5288838644971188,2.340512197315021,6.28388060727981
50.0,0.5172423448275862,0.7777777777777777,3.3841422252513413,2.3590904456742368,6.20649140726752
50.0,0.5172423448275862,0.8888888888888888,3.2560453530915177,2.3730127916828434,6.135253379425054
50.0,0.5172423448275862,1.0,,,
50.0,1.0344836896551723,0.0,5.348000690995483,3.3144368458939977,6.764306606827243
50.0,1.0344836896551723,0.1111111111111111,4.743361870969581,2.697290195847524,6.730002482791137
50.0,1.0344836896551723,0.2222222222222222,4.438794255839359,2.412397337421924,6.611028164343939
50.0,1.0344836896551723,0.3333333333333333,4.210354474423741,2.240967144188755,6.506061616283989
50.0,1.0344836896551723,0.4444444444444444,4.019295254532259,2.133203405342204,6.413891846684153
50.0,1.0344836896551723,0.5555555555555556,3.8512311943443263,2.06549726852582,6.331626673288992
50.0,1.0344836896551723,0.6666666666666666,3.699315495405305,2.023659541961621,6.257111689387384
50.0,1.0344836896551723,0.7777777777777777,3.559960583822509,1.9985913561990305,6.188815105113925
50.0,1.0344836896551723,0.8888888888888888,3.431323802282106,1.9844025493786601,6.125624526692408
50.0,1.0344836896551723,1.0,3.3126581534887425,1.9772854772892772,6.0667081028924565
50.0,1.5517250344827584,0.0,5.348000690995484,3.5239655087556963,6.572653083528729
50.0,1.5517250344827584,0.1111111111111111,4.824513156070234,3.121308461213295,6.607455874350773
50.0,1.5517250344827584,0.2222222222222222,4.536649633929158,2.903245899791152,6.525700833094037
50.0,1.5517250344827584,0.3333333333333333,4.320471977399451,2.754025020486215,6.442063997366569
50.0,1.5517250344827584,0.4444444444444444,4.140386432601759,2.6422520137602157,6.364554803408081
50.0,1.5517250344827584,0.5555555555555556,3.9825034495319818,2.5544510416662525,6.29343852705192
