Lp,B,sigma,Obj_mass,Obj_concentration,Obj_retentate_concentration
0.8862686058234002,24.58402582351792,0.0,3.3914174213914756,2.6975624015828026,3.16972165887191
0.8862686058234002,24.58402582351792,0.1111111111111111,3.3914971728408303,2.6976208999881766,3.1697637907725986
0.8862686058234002,24.58402582351792,0.2222222222222222,3.3915768031096074,2.697679352577453,3.169805881666515
0.8862686058234002,24.58402582351792,0.3333333333333333,3.391656312518482,2.6977377594211283,3.1698479316324377
0.8862686058234002,24.58402582351792,0.4444444444444444,3.39173570138692,2.697796120589532,3.1698899407489134
0.8862686058234002,24.58402582351792,0.5555555555555556,3.391814970033184,2.697854436152826,3.1699319090942555
0.8862686058234002,24.58402582351792,0.6666666666666666,3.391894118774341,2.697912706181006,3.169973836746545
0.8862686058234002,24.58402582351792,0.7777777777777777,3.391973147926265,2.6979709307439013,3.1700157237836306
0.8862686058234002,24.58402582351792,0.8888888888888888,3.3920520578036455,2.698029109911175,3.1700575702831344
0.8862686058234002,24.58402582351792,1.0,3.392130848719992,2.698087243752326,3.1700993763224465
2.0890617137265863,0.8194675274505974,0.0,3.187928065638311,2.9190722597172973,2.9876849861033437
2.0890617137265863,0.8194675274505974,0.1111111111111111,3.1945101093780526,2.918780251172992,2.9907552104696777
2.0890617137265863,0.8194675274505974,0.2222222222222222,3.200881572391713,2.918492206082844,2.9937654281681705
2.0890617137265863,0.8194675274505974,0.3333333333333333,3.2070506704008137,2.918208193082354,2.9967172087780463
2.0890617137265863,0.8194675274505974,0.4444444444444444,3.2130253100848694,2.9179282756777685,2.999612078554226
2.0890617137265863,0.8194675274505974,0.5555555555555556,3.2188130907774024,2.9176525122869377,3.002451521172004
2.0890617137265863,0.8194675274505974,0.6666666666666666,3.22442130877176,2.9173809562907813,3.005236978544921
2.0890617137265863,0.8194675274505974,0.7777777777777777,3.2298569635624608,2.9171136560951223,3.0079698516982467
2.0890617137265863,0.8194675274505974,0.8888888888888888,3.2351267654912292,2.916850655202559,3.0106515016834954
2.0890617137265863,0.8194675274505974,1.0,3.2402371443807585,2.91659199229393,3.0132832505218516
2.0890617137265863,2.979881918002172,0.0,3.187928065638311,2.73956259660719,3.001617276330386
2.0890617137265863,2.979881918002172,0.1111111111111111,3.191738906917035,2.739742548965892,3.0033396641027945
0.8862686058234002,13.781953870760045,0.6666666666666666,3.392237313891809,2.7162926967970704,3.169645868717842
0.8862686058234002,13.781953870760045,0.7777777777777777,3.3923727496099754,2.7163777546052,3.169717868712452
0.8862686058234002,13.781953870760045,0.8888888888888888,3.3925078427650623,2.716462712790532,3.169789751787657
0.8862686058234002,13.781953870760045,1.0,3.3926425948428975,2.716547571574595,3.1698615183126333
0.8862686058234002,15.942368261311618,0.0,3.3914174213914756,2.710368917887517,3.169364503946346
0.8862686058234002,15.942368261311618,0.1111111111111111,3.391537542285073,2.710447589022185,3.1694280004515116
0.8862686058234002,15.942368261311618,0.2222222222222222,3.3916573928856875,2.710526175570775,3.1694914053936474
0.8862686058234002,15.942368261311618,0.3333333333333333,3.3917769742410213,2.7106046777082975,3.1695547190308067
0.8862686058234002,15.942368261311618,0.4444444444444444,3.3918962873930436,2.7106830956092143,3.1696179416199275
0.8862686058234002,15.942368261311618,0.5555555555555556,3.39201533337803,2.7107614294474436,3.1696810734168404
0.8862686058234002,15.942368261311618,0.6666666666666666,3.392134113226603,2.7108396793963645,3.1697441146762757
0.8862686058234002,15.942368261311618,0.7777777777777777,3.3922526279637712,2.7109178456288165,3.1698070656518733
0.8862686058234002,15.942368261311618,0.8888888888888888,3.3923708786089706,2.710995928317099,3.169869926596178
0.8862686058234002,15.942368261311618,1.0,3.3924888661761,2.7110739276329814,3.169932697760659
0.8862686058234002,18.102782651863194,0.0,3.3914174213914756,2.706127745711854,3.1694835817820652
0.8862686058234002,18.102782651863194,0.1111111111111111,3.391524049226247,2.7062003096277767,3.1695399358852843
0.8862686058234002,18.102782651863194,0.2222222222222222,3.391630462864947,2.706272802026001,3.1695962174514376
0.8862686058234002,18.102782651863194,0.3333333333333333,3.3917366630515158,2.7063452230432956,3.1696524266636152
0.8862686058234002,18.102782651863194,0.4444444444444444,3.3918426505262325,2.7064175728160285,3.169708563704196
0.8862686058234002,18.102782651863194,0.5555555555555556,3.391948426025743,2.7064898514801707,3.1697646287548538
0.8862686058234002,18.102782651863194,0.6666666666666666,3.3920539902830775,2.7065620591712984,3.16982062199656
0.8862686058234002,18.102782651863194,0.7777777777777777,3.392159344027679,2.706634196024595,3.169876543609587
0.8862686058234002,0.8194675274505974,0.0,3.3914174213914756,2.928625969373116,3.1620254146272915
0.8862686058234002,0.8194675274505974,0.1111111111111111,3.392457068173892,2.928552939747189,3.162566137419076
0.8862686058234002,0.8194675274505974,0.2222222222222222,3.3934841813046956,2.928480750933163,3.16310274288389
0.8862686058234002,0.8194675274505974,0.3333333333333333,3.3944989519194326,2.9284094007066193,3.163635276465288
0.8862686058234002,0.8194675274505974,0.4444444444444444,3.395501568038166,2.9283388867260345,3.164163783020324
0.8862686058234002,0.8194675274505974,0.5555555555555556,3.3964922146141654,2.9282692065357296,3.1646883068277565
0.8862686058234002,0.8194675274505974,0.6666666666666666,3.3974710735819764,2.9282003575688114,3.165208891596121
0.8862686058234002,0.8194675274505974,0.7777777777777777,3.398438323904885,2.928132337150119,3.1657255804716584
0.8862686058234002,0.8194675274505974,0.8888888888888888,3.3993941416217646,2.92806514249916,3.1662384160461223
0.8862686058234002,0.8194675274505974,1.0,3.4003386998933,2.9279987707330393,3.166747440364449
0.8862686058234002,2.979881918002172,0.0,3.3914174213914756,2.814355511448122,3.1661729298505104
0.8862686058234002,2.979881918002172,0.1111111111111111,3.391915442023089,2.814437308018589,3.1664359062733682
0.8862686058234002,2.979881918002172,0.2222222222222222,3.392409554303545,2.814519190893705,3.166697562794487
0.8862686058234002,2.979881918002172,0.3333333333333333,3.392899805385944,2.814601157290957,3.1669579110294133
0.8862686058234002,2.979881918002172,0.4444444444444444,3.3933862416967706,2.814683204468226,3.167216962451884
0.8862686058234002,2.979881918002172,0.5555555555555556,3.393868908948899,2.814765329723282,3.1674747283959723
0.8862686058234002,2.979881918002172,0.6666666666666666,3.394347852154344,2.8148475303932696,3.1677312200581853
0.8862686058234002,2.979881918002172,0.7777777777777777,3.394823115636761,2.8149298038542123,3.1679864484995366
0.8862686058234002,2.979881918002172,0.8888888888888888,3.3952947430437157,2.8150121475205117,3.1682404246475775
0.8862686058234002,2.979881918002172,1.0,3.3957627773587,2.8150945588444536,3.168493159298393
0.8862686058234002,5.140296308553746,0.0,3.3914174213914756,2.770549151642641,3.167583459974448
0.8862686058234002,5.140296308553746,0.1111111111111111,3.3917442921528007,2.7706597851694297,3.1677563433653892
0.8862686058234002,18.102782651863194,0.8888888888888888,3.3922644879854214,2.706706262174849,3.1699323937735104
0.8862686058234002,18.102782651863194,1.0,3.3923694228786347,2.70677825775646,3.16998817266722
0.8862686058234002,20.263197042414767,0.0,3.3914174213914756,2.70271473353404,3.1695788285373263
0.8862686058234002,20.263197042414767,0.1111111111111111,3.3915132811114908,2.7027819734090013,3.1696294836148513
0.8862686058234002,20.263197042414767,0.2222222222222222,3.391608966928795,2.702849152210367,3.1696800798170925
0.8862686058234002,20.263197042414767,0.3333333333333333,3.391704479390442,2.702916270046373,3.169730617278591
0.8862686058234002,20.263197042414767,0.4444444444444444,3.3917998190410423,2.7029833270249606,3.169781096133418
0.8862686058234002,20.263197042414767,0.5555555555555556,3.391894986422777,2.703050323253777,3.1698315165151696
0.8862686058234002,20.263197042414767,0.6666666666666666,3.3919899820754127,2.7031172588401784,3.1698818785569745
0.8862686058234002,20.263197042414767,0.7777777777777777,3.392084806536317,2.703184133891229,3.1699321823914977
0.8862686058234002,20.263197042414767,0.8888888888888888,3.3921794603404676,2.703250948513704,3.169982428150935
0.8862686058234002,20.263197042414767,1.0,3.3922739440204692,2.703317702814088,3.170032615967023
0.8862686058234002,22.423611432966343,0.0,3.3914174213914756,2.699909200186728,3.169656742791946
0.8862686058234002,22.423611432966343,0.1111111111111111,3.3915044882507615,2.6999717861626187,3.1697027450511848
0.8862686058234002,22.423611432966343,0.2222222222222222,3.391591411118491,2.700034319477872,3.1697486985737817
0.8862686058234002,22.423611432966343,0.3333333333333333,3.391678190408571,2.700096800219285,3.169794603461472
0.8862686058234002,22.423611432966343,0.4444444444444444,3.3917648265332203,2.700159228473432,3.1698404598156653
0.8862686058234002,22.423611432966343,0.5555555555555556,3.3918513199029703,2.700221604326671,3.169886267737447
0.8862686058234002,22.423611432966343,0.6666666666666666,3.391937670926681,2.7002839278651356,3.169932027327572
0.8862686058234002,22.423611432966343,0.7777777777777777,3.392023880011546,2.700346199174746,3.169977738686476
0.8862686058234002,22.423611432966343,0.8888888888888888,3.3921099475631005,2.7004084183412034,3.1700234019142735
0.8862686058234002,22.423611432966343,1.0,3.392195873985235,2.700470585449991,3.1700690171107557
2.0890617137265863,2.979881918002172,0.2222222222222222,3.195458285018966,2.7399255205872115,3.005036155895371
2.0890617137265863,2.979881918002172,0.3333333333333333,3.1990892701730833,2.7401114200582075,3.006707373183412
2.0890617137265863,2.979881918002172,0.4444444444444444,3.2026348145375376,2.7403001575582713,3.008353918267693
2.0890617137265863,2.979881918002172,0.5555555555555556,3.2060977562752493,2.740491644888837,3.009976374947535
2.0890617137265863,2.979881918002172,0.6666666666666666,3.2094808236414436,2.7406857954971238,3.0115753091701722
2.0890617137265863,2.979881918002172,0.7777777777777777,3.2127866390495177,2.7408825244944204,3.013151269657046
2.0890617137265863,2.979881918002172,0.8888888888888888,3.216017723088637,2.7410817486693473,3.014704788507585
2.0890617137265863,2.979881918002172,1.0,3.2191764984721507,2.741283386496536,3.0162363817811606
2.0890617137265863,5.140296308553746,0.0,3.187928065638311,2.6489339716125917,3.007557755309547
2.0890617137265863,5.140296308553746,0.1111111111111111,3.1906091218737758,2.649360952032328,3.008741815702752
2.0890617137265863,5.140296308553746,0.2222222222222222,3.1932406257366646,2.6497874554339886,3.009912152859531
2.0890617137265863,5.140296308553746,0.3333333333333333,3.1958239341743737,2.6502134535019297,3.0110690384400907
2.0890617137265863,5.140296308553746,0.4444444444444444,3.1983603586768177,2.6506389189567994,3.0122127367219793
2.0890617137265863,5.140296308553746,0.5555555555555556,3.200851166873471,2.6510638255279946,3.0133435048475357
2.0890617137265863,5.140296308553746,0.6666666666666666,3.2032975840898863,2.6514881479264196,3.0144615930617893
2.0890617137265863,5.140296308553746,0.7777777777777777,3.20570079486169,2.6519118618175823,3.0155672449411886
2.0890617137265863,5.140296308553746,0.8888888888888888,3.2080619444046476,2.6523349437950783,3.016660697613589
2.0890617137265863,5.140296308553746,1.0,3.210382140039933,2.6527573713544745,3.0177421819698114
2.0890617137265863,7.300710699105321,0.0,3.187928065638311,2.594095516321089,3.0108456354924775
2.0890617137265863,7.300710699105321,0.1111111111111111,3.1899958982403165,2.594609235345569,3.0117448655060235
2.0890617137265863,7.300710699105321,0.2222222222222222,3.1920328564821743,2.5951212116080957,3.012635698866468
2.0890617137265863,7.300710699105321,0.3333333333333333,3.1940396442780425,2.5956314468744432,3.0135182741854964
0.8862686058234002,5.140296308553746,0.2222222222222222,3.392069335939406,2.77077027375325,3.167928607356149
0.8862686058234002,5.140296308553746,0.3333333333333333,3.392392569324568,2.770880617324301,3.1681002560480764
0.8862686058234002,5.140296308553746,0.4444444444444444,3.392714008679841,2.770990815819288,3.1682712935029764
0.8862686058234002,5.140296308553746,0.5555555555555556,3.393033670178054,2.7711008691813026,3.1684417237435936
0.8862686058234002,5.140296308553746,0.6666666666666666,3.3933515697962697,2.7712107773597077,3.1686115507541106
0.8862686058234002,5.140296308553746,0.7777777777777777,3.393667723318683,2.771320540310021,3.168780778480621
0.8862686058234002,5.140296308553746,0.8888888888888888,3.3939821463394755,2.771430157993802,3.1689494108316056
0.8862686058234002,5.140296308553746,1.0,3.3942948542656173,2.7715396303785402,3.1691174516783938
0.8862686058234002,7.300710699105321,0.0,3.3914174213914756,2.7472456843644664,3.1682939369013754
0.8862686058234002,7.300710699105321,0.1111111111111111,3.3916606188010627,2.7473552350596475,3.1684225865509457
0.8862686058234002,7.300710699105321,0.2222222222222222,3.3919027658650287,2.747464621764681,3.16855087992815
0.8862686058234002,7.300710699105321,0.3333333333333333,3.392143870131132,2.747573844841151,3.168678818900154
0.8862686058234002,7.300710699105321,0.4444444444444444,3.3923839390727624,2.747682904650429,3.168806405319565
0.8862686058234002,7.300710699105321,0.5555555555555556,3.3926229800898575,2.747791801553656,3.1689336410245836
0.8862686058234002,7.300710699105321,0.6666666666666666,3.392861000509807,2.747900535911733,3.1690605278391497
0.8862686058234002,7.300710699105321,0.7777777777777777,3.3930980075883386,2.748009108085298,3.1691870675730893
0.8862686058234002,7.300710699105321,0.8888888888888888,3.393334008510398,2.7481175184347175,3.1693132620222566
0.8862686058234002,7.300710699105321,1.0,3.393569010391012,2.748225767320071,3.1694391129686834
0.8862686058234002,9.461125089656896,0.0,3.3914174213914756,2.732776191697376,3.168721675392575
0.8862686058234002,9.461125089656896,0.1111111111111111,3.3916110353590474,2.732878178599954,3.1688240823199467
0.8862686058234002,9.461125089656896,0.2222222222222222,3.391803968924687,2.7329800210218087,3.1689262585068008
0.8862686058234002,9.461125089656896,0.3333333333333333,3.391996226123833,2.733081719322357,3.1690282049502603
2.0890617137265863,7.300710699105321,0.4444444444444444,3.196016945270318,2.5961399431722256,3.014392726833531
2.0890617137265863,7.300710699105321,0.5555555555555556,3.1979654234776755,2.5966467027803968,3.015259189036264
2.0890617137265863,7.300710699105321,0.6666666666666666,3.199885723924295,2.597151728219071,3.016117789967758
2.0890617137265863,7.300710699105321,0.7777777777777777,3.201778473250342,2.5976550222396355,3.0169686558402513
2.0890617137265863,7.300710699105321,0.8888888888888888,3.2036442803038567,2.598156587815171,3.0178119099907867
2.0890617137265863,7.300710699105321,1.0,3.2054837367142697,2.598656428131162,3.018647672964809
2.0890617137265863,9.461125089656896,0.0,3.187928065638311,2.557365311947969,3.012932207665325
2.0890617137265863,9.461125089656896,0.1111111111111111,3.189610934335012,2.557899258145993,3.0136561359279135
2.0890617137265863,9.461125089656896,0.2222222222222222,3.1912727691232363,2.5584311517967144,3.014374422808368
2.0890617137265863,9.461125089656896,0.3333333333333333,3.1929139789450014,2.558961003959604,3.015087147660204
2.0890617137265863,9.461125089656896,0.4444444444444444,3.194534962507928,2.5594888256756994,3.0157943882264795
2.0890617137265863,9.461125089656896,0.5555555555555556,3.1961361085780338,2.5600146279654257,3.0164962206821646
2.0890617137265863,9.461125089656896,0.6666666666666666,3.1977177962642735,2.5605384218265055,3.017192719675151
2.0890617137265863,9.461125089656896,0.7777777777777777,3.1992803952949314,2.5610602182319564,3.0178839583659562
2.0890617137265863,9.461125089656896,0.8888888888888888,3.20082426628603,2.561580028128184,3.0185700084661664
2.0890617137265863,9.461125089656896,1.0,3.202349761001911,2.5620978624331507,3.019250940275674
2.0890617137265863,11.621539480208469,0.0,3.187928065638311,2.531071157959611,3.0143737025415587
2.0890617137265863,11.621539480208469,0.1111111111111111,3.1893467949515255,2.531597653061939,3.0149791511896873
2.0890617137265863,11.621539480208469,0.2222222222222222,3.190750288299536,2.532122134792716,3.015580557242655
2.0890617137265863,11.621539480208469,0.3333333333333333,3.19213880339816,2.532644615873926,3.016177970104809
2.0890617137265863,11.621539480208469,0.4444444444444444,3.19351259228135,2.533165108932655,3.0167714382987807
2.0890617137265863,11.621539480208469,0.5555555555555556,3.1948719014469984,2.533683626501532,3.01736100948611
0.8862686058234002,9.461125089656896,0.4444444444444444,3.3921878109587023,2.7331832738599013,3.169129922640958
0.8862686058234002,9.461125089656896,0.5555555555555556,3.392378727398642,2.733284684991635,3.169231412563098
0.8862686058234002,9.461125089656896,0.6666666666666666,3.392568979380469,2.7333859530736437,3.169332675694507
0.8862686058234002,9.461125089656896,0.7777777777777777,3.392758570808807,2.7334870784609064,3.1694337130066903
0.8862686058234002,9.461125089656896,0.8888888888888888,3.392947505556419,2.7335880615072994,3.1695345254648886
0.8862686058234002,9.461125089656896,1.0,3.3931357874645385,2.7336889025655986,3.169635114028132
0.8862686058234002,11.621539480208469,0.0,3.3914174213914756,2.722921510956338,3.169007272428689
0.8862686058234002,11.621539480208469,0.1111111111111111,3.3915782406261545,2.7230150504354667,3.169092316401354
0.8862686058234002,11.621539480208469,0.2222222222222222,3.391738583721695,2.7231084687256564,3.169177198962483
0.8862686058234002,11.621539480208469,0.3333333333333333,3.3918984530793206,2.723201766117856,3.1692619207046873
0.8862686058234002,11.621539480208469,0.4444444444444444,3.3920578510833184,2.723294942902023,3.1693464822172754
0.8862686058234002,11.621539480208469,0.5555555555555556,3.3922167801011907,2.7233879993671297,3.1694308840862795
0.8862686058234002,11.621539480208469,0.6666666666666666,3.392375242483803,2.723480935801168,3.169515126894483
0.8862686058234002,11.621539480208469,0.7777777777777777,3.3925332405655366,2.7235737524911516,3.169599211221439
0.8862686058234002,11.621539480208469,0.8888888888888888,3.3926907766644336,2.72366644972312,3.1696831376434975
0.8862686058234002,11.621539480208469,1.0,3.3928478530823427,2.723759027782144,3.1697669067338285
0.8862686058234002,13.781953870760045,0.0,3.3914174213914756,2.7157802453712625,3.1692113925420506
0.8862686058234002,13.781953870760045,0.1111111111111111,3.391554944207228,2.715865905609506,3.1692841019067552
0.8862686058234002,13.781953870760045,0.2222222222222222,3.3916921153505175,2.7159514648802956,3.1693566920990253
0.8862686058234002,13.781953870760045,0.3333333333333333,3.391828936363088,2.716036923409599,3.1694291634989478
0.8862686058234002,13.781953870760045,0.4444444444444444,3.391965408777179,2.7161222814226353,3.169501516484761
0.8862686058234002,13.781953870760045,0.5555555555555556,3.3921015341156013,2.7162075391438805,3.1695737514328663
2.0890617137265863,11.621539480208469,0.6666666666666666,3.196216971998895,2.5342001810191803,3.017946730487284
2.0890617137265863,11.621539480208469,0.7777777777777777,3.197548039784891,2.534714784830678,3.0185286473011925
2.0890617137265863,11.621539480208469,0.8888888888888888,3.198865335531379,2.535227450188028,3.0191068051240353
2.0890617137265863,11.621539480208469,1.0,3.2001690849741444,2.5357381892506425,3.0196812483676867
2.0890617137265863,13.781953870760045,0.0,3.187928065638311,2.5113347357599087,3.0154290072789767
2.0890617137265863,13.781953870760045,0.1111111111111111,3.1891543178298343,2.5118424002192348,3.015949128161222
2.0890617137265863,13.781953870760045,0.2222222222222222,3.19036903104582,2.512348206805175,3.0164662133115603
2.0890617137265863,13.781953870760045,0.3333333333333333,3.1915723778581553,2.51285216740269,3.0169802954831333
2.0890617137265863,13.781953870760045,0.4444444444444444,3.1927645274448246,2.5133542937935407,3.0174914069085754
2.0890617137265863,13.781953870760045,0.5555555555555556,3.1939456456685535,2.5138545976573377,3.017999579310939
2.0890617137265863,13.781953870760045,0.6666666666666666,3.1951158951535206,2.5143530905725644,3.018504843914338
2.0890617137265863,13.781953870760045,0.7777777777777777,3.196275435360185,2.514849784017602,3.019007231454314
2.0890617137265863,13.781953870760045,0.8888888888888888,3.1974244226582744,2.5153446893717364,3.0195067721879427
2.0890617137265863,13.781953870760045,1.0,3.198563010397953,2.515837817916154,3.020003495903662
2.0890617137265863,15.942368261311618,0.0,3.187928065638311,2.4959841528799824,3.0162348885726966
2.0890617137265863,15.942368261311618,0.1111111111111111,3.1890078249251537,2.4964687935899628,3.016690671568009
2.0890617137265863,15.942368261311618,0.2222222222222222,3.1900785448352265,2.496951759870189,3.0171440927061735
2.0890617137265863,15.942368261311618,0.3333333333333333,3.1911403464624257,2.4974330621024934,3.0175951747805905
2.0890617137265863,15.942368261311618,0.4444444444444444,3.192193348753272,2.4979127105772174,3.0180439402585804
2.0890617137265863,15.942368261311618,0.5555555555555556,3.193237668552178,2.4983907154942164,3.018490411287572
2.0890617137265863,15.942368261311618,0.6666666666666666,3.1942734206456858,2.4988670869638874,3.0189346097011622
2.0890617137265863,15.942368261311618,0.7777777777777777,3.195300717805691,2.4993418350081518,3.019376557025014
3.291854821629772,0.8194675274505974,0.2222222222222222,2.9672996957055195,2.9065677070055678,2.7938054328844757
3.291854821629772,0.8194675274505974,0.3333333333333333,2.986268820722987,2.9060441780415247,2.802003521585349
3.291854821629772,0.8194675274505974,0.4444444444444444,3.004173210254218,2.9055276050581518,2.809960440477097
3.291854821629772,0.8194675274505974,0.5555555555555556,3.021081146673245,2.9050184445123257,2.8176826383016906
3.291854821629772,0.8194675274505974,0.6666666666666666,3.0370585066433438,2.9045171168323627,2.8251769342671187
3.291854821629772,0.8194675274505974,0.7777777777777777,3.052167887375457,2.904024007426999,2.8324503696506325
3.291854821629772,0.8194675274505974,0.8888888888888888,3.066468171173668,2.903539467635337,2.8395100932018837
3.291854821629772,0.8194675274505974,1.0,3.0800143694595343,2.90306381565541,2.846363273041848
3.291854821629772,2.979881918002172,0.0,2.925892444134598,2.675316406478186,2.80611270515931
3.291854821629772,2.979881918002172,0.1111111111111111,2.9394185997448297,2.6755696714875556,2.8114060979071724
3.291854821629772,2.979881918002172,0.2222222222222222,2.9523482623788313,2.675833475458146,2.8165651225984245
3.291854821629772,2.979881918002172,0.3333333333333333,2.9647120918397234,2.6761075364909668,2.821594270959988
3.291854821629772,2.979881918002172,0.4444444444444444,2.9765400965142894,2.6763915616046132,2.826497933719685
3.291854821629772,2.979881918002172,0.5555555555555556,2.9878612889141745,2.6766852495277993,2.831280387629238
3.291854821629772,2.979881918002172,0.6666666666666666,2.998703471797244,2.6769882931299462,2.8359457863945927
3.291854821629772,2.979881918002172,0.7777777777777777,3.0090931167980077,2.6773003815331253,2.8404981547030754
3.291854821629772,2.979881918002172,0.8888888888888888,3.01905530809041,2.677621201943005,2.8449413846983753
3.291854821629772,2.979881918002172,1.0,3.028613731250596,2.677950441231606,2.849279234382599
3.291854821629772,5.140296308553746,0.0,2.925892444134598,2.5380538007314724,2.8203794748542843
3.291854821629772,5.140296308553746,0.1111111111111111,2.9358053080326414,2.538957153819256,2.8241212444366712
3.291854821629772,5.140296308553746,0.2222222222222222,2.9453694956695013,2.5398598517420585,2.8277853108899436
3.291854821629772,5.140296308553746,0.3333333333333333,2.95460032433077,2.5407617578532036,2.8313740988903464
3.291854821629772,13.781953870760045,0.8888888888888888,2.9618220608061976,2.3104353414369685,2.8540498816791637
3.291854821629772,13.781953870760045,1.0,2.9659502183923974,2.3117687728893292,2.855590753957864
3.291854821629772,15.942368261311618,0.0,2.9258924441345977,2.270668716912669,2.8433446984191386
3.291854821629772,15.942368261311618,0.1111111111111111,2.9301384858212676,2.272038286835699,2.8448213824462782
3.291854821629772,15.942368261311618,0.2222222222222222,2.934312226585609,2.2733995378460228,2.8462831600417005
3.291854821629772,15.942368261311618,0.3333333333333333,2.9384153640122865,2.2747525534030286,2.8477302927300947
3.291854821629772,15.942368261311618,0.4444444444444444,2.9424495587500594,2.2760974158239704,2.8491630356550877
3.291854821629772,15.942368261311618,0.5555555555555556,2.946416433946434,2.2774342063066455,2.850581637771262
3.291854821629772,15.942368261311618,0.6666666666666666,2.950317574923801,2.278763004951174,2.8519863420297096
3.291854821629772,15.942368261311618,0.7777777777777777,2.954154529060831,2.2800838907809657,2.853377385557356
3.291854821629772,15.942368261311618,0.8888888888888888,2.9579288058477387,2.281396941762905,2.854754999830225
3.291854821629772,15.942368261311618,1.0,2.961641877088183,2.2827022348268478,2.8561194108408863
3.291854821629772,18.102782651863194,0.0,2.9258924441345977,2.2474029047913655,2.8451344042655244
3.291854821629772,18.102782651863194,0.1111111111111111,2.9297029112142643,2.248726624049844,2.846449377195071
3.291854821629772,18.102782651863194,0.2222222222222222,2.9334546246503272,2.250042788769046,2.8477523511478586
3.291854821629772,18.102782651863194,0.3333333333333333,2.937148842646457,2.2513514696263566,2.849043518199065
3.291854821629772,18.102782651863194,0.4444444444444444,2.940786797981239,2.2526527364353446,2.8503230661030297
3.291854821629772,18.102782651863194,0.5555555555555556,2.944369697721703,2.2539466581588528,2.851591178414905
3.291854821629772,18.102782651863194,0.6666666666666666,2.9478987230660865,2.2552333029217584,2.852848034608368
3.291854821629772,18.102782651863194,0.7777777777777777,2.9513750292978904,2.2565127380234156,2.8540938101895343
3.291854821629772,18.102782651863194,0.8888888888888888,2.9547997458354955,2.2577850299498174,2.8553286768072073
3.291854821629772,18.102782651863194,1.0,2.958173976363529,2.259050244385472,2.8565528023595728
2.0890617137265863,15.942368261311618,0.8888888888888888,3.1963196708316985,2.499814969561446,3.0198162744826376
2.0890617137265863,15.942368261311618,1.0,3.197330388592098,2.5002865004716877,3.020253783001016
2.0890617137265863,18.102782651863194,0.0,3.187928065638311,2.4837090968328206,3.016870382948077
2.0890617137265863,18.102782651863194,0.1111111111111111,3.1888925965211805,2.4841697944059216,3.0172759425580615
2.0890617137265863,18.102782651863194,0.2222222222222222,3.1898498560756603,2.4846289958642074,3.0176796129691916
2.0890617137265863,18.102782651863194,0.3333333333333333,3.190799932487025,2.485086710053931,3.0180814106657716
2.0890617137265863,18.102782651863194,0.4444444444444444,3.191742912517534,2.485542945745406,3.0184813519178237
2.0890617137265863,18.102782651863194,0.5555555555555556,3.192678881533909,2.485997711633856,3.018879452784802
2.0890617137265863,18.102782651863194,0.6666666666666666,3.1936079235342305,2.486451016340262,3.019275729119238
2.0890617137265863,18.102782651863194,0.7777777777777777,3.194530121174275,2.4869028684121894,3.019670196570286
2.0890617137265863,18.102782651863194,0.8888888888888888,3.195445555793284,2.4873532763245985,3.020062870587215
2.0890617137265863,18.102782651863194,1.0,3.1963543074392056,2.487802248480659,3.02045376642281
2.0890617137265863,20.263197042414767,0.0,3.187928065638311,2.473672678764984,3.017384338899328
2.0890617137265863,20.263197042414767,0.1111111111111111,3.1887995893582306,2.4741100104216844,3.0177496151492837
2.0890617137265863,20.263197042414767,0.2222222222222222,3.1896651379535466,2.4745460078454906,3.0181133462793066
2.0890617137265863,20.263197042414767,0.3333333333333333,3.1905247776089527,2.4749806785135227,3.0184755445886537
2.0890617137265863,20.263197042414767,0.4444444444444444,3.191378573529699,2.4754140298413727,3.0188362222301572
2.0890617137265863,20.263197042414767,0.5555555555555556,3.1922265899590254,2.4758460691837643,3.019195391212546
2.0890617137265863,20.263197042414767,0.6666666666666666,3.1930688901952533,2.4762768038352254,3.0195530634027423
2.0890617137265863,20.263197042414767,0.7777777777777777,3.1939055366085487,2.4767062410307292,3.0199092505280976
2.0890617137265863,20.263197042414767,0.8888888888888888,3.1947365906573473,2.477134387946352,3.020263964178595
2.0890617137265863,20.263197042414767,1.0,3.1955621129044673,2.4775612516998917,3.0206172158090014
3.291854821629772,5.140296308553746,0.4444444444444444,2.963512669458421,2.5416627378108796,2.8348899496699524
3.291854821629772,5.140296308553746,0.5555555555555556,2.972120892884458,2.542562660092666,2.8383351223846702
3.291854821629772,5.140296308553746,0.6666666666666666,2.980438797855212,2.5434613964100903,2.8417117958218827
3.291854821629772,5.140296308553746,0.7777777777777777,2.988479604100207,2.544358822037604,2.84502207036216
3.291854821629772,5.140296308553746,0.8888888888888888,2.996255937788847,2.545254816068315,2.848267970125685
3.291854821629772,5.140296308553746,1.0,3.0037798324341427,2.5461492616071264,2.8514514452473767
3.291854821629772,7.300710699105321,0.0,2.9258924441345977,2.447418123637741,2.8287696171336987
3.291854821629772,7.300710699105321,0.1111111111111111,2.93371634065474,2.4486456897982527,2.8316460932965137
3.291854821629772,7.300710699105321,0.2222222222222222,2.941312714918679,2.449866573918614,2.834472842046745
3.291854821629772,7.300710699105321,0.3333333333333333,2.9486901480334082,2.451080798130328,2.83725123486014
3.291854821629772,7.300710699105321,0.4444444444444444,2.9558569723147956,2.452288384704271,2.8399825963734284
3.291854821629772,7.300710699105321,0.5555555555555556,2.962821251200748,2.453489356196004,2.842668205906538
3.291854821629772,7.300710699105321,0.6666666666666666,2.9695907666927965,2.4546837355631035,2.8453092989849793
3.291854821629772,7.300710699105321,0.7777777777777777,2.976173012656816,2.4558715462584404,2.8479070688514367
3.291854821629772,7.300710699105321,0.8888888888888888,2.982575192654545,2.457052812302894,2.8504626679580007
3.291854821629772,7.300710699105321,1.0,2.988804221249187,2.45822755834045,2.8529772094322348
3.291854821629772,9.461125089656896,0.0,2.9258924441345977,2.383369491941882,2.8342878040884174
3.291854821629772,9.461125089656896,0.1111111111111111,2.932354808771958,2.3847368512793548,2.836617788181096
3.291854821629772,9.461125089656896,0.2222222222222222,2.9386573182572366,2.386095268003595,2.8389134672232355
3.291854821629772,9.461125089656896,0.3333333333333333,2.9448052243706266,2.3874448285912404,2.8411756754623636
3.291854821629772,9.461125089656896,0.4444444444444444,2.9508036351276776,2.3887856181860054,2.8434052206745273
3.291854821629772,9.461125089656896,0.5555555555555556,2.9566575079098905,2.390117720682976,2.8456028850870174
2.0890617137265863,22.423611432966343,0.0,3.187928065638311,2.4653156592241,3.0178085682518936
2.0890617137265863,22.423611432966343,0.1111111111111111,3.188722941038954,2.465730856887199,3.0181408220939407
2.0890617137265863,22.423611432966343,0.2222222222222222,3.189512819664938,2.4661448631340224,3.0184717889657104
2.0890617137265863,22.423611432966343,0.3333333333333333,3.190297752443382,2.4665576842809878,3.0188014782835593
2.0890617137265863,22.423611432966343,0.4444444444444444,3.1910777896056235,2.4669693265949983,3.0191298993604643
2.0890617137265863,22.423611432966343,0.5555555555555556,3.1918529806986946,2.467379796293955,3.0194570614075427
2.0890617137265863,22.423611432966343,0.6666666666666666,3.1926233745966,2.467789099547275,3.019782973535555
2.0890617137265863,22.423611432966343,0.7777777777777777,3.1933890195113803,2.468197242476389,3.0201076447563624
2.0890617137265863,22.423611432966343,0.8888888888888888,3.194149963003975,2.468604231155244,3.020431083984378
2.0890617137265863,22.423611432966343,1.0,3.1949062519948934,2.4690100716107932,3.020753300037977
2.0890617137265863,24.58402582351792,0.0,3.187928065638311,2.458250315474298,3.018164675217137
2.0890617137265863,24.58402582351792,0.1111111111111111,3.1886586845732916,2.4586448564023944,3.0184693703429355
2.0890617137265863,24.58402582351792,0.2222222222222222,3.1893850632019363,2.4590383303990837,3.0187729770747254
2.0890617137265863,24.58402582351792,0.3333333333333333,3.1901072415415195,2.459430742816415,3.0190755027794625
2.0890617137265863,24.58402582351792,0.4444444444444444,3.19082525910166,2.4598220989665576,3.0193769547490756
2.0890617137265863,24.58402582351792,0.5555555555555556,3.191539154892115,2.460212404122207,3.019677340201501
2.0890617137265863,24.58402582351792,0.6666666666666666,3.192248967430456,2.4606016635169676,3.0199766662816847
2.0890617137265863,24.58402582351792,0.7777777777777777,3.192954734749617,2.4609898823457526,3.0202749400625857
2.0890617137265863,24.58402582351792,0.8888888888888888,3.1936564944052974,2.461377065765153,3.020572168546142
2.0890617137265863,24.58402582351792,1.0,3.194354283483247,2.4617632188938314,3.0208683586642398
3.291854821629772,0.8194675274505974,0.0,2.9258924441345977,2.9076336200138764,2.776663008511665
3.291854821629772,0.8194675274505974,0.1111111111111111,2.947196700102392,2.9070976983458756,2.7853602877124475
3.291854821629772,20.263197042414767,0.0,2.9258924441345977,2.2282434158071696,2.846593220670362
3.291854821629772,20.263197042414767,0.1111111111111111,2.929348394661998,2.229515921805396,2.8477781558863025
3.291854821629772,20.263197042414767,0.2222222222222222,2.932755662611265,2.2307816212319764,2.8489532294675097
3.291854821629772,20.263197042414767,0.3333333333333333,2.9361152059985125,2.232040573129828,2.8501185864680587
3.291854821629772,20.263197042414767,0.4444444444444444,2.9394279647960833,2.2332928359027355,2.851274368919293
3.291854821629772,20.263197042414767,0.5555555555555556,2.942694860779946,2.234538467322379,2.8524207159095267
3.291854821629772,20.263197042414767,0.6666666666666666,2.9459167974503933,2.235777524535292,2.853557763661268
3.291854821629772,20.263197042414767,0.7777777777777777,2.9490946600165797,2.2370100640697412,2.854685645606066
3.291854821629772,20.263197042414767,0.8888888888888888,2.952229315436522,2.2382361418425827,2.855804492457097
3.291854821629772,20.263197042414767,1.0,2.9553216125050983,2.2394558131660225,2.856914432279484
3.291854821629772,22.423611432966343,0.0,2.9258924441345977,2.2122126604973698,2.847805101771576
3.291854821629772,22.423611432966343,0.1111111111111111,2.929054234073712,2.2134325586429626,2.848883245633843
3.291854821629772,22.423611432966343,0.2222222222222222,2.932175030446153,2.21464634095693,2.849953143696084
3.291854821629772,22.423611432966343,0.3333333333333333,2.935255579329437,2.2158540565484897,2.851014908095282
3.291854821629772,22.423611432966343,0.4444444444444444,2.9382966136559747,2.2170557540586695,2.852068648793878
3.291854821629772,22.423611432966343,0.5555555555555556,2.9412988531284823,2.218251481663619,2.8531144736335725
3.291854821629772,22.423611432966343,0.6666666666666666,2.9442630041790396,2.219441287077968,2.8541524883875264
3.291854821629772,22.423611432966343,0.7777777777777777,2.947189759966516,2.2206252175582417,2.8551827968110524
3.291854821629772,22.423611432966343,0.8888888888888888,2.9500798004076767,2.2218033199063396,2.856205500690835
3.291854821629772,22.423611432966343,1.0,2.9529337922377326,2.2229756404730314,2.8572206998927085
3.291854821629772,24.58402582351792,0.0,2.925892444134598,2.1986164813487914,2.8488278274793997
3.291854821629772,24.58402582351792,0.1111111111111111,2.9288062244086532,2.1997845404448952,2.8498167332853166
3.291854821629772,9.461125089656896,0.6666666666666666,2.9623716452158617,2.39144121880258,2.8477694262764763
3.291854821629772,9.461125089656896,0.7777777777777777,2.967950692514005,2.3927561941555,2.849905578041291
3.291854821629772,9.461125089656896,0.8888888888888888,2.973399137771297,2.394062727299651,2.8520120512476144
3.291854821629772,9.461125089656896,1.0,2.978721312309336,2.3953608977902183,2.854089534648593
3.291854821629772,11.621539480208469,0.0,2.925892444134598,2.3359084910841603,2.838191164350412
3.291854821629772,11.621539480208469,0.1111111111111111,2.9313970047277285,2.33731878457241,2.8401464476961356
3.291854821629772,11.621539480208469,0.2222222222222222,2.936783203538879,2.338719706850068,2.8420767258476154
3.291854821629772,11.621539480208469,0.3333333333333333,2.942054476600496,2.340111358845534,2.843982539154569
3.291854821629772,11.621539480208469,0.4444444444444444,2.9472141726445513,2.341493839862492,2.845864412265124
3.291854821629772,11.621539480208469,0.5555555555555556,2.9522655503925916,2.342867247637041,2.847722854658519
3.291854821629772,11.621539480208469,0.6666666666666666,2.9572117769096082,2.3442316783903543,2.849558361160183
3.291854821629772,11.621539480208469,0.7777777777777777,2.9620559268313733,2.3455872268772713,2.8513714124393923
3.291854821629772,11.621539480208469,0.8888888888888888,2.9668009823055432,2.346933986431275,2.853162475489821
3.291854821629772,11.621539480208469,1.0,2.971449833512623,2.348272049006235,2.854932004093373
3.291854821629772,13.781953870760045,0.0,2.9258924441345977,2.2994593995167736,2.8410972830377985
3.291854821629772,13.781953870760045,0.1111111111111111,2.9306865124536063,2.3008622357961523,2.842780357884611
3.291854821629772,13.781953870760045,0.2222222222222222,2.93538945520513,2.302256072394002,2.8444444343421638
3.291854821629772,13.781953870760045,0.3333333333333333,2.9400036390382613,2.3036410046947418,2.8460898806741644
3.291854821629772,13.781953870760045,0.4444444444444444,2.9445313749917035,2.3050171266430866,2.8477170553543316
3.291854821629772,13.781953870760045,0.5555555555555556,2.9489749173051627,2.30638453078111,2.849326307380622
3.291854821629772,13.781953870760045,0.6666666666666666,2.953336462715398,2.307743308283271,2.850917976578695
3.291854821629772,13.781953870760045,0.7777777777777777,2.957618150157837,2.3090935489895643,2.8524923938949107
3.291854821629772,24.58402582351792,0.2222222222222222,2.9316850136177055,2.200947104101152,2.8507986438079578
3.291854821629772,24.58402582351792,0.3333333333333333,2.9345294040053713,2.2021042131832065,2.8517736474784017
3.291854821629772,24.58402582351792,0.4444444444444444,2.937339978019674,2.2032559082151786,2.8527418311251895
3.291854821629772,24.58402582351792,0.5555555555555556,2.9401173082646523,2.204402229380743,2.853703280011599
3.291854821629772,24.58402582351792,0.6666666666666666,2.9428619574790513,2.205543216524357,2.8546580778719024
3.291854821629772,24.58402582351792,0.7777777777777777,2.945574478539017,2.206678909152552,2.855606306946601
3.291854821629772,24.58402582351792,0.8888888888888888,2.948255414482024,2.2078093464353477,2.85654804801671
3.291854821629772,24.58402582351792,1.0,2.950905298549553,2.208934567207739,2.857483380437079
4.494647929532958,0.8194675274505974,0.0,2.565583330878592,2.8953724032714683,2.528794756532642
4.494647929532958,0.8194675274505974,0.1111111111111111,2.619950643172577,2.894636997209228,2.545202794081593
4.494647929532958,0.8194675274505974,0.2222222222222222,2.670434048671137,2.893902604663433,2.5615127041719017
4.494647929532958,0.8194675274505974,0.3333333333333333,2.716821023591177,2.893171510179061,2.577582134100822
4.494647929532958,0.8194675274505974,0.4444444444444444,2.759249493777025,2.8924457510387285,2.5933127282520987
4.494647929532958,0.8194675274505974,0.5555555555555556,2.7980062547087963,2.8917271497568136,2.6086386990560495
4.494647929532958,0.8194675274505974,0.6666666666666666,2.8334265837181962,2.891017338354965,2.623518261958774
4.494647929532958,0.8194675274505974,0.7777777777777777,2.8658461624923595,2.890317776956373,2.6379272367427697
4.494647929532958,0.8194675274505974,0.8888888888888888,2.8955795867127727,2.8896297684567953,2.65185427623383
4.494647929532958,0.8194675274505974,1.0,2.922912187506059,2.8889544704326604,2.6652973124834056
4.494647929532958,2.979881918002172,0.0,2.565583330878592,2.6147298721920786,2.5751878351649076
4.494647929532958,2.979881918002172,0.1111111111111111,2.6019718118061705,2.615151225670062,2.5864871324812113
4.494647929532958,2.979881918002172,0.2222222222222222,2.63630682434421,2.6155865842610813,2.5975095905987597
4.494647929532958,2.979881918002172,0.3333333333333333,2.668535673823802,2.6160364826248657,2.6082425552586193
4.494647929532958,2.979881918002172,0.4444444444444444,2.698703641062203,2.61650122486784,2.618679471193459
4.494647929532958,2.979881918002172,0.5555555555555556,2.7269083011348956,2.616980927491636,2.6288183540877306
4.494647929532958,2.979881918002172,0.6666666666666666,2.7532722138345616,2.6174755547075113,2.6386606194873377
4.494647929532958,2.979881918002172,0.7777777777777777,2.7779268919854476,2.6179849476340813,2.6482101845597397
4.494647929532958,2.979881918002172,0.8888888888888888,2.80100362689192,2.6185088485399164,2.6574727789292716
4.494647929532958,2.979881918002172,1.0,2.822628454387042,2.6190469210340943,2.666455416096319
4.494647929532958,5.140296308553746,0.0,2.565583330878592,2.431174241386102,2.600847372854748
4.494647929532958,5.140296308553746,0.1111111111111111,2.5929532886826827,2.432798181516763,2.609179215450576
4.494647929532958,5.140296308553746,0.2222222222222222,2.619074430393256,2.4344142690170907,2.6173062314686573
4.494647929532958,5.140296308553746,0.3333333333333333,2.6439270285889522,2.4360228682937075,2.625229887196465
4.494647929532958,5.140296308553746,0.4444444444444444,2.6675287864889508,2.437624247998861,2.6329528448351383
4.494647929532958,5.140296308553746,0.5555555555555556,2.689920266689986,2.439218599107537,2.640478659406646
4.494647929532958,5.140296308553746,0.6666666666666666,2.711155194330957,2.4408060498033355,2.6478115401424467
4.494647929532958,5.140296308553746,0.7777777777777777,2.731294070833098,2.4423866777618177,2.65495616270909
4.494647929532958,5.140296308553746,0.8888888888888888,2.750400021706878,2.443960520301184,2.661917521608972
4.494647929532958,5.140296308553746,1.0,2.768536145306977,2.44552758277812,2.6687008143966033
4.494647929532958,7.300710699105321,0.0,2.565583330878592,2.303444297375366,2.616875477118469
4.494647929532958,7.300710699105321,0.1111111111111111,2.5875228462005255,2.305743533602136,2.623402100618965
4.494647929532958,7.300710699105321,0.2222222222222222,2.6086263443258493,2.3080218855614563,2.6297834272866685
4.494647929532958,7.300710699105321,0.3333333333333333,2.628884470125263,2.310279859526307,2.6360222072109964
4.494647929532958,7.300710699105321,0.4444444444444444,2.6483051529704515,2.312517910811201,2.642121467198228
4.494647929532958,7.300710699105321,0.5555555555555556,2.6669078492584894,2.314736451380724,2.6480844313703296
4.494647929532958,18.102782651863194,0.0,2.565583330878592,2.022552696295109,2.6500771948516717
4.494647929532958,18.102782651863194,0.1111111111111111,2.576602767894075,2.024842446816816,2.6531252115600807
4.494647929532958,18.102782651863194,0.2222222222222222,2.5873942054965227,2.0271226180680855,2.6561329140597096
4.494647929532958,18.102782651863194,0.3333333333333333,2.5979566340229843,2.02939303886546,2.6591010684647607
4.494647929532958,18.102782651863194,0.4444444444444444,2.6082904431776535,2.0316535529201416,2.6620304297253603
4.494647929532958,18.102782651863194,0.5555555555555556,2.61839715349922,2.0339040179436636,2.6649217409462715
4.494647929532958,18.102782651863194,0.6666666666666666,2.6282791920853534,2.0361443048100436,2.6677757328442624
4.494647929532958,18.102782651863194,0.7777777777777777,2.6379397055932348,2.038374296770264,2.6705931233254656
4.494647929532958,18.102782651863194,0.8888888888888888,2.6473824045856507,2.0405938887152493,2.6733746171664503
4.494647929532958,18.102782651863194,1.0,2.6566114342023512,2.042802986483951,2.6761209057849173
4.494647929532958,20.263197042414767,0.0,2.565583330878592,1.9985025587511687,2.653158742114079
4.494647929532958,20.263197042414767,0.1111111111111111,2.5756054586124333,2.0006211538796546,2.655907435480993
4.494647929532958,20.263197042414767,0.2222222222222222,2.585437690673517,2.0027336822444375,2.658622698930391
4.494647929532958,20.263197042414767,0.3333333333333333,2.595079277245599,2.0048399075671264,2.6613051310182647
4.494647929532958,20.263197042414767,0.4444444444444444,2.604530448450516,2.006939609216324,2.663955320961166
4.494647929532958,20.263197042414767,0.5555555555555556,2.6137922410920833,2.00903258135411,2.666573848332451
4.494647929532958,20.263197042414767,0.6666666666666666,2.6228663517154236,2.011118632132723,2.6691612828285236
4.494647929532958,20.263197042414767,0.7777777777777777,2.6317550121570297,2.0131975829380266,2.671718184096057
4.494647929532958,20.263197042414767,0.8888888888888888,2.640460884290229,2.0152692676765414,2.6742451016122186
4.494647929532958,20.263197042414767,1.0,2.6489869711354803,2.0173335321031964,2.6767425746110036
4.494647929532958,22.423611432966343,0.0,2.565583330878592,1.9792895423764763,2.655733588227974
4.494647929532958,22.423611432966343,0.1111111111111111,2.5747737261691617,1.9812405445936028,2.6582357398690704
4.494647929532958,22.423611432966343,0.2222222222222222,2.583803524853675,1.9831883193763762,2.6607097437189
4.494647929532958,22.423611432966343,0.3333333333333333,2.5926721547228095,1.9851325953157504,2.6631560748181102
4.494647929532958,22.423611432966343,0.4444444444444444,2.6013797501479816,1.9870731160912718,2.66557520062104
4.494647929532958,22.423611432966343,0.5555555555555556,2.6099270362724827,1.9890096397205976,2.667967580864298
4.494647929532958,22.423611432966343,0.6666666666666666,2.618315229512764,1.9909419378497617,2.6703336674725633
4.494647929532958,22.423611432966343,0.7777777777777777,2.6265459521722327,1.9928697950816128,2.67267390449699
4.494647929532958,22.423611432966343,0.8888888888888888,2.634621159251431,1.9947930083400456,2.674988728082105
4.494647929532958,22.423611432966343,1.0,2.6425430757883883,1.9967113862678072,2.677278566457582
4.494647929532958,24.58402582351792,0.0,2.565583330878592,1.9637598257899673,2.6579170368877443
4.494647929532958,24.58402582351792,0.1111111111111111,2.574069489160635,1.9655526591434573,2.660212732498369
4.494647929532958,24.58402582351792,0.2222222222222222,2.582418061162686,1.9673444921947683,2.662484415874085
4.494647929532958,24.58402582351792,0.3333333333333333,2.590628600214267,1.9691350393781513,2.6647324695322996
4.494647929532958,24.58402582351792,0.4444444444444444,2.5987011819089636,1.9709240290101488,2.666957269883178
4.494647929532958,24.58402582351792,0.5555555555555556,2.606636324330951,1.9727112026570148,2.669159187178826
4.494647929532958,24.58402582351792,0.6666666666666666,2.614434918754221,1.9744963145338343,2.6713385854831757
4.494647929532958,24.58402582351792,0.7777777777777777,2.6220981694994046,1.9762791309334822,2.673495822660059
4.494647929532958,24.58402582351792,0.8888888888888888,2.6296275417898154,1.9780594296836789,2.675631250377251
4.494647929532958,24.58402582351792,1.0,2.6370247165888823,1.979836999630581,2.677745214124505
5.697441037436144,0.8194675274505974,0.0,2.0621877374927577,2.8822822816004954,2.3017884456137985
5.697441037436144,0.8194675274505974,0.1111111111111111,2.155740957480817,2.8814525979133396,2.3102014730818756
5.697441037436144,0.8194675274505974,0.2222222222222222,2.2646253222493566,2.8806010694158526,2.3240775078275693
5.697441037436144,0.8194675274505974,0.3333333333333333,2.3681497341064057,2.879735731184651,2.3417090077475278
4.494647929532958,7.300710699105321,0.6666666666666666,2.6847194310781703,2.3169358562653777,2.6539144574397757
4.494647929532958,7.300710699105321,0.7777777777777777,2.7017712698922534,2.3191164689821426,2.6596149856694082
4.494647929532958,7.300710699105321,0.8888888888888888,2.718097183706612,2.3212786061218664,2.6651894981136643
4.494647929532958,7.300710699105321,1.0,2.733732006149582,2.3234225612371415,2.6706414862038934
4.494647929532958,9.461125089656896,0.0,2.565583330878592,2.2113990555627,2.6277877408340142
4.494647929532958,9.461125089656896,0.1111111111111111,2.58389238202474,2.2139916760766143,2.6331255520436243
4.494647929532958,9.461125089656896,0.2222222222222222,2.60160355185848,2.2165600661287868,2.638357417088867
4.494647929532958,9.461125089656896,0.3333333333333333,2.618711696822042,2.219104668598576,2.643485646409317
4.494647929532958,9.461125089656896,0.4444444444444444,2.6352207325048824,2.221625901037014,2.648512611227277
4.494647929532958,9.461125089656896,0.5555555555555556,2.6511410002858424,2.224124158686883,2.653440718374111
4.494647929532958,9.461125089656896,0.6666666666666666,2.66648729085679,2.226599817081773,2.6582723898409393
4.494647929532958,9.461125089656896,0.7777777777777777,2.6812773676324806,2.2290532342864866,2.663010046231258
4.494647929532958,9.461125089656896,0.8888888888888888,2.6955308692202222,2.231484752831229,2.667656093439026
4.494647929532958,9.461125089656896,1.0,2.7092684985971927,2.2338947013838535,2.6722129119947873
4.494647929532958,11.621539480208469,0.0,2.565583330878592,2.143431392648624,2.6356817344919925
4.494647929532958,11.621539480208469,0.1111111111111111,2.581293581233172,2.1460859036650834,2.6401853012637284
4.494647929532958,11.621539480208469,0.2222222222222222,2.596555368031256,2.148718125222745,2.644608974397511
4.494647929532958,11.621539480208469,0.3333333333333333,2.61136556580357,2.1513283249669626,2.64895450932821
4.494647929532958,11.621539480208469,0.4444444444444444,2.625726247840472,2.1539167635375422,2.6532236657903017
4.494647929532958,11.621539480208469,0.5555555555555556,2.6396433466186,2.1564836953265707,2.6574181986944634
4.494647929532958,11.621539480208469,0.6666666666666666,2.6531256104572916,2.1590293691257525,2.6615398506735852
4.494647929532958,11.621539480208469,0.7777777777777777,2.6661837936606547,2.1615540286790385,2.6655903460297514
5.697441037436144,0.8194675274505974,0.4444444444444444,2.4603631573701903,2.878863259051697,2.361760413472849
5.697441037436144,0.8194675274505974,0.5555555555555556,2.5408760165317057,2.877989287239014,2.3832265366924004
5.697441037436144,0.8194675274505974,0.6666666666666666,2.610947880332698,2.8771186218547653,2.4053737863117646
5.697441037436144,0.8194675274505974,0.7777777777777777,2.6721300478913688,2.8762553890823654,2.427680790331954
5.697441037436144,0.8194675274505974,0.8888888888888888,2.7258496653301107,2.875403141496258,2.449786392115414
5.697441037436144,0.8194675274505974,1.0,2.7733131134000293,2.8745649368114203,2.471447528914312
5.697441037436144,2.979881918002172,0.0,2.0621877374927586,2.5544127207032434,2.3316779432859858
5.697441037436144,2.979881918002172,0.1111111111111111,2.1237163651794826,2.5552710116489026,2.3453618608554736
5.697441037436144,2.979881918002172,0.2222222222222222,2.1952818582922675,2.5561188171048626,2.360147408020205
5.697441037436144,2.979881918002172,0.3333333333333333,2.2674648337334444,2.5569628869016845,2.375604623407533
5.697441037436144,2.979881918002172,0.4444444444444444,2.3358920933983094,2.557808330808283,2.3914091417994205
5.697441037436144,2.979881918002172,0.5555555555555556,2.398952140254196,2.5586589837483764,2.4073195419769773
5.697441037436144,2.979881918002172,0.6666666666666666,2.456351518622996,2.5595176816801453,2.4231586620133685
5.697441037436144,2.979881918002172,0.7777777777777777,2.508364783174405,2.5603864733960906,2.438798609806737
5.697441037436144,2.979881918002172,0.8888888888888888,2.555476124263573,2.5612667852365116,2.4541489667558367
5.697441037436144,2.979881918002172,1.0,2.5982167155391247,2.562159550684503,2.4691476271895723
5.697441037436144,5.140296308553746,0.0,2.0621877374927577,2.325252394359771,2.360308751399574
5.697441037436144,5.140296308553746,0.1111111111111111,2.1079229530567236,2.3279884598688625,2.3726328780427433
5.697441037436144,5.140296308553746,0.2222222222222222,2.1605493281437136,2.330681140494237,2.385163286881365
5.697441037436144,5.140296308553746,0.3333333333333333,2.215092252233365,2.33333516082904,2.397765922187303
5.697441037436144,5.140296308553746,0.4444444444444444,2.268679580892833,2.3359543478101092,2.4103383836093735
5.697441037436144,5.140296308553746,0.5555555555555556,2.3198313581212493,2.3385418114740055,2.422803256258173
4.494647929532958,11.621539480208469,0.8888888888888888,2.6788300301720454,2.1640579131540725,2.669571385857311
4.494647929532958,11.621539480208469,1.0,2.691077351165064,2.16654125754403,2.6734846441532976
4.494647929532958,13.781953870760045,0.0,2.565583330878592,2.09224917123521,2.6416522117920476
4.494647929532958,13.781953870760045,0.1111111111111111,2.5793411781934568,2.0948360994162623,2.645541148913164
4.494647929532958,13.781953870760045,0.2222222222222222,2.5927503321987593,2.097404807754431,2.6493679965354398
4.494647929532958,13.781953870760045,0.3333333333333333,2.605808752488056,2.099955379031874,2.6531340713547578
4.494647929532958,13.781953870760045,0.4444444444444444,2.61851759262816,2.1024879010502273,2.6568406800652795
4.494647929532958,13.781953870760045,0.5555555555555556,2.6308804613838594,2.105002466301032,2.6604891157256936
4.494647929532958,13.781953870760045,0.6666666666666666,2.642902830627314,2.1074991716468214,2.6640806547916505
4.494647929532958,13.781953870760045,0.7777777777777777,2.6545915620440703,2.1099781180132715,2.6676165547143356
4.494647929532958,13.781953870760045,0.8888888888888888,2.6659545298290697,2.1124394100926867,2.6710980520201115
4.494647929532958,13.781953870760045,1.0,2.677000320810379,2.1148831560590335,2.6745263607987777
4.494647929532958,15.942368261311618,0.0,2.565583330878592,2.053045150655775,2.646323592452002
4.494647929532958,15.942368261311618,0.1111111111111111,2.5778205855563825,2.0554980776923153,2.6497422871639675
4.494647929532958,15.942368261311618,0.2222222222222222,2.5897790224176043,2.057937280824404,2.653111482911245
4.494647929532958,15.942368261311618,0.3333333333333333,2.601457235811202,2.060362693402566,2.656432176418946
4.494647929532958,15.942368261311618,0.4444444444444444,2.6128558895859477,2.062774260591005,2.6597053521466973
4.494647929532958,15.942368261311618,0.5555555555555556,2.6239772829478345,2.065171938589429,2.662931980745059
4.494647929532958,15.942368261311618,0.6666666666666666,2.634824994517037,2.067555693905273,2.666113017804384
4.494647929532958,15.942368261311618,0.7777777777777777,2.6454035911001497,2.069925502672563,2.669249402854757
4.494647929532958,15.942368261311618,0.8888888888888888,2.655718389916446,2.0722813500139794,2.6723420585813407
4.494647929532958,15.942368261311618,1.0,2.6657752649116455,2.074623229443032,2.6753918902243803
5.697441037436144,5.140296308553746,0.6666666666666666,2.3678966904955856,2.341100086322207,2.4351027704493546
5.697441037436144,5.140296308553746,0.7777777777777777,2.412686831831691,2.3436312428463264,2.4471945522349694
5.697441037436144,5.140296308553746,0.8888888888888888,2.4542565211986433,2.346136976170045,2.459048256683276
5.697441037436144,5.140296308553746,1.0,2.492779619410707,2.348618676954137,2.4706429086689377
5.697441037436144,7.300710699105321,0.0,2.062187737492758,2.164436923888466,2.3816318648308035
5.697441037436144,7.300710699105321,0.1111111111111111,2.0985497194877785,2.168106522364148,2.3921373665096946
5.697441037436144,7.300710699105321,0.2222222222222222,2.139887320449032,2.1717247355979934,2.4026274619422194
5.697441037436144,7.300710699105321,0.3333333333333333,2.183280382416037,2.1752943688702926,2.413051474988063
5.697441037436144,7.300710699105321,0.4444444444444444,2.226818508256944,2.1788178344937528,2.42337016428658
5.697441037436144,7.300710699105321,0.5555555555555556,2.2693401616474165,2.1822972191932295,2.4335534894057615
5.697441037436144,7.300710699105321,0.6666666666666666,2.3101925370528127,2.185734338900013,2.443578802542766
5.697441037436144,7.300710699105321,0.7777777777777777,2.349050043424954,2.1891307835455263,2.453429386434041
5.697441037436144,7.300710699105321,0.8888888888888888,2.385789430643353,2.192487953849708,2.4630932730294193
5.697441037436144,7.300710699105321,1.0,2.4204081706745417,2.1958070916590957,2.4725622893650354
5.697441037436144,9.461125089656896,0.0,2.0621877374927573,2.054704373426346,2.3974493543358535
5.697441037436144,9.461125089656896,0.1111111111111111,2.0923530185694865,2.058448242217695,2.4064323587172023
5.697441037436144,9.461125089656896,0.2222222222222222,2.1262637317707513,2.0621608119005046,2.415343014431584
5.697441037436144,9.461125089656896,0.3333333333333333,2.1620681413510185,2.065842407058128,2.424159317755196
5.697441037436144,9.461125089656896,0.4444444444444444,2.1984532182006453,2.069493310229112,2.4328640825924377
5.697441037436144,9.461125089656896,0.5555555555555556,2.23453587088579,2.0731137707369283,2.441444073968605
5.697441037436144,9.461125089656896,0.6666666666666666,2.2697515624138846,2.076704012102779,2.4498892945648363
5.697441037436144,9.461125089656896,0.7777777777777777,2.3037607490394523,2.080264238233694,2.458192397105216
5.697441037436144,9.461125089656896,0.8888888888888888,2.3363775763386228,2.083794638558294,2.4663482002133676
5.697441037436144,9.461125089656896,1.0,2.3675184457377085,2.0872953922627495,2.4743532893452636
5.697441037436144,11.621539480208469,0.0,2.0621877374927577,1.9828056048955482,2.4094828524948277
5.697441037436144,11.621539480208469,0.1111111111111111,2.087955540179673,1.986077335543261,2.4172658059360916
5.697441037436144,11.621539480208469,0.2222222222222222,2.1166383749350928,1.9893494165079217,2.4249663614340524
5.697441037436144,11.621539480208469,0.3333333333333333,2.1469915071382433,1.9926200230886613,2.43257397286631
5.697441037436144,11.621539480208469,0.4444444444444444,2.1780815630733987,1.995887484988142,2.440080379751399
5.697441037436144,11.621539480208469,0.5555555555555556,2.2092364954682484,1.9991502717161844,2.4474792274314616
5.697441037436144,11.621539480208469,0.6666666666666666,2.239990014273182,2.002406979941844,2.4547657491387853
5.697441037436144,11.621539480208469,0.7777777777777777,2.2700310718071934,2.005656322437645,2.461936499677383
5.697441037436144,11.621539480208469,0.8888888888888888,2.299162285070019,2.0088971183378357,2.4689891321871733
5.697441037436144,11.621539480208469,1.0,2.3272676296529164,2.012128284491857,2.4759222108995393
5.697441037436144,13.781953870760045,0.0,2.062187737492758,1.937838743934023,2.4188891752593764
5.697441037436144,13.781953870760045,0.1111111111111111,2.0846744384029536,1.940394782996879,2.4257264774523124
5.697441037436144,13.781953870760045,0.2222222222222222,2.1094915743313227,1.9429803736544806,2.4324854047345474
5.697441037436144,13.781953870760045,0.3333333333333333,2.135763570579797,1.9455924366475814,2.4391605317900646
5.697441037436144,13.781953870760045,0.4444444444444444,2.1628064586276095,1.9482281126903707,2.445747622568718
5.697441037436144,13.781953870760045,0.5555555555555556,2.190102988018162,1.950884743806925,2.45224344662313
5.697441037436144,13.781953870760045,0.6666666666666666,2.217273133491089,1.953559856818669,2.45864562310081
5.697441037436144,13.781953870760045,0.7777777777777777,2.2440455807788133,1.9562511486522651,2.4649524881236893
5.697441037436144,13.781953870760045,0.8888888888888888,2.270232805160532,1.9589564731989613,2.4711629819669425
5.697441037436144,13.781953870760045,1.0,2.295710545950976,1.9616738295051481,2.477276553017526
5.697441037436144,15.942368261311618,0.0,2.0621877374927586,1.9112715465051233,2.4264214189084834
5.697441037436144,15.942368261311618,0.1111111111111111,2.082133133012875,1.9130740695651423,2.432503356582637
5.697441037436144,15.942368261311618,0.2222222222222222,2.103982815107331,1.9149268784940774,2.4385147425755003
5.697441037436144,15.942368261311618,0.3333333333333333,2.127098138501626,1.9168264767963816,2.444452642790289
5.697441037436144,15.942368261311618,0.4444444444444444,2.150964448236012,1.9187695782466008,2.4503147889074306
5.697441037436144,15.942368261311618,0.5555555555555556,2.175177890128474,1.920753091532905,2.4560994822499636
5.697441037436144,15.942368261311618,0.6666666666666666,2.1994289144538994,1.9227741064509818,2.4618055110783215
5.697441037436144,15.942368261311618,0.7777777777777777,2.223485514993298,1.9248298814350697,2.4674320793856332
5.697441037436144,15.942368261311618,0.8888888888888888,2.2471778567104694,1.9269178322488318,2.472978745552683
5.697441037436144,15.942368261311618,1.0,2.2703850071009684,1.9290355216879747,2.4784453694652058
5.697441037436144,18.102782651863194,0.0,2.0621877374927577,1.8968758372867618,2.432578575681915
5.697441037436144,18.102782651863194,0.1111111111111111,2.0801070957244945,1.8979936292107555,2.438047234525965
5.697441037436144,18.102782651863194,0.2222222222222222,2.0996109536450853,1.8991736749019574,2.4434535745084425
5.697441037436144,18.102782651863194,0.3333333333333333,2.1202194923880655,1.9004125879532467,2.4487959552323733
5.697441037436144,18.102782651863194,0.4444444444444444,2.141536495973536,1.9017071545420727,2.454073131728446
5.697441037436144,18.102782651863194,0.5555555555555556,2.163241986990656,1.9030543225510899,2.4592842007684794
5.697441037436144,18.102782651863194,0.6666666666666666,2.1850825776379246,1.9044511916737323,2.4644285541666493
5.697441037436144,18.102782651863194,0.7777777777777777,2.2068612541760135,1.9058950043793421,2.4695058381318717
5.697441037436144,18.102782651863194,0.8888888888888888,2.228427629131822,1.9073831376321342,2.4745159178659564
5.697441037436144,18.102782651863194,1.0,2.249669196501913,1.9089130952744793,2.4794588467141137
5.697441037436144,20.263197042414767,0.0,2.062187737492758,1.8903474638488333,2.4377004972991063
5.697441037436144,20.263197042414767,0.1111111111111111,2.07845421583384,1.8908885376161544,2.4426633011641394
5.697441037436144,24.58402582351792,0.4444444444444444,2.122166155574003,1.8896256278596402,2.4621904793052463
5.697441037436144,24.58402582351792,0.5555555555555556,2.1385911132457234,1.8895871287911266,2.4661998478906235
5.697441037436144,24.58402582351792,0.6666666666666666,2.1552555531552127,1.8896065355956884,2.470166141011307
5.697441037436144,24.58402582351792,0.7777777777777777,2.1720380082692774,1.889681929047357,2.4740894227501165
5.697441037436144,24.58402582351792,0.8888888888888888,2.1888381978266596,1.8898114509637094,2.477969822373211
5.697441037436144,24.58402582351792,1.0,2.2055742214012337,1.8899933017908224,2.481807526397972
6.900234145339329,0.8194675274505974,0.0,1.9344159197140558,2.8682409570274348,2.2881065343987377
6.900234145339329,0.8194675274505974,0.1111111111111111,1.6690513907068474,2.8674908596844424,2.2351326940226084
6.900234145339329,0.8194675274505974,0.2222222222222222,1.676993879434944,2.86665798305617,2.2000080816232357
6.900234145339329,0.8194675274505974,0.3333333333333333,1.8708457386221407,2.865766912375722,2.181468317980378
6.900234145339329,0.8194675274505974,0.4444444444444444,2.07125161095099,2.8648363454330585,2.177209943618398
6.900234145339329,0.8194675274505974,0.5555555555555556,2.2360940825687408,2.8638809810681796,2.184346763875652
6.900234145339329,0.8194675274505974,0.6666666666666666,2.36815579270094,2.8629126510825045,2.199931369582654
6.900234145339329,0.8194675274505974,0.7777777777777777,2.475191405600122,2.861941034499038,2.221334924265425
6.900234145339329,0.8194675274505974,0.8888888888888888,2.563494453158055,2.8609741286332095,2.2464256178347224
6.900234145339329,0.8194675274505974,1.0,2.6375865786851946,2.8600185730762453,2.2735897251925556
6.900234145339329,2.979881918002172,0.0,1.9344159197140556,2.4924193744875534,2.2003245810042418
6.900234145339329,2.979881918002172,0.1111111111111111,1.737102360460463,2.494196563076845,2.1858661753670123
6.900234145339329,2.979881918002172,0.2222222222222222,1.6488467041111121,2.4958651643364402,2.180098038293456
6.900234145339329,2.979881918002172,0.3333333333333333,1.6959383010257825,2.497455199222079,2.181475690263116
6.900234145339329,2.979881918002172,0.4444444444444444,1.8167163196375358,2.4989889922978663,2.1885014785156693
6.900234145339329,2.979881918002172,0.5555555555555556,1.9505361258744593,2.5004832829458126,2.1998218698403686
5.697441037436144,20.263197042414767,0.2222222222222222,2.0960593035179262,1.8914970730072398,2.447571343020232
5.697441037436144,20.263197042414767,0.3333333333333333,2.1146335384110673,1.8921700396951326,2.452423689243501
5.697441037436144,20.263197042414767,0.4444444444444444,2.133865790325292,1.8929045395500876,2.4572196527819514
5.697441037436144,20.263197042414767,0.5555555555555556,2.1534989659727426,1.893697799346983,2.4619587615203025
5.697441037436144,20.263197042414767,0.6666666666666666,2.17332414424676,1.894547164080941,2.4666407304976183
5.697441037436144,20.263197042414767,0.7777777777777777,2.193174146502757,1.895450090817875,2.47126543749427
5.697441037436144,20.263197042414767,0.8888888888888888,2.2129171939568355,1.8964041430174463,2.4758329015684772
5.697441037436144,20.263197042414767,1.0,2.232451030798456,1.897406985274909,2.4803432641773546
5.697441037436144,22.423611432966343,0.0,2.062187737492758,1.888814766404653,2.4420252085470135
5.697441037436144,22.423611432966343,0.1111111111111111,2.0770801941381243,1.8888904059905551,2.446564703614846
5.697441037436144,22.423611432966343,0.2222222222222222,2.09311823830106,1.8890342353020095,2.451056043825893
5.697441037436144,22.423611432966343,0.3333333333333333,2.1100114240680568,1.889243651272809,2.455498697186784
5.697441037436144,22.423611432966343,0.4444444444444444,2.127511196965206,1.889516149212722,2.4598922918399455
5.697441037436144,22.423611432966343,0.5555555555555556,2.1454082949802857,1.8898493179694007,2.464236596562133
5.697441037436144,22.423611432966343,0.6666666666666666,2.1635290635866427,1.8902408354713949,2.468531503494054
5.697441037436144,22.423611432966343,0.7777777777777777,2.1817312916512788,1.8906884646083035,2.4727770128381397
5.697441037436144,22.423611432966343,0.8888888888888888,2.199899985571816,1.8911900494101743,2.4769732192941776
5.697441037436144,22.423611432966343,1.0,2.2179433445329697,1.891743511493404,2.481120300030684
5.697441037436144,24.58402582351792,0.0,2.062187737492758,1.8903993545968343,2.4457237783266073
5.697441037436144,24.58402582351792,0.1111111111111111,2.075920010861491,1.8901087239922474,2.4499044517756743
5.697441037436144,24.58402582351792,0.2222222222222222,2.090643638045907,1.8898843414712656,2.454042639677494
5.697441037436144,24.58402582351792,0.3333333333333333,2.1061262105376617,1.8897240156604758,2.4581380452366908
6.900234145339329,2.979881918002172,0.6666666666666666,2.0734286451002184,2.5019506749007303,2.214279148184383
6.900234145339329,2.979881918002172,0.7777777777777777,2.1804161962064064,2.503400661812803,2.230924748787067
6.900234145339329,2.979881918002172,0.8888888888888888,2.272469826434668,2.504840370698646,2.2490072575734787
6.900234145339329,2.979881918002172,1.0,2.351853750177513,2.5062751117673976,2.2679473054318247
6.900234145339329,5.140296308553746,0.0,1.9344159197140558,2.2202521602774263,2.1812702968703777
6.900234145339329,5.140296308553746,0.1111111111111111,1.77995439243582,2.2245910108161917,2.180759779704519
6.900234145339329,5.140296308553746,0.2222222222222222,1.6796519118268605,2.2287910284027928,2.184364678023909
6.900234145339329,5.140296308553746,0.3333333333333333,1.6577883255133459,2.2328723592462834,2.1912556378177133
6.900234145339329,5.140296308553746,0.4444444444444444,1.705941081586292,2.236850950219677,2.2007069024031796
6.900234145339329,5.140296308553746,0.5555555555555556,1.7925217204686783,2.2407395337362055,2.212101282493686
6.900234145339329,5.140296308553746,0.6666666666666666,1.8905958816288388,2.244548352610339,2.2249260920793215
6.900234145339329,5.140296308553746,0.7777777777777777,1.986276957853029,2.2482857024507887,2.23876360232001
6.900234145339329,5.140296308553746,0.8888888888888888,2.07434801919875,2.251958343136559,2.2532789027674345
6.900234145339329,5.140296308553746,1.0,2.1536190314020875,2.2555718148801662,2.268207184781908
6.900234145339329,7.300710699105321,0.0,1.9344159197140567,2.04189608995268,2.182259264645369
6.900234145339329,7.300710699105321,0.1111111111111111,1.808061714691659,2.0466494536139113,2.186763533432373
6.900234145339329,7.300710699105321,0.2222222222222222,1.7132278483401429,2.0513362413526135,2.1933681241650675
6.900234145339329,7.300710699105321,0.3333333333333333,1.665269135983513,2.0559610629019724,2.2016439521951416
6.900234145339329,7.300710699105321,0.4444444444444444,1.6684405269018818,2.0605277489548612,2.2112244986988916
6.900234145339329,7.300710699105321,0.5555555555555556,1.712110492768051,2.065039485087093,2.221801125567696
6.900234145339329,7.300710699105321,0.6666666666666666,1.7792103552553615,2.069498924464223,2.233117071561468
6.900234145339329,7.300710699105321,0.7777777777777777,1.855582713341147,2.0739082819777463,2.2449609550573717
6.900234145339329,7.300710699105321,0.8888888888888888,1.932694292989345,2.078269412513113,2.257160351087426
6.900234145339329,7.300710699105321,1.0,2.006348626665263,2.082583875863251,2.2695757913448835
6.900234145339329,9.461125089656896,0.0,1.9344159197140565,1.9469242852240947,2.188844139973546
6.900234145339329,9.461125089656896,0.1111111111111111,1.827688648105503,1.950094629751588,2.195098308463522
6.900234145339329,9.461125089656896,0.2222222222222222,1.7413658124070757,1.9533361992503964,2.2025131706674883
6.900234145339329,9.461125089656896,0.3333333333333333,1.6850123594286472,1.9566397598643075,2.2108545214086432
6.900234145339329,9.461125089656896,0.4444444444444444,1.6642840469864584,1.9599972006717643,2.2199226436898987
6.900234145339329,9.461125089656896,0.5555555555555556,1.6774135192024582,1.9634013351913946,2.229548610825733
6.900234145339329,9.461125089656896,0.6666666666666666,1.7162928221588365,1.9668457497366891,2.23959056164695
6.900234145339329,9.461125089656896,0.7777777777777777,1.770917277012794,1.9703246857275798,2.249930130837871
6.900234145339329,9.461125089656896,0.8888888888888888,1.8329662161164768,1.97383294696384,2.260469145647909
6.900234145339329,9.461125089656896,1.0,1.8968922087311084,1.9773658254918811,2.2711266464418887
6.900234145339329,11.621539480208469,0.0,1.9344159197140567,1.9126613160501216,2.196562764710161
6.900234145339329,11.621539480208469,0.1111111111111111,1.8421075711945032,1.9135322193416697,2.2032989519125348
6.900234145339329,11.621539480208469,0.2222222222222222,1.7640174268380422,1.914578172552234,2.2107211972578242
6.900234145339329,11.621539480208469,0.3333333333333333,1.7063254802342531,1.9157850541854817,2.2186932290122425
6.900234145339329,11.621539480208469,0.4444444444444444,1.6737644842029231,1.9171401000648651,2.2270981912149415
6.900234145339329,11.621539480208469,0.5555555555555556,1.6675242234526688,1.9186317087653486,2.235836391855552
6.900234145339329,11.621539480208469,0.6666666666666666,1.6846223891733438,1.9202492852963027,2.244823181159973
6.900234145339329,11.621539480208469,0.7777777777777777,1.719313994789226,1.921983114064981,2.253986997890725
6.900234145339329,11.621539480208469,0.8888888888888888,1.7653051541052764,1.9238242544970892,2.263267602023265
6.900234145339329,11.621539480208469,1.0,1.8173035939010616,1.9257644543676518,2.2726144980996876
6.900234145339329,13.781953870760045,0.0,1.934415919714056,1.9138022298802568,2.2040055791056585
6.900234145339329,13.781953870760045,0.1111111111111111,1.853126500618781,1.9126695453281304,2.2107097339376205
6.900234145339329,13.781953870760045,0.2222222222222222,1.7822862035630038,1.9117511680790227,2.217841974002513
6.900234145339329,13.781953870760045,0.3333333333333333,1.7260615307930112,1.9110343036842887,2.2253182531304754
6.900234145339329,13.781953870760045,0.4444444444444444,1.6880699270465334,1.9105071477585402,2.233065935648946
6.900234145339329,13.781953870760045,0.5555555555555556,1.6702138660673003,1.910158761217939,2.241022469152877
6.900234145339329,13.781953870760045,0.6666666666666666,1.6719354766648862,1.9099789678408277,2.2491341648912786
6.900234145339329,13.781953870760045,0.7777777777777777,1.6904203799196154,1.909958269418613,2.2573550912029416
6.900234145339329,13.781953870760045,0.8888888888888888,1.721598270784883,1.910087774878393,2.2656460798000375
6.900234145339329,13.781953870760045,1.0,1.761277129634833,1.9103591405855094,2.2739738408223573
6.900234145339329,15.942368261311618,0.0,1.9344159197140556,1.9319983240039988,2.2107642668683396
6.900234145339329,15.942368261311618,0.1111111111111111,1.8618119673882965,1.9294615957035328,2.2172284563472027
6.900234145339329,15.942368261311618,0.2222222222222222,1.7972003991134677,1.9271363587503374,2.2239715696904403
6.900234145339329,15.942368261311618,0.3333333333333333,1.7435017431645674,1.9250127697240162,2.230939113686895
6.900234145339329,15.942368261311618,0.4444444444444444,1.703434830948087,1.9230816291278825,2.2380836076667125
6.900234145339329,15.942368261311618,0.5555555555555556,1.6788635186449123,1.9213343057624337,2.245363788941024
6.900234145339329,15.942368261311618,0.6666666666666666,1.6702396392945533,1.9197626737051017,2.2527438896553766
6.900234145339329,15.942368261311618,0.7777777777777777,1.6764469690879749,1.9183590594640156,2.2601929837348305
6.900234145339329,15.942368261311618,0.8888888888888888,1.6951417031270801,1.9171161973926532,2.2676844009267967
6.900234145339329,15.942368261311618,1.0,1.7233857902252439,1.9160271918492433,2.275195203866772
6.900234145339329,18.102782651863194,0.0,1.9344159197140562,1.9568371424907105,2.2167728311671016
6.900234145339329,18.102782651863194,0.1111111111111111,1.868829903349841,1.9534239024589117,2.2229205822002767
6.900234145339329,18.102782651863194,0.2222222222222222,1.8095496724312436,1.950201993064287,2.229256467878954
6.900234145339329,18.102782651863194,0.3333333333333333,1.7586924401105213,1.9471641730606226,2.2357436301693805
6.900234145339329,18.102782651863194,0.4444444444444444,1.7183133916300966,1.9443036227537254,2.242349701951829
6.900234145339329,18.102782651863194,0.5555555555555556,1.690028691208753,1.9416138966849346,2.249046317627123
6.900234145339329,18.102782651863194,0.6666666666666666,1.6746412326777538,1.9390888836201339,2.2558086689674637
6.900234145339329,18.102782651863194,0.7777777777777777,1.671926877657032,1.9367227725624903,2.2626151040673923
6.900234145339329,18.102782651863194,0.8888888888888888,1.6806873665997906,1.934510023757088,2.269446766763176
6.900234145339329,18.102782651863194,1.0,1.6990424984155235,1.9324453438515385,2.2762872736103077
6.900234145339329,20.263197042414767,0.0,1.9344159197140558,1.983161335845851,2.2220800324637415
6.900234145339329,20.263197042414767,0.1111111111111111,1.8746162515328721,1.979245083118978,2.227893182332232
6.900234145339329,20.263197042414767,0.2222222222222222,1.8199160797497838,1.9754960109376036,2.2338368007783402
6.900234145339329,20.263197042414767,0.3333333333333333,1.7718949248369398,1.9719087812784595,2.2398850496525293
6.900234145339329,20.263197042414767,0.4444444444444444,1.7321269552183862,1.9684783434056918,2.2460150738838913
6.900234145339329,20.263197042414767,0.5555555555555556,1.7019556312821293,1.965199903054556,2.252206690603428
6.900234145339329,20.263197042414767,0.6666666666666666,1.6822488523611911,1.962068895987531,2.258442106890321
6.900234145339329,20.263197042414767,0.7777777777777777,1.673214400374886,1.9590809652222165,2.264705664391574
6.900234145339329,20.263197042414767,0.8888888888888888,1.6743495889807267,1.956231941356363,2.270983608940843
6.900234145339329,20.263197042414767,1.0,1.6845469697939652,1.9535178255161396,2.2772638832551726
6.900234145339329,22.423611432966343,0.0,1.934415919714056,2.00864437610473,2.226767120187762
6.900234145339329,22.423611432966343,0.1111111111111111,1.8794678374527867,2.004468388300945,2.232253406916622
6.900234145339329,22.423611432966343,0.2222222222222222,1.8287274737025243,2.000436814628177,2.2378322075761514
6.900234145339329,22.423611432966343,0.3333333333333333,1.7834023858031618,1.9965456448142602,2.2434848492098576
6.900234145339329,22.423611432966343,0.4444444444444444,1.744716843281655,1.99279107264889,2.2491947048823064
6.900234145339329,22.423611432966343,0.5555555555555556,1.7137723057923568,1.9891694752328986,2.254946990236666
6.900234145339329,22.423611432966343,0.6666666666666666,1.6913869598638887,1.9856773949284647,2.260728578410787
6.900234145339329,22.423611432966343,0.7777777777777777,1.6779549895089163,1.9823115236121063,2.266527832066677
6.900234145339329,22.423611432966343,0.8888888888888888,1.6733710044899632,1.9790686888989435,2.2723344512729553
6.900234145339329,22.423611432966343,1.0,1.6770470902305044,1.9759458420606952,2.278139335994734
6.900234145339329,24.58402582351792,0.0,1.934415919714056,2.032354001458182,2.230917902661426
6.900234145339329,24.58402582351792,0.1111111111111111,1.8835935326712394,2.028071326032219,2.236096012930222
6.900234145339329,24.58402582351792,0.2222222222222222,1.8363013946420064,2.023913296239932,2.2413408964670443
6.900234145339329,24.58402582351792,0.3333333333333333,1.793482252986284,2.019876828779955,2.246638701689369
6.900234145339329,24.58402582351792,0.4444444444444444,1.756102852323056,2.0159589903490165,2.25197702023684
6.900234145339329,24.58402582351792,0.5555555555555556,1.7250646707823438,2.0121569832821775,2.257344750121484
6.900234145339329,24.58402582351792,0.6666666666666666,1.701097389762163,2.0084681329123715,2.2627319708793525
6.900234145339329,24.58402582351792,0.7777777777777777,1.684656247122001,2.004889876414475,2.268129829873126
6.900234145339329,24.58402582351792,0.8888888888888888,1.6758500573070614,2.0014197529358033,2.273530438909482
6.900234145339329,24.58402582351792,1.0,1.6744216915211791,1.9980553948451076,2.27892678036116
8.103027253242516,0.8194675274505974,0.0,2.446446034734697,2.8531092903692508,2.5165618784122614
8.103027253242516,0.8194675274505974,0.1111111111111111,2.033862140565235,2.8526950574032073,2.405458448844165
8.103027253242516,0.8194675274505974,0.2222222222222222,1.5124771900714338,2.8520658795814846,2.307002754153036
8.103027253242516,0.8194675274505974,0.3333333333333333,1.170221262834774,2.851288010009692,2.22355212075863
8.103027253242516,0.8194675274505974,0.4444444444444444,1.5193661744822453,2.8504071945467357,2.1576930136817936
8.103027253242516,0.8194675274505974,0.5555555555555556,1.8696137293017647,2.8494567977388834,2.111257456924914
8.103027253242516,0.8194675274505974,0.6666666666666666,2.1118098562377394,2.848462117336756,2.084483364630768
8.103027253242516,0.8194675274505974,0.7777777777777777,2.286530413443675,2.847442859438752,2.075738009671016
8.103027253242516,0.8194675274505974,0.8888888888888888,2.4192603967236663,2.846414649079994,2.0819462363728936
8.103027253242516,0.8194675274505974,1.0,2.52413093338099,2.84539000282721,2.0994173893102297
8.103027253242516,2.979881918002172,0.0,2.4464460347346977,2.427563951274168,2.323523609487134
8.103027253242516,2.979881918002172,0.1111111111111111,2.1731713005992823,2.4309885090781793,2.255174300090527
8.103027253242516,2.979881918002172,0.2222222222222222,1.859378088413594,2.4340585623472695,2.1980530305820145
8.103027253242516,2.979881918002172,0.3333333333333333,1.5057770784195716,2.4368691644612053,2.1526446806770534
8.103027253242516,2.979881918002172,0.4444444444444444,1.2263423195712877,2.439487721345158,2.1190341543125317
8.103027253242516,2.979881918002172,0.5555555555555556,1.2832829784869901,2.4419630809972332,2.0967750792126636
8.103027253242516,2.979881918002172,0.6666666666666666,1.5309779785094295,2.44433119041467,2.0848982824729614
8.103027253242516,2.979881918002172,0.7777777777777777,1.75967995811461,2.44661878471544,2.0820405826631125
8.103027253242516,2.979881918002172,0.8888888888888888,1.9406854646151936,2.4488458840597866,2.0866356456097446
8.103027253242516,2.979881918002172,1.0,2.083803309749208,2.45102753488136,2.0971011977063783
8.103027253242516,5.140296308553746,0.0,2.4464460347346972,2.119956047078032,2.2199328298311376
8.103027253242516,5.140296308553746,0.1111111111111111,2.241971144628234,2.1261959645532538,2.1779260885771277
8.103027253242516,5.140296308553746,0.2222222222222222,2.017789487318959,2.132138523473622,2.1442217267237482
8.103027253242516,5.140296308553746,0.3333333333333333,1.770338968576726,2.1378346892077076,2.1185761059027444
8.103027253242516,5.140296308553746,0.4444444444444444,1.5085619031780784,2.1433237701823984,2.100529893068371
8.103027253242516,5.140296308553746,0.5555555555555556,1.2892801704999064,2.1486364414938195,2.089429043592904
8.103027253242516,5.140296308553746,0.6666666666666666,1.2346385255883152,2.1537968830042358,2.084477102552533
8.103027253242516,5.140296308553746,0.7777777777777777,1.3584383985683441,2.158824323264451,2.0848020445617843
8.103027253242516,11.621539480208469,0.0,2.4464460347346972,1.9681762838900276,2.110467297383419
8.103027253242516,11.621539480208469,0.1111111111111111,2.329910703843975,1.9632290190060715,2.099944757160671
8.103027253242516,11.621539480208469,0.2222222222222222,2.2082739266451505,1.9587427883231454,2.0923890018500764
8.103027253242516,11.621539480208469,0.3333333333333333,2.0806852378949565,1.9546826222442346,2.087532564520584
8.103027253242516,11.621539480208469,0.4444444444444444,1.9465864521488674,1.9510180877137133,2.0851036354592276
8.103027253242516,11.621539480208469,0.5555555555555556,1.8062121921176968,1.947722376192951,2.0848329641589616
8.103027253242516,11.621539480208469,0.6666666666666666,1.6616772908376034,1.944771615516481,2.086459851460956
8.103027253242516,11.621539480208469,0.7777777777777777,1.5190797727540606,1.942144343687556,2.0897369151729563
8.103027253242516,11.621539480208469,0.8888888888888888,1.391551781543215,1.9398211016666698,2.0944335266695977
8.103027253242516,11.621539480208469,1.0,1.3003095307314272,1.9377841148106292,2.1003379752006732
8.103027253242516,13.781953870760045,0.0,2.4464460347346977,2.0258361101054154,2.0988585780136857
8.103027253242516,13.781953870760045,0.1111111111111111,2.34452354564327,2.018990141874732,2.09218422985626
8.103027253242516,13.781953870760045,0.2222222222222222,2.238865257935713,2.012541510329665,2.0876918648048255
8.103027253242516,13.781953870760045,0.3333333333333333,2.1288994618714794,2.0064666689577373,2.085178684285754
8.103027253242516,13.781953870760045,0.4444444444444444,2.014189008874672,2.0007448368147127,2.0844447269264057
8.103027253242516,13.781953870760045,0.5555555555555556,1.894627826623775,1.9953574886360839,2.0852962440641245
8.103027253242516,13.781953870760045,0.6666666666666666,1.7708357383932702,1.9902879571733276,2.087548446550541
8.103027253242516,13.781953870760045,0.7777777777777777,1.6449024054848824,1.985521119830586,2.091027564435754
8.103027253242516,13.781953870760045,0.8888888888888888,1.5216330665000333,1.9810431494539937,2.095572233904448
8.103027253242516,13.781953870760045,1.0,1.4101105586436413,1.9768413145109998,2.1010342751153748
8.103027253242516,15.942368261311618,0.0,2.4464460347346972,2.083168709928939,2.091802028011191
8.103027253242516,15.942368261311618,0.1111111111111111,2.355881068858982,2.075593485522257,2.0876648536555438
8.103027253242516,5.140296308553746,0.8888888888888888,1.5385445820491899,2.1637341742314695,2.0895216386849578
8.103027253242516,5.140296308553746,1.0,1.7068859245897248,2.168538877991464,2.0977963049701693
8.103027253242516,7.300710699105321,0.0,2.4464460347346977,1.959365078834834,2.1625769135836483
8.103027253242516,7.300710699105321,0.1111111111111111,2.283069573702275,1.9632593445301079,2.1364202677946627
8.103027253242516,7.300710699105321,0.2222222222222222,2.10829847881616,1.9672492082927158,2.1161177835127742
8.103027253242516,7.300710699105321,0.3333333333333333,1.9199319650056488,1.9713156378107994,2.1012884160666094
8.103027253242516,7.300710699105321,0.4444444444444444,1.718276699662654,1.9754439139720976,2.091468148069219
8.103027253242516,7.300710699105321,0.5555555555555556,1.512461235447533,1.979622292387983,2.0861343623552218
8.103027253242516,7.300710699105321,0.6666666666666666,1.3347202243440581,1.9838411414633748,2.0847344066502584
8.103027253242516,7.300710699105321,0.7777777777777777,1.2470987506752536,1.9880923740277971,2.086713237940082
8.103027253242516,7.300710699105321,0.8888888888888888,1.28510927373839,1.9923690643628322,2.0915366169905374
8.103027253242516,7.300710699105321,1.0,1.4039068079400605,1.9966651850905723,2.0987081153318305
8.103027253242516,9.461125089656896,0.0,2.446446034734697,1.9300505447207956,2.129774880728826
8.103027253242516,9.461125089656896,0.1111111111111111,2.310408761664753,1.9288851310590345,2.113251036108975
8.103027253242516,9.461125089656896,0.2222222222222222,2.1670241834310366,1.9281327045850443,2.100857095535847
8.103027253242516,9.461125089656896,0.3333333333333333,2.014959664708693,1.9277491786151986,2.09225290395431
8.103027253242516,9.461125089656896,0.4444444444444444,1.8536361921142275,1.9276973722038242,2.087072540788404
8.103027253242516,9.461125089656896,0.5555555555555556,1.684777330553173,1.9279454479801368,2.084938105496
8.103027253242516,9.461125089656896,0.6666666666666666,1.5160366132402758,1.9284657825349019,2.085472939563272
8.103027253242516,9.461125089656896,0.7777777777777777,1.3673482612801868,1.9292341341715578,2.088312952170224
8.103027253242516,9.461125089656896,0.8888888888888888,1.273524463293845,1.9302290193071954,2.0931153422444746
8.103027253242516,9.461125089656896,1.0,1.2638101610841685,1.931431237879998,2.099564542956867
8.103027253242516,15.942368261311618,0.2222222222222222,2.2624686323475727,2.068340023351832,2.085171407072237
8.103027253242516,15.942368261311618,0.3333333333333333,2.1658072185680712,2.0613922757960177,2.0841687492441143
8.103027253242516,15.942368261311618,0.4444444444444444,2.0655653068164566,2.0547359542859542,2.0845086325546367
8.103027253242516,15.942368261311618,0.5555555555555556,1.9615701283565723,2.0483582340220736,2.086049156888207
8.103027253242516,15.942368261311618,0.6666666666666666,1.8539744160609994,2.0422475172503054,2.0886560477036666
8.103027253242516,15.942368261311618,0.7777777777777777,1.7435562731016707,2.036393241829635,2.092203558027968
8.103027253242516,15.942368261311618,0.8888888888888888,1.632225549503887,2.0307857252144226,2.0965750216363066
8.103027253242516,15.942368261311618,1.0,1.5237806264840548,2.0254160364055878,2.101663100431875
8.103027253242516,18.102782651863194,0.0,2.4464460347346972,2.1343482213017047,2.087523674069892
8.103027253242516,18.102782651863194,0.1111111111111111,2.364961961661816,2.1266344252055784,2.0851013271222127
8.103027253242516,18.102782651863194,0.2222222222222222,2.2812388829715182,2.1191800463965142,2.0839454195148743
8.103027253242516,18.102782651863194,0.3333333333333333,2.1949844928293403,2.111973665693643,2.0839398235101156
8.103027253242516,18.102782651863194,0.4444444444444444,2.1059463344068954,2.1050050341534816,2.084973081855914
8.103027253242516,18.102782651863194,0.5555555555555556,2.0139563200971944,2.0982648948061122,2.0869392263656072
8.103027253242516,18.102782651863194,0.6666666666666666,1.9190098066842731,2.091744836535275,2.0897383761709403
8.103027253242516,18.102782651863194,0.7777777777777777,1.8214013648137373,2.0854371734072896,2.093277127840205
8.103027253242516,18.102782651863194,0.8888888888888888,1.7219487646248268,2.0793348443353876,2.097468758583186
8.103027253242516,18.102782651863194,1.0,1.622339206424602,2.0734313291322186,2.1022332688436043
8.103027253242516,20.263197042414767,0.0,2.4464460347346972,2.178542785394839,2.0849867671006055
8.103027253242516,20.263197042414767,0.1111111111111111,2.3723883120576974,2.1709684097408997,2.0837482451157183
8.103027253242516,20.263197042414767,0.2222222222222222,2.2965257009019897,2.163605754821201,2.0835056055576793
8.103027253242516,20.263197042414767,0.3333333333333333,2.2186389756456033,2.1564463632295534,2.084169636249899
8.103027253242516,20.263197042414767,0.4444444444444444,2.1385332323606647,2.149482585085852,2.0856552011755394
8.103027253242516,20.263197042414767,0.5555555555555556,2.0560620968859085,2.142707466062483,2.0878816455114544
8.103027253242516,20.263197042414767,0.6666666666666666,1.971168755950576,2.1361146539283453,2.0907730719199087
8.103027253242516,20.263197042414767,0.7777777777777777,1.8839535470218234,2.129698320041317,2.0942584990154454
8.103027253242516,20.263197042414767,0.8888888888888888,1.7947821409039968,2.1234530930030604,2.098271916185763
8.103027253242516,20.263197042414767,1.0,1.704451870270848,2.1173740022817715,2.1027522505219802
8.103027253242516,22.423611432966343,0.0,2.4464460347346972,2.2164078025368843,2.083565250003135
8.103027253242516,22.423611432966343,0.1111111111111111,2.378574483820401,2.209096128649855,2.0831583737367216
8.103027253242516,22.423611432966343,0.2222222222222222,2.3092181577156845,2.2019599959584046,2.083549051545527
8.103027253242516,22.423611432966343,0.3333333333333333,2.238208508222031,2.1949929364961345,2.084667829777097
8.103027253242516,22.423611432966343,0.4444444444444444,2.1653926673255333,2.1881890566676425,2.0864486385649816
8.103027253242516,22.423611432966343,0.5555555555555556,2.090647482323953,2.1815429643445627,2.0888289893776864
8.103027253242516,22.423611432966343,0.6666666666666666,2.013902383198468,2.175049707097657,2.0917500961913427
8.103027253242516,22.423611432966343,0.7777777777777777,1.9351757150938576,2.1687047195683515,2.0951569281998723
8.103027253242516,22.423611432966343,0.8888888888888888,1.8546311702086227,2.162503778391925,2.098998203138307
8.103027253242516,22.423611432966343,1.0,1.7726630413233129,2.1564429633996,2.1032263307102386
8.103027253242516,24.58402582351792,0.0,2.4464460347346977,2.2489097588925127,2.082869965464612
8.103027253242516,24.58402582351792,0.1111111111111111,2.3838071439902913,2.2419085603468387,2.08305547097152
8.103027253242516,24.58402582351792,0.2222222222222222,2.3199260381885645,2.235055149218068,2.0838901482215704
8.103027253242516,24.58402582351792,0.3333333333333333,2.2546703852103045,2.228344451904272,2.085319191594397
8.103027253242516,24.58402582351792,0.4444444444444444,2.1879184180588425,2.2217718139972753,2.087290548492264
8.103027253242516,24.58402582351792,0.5555555555555556,2.119567507057013,2.2153329512854523,2.0897550114731116
9.3058203611457,2.979881918002172,0.8888888888888888,1.577667147747819,2.393280224259924,2.0383687303828637
9.3058203611457,2.979881918002172,1.0,1.8151803523816628,2.396407949246173,2.018884116674635
9.3058203611457,5.140296308553746,0.0,2.8426518105613123,2.0336330956307815,2.4325009361696757
9.3058203611457,5.140296308553746,0.1111111111111111,2.6598149674362808,2.0411288515629353,2.3602677451490326
9.3058203611457,5.140296308553746,0.2222222222222222,2.466363276228944,2.048248733407392,2.2939629994416673
9.3058203611457,5.140296308553746,0.3333333333333333,2.255880686862336,2.05505591062512,2.2339346713694326
9.3058203611457,5.140296308553746,0.4444444444444444,2.019838715304594,2.061601191585715,2.1806250121459336
9.3058203611457,5.140296308553746,0.5555555555555556,1.7467565617497307,2.0679250807735783,2.134473682671292
9.3058203611457,5.140296308553746,0.6666666666666666,1.4257562454652193,2.0740597995946675,2.095824434170187
9.3058203611457,5.140296308553746,0.7777777777777777,1.0859057241977643,2.0800310037907264,2.064844573609773
9.3058203611457,5.140296308553746,0.8888888888888888,0.9437305076752884,2.0858591698008317,2.0414706033321868
9.3058203611457,5.140296308553746,1.0,1.1387461667655303,2.0915606910670688,2.025390720021339
9.3058203611457,7.300710699105321,0.0,2.8426518105613128,1.9438264600423472,2.338140803905131
9.3058203611457,7.300710699105321,0.1111111111111111,2.695506705700707,1.9429139883566735,2.2826496198073745
9.3058203611457,7.300710699105321,0.2222222222222222,2.542606788542029,1.9426742534566064,2.2320857703930357
9.3058203611457,7.300710699105321,0.3333333333333333,2.3808998780882997,1.9429889035905645,2.1866428327139995
9.3058203611457,7.300710699105321,0.4444444444444444,2.20667726203917,1.943769406380042,2.1465150038221945
9.3058203611457,7.300710699105321,0.5555555555555556,2.0152250694238454,1.9449474309494832,2.111854331357875
9.3058203611457,7.300710699105321,0.6666666666666666,1.8006152718302149,1.9464687913180376,2.082734848708236
9.3058203611457,7.300710699105321,0.7777777777777777,1.5567202270595624,1.9482894963508155,2.0591268646323497
9.3058203611457,7.300710699105321,0.8888888888888888,1.2850187292930557,1.9503730963176324,2.0408843005744117
9.3058203611457,7.300710699105321,1.0,1.0308253442833877,1.952688854383147,2.027746214952915
8.103027253242516,24.58402582351792,0.6666666666666666,2.049547663464216,2.209023907709222,2.0926662641652833
8.103027253242516,24.58402582351792,0.7777777777777777,1.9778423319955036,2.2028410191046888,2.0959808863427547
8.103027253242516,24.58402582351792,0.8888888888888888,1.9045198027520842,2.196780881794305,2.09965832392542
8.103027253242516,24.58402582351792,1.0,1.8297796890226725,2.190840325258541,2.103660829711242
9.3058203611457,0.8194675274505974,0.0,2.8426518105613123,2.8367422598803658,2.7875555860465853
9.3058203611457,0.8194675274505974,0.1111111111111111,2.4873327463443826,2.837019620703185,2.6547071727656877
9.3058203611457,0.8194675274505974,0.2222222222222222,2.057262449406298,2.8368283959652647,2.529569935583326
9.3058203611457,0.8194675274505974,0.3333333333333333,1.480792171829307,2.8363278792962716,2.4120355452463005
9.3058203611457,0.8194675274505974,0.4444444444444444,1.0411520092623994,2.8356175540931634,2.303558241279644
9.3058203611457,0.8194675274505974,0.5555555555555556,1.4934675027153659,2.834764776902131,2.2068683214653997
9.3058203611457,0.8194675274505974,0.6666666666666666,1.8787862065553158,2.8338177550951174,2.1255316608692993
9.3058203611457,0.8194675274505974,0.7777777777777777,2.1304991389515395,2.832812337022666,2.063097592684227
9.3058203611457,0.8194675274505974,0.8888888888888888,2.3081247044535598,2.831775868561671,2.021906428540129
9.3058203611457,0.8194675274505974,1.0,2.441513004106058,2.8307295353697617,2.002081124115899
9.3058203611457,2.979881918002172,0.0,2.8426518105613128,2.3592326890964825,2.571717528199555
9.3058203611457,2.979881918002172,0.1111111111111111,2.6012829782053215,2.3652900508867103,2.47527652851717
9.3058203611457,2.979881918002172,0.2222222222222222,2.33626313631694,2.3704954381705807,2.3857935289659267
9.3058203611457,2.979881918002172,0.3333333333333333,2.0300043727239063,2.375093642655727,2.3037270858933527
9.3058203611457,2.979881918002172,0.4444444444444444,1.6565650007774106,2.3792485719838345,2.229961214486372
9.3058203611457,2.979881918002172,0.5555555555555556,1.2054693449924125,2.3830740267084427,2.1656028214386667
9.3058203611457,2.979881918002172,0.6666666666666666,0.963419994568533,2.3866511035131177,2.111748166929563
9.3058203611457,2.979881918002172,0.7777777777777777,1.2553750404717348,2.390038706202156,2.069225896276645
9.3058203611457,9.461125089656896,0.0,2.8426518105613123,2.008657675777436,2.271760542681085
9.3058203611457,9.461125089656896,0.1111111111111111,2.7195505388250023,2.000385761421844,2.2281785127874807
9.3058203611457,9.461125089656896,0.2222222222222222,2.5929366486649554,1.9929927685750126,2.1886514037759786
9.3058203611457,9.461125089656896,0.3333333333333333,2.461114492606278,1.9863758559267999,2.1532668878901693
9.3058203611457,9.461125089656896,0.4444444444444444,2.322136268401451,1.980452763059278,2.1220918034502314
9.3058203611457,9.461125089656896,0.5555555555555556,2.173669123000011,1.9751562241586718,2.0951537683273647
9.3058203611457,9.461125089656896,0.6666666666666666,2.012862750311024,1.9704301495899939,2.0724276117241622
9.3058203611457,9.461125089656896,0.7777777777777777,1.8363036131994999,1.9662269485054769,2.053827485412948
9.3058203611457,9.461125089656896,0.8888888888888888,1.6404224643510337,1.96250561065934,2.0392050670654283
9.3058203611457,9.461125089656896,1.0,1.423771497162469,1.9592303066134797,2.028353570928652
9.3058203611457,11.621539480208469,0.0,2.8426518105613128,2.1071135505630636,2.2236044802724377
9.3058203611457,11.621539480208469,0.1111111111111111,2.7368479772840826,2.096090195034589,2.1886938538836085
9.3058203611457,11.621539480208469,0.2222222222222222,2.62871841710152,2.085770213731904,2.157117125536337
9.3058203611457,11.621539480208469,0.3333333333333333,2.5172213408188537,2.0760887483559505,2.1289006300084448
9.3058203611457,11.621539480208469,0.4444444444444444,2.401202483287017,2.066992588057087,2.104049179083882
9.3058203611457,11.621539480208469,0.5555555555555556,2.2793370835178455,2.0584373559805633,2.082538288375351
9.3058203611457,11.621539480208469,0.6666666666666666,2.1500685615192667,2.050385486059673,2.0643092345199645
9.3058203611457,11.621539480208469,0.7777777777777777,2.011554979655765,2.0428047386296164,2.0492670794537293
9.3058203611457,11.621539480208469,0.8888888888888888,1.8616676653723774,2.035667092500843,2.0372815702488016
9.3058203611457,11.621539480208469,1.0,1.698188538134989,2.028947905575045,2.028190565759534
9.3058203611457,13.781953870760045,0.0,2.8426518105613123,2.1963556908890616,2.187731439116626
9.3058203611457,13.781953870760045,0.1111111111111111,2.7498880994557098,2.184856703586863,2.159268807510041
9.3058203611457,13.781953870760045,0.2222222222222222,2.655490564813214,2.173887730488026,2.133558914490464
9.3058203611457,13.781953870760045,0.3333333333333333,2.5587723295339897,2.16340665491374,2.110595561862366
9.3058203611457,13.781953870760045,0.4444444444444444,2.4589905770421314,2.1533782387976497,2.0903552022088037
9.3058203611457,13.781953870760045,0.5555555555555556,2.355318073652816,2.14377263888115,2.072793752079551
9.3058203611457,13.781953870760045,0.6666666666666666,2.2468130323909774,2.13456429813644,2.0578449908808283
9.3058203611457,13.781953870760045,0.7777777777777777,2.132389087527601,2.125731103834143,2.045420502319656
9.3058203611457,13.781953870760045,0.8888888888888888,2.010793227710481,2.117253738832213,2.03541101495269
9.3058203611457,13.781953870760045,1.0,1.8806154223430223,2.109115175367295,2.0276889043469835
9.3058203611457,15.942368261311618,0.0,2.8426518105613123,2.2698817750277414,2.1603821753963546
9.3058203611457,15.942368261311618,0.1111111111111111,2.7600696646519958,2.2587295303943518,2.1368080052624006
9.3058203611457,15.942368261311618,0.2222222222222222,2.6762869616384455,2.247983856811546,2.1155226421918623
9.3058203611457,15.942368261311618,0.3333333333333333,2.5908265012956946,2.237615851404243,2.0965040539943507
9.3058203611457,15.942368261311618,0.4444444444444444,2.503180871961596,2.2276008896950614,2.079717275000537
9.3058203611457,15.942368261311618,0.5555555555555556,2.4127971421440018,2.2179177951759095,2.0651131974363426
9.3058203611457,15.942368261311618,0.6666666666666666,2.319060824316693,2.208548200022315,2.052628245519056
9.3058203611457,15.942368261311618,0.7777777777777777,2.2212793657471033,2.1994760462331335,2.0421848644837897
9.3058203611457,15.942368261311618,0.8888888888888888,2.1186669160063945,2.190687191599952,2.033692714429096
9.3058203611457,15.942368261311618,1.0,2.0103355544911503,2.1821690950558716,2.0270504243502456
9.3058203611457,18.102782651863194,0.0,2.8426518105613123,2.329589098063805,2.1391019151139576
9.3058203611457,18.102782651863194,0.1111111111111111,2.768239272401622,2.3190406477638117,2.1193006598366395
9.3058203611457,18.102782651863194,0.2222222222222222,2.6929128867605705,2.3088130601466292,2.101418233416306
9.3058203611457,18.102782651863194,0.3333333333333333,2.6163274558963536,2.298885595413892,2.0854259676254734
9.3058203611457,18.102782651863194,0.4444444444444444,2.538120377728252,2.289240298400201,2.071285818004569
9.3058203611457,18.102782651863194,0.5555555555555556,2.457902812114833,2.27986150799231,2.058949999939659
9.3058203611457,18.102782651863194,0.6666666666666666,2.3752505316648924,2.2707354701381757,2.0483611211057804
9.3058203611457,18.102782651863194,0.7777777777777777,2.289694444177617,2.2618500290901546,2.0394527545796284
9.3058203611457,18.102782651863194,0.8888888888888888,2.200711230516466,2.2531943785245563,2.0321503792992623
9.3058203611457,18.102782651863194,1.0,2.107715482744093,2.244758859042487,2.026372601985242
9.3058203611457,20.263197042414767,0.0,2.8426518105613128,2.3784077558836128,2.12224298395569
9.3058203611457,20.263197042414767,0.1111111111111111,2.7749393416750543,2.3685134021071854,2.1054017851706335
9.3058203611457,20.263197042414767,0.2222222222222222,2.706511264618215,2.3588788962562193,2.090183240695596
9.3058203611457,20.263197042414767,0.3333333333333333,2.63710970289767,2.349488831077942,2.0765569293050676
9.3058203611457,20.263197042414767,0.4444444444444444,2.566466219258293,2.3403296831776728,2.064485683694089
9.3058203611457,20.263197042414767,0.5555555555555556,2.4942964226203905,2.3313895094514523,2.0539255752886074
9.3058203611457,20.263197042414767,0.6666666666666666,2.420294438295154,2.3226577026850332,2.0448261829293104
9.3058203611457,20.263197042414767,0.7777777777777777,2.344127192768239,2.3141247928908664,2.037131105900243
9.3058203611457,20.263197042414767,0.8888888888888888,2.265428628849234,2.305782284401573,2.030778674512462
9.3058203611457,20.263197042414767,1.0,2.1837942753376582,2.2976225212048837,2.0257028070702026
9.3058203611457,22.423611432966343,0.0,2.8426518105613123,2.418822037395686,2.1086718583896364
9.3058203611457,22.423611432966343,0.1111111111111111,2.780533450217569,2.409557724193513,2.094188012921473
9.3058203611457,22.423611432966343,0.2222222222222222,2.7178415334597736,2.400508418930565,2.081088209584328
9.3058203611457,22.423611432966343,0.3333333333333333,2.654378288835819,2.3916623545948257,2.06934275462612
9.3058203611457,22.423611432966343,0.4444444444444444,2.589939257299145,2.383009081228526,2.058917091796788
9.3058203611457,22.423611432966343,0.5555555555555556,2.5243098455435393,2.3745392705335178,2.0497719186175805
10.508613469048887,0.8194675274505974,0.8888888888888888,2.2436386723462065,2.817093833672078,2.085542450295241
10.508613469048887,0.8194675274505974,1.0,2.39466899455725,2.8160704269768537,2.01914409561201
10.508613469048887,2.979881918002172,0.0,3.1256648135354723,2.2874796474463532,2.811262755507661
10.508613469048887,2.979881918002172,0.1111111111111111,2.896479459735415,2.297353221119169,2.7047278033642335
10.508613469048887,2.979881918002172,0.2222222222222222,2.6592373640222693,2.3055118828178176,2.6040306854389104
10.508613469048887,2.979881918002172,0.3333333333333333,2.40297268907963,2.312492527375627,2.5084245853191605
10.508613469048887,2.979881918002172,0.4444444444444444,2.114842838907388,2.318634170751988,2.417798693415873
10.508613469048887,2.979881918002172,0.5555555555555556,1.781634949538708,2.3241621764713307,2.3325279698645027
10.508613469048887,2.979881918002172,0.6666666666666666,1.4193967220276908,2.329231911429898,2.253387891727183
10.508613469048887,2.979881918002172,0.7777777777777777,1.2157947049006617,2.33395338617828,2.1814684791035903
10.508613469048887,2.979881918002172,0.8888888888888888,1.3715233656865675,2.3384060768740573,2.1180472173682436
10.508613469048887,2.979881918002172,1.0,1.6275568632130897,2.342648290729159,2.064401310270336
10.508613469048887,5.140296308553746,0.0,3.1256648135354723,1.9766165464057166,2.6671421226956715
10.508613469048887,5.140296308553746,0.1111111111111111,2.950480616833202,1.9826323706882039,2.583598771785788
10.508613469048887,5.140296308553746,0.2222222222222222,2.7728736784577666,1.9887221446708825,2.504413209177451
10.508613469048887,5.140296308553746,0.3333333333333333,2.5881774793347465,1.9948033845394848,2.4293712112556465
10.508613469048887,5.140296308553746,0.4444444444444444,2.3913561527115994,2.000841458674585,2.3585236289798623
10.508613469048887,5.140296308553746,0.5555555555555556,2.1764187337739656,2.0068233059779255,2.2921250249001885
10.508613469048887,5.140296308553746,0.6666666666666666,1.9362725494760191,2.012745611530405,2.2305856432426854
10.508613469048887,5.140296308553746,0.7777777777777777,1.6651466116094924,2.0186092574841026,2.1744216310290843
10.508613469048887,5.140296308553746,0.8888888888888888,1.3746188867439133,2.0244166738867597,2.1241957002116663
10.508613469048887,5.140296308553746,1.0,1.154266713296704,2.0301705878565004,2.080446622409673
9.3058203611457,22.423611432966343,0.6666666666666666,2.457261821165107,2.366244555809126,2.041863468177653
9.3058203611457,22.423611432966343,0.7777777777777777,2.388549707961224,2.358117399753072,2.0351439297800735
9.3058203611457,22.423611432966343,0.8888888888888888,2.31790710703603,2.3501509844470965,2.0295619788440242
9.3058203611457,22.423611432966343,1.0,2.2450430855220502,2.342339119162668,2.0250633851318183
9.3058203611457,24.58402582351792,0.0,2.8426518105613128,2.4527228240785783,2.0975911577861965
9.3058203611457,24.58402582351792,0.1111111111111111,2.785274416759006,2.4440400067855084,2.0850104507508607
9.3058203611457,24.58402582351792,0.2222222222222222,2.7274283153839076,2.435538265707419,2.0736200663713276
9.3058203611457,24.58402582351792,0.3333333333333333,2.6689584780826676,2.4272084075248186,2.0633922056694716
9.3058203611457,24.58402582351792,0.4444444444444444,2.6097054876400705,2.419042185920238,2.054295542522328
9.3058203611457,24.58402582351792,0.5555555555555556,2.5495032502538995,2.4110321715051883,2.0462953774320907
9.3058203611457,24.58402582351792,0.6666666666666666,2.488176684664677,2.403171643666415,2.039353889739863
9.3058203611457,24.58402582351792,0.7777777777777777,2.4255393581762767,2.3954544999977765,2.033430470566406
9.3058203611457,24.58402582351792,0.8888888888888888,2.361391070137565,2.387875179958487,2.02848211766646
9.3058203611457,24.58402582351792,1.0,2.295515432352352,2.380428600128779,2.024463873146477
10.508613469048887,0.8194675274505974,0.0,3.1256648135354723,2.8189870219627196,3.0244702496029867
10.508613469048887,0.8194675274505974,0.1111111111111111,2.794547801010486,2.8204306609838046,2.8820495543150457
10.508613469048887,0.8194675274505974,0.2222222222222222,2.430912307744018,2.8209592902067815,2.7481243147455294
10.508613469048887,0.8194675274505974,0.3333333333333333,2.0003946678803985,2.820919841034527,2.6201095716060157
10.508613469048887,0.8194675274505974,0.4444444444444444,1.5228783366137448,2.8205079734011704,2.497201161274929
10.508613469048887,0.8194675274505974,0.5555555555555556,1.4331081386426123,2.8198470017701536,2.3799192017346034
10.508613469048887,0.8194675274505974,0.6666666666666666,1.758794073131761,2.819020548341703,2.2700408230580154
10.508613469048887,0.8194675274505974,0.7777777777777777,2.0404139544170934,2.818088199382151,2.170582022192767
10.508613469048887,15.942368261311618,0.4444444444444444,2.8047301309560484,2.3945405336922145,2.2109242104582774
10.508613469048887,15.942368261311618,0.5555555555555556,2.7230774406071543,2.382644617456833,2.182086159498974
10.508613469048887,15.942368261311618,0.6666666666666666,2.6400003207896034,2.3711156476584607,2.155059884513571
10.508613469048887,15.942368261311618,0.7777777777777777,2.555044278055032,2.3599284320941503,2.129883701993625
10.508613469048887,15.942368261311618,0.8888888888888888,2.467719608016787,2.3490612935839663,2.1065918375165302
10.508613469048887,15.942368261311618,1.0,2.377488439822506,2.3384954358154584,2.0852117107094967
10.508613469048887,18.102782651863194,0.0,3.125664813535472,2.5068245674217953,2.312940948854657
10.508613469048887,18.102782651863194,0.1111111111111111,3.053287084544586,2.4942201016763206,2.2814369289089096
10.508613469048887,18.102782651863194,0.2222222222222222,2.9812032310712686,2.482028160521579,2.251381827947462
10.508613469048887,18.102782651863194,0.3333333333333333,2.9090869136233257,2.4702127657496513,2.222795227174933
10.508613469048887,18.102782651863194,0.4444444444444444,2.836625759019109,2.4587435812024183,2.1957011364588657
10.508613469048887,18.102782651863194,0.5555555555555556,2.763512235541667,2.447594774846453,2.1701258986803227
10.508613469048887,18.102782651863194,0.6666666666666666,2.6894356035897204,2.436744156192605,2.146096166328598
10.508613469048887,18.102782651863194,0.7777777777777777,2.61407438986893,2.426172512246376,2.123636964161903
10.508613469048887,18.102782651863194,0.8888888888888888,2.5370889886772554,2.4158630892085813,2.1027698674298043
10.508613469048887,18.102782651863194,1.0,2.4581141202829677,2.4058011829474446,2.083511336555938
10.508613469048887,20.263197042414767,0.0,3.125664813535472,2.5552564082514424,2.2874250809423295
10.508613469048887,20.263197042414767,0.1111111111111111,3.059749428374502,2.543649034734857,2.259370982243654
10.508613469048887,20.263197042414767,0.2222222222222222,2.9941126835142344,2.532375568091084,2.232578666649992
10.508613469048887,20.263197042414767,0.3333333333333333,2.9285073725512505,2.5214095187575705,2.2070635675607364
10.508613469048887,20.263197042414767,0.4444444444444444,2.8626969565038114,2.5107281755010153,2.18284340218279
10.508613469048887,20.263197042414767,0.5555555555555556,2.796449753685059,2.500311905518594,2.1599367949601063
10.508613469048887,7.300710699105321,0.0,3.1256648135354728,2.001592369125318,2.563938605274795
10.508613469048887,7.300710699105321,0.1111111111111111,2.983938061190183,1.9922296950126364,2.496234461030339
10.508613469048887,7.300710699105321,0.2222222222222222,2.841532031166795,1.984487575837783,2.431963198815042
10.508613469048887,7.300710699105321,0.3333333333333333,2.696014188404763,1.9780583549699702,2.3710825789065075
10.508613469048887,7.300710699105321,0.4444444444444444,2.5449079981332487,1.9727216634232994,2.3136718640990064
10.508613469048887,7.300710699105321,0.5555555555555556,2.385461069812286,1.968313512364202,2.2599023847436204
10.508613469048887,7.300710699105321,0.6666666666666666,2.214438086675166,1.964707870815903,2.2100112355890316
10.508613469048887,7.300710699105321,0.7777777777777777,2.0279932897217687,1.9618051501453377,2.164274267400437
10.508613469048887,7.300710699105321,0.8888888888888888,1.8219551941380774,1.9595247259891018,2.122976764145132
10.508613469048887,7.300710699105321,1.0,1.593925688092111,1.9577999274289035,2.0863820886833904
10.508613469048887,9.461125089656896,0.0,3.1256648135354723,2.1423662988163086,2.4869859164773964
10.508613469048887,9.461125089656896,0.1111111111111111,3.0066946480308454,2.12708274236759,2.4307517888830037
10.508613469048887,9.461125089656896,0.2222222222222222,2.887672315907572,2.1131316602340218,2.377312260655365
10.508613469048887,9.461125089656896,0.3333333333333333,2.7671635611898866,2.1003234929377723,2.3266800117603865
10.508613469048887,9.461125089656896,0.4444444444444444,2.643752870346036,2.0885148619319382,2.2789270077727712
10.508613469048887,9.461125089656896,0.5555555555555556,2.5159433679219476,2.077594373120517,2.2341688675068805
10.508613469048887,9.461125089656896,0.6666666666666666,2.3820646214010974,2.067473447920351,2.192550097135625
10.508613469048887,9.461125089656896,0.7777777777777777,2.240183703441595,2.0580801830465414,2.1542291711300616
10.508613469048887,9.461125089656896,0.8888888888888888,2.0880359481032738,2.049355114537405,2.119363179894547
10.508613469048887,9.461125089656896,1.0,1.9230517499183934,2.041248222166953,2.0880923807953127
10.508613469048887,11.621539480208469,0.0,3.125664813535472,2.270162566737458,2.4278123965137035
10.508613469048887,11.621539480208469,0.1111111111111111,3.023170975858181,2.254366554330834,2.380190143781973
10.508613469048887,11.621539480208469,0.2222222222222222,2.920863977960592,2.2395140870872594,2.3348922100725065
10.508613469048887,11.621539480208469,0.3333333333333333,2.817825538146982,2.225490515929449,2.2919457787758324
10.508613469048887,11.621539480208469,0.4444444444444444,2.7131640150760776,2.212206074740379,2.25140821268644
10.508613469048887,11.621539480208469,0.5555555555555556,2.6059656476890103,2.199589103324915,2.2133581749906788
10.508613469048887,11.621539480208469,0.6666666666666666,2.4952504191128333,2.1875814218967196,2.17788706206652
10.508613469048887,11.621539480208469,0.7777777777777777,2.3799286271638485,2.1761350826340204,2.145090487020298
10.508613469048887,11.621539480208469,0.8888888888888888,2.2587575904967614,2.165210032431677,2.115059815676839
10.508613469048887,11.621539480208469,1.0,2.130304435054804,2.1547723961505274,2.0878739708926766
10.508613469048887,13.781953870760045,0.0,3.1256648135354723,2.3696642078017836,2.3811728348600973
10.508613469048887,13.781953870760045,0.1111111111111111,3.035648419237054,2.354778203646654,2.340198789576886
10.508613469048887,13.781953870760045,0.2222222222222222,2.94590606914033,2.340580567288387,2.301187912934648
10.508613469048887,13.781953870760045,0.3333333333333333,2.855813915289558,2.3269972126741973,2.2641679945547857
10.508613469048887,13.781953870760045,0.4444444444444444,2.7647712890108513,2.3139683980470065,2.229182612708421
10.508613469048887,13.781953870760045,0.5555555555555556,2.672174612275884,2.3014452238325305,2.196285840529545
10.508613469048887,13.781953870760045,0.6666666666666666,2.5773941260198416,2.2893871387694484,2.1655371083035626
10.508613469048887,13.781953870760045,0.7777777777777777,2.4797514063704753,2.2777601229035978,2.1369961698583215
10.508613469048887,13.781953870760045,0.8888888888888888,2.3784965504119864,2.266535337349347,2.1107182199603614
10.508613469048887,13.781953870760045,1.0,2.2727851055873742,2.2556881033011678,2.0867492875500013
10.508613469048887,15.942368261311618,0.0,3.1256648135354723,2.4464743848109336,2.3436525414715947
10.508613469048887,15.942368261311618,0.1111111111111111,3.0454234207151614,2.4327536895525825,2.307927007883311
10.508613469048887,15.942368261311618,0.2222222222222222,2.96547967083414,2.419556717818654,2.2738796491557567
10.508613469048887,15.942368261311618,0.3333333333333333,2.8853902633200477,2.406832922632984,2.2415345607871835
10.508613469048887,20.263197042414767,0.6666666666666666,2.7295338139923486,2.4901436111231154,2.138361955267196
10.508613469048887,20.263197042414767,0.7777777777777777,2.6617121707919837,2.4802083024596846,2.1181354225024815
10.508613469048887,20.263197042414767,0.8888888888888888,2.5927382416484743,2.470492757521964,2.0992708981496904
10.508613469048887,20.263197042414767,1.0,2.522351207568013,2.460985248748156,2.0817781887218247
10.508613469048887,22.423611432966343,0.0,3.125664813535472,2.5948946926365517,2.2659492378097044
10.508613469048887,22.423611432966343,0.1111111111111111,3.0651539776276997,2.5841606348136437,2.2407536721710892
10.508613469048887,22.423611432966343,0.2222222222222222,3.004902342126947,2.573702746734457,2.216665308915056
10.508613469048887,22.423611432966343,0.3333333333333333,2.944718164940785,2.56350097751139,2.193696121239186
10.508613469048887,22.423611432966343,0.4444444444444444,2.8844179018805183,2.5535378944711713,2.1718591827522884
10.508613469048887,22.423611432966343,0.5555555555555556,2.8238223651475107,2.543798235213426,2.1511677412299783
10.508613469048887,22.423611432966343,0.6666666666666666,2.7627533276003478,2.5342685527656066,2.1316343336139063
10.508613469048887,22.423611432966343,0.7777777777777777,2.7010303950144077,2.52493693135483,2.1132699523516494
10.508613469048887,22.423611432966343,0.8888888888888888,2.6384680105043135,2.515792756444477,2.0960832757962544
10.508613469048887,22.423611432966343,1.0,2.5748724857298098,2.5068265269628647,2.080079976965357
10.508613469048887,24.58402582351792,0.0,3.125664813535472,2.627898376109682,2.247666704548333
10.508613469048887,24.58402582351792,0.1111111111111111,3.0697405414157193,2.6179266687326006,2.2248685401297457
10.508613469048887,24.58402582351792,0.2222222222222222,3.0140551960544335,2.6081874005933714,2.203048589212054
10.508613469048887,24.58402582351792,0.3333333333333333,2.9584570674131436,2.5986650398334485,2.182216058586169
10.508613469048887,24.58402582351792,0.4444444444444444,2.9028008065164483,2.589345922143757,2.1623805991706995
10.508613469048887,24.58402582351792,0.5555555555555556,2.846944803749529,2.5802179542248926,2.1435516692167482
10.508613469048887,24.58402582351792,0.6666666666666666,2.7907488642365927,2.571270374740847,2.1257379289761333
10.508613469048887,24.58402582351792,0.7777777777777777,2.734072073383943,2.562493559772613,2.1089466740600264
10.508613469048887,24.58402582351792,0.8888888888888888,2.6767707693810365,2.553878863101592,2.0931833157388895
10.508613469048887,24.58402582351792,1.0,2.6186965565621194,2.545418484033652,2.078450916921181
11.711406576952074,0.8194675274505974,0.0,3.3420335487105977,2.7996791657270688,3.223574388848231
11.711406576952074,0.8194675274505974,0.1111111111111111,3.015165211626636,2.8029044134682595,3.0733992976543543
11.711406576952074,0.8194675274505974,0.2222222222222222,2.681045975627301,2.8044793654314977,2.934967619585032
11.711406576952074,0.8194675274505974,0.3333333333333333,2.317501796950769,2.8050985635583725,2.8035942367694062
11.711406576952074,0.8194675274505974,0.4444444444444444,1.93501288577804,2.805115587089674,2.677017856491615
11.711406576952074,0.8194675274505974,0.5555555555555556,1.697587310024556,2.80473864763759,2.5543094094367405
11.711406576952074,0.8194675274505974,0.6666666666666666,1.8048660827598966,2.8041021031753997,2.4355742160065383
11.711406576952074,0.8194675274505974,0.7777777777777777,2.032253343386964,2.8032980624642465,2.3219511670353543
11.711406576952074,0.8194675274505974,0.8888888888888888,2.228636652784125,2.8023922331716387,2.2157160321906018
11.711406576952074,0.8194675274505974,1.0,2.381871266700709,2.801432660441549,2.1203055711309022
11.711406576952074,2.979881918002172,0.0,3.342033548710597,2.213392746119762,3.015099550057624
11.711406576952074,2.979881918002172,0.1111111111111111,3.112980411003403,2.228238207673257,2.9031913667511065
11.711406576952074,2.979881918002172,0.2222222222222222,2.8866970360164714,2.2400876740350446,2.7981413238328585
11.711406576952074,2.979881918002172,0.3333333333333333,2.653730397236164,2.249951826518964,2.698213938779168
11.711406576952074,2.979881918002172,0.4444444444444444,2.4062296543509967,2.258437621376479,2.6024920416399553
11.711406576952074,2.979881918002172,0.5555555555555556,2.138567733163947,2.265933637176918,2.5105845247868976
11.711406576952074,2.979881918002172,0.6666666666666666,1.8562541274284767,2.272700063829997,2.422505615580901
11.711406576952074,2.979881918002172,0.7777777777777777,1.6094022947814774,2.278916944797352,2.338624435277216
11.711406576952074,2.979881918002172,0.8888888888888888,1.5216485667122173,2.284712000992637,2.2596384714814435
11.711406576952074,2.979881918002172,1.0,1.6251998820696893,2.2901776022825184,2.186539612044323
11.711406576952074,5.140296308553746,0.0,3.342033548710597,1.9654640767147862,2.872584383548312
11.711406576952074,5.140296308553746,0.1111111111111111,3.165911776698758,1.964822970963921,2.7843532446543873
11.711406576952074,5.140296308553746,0.2222222222222222,2.9934771424287963,1.9658337946053999,2.700606117866994
11.711406576952074,5.140296308553746,0.3333333333333333,2.820152042198631,1.9678949270900004,2.6205943627435033
11.711406576952074,5.140296308553746,0.4444444444444444,2.6420685250676357,1.9706696443594265,2.5439023710508595
11.711406576952074,5.140296308553746,0.5555555555555556,2.45557496032891,1.9739553888999017,2.470353346906885
11.711406576952074,5.140296308553746,0.6666666666666666,2.257226811982614,1.9776228642353018,2.3999602074092574
11.711406576952074,5.140296308553746,0.7777777777777777,2.04475201458671,1.9815851564065277,2.3328971077566996
11.711406576952074,5.140296308553746,0.8888888888888888,1.8209142610919373,1.9857810538552836,2.2694785580015995
11.711406576952074,5.140296308553746,1.0,1.605079575093549,1.9901655786581898,2.210137591229504
11.711406576952074,7.300710699105321,0.0,3.342033548710597,2.1103966876526963,2.769021316409985
11.711406576952074,7.300710699105321,0.1111111111111111,3.1990685311518443,2.0915296854485868,2.6967580335436256
11.711406576952074,7.300710699105321,0.2222222222222222,3.0593651846565657,2.0753480882676967,2.6276832171089946
11.711406576952074,7.300710699105321,0.3333333333333333,2.92036581102901,2.0612809796271865,2.561441207878797
11.711406576952074,7.300710699105321,0.4444444444444444,2.7799146407937934,2.0489391358845586,2.4978314054600514
11.711406576952074,7.300710699105321,0.5555555555555556,2.6360115738360257,2.0380445938671556,2.4367728159786655
11.711406576952074,7.300710699105321,0.6666666666666666,2.4866770678325385,2.028391227884854,2.3782821669840892
11.711406576952074,7.300710699105321,0.7777777777777777,2.3299180017945402,2.019821245254645,2.322458776256187
11.711406576952074,7.300710699105321,0.8888888888888888,2.163880511810063,2.01221047012194,2.2694720763338
11.711406576952074,7.300710699105321,1.0,1.9874751887852573,2.0054587642562027,2.219549040027615
11.711406576952074,9.461125089656896,0.0,3.342033548710597,2.2915494566431924,2.6905054220860944
11.711406576952074,9.461125089656896,0.1111111111111111,3.2217689777400773,2.270417464076923,2.6296769638446014
11.711406576952074,9.461125089656896,0.2222222222222222,3.104207088816898,2.2511056326881653,2.571254627854575
11.711406576952074,9.461125089656896,0.3333333333333333,2.987775704673317,2.233296977860255,2.515057757736808
11.711406576952074,9.461125089656896,0.4444444444444444,2.871142304272864,2.216762616283784,2.4609854848206205
11.711406576952074,9.461125089656896,0.5555555555555556,2.753091781504417,2.2013318228220937,2.4090015800604063
11.711406576952074,9.461125089656896,0.6666666666666666,2.6324478364216346,2.1868738122301616,2.3591237911514615
11.711406576952074,9.461125089656896,0.7777777777777777,2.5080223764865317,2.1732861060475503,2.3114155597581663
11.711406576952074,9.461125089656896,0.8888888888888888,2.378593612253376,2.1604868096487095,2.2659787153038935
11.711406576952074,9.461125089656896,1.0,2.2429336230695482,2.1484093184735404,2.2229461644266006
11.711406576952074,11.621539480208469,0.0,3.342033548710597,2.4279351548301933,2.62906624837513
11.711406576952074,11.621539480208469,0.1111111111111111,3.2382751810723422,2.4083448010618547,2.576790708832955
11.711406576952074,11.621539480208469,0.2222222222222222,3.136737402510691,2.3900004574310976,2.5264096606026887
11.711406576952074,11.621539480208469,0.3333333333333333,3.0363861171318183,2.3727128704657763,2.4778269257278387
11.711406576952074,11.621539480208469,0.4444444444444444,2.9363365656404126,2.3563392385088955,2.4309906573234086
11.711406576952074,11.621539480208469,0.5555555555555556,2.835788374397053,2.340769142928015,2.3858861441677206
11.711406576952074,11.621539480208469,0.6666666666666666,2.7339811816443502,2.3259154485760423,2.342530195272207
11.711406576952074,11.621539480208469,0.7777777777777777,2.6301626732359495,2.31170819273059,2.3009664027847907
11.711406576952074,11.621539480208469,0.8888888888888888,2.5235657927879815,2.2980903511640323,2.261260770742451
11.711406576952074,11.621539480208469,1.0,2.413395962423499,2.2850148265566577,2.2234973361532866
11.711406576952074,13.781953870760045,0.0,3.3420335487105977,2.527848345216259,2.579783545323472
11.711406576952074,13.781953870760045,0.1111111111111111,3.2508125007895656,2.510215060865628,2.534119829090346
11.711406576952074,13.781953870760045,0.2222222222222222,3.1614278670025895,2.4934848096677626,2.4899948523352973
11.711406576952074,13.781953870760045,0.3333333333333333,3.073164022765939,2.4775363167392204,2.4473557743606706
11.711406576952074,13.781953870760045,0.4444444444444444,2.9854022742490436,2.4622747974579853,2.4061759238024543
11.711406576952074,13.781953870760045,0.5555555555555556,2.8975840723410204,2.4476247290377326,2.366451063388738
11.711406576952074,13.781953870760045,0.6666666666666666,2.8091848811534614,2.433524944148173,2.3281962297355516
11.711406576952074,13.781953870760045,0.7777777777777777,2.7196946024201423,2.4199251996232545,2.291442902922532
11.711406576952074,13.781953870760045,0.8888888888888888,2.6286024001166775,2.406783715099107,2.2562363100466323
11.711406576952074,13.781953870760045,1.0,2.5353851038838173,2.394065368672791,2.2226327140370903
11.711406576952074,15.942368261311618,0.0,3.342033548710597,2.6030478037894165,2.5394499388317495
11.711406576952074,15.942368261311618,0.1111111111111111,3.2606557147599045,2.587177009638413,2.4990317677202762
11.711406576952074,15.942368261311618,0.2222222222222222,3.1808128787556527,2.571991540980245,2.4598930309941984
11.711406576952074,15.942368261311618,0.3333333333333333,3.101989761430519,2.557409350009028,2.4220041850613274
11.711406576952074,15.942368261311618,0.4444444444444444,3.023736326657798,2.543364476388665,2.385351910357582
11.711406576952074,15.942368261311618,0.5555555555555556,2.9456457933993874,2.5298030592183185,2.3499370220984277
11.711406576952074,15.942368261311618,0.6666666666666666,2.8673385317665785,2.516680521843812,2.3157725888766567
11.711406576952074,15.942368261311618,0.7777777777777777,2.788449716597307,2.5039595358029727,2.282882171997449
11.711406576952074,15.942368261311618,0.8888888888888888,2.7086194860702006,2.4916085170908144,2.2512981089888795
11.711406576952074,15.942368261311618,1.0,2.627484919241409,2.4796004951739903,2.2210597804925225
11.711406576952074,18.102782651863194,0.0,3.3420335487105977,2.661413457812495,2.5058848688051687
11.711406576952074,18.102782651863194,0.1111111111111111,3.2685872178969526,2.647038134209145,2.4697166549574803
11.711406576952074,18.102782651863194,0.2222222222222222,3.1964386195469188,2.633201364936611,2.434631828206643
11.711406576952074,18.102782651863194,0.3333333333333333,3.1252046983924338,2.61984522919791,2.4006138292723125
11.711406576952074,18.102782651863194,0.4444444444444444,3.0545477320072894,2.606922082473074,2.367656572558607
11.711406576952074,18.102782651863194,0.5555555555555556,2.984161580940178,2.594392226348261,2.3357632019730272
11.711406576952074,22.423611432966343,0.8888888888888888,2.865779575820518,2.658014779411851,2.2381926820293225
11.711406576952074,22.423611432966343,1.0,2.806568422707683,2.6481512999985175,2.215034312093028
11.711406576952074,24.58402582351792,0.0,3.342033548710597,2.7774116722014113,2.432455717277923
11.711406576952074,24.58402582351792,0.1111111111111111,3.2852177604912067,2.766268045895072,2.405207064075549
11.711406576952074,24.58402582351792,0.2222222222222222,3.22923620144514,2.7554252899203213,2.3786691931087693
11.711406576952074,24.58402582351792,0.3333333333333333,3.1739075887222477,2.744858946881856,2.352839891699934
11.711406576952074,24.58402582351792,0.4444444444444444,3.1190683529599785,2.7345479031065185,2.3277203382351503
11.711406576952074,24.58402582351792,0.5555555555555556,3.0645684998370233,2.7244737892419244,2.303314753244469
11.711406576952074,24.58402582351792,0.6666666666666666,3.0102683157490766,2.714620511164818,2.2796300424384905
11.711406576952074,24.58402582351792,0.7777777777777777,2.956035685242832,2.70497387835611,2.2566754329963237
11.711406576952074,24.58402582351792,0.8888888888888888,2.901743856592388,2.6955213062257712,2.2344621026812828
11.711406576952074,24.58402582351792,1.0,2.847269538844081,2.6862515752671134,2.2130028009412164
12.914199684855259,0.8194675274505974,0.0,3.5163322858101194,2.7786389428912517,3.3926473803
12.914199684855259,0.8194675274505974,0.1111111111111111,3.1832353838345524,2.7844256128881772,3.234177967027093
12.914199684855259,0.8194675274505974,0.2222222222222222,2.8618985516546482,2.787413617354143,3.0918286805045403
12.914199684855259,0.8194675274505974,0.3333333333333333,2.5316418063211983,2.7888975613240135,2.95865096096398
12.914199684855259,0.8194675274505974,0.4444444444444444,2.2008342067029396,2.7894725999214747,2.8312640239417672
12.914199684855259,0.8194675274505974,0.5555555555555556,1.956639309240162,2.7894675543216643,2.707881151366141
12.914199684855259,0.8194675274505974,0.6666666666666666,1.9402545534915823,2.7890852159409456,2.5876962470543483
12.914199684855259,0.8194675274505974,0.7777777777777777,2.0859764580077025,2.7884598497396844,2.4707143851888413
12.914199684855259,0.8194675274505974,0.8888888888888888,2.252706272438709,2.787684543397773,2.3577830919819993
12.914199684855259,0.8194675274505974,1.0,2.3956149619058826,2.786825702251118,2.2507165586848408
12.914199684855259,2.979881918002172,0.0,3.51633228581012,2.1397848320314776,3.186666584175245
12.914199684855259,2.979881918002172,0.1111111111111111,3.280880174409205,2.160165373807376,3.0701212396838717
12.914199684855259,2.979881918002172,0.2222222222222222,3.0573427390950543,2.1760383329147954,2.9622928264006276
12.914199684855259,2.979881918002172,0.3333333333333333,2.8353071520025397,2.188986854915846,2.8605320839232977
12.914199684855259,2.979881918002172,0.4444444444444444,2.608257604282013,2.199941149549473,2.7633286581431524
12.914199684855259,2.979881918002172,0.5555555555555556,2.3729517949943513,2.2094839444896537,2.6697992338519576
12.914199684855259,2.979881918002172,0.6666666666666666,2.1334777535366567,2.2179980243177555,2.579474547259711
12.914199684855259,2.979881918002172,0.7777777777777777,1.9135847302640363,2.225743954372106,2.492206353762551
12.914199684855259,2.979881918002172,0.8888888888888888,1.7708430805327662,2.2329040303250345,2.4081302160387414
12.914199684855259,2.979881918002172,1.0,1.7583602945635068,2.239608571430387,2.327654363890589
12.914199684855259,5.140296308553746,0.0,3.51633228581012,2.006818808621258,3.045772494417459
12.914199684855259,5.140296308553746,0.1111111111111111,3.3345578775524474,1.9939536292285036,2.9544517795557343
12.914199684855259,5.140296308553746,0.2222222222222222,3.161909545649827,1.9855195685263574,2.8684396696437386
12.914199684855259,5.140296308553746,0.3333333333333333,2.992957310304965,1.9799687314125152,2.7865508054779777
12.914199684855259,5.140296308553746,0.4444444444444444,2.8239113981179207,1.9764323364249148,2.7080334701551045
12.914199684855259,5.140296308553746,0.5555555555555556,2.6518371564073107,1.9743800534365206,2.6324139383150014
12.914199684855259,5.140296308553746,0.6666666666666666,2.474512933068009,1.9734668582801085,2.5594177642881086
12.914199684855259,5.140296308553746,0.7777777777777777,2.2909269723072754,1.9734564109929618,2.4889280987230706
12.914199684855259,5.140296308553746,0.8888888888888888,2.1029494654529017,1.974179631750864,2.4209631749180183
12.914199684855259,5.140296308553746,1.0,1.9192816682910758,1.9755109403339266,2.3556635903464507
12.914199684855259,7.300710699105321,0.0,3.5163322858101194,2.2413777776748987,2.9431149678752155
12.914199684855259,7.300710699105321,0.1111111111111111,3.368454307194506,2.2137662965585827,2.8684710622362553
11.711406576952074,18.102782651863194,0.6666666666666666,2.9137613576706825,2.582222209307472,2.3049449160883326
11.711406576952074,18.102782651863194,0.7777777777777777,2.843075361923969,2.5703835625497824,2.275219832720832
11.711406576952074,18.102782651863194,0.8888888888888888,2.7718385572052564,2.5588518428647715,2.2466118631643406
11.711406576952074,18.102782651863194,1.0,2.69978713860471,2.547605896616762,2.2191495710771703
11.711406576952074,20.263197042414767,0.0,3.342033548710597,2.707947305539527,2.4775550881985198
11.711406576952074,20.263197042414767,0.1111111111111111,3.2751136049898615,2.694830407247035,2.444890742743338
11.711406576952074,20.263197042414767,0.2222222222222222,3.20930282247784,2.6821482669191785,2.4131572317426295
11.711406576952074,20.263197042414767,0.3333333333333333,3.1443088637730394,2.669858572346666,2.3823454328225173
11.711406576952074,20.263197042414767,0.4444444444444444,3.079871774434709,2.6579258524725793,2.3524532190083787
11.711406576952074,20.263197042414767,0.5555555555555556,3.015755050434712,2.64632005011079,2.323484677757276
11.711406576952074,20.263197042414767,0.6666666666666666,2.9517387777213875,2.6350154523072615,2.2954493469036303
11.711406576952074,20.263197042414767,0.7777777777777777,2.8876141925558425,2.6239898751563664,2.268361458665268
11.711406576952074,20.263197042414767,0.8888888888888888,2.823179233179217,2.6132240332278784,2.242239180693464
11.711406576952074,20.263197042414767,1.0,2.7582347985399887,2.6027010453247628,2.217103844326051
11.711406576952074,22.423611432966343,0.0,3.3420335487105977,2.7458901328361924,2.4533521473162163
11.711406576952074,22.423611432966343,0.1111111111111111,3.2805772411999965,2.733837796260944,2.4236194334899164
11.711406576952074,22.423611432966343,0.2222222222222222,3.2200784878922772,2.7221440019755008,2.3946960751360167
11.711406576952074,22.423611432966343,0.3333333333333333,3.160309222992815,2.7107769577490135,2.3665772931232145
11.711406576952074,22.423611432966343,0.4444444444444444,3.1010650787785448,2.699709585057485,2.339263118142944
11.711406576952074,22.423611432966343,0.5555555555555556,3.04215939044204,2.6889186095780406,2.312757878333729
11.711406576952074,22.423611432966343,0.6666666666666666,2.983418502947513,2.6783838635323534,2.2870696847958456
11.711406576952074,22.423611432966343,0.7777777777777777,2.9246779974485713,2.668087742855916,2.262209913765719
12.914199684855259,7.300710699105321,0.2222222222222222,3.227444395549553,2.1899481075311207,2.797365951891911
12.914199684855259,7.300710699105321,0.3333333333333333,3.090153798779327,2.169009186833808,2.729206566871879
12.914199684855259,7.300710699105321,0.4444444444444444,2.954280901868651,2.150356185074206,2.6635888021011347
12.914199684855259,7.300710699105321,0.5555555555555556,2.8179805987927335,2.133581710460727,2.6002439866166593
12.914199684855259,7.300710699105321,0.6666666666666666,2.679682728953401,2.118393728722741,2.539007401133995
12.914199684855259,7.300710699105321,0.7777777777777777,2.5380401011878604,2.1045754600550257,2.4797991727032693
12.914199684855259,7.300710699105321,0.8888888888888888,2.3920141575732834,2.0919611700608183,2.422612281646237
12.914199684855259,7.300710699105321,1.0,2.241187536125872,2.080420844304686,2.3675045365646845
12.914199684855259,9.461125089656896,0.0,3.5163322858101194,2.436640419898091,2.8649737474619346
12.914199684855259,9.461125089656896,0.1111111111111111,3.391770295295485,2.410557666248856,2.8021072809494703
12.914199684855259,9.461125089656896,0.2222222222222222,3.272472759376013,2.3868773819537465,2.741764002259106
12.914199684855259,9.461125089656896,0.3333333333333333,3.156463586119854,2.3651072049835515,2.683621134809855
12.914199684855259,9.461125089656896,0.4444444444444444,3.0422457919313515,2.3449057636902646,2.627447481152697
12.914199684855259,9.461125089656896,0.5555555555555556,2.928602569632891,2.326026622779596,2.573083188929741
12.914199684855259,9.461125089656896,0.6666666666666666,2.8144873662455008,2.3082861524062146,2.52042624331522
12.914199684855259,9.461125089656896,0.7777777777777777,2.698964002065852,2.291543951448273,2.469423315125618
12.914199684855259,9.461125089656896,0.8888888888888888,2.5811836525415672,2.2756903326092033,2.420063371718759
12.914199684855259,9.461125089656896,1.0,2.4604016569460625,2.260638004925067,2.37237295803812
12.914199684855259,11.621539480208469,0.0,3.51633228581012,2.5719614637288477,2.803534500845612
12.914199684855259,11.621539480208469,0.1111111111111111,3.4087744592785434,2.549044462450347,2.749394350609024
12.914199684855259,11.621539480208469,0.2222222222222222,3.305347440146861,2.527757863260776,2.6971465328673494
12.914199684855259,11.621539480208469,0.3333333333333333,3.204735115684552,2.5078099823474784,2.6466034392036044
12.914199684855259,11.621539480208469,0.4444444444444444,3.1059104177338086,2.4889881220368353,2.5976258173434137
12.914199684855259,11.621539480208469,0.5555555555555556,3.008027629727039,2.4711323168030646,2.5501145482866114
12.914199684855259,11.621539480208469,0.6666666666666666,2.9103574119125577,2.4541192194659742,2.504004493548274
12.914199684855259,11.621539480208469,0.7777777777777777,2.8122462797516437,2.437851732686279,2.4592599081288613
12.914199684855259,11.621539480208469,0.8888888888888888,2.7130921104553827,2.4222520765764615,2.415870951868179
12.914199684855259,11.621539480208469,1.0,2.6123326773933244,2.4072570040826524,2.3738509172987956
12.914199684855259,13.781953870760045,0.0,3.51633228581012,2.6685819314050363,2.7539953616512616
12.914199684855259,13.781953870760045,0.1111111111111111,3.4217157695274247,2.648440799666815,2.706559906174853
12.914199684855259,13.781953870760045,0.2222222222222222,3.330412788018879,2.6294777267238287,2.660599531635544
12.914199684855259,13.781953870760045,0.3333333333333333,3.241505315161853,2.611507018518739,2.6159992845784243
12.914199684855259,13.781953870760045,0.4444444444444444,3.1542588975059775,2.5943878205103292,2.5726716078895175
12.914199684855259,13.781953870760045,0.5555555555555556,3.068060913522531,2.578010652907331,2.530552811528769
12.914199684855259,13.781953870760045,0.6666666666666666,2.9823810038984035,2.562288684275282,2.4896001247360346
12.914199684855259,13.781953870760045,0.7777777777777777,2.896744739877021,2.5471518602365175,2.4497892977995823
12.914199684855259,13.781953870760045,0.8888888888888888,2.810715846473294,2.5325428283643006,2.4111126383552572
12.914199684855259,13.781953870760045,1.0,2.7238846257922615,2.5184140343506303,2.3735773545179066
12.914199684855259,15.942368261311618,0.0,3.5163322858101203,2.7405869574270274,2.713234713951306
12.914199684855259,15.942368261311618,0.1111111111111111,3.43189040571902,2.722694655808842,2.671099072188891
12.914199684855259,15.942368261311618,0.2222222222222222,3.3501585975731185,2.7056935514579945,2.6301483376120287
12.914199684855259,15.942368261311618,0.3333333333333333,3.270472399769713,2.6894588055032385,2.5903089600504434
12.914199684855259,15.942368261311618,0.4444444444444444,3.192288975506224,2.6738926977566537,2.5515238486991496
12.914199684855259,15.942368261311618,0.5555555555555556,3.1151499206142397,2.6589172160487413,2.5137507970611694
12.914199684855259,15.942368261311618,0.6666666666666666,3.038656293237678,2.644469035746236,2.476961009301632
12.914199684855259,15.942368261311618,0.7777777777777777,2.962451265979812,2.6304960139923907,2.441137797364995
12.914199684855259,15.942368261311618,0.8888888888888888,2.886207790609545,2.616954678076142,2.406275440971579
12.914199684855259,15.942368261311618,1.0,2.809619788538472,2.603808385895688,2.3723781745263643
12.914199684855259,18.102782651863194,0.0,3.51633228581012,2.796233830059867,2.6791328035424335
12.914199684855259,18.102782651863194,0.1111111111111111,3.4400973393096312,2.7801600430284195,2.6412832111066007
12.914199684855259,18.102782651863194,0.2222222222222222,3.3661164451785974,2.7647840218182957,2.6044083792921056
12.914199684855259,18.102782651863194,0.3333333333333333,3.2938939147519557,2.750018176597023,2.5684595188215944
12.914199684855259,18.102782651863194,0.4444444444444444,3.2230175497172366,2.7357921668794623,2.533398230147373
12.914199684855259,18.102782651863194,0.5555555555555556,3.153135270468126,2.7220485850193383,2.499195783573395
12.914199684855259,18.102782651863194,0.6666666666666666,3.0839388235120606,2.708739922463387,2.4658323557514015
12.914199684855259,18.102782651863194,0.7777777777777777,3.0151520825403515,2.6958263838566534,2.4332962969237437
12.914199684855259,18.102782651863194,0.8888888888888888,2.946522448557912,2.683274277850707,2.4015834491615218
12.914199684855259,18.102782651863194,1.0,2.877814435679175,2.6710548101693923,2.3706965118459014
12.914199684855259,20.263197042414767,0.0,3.51633228581012,2.840513581292366,2.6501990218131546
12.914199684855259,20.263197042414767,0.1111111111111111,3.446855540073415,2.8259294906001236,2.6158813000982217
12.914199684855259,20.263197042414767,0.2222222222222222,3.379280930043864,2.8119064914199194,2.5823810252109
12.914199684855259,20.263197042414767,0.3333333333333333,3.3132292515752786,2.798380974990448,2.549664828474974
12.914199684855259,20.263197042414767,0.4444444444444444,3.248380365488465,2.7853007655587,2.517706181282002
12.914199684855259,20.263197042414767,0.5555555555555556,3.184457968701261,2.7726224859316906,2.486485063891711
12.914199684855259,20.263197042414767,0.6666666666666666,3.1212186408536797,2.7603096478355624,2.455987557845001
12.914199684855259,20.263197042414767,0.7777777777777777,3.058443763854645,2.748331238612393,2.426205420677098
12.914199684855259,20.263197042414767,0.8888888888888888,2.995933431349919,2.736660656140263,2.397135666683983
12.914199684855259,20.263197042414767,1.0,2.933501781292503,2.7252748931528554,2.3687801599309495
12.914199684855259,22.423611432966343,0.0,3.51633228581012,2.87658742977035,2.625354611491758
12.914199684855259,22.423611432966343,0.1111111111111111,3.452516577131454,2.8632423153486593,2.593993389131128
12.914199684855259,22.423611432966343,0.2222222222222222,3.390326303985041,2.8503581235523874,2.563328584313265
12.914199684855259,22.423611432966343,0.3333333333333333,3.3294651412521814,2.837887330353094,2.5333367692848383
12.914199684855259,22.423611432966343,0.4444444444444444,3.2696796437414317,2.825790254250222,2.5039991848253234
12.914199684855259,22.423611432966343,0.5555555555555556,3.2107490075690146,2.8140333840705676,2.475301590462897
12.914199684855259,22.423611432966343,0.6666666666666666,3.1524775084328343,2.8025881345361823,2.4472340413942173
12.914199684855259,22.423611432966343,0.7777777777777777,3.0946887942924692,2.7914299037754016,2.4197906344820814
12.914199684855259,22.423611432966343,0.8888888888888888,3.0372214946104164,2.7805373483776687,2.3929692435900263
12.914199684855259,22.423611432966343,1.0,2.9799257876475016,2.7698918179757093,2.366771252537336
12.914199684855259,24.58402582351792,0.0,3.51633228581012,2.906546862439325,2.6037997941744506
12.914199684855259,24.58402582351792,0.1111111111111111,3.4573269829752777,2.8942470575188097,2.57494672409725
12.914199684855259,24.58402582351792,0.2222222222222222,3.3997259324335274,2.882332569739413,2.5466948061113146
12.914199684855259,24.58402582351792,0.3333333333333333,3.3432933235741547,2.8707670361111757,2.519027214371592
12.914199684855259,24.58402582351792,0.4444444444444444,3.287825181394713,2.8595196320385416,2.4919304102507818
12.914199684855259,24.58402582351792,0.5555555555555556,3.2331422927341475,2.848563973755175,2.465394078481515
12.914199684855259,24.58402582351792,0.6666666666666666,3.1790848618783145,2.837877282837204,2.439411002522832
12.914199684855259,24.58402582351792,0.7777777777777777,3.1255083965211665,2.8274397406116885,2.4139769087950786
12.914199684855259,24.58402582351792,0.8888888888888888,3.0722804870690146,2.817233982570049,2.3890902954255737
12.914199684855259,24.58402582351792,1.0,3.019278247698735,2.8072446976592396,2.3647522532233465
14.116992792758445,0.8194675274505974,0.0,3.6619893913337624,2.75566765628913,3.538822632267836
14.116992792758445,0.8194675274505974,0.1111111111111111,3.3165509384720013,2.764986130202777,3.3711483042124013
14.116992792758445,0.8194675274505974,0.2222222222222222,2.999733309831237,2.7697890221669184,3.2246931618579735
14.116992792758445,0.8194675274505974,0.3333333333333333,2.68772158368977,2.7723475741596246,3.0898496688710537
14.116992792758445,0.8194675274505974,0.4444444444444444,2.386716660609357,2.7736055864263247,2.962187352858135
14.116992792758445,0.8194675274505974,0.5555555555555556,2.1542649971621097,2.7740543789429726,2.8392976164799184
14.116992792758445,0.8194675274505974,0.6666666666666666,2.085679209304657,2.7739847254916614,2.7198405954092637
14.116992792758445,0.8194675274505974,0.7777777777777777,2.1680466920207144,2.773583197993139,2.603212793064772
14.116992792758445,0.8194675274505974,0.8888888888888888,2.299967679739624,2.772975872187479,2.4894661297343452
14.116992792758445,0.8194675274505974,1.0,2.426478171417639,2.7722507009188933,2.379358666230975
14.116992792758445,2.979881918002172,0.0,3.6619893913337624,2.072176647326783,3.3328256613421336
14.116992792758445,2.979881918002172,0.1111111111111111,3.416226184638918,2.0969483791832646,3.2115055663085372
14.116992792758445,2.979881918002172,0.2222222222222222,3.191147449175428,2.1162323834788546,3.101115204892378
14.116992792758445,2.979881918002172,0.3333333333333333,2.9739394803162176,2.13185806581714,2.998046170577767
14.116992792758445,2.979881918002172,0.4444444444444444,2.757996992567967,2.1449789032364004,2.9002700642656127
14.116992792758445,2.979881918002172,0.5555555555555556,2.54070952699695,2.1563311153998788,2.806545579760326
14.116992792758445,2.979881918002172,0.6666666666666666,2.3253289039095373,2.1663998089052563,2.716098004655123
14.116992792758445,2.979881918002172,0.7777777777777777,2.1268432127431836,2.1755143210050374,2.6284733997091227
14.116992792758445,2.979881918002172,0.8888888888888888,1.9782352729225043,2.1839039369257445,2.5434709982225323
14.116992792758445,2.979881918002172,1.0,1.91710761793133,2.1917316490988497,2.4611154667001105
14.116992792758445,5.140296308553746,0.0,3.6619893913337624,2.0913594783919045,3.1924088897866563
14.116992792758445,5.140296308553746,0.1111111111111111,3.4717105585878176,2.063194669246768,3.098296532186792
14.116992792758445,5.140296308553746,0.2222222222222222,3.2959498806348395,2.042820829137998,3.010552103596834
14.116992792758445,5.140296308553746,0.3333333333333333,3.127777375550006,2.0274837215159764,2.9275912533778037
14.116992792758445,5.140296308553746,0.4444444444444444,2.9629662021361165,2.015674822571582,2.8483929582712952
14.116992792758445,5.140296308553746,0.5555555555555556,2.7986694772244682,2.0064822792774333,2.772273199055765
14.116992792758445,5.140296308553746,0.6666666666666666,2.6330479099242554,1.9993146914930682,2.6987712758666365
14.116992792758445,5.140296308553746,0.7777777777777777,2.465475387932596,1.9937670239328114,2.627588750863747
14.116992792758445,5.140296308553746,0.8888888888888888,2.297420343301828,1.989549271882026,2.5585556148873465
14.116992792758445,5.140296308553746,1.0,2.1342967223757587,1.986445849894584,2.4916116024355244
14.116992792758445,7.300710699105321,0.0,3.6619893913337624,2.3757339130694994,3.0902699291538167
14.116992792758445,7.300710699105321,0.1111111111111111,3.506968620032505,2.3404403867369674,3.013815976076923
14.116992792758445,7.300710699105321,0.2222222222222222,3.3624497443782437,2.3101462559957575,2.9414388386819628
14.116992792758445,7.300710699105321,0.3333333333333333,3.22434213580489,2.283501194829667,2.8723583361134764
14.116992792758445,7.300710699105321,0.4444444444444444,3.089944336242028,2.259668100422054,2.806020857272809
14.116992792758445,7.300710699105321,0.5555555555555556,2.957301962023915,2.2380916782531326,2.742029142799691
14.116992792758445,7.300710699105321,0.6666666666666666,2.8249235266751547,2.218384860996462,2.6800998001920706
14.116992792758445,7.300710699105321,0.7777777777777777,2.691673734668481,2.200267281016027,2.620037114250158
14.116992792758445,7.300710699105321,0.8888888888888888,2.556797004053111,2.183529425989606,2.5617166414505954
14.116992792758445,7.300710699105321,1.0,2.4200894370416286,2.168010555957799,2.505074840419637
14.116992792758445,9.461125089656896,0.0,3.6619893913337624,2.571186452131481,3.012559101137834
14.116992792758445,9.461125089656896,0.1111111111111111,3.531306748756598,2.5406267909842604,2.948404418074513
14.116992792758445,9.461125089656896,0.2222222222222222,3.408492161721649,2.5131685725370625,2.8870528711186383
14.116992792758445,9.461125089656896,0.3333333333333333,3.2909546514189407,2.488091428330181,2.8280844939128253
14.116992792758445,13.781953870760045,0.6666666666666666,3.117950375911289,2.67639346194765,2.6330834356607906
14.116992792758445,13.781953870760045,0.7777777777777777,3.033982261471041,2.6599489659670823,2.5923126499037505
14.116992792758445,13.781953870760045,0.8888888888888888,2.950465036473117,2.6441127194480623,2.5525208996401108
14.116992792758445,13.781953870760045,1.0,2.8670192155381744,2.6288231820067383,2.513676460489416
14.116992792758445,15.942368261311618,0.0,3.6619893913337624,2.8621787148794566,2.8614837391003882
14.116992792758445,15.942368261311618,0.1111111111111111,3.5733169084478136,2.842271111219694,2.8186291763479625
14.116992792758445,15.942368261311618,0.2222222222222222,3.488559596025419,2.82350324373175,2.776983625295547
14.116992792758445,15.942368261311618,0.3333333333333333,3.406838516677197,2.805694885945258,2.7364514653407275
14.116992792758445,15.942368261311618,0.4444444444444444,3.327469780580923,2.788708534660568,2.696950400483586
14.116992792758445,15.942368261311618,0.5555555555555556,3.249902964130469,2.7724367386878446,2.658411498550228
14.116992792758445,15.942368261311618,0.6666666666666666,3.1736818377061398,2.7567938395381915,2.6207784191248424
14.116992792758445,15.942368261311618,0.7777777777777777,3.098418371919381,2.7417103882917555,2.5840064195345125
14.116992792758445,15.942368261311618,0.8888888888888888,3.0237750915070074,2.7271292550823407,2.548061372397355
14.116992792758445,15.942368261311618,1.0,2.94945298943455,2.7130028471777194,2.5129188776576825
14.116992792758445,18.102782651863194,0.0,3.6619893913337624,2.915010050876014,2.827445101442712
14.116992792758445,18.102782651863194,0.1111111111111111,3.581926373062435,2.8972255193858887,2.7889427984940487
14.116992792758445,18.102782651863194,0.2222222222222222,3.5050989584607373,2.8803298038406075,2.751413951971693
14.116992792758445,18.102782651863194,0.3333333333333333,3.430851130295611,2.864197038637762,2.714794514933208
14.116992792758445,18.102782651863194,0.4444444444444444,3.3586602204556875,2.8487284395296903,2.679028029451969
14.116992792758445,18.102782651863194,0.5555555555555556,3.288098221525173,2.8338449447673377,2.6440661719041496
14.116992792758445,18.102782651863194,0.6666666666666666,3.2188060239977196,2.8194822179122205,2.6098686317054884
14.116992792758445,18.102782651863194,0.7777777777777777,3.1504757072829466,2.805587151759795,2.576402720517294
14.116992792758445,9.461125089656896,0.4444444444444444,3.1768836239780645,2.464914665040546,2.7711796387947674
14.116992792758445,9.461125089656896,0.5555555555555556,3.0649213187493856,2.4433011991114872,2.7160964215596204
14.116992792758445,9.461125089656896,0.6666666666666666,2.953994030204745,2.4230055629431293,2.662654293686607
14.116992792758445,9.461125089656896,0.7777777777777777,2.8432231563413337,2.403843595844871,2.610722518350845
14.116992792758445,9.461125089656896,0.8888888888888888,2.7318849200137016,2.3856737370702965,2.560212152717141
14.116992792758445,9.461125089656896,1.0,2.6194091893847515,2.3683849432932735,2.511070460271017
14.116992792758445,11.621539480208469,0.0,3.6619893913337624,2.701607790679957,2.9514380085596534
14.116992792758445,11.621539480208469,0.1111111111111111,3.5490940841611684,2.675532433620803,2.8963025011670718
14.116992792758445,11.621539480208469,0.2222222222222222,3.442280321699664,2.6515556920931576,2.8432027122812182
14.116992792758445,11.621539480208469,0.3333333333333333,3.339813936900746,2.629252685612891,2.7918958976159223
14.116992792758445,11.621539480208469,0.4444444444444444,3.2404287953372037,2.608323632942571,2.742187369844319
14.116992792758445,11.621539480208469,0.5555555555555556,3.1431489254370417,2.58854882994197,2.6939235302018596
14.116992792758445,11.621539480208469,0.6666666666666666,3.047187983917823,2.5697623612877893,2.6469854715774614
14.116992792758445,11.621539480208469,0.7777777777777777,2.95188988281688,2.551835846266678,2.601283827504309
14.116992792758445,11.621539480208469,0.8888888888888888,2.856693896434513,2.534667920274301,2.556754804926885
14.116992792758445,11.621539480208469,1.0,2.76111663325947,2.518177170381138,2.5133571732578237
14.116992792758445,13.781953870760045,0.0,3.6619893913337624,2.793747403554264,2.9021141231897225
14.116992792758445,13.781953870760045,0.1111111111111111,3.562649736930457,2.7711504707438572,2.8538550595981307
14.116992792758445,13.781953870760045,0.2222222222222222,3.468136173370797,2.7500655855782226,2.807138656480704
14.116992792758445,13.781953870760045,0.3333333333333333,3.3772359110893073,2.730223439988162,2.761816202489522
14.116992792758445,13.781953870760045,0.4444444444444444,3.2890318895181547,2.7114255774173963,2.7177635816248196
14.116992792758445,13.781953870760045,0.5555555555555556,3.2028006145935795,2.6935213213231193,2.674879568997528
14.116992792758445,18.102782651863194,0.8888888888888888,3.082838067051393,2.7921153597011665,2.5436428948155365
14.116992792758445,18.102782651863194,1.0,3.0156536946248407,2.779029335864114,2.511570273857258
14.116992792758445,20.263197042414767,0.0,3.6619893913337624,2.9570452961814353,2.7985231091044835
14.116992792758445,20.263197042414767,0.1111111111111111,3.58901906748226,2.9409746746529164,2.7635961875958945
14.116992792758445,20.263197042414767,0.2222222222222222,3.5187650800230976,2.925615885224912,2.7294704885647927
14.116992792758445,20.263197042414767,0.3333333333333333,3.4507255570811566,2.910877943010853,2.6961015889109805
14.116992792758445,20.263197042414767,0.4444444444444444,3.38449261785518,2.896687746149604,2.663449586443886
14.116992792758445,20.263197042414767,0.5555555555555556,3.319727184547647,2.882985600133407,2.6314797197846125
14.116992792758445,20.263197042414767,0.6666666666666666,3.2561415947978216,2.86972207201941,2.6001624920013087
14.116992792758445,20.263197042414767,0.7777777777777777,3.1934872701068118,2.856855724036006,2.56947355720892
14.116992792758445,20.263197042414767,0.8888888888888888,3.1315457756003635,2.844351445423119,2.53939350152061
14.116992792758445,20.263197042414767,1.0,3.070122231142834,2.8321792015181777,2.5099075848252967
14.116992792758445,22.423611432966343,0.0,3.6619893913337624,2.9912999692700395,2.7736515695145956
14.116992792758445,22.423611432966343,0.1111111111111111,3.5949620929703356,2.976640707308402,2.7417109683606586
14.116992792758445,22.423611432966343,0.2222222222222222,3.530246057919264,2.962563891459132,2.7104419121618064
14.116992792758445,22.423611432966343,0.3333333333333333,3.4674492038390827,2.949001849417619,2.6798126455638
14.116992792758445,22.423611432966343,0.4444444444444444,3.4062474557716067,2.935899128684799,2.6497942192499746
14.116992792758445,22.423611432966343,0.5555555555555556,3.3463678324917945,2.923209666328725,2.6203610456255135
14.116992792758445,22.423611432966343,0.6666666666666666,3.287576409855951,2.91089474058473,2.5914910975228667
14.116992792758445,22.423611432966343,0.7777777777777777,3.229669554823691,2.898921457187325,2.563165918292999
14.116992792758445,22.423611432966343,0.8888888888888888,3.1724674158234425,2.8872616102599387,2.5353705348363116
14.116992792758445,22.423611432966343,1.0,3.1158090120655344,2.8758908112039236,2.508093323642981
14.116992792758445,24.58402582351792,0.0,3.661989391333762,3.0197605443195825,2.7520405945399564
14.116992792758445,24.58402582351792,0.1111111111111111,3.6000132158266838,3.0062834143176334,2.7226295659318516
14.116992792758445,24.58402582351792,0.2222222222222222,3.5400265901129155,2.9932913578166915,2.6937900028994175
14.116992792758445,24.58402582351792,0.3333333333333333,3.481717635347462,2.9807328201122174,2.665498600998155
14.116992792758445,24.58402582351792,0.4444444444444444,3.4248248093703886,2.9685648427184885,2.6377338649462003
14.116992792758445,24.58402582351792,0.5555555555555556,3.369125238280736,2.956751212948035,2.610476567421716
14.116992792758445,24.58402582351792,0.6666666666666666,3.3144261931006445,2.9452610905134304,2.5837099536956374
14.116992792758445,24.58402582351792,0.7777777777777777,3.260558739002432,2.93406797000282,2.5574198020893477
14.116992792758445,24.58402582351792,0.8888888888888888,3.207372921434374,2.9231488847464084,2.531594403507366
14.116992792758445,24.58402582351792,1.0,3.154734063951225,2.912483787267593,2.506224496587821
15.319785900661632,0.8194675274505974,0.0,3.7869813481106935,2.730544167313002,3.6673590841228294
15.319785900661632,0.8194675274505974,0.1111111111111111,3.4252825125495185,2.744583910609451,3.4896454437401183
15.319785900661632,0.8194675274505974,0.2222222222222222,3.1085428118774314,2.7516329657371936,3.338827717137635
15.319785900661632,0.8194675274505974,0.3333333333333333,2.8071097916287515,2.7554756650374235,3.2021662726536557
15.319785900661632,0.8194675274505974,0.4444444444444444,2.5248874262565297,2.7575353580427957,3.0741657617360922
15.319785900661632,0.8194675274505974,0.5555555555555556,2.304569563271059,2.7585130874539208,2.95188403108781
15.319785900661632,0.8194675274505974,0.6666666666666666,2.2141823633536597,2.758808471596212,2.833608014142483
15.319785900661632,0.8194675274505974,0.7777777777777777,2.25555785994277,2.7586707595667366,2.7183726119324905
15.319785900661632,0.8194675274505974,0.8888888888888888,2.357211184749693,2.758264518258625,2.6057875859308184
15.319785900661632,0.8194675274505974,1.0,2.466395717213012,2.757702245815204,2.496012582468203
15.319785900661632,2.979881918002172,0.0,3.7869813481106935,2.0195734306069166,3.459225115866617
15.319785900661632,2.979881918002172,0.1111111111111111,3.528339614887919,2.0442516001223794,3.3329072815482124
15.319785900661632,2.979881918002172,0.2222222222222222,3.2993292970705252,2.0646868877394313,3.219892602297032
15.319785900661632,2.979881918002172,0.3333333333333333,3.083658543761279,2.0816035513045352,3.1155423802959743
15.319785900661632,2.979881918002172,0.4444444444444444,2.873958177687372,2.095942209757105,3.017331318604777
15.319785900661632,2.979881918002172,0.5555555555555556,2.6675804037818587,2.1084086585617934,2.9237168167840335
15.319785900661632,2.979881918002172,0.6666666666666666,2.4670819767507526,2.1194986118279964,2.8337011299924946
15.319785900661632,2.979881918002172,0.7777777777777777,2.283320352249502,2.1295588378676387,2.746632570412125
15.319785900661632,2.979881918002172,0.8888888888888888,2.1383230756224623,2.138834353446858,2.6621082132536147
15.319785900661632,2.979881918002172,1.0,2.058281817068043,2.147500553114159,2.5799265570376217
15.319785900661632,5.140296308553746,0.0,3.7869813481106935,2.201426787400511,3.318140452522972
15.319785900661632,5.140296308553746,0.1111111111111111,3.5863122182293745,2.157820417186896,3.221287583390968
15.319785900661632,5.140296308553746,0.2222222222222222,3.405778167971604,2.125394588850827,3.1319052512495795
15.319785900661632,5.140296308553746,0.3333333333333333,3.2364042623543465,2.10005433752861,3.0480371142816542
15.319785900661632,5.140296308553746,0.4444444444444444,3.073229728344499,2.079640746312016,2.9684263049498374
15.319785900661632,5.140296308553746,0.5555555555555556,2.9132082292027466,2.0628754301692735,2.892220810010962
15.319785900661632,5.140296308553746,0.6666666666666666,2.7545485863810666,2.0489394641111063,2.818825246195204
15.319785900661632,5.140296308553746,0.7777777777777777,2.596696195339136,2.037276627196094,2.7478207079973114
15.319785900661632,5.140296308553746,0.8888888888888888,2.4408175980980724,2.027491138544714,2.678919260660593
15.319785900661632,5.140296308553746,1.0,2.2908130084994895,2.019290259101825,2.611937543545369
15.319785900661632,7.300710699105321,0.0,3.7869813481106935,2.5048270712879437,3.2158905249674428
15.319785900661632,7.300710699105321,0.1111111111111111,3.6233412901183732,2.462622903584761,3.137819117559861
15.319785900661632,7.300710699105321,0.2222222222222222,3.474024214165669,2.4267700486481796,3.064375983342012
15.319785900661632,7.300710699105321,0.3333333333333333,3.3336850700193312,2.395380411928168,2.994638435166744
15.319785900661632,7.300710699105321,0.4444444444444444,3.1990545060590545,2.367333516738262,2.9279369142832503
15.319785900661632,7.300710699105321,0.5555555555555556,3.0679306683456393,2.3419083939966834,2.863778595504582
15.319785900661632,7.300710699105321,0.6666666666666666,2.93875134140062,2.3186139488692574,2.8017969777077747
15.319785900661632,7.300710699105321,0.7777777777777777,2.8104157204345888,2.2971010879298173,2.7417195616734378
15.319785900661632,7.300710699105321,0.8888888888888888,2.6822510112560707,2.277113202674616,2.6833469962480874
15.319785900661632,7.300710699105321,1.0,2.554100839177547,2.2584564324997625,2.626539512511377
15.319785900661632,9.461125089656896,0.0,3.786981348110693,2.6942016927155974,3.1382808735692134
15.319785900661632,9.461125089656896,0.1111111111111111,3.6489723461258126,2.6593622795507574,3.0731113939194503
15.319785900661632,9.461125089656896,0.2222222222222222,3.521581121506039,2.628442713592065,3.011034141101656
15.319785900661632,9.461125089656896,0.3333333333333333,3.401408192108847,2.600438377753468,2.951573394107993
15.319785900661632,9.461125089656896,0.4444444444444444,3.286221157931717,2.5747030944554354,2.8943503995965014
15.319785900661632,9.461125089656896,0.5555555555555556,3.174439937514874,2.5507957322888393,2.8390673412101686
15.319785900661632,9.461125089656896,0.6666666666666666,3.0648852596865774,2.5284015621542495,2.7854910823343104
15.319785900661632,9.461125089656896,0.7777777777777777,2.9566485975308376,2.5072882445359026,2.7334403693473157
15.319785900661632,9.461125089656896,0.8888888888888888,2.8490279722437073,2.487279516807371,2.682776389403133
15.319785900661632,9.461125089656896,1.0,2.741507597357762,2.4682386284209423,2.6333959528707997
15.319785900661632,11.621539480208469,0.0,3.7869813481106935,2.818438764912389,3.07733314853024
15.319785900661632,11.621539480208469,0.1111111111111111,3.6677338058737585,2.789227913933038,3.021524869063254
15.319785900661632,11.621539480208469,0.2222222222222222,3.556631963333806,2.7626651601158394,2.9679072338990196
15.319785900661632,11.621539480208469,0.3333333333333333,3.4513967156107115,2.7381593488006555,2.916216424623814
15.319785900661632,11.621539480208469,0.4444444444444444,3.350448249230054,2.715306360821816,2.8662266234274685
15.319785900661632,11.621539480208469,0.5555555555555556,3.252626187224836,2.6938171147294514,2.8177504777427904
15.319785900661632,11.621539480208469,0.6666666666666666,3.1570391699775935,2.6734774446126726,2.77063491841897
15.319785900661632,11.621539480208469,0.7777777777777777,3.0629790557178875,2.6541241837367124,2.7247564309588435
15.319785900661632,11.621539480208469,0.8888888888888888,2.969870938932595,2.635630137912198,2.6800169018949744
15.319785900661632,11.621539480208469,1.0,2.877245460053691,2.6178942360717645,2.6363402549316906
15.319785900661632,13.781953870760045,0.0,3.7869813481106935,2.90587643720352,3.028196303061363
15.319785900661632,13.781953870760045,0.1111111111111111,3.68204488914978,2.880794939171449,2.979466989677218
15.319785900661632,13.781953870760045,0.2222222222222222,3.5835360555620728,2.857616099901358,2.9323627986591574
15.319785900661632,13.781953870760045,0.3333333333333333,3.4898603714895753,2.8359663567139495,2.8867282309945645
15.319785900661632,13.781953870760045,0.4444444444444444,3.3998644382000207,2.815577903578626,2.8424223070425136
15.319785900661632,13.781953870760045,0.5555555555555556,3.3126751589533874,2.7962518241265064,2.7993227972645536
15.319785900661632,13.781953870760045,0.6666666666666666,3.2276068264662565,2.77783612875841,2.757326190342846
15.319785900661632,13.781953870760045,0.7777777777777777,3.144104570277461,2.760211959643437,2.716346293211965
15.319785900661632,13.781953870760045,0.8888888888888888,3.061708813074751,2.7432845488572433,2.676312534074206
15.319785900661632,13.781953870760045,1.0,2.980032819855976,2.7269770803938918,2.6371683572630906
15.319785900661632,15.942368261311618,0.0,3.7869813481106935,2.9707786920444796,2.987742627812068
15.319785900661632,15.942368261311618,0.1111111111111111,3.6933126464348573,2.948812923620478,2.944541715337061
15.319785900661632,15.942368261311618,0.2222222222222222,3.6048350750717137,2.9282763437599586,2.9025914980594045
15.319785900661632,15.942368261311618,0.3333333333333333,3.5203934723733465,2.9089198276149735,2.861795439511814
15.319785900661632,15.942368261311618,0.4444444444444444,3.439122971295203,2.8905578580953892,2.8220618880396953
15.319785900661632,15.942368261311618,0.5555555555555556,3.360352146887022,2.8730483221294896,2.7833084412435327
15.319785900661632,15.942368261311618,0.6666666666666666,3.2835437112711086,2.856279801095959,2.74546317120314
15.319785900661632,15.942368261311618,0.7777777777777777,3.208256579878007,2.8401632295452344,2.7084645575323183
15.319785900661632,15.942368261311618,0.8888888888888888,3.134120827323314,2.8246262260065413,2.672260923452449
15.319785900661632,15.942368261311618,1.0,3.0608208568130864,2.8096091250741755,2.6368097236619508
15.319785900661632,18.102782651863194,0.0,3.786981348110694,3.020904437636197,2.9538615432683293
15.319785900661632,18.102782651863194,0.1111111111111111,3.7024097836038083,3.0013647070351794,2.9150906356276125
15.319785900661632,18.102782651863194,0.2222222222222222,3.62211269115597,2.9829353735970323,2.877311236130016
15.319785900661632,18.102782651863194,0.3333333333333333,3.5452285086765283,2.9654430965401826,2.8404606631629483
15.319785900661632,18.102782651863194,0.4444444444444444,3.4710936913327,2.948754730265991,2.804477160719798
15.319785900661632,18.102782651863194,0.5555555555555556,3.399181936662145,2.9327656263781114,2.769303509246017
15.319785900661632,18.102782651863194,0.6666666666666666,3.32906516288622,2.917391935166709,2.734888466658962
15.319785900661632,18.102782651863194,0.7777777777777777,3.2603875218445415,2.902565361337404,2.70118718756298
15.319785900661632,18.102782651863194,0.8888888888888888,3.192847590927388,2.888229486327622,2.6681611677414714
15.319785900661632,18.102782651863194,1.0,3.1261859208178975,2.8743371244008253,2.635777981236832
15.319785900661632,20.263197042414767,0.0,3.7869813481106935,3.0608131864000168,2.9250758638832757
15.319785900661632,20.263197042414767,0.1111111111111111,3.7099056368117562,3.0432142376639724,2.8899300901398957
15.319785900661632,20.263197042414767,0.2222222222222222,3.636407512997816,3.026501270489998,2.8555896396634233
15.319785900661632,20.263197042414767,0.3333333333333333,3.5658284635171076,3.010549449423523,2.822012183967619
15.319785900661632,20.263197042414767,0.4444444444444444,3.497649228062488,2.995260392747979,2.789154763719033
15.319785900661632,20.263197042414767,0.5555555555555556,3.4314502935619458,2.9805550824916325,2.756976571137503
15.319785900661632,20.263197042414767,0.6666666666666666,3.3668855037147254,2.9663690181697038,2.7254402594531455
15.319785900661632,20.263197042414767,0.7777777777777777,3.3036638796958577,2.9526488085319347,2.6945124927504396
15.319785900661632,20.263197042414767,0.8888888888888888,3.241536778675571,2.939349715437152,2.6641641030290626
15.319785900661632,20.263197042414767,1.0,3.1802886438317417,2.9264338460128574,2.6343700478867222
16.52257900856482,0.8194675274505974,0.2222222222222222,3.196560910009337,2.7329722158729144,3.4382440240860195
16.52257900856482,0.8194675274505974,0.3333333333333333,2.9014109611499697,2.7383048171993605,3.2996060294139826
16.52257900856482,0.8194675274505974,0.4444444444444444,2.6318748661477454,2.741277154950727,3.171090653510894
16.52257900856482,0.8194675274505974,0.5555555555555556,2.421787060853612,2.742851581852408,3.0492589808672093
16.52257900856482,0.8194675274505974,0.6666666666666666,2.3223223003976137,2.7435582235203557,2.932096593271951
16.52257900856482,0.8194675274505974,0.7777777777777777,2.3381528144422417,2.7437193390507644,2.8183903154511603
16.52257900856482,0.8194675274505974,0.8888888888888888,2.4162929613929496,2.7435432552835786,2.707479709412433
16.52257900856482,0.8194675274505974,1.0,2.5097947065874964,2.743169760781002,2.5991743032353245
16.52257900856482,2.979881918002172,0.0,3.8963929944784232,1.993570884214384,3.570026251113021
16.52257900856482,2.979881918002172,0.1111111111111111,3.6230684868942733,2.009118850290937,3.4385919813566685
16.52257900856482,2.979881918002172,0.2222222222222222,3.3887425032618346,2.0262782213351063,3.3228863077377446
16.52257900856482,2.979881918002172,0.3333333333333333,3.17271930245753,2.04184470742352,3.217188973005897
16.52257900856482,2.979881918002172,0.4444444444444444,2.966493192452575,2.0556415329416025,3.1184868354086697
16.52257900856482,2.979881918002172,0.5555555555555556,2.767084936053721,2.067963814255237,3.024963678387677
16.52257900856482,2.979881918002172,0.6666666666666666,2.576443377465467,2.079129777992241,2.93543845203232
16.52257900856482,2.979881918002172,0.7777777777777777,2.4030406334013987,2.089399704890225,2.84911414649616
16.52257900856482,2.979881918002172,0.8888888888888888,2.263085160709182,2.098972120994995,2.765453255828713
16.52257900856482,2.979881918002172,1.0,2.1757326656572693,2.10799521459516,2.684113264388732
16.52257900856482,5.140296308553746,0.0,3.8963929944784232,2.321603163956511,3.4273293742072566
16.52257900856482,5.140296308553746,0.1111111111111111,3.683999968457331,2.263863185702086,3.3278168264636863
16.52257900856482,5.140296308553746,0.2222222222222222,3.497704716870273,2.2206064406105908,3.236818155945224
16.52257900856482,5.140296308553746,0.3333333333333333,3.3259831633969843,2.186265722267928,3.1520517425023584
15.319785900661632,22.423611432966343,0.0,3.7869813481106935,3.0933580972452575,2.9003202264724703
15.319785900661632,22.423611432966343,0.1111111111111111,3.716187104610083,3.0773468231966916,2.8681930986119624
15.319785900661632,22.423611432966343,0.2222222222222222,3.6484291009088,3.062057880388832,2.8367333215979307
15.319785900661632,22.423611432966343,0.3333333333333333,3.5831934012377347,3.0473987616513623,2.8059113038416137
15.319785900661632,22.423611432966343,0.4444444444444444,3.5200666003771923,3.033294973689063,2.7756962975749624
15.319785900661632,22.423611432966343,0.5555555555555556,3.4587093430437292,3.0196855702896506,2.7460584877804823
15.319785900661632,22.423611432966343,0.6666666666666666,3.398838030628141,3.006519999117273,2.7169700815920703
15.319785900661632,22.423611432966343,0.7777777777777777,3.340211850866011,2.993755822255877,2.688405845996908
15.319785900661632,22.423611432966343,0.8888888888888888,3.282623377750517,2.9813570338703292,2.660343338438816
15.319785900661632,22.423611432966343,1.0,3.2258916354696727,2.969292795844599,2.6327629671871136
15.319785900661632,24.58402582351792,0.0,3.7869813481106935,3.1204166622798657,2.8788067148980447
15.319785900661632,24.58402582351792,0.1111111111111111,3.721526117661773,3.1057284278489323,2.849230406814996
15.319785900661632,24.58402582351792,0.2222222222222222,3.6586787095386124,3.091639707329506,2.8202164711844153
15.319785900661632,24.58402582351792,0.3333333333333333,3.5980307441545123,3.0780802788454995,2.7917435742766115
15.319785900661632,24.58402582351792,0.4444444444444444,3.5392480903625354,3.064992548789711,2.7637891379373465
15.319785900661632,24.58402582351792,0.5555555555555556,3.4820526314612024,3.052328642515946,2.736330895831868
15.319785900661632,24.58402582351792,0.6666666666666666,3.42620930136143,3.04004829297505,2.709347766367361
15.319785900661632,24.58402582351792,0.7777777777777777,3.3715166607343456,3.0281172773689784,2.6828203275782463
15.319785900661632,24.58402582351792,0.8888888888888888,3.3177999141891594,3.0165062388648964,2.656731057793855
15.319785900661632,24.58402582351792,1.0,3.264905651697311,3.005189784473633,2.631064438205244
16.52257900856482,0.8194675274505974,0.0,3.8963929944784232,2.703021555962351,3.7820211573078932
16.52257900856482,0.8194675274505974,0.1111111111111111,3.515740030674986,2.723222227998775,3.5935965818288547
16.52257900856482,5.140296308553746,0.4444444444444444,3.162942658295266,2.158034245723191,3.0720509182981877
16.52257900856482,5.140296308553746,0.5555555555555556,3.005186708635929,2.1342919604363173,2.995820083098593
16.52257900856482,5.140296308553746,0.6666666666666666,2.8508192537463053,2.114018463737904,2.9226561660527715
16.52257900856482,5.140296308553746,0.7777777777777777,2.6992301027725936,2.0965294715619636,2.852051178892919
16.52257900856482,5.140296308553746,0.8888888888888888,2.5513348141037553,2.081343299990417,2.7836361906469826
16.52257900856482,5.140296308553746,1.0,2.4101653219712924,2.0681071484982185,2.717147955603312
16.52257900856482,7.300710699105321,0.0,3.8963929944784232,2.6256826857529605,3.3244103910270626
16.52257900856482,7.300710699105321,0.1111111111111111,3.7230897800742118,2.5770179413179166,3.244878966528532
16.52257900856482,7.300710699105321,0.2222222222222222,3.5681890914604977,2.5362198166754313,3.17045156685002
16.52257900856482,7.300710699105321,0.3333333333333333,3.4247926414269467,2.5007570221218995,3.100121709530986
16.52257900856482,7.300710699105321,0.4444444444444444,3.2889367005392858,2.469188588193366,3.0331330019769407
16.52257900856482,7.300710699105321,0.5555555555555556,3.1580889578132525,2.4406125718791043,2.9689186285816196
16.52257900856482,7.300710699105321,0.6666666666666666,3.0305393948135233,2.414426652811016,2.9070492661460885
16.52257900856482,7.300710699105321,0.7777777777777777,2.905138626392607,2.390209112262779,2.8471969387011495
16.52257900856482,7.300710699105321,0.8888888888888888,2.7812102528980485,2.367653761000191,2.7891107604581924
16.52257900856482,7.300710699105321,1.0,2.658580459702429,2.346531752544579,2.7326006658651942
16.52257900856482,9.461125089656896,0.0,3.8963929944784232,2.8065359773209058,3.246560625969776
16.52257900856482,9.461125089656896,0.1111111111111111,3.750207594866312,2.7674655960486643,3.1805635017725575
16.52257900856482,9.461125089656896,0.2222222222222222,3.6175819833656337,2.7332488651969506,3.1178808584254845
16.52257900856482,9.461125089656896,0.3333333333333333,3.4941201749138022,2.702538533093157,3.058031864480518
16.52257900856482,9.461125089656896,0.4444444444444444,3.3770803092032193,2.6744978598388975,3.000605228922282
16.52257900856482,9.461125089656896,0.5555555555555556,3.2646055826925213,2.648569665188178,2.945265762783572
16.52257900856482,9.461125089656896,0.6666666666666666,3.155366431099929,2.62436373544305,2.8917437337711243
16.52257900856482,9.461125089656896,0.7777777777777777,3.0483795865251597,2.6015961066365074,2.8398229666543107
16.52257900856482,9.461125089656896,0.8888888888888888,2.9429158023490323,2.5800537878124854,2.789330948150796
16.52257900856482,9.461125089656896,1.0,2.838460019220341,2.559573051598353,2.7401312238607276
16.52257900856482,11.621539480208469,0.0,3.896392994478423,2.924361910415938,3.1855765199038286
16.52257900856482,11.621539480208469,0.1111111111111111,3.770080455243856,2.891973290883719,3.129293054564057
16.52257900856482,11.621539480208469,0.2222222222222222,3.6541231279481603,2.8628595891343394,3.075301970909047
16.52257900856482,11.621539480208469,0.3333333333333333,3.5455728749784603,2.836229011838178,3.023358255529124
16.52257900856482,11.621539480208469,0.4444444444444444,3.4424729336867954,2.8115562149452065,2.97322741174489
16.52257900856482,11.621539480208469,0.5555555555555556,3.34343933721973,2.788473753096579,2.9247039493530367
16.52257900856482,11.621539480208469,0.6666666666666666,3.2474458092737093,2.76671413147486,2.877613531051637
16.52257900856482,11.621539480208469,0.7777777777777777,3.1537047531989657,2.74607639033273,2.8318104557894404
16.52257900856482,11.621539480208469,0.8888888888888888,3.061598720452996,2.726405657493907,2.787174161289667
16.52257900856482,11.621539480208469,1.0,2.970641266279145,2.707580031683162,2.7436059108676694
16.52257900856482,13.781953870760045,0.0,3.8963929944784237,3.0072351899330925,3.1365008926451603
16.52257900856482,13.781953870760045,0.1111111111111111,3.7852484565617006,2.9796083431952187,3.087500952714157
16.52257900856482,13.781953870760045,0.2222222222222222,3.6822452369670344,2.9543286016358663,3.0401680155296216
16.52257900856482,13.781953870760045,0.3333333333333333,3.585321909305636,2.930896754265291,2.994370390927638
16.52257900856482,13.781953870760045,0.4444444444444444,3.493041812447724,2.9089640301774287,2.9499686086422674
16.52257900856482,13.781953870760045,0.5555555555555556,3.404352587046459,2.888276571625151,2.906832404104559
16.52257900856482,13.781953870760045,0.6666666666666666,3.318452670245777,2.868643554674303,2.8648460010424355
16.52257900856482,13.781953870760045,0.7777777777777777,3.2347124915865604,2.849917749533932,2.8239089992933586
16.52257900856482,13.781953870760045,0.8888888888888888,3.152625965014042,2.8319830843073124,2.783935651293814
16.52257900856482,13.781953870760045,1.0,3.071780024440956,2.814746372046568,2.7448536350065456
16.52257900856482,15.942368261311618,0.0,3.8963929944784232,3.068792259055117,3.096153471360953
16.52257900856482,15.942368261311618,0.1111111111111111,3.797194415211056,3.0447080874507257,3.052804068035707
16.52257900856482,15.942368261311618,0.2222222222222222,3.704551251776266,3.022381490506236,3.010716732805059
16.52257900856482,15.942368261311618,0.3333333333333333,3.616971507472741,3.0014804864471927,2.9698174105762463
16.52257900856482,15.942368261311618,0.4444444444444444,3.5333737772502376,2.9817633597225677,2.9300199456890383
16.52257900856482,15.942368261311618,0.5555555555555556,3.4529425166619725,2.9630483039786726,2.891239173316919
16.52257900856482,15.942368261311618,0.6666666666666666,3.375042521769734,2.945194927131174,2.85339622102358
16.52257900856482,15.942368261311618,0.7777777777777777,3.2991657887051398,2.9280924299380193,2.8164204160592843
16.52257900856482,15.942368261311618,0.8888888888888888,3.224897215819971,2.911651747947747,2.780249691581039
16.52257900856482,15.942368261311618,1.0,3.151891896175473,2.8958001546308334,2.7448303453424536
16.52257900856482,18.102782651863194,0.0,3.8963929944784232,3.1163798170085717,3.0623968343061523
16.52257900856482,18.102782651863194,0.1111111111111111,3.806840238176693,3.0950302256176707,3.0235516703380387
16.52257900856482,18.102782651863194,0.2222222222222222,3.722671701541537,3.075041694725672,2.985693746760025
16.52257900856482,18.102782651863194,0.3333333333333333,3.6427759199022995,3.0561839353180624,2.9487797439294954
16.52257900856482,18.102782651863194,0.4444444444444444,3.566321016286495,3.0382835359985076,2.9127545826583674
16.52257900856482,18.102782651863194,0.5555555555555556,3.4926640109520277,3.0212064413016892,2.8775609773391304
16.52257900856482,18.102782651863194,0.6666666666666666,3.42129441184616,3.0048467383551176,2.843143899609429
16.52257900856482,18.102782651863194,0.7777777777777777,3.3517976411818036,2.989119197134429,2.8094525872824434
16.52257900856482,18.102782651863194,0.8888888888888888,3.283830525753571,2.9739541442439785,2.7764413420467737
16.52257900856482,18.102782651863194,1.0,3.2171044559427164,2.959293841957164,2.74406972749966
16.52257900856482,20.263197042414767,0.0,3.8963929944784232,3.1543032607985357,3.033739917162815
16.52257900856482,20.263197042414767,0.1111111111111111,3.8147883147646353,3.1351277818409375,2.9985653470851137
16.52257900856482,20.263197042414767,0.2222222222222222,3.737680322201356,3.1170347521031148,2.9641839864216046
16.52257900856482,20.263197042414767,0.3333333333333333,3.664220575185976,3.0998588387706967,2.9305695775021703
16.52257900856482,20.263197042414767,0.4444444444444444,3.5937568829188775,3.083472026686539,2.897685783539369
16.52257900856482,20.263197042414767,0.5555555555555556,3.5257744555921806,3.06777303597025,2.865493044867277
16.52257900856482,20.263197042414767,0.6666666666666666,3.4598576937959318,3.0526802641130453,2.833952104891428
16.52257900856482,20.263197042414767,0.7777777777777777,3.3956645075951135,3.0381269268138156,2.8030258017708105
16.52257900856482,20.263197042414767,0.8888888888888888,3.3329085575844086,3.0240576207232266,2.77267993577523
16.52257900856482,20.263197042414767,1.0,3.2713466895091994,3.0104258344641015,2.742883638248698
16.52257900856482,22.423611432966343,0.0,3.8963929944784232,3.1852554812106013,3.0091102474495903
16.52257900856482,22.423611432966343,0.1111111111111111,3.821448440246891,3.167850065939288,2.9769820446936364
16.52257900856482,22.423611432966343,0.2222222222222222,3.7503130304493313,3.1513243886166076,2.945505417419835
16.52257900856482,22.423611432966343,0.3333333333333333,3.6823254471104083,3.1355563087121157,2.9146639116951865
16.52257900856482,22.423611432966343,0.4444444444444444,3.6169657850661694,3.120449017617298,2.8844328459964608
16.52257900856482,22.423611432966343,0.5555555555555556,3.553816179671322,3.1059243961024112,2.8547842260787992
16.52257900856482,22.423611432966343,0.6666666666666666,3.49253429526887,3.091918425982493,2.8256894587488923
16.52257900856482,22.423611432966343,0.7777777777777777,3.432834948812101,3.078377936154094,2.7971208472884395
16.52257900856482,22.423611432966343,0.8888888888888888,3.374477055558877,3.0652582416008656,2.7690523978002743
16.52257900856482,22.423611432966343,1.0,3.317254163375086,3.052521395676421,2.7414602304201527
16.52257900856482,24.58402582351792,0.0,3.8963929944784232,3.2110091939551646,2.98771642152152
16.52257900856482,24.58402582351792,0.1111111111111111,3.827108843811096,3.1950730775115463,2.95815560646517
16.52257900856482,24.58402582351792,0.2222222222222222,3.7610910291357156,3.1798649402851384,2.9291400017155733
16.52257900856482,24.58402582351792,0.3333333333333333,3.6978147161433625,3.1652923428871,2.9006589583463125
16.52257900856482,24.58402582351792,0.4444444444444444,3.6368593207051805,3.1512805490653184,2.8726952467144504
16.52257900856482,24.58402582351792,0.5555555555555556,3.5778814511215495,3.1377682153287356,2.8452286000965987
16.52257900856482,24.58402582351792,0.6666666666666666,3.52059611161369,3.1247043226479274,2.8182377836104666
16.52257900856482,24.58402582351792,0.7777777777777777,3.464763320332802,3.1120459436147483,2.79170180486825
16.52257900856482,24.58402582351792,0.8888888888888888,3.4101783775978567,3.0997565856152156,2.765600615275783
16.52257900856482,24.58402582351792,1.0,3.356664658774733,3.0878049400851566,2.7399155049295616
17.725372116468,0.8194675274505974,0.0,3.9936519806450446,2.6728241576374794,3.885529816004263
17.725372116468,0.8194675274505974,0.1111111111111111,3.592099117673376,2.700909283385552,3.6858876145419575
17.725372116468,0.8194675274505974,0.2222222222222222,3.269016296552625,2.713832321188365,3.525926894987517
17.725372116468,0.8194675274505974,0.3333333333333333,2.977577042061783,2.7208538456645557,3.3852073238603233
17.725372116468,0.8194675274505974,0.4444444444444444,2.717083402080638,2.7248409921868912,3.2560150435338047
17.725372116468,0.8194675274505974,0.5555555555555556,2.51543184213523,2.7270723411804654,3.1344346702701715
17.725372116468,0.8194675274505974,0.6666666666666666,2.4126154495236474,2.7282305125852897,3.018187106429364
17.725372116468,0.8194675274505974,0.7777777777777777,2.41244775157288,2.7287208503739224,2.9058670369224524
17.725372116468,0.8194675274505974,0.8888888888888888,2.4730523357385095,2.72880037208125,2.796629186533251
17.725372116468,0.8194675274505974,1.0,2.553318138017299,2.728638602613676,2.6900613001434728
17.725372116468,2.979881918002172,0.0,3.9936519806450446,2.0041076809504577,3.6682557372929123
17.725372116468,2.979881918002172,0.1111111111111111,3.7043135337470785,1.9981867946599685,3.5317270982070488
17.725372116468,2.979881918002172,0.2222222222222222,3.463862775680327,2.005803687240881,3.413318823050649
17.725372116468,2.979881918002172,0.3333333333333333,3.2463559216530893,2.016227143125089,3.3062208514970255
17.725372116468,2.979881918002172,0.4444444444444444,3.0419245049305985,2.0269459217212797,3.2069444498485447
17.725372116468,2.979881918002172,0.5555555555555556,2.847117063268092,2.0373122853990426,3.1134180596322643
17.725372116468,2.979881918002172,0.6666666666666666,2.6633421656578533,2.047197513485764,3.0242996844543812
17.725372116468,2.979881918002172,0.7777777777777777,2.4975086120283914,2.056624631995272,2.9386746405687183
17.725372116468,2.979881918002172,0.8888888888888888,2.3623121747076743,2.0656548733033246,2.8559058234037917
17.725372116468,2.979881918002172,1.0,2.27242926801365,2.0743513241468547,2.7755543146482387
17.725372116468,5.140296308553746,0.0,3.993651980645044,2.442403816161901,3.5232015424747436
17.725372116468,5.140296308553746,0.1111111111111111,3.768546058856588,2.372026017954524,3.4212059810065862
17.725372116468,5.140296308553746,0.2222222222222222,3.575895720281331,2.3194375976948196,3.3286338188181848
17.725372116468,5.140296308553746,0.3333333333333333,3.401145983879692,2.277437645583662,3.2429598632255936
17.725372116468,5.140296308553746,0.4444444444444444,3.237328785163354,2.242559000706581,3.162536690593546
17.725372116468,5.140296308553746,0.5555555555555556,3.0806108693283165,2.2128520349937912,3.086243778342121
17.725372116468,5.140296308553746,0.6666666666666666,2.928914332673142,2.187109953670209,3.0132871129742687
17.725372116468,5.140296308553746,0.7777777777777777,2.781517533986077,2.164534266379834,2.94308725686403
17.725372116468,5.140296308553746,0.8888888888888888,2.6391206605608355,2.1445694772404624,2.875214242209239
17.725372116468,5.140296308553746,1.0,2.5041875288026234,2.126813309955232,2.809348208581417
17.725372116468,7.300710699105321,0.0,3.9936519806450446,2.737839608769563,3.4191774270367117
17.725372116468,7.300710699105321,0.1111111111111111,3.8099126762287043,2.682943825424648,3.33839859360873
17.725372116468,7.300710699105321,0.2222222222222222,3.648942046385451,2.6375931727307615,3.2630639292306234
17.725372116468,7.300710699105321,0.3333333333333333,3.501997365680928,2.598507077935716,3.192166002342579
17.725372116468,7.300710699105321,0.4444444444444444,3.3643188270384488,2.5638902425488106,3.1248934876876313
17.725372116468,7.300710699105321,0.5555555555555556,3.2329891707738354,2.5326469529993036,3.060623606295259
17.725372116468,7.300710699105321,0.6666666666666666,3.1061070386102076,2.5040581848730064,2.9988779848203926
17.725372116468,7.300710699105321,0.7777777777777777,2.982431676606196,2.477626941039147,2.93928596971558
17.725372116468,7.300710699105321,0.8888888888888888,2.8612418548420315,2.452995944704345,2.8815583797652944
17.725372116468,7.300710699105321,1.0,2.742318965342601,2.429900316657721,2.8254692753415886
17.725372116468,9.461125089656896,0.0,3.9936519806450446,2.9094924430127542,3.3408154779452777
17.725372116468,9.461125089656896,0.1111111111111111,3.8386633872671347,2.8661673439434834,3.2742006728593607
17.725372116468,9.461125089656896,0.2222222222222222,3.7003864234177786,2.8287384275143475,3.211008174296971
17.725372116468,9.461125089656896,0.3333333333333333,3.5732438864715257,2.795457028876106,3.15081855472514
17.725372116468,9.461125089656896,0.4444444444444444,3.453909734568115,2.7652722924175497,3.093216867280279
17.725372116468,9.461125089656896,0.5555555555555556,3.340210971193086,2.7375003183025712,3.0378468777023167
17.725372116468,9.461125089656896,0.6666666666666666,3.2306398190288843,2.7116701429043473,2.9844139240116236
17.725372116468,9.461125089656896,0.7777777777777777,3.124113134411222,2.6874434122933644,2.9326768972130637
17.725372116468,9.461125089656896,0.8888888888888888,3.0198487601209463,2.664568882456269,2.8824392034484405
17.725372116468,9.461125089656896,1.0,2.917305890759857,2.6428549723702206,2.8335410292967564
17.725372116468,11.621539480208469,0.0,3.9936519806450446,3.0211013208959616,3.2796188223341916
17.725372116468,11.621539480208469,0.1111111111111111,3.85975148966618,2.98546688388627,3.2230557976775
17.725372116468,11.621539480208469,0.2222222222222222,3.7385726848106455,2.953806820770496,3.168795524813663
17.725372116468,11.621539480208469,0.3333333333333333,3.6263761353571944,2.9250941482642605,3.1166620002357917
17.725372116468,11.621539480208469,0.4444444444444444,3.520772293744028,2.898666170264191,3.0664362720313085
17.725372116468,11.621539480208469,0.5555555555555556,3.4201231575069357,2.8740688313440184,3.0179088769491234
17.725372116468,11.621539480208469,0.6666666666666666,3.3232472122366308,2.850976798559927,2.970894130688106
17.725372116468,11.621539480208469,0.7777777777777777,3.229260791374509,2.82914872576874,2.9252322474617865
17.725372116468,11.621539480208469,0.8888888888888888,3.137488052380679,2.8084005133136514,2.880787624398387
17.725372116468,11.621539480208469,1.0,3.047409041090789,2.7885884771754106,2.8374461510560525
17.725372116468,13.781953870760045,0.0,3.9936519806450446,3.0996681394300363,3.2304881735547974
17.725372116468,13.781953870760045,0.1111111111111111,3.8758531312194227,3.0694255103321257,3.1813965482641557
17.725372116468,13.781953870760045,0.2222222222222222,3.768029492158025,3.0420250702964062,3.1339421053620256
17.725372116468,13.781953870760045,0.3333333333333333,3.6675686802026997,3.0168205033642996,3.088054301170143
17.725372116468,13.781953870760045,0.4444444444444444,3.5727084576535777,2.9933708758451703,3.0436148353329884
17.725372116468,13.781953870760045,0.5555555555555556,3.4821930625344724,2.971361128097544,3.0004973898373537
17.725372116468,13.781953870760045,0.6666666666666666,3.3950891987438685,2.9505579103131145,2.95858233504515
17.725372116468,13.781953870760045,0.7777777777777777,3.310680395380362,2.930783351154946,2.9177617705725036
17.725372116468,13.781953870760045,0.8888888888888888,3.228403241796081,2.9118986326618566,2.8779406945117962
17.725372116468,13.781953870760045,1.0,3.147807698114685,2.8937932566777405,2.8390366393701454
17.725372116468,15.942368261311618,0.0,3.9936519806450446,3.1580981026674206,3.19017001136661
17.725372116468,15.942368261311618,0.1111111111111111,3.8885358141080983,3.1318319125354965,3.14683520080147
17.725372116468,15.942368261311618,0.2222222222222222,3.791433463997953,3.1076883751926196,3.1047177252285225
17.725372116468,15.942368261311618,0.3333333333333333,3.7004564596029446,3.085238687805199,3.063793846076856
17.725372116468,15.942368261311618,0.4444444444444444,3.614274337830463,3.064176997884814,3.023998656211835
17.725372116468,15.942368261311618,0.5555555555555556,3.531908005712908,3.0442770482636647,2.985254227603684
17.725372116468,15.942368261311618,0.6666666666666666,3.452611470106279,3.0253664985651842,2.9474818511201324
17.725372116468,15.942368261311618,0.7777777777777777,3.375800220824284,3.007310890389229,2.9106073157843055
17.725372116468,15.942368261311618,0.8888888888888888,3.301005936712514,2.9900031946168837,2.8745630132783737
17.725372116468,15.942368261311618,1.0,3.227846920235586,2.9733567506048115,2.8392885677000166
17.725372116468,22.423611432966343,0.2222222222222222,3.839544459496476,3.2322356344324867,3.0400067949176397
17.725372116468,22.423611432966343,0.3333333333333333,3.768605884788854,3.215345706509457,3.00922908328013
17.725372116468,22.423611432966343,0.4444444444444444,3.7008237803117154,3.199230656059564,2.979058035995427
17.725372116468,22.423611432966343,0.5555555555555556,3.6356910293349944,3.183792978631149,2.9494731790934208
17.725372116468,22.423611432966343,0.6666666666666666,3.572799007246558,3.1689536302828785,2.920449389804752
17.725372116468,22.423611432966343,0.7777777777777777,3.511812557196161,3.154647584884974,2.891959915640073
17.725372116468,22.423611432966343,0.8888888888888888,3.4524525200756435,3.1408206574223314,2.8639780934631998
17.725372116468,22.423611432966343,1.0,3.3944832572383743,3.1274271830692695,2.8364783183387083
17.725372116468,24.58402582351792,0.0,3.9936519806450446,3.293400805062845,3.082121074636916
17.725372116468,24.58402582351792,0.1111111111111111,3.92028859859697,3.276180942777061,3.0526929083239254
17.725372116468,24.58402582351792,0.2222222222222222,3.8508923859569753,3.259830855574063,3.0237707003863195
17.725372116468,24.58402582351792,0.3333333333333333,3.784802580595457,3.244232354745555,2.9953641017279224
17.725372116468,24.58402582351792,0.4444444444444444,3.7214991610411587,3.2292910981792815,2.967467804161531
17.725372116468,24.58402582351792,0.5555555555555556,3.66056449404272,3.214930519469937,2.940068283693341
17.725372116468,24.58402582351792,0.6666666666666666,3.6016572191382523,3.2010875750748236,2.913147768069306
17.725372116468,24.58402582351792,0.7777777777777777,3.544493989264142,3.1877096943500516,2.886686604033532
17.725372116468,24.58402582351792,0.8888888888888888,3.488836405979512,3.1747525463434845,2.860664678845477
17.725372116468,24.58402582351792,1.0,3.434481482723585,3.162178374156554,2.8350622716605787
17.725372116468,18.102782651863194,0.0,3.9936519806450446,3.203320411695956,3.1564874125854585
17.725372116468,18.102782651863194,0.1111111111111111,3.898776163566469,3.180105539209049,3.1177169753188667
17.725372116468,18.102782651863194,0.2222222222222222,3.810469500900476,3.158529852872381,3.079885468945803
17.725372116468,18.102782651863194,0.3333333333333333,3.7273270622535,3.1382966592115125,3.0429898815513843
17.725372116468,18.102782651863194,0.4444444444444444,3.6483232931454017,3.1191865294799523,3.0069943957404024
17.725372116468,18.102782651863194,0.5555555555555556,3.5726827314319873,3.101032356281384,2.971849954352458
17.725372116468,18.102782651863194,0.6666666666666666,3.499801822122436,3.083703773648828,2.937503738051145
17.725372116468,18.102782651863194,0.7777777777777777,3.429199412472469,3.0670970044612225,2.90390379934448
17.725372116468,18.102782651863194,0.8888888888888888,3.360484222491255,3.051128006433865,2.8710012804971017
17.725372116468,18.102782651863194,1.0,3.2933328388057594,3.035727704535966,2.838751396813385
17.725372116468,20.263197042414767,0.0,3.9936519806450446,3.2393951248472335,3.1279273133193093
17.725372116468,20.263197042414767,0.1111111111111111,3.9072131807633257,3.2185952619827343,3.092860697955707
17.725372116468,20.263197042414767,0.2222222222222222,3.826251314861208,3.1990954347784006,3.058540411454126
17.725372116468,20.263197042414767,0.3333333333333333,3.7496953916175326,3.1806831891776866,3.0249722193536126
17.725372116468,20.263197042414767,0.4444444444444444,3.67674026524958,3.163196621747716,2.992136485597104
17.725372116468,20.263197042414767,0.5555555555555556,3.6067628940443943,3.146509367757591,2.960001769306953
17.725372116468,20.263197042414767,0.6666666666666666,3.5392693071426904,3.1305207972463402,2.9285319606498166
17.725372116468,20.263197042414767,0.7777777777777777,3.47385972460068,3.1151493882039225,2.8976900790813174
17.725372116468,20.263197042414767,0.8888888888888888,3.4102048816144777,3.100328113791586,2.8674402887756885
17.725372116468,20.263197042414767,1.0,3.3480295362545274,3.0860011492496735,2.8377489386445904
17.725372116468,22.423611432966343,0.0,3.9936519806450446,3.2688636716928974,3.1034047300845167
17.725372116468,22.423611432966343,0.1111111111111111,3.914281936549534,3.2500227727014552,3.071401673843718
